trade_date,FW_label
20241108_133000_013305594,-0.54380614
20241108_133000_260949619,-1.5114495
20241108_133000_521251154,0.069423765
20241108_133000_762307490,-0.46666506
20241108_133001_015903358,-0.553714
20241108_133001_269405272,1.4346517
20241108_133001_535861459,0.22256142
20241108_133001_755706955,1.5982399
20241108_133002_028842428,1.3148204
20241108_133002_259552249,0.95099515
20241108_133002_514685660,-0.8166186
20241108_133002_760597284,0.061677746
20241108_133003_009293607,0.0013244543
20241108_133003_260571860,-0.10785773
20241108_133003_506980217,0.041962795
20241108_133003_751906992,0.34816816
20241108_133004_005597045,0.33127543
20241108_133004_255540604,0.20365827
20241108_133004_509206333,-0.506903
20241108_133004_760230514,0.38154864
20241108_133005_007197181,-1.5302855
20241108_133005_258026992,-1.0585116
20241108_133005_509470246,-0.9959373
20241108_133005_760500421,-0.4148752
20241108_133006_014911566,-0.5860654
20241108_133006_264741807,0.405669
20241108_133006_520657063,-1.3922409
20241108_133006_756296847,-0.19168623
20241108_133007_007376472,-0.26905307
20241108_133007_258967892,-1.4589311
20241108_133007_505816327,-0.49058205
20241108_133007_749579770,-0.8267018
20241108_133008_007898621,0.082240514
20241108_133008_253123475,-0.36652014
20241108_133008_500620233,-0.00079913996
20241108_133008_746244616,-0.25331643
20241108_133009_001581605,-0.68531424
20241108_133009_253119735,0.80211675
20241108_133009_503479964,-0.037755456
20241108_133009_748661855,0.531401
20241108_133010_004418734,0.10469834
20241108_133010_253968726,-0.2316022
20241108_133010_499098082,-0.13548036
20241108_133010_746956081,-0.032271586
20241108_133011_005770541,-0.26472437
20241108_133011_250594978,0.21765487
20241108_133011_503709871,0.203301
20241108_133011_747439349,1.12381
20241108_133012_000778277,0.016421242
20241108_133012_248340062,-0.21338914
20241108_133012_505542438,0.30123702
20241108_133012_761073850,0.33570403
20241108_133013_006864589,1.0876656
20241108_133013_252957643,0.3212977
20241108_133013_501115582,-0.62462884
20241108_133013_748232781,0.5343727
20241108_133014_004996341,-0.89788765
20241108_133014_253278104,-1.003945
20241108_133014_503316328,-0.12575622
20241108_133014_751528123,0.2961387
20241108_133014_999069772,0.34394142
20241108_133015_249414474,0.3577515
20241108_133015_501104835,0.12450806
20241108_133015_750762598,-0.18271048
20241108_133015_999819645,-0.207437
20241108_133016_249143846,-0.23719518
20241108_133016_507622679,-0.5831386
20241108_133016_744975145,-0.29234725
20241108_133016_998085644,-0.3328078
20241108_133017_251646976,0.09525902
20241108_133017_497555654,-0.0034776535
20241108_133017_743538165,0.03058801
20241108_133017_995929766,0.020847777
20241108_133018_500150928,-0.00028665923
20241108_133018_999561067,-0.062343918
20241108_133019_246489466,-0.55210906
20241108_133019_502725762,0.0032408554
20241108_133019_752611639,-1.1784791
20241108_133020_005411557,0.26437405
20241108_133020_249348765,-0.15026636
20241108_133020_507621101,-0.18707334
20241108_133020_745387265,-0.3112582
20241108_133020_998393928,-0.4064088
20241108_133021_252178836,-1.1016834
20241108_133021_501823993,0.43902043
20241108_133021_750499812,1.3954628
20241108_133022_004312268,1.4316968
20241108_133022_248022472,1.8257301
20241108_133022_501805933,0.64323384
20241108_133022_748743005,0.080376305
20241108_133023_000040130,0.45755565
20241108_133023_244967196,0.24339049
20241108_133023_499218325,0.36658734
20241108_133023_746417083,0.42807359
20241108_133023_994531903,0.43295994
20241108_133024_244103491,0.43567893
20241108_133024_500113125,0.5853173
20241108_133024_745215023,0.9423627
20241108_133025_000224059,0.015974822
20241108_133025_258901086,0.24192752
20241108_133025_501897154,-0.1052832
20241108_133025_754325757,0.08523742
20241108_133026_009513465,0.018315954
20241108_133026_245664616,0.064218275
20241108_133026_498507750,-0.18106689
20241108_133026_748586841,-0.12754531
20241108_133026_996949738,0.15845315
20241108_133027_253934181,0.36461502
20241108_133027_509331321,1.5096133
20241108_133027_747642296,-1.2206854
20241108_133028_002984129,-0.886398
20241108_133028_261033271,-0.044570513
20241108_133028_503513961,0.7949451
20241108_133028_749753072,0.42236885
20241108_133029_002430530,1.0980953
20241108_133029_251775462,-0.7263945
20241108_133029_505622124,0.4528995
20241108_133029_750097252,0.23792647
20241108_133030_006780274,0.20185791
20241108_133030_253630082,0.87774366
20241108_133030_503308090,-0.45398822
20241108_133030_747814428,-0.26768088
20241108_133031_006593965,-0.27941552
20241108_133031_247268778,-0.09243765
20241108_133031_499367877,-0.0053706374
20241108_133031_749856992,-0.03298851
20241108_133031_996718022,-0.1693228
20241108_133032_243077378,-0.017706295
20241108_133032_503617429,-0.08493038
20241108_133032_752632690,-0.018442592
20241108_133032_998891116,-0.2723558
20241108_133033_247774503,0.97730964
20241108_133033_504659487,0.32238954
20241108_133033_747451439,0.27527586
20241108_133033_995835224,1.0221964
20241108_133034_247530150,-0.28701398
20241108_133034_504509638,0.3308755
20241108_133034_748751540,-0.17237134
20241108_133034_996924622,0.025311926
20241108_133035_252849852,0.37465966
20241108_133035_502718513,0.37987977
20241108_133036_251160014,0.18936437
20241108_133036_500701794,-0.56380194
20241108_133036_747068994,0.16187477
20241108_133037_000289610,0.29583752
20241108_133037_254770079,-0.49971333
20241108_133037_504390311,0.26680738
20241108_133037_747471078,0.1626545
20241108_133037_997583554,-0.0068811383
20241108_133038_249717406,0.28966886
20241108_133038_501574182,-0.10531136
20241108_133038_751404478,0.9079386
20241108_133039_000659533,0.43034855
20241108_133039_249874301,0.0013405178
20241108_133039_498833007,-0.29717174
20241108_133039_742770812,-0.08566072
20241108_133039_996725512,0.037863947
20241108_133040_246671477,-0.07912671
20241108_133040_498960194,-0.6254968
20241108_133040_744132723,0.073566355
20241108_133040_995865516,0.0980951
20241108_133041_244481335,0.23367368
20241108_133041_498637891,0.21841972
20241108_133041_744700176,0.2353612
20241108_133042_001647593,0.23491625
20241108_133042_248452125,0.011100093
20241108_133042_498072337,0.116352774
20241108_133042_743904295,0.44510114
20241108_133042_997302300,0.43811995
20241108_133043_247841540,-0.27406836
20241108_133043_504733423,-0.03506442
20241108_133043_749013510,-0.35891956
20241108_133044_000191791,0.05534949
20241108_133044_247285326,0.19055122
20241108_133044_499045431,0.0011710022
20241108_133044_745109644,-0.77447754
20241108_133045_000865379,-1.0494409
20241108_133045_245166387,-0.7952015
20241108_133045_502687599,-0.36677083
20241108_133045_744027716,-0.22207709
20241108_133045_999408892,0.1711495
20241108_133046_245487954,-0.13574846
20241108_133046_503986942,-0.018434495
20241108_133046_747963911,-0.055810414
20241108_133047_002413170,-0.15534116
20241108_133047_247135767,0.17033851
20241108_133047_496192370,-0.12279602
20241108_133047_751271764,0.3444964
20241108_133048_004937989,0.27392542
20241108_133048_245410312,0.056725062
20241108_133048_497176365,0.056806065
20241108_133048_998754562,0.11047856
20241108_133049_246623768,0.09962956
20241108_133049_500466674,0.058075346
20241108_133049_746487678,0.08862797
20241108_133049_999424540,0.10398058
20241108_133050_246552527,0.08409444
20241108_133050_500481645,0.15996818
20241108_133050_748183647,1.3198167
20241108_133050_997535499,-0.19445561
20241108_133051_250100619,-0.022991227
20241108_133051_504698945,0.62730557
20241108_133051_746261653,0.0810953
20241108_133051_999298945,0.13708535
20241108_133052_251345004,0.16364215
20241108_133052_501198352,0.004792491
20241108_133052_746436491,0.00061140396
20241108_133052_999464522,0.023418644
20241108_133053_245407389,-0.011968454
20241108_133053_500029164,0.06793509
20241108_133053_745448425,0.09596787
20241108_133054_003111498,0.30072698
20241108_133054_246770526,0.48247305
20241108_133054_497361461,0.39495406
20241108_133054_997120911,0.8031963
20241108_133055_250906405,0.07261794
20241108_133055_508078514,0.54964995
20241108_133055_747661575,0.033171706
20241108_133056_000977759,0.80379605
20241108_133056_249381632,0.642597
20241108_133056_500502926,0.3934904
20241108_133056_748135929,0.59134036
20241108_133056_998864716,0.12795673
20241108_133057_249464126,-0.19948871
20241108_133057_503095038,-0.1346531
20241108_133057_745329569,-0.3024296
20241108_133057_997788251,-0.28145096
20241108_133058_248632187,-1.2863464
20241108_133058_502671505,-0.0011626091
20241108_133058_746680925,0.095975526
20241108_133059_001015856,0.019572774
20241108_133059_248010192,-0.16147168
20241108_133059_501720782,-0.29935429
20241108_133059_751535125,-0.14436264
20241108_133100_001755020,-0.18076383
20241108_133100_247650757,0.5168695
20241108_133100_506774299,0.1737511
20241108_133100_753457876,-0.24701293
20241108_133101_004458035,-0.9995116
20241108_133101_251717176,-1.0877415
20241108_133101_504912324,-0.034628224
20241108_133101_753096436,0.32280952
20241108_133102_005085218,1.4657214
20241108_133102_255561502,-0.2577511
20241108_133102_507398070,0.4293044
20241108_133102_751068792,0.46405354
20241108_133103_005916384,0.4081254
20241108_133103_247262935,-0.67067593
20241108_133103_502358544,0.1066064
20241108_133103_746291415,0.5102551
20241108_133103_997319608,0.62539786
20241108_133104_245524503,0.44072515
20241108_133104_502384434,1.0117191
20241108_133104_745556675,2.0323014
20241108_133105_003555249,-0.37319732
20241108_133105_253150476,0.41604063
20241108_133105_505219918,0.34991392
20241108_133105_750616705,2.1144855
20241108_133106_002316405,-0.4098199
20241108_133106_250883243,1.0950824
20241108_133106_499163133,1.1221609
20241108_133106_743494325,-0.08453046
20241108_133106_998052536,-0.44750676
20241108_133107_247250959,-0.77421695
20241108_133107_500957883,-0.22372277
20241108_133107_748914004,-0.44386917
20241108_133107_999738612,-0.27271077
20241108_133108_245699585,-0.05423119
20241108_133108_503597137,-0.10574623
20241108_133108_751247584,-0.16307087
20241108_133108_999768991,-0.14794184
20241108_133109_254279047,0.28138223
20241108_133109_500093966,0.22632526
20241108_133109_749892176,0.16153584
20241108_133109_999150239,-0.20245273
20241108_133110_248022076,0.034402646
20241108_133110_500295886,0.5792077
20241108_133110_745689144,1.9623595
20241108_133110_998331396,1.885369
20241108_133111_248901819,0.18500954
20241108_133111_502001764,1.0704311
20241108_133111_746698515,1.27327
20241108_133111_999000753,1.0256376
20241108_133112_252418414,0.76618177
20241108_133112_505315081,0.60058814
20241108_133112_746636912,-0.078255735
20241108_133113_003908281,-0.73566884
20241108_133113_250049910,-0.6428104
20241108_133113_499920952,0.10409499
20241108_133113_744717711,0.17342663
20241108_133114_003151022,-0.2362416
20241108_133114_248116030,-1.1059328
20241108_133114_505459840,0.9261844
20241108_133114_748759691,0.21684773
20241108_133115_000555882,-0.5691842
20241108_133115_245423034,0.06574235
20241108_133115_499120896,0.78055435
20241108_133115_747245418,1.0171304
20241108_133115_999779494,0.6152414
20241108_133116_243683529,0.546561
20241108_133116_498560246,0.20771822
20241108_133116_746644954,0.18545106
20241108_133116_994990689,0.53819567
20241108_133117_242399063,0.7978017
20241108_133117_496280311,0.5786592
20241108_133117_744670518,-0.23582508
20241108_133117_998525170,-0.4754584
20241108_133118_240569650,-0.24338666
20241108_133118_500939446,-0.087406
20241108_133118_996427880,0.1653669
20241108_133119_243515369,0.03310404
20241108_133119_505650353,0.07023994
20241108_133119_994634417,0.02744017
20241108_133120_240081792,0.7734252
20241108_133120_495356110,0.5029218
20241108_133120_741649514,0.26518056
20241108_133120_997279633,0.31258062
20241108_133121_242314640,0.2144427
20241108_133121_499748561,-0.19123037
20241108_133121_747991665,-0.35782364
20241108_133122_000111835,-0.68479055
20241108_133122_248801561,-0.19727258
20241108_133122_496395343,-0.1958931
20241108_133122_752974656,-0.1366076
20241108_133122_998081716,0.046590023
20241108_133123_255389041,-0.0014090743
20241108_133123_503888577,0.03234092
20241108_133123_746984192,0.23485915
20241108_133123_997264975,0.7782368
20241108_133124_241378184,0.20792349
20241108_133124_493851117,0.23396246
20241108_133125_252457370,0.23502369
20241108_133125_523897398,0.28434265
20241108_133125_766346093,0.85313404
20241108_133126_010497263,0.71118426
20241108_133126_260603711,0.37749645
20241108_133126_510650449,0.64670765
20241108_133126_754483782,-0.2261997
20241108_133127_007399977,-0.100149505
20241108_133127_259760648,0.41891518
20241108_133127_509379664,0.21170543
20241108_133127_748746774,0.35937265
20241108_133128_001289927,0.41605014
20241108_133128_501223065,0.29764715
20241108_133129_245653687,0.19519018
20241108_133129_497183315,0.4920955
20241108_133129_744450792,0.5216693
20241108_133130_002944554,0.40568402
20241108_133130_243650821,0.7594838
20241108_133130_499007089,1.7198634
20241108_133130_748134646,0.59080565
20241108_133131_002110743,0.6236185
20241108_133131_249508045,0.81310797
20241108_133131_501342051,0.61969143
20241108_133131_744809473,0.7124262
20241108_133131_994594439,0.74740416
20241108_133132_243247215,1.697778
20241108_133132_496379892,-0.3409728
20241108_133132_740526110,0.74492985
20241108_133132_996309400,0.49944386
20241108_133133_498257408,0.59808654
20241108_133133_749240390,0.497816
20241108_133133_998357186,0.6945139
20241108_133134_242970506,0.24360405
20241108_133134_501733961,0.017851958
20241108_133134_751855519,0.06746993
20241108_133135_000474812,-0.3521036
20241108_133135_247274199,-0.11733588
20241108_133135_500980237,-0.30109048
20241108_133135_744822449,-0.6066214
20241108_133135_999881691,-0.40496454
20241108_133136_245623321,-0.20452581
20241108_133136_501701860,-0.3471137
20241108_133137_249252615,-0.19112404
20241108_133137_503507431,-0.035280727
20241108_133137_746329758,0.31000292
20241108_133137_994974953,0.68792164
20241108_133138_244094072,0.5085857
20241108_133138_499213822,0.4834548
20241108_133138_996106150,0.4774963
20241108_133139_246432783,0.3601883
20241108_133139_498342427,0.08433161
20241108_133139_744160323,0.48057202
20241108_133139_994425102,0.7943802
20241108_133140_496996867,0.69750756
20241108_133140_741830811,0.052907772
20241108_133140_997102202,-0.59132105
20241108_133141_243771537,-0.21614093
20241108_133141_497385677,-0.07844513
20241108_133141_743702141,-0.07385986
20241108_133141_994817570,-0.08171069
20241108_133142_242683596,-0.18546148
20241108_133142_492450654,-0.07356336
20241108_133142_994344751,0.89333487
20241108_133143_242946327,0.6608925
20241108_133143_497503817,0.8811534
20241108_133143_741771919,0.84346485
20241108_133144_002185059,0.23186038
20241108_133144_243876170,0.14205326
20241108_133144_498346583,-0.19447994
20241108_133144_742999109,-0.9436698
20241108_133144_994017542,-1.0181912
20241108_133145_239598310,-0.039041363
20241108_133145_492775539,0.06174872
20241108_133145_739967146,0.037299223
20241108_133145_991012915,0.09322078
20241108_133146_239460581,0.08591113
20241108_133146_490512510,0.10757605
20241108_133146_738208943,0.07203785
20241108_133146_990610911,0.098523654
20241108_133147_239480434,0.18770312
20241108_133147_490778546,0.20485556
20241108_133147_741274176,0.13605355
20241108_133147_994576013,0.17360525
20241108_133148_242819529,0.14545016
20241108_133148_496013987,0.17943244
20241108_133148_744598564,0.16379957
20241108_133149_246601729,0.20861994
20241108_133149_495549528,0.32630494
20241108_133149_740776416,0.6696989
20241108_133150_000919054,0.54145163
20241108_133150_254754576,0.36457837
20241108_133150_497922260,0.6409568
20241108_133150_997078632,0.4329045
20241108_133151_496771874,0.5174508
20241108_133151_747640656,0.456579
20241108_133151_994964627,0.21662973
20241108_133152_242662283,-0.16619061
20241108_133152_500458887,-0.26481423
20241108_133152_755962219,-0.19328155
20241108_133152_998050329,-0.23614486
20241108_133153_242376805,-0.665502
20241108_133153_497413054,0.21755068
20241108_133153_745119547,-0.023356458
20241108_133153_997237244,0.15445654
20241108_133154_243289194,0.19223885
20241108_133154_495784658,0.28188485
20241108_133154_749404720,0.25035208
20241108_133155_247368246,1.5360757
20241108_133155_500552189,0.7499482
20241108_133155_749626709,0.16468008
20241108_133156_006422290,0.1240815
20241108_133156_251601142,0.26499704
20241108_133156_497283240,0.6707444
20241108_133156_745188250,0.46826786
20241108_133156_994760102,0.24988003
20241108_133157_242236212,0.5490955
20241108_133157_494564988,0.65018845
20241108_133157_740136894,0.807349
20241108_133157_999974793,0.93424994
20241108_133158_245296386,0.30750838
20241108_133158_501679693,-0.61965436
20241108_133158_743500403,-0.40224302
20241108_133158_996683649,-0.17465621
20241108_133159_241591236,0.031891033
20241108_133159_496818768,-0.15476926
20241108_133159_995975809,-0.14652528
20241108_133200_507924338,-0.03535626
20241108_133201_003325267,-0.0734212
20241108_133201_251171755,-0.6441448
20241108_133201_507100815,0.1695777
20241108_133201_756179174,-0.10775413
20241108_133202_007476755,0.048633553
20241108_133202_250506840,0.10006706
20241108_133202_502211869,0.11721388
20241108_133202_751470701,-0.2559733
20241108_133203_006375422,-0.049093746
20241108_133203_246513421,-0.0069732573
20241108_133203_495238111,-0.0040606167
20241108_133203_744845068,0.06258724
20241108_133203_997876524,0.17725597
20241108_133204_245182206,0.085965015
20241108_133204_497597880,0.13684581
20241108_133204_745643637,0.14388986
20241108_133204_997267851,0.16794117
20241108_133205_245477223,0.06345291
20241108_133205_496398225,0.031344928
20241108_133205_745226143,-1.73478
20241108_133205_995605753,-0.2585523
20241108_133206_243035481,0.5197858
20241108_133206_492341535,1.2623956
20241108_133206_741654957,0.8313769
20241108_133206_997316163,0.23518033
20241108_133207_246310953,-0.3483856
20241108_133207_500992478,0.07315826
20241108_133207_746797538,0.091332555
20241108_133207_999754186,0.037593313
20241108_133208_244044523,-0.06895698
20241108_133208_496802219,-0.22769083
20241108_133208_744220612,-0.39406678
20241108_133209_000611874,-0.08695378
20241108_133209_244076686,-0.31546146
20241108_133209_494701600,-0.23020567
20241108_133209_740456553,-0.49798164
20241108_133209_993532257,-1.2102095
20241108_133210_239807394,-0.5028048
20241108_133210_494440519,-0.7071772
20241108_133210_742289846,-0.2996789
20241108_133210_995314835,0.4794022
20241108_133211_242419738,0.19912724
20241108_133211_494309020,0.12173162
20241108_133211_745738011,0.1314678
20241108_133211_998062039,0.24269979
20241108_133212_250102125,0.23473881
20241108_133212_503918922,0.18031172
20241108_133212_755084253,0.5545911
20241108_133213_244271534,0.35350338
20241108_133213_498825032,0.72402453
20241108_133213_746055839,0.6056701
20241108_133213_993368899,0.2157977
20241108_133214_241175737,0.30355147
20241108_133214_496653061,0.7100117
20241108_133214_745594982,0.9900947
20241108_133214_998516513,0.6884721
20241108_133215_498992663,0.7315211
20241108_133215_743424937,0.74440527
20241108_133215_993755947,0.70648533
20241108_133216_489694971,0.26122227
20241108_133216_737500652,0.017742911
20241108_133216_990795979,-0.049879245
20241108_133217_251900032,-0.026812395
20241108_133217_501764976,-0.6161711
20241108_133217_746001494,-0.34270915
20241108_133218_002120703,-0.39307588
20241108_133218_248295281,-0.4556251
20241108_133218_499356375,0.15090297
20241108_133218_749124228,0.106287576
20241108_133219_002340048,0.4438089
20241108_133219_245441618,0.30429408
20241108_133219_502496426,0.35173833
20241108_133219_746844267,-0.28028253
20241108_133219_997778688,-0.15239999
20241108_133220_242743031,-0.25779018
20241108_133220_497691725,-0.8423865
20241108_133220_746109821,-0.7515797
20241108_133221_004200279,-0.67283756
20241108_133221_495357107,-0.53407913
20241108_133221_746763954,-0.75205845
20241108_133221_999105108,-0.2643252
20241108_133222_241433722,-0.2319889
20241108_133222_490793064,-0.43943688
20241108_133222_742101443,-0.5484107
20241108_133222_993557178,0.3708984
20241108_133223_243934251,0.2010744
20241108_133223_498120612,0.088187076
20241108_133223_753820304,0.019137422
20241108_133224_001375820,0.16044687
20241108_133224_243069619,0.16015641
20241108_133224_495670028,0.28291836
20241108_133224_740931174,0.28884292
20241108_133224_995137129,0.16142438
20241108_133225_240224940,0.14295946
20241108_133225_495474506,-0.026940038
20241108_133225_738255409,-0.14246108
20241108_133225_993478376,0.018256048
20241108_133226_239519046,-0.063658856
20241108_133226_498236354,-0.052667163
20241108_133226_738813088,0.022915462
20241108_133227_490239222,-0.11572059
20241108_133227_738420433,-0.3899088
20241108_133227_987714934,-0.49634936
20241108_133228_236583266,-0.4432856
20241108_133228_490586724,-0.66210324
20241108_133228_740050340,-1.0067829
20241108_133228_998054332,-1.1126682
20241108_133229_249997434,-0.7945456
20241108_133229_503322490,-0.5760523
20241108_133230_995772484,-0.7701075
20241108_133231_241206628,-1.5792615
20241108_133231_493389642,-1.815209
20241108_133231_744231848,0.23770235
20241108_133231_991660639,0.054298677
20241108_133232_240644663,-0.04649707
20241108_133232_489192784,0.112589516
20241108_133232_738693220,0.051690497
20241108_133233_492853588,0.17410092
20241108_133233_745361048,0.31539413
20241108_133233_993135531,0.33892658
20241108_133234_490745987,0.23434918
20241108_133234_736182091,0.49863985
20241108_133234_991656664,0.5188684
20241108_133235_243274444,1.1263759
20241108_133235_498721569,1.0467459
20241108_133235_740966203,0.38809153
20241108_133236_003180469,-0.47359815
20241108_133236_244424972,-0.5706584
20241108_133236_492254686,-0.3049675
20241108_133236_741070853,-0.29477513
20241108_133236_992634940,-0.7962777
20241108_133237_244355332,-0.36289707
20241108_133237_495329184,-0.24971046
20241108_133237_746905008,-0.05284176
20241108_133238_007027101,0.14222996
20241108_133238_247491365,0.046823494
20241108_133238_496952767,0.06380999
20241108_133238_743519430,-0.32882383
20241108_133238_999093623,-0.04536458
20241108_133239_245162287,-1.0558212
20241108_133239_493688867,-0.09584948
20241108_133239_740916792,-0.6233332
20241108_133239_995104418,-0.42937157
20241108_133240_242200901,-0.39576077
20241108_133240_492814437,-0.49875745
20241108_133240_740074923,-0.6704481
20241108_133240_990629115,-0.521248
20241108_133241_494976321,-0.384945
20241108_133241_743477691,-0.3794919
20241108_133241_995655151,-0.7127048
20241108_133242_240013408,-0.55219096
20241108_133242_493040557,-0.43965343
20241108_133242_995471801,-0.31684336
20241108_133243_237984340,-0.13750438
20241108_133243_494050815,-0.10618921
20241108_133243_996599795,-0.14214619
20241108_133244_247018579,-0.20293649
20241108_133244_520185979,0.33184806
20241108_133244_757307728,0.24324276
20241108_133245_017975651,0.17956747
20241108_133245_504930802,0.15817367
20241108_133246_005683847,0.11775736
20241108_133246_249055281,0.11540056
20241108_133246_511916767,0.12518518
20241108_133247_000274246,0.1514955
20241108_133247_249267400,0.11480714
20241108_133247_507025520,0.13617335
20241108_133248_007416725,0.2134565
20241108_133248_497814947,0.14265443
20241108_133248_999706775,0.45629743
20241108_133249_243005408,0.4314448
20241108_133249_497362302,1.2161158
20241108_133249_747410048,3.130041
20241108_133249_999694806,0.22394238
20241108_133250_243588815,0.6787919
20241108_133250_495979294,0.43192208
20241108_133250_744764830,0.38357136
20241108_133250_999402324,0.36481863
20241108_133251_245176236,0.5331189
20241108_133251_497372869,0.59526396
20241108_133251_997927153,0.669168
20241108_133252_280793678,0.5484287
20241108_133252_514716860,0.60791117
20241108_133253_008217649,0.23314272
20241108_133253_506861392,0.2133063
20241108_133253_749311757,0.16275157
20241108_133253_998250232,0.34033158
20241108_133254_517588838,0.36095408
20241108_133254_754328425,0.053278126
20241108_133255_004006223,0.042875327
20241108_133255_499570942,0.24651937
20241108_133255_995759866,0.17424582
20241108_133256_251056168,0.08511565
20241108_133256_502078915,0.24768229
20241108_133256_743504321,0.21849494
20241108_133256_998026594,0.24281566
20241108_133257_240963494,0.08473835
20241108_133257_495214802,0.1919763
20241108_133257_995900451,0.2052251
20241108_133258_240579378,0.0027133618
20241108_133258_497282049,0.086777784
20241108_133258_749175863,0.10243652
20241108_133258_996221967,0.06820575
20241108_133259_247455031,0.13502304
20241108_133259_497328499,0.13500752
20241108_133259_743737032,0.08212475
20241108_133259_994323112,0.0620716
20241108_133300_246970774,0.1428741
20241108_133300_499943490,0.14380686
20241108_133300_744673118,0.12431622
20241108_133300_997506555,0.07910112
20241108_133301_246790939,-0.17352773
20241108_133301_498043005,-0.036178254
20241108_133301_743506632,-0.2781225
20241108_133302_003025116,-0.12207272
20241108_133302_248102292,-0.260443
20241108_133302_497897629,-0.3063924
20241108_133302_750443344,-0.35458174
20241108_133303_002237852,-0.66254824
20241108_133303_250704842,-0.28216413
20241108_133303_492651711,-0.09876599
20241108_133303_748718579,-0.22449102
20241108_133303_997348941,-0.22274251
20241108_133304_248271095,-0.16883375
20241108_133304_492283756,-0.03904154
20241108_133304_741996783,-0.099050336
20241108_133304_994410407,-0.06846269
20241108_133305_258251692,-0.04965391
20241108_133305_504937604,-0.026491603
20241108_133306_010712172,-0.012707254
20241108_133306_253327010,0.57200295
20241108_133306_494133209,0.15120177
20241108_133306_741586261,0.2013226
20241108_133307_008975705,0.30293283
20241108_133307_273266079,0.18087716
20241108_133307_508665768,0.18754308
20241108_133307_749762413,0.2063704
20241108_133308_000185077,0.25365406
20241108_133308_495087963,0.25379157
20241108_133308_999890821,0.33277974
20241108_133309_251104532,0.11342249
20241108_133309_499345743,0.10859639
20241108_133309_996549326,0.19217665
20241108_133310_260498725,0.18634854
20241108_133310_495693860,0.27365714
20241108_133311_498950201,0.08408294
20241108_133311_743322966,0.15783875
20241108_133311_991470690,0.21839319
20241108_133312_237703839,0.20112918
20241108_133312_486595757,0.26619756
20241108_133312_737811120,0.39837858
20241108_133312_995342779,1.5096958
20241108_133313_244778140,0.23729102
20241108_133313_493984087,0.004833201
20241108_133313_749517493,-0.22125842
20241108_133313_999708413,-0.34178865
20241108_133314_252506653,-0.27849975
20241108_133314_497817487,-0.10563006
20241108_133314_749071526,0.051060013
20241108_133315_007874541,-0.08135572
20241108_133315_258771146,-1.5261734
20241108_133315_516491709,0.48280254
20241108_133315_761678701,-0.53385216
20241108_133316_010688508,-0.03234292
20241108_133316_263322717,-0.6630841
20241108_133316_506904771,-0.37226126
20241108_133316_754099375,-0.17076357
20241108_133317_007525718,-0.9208592
20241108_133317_250530916,-0.87431115
20241108_133317_501461335,0.42334166
20241108_133317_755244237,0.5797768
20241108_133317_994418626,0.3144856
20241108_133318_243661013,0.2113543
20241108_133318_499986547,-0.034811996
20241108_133318_745389486,-0.20118688
20241108_133319_002114768,0.040665306
20241108_133319_506810445,-0.013631484
20241108_133320_005437220,0.0725768
20241108_133320_256270490,0.18032835
20241108_133320_508119262,0.12642823
20241108_133320_749136931,0.15612076
20241108_133321_000486574,0.05133859
20241108_133321_244140880,-0.008613011
20241108_133321_503823926,-0.14977361
20241108_133322_007961668,-0.13263322
20241108_133322_249288408,-0.109249316
20241108_133322_496318559,-0.03214266
20241108_133322_750029519,0.016606847
20241108_133323_004528217,0.18985829
20241108_133323_252239582,0.4401831
20241108_133323_496428310,0.89415205
20241108_133323_745674738,0.46992293
20241108_133324_003791711,0.17664216
20241108_133324_249119511,-0.696818
20241108_133324_503745109,-0.22424193
20241108_133324_744982346,-0.14089675
20241108_133324_998226261,-0.024565062
20241108_133325_243765565,-0.056683384
20241108_133325_498888615,-0.9746675
20241108_133325_751013452,0.76651657
20241108_133325_995451443,0.33150527
20241108_133326_249061320,0.13255619
20241108_133326_502641258,0.29628673
20241108_133326_746584991,0.059635736
20241108_133326_998023778,-0.11282583
20241108_133327_251382182,-0.078392886
20241108_133327_745329687,0.1084278
20241108_133328_001314777,-0.6401821
20241108_133328_251544221,-0.4058258
20241108_133328_495206376,-0.7284929
20241108_133328_743170386,-0.38588396
20241108_133328_998749708,-0.30932564
20241108_133329_241701980,-0.16371782
20241108_133329_491935894,-0.31524408
20241108_133329_737452343,0.09942094
20241108_133329_993527433,0.13445349
20241108_133330_239559909,0.27608633
20241108_133330_494696921,0.1311727
20241108_133330_751518630,0.55829704
20241108_133330_996820981,0.3815376
20241108_133331_254677850,0.19954726
20241108_133331_499021989,0.15713839
20241108_133331_747321037,-0.08615979
20241108_133331_996396552,-0.006939551
20241108_133332_493691351,-0.0039223637
20241108_133332_740202754,-0.21312626
20241108_133332_993463993,-0.2326382
20241108_133333_247589803,-0.23398753
20241108_133333_506743161,-0.27201653
20241108_133333_746782553,-0.19963332
20241108_133333_999204483,-0.2706333
20241108_133334_246952632,-0.68980736
20241108_133334_497280636,-0.388321
20241108_133334_746362956,-0.31856224
20241108_133335_000410783,-0.3537691
20241108_133335_249301696,-0.30960235
20241108_133335_504896115,-0.3582959
20241108_133335_746382572,-0.5394131
20241108_133335_993038188,-0.5149068
20241108_133336_240310759,-0.39383283
20241108_133336_487956560,-0.3061583
20241108_133336_736743322,-0.33354586
20241108_133336_989267792,-0.39626613
20241108_133337_235678433,-0.42660394
20241108_133337_490690559,-0.9361716
20241108_133337_740341454,-0.7882124
20241108_133337_988328465,-0.930346
20241108_133338_236954070,-0.59508294
20241108_133338_489996123,-0.5423975
20241108_133338_739911215,-0.02483028
20241108_133338_992048431,0.0184695
20241108_133339_245043924,0.16364673
20241108_133339_494532693,-0.4666568
20241108_133339_747337247,-0.3292312
20241108_133339_997522395,-0.12474217
20241108_133340_240426713,0.057649456
20241108_133340_494481803,0.09959816
20241108_133340_746487320,0.15377705
20241108_133340_995787298,-0.011332234
20241108_133341_248800753,0.021798471
20241108_133341_496849499,-0.102918126
20241108_133341_744024655,0.08636932
20241108_133341_992061923,0.037054844
20241108_133342_246812163,-0.45950752
20241108_133342_498622258,-0.2817478
20241108_133343_241015001,-0.21139313
20241108_133343_492119839,-0.0757807
20241108_133343_739739354,0.051758677
20241108_133343_990488219,-0.07332393
20241108_133344_243698197,-0.18986018
20241108_133344_496349481,-0.24272923
20241108_133344_741442527,-0.21512105
20241108_133344_992091077,-0.033332653
20241108_133345_242646874,-0.15598638
20241108_133345_498958984,-0.026147267
20241108_133346_247621096,-0.043500207
20241108_133346_497444331,-0.054388843
20241108_133346_743542045,-0.12819226
20241108_133347_002212945,-0.1294045
20241108_133347_249528881,-0.076418124
20241108_133347_747068463,-0.04425367
20241108_133347_993950414,-0.008392593
20241108_133348_497470828,-0.082543634
20241108_133348_739604076,-0.16500865
20241108_133348_990502054,-0.11332943
20241108_133349_237277807,-0.08662995
20241108_133349_488991922,-0.0357671
20241108_133349_738231136,0.055893637
20241108_133349_992180448,0.03208629
20241108_133350_240602812,0.10056322
20241108_133350_495417489,0.6150999
20241108_133350_742860294,-0.008143453
20241108_133351_000415293,-0.10407194
20241108_133351_251243885,-0.10478626
20241108_133351_501631743,0.28357393
20241108_133352_001843080,-0.09747489
20241108_133352_244827221,-0.04557302
20241108_133352_492660333,-0.077437006
20241108_133352_741295874,-0.07617601
20241108_133352_994107026,-0.21533595
20241108_133353_245260931,-0.121542715
20241108_133353_495881669,-0.08333399
20241108_133353_741247073,-0.15632309
20241108_133353_992509193,-0.0652655
20241108_133354_493336452,0.025313536
20241108_133355_496691031,0.0086466465
20241108_133355_746150529,0.0015423689
20241108_133355_994755977,0.09635774
20241108_133356_242662383,0.025847832
20241108_133356_491707720,0.06696097
20241108_133356_742736062,0.5099212
20241108_133356_999858968,0.44811743
20241108_133357_253562784,0.092714265
20241108_133357_511463705,0.35489705
20241108_133357_755806325,0.35064104
20241108_133358_003524347,0.38857955
20241108_133358_246074374,0.492232
20241108_133358_496133874,0.22138634
20241108_133358_744253957,0.26732683
20241108_133359_255225368,0.23097406
20241108_133359_498305614,0.40207472
20241108_133359_749827631,0.38545763
20241108_133400_000950183,-0.21688737
20241108_133400_259734977,0.20360449
20241108_133400_526927434,0.41599956
20241108_133400_765453003,0.34713474
20241108_133401_008648403,-0.17456074
20241108_133401_250594218,-0.16566612
20241108_133401_504884286,-0.4290566
20241108_133401_755221085,-0.1631703
20241108_133402_003093406,-0.6107086
20241108_133402_504769373,-0.2253014
20241108_133402_753315123,-0.49361506
20241108_133402_998500274,-0.20591678
20241108_133403_252272575,-0.7177393
20241108_133403_508722616,0.673023
20241108_133403_753436890,0.043620802
20241108_133404_001348372,0.2875841
20241108_133404_251795198,-0.082065485
20241108_133404_500697427,0.27164826
20241108_133404_755735397,0.15505908
20241108_133405_505406263,0.07270191
20241108_133405_750501741,-0.027029118
20241108_133406_004672431,0.09053937
20241108_133406_247032946,0.365294
20241108_133406_745674625,0.28392136
20241108_133406_998054559,0.3537809
20241108_133407_243951347,0.2544621
20241108_133407_493241691,0.101304956
20241108_133407_740798076,0.049673475
20241108_133407_991351608,0.015707115
20241108_133408_243510944,0.09080944
20241108_133408_494642292,0.11285869
20241108_133408_741196177,0.080555834
20241108_133408_997123822,0.115244724
20241108_133409_248953635,0.2268487
20241108_133409_498419622,0.5468924
20241108_133409_753394404,0.8676514
20241108_133409_996100064,0.33348134
20241108_133410_241741532,0.039816834
20241108_133410_493680323,0.0610509
20241108_133410_749414447,0.14144821
20241108_133410_994777370,0.64383173
20241108_133411_243919269,-0.4754147
20241108_133411_494196919,-0.6452572
20241108_133411_747755242,-0.621546
20241108_133411_999937359,-0.32841435
20241108_133412_244668164,-0.26307288
20241108_133412_501965395,-0.79715616
20241108_133412_748149587,-0.15731187
20241108_133412_999117857,-0.40256295
20241108_133413_248024226,0.43249765
20241108_133413_498558427,0.6611294
20241108_133413_746493833,-0.82517177
20241108_133414_010113924,-0.21587719
20241108_133414_256043379,-0.41219154
20241108_133414_502915967,-0.99703413
20241108_133414_745219793,-0.6952472
20241108_133414_996031097,-0.6769871
20241108_133415_250438422,-0.5480853
20241108_133415_496364382,-0.5318629
20241108_133415_749499521,-0.32150197
20241108_133416_002238883,-0.63358545
20241108_133416_246353538,-0.6588812
20241108_133416_498130305,-0.93511057
20241108_133416_743533060,-0.8317295
20241108_133416_994294964,-0.3698654
20241108_133417_246505164,0.22980838
20241108_133417_493778162,0.11429391
20241108_133417_745592240,0.2006682
20241108_133417_995329670,0.16997336
20241108_133418_241416783,0.23954071
20241108_133418_495831727,0.24379058
20241108_133418_744347278,0.279463
20241108_133418_998119217,0.26411995
20241108_133419_248319147,0.38251013
20241108_133419_497774523,0.3661324
20241108_133419_744354041,0.20828693
20241108_133419_997586306,0.07679144
20241108_133420_241701919,-0.038846336
20241108_133420_496931641,0.050231464
20241108_133420_747814626,0.09576241
20241108_133420_995964458,0.085698046
20241108_133421_246659170,0.12741305
20241108_133421_496210911,0.08006812
20241108_133421_743038689,0.13449843
20241108_133421_999909227,0.09083957
20241108_133422_248674173,0.14322482
20241108_133422_493733054,0.09918664
20241108_133422_742925181,-0.10602262
20241108_133422_990921339,0.17641376
20241108_133423_239735233,0.37697953
20241108_133423_490491358,1.2820895
20241108_133423_745388580,0.51313573
20241108_133424_244450497,-0.60484266
20241108_133424_496557509,0.47741756
20241108_133424_745415834,-0.09343
20241108_133424_997702413,-0.6313843
20241108_133425_250286108,-1.0013226
20241108_133425_495608616,-0.69696933
20241108_133425_742175596,-0.7395261
20241108_133425_993899140,-0.66756403
20241108_133426_239980051,-0.6898571
20241108_133426_491344698,-0.60499424
20241108_133426_745030671,-0.68918025
20241108_133426_992151220,-0.57465667
20241108_133427_240607167,-0.6575437
20241108_133427_491254579,-0.5619202
20241108_133427_746151506,-0.64803743
20241108_133427_996836344,-0.50974977
20241108_133428_243125474,-0.54667246
20241108_133428_491198236,-0.29328698
20241108_133428_742065460,-0.059690945
20241108_133428_992513783,-0.040463
20241108_133429_240771347,-0.12866758
20241108_133429_494600988,-0.1367395
20241108_133429_743743221,-0.15243639
20241108_133429_996748370,-0.14373012
20241108_133430_240606764,-0.25930557
20241108_133430_497601544,-0.5882284
20241108_133431_244982662,-0.43173108
20241108_133431_505314031,-0.3147641
20241108_133431_993948857,-0.2373981
20241108_133432_241475074,-0.038735718
20241108_133432_494090534,-0.09861835
20241108_133432_990869456,-0.093853794
20241108_133433_491608036,-0.086498104
20241108_133433_738663128,-0.13799275
20241108_133433_993822766,-0.69498694
20241108_133434_246989326,-0.5959231
20241108_133434_742425556,-0.43433902
20241108_133434_990996300,-0.5567618
20241108_133435_241802175,-1.4948959
20241108_133435_503539193,-1.1046901
20241108_133435_996433546,-0.80240273
20241108_133436_495868836,-0.45667675
20241108_133436_745397227,-0.6028673
20241108_133436_997367473,-0.1750197
20241108_133437_248719745,-0.5787545
20241108_133437_493965733,-0.26841685
20241108_133437_742754865,-0.09056363
20241108_133437_998856644,0.09858257
20241108_133438_242968047,-0.004263481
20241108_133438_492180180,-0.019090077
20241108_133438_739426650,-0.26758632
20241108_133439_242759943,-0.8901809
20241108_133439_494064089,-0.41247544
20241108_133439_743539715,0.25926495
20241108_133439_998716274,0.3517931
20241108_133440_250958304,0.19943057
20241108_133440_501504923,1.1565561
20241108_133440_744638075,0.11803452
20241108_133440_996961918,-0.8318823
20241108_133441_256344128,-0.6748455
20241108_133441_516618428,-0.27076328
20241108_133441_765288242,-0.4097691
20241108_133442_008160593,-0.1911502
20241108_133442_509418334,-0.09267094
20241108_133442_748984929,-0.13807978
20241108_133443_005002438,-0.5665893
20241108_133443_258789524,-0.7344129
20241108_133443_509345538,-0.16079725
20241108_133443_753572609,-0.39769778
20241108_133444_011420780,-0.2575739
20241108_133444_262385802,-0.030531581
20241108_133444_513847605,0.072899036
20241108_133444_763171018,0.064421006
20241108_133445_009975437,0.045822352
20241108_133445_256153831,-0.017310938
20241108_133445_499519732,0.037313476
20241108_133445_755577192,-0.48514852
20241108_133446_007251776,-0.33909574
20241108_133447_004493799,-0.005588699
20241108_133447_253752520,0.17240179
20241108_133447_506625708,0.17863041
20241108_133448_496118769,0.26699206
20241108_133448_742583541,0.3379209
20241108_133448_991772486,0.57845926
20241108_133449_241232071,0.27235696
20241108_133449_495366115,0.4207044
20241108_133449_745384064,-0.27438805
20241108_133450_000022855,0.94020844
20241108_133450_250897917,0.5776185
20241108_133450_500754195,0.32244214
20241108_133450_744219261,0.14224242
20241108_133450_992963270,0.0820596
20241108_133451_242118674,0.026989678
20241108_133451_497385932,0.24125163
20241108_133451_745012549,0.13228755
20241108_133452_000409838,-0.15828194
20241108_133452_246869856,-0.19966115
20241108_133452_494301785,-0.2852452
20241108_133452_741569579,-0.035846435
20241108_133452_994653103,-0.95782465
20241108_133453_248338230,-1.7730453
20241108_133453_500215490,0.48354343
20241108_133453_753499556,-0.018862208
20241108_133454_008631187,-0.07988813
20241108_133454_253057235,0.07513354
20241108_133454_503107527,0.3256607
20241108_133454_746344081,0.82060164
20241108_133454_993626550,0.40309748
20241108_133455_243738030,0.36021635
20241108_133455_495049157,0.35012162
20241108_133456_006043546,0.31281686
20241108_133456_495090114,0.38786268
20241108_133456_746154076,0.46072796
20241108_133456_997417581,0.688512
20241108_133457_240894242,0.13570459
20241108_133457_500576043,0.12292714
20241108_133457_755822972,0.18306749
20241108_133458_002467551,0.1071182
20241108_133458_247401637,0.12157566
20241108_133458_498225136,0.04694525
20241108_133458_743394244,-0.6106753
20241108_133458_993461973,-0.8429379
20241108_133459_242244935,-0.26127443
20241108_133459_495790402,-0.2700957
20241108_133459_747448012,-0.2187487
20241108_133459_997451876,-0.2816208
20241108_133500_241884814,-0.02878695
20241108_133500_497810270,0.25956264
20241108_133500_745606037,0.07817889
20241108_133500_995346308,0.6581474
20241108_133501_248077634,0.24753608
20241108_133501_498634739,0.31758615
20241108_133501_742283448,0.23184206
20241108_133502_001793831,0.044230916
20241108_133502_244915906,0.10486726
20241108_133502_500401316,0.29529858
20241108_133502_745385199,-0.57167476
20241108_133502_998939163,-0.54871935
20241108_133503_246978775,-0.60484225
20241108_133503_498269857,-0.32865423
20241108_133503_750504058,-0.31239304
20241108_133504_000106842,-0.25589582
20241108_133504_241390229,-0.32807764
20241108_133504_498398643,-0.37360868
20241108_133504_747960791,-0.37552997
20241108_133504_998854190,-0.23754482
20241108_133505_253745791,-0.121627234
20241108_133505_503852364,0.14712413
20241108_133505_748218801,0.16067062
20241108_133506_006626089,0.5357937
20241108_133506_253209994,0.26813322
20241108_133506_502088943,0.13809882
20241108_133506_747487895,0.17270653
20241108_133507_241684050,0.3135188
20241108_133507_497722274,0.33559093
20241108_133507_748389609,0.36060664
20241108_133508_003832686,0.30478305
20241108_133508_248616691,0.31419086
20241108_133508_498133160,0.36636543
20241108_133508_742899827,-0.02796038
20241108_133508_993849355,0.16065438
20241108_133509_240885334,-0.30461052
20241108_133509_499071399,-0.69680464
20241108_133509_745947494,0.18925567
20241108_133509_997744326,-0.3812061
20241108_133510_252871382,-0.24819113
20241108_133510_499173588,-0.78592813
20241108_133510_749686607,-0.43488526
20241108_133511_001218198,-0.6333999
20241108_133511_246624679,-0.53694284
20241108_133511_499483012,-0.36160004
20241108_133511_757085603,-0.42408457
20241108_133511_998840105,-0.62901044
20241108_133512_244672371,-0.5835914
20241108_133512_493150723,-0.3534917
20241108_133512_749352848,-0.29793727
20241108_133512_994745314,-0.08718886
20241108_133513_240865418,-0.17263831
20241108_133513_495957032,-0.61756426
20241108_133513_744261065,-0.54412305
20241108_133514_236994689,-0.7413229
20241108_133514_492769966,-0.34378317
20241108_133514_740495038,0.33742568
20241108_133514_988346162,0.14960836
20241108_133515_241612252,0.41669974
20241108_133515_498223612,1.5141304
20241108_133515_744641839,-0.6353267
20241108_133515_996432419,-0.19193628
20241108_133516_240004008,-0.053943157
20241108_133516_741071471,-0.027789658
20241108_133516_989448862,-0.26502547
20241108_133517_494950331,0.39845267
20241108_133517_744210425,0.27603313
20241108_133517_997801966,0.50324243
20241108_133518_246352301,0.17758487
20241108_133518_493432906,-0.27813533
20241108_133518_738388510,-0.76778597
20241108_133518_990338280,-0.27286443
20241108_133519_241985306,-0.1783665
20241108_133519_494696725,-0.14055248
20241108_133519_737903343,-0.2990928
20241108_133519_988780752,-0.22488536
20241108_133520_234729862,-0.2593082
20241108_133520_488564579,-0.22538914
20241108_133520_742262444,-0.24854298
20241108_133521_240618326,-0.19211106
20241108_133521_493738907,-0.1633658
20241108_133521_742998843,-0.2511952
20241108_133521_999877093,-0.22840627
20241108_133522_494683485,-0.28294894
20241108_133522_739289245,-0.40334284
20241108_133522_994543917,-0.31983045
20241108_133523_246710376,-0.39242563
20241108_133523_494716751,-0.23075037
20241108_133523_738522269,-0.21664517
20241108_133523_992905649,-0.22212215
20241108_133524_238464733,-0.15815617
20241108_133524_501100791,-0.12583174
20241108_133524_742163172,-0.20015867
20241108_133524_990649402,0.34323457
20241108_133525_239933277,0.21554954
20241108_133525_488426772,0.20251982
20241108_133525_736341523,0.10800681
20241108_133526_750451060,0.1472957
20241108_133526_997315216,0.17574887
20241108_133527_244891724,0.12367938
20241108_133527_493345632,0.3364969
20241108_133527_747781074,0.36714622
20241108_133527_996387739,0.3709776
20241108_133528_502161775,0.34328842
20241108_133528_758176060,0.14407526
20241108_133529_007263744,0.15711962
20241108_133529_254265987,0.2302231
20241108_133529_507061996,0.30140135
20241108_133529_996423999,1.0296954
20241108_133530_247067988,0.67012393
20241108_133530_498437743,0.22799395
20241108_133530_741968426,-0.33400208
20241108_133530_995134011,-0.13409911
20241108_133531_247341498,-0.09823289
20241108_133531_503098377,-0.061153434
20241108_133531_748009223,-0.3377279
20241108_133532_000171120,-0.5237209
20241108_133532_251098745,-0.37124172
20241108_133532_498973408,-0.33152476
20241108_133532_745638038,-0.32841322
20241108_133533_745227845,-0.40649182
20241108_133534_005199082,-0.31532446
20241108_133534_253105400,-0.36067766
20241108_133535_242857018,-0.22637807
20241108_133535_494357048,-0.16765971
20241108_133536_491799905,-0.14441924
20241108_133536_994187020,-0.15345933
20241108_133537_495890393,-0.11279716
20241108_133537_997289782,-0.103983425
20241108_133538_243938264,-0.16308667
20241108_133538_491002632,-0.36639532
20241108_133538_745557733,-0.26075625
20241108_133538_991067400,-0.28357688
20241108_133539_238906684,-0.1527272
20241108_133539_494288962,0.056224026
20241108_133539_744975109,0.12233315
20241108_133539_994572191,0.1269341
20241108_133540_244402347,0.016106883
20241108_133540_497970134,-0.013060948
20241108_133540_742695549,-0.045059405
20241108_133540_991970580,-0.051260196
20241108_133541_991916557,-0.09964623
20241108_133542_239648816,-0.1129724
20241108_133542_495258387,-0.11143472
20241108_133542_746811134,-0.3663507
20241108_133543_007054585,-1.8844424
20241108_133543_261067344,-0.06882336
20241108_133543_509505959,-0.04408308
20241108_133543_756807685,-0.02570661
20241108_133544_005711780,-0.39153144
20241108_133544_258475811,-0.18577428
20241108_133544_496791923,-0.1646265
20241108_133544_746711166,0.10643358
20241108_133545_003063919,0.0359113
20241108_133545_251786716,0.0076393876
20241108_133545_505932358,0.18980287
20241108_133545_750967841,0.12924002
20241108_133546_241667154,0.5908666
20241108_133546_492569372,0.21587159
20241108_133546_743880212,0.34427798
20241108_133546_993912911,0.2984784
20241108_133547_740560299,0.12005726
20241108_133547_992476302,-0.25916216
20241108_133548_248659221,-0.6345922
20241108_133548_501106252,-0.8519936
20241108_133548_752359851,-1.2918743
20241108_133548_998559605,0.009543875
20241108_133549_251699778,-0.07849987
20241108_133549_492362304,0.053274594
20241108_133549_738891987,-0.009752518
20241108_133549_986214710,-0.07602544
20241108_133550_498911138,-0.05199071
20241108_133550_994849121,-0.10011395
20241108_133551_236477886,-0.056346558
20241108_133552_744751296,0.01233832
20241108_133552_992969728,0.01041148
20241108_133553_240409998,-0.025390526
20241108_133553_491054245,-0.09554329
20241108_133553_737346879,-0.058893524
20241108_133554_740141082,-0.1614476
20241108_133554_990103756,-0.057075284
20241108_133555_489040007,0.10253336
20241108_133555_741906342,0.042932488
20241108_133555_996281073,-0.016382298
20241108_133556_494404954,-0.2568012
20241108_133558_747804176,-0.31375328
20241108_133559_003397057,-0.20736636
20241108_133559_259879386,-0.17677464
20241108_133559_514352930,-0.6940831
20241108_133559_750779854,-1.1517051
20241108_133559_999316659,-0.21440183
20241108_133600_251593791,-0.7513072
20241108_133600_517615833,-0.39835885
20241108_133600_762923576,-0.6060369
20241108_133601_020480902,-0.94046146
20241108_133601_252983159,-0.041442163
20241108_133601_509665705,-0.6885466
20241108_133601_753528300,-0.57093406
20241108_133602_003718411,-0.7681729
20241108_133602_245775470,-0.44606647
20241108_133602_500534242,-0.055516373
20241108_133602_745318352,-0.1458944
20241108_133602_992949553,-0.20909245
20241108_133603_242828022,-0.22786005
20241108_133603_501401339,-0.21718784
20241108_133603_994945150,-0.8985279
20241108_133604_244178153,-0.92931473
20241108_133604_495798088,-0.19792266
20241108_133604_741745460,-0.11386142
20241108_133604_996929001,-0.034547023
20241108_133605_242866150,1.2885596
20241108_133605_494454915,0.295073
20241108_133605_746391104,0.19826035
20241108_133606_002175815,-0.95671076
20241108_133606_251859281,0.7647525
20241108_133606_502259639,0.33631968
20241108_133606_751702602,0.02976326
20241108_133606_998670340,0.12682538
20241108_133607_249151322,-0.0098681655
20241108_133607_519665595,0.014144758
20241108_133607_752200855,-0.013574978
20241108_133607_999253218,-0.21112885
20241108_133608_241981716,-0.07244732
20241108_133608_491038066,-0.25306976
20241108_133608_736051181,-0.34410378
20241108_133608_990523149,-0.4718673
20241108_133609_242203520,-0.84082264
20241108_133609_490785914,-1.2760679
20241108_133609_742862244,-0.39737868
20241108_133609_992600645,-0.50962764
20241108_133610_244115451,-0.9987824
20241108_133610_492236273,-0.9195197
20241108_133610_738778669,-0.03262823
20241108_133610_993565267,-0.6075614
20241108_133611_243119897,1.0536677
20241108_133611_490900790,0.68322945
20241108_133611_744485153,1.2407397
20241108_133612_003712943,-0.45331383
20241108_133612_242162446,-0.42535594
20241108_133612_494314502,-1.1973056
20241108_133612_738939674,-0.9673866
20241108_133613_242056022,-0.6627845
20241108_133613_742690190,-0.19219942
20241108_133613_991989821,0.8820938
20241108_133614_239593164,1.0654222
20241108_133614_491148262,0.06236247
20241108_133614_738094035,1.0930426
20241108_133614_994735232,1.0222147
20241108_133615_240482523,0.739361
20241108_133615_491343339,-0.6097354
20241108_133615_745367873,-0.7723492
20241108_133615_988072512,0.53155994
20241108_133616_236266495,0.4692413
20241108_133616_486384152,0.7714165
20241108_133616_737171743,0.19779474
20241108_133616_992782709,0.73024434
20241108_133617_243613821,0.8819884
20241108_133617_494213104,0.41628915
20241108_133617_743926525,0.25286767
20241108_133617_994409993,-0.0317569
20241108_133618_245776972,-0.083063535
20241108_133618_506980898,-0.069900356
20241108_133618_752241376,-0.19797923
20241108_133619_253284208,-0.09791764
20241108_133619_512416267,0.00847427
20241108_133619_751450327,0.009966115
20241108_133620_001058590,-0.21229346
20241108_133620_246659381,-0.16856779
20241108_133620_494543845,-0.17764498
20241108_133621_001290356,-0.22647418
20241108_133621_241459933,-0.2890357
20241108_133621_492459654,-0.19350676
20241108_133621_737725867,-0.15416409
20241108_133621_992287717,-0.29592645
20241108_133622_491615479,-0.42687634
20241108_133622_740458797,-0.29679015
20241108_133622_995021151,-0.84813565
20241108_133623_242111909,-0.714096
20241108_133623_499011766,-0.59585947
20241108_133623_747211560,-0.4044471
20241108_133623_995250000,-1.1405071
20241108_133624_240074198,-0.16775252
20241108_133624_491177303,0.043300845
20241108_133624_737441132,0.58497804
20241108_133624_993823190,0.19203173
20241108_133625_241683030,0.34442768
20241108_133625_493155479,0.20611547
20241108_133625_993963913,-0.02097558
20241108_133626_243508000,0.15572892
20241108_133626_489902715,0.21386792
20241108_133626_738415855,0.48446313
20241108_133626_985709653,1.8132027
20241108_133627_236164644,-0.27838928
20241108_133627_494645120,-0.84614146
20241108_133627_742791544,-0.43886063
20241108_133627_992137526,-0.6332734
20241108_133628_236285026,-0.4273297
20241108_133628_490065778,-0.42947128
20241108_133628_740338672,-0.36650938
20241108_133628_994023014,-0.34063014
20241108_133629_244307404,-0.4478932
20241108_133629_744304668,-0.46575156
20241108_133630_988658806,-0.33680302
20241108_133631_239973903,-0.3839151
20241108_133632_235317672,-0.28098598
20241108_133632_485982600,-0.34787357
20241108_133633_232535462,-0.37481263
20241108_133634_243344141,-0.29712814
20241108_133634_490266605,-0.06863447
20241108_133635_483922864,-0.13721968
20241108_133635_986461305,-0.22024079
20241108_133636_235750644,-0.27822277
20241108_133636_495005514,-0.258226
20241108_133637_248044170,-0.25436172
20241108_133637_494954829,-0.29702005
20241108_133637_989785240,-0.1990305
20241108_133638_490593384,-0.2238367
20241108_133638_741038848,-0.20395945
20241108_133638_993899469,-0.17717804
20241108_133639_246704811,-0.31598577
20241108_133639_500679305,-0.3022247
20241108_133639_743275192,-0.32998177
20241108_133639_997780394,-0.21636008
20241108_133640_244872058,0.021408627
20241108_133640_491518520,-0.26263255
20241108_133640_739538406,0.0019802842
20241108_133640_994709083,-0.020329436
20241108_133641_242585437,-0.077136956
20241108_133641_487527901,-0.121696495
20241108_133642_490036410,-0.094696365
20241108_133642_737072428,-0.062388323
20241108_133644_240341168,-0.115136646
20241108_133644_492311001,-0.1962045
20241108_133644_743667493,-0.22046177
20241108_133644_999651295,-0.20687057
20241108_133645_750351923,-0.19064759
20241108_133646_005397314,-0.9245507
20241108_133646_752424960,0.8538171
20241108_133646_999963307,0.5001589
20241108_133647_254159588,0.18127827
20241108_133647_500123321,0.08814833
20241108_133647_744854900,0.053252436
20241108_133648_000655202,0.0769457
20241108_133648_251024757,0.026849369
20241108_133648_499443877,-0.005877575
20241108_133648_992752676,0.012611309
20241108_133649_242154816,0.117364
20241108_133649_493643519,0.13146316
20241108_133649_744230915,0.10627494
20241108_133649_997569681,0.17384137
20241108_133650_240819799,0.106556065
20241108_133650_492152770,0.12389157
20241108_133650_746337987,0.36207294
20241108_133650_994633480,0.762124
20241108_133651_240114444,0.6662657
20241108_133651_488638312,0.4688317
20241108_133651_741765374,0.32319507
20241108_133651_996230063,0.70485836
20241108_133652_241732646,0.79816616
20241108_133652_489078987,-0.4042786
20241108_133652_742695224,-0.51105237
20241108_133652_992222220,-0.8262525
20241108_133653_242376943,-0.40487894
20241108_133653_489552551,-0.51782364
20241108_133653_739286779,-0.20630933
20241108_133653_992436231,0.7095842
20241108_133654_244112086,0.5508504
20241108_133654_491683754,0.64035386
20241108_133654_736070919,0.3735803
20241108_133654_986753698,0.473632
20241108_133655_240819099,0.99181646
20241108_133655_500495525,0.8954725
20241108_133655_742851067,0.79788846
20241108_133655_996347868,0.6557947
20241108_133656_250736919,0.8126971
20241108_133656_996864180,0.533215
20241108_133657_244536687,0.67258245
20241108_133657_494053904,0.7327135
20241108_133657_741913784,0.71925086
20241108_133657_987941622,0.5693218
20241108_133658_236496379,0.63454086
20241108_133658_492676158,0.28092313
20241108_133658_736956410,0.36665532
20241108_133658_993747345,0.21561451
20241108_133659_246188633,0.302231
20241108_133659_500506593,0.21386822
20241108_133659_998541991,0.19722869
20241108_133700_252492958,0.22168015
20241108_133700_747256633,0.41096944
20241108_133700_996682056,-0.14351945
20241108_133701_243898125,-0.30348447
20241108_133701_496443556,-0.450451
20241108_133701_742724635,0.0028579812
20241108_133701_998566570,0.21899442
20241108_133702_243337433,-0.17558755
20241108_133702_502196110,-0.2223862
20241108_133702_748828426,-0.17369981
20241108_133703_004121274,-0.15574421
20241108_133703_505986490,-0.077370785
20241108_133703_752492588,-0.15432538
20241108_133704_014445992,-0.1951343
20241108_133704_251750655,-0.43545792
20241108_133704_501625796,-0.4367564
20241108_133704_748124607,-0.21435224
20241108_133705_002073966,-0.23578696
20241108_133705_250186545,-0.44357687
20241108_133705_495772590,-0.27498236
20241108_133705_745604441,-0.07838621
20241108_133705_994470265,-0.24642275
20241108_133706_495274137,-0.30482116
20241108_133706_741936054,-0.33174795
20241108_133707_000946356,-0.37585697
20241108_133707_256831149,-0.8301247
20241108_133707_504046777,-1.3526486
20241108_133707_745098266,-0.34712577
20241108_133707_996098616,-0.04786136
20241108_133708_248180120,0.027719775
20241108_133709_239203095,-0.032265387
20241108_133709_491465462,0.64838946
20241108_133709_739939173,-0.26142848
20241108_133709_992368255,-0.23022176
20241108_133710_246009784,-0.17261523
20241108_133710_508163426,-0.25890717
20241108_133710_754544734,-0.13322408
20241108_133710_997002787,-0.18661441
20241108_133711_244819085,-0.53401285
20241108_133711_500901483,0.56860375
20241108_133711_747289938,0.78237903
20241108_133711_994681967,0.8490557
20241108_133712_245211485,0.7212057
20241108_133712_495930511,0.7878708
20241108_133712_738235903,0.75736594
20241108_133712_986934922,0.77884376
20241108_133713_490033500,0.6314208
20241108_133713_736320655,-0.021562194
20241108_133713_991066698,-0.14755674
20241108_133714_240162739,-0.022548398
20241108_133714_745108501,-0.0071057286
20241108_133714_996129289,-0.096870326
20241108_133715_243813836,-0.11008527
20241108_133715_492099053,-0.52378285
20241108_133715_740423026,-0.34299216
20241108_133716_240530666,-0.11985346
20241108_133716_738688049,-0.15861787
20241108_133716_994823164,-0.19356717
20241108_133718_488475566,-0.1728722
20241108_133718_733688452,-0.1703416
20241108_133718_988393416,-0.22069694
20241108_133719_235736334,-0.20018448
20241108_133719_739774833,-0.17147018
20241108_133720_992595317,0.52932155
20241108_133721_240033215,0.18820013
20241108_133721_488633866,0.017163375
20241108_133721_735316495,0.03685043
20241108_133721_987685382,-0.21810214
20241108_133722_240357535,-0.30934945
20241108_133722_738079012,-0.2144169
20241108_133722_986742505,-0.17839117
20241108_133723_236537695,-0.073743485
20241108_133723_487443154,0.13028039
20241108_133723_739023804,0.028787116
20241108_133724_491512357,0.009350458
20241108_133724_988296815,-0.086769246
20241108_133725_237071031,-0.06418177
20241108_133725_493077650,-0.093475126
20241108_133725_733161575,0.6378025
20241108_133725_983666939,0.122452654
20241108_133726_238166531,0.18641733
20241108_133726_489615862,0.14523344
20241108_133726_738487260,0.077431954
20241108_133726_985291346,-0.023146054
20241108_133727_234496237,0.037449457
20241108_133727_737103235,0.055035807
20241108_133727_990381838,0.13617836
20241108_133728_237310731,0.10289649
20241108_133728_486528293,-0.24694513
20241108_133728_736813294,-0.17909728
20241108_133728_989274891,-0.15673865
20241108_133729_236183797,-0.15977217
20241108_133729_489816538,-0.1895258
20241108_133729_736576823,-0.15146105
20241108_133729_990761060,-0.09968945
20241108_133730_240323963,-0.12485453
20241108_133730_490916839,-0.115466975
20241108_133730_737700008,-0.043538533
20241108_133730_988247033,-0.09656354
20241108_133731_494579751,-0.17221405
20241108_133731_993881381,-0.15325053
20241108_133732_735807403,-0.12504418
20241108_133732_984630788,-0.047022305
20241108_133733_241567791,-0.06858792
20241108_133733_490236928,0.029185811
20241108_133733_991705497,-0.00901266
20241108_133735_239151855,-0.02519562
20241108_133735_491317303,0.029555121
20241108_133735_745415457,0.05231387
20241108_133735_995372837,0.029217819
20241108_133736_249542253,0.10974864
20241108_133736_501289746,0.53816426
20241108_133736_756748184,1.5187409
20241108_133737_006086567,0.16845028
20241108_133737_253962988,0.15479754
20241108_133737_506133962,-0.040679432
20241108_133737_743916744,0.017488638
20241108_133738_488360557,0.08588395
20241108_133738_994021624,-0.031981014
20241108_133739_244404091,0.014466563
20241108_133739_493036004,0.050404765
20241108_133739_742061072,-0.13536884
20241108_133739_991582837,-0.46178573
20241108_133740_239919560,-0.32878453
20241108_133740_488287531,-0.34069747
20241108_133740_741792301,-0.16912037
20241108_133741_001862622,-0.2043428
20241108_133741_246592171,-0.23990358
20241108_133742_002834601,-0.22606964
20241108_133742_742751075,-0.06970193
20241108_133743_008304867,-0.1382261
20241108_133743_261271035,-0.12325945
20241108_133743_499659380,-0.1727642
20241108_133743_742992937,0.25118446
20241108_133743_995869839,0.052994646
20241108_133744_245438087,-0.002653798
20241108_133744_492515354,0.037267603
20241108_133744_740713426,0.063962676
20241108_133744_997823546,0.09456847
20241108_133745_243210872,0.08043746
20241108_133745_491442988,-0.011300227
20241108_133745_743247078,0.032925583
20241108_133745_998576091,0.07390938
20241108_133746_492881818,0.039723374
20241108_133746_735313533,0.014701704
20241108_133746_992006437,0.018768052
20241108_133747_238239320,0.21098149
20241108_133747_490308875,0.23631881
20241108_133747_993293609,0.14267723
20241108_133748_241787294,0.10262064
20241108_133748_498213345,0.20049815
20241108_133748_738877022,0.19960622
20241108_133749_734066614,0.14939187
20241108_133750_233736812,0.12638722
20241108_133750_485032663,0.07004545
20241108_133750_734017348,-0.24749716
20241108_133750_985597489,-0.15765752
20241108_133751_491711749,-0.07396855
20241108_133752_238408768,-0.118365906
20241108_133752_488096549,-0.18846904
20241108_133752_735680255,-0.10067394
20241108_133752_986264564,-0.11238863
20241108_133753_235744818,-0.14050473
20241108_133753_486802825,-0.17734422
20241108_133753_735438730,-0.084513925
20241108_133753_984949889,-0.18627037
20241108_133754_236055125,-0.2794586
20241108_133754_486566582,-0.2161581
20241108_133754_736104229,-0.3003561
20241108_133754_986030560,-0.21092607
20241108_133755_238018748,-0.28803232
20241108_133755_491378953,-0.21448572
20241108_133755_749181088,-0.19594432
20241108_133756_246778443,-0.19546999
20241108_133756_489716125,-0.06229057
20241108_133756_744601127,0.05331055
20241108_133756_996959911,-0.21362968
20241108_133757_238809357,-0.18148787
20241108_133757_490423103,-0.06660291
20241108_133757_737618034,-0.060562514
20241108_133757_995711875,-0.019624313
20241108_133758_244730054,-0.0873787
20241108_133758_496626341,-0.527278
20241108_133758_739803384,-0.9097341
20241108_133758_993094819,-0.35361752
20241108_133759_247667245,0.31432173
20241108_133759_497688382,-0.0102865305
20241108_133759_741193239,-0.25564584
20241108_133759_994957993,-0.19295897
20241108_133800_241537793,-0.05484297
20241108_133800_493968592,0.008510092
20241108_133800_992935489,-0.17453875
20241108_133801_241524411,-0.16791846
20241108_133801_491207306,-0.20887734
20241108_133801_739782014,-0.13095172
20241108_133801_986672516,-0.07794621
20241108_133802_241516011,-0.25084934
20241108_133802_495864901,-0.04919132
20241108_133802_754408089,-0.08641299
20241108_133803_011638086,-0.13578804
20241108_133803_262890357,0.123623334
20241108_133803_519389139,-0.24852891
20241108_133803_762239746,0.3379075
20241108_133804_010658245,0.72116756
20241108_133804_252238152,0.4045643
20241108_133804_504540751,0.7477518
20241108_133804_745678976,-0.38728583
20241108_133804_998762981,-0.7409987
20241108_133805_245277560,-0.6339191
20241108_133807_241288073,-0.68525183
20241108_133807_491093528,-0.95421106
20241108_133807_737640638,0.921561
20241108_133807_991808520,0.6339897
20241108_133808_239358091,-0.039765652
20241108_133808_493426680,-0.3036507
20241108_133808_739266101,-0.09989115
20241108_133808_989287783,-0.03255
20241108_133809_240789566,-0.2527518
20241108_133809_489724917,-0.09372299
20241108_133809_989366536,0.0064189527
20241108_133810_235027420,0.07223789
20241108_133810_484877160,-0.039455585
20241108_133810_736443301,0.0060404036
20241108_133811_236408887,0.4913378
20241108_133811_735115813,0.23114441
20241108_133811_991030751,0.24217416
20241108_133812_236494725,0.43387207
20241108_133812_989669028,0.26713613
20241108_133813_237721488,0.15214436
20241108_133813_486204419,0.15768944
20241108_133813_736458663,0.12519522
20241108_133813_989215695,0.18225743
20241108_133815_743275209,0.08655334
20241108_133815_989287060,0.010511914
20241108_133816_236510959,0.031281896
20241108_133816_987884899,0.07442681
20241108_133817_236296519,0.042602606
20241108_133817_487375706,-0.011510244
20241108_133818_485409605,0.026225517
20241108_133818_741183977,0.08540232
20241108_133818_989998041,0.038087226
20241108_133819_484161440,-0.16132505
20241108_133819_985678542,-0.11391639
20241108_133820_747091930,-0.05323889
20241108_133821_488530046,-0.029306969
20241108_133821_735460386,-0.13906412
20241108_133822_239325123,0.16152678
20241108_133822_489229892,1.3680881
20241108_133822_750412523,-0.082506455
20241108_133823_005768720,0.17972189
20241108_133823_259312255,0.28207406
20241108_133823_509727609,0.12854876
20241108_133823_748044926,0.10276287
20241108_133824_236239278,0.04309831
20241108_133824_492630432,0.0050589237
20241108_133824_739730149,-0.022369584
20241108_133824_994170023,-0.10144081
20241108_133825_243683355,-0.059749804
20241108_133825_493661692,0.25699973
20241108_133825_740949033,0.15898935
20241108_133826_000917414,0.33450088
20241108_133826_245738702,0.4265048
20241108_133826_491807657,0.4777718
20241108_133826_736504987,0.4165466
20241108_133826_986848682,0.45035014
20241108_133827_490269001,0.3166129
20241108_133827_737985403,0.33170885
20241108_133827_984465587,0.3336284
20241108_133828_236920476,0.2059807
20241108_133828_732334465,0.24499904
20241108_133829_234363866,0.33249086
20241108_133829_487424092,0.025015572
20241108_133829_735721405,0.28318927
20241108_133829_986370040,0.21124057
20241108_133830_235846181,0.23439775
20241108_133830_482942649,0.20033292
20241108_133830_735844724,0.20033948
20241108_133830_992850388,0.2368155
20241108_133831_495086090,0.39503884
20241108_133831_743739106,0.29624775
20241108_133831_997206718,0.13031138
20241108_133832_490785415,0.2733974
20241108_133832_738315718,-0.06347152
20241108_133832_990185135,-0.24441732
20241108_133833_241555065,-0.04119148
20241108_133833_492345400,-0.16331126
20241108_133833_737932540,-1.2891904
20241108_133833_989718979,-2.1858802
20241108_133834_241594986,0.5633767
20241108_133834_488783986,0.48847446
20241108_133834_740991296,1.2940934
20241108_133834_994440331,0.9073008
20241108_133835_240546799,0.35406882
20241108_133835_489673244,0.15996073
20241108_133835_740982273,-0.21730207
20241108_133835_988787958,-0.030604562
20241108_133836_235350598,0.018676618
20241108_133836_485317124,0.0023657773
20241108_133836_731585330,-0.04501515
20241108_133836_980137450,-0.06860801
20241108_133837_231425601,-0.048662923
20241108_133837_482191525,-0.074274085
20241108_133837_730991479,-0.09948268
20241108_133837_984913651,0.119195126
20241108_133838_233161910,-0.09167882
20241108_133838_490536483,0.22737895
20241108_133838_752436578,0.23636834
20241108_133839_004284047,0.25103047
20241108_133839_247114576,0.1656969
20241108_133839_497819660,0.22288637
20241108_133839_741028862,0.21025024
20241108_133839_989126373,0.24417524
20241108_133840_233874336,0.4702085
20241108_133840_486101369,0.40690693
20241108_133840_731587408,0.5193613
20241108_133840_983420766,0.41232032
20241108_133841_234783689,0.4029811
20241108_133841_484150784,0.38428
20241108_133841_732136759,0.80034333
20241108_133842_238768913,0.4766343
20241108_133842_491339062,0.42065877
20241108_133842_993396727,0.25931132
20241108_133843_486105323,0.28538647
20241108_133844_232878440,0.31525663
20241108_133845_234917255,0.2882137
20241108_133845_482213552,0.25745687
20241108_133845_982470539,0.14083384
20241108_133846_233211703,0.14357652
20241108_133846_486603447,0.18511711
20241108_133846_733554161,0.19502504
20241108_133846_988736749,0.14628161
20241108_133847_237437633,0.5522556
20241108_133847_488290485,0.33434972
20241108_133847_989712076,0.4237481
20241108_133848_233679202,0.43364993
20241108_133848_734994578,0.42120612
20241108_133848_981031635,0.9452489
20241108_133849_231394355,0.7810237
20241108_133849_484078443,0.9947981
20241108_133849_736229220,0.45069978
20241108_133849_990063424,0.46813732
20241108_133850_234639674,1.0433575
20241108_133850_488357873,0.46684697
20241108_133850_735396652,0.68765384
20241108_133851_235747527,-0.92871827
20241108_133851_491740980,0.41014162
20241108_133851_742537901,0.7975116
20241108_133851_988745640,0.6298567
20241108_133852_237843447,-0.15490365
20241108_133852_485284661,-0.074085586
20241108_133852_742899299,-0.8469877
20241108_133852_989102552,-1.0700839
20241108_133853_241932149,-0.0848315
20241108_133853_495703604,-0.71206546
20241108_133853_740557732,-0.05146673
20241108_133853_992898095,-1.0036684
20241108_133854_484566654,-0.07331173
20241108_133854_737973727,0.0060228985
20241108_133854_987290461,-0.9423366
20241108_133855_232896275,-1.0906417
20241108_133855_483183847,-0.008795194
20241108_133855_730360881,0.051542856
20241108_133855_982733663,0.81959194
20241108_133856_233715224,0.572969
20241108_133856_484070578,-0.21077693
20241108_133856_733217498,0.040159516
20241108_133856_981522373,0.07441599
20241108_133857_486454150,-0.120212436
20241108_133857_734342164,-0.058159567
20241108_133857_984809868,-0.19730622
20241108_133858_481583980,-0.34553874
20241108_133858_728202634,-0.17748664
20241108_133859_484583302,-1.6539102
20241108_133859_735237217,-0.7641172
20241108_133859_984003208,0.5016041
20241108_133900_235767943,0.68773323
20241108_133900_490267051,0.7439571
20241108_133900_732689895,0.55722296
20241108_133900_980431494,0.45271596
20241108_133901_233949150,0.49582997
20241108_133901_486794052,0.45495388
20241108_133901_741520687,0.42826545
20241108_133901_986875939,0.5713242
20241108_133902_236741290,0.18655698
20241108_133902_488714270,-0.35842124
20241108_133902_743580186,-0.08906572
20241108_133903_001251394,-0.24956517
20241108_133903_249916861,-0.23307662
20241108_133903_495111329,-0.20892517
20241108_133903_741096314,-0.13088147
20241108_133903_991356596,-0.19435029
20241108_133904_239456920,-0.14297546
20241108_133904_494115393,-0.117846034
20241108_133904_742242909,-0.09860521
20241108_133905_240901100,0.023786345
20241108_133905_500240115,-0.03524413
20241108_133905_992497093,-0.11070158
20241108_133906_242170355,-0.056600414
20241108_133906_490980033,-0.07387348
20241108_133906_742515469,-0.015007099
20241108_133906_989455542,0.098096795
20241108_133907_236692041,0.43349692
20241108_133907_487189326,0.1845475
20241108_133907_737332225,-0.31530774
20241108_133907_993815739,-0.25912133
20241108_133908_243433573,-0.16296072
20241108_133908_490114738,-0.6215798
20241108_133908_981069700,-0.36819005
20241108_133909_230857436,-0.5838937
20241108_133909_486925464,-0.37410614
20241108_133909_738038599,-0.33320692
20241108_133910_239701566,-0.24611546
20241108_133910_493119529,-0.23701169
20241108_133911_490274017,-0.20471032
20241108_133911_739811753,-0.18159468
20241108_133911_987569142,-0.1384299
20241108_133912_235621338,-0.17975278
20241108_133912_988519990,-0.16282134
20241108_133913_237224388,-0.14519332
20241108_133913_491984256,-0.15965764
20241108_133913_736153452,-0.10643043
20241108_133913_989571766,-0.1028268
20241108_133914_238083397,-0.16847529
20241108_133915_244117027,-0.14101948
20241108_133915_488188545,-0.17784925
20241108_133915_733530242,-0.22447072
20241108_133915_983800941,-0.19175096
20241108_133916_235457218,-0.21681829
20241108_133916_486309041,-0.24383686
20241108_133916_736288766,-0.2944549
20241108_133917_232760430,-0.27857712
20241108_133917_733547217,-0.2560903
20241108_133919_484384245,-0.31223935
20241108_133919_734884542,-0.23918588
20241108_133919_983029282,-0.36232594
20241108_133920_489225784,-0.3023326
20241108_133920_733861280,-0.17473651
20241108_133920_984053049,-0.25078973
20241108_133921_237902659,-0.14434732
20241108_133921_487539824,-0.10789182
20241108_133921_734855840,-0.13112797
20241108_133921_987431953,0.27130312
20241108_133922_252224123,0.12084878
20241108_133922_506863811,-0.038816445
20241108_133922_997187978,-0.024814716
20241108_133923_237030620,0.19073729
20241108_133923_491468462,0.39871535
20241108_133923_736504394,0.1432832
20241108_133927_739358125,0.1303236
20241108_133927_987717035,0.23882665
20241108_133928_233871229,0.1969295
20241108_133928_487931119,0.17487518
20241108_133928_998471250,0.13442318
20241108_133929_239778771,0.12750556
20241108_133929_994704792,0.02021108
20241108_133930_245613903,0.47873893
20241108_133930_498564125,0.14419894
20241108_133930_743143097,0.08667449
20241108_133930_994289361,0.10682539
20241108_133931_239566338,0.113346435
20241108_133931_485151944,0.15728994
20241108_133931_737233525,0.13398011
20241108_133932_244615041,0.14730607
20241108_133932_499833388,0.12883602
20241108_133932_745261962,0.115419485
20241108_133932_988718459,0.07883174
20241108_133933_495321586,0.056865133
20241108_133934_252954816,0.64600164
20241108_133934_491632567,0.27371433
20241108_133934_734188825,0.18767364
20241108_133934_986940851,0.067178525
20241108_133935_243603857,-0.062072508
20241108_133935_495354314,-0.18470638
20241108_133935_741956805,-0.09445413
20241108_133935_992686249,-0.05096581
20241108_133937_232733282,-0.015551737
20241108_133937_491019087,0.01064826
20241108_133937_735399610,0.30438682
20241108_133937_988069918,0.23533927
20241108_133938_235669260,0.44301978
20241108_133938_490828775,0.35763198
20241108_133938_736556472,0.2227694
20241108_133938_986094262,0.1898977
20241108_133939_235317640,0.19166441
20241108_133939_484358446,0.08021925
20241108_133939_740166803,0.0586508
20241108_133940_001609923,0.055498786
20241108_133940_242203964,0.15238969
20241108_133940_741775509,0.19890387
20241108_133940_987838280,0.34540835
20241108_133941_235864360,0.21973838
20241108_133941_492271795,0.70437336
20241108_133941_748782787,0.3587144
20241108_133941_997511361,0.2219411
20241108_133942_997881346,0.22673829
20241108_133943_489030444,0.22647713
20241108_133943_736526805,0.20401873
20241108_133943_988578947,-0.016435077
20241108_133944_243623276,0.013451407
20241108_133944_738434745,-0.00864323
20241108_133945_249658982,0.002584586
20241108_133945_497011040,0.008457283
20241108_133945_995973353,0.043573953
20241108_133947_246380541,0.03832663
20241108_133947_493238903,0.03168259
20241108_133948_002893804,-0.004497936
20241108_133948_736605883,0.012733439
20241108_133948_983240891,-0.054125153
20241108_133949_491870795,-0.07277336
20241108_133949_739337319,-0.07436209
20241108_133950_247775625,0.014190296
20241108_133950_505099104,-0.19352569
20241108_133951_244171845,-0.0750561
20241108_133951_490622269,-0.032292537
20241108_133951_985143159,-0.002968004
20241108_133952_237791140,-0.016872248
20241108_133952_485740960,-0.03572979
20241108_133952_735326901,0.026088545
20241108_133953_495423720,-0.0042098965
20241108_133953_742102530,0.19528009
20241108_133953_995487951,0.6391486
20241108_133954_245079962,-0.44680476
20241108_133954_497719092,0.34058145
20241108_133954_749424479,0.2795493
20241108_133955_000253110,0.26098776
20241108_133955_252516188,0.29694238
20241108_133955_502489529,0.34061432
20241108_133955_747214914,0.3273195
20241108_133955_995685718,0.2819424
20241108_133956_496110221,0.27924603
20241108_133956_736096126,0.22367384
20241108_133956_983946785,0.23074456
20241108_133957_492358043,0.42355445
20241108_133957_983441880,0.106614
20241108_133958_233557609,-0.05818104
20241108_133958_484487095,0.08305434
20241108_133958_736753952,0.14608197
20241108_133958_999537156,-0.104173504
20241108_133959_239320402,-0.0117908325
20241108_133959_492029201,-0.11881592
20241108_133959_755315281,-0.06046807
20241108_134000_000730249,-0.10069155
20241108_134000_245458237,0.0053119455
20241108_134000_498451006,-0.080511175
20241108_134000_740291732,0.31033334
20241108_134000_988733353,0.08253095
20241108_134001_244150455,0.101583906
20241108_134001_496392260,0.15249018
20241108_134001_996025027,0.17528577
20241108_134002_494030869,0.11482323
20241108_134002_987648233,0.08822719
20241108_134003_740789080,0.07381926
20241108_134003_993454080,0.08863316
20241108_134005_238732960,0.09178118
20241108_134005_987908647,0.13343705
20241108_134006_240469140,0.18646102
20241108_134006_505954090,0.11311082
20241108_134006_991788165,0.14964218
20241108_134007_239070289,0.08361847
20241108_134007_493611915,0.08625079
20241108_134007_738578348,0.10042364
20241108_134007_987311966,0.08237428
20241108_134008_234440436,-0.0986829
20241108_134008_732245714,-0.0058165696
20241108_134009_984059968,-0.042476527
20241108_134010_237714990,0.061175235
20241108_134010_490762635,0.1001072
20241108_134010_736484609,-0.022085031
20241108_134010_992433676,0.17909029
20241108_134011_239049044,0.18117322
20241108_134011_493387349,0.08019791
20241108_134011_735004683,0.035524286
20241108_134011_986513465,-0.1217074
20241108_134012_233361872,-0.040119313
20241108_134012_486566753,0.0031079445
20241108_134013_488331815,-0.07527407
20241108_134013_733323385,0.39207664
20241108_134013_987720415,0.25833005
20241108_134014_733046412,0.27806234
20241108_134015_486032284,0.26852307
20241108_134015_992438325,0.34910914
20241108_134016_489706647,0.10893992
20241108_134016_735866408,0.075235285
20241108_134017_487572293,0.08139638
20241108_134017_991487432,-0.0032425728
20241108_134019_237337197,0.070329465
20241108_134019_994518614,-0.06867125
20241108_134020_243542393,-0.8398315
20241108_134020_501640050,-0.34619927
20241108_134020_738195692,-0.100847
20241108_134023_229251071,-0.32123405
20241108_134023_481760212,-0.3181024
20241108_134023_731519007,-0.15398754
20241108_134023_983650096,-0.16576527
20241108_134024_235497743,-0.30883792
20241108_134024_490751902,-0.23952515
20241108_134024_741814138,-0.24389862
20241108_134024_990161397,-0.21854515
20241108_134025_237378779,-0.16579752
20241108_134026_739375282,-0.28237614
20241108_134026_985261802,-0.2748617
20241108_134027_231426218,-0.21022223
20241108_134027_732706817,-0.20574589
20241108_134027_987520706,-0.24272574
20241108_134028_232701709,-0.21349238
20241108_134028_485629092,-0.18761297
20241108_134028_992103194,-0.16494073
20241108_134029_483268705,-0.11758917
20241108_134029_732533121,-0.094345026
20241108_134030_987486786,-0.089983396
20241108_134031_247832960,-0.01664283
20241108_134032_237169385,-0.093089305
20241108_134032_485034237,-0.072176
20241108_134032_737824872,-0.3739618
20241108_134032_983498470,-0.4877441
20241108_134033_233533739,-0.3912485
20241108_134033_484962188,-0.3479732
20241108_134035_486434472,-0.44250995
20241108_134035_729785596,0.27722242
20241108_134035_986556215,0.056673862
20241108_134036_234384986,0.10044224
20241108_134036_482446999,0.049916662
20241108_134036_732859525,-0.0010220315
20241108_134037_999076850,-0.031113168
20241108_134038_490016725,0.04216493
20241108_134038_736969997,0.09643523
20241108_134040_237359118,0.065881826
20241108_134040_493345314,0.14917274
20241108_134040_739640587,0.27737856
20241108_134040_988607726,0.34571484
20241108_134041_235126177,0.24115704
20241108_134042_239279195,0.19368558
20241108_134042_490253276,0.15436201
20241108_134042_739111614,0.15093912
20241108_134042_990175153,0.18473034
20241108_134043_236946009,0.13458629
20241108_134043_740702103,0.14450093
20241108_134043_986924259,0.052703895
20241108_134044_232421502,0.08034087
20241108_134044_735782755,0.08198098
20241108_134045_229964864,0.09429098
20241108_134045_481576630,0.068500705
20241108_134045_732514733,0.06275869
20241108_134047_740148108,0.17790817
20241108_134047_995807785,2.1121979
20241108_134048_261277775,-0.2973426
20241108_134048_507079382,-0.21070857
20241108_134048_753432171,-0.16186984
20241108_134049_002313829,-0.009745801
20241108_134049_244990316,0.24075903
20241108_134049_489762231,0.18515041
20241108_134049_733414868,0.1332878
20241108_134049_991364639,0.124486424
20241108_134050_255662306,-0.09874388
20241108_134050_497955534,-0.27376547
20241108_134050_758658337,-0.044954978
20241108_134051_007726876,0.0035184417
20241108_134051_500297363,-0.23414947
20241108_134051_740980167,-0.32655498
20241108_134052_243978829,-0.12589772
20241108_134052_493062657,-0.0688928
20241108_134052_739464008,-0.048037253
20241108_134052_988755477,-0.028069457
20241108_134053_242726146,-0.041326724
20241108_134053_490096267,-0.017949065
20241108_134053_740306916,0.31773323
20241108_134053_991817567,0.61750424
20241108_134054_241742781,0.6294152
20241108_134054_491507534,0.6012249
20241108_134054_740522917,0.5166865
20241108_134055_230481299,0.5768189
20241108_134055_736417779,0.49940762
20241108_134055_987614825,0.4073929
20241108_134056_236093006,0.499907
20241108_134056_488227874,0.493592
20241108_134056_731282273,-0.8382728
20241108_134056_982166542,-0.01358404
20241108_134057_234478085,-0.8198968
20241108_134057_489243639,0.2686539
20241108_134057_731465817,0.7435133
20241108_134057_989055729,0.38117358
20241108_134058_233596711,0.37987813
20241108_134058_482787549,0.59859353
20241108_134059_492599571,0.9400397
20241108_134059_741161911,0.96818334
20241108_134059_990496518,0.2795401
20241108_134100_233690795,0.19963937
20241108_134100_492693815,0.28142092
20241108_134100_737200752,0.1525064
20241108_134100_989714994,0.06652162
20241108_134101_237443084,0.13052861
20241108_134101_494973558,0.1830342
20241108_134101_744556122,0.2922307
20241108_134101_995159016,0.22597907
20241108_134102_242026757,0.18944536
20241108_134102_497211913,0.7695761
20241108_134102_751894029,-0.26081896
20241108_134102_998757279,-0.5111299
20241108_134103_243860959,-0.1508608
20241108_134103_489394790,-0.21161412
20241108_134103_739572044,-0.22006984
20241108_134104_004155619,-0.38383105
20241108_134104_490871989,-0.18440117
20241108_134104_733926518,-0.1865959
20241108_134104_989924781,-0.26138005
20241108_134105_241774492,0.024865786
20241108_134105_491883004,0.098632924
20241108_134105_737882612,-0.10215708
20241108_134105_992841163,0.034017242
20241108_134106_237756567,0.002553204
20241108_134106_499383111,0.014218608
20241108_134106_998744063,-0.05013796
20241108_134107_235226523,-1.2220831
20241108_134107_488886126,1.1108344
20241108_134107_741056413,0.8659909
20241108_134107_993387092,0.51749057
20241108_134108_244514442,0.13708667
20241108_134108_490486301,0.108412005
20241108_134108_735272212,0.15868764
20241108_134108_990873172,0.31456944
20241108_134109_242649711,0.2386557
20241108_134109_495289875,0.25578916
20241108_134110_492716758,0.18267976
20241108_134110_742825904,0.89089894
20241108_134110_999136963,0.86670464
20241108_134111_240267111,0.6212085
20241108_134111_487430225,0.8748115
20241108_134113_234809569,0.6967067
20241108_134113_487669698,0.80355114
20241108_134113_735628512,0.57276744
20241108_134114_244246134,0.5787006
20241108_134115_487431087,0.25934827
20241108_134115_734562243,0.2828861
20241108_134116_231754337,0.18296124
20241108_134116_483558032,0.124573745
20241108_134116_987020537,0.17546625
20241108_134117_493104200,-0.20676352
20241108_134117_759018679,-0.09821468
20241108_134117_999053977,-0.1798345
20241108_134118_249416986,-0.32310215
20241108_134118_494953975,-0.200637
20241108_134118_740933872,-0.207002
20241108_134118_988561309,-0.16435598
20241108_134119_234596786,0.036953904
20241108_134119_487076300,0.34683925
20241108_134119_731224707,0.1792451
20241108_134119_985144287,0.094454266
20241108_134120_483227084,0.14916511
20241108_134120_730637452,0.1884395
20241108_134120_981534203,0.19075947
20241108_134121_235659237,0.21559967
20241108_134121_488915804,0.22836094
20241108_134122_236787595,0.22133152
20241108_134122_739050342,0.21948321
20241108_134122_990765803,0.22051312
20241108_134124_989694900,0.20788316
20241108_134125_234449869,0.8156691
20241108_134125_491458647,0.9426167
20241108_134125_735961033,0.627791
20241108_134125_995269225,0.45350873
20241108_134126_241945844,0.39754525
20241108_134126_492319666,0.49472287
20241108_134126_738576077,1.1066724
20241108_134126_996345527,1.0713856
20241108_134127_244631140,0.72764915
20241108_134127_490870844,0.77746975
20241108_134127_741104599,1.025269
20241108_134127_998641899,0.95552355
20241108_134128_241674369,0.67785597
20241108_134128_490942943,0.5246891
20241108_134128_742649995,0.5034086
20241108_134128_990395441,0.6437203
20241108_134129_488338717,0.56444615
20241108_134129_732720770,0.84473
20241108_134129_980857999,0.72700167
20241108_134130_231207130,0.770459
20241108_134130_482870114,0.8198316
20241108_134130_730587068,0.696977
20241108_134130_982581889,0.7560252
20241108_134131_233698221,0.5060837
20241108_134131_486473855,0.91407365
20241108_134131_731752329,0.73162526
20241108_134131_986360527,0.5690728
20241108_134132_229972031,0.10100191
20241108_134132_486681640,0.7556487
20241108_134132_731570394,0.53747916
20241108_134132_978829190,0.7042292
20241108_134133_230616505,0.63196534
20241108_134133_481569749,0.57982045
20241108_134133_730265532,0.5688845
20241108_134133_983329916,0.6872092
20241108_134134_230427075,0.55633235
20241108_134134_733210569,0.35085338
20241108_134134_980440213,0.3515602
20241108_134135_234394005,0.39043167
20241108_134135_483753132,0.408365
20241108_134135_731803472,0.3914379
20241108_134135_982697352,0.35914543
20241108_134136_231123173,0.344282
20241108_134136_735593005,0.3426719
20241108_134136_985895963,0.40514773
20241108_134137_489232105,0.42651808
20241108_134137_737098415,0.3343573
20241108_134137_990706134,0.35267705
20241108_134138_241104479,0.3140133
20241108_134138_486983828,0.3570188
20241108_134139_231032468,0.624092
20241108_134139_481556850,0.41862714
20241108_134139_729473469,0.3713101
20241108_134139_979331529,0.43051806
20241108_134140_227556430,0.4961311
20241108_134140_479967039,0.40103853
20241108_134141_482889918,0.47629705
20241108_134141_734644859,0.9115656
20241108_134141_988797934,-0.7095283
20241108_134142_236587516,0.5050784
20241108_134142_489092024,0.8193271
20241108_134143_230768619,0.2651621
20241108_134143_482267194,0.35836023
20241108_134143_732139717,0.19294094
20241108_134143_992492273,-0.41985694
20241108_134144_245328627,-0.1872582
20241108_134144_492806257,-0.40114352
20241108_134144_735369809,-2.6252549
20241108_134144_988123877,-3.337456
20241108_134145_238030844,-0.8899617
20241108_134145_485322831,0.42519504
20241108_134145_736616168,0.7113378
20241108_134145_987349518,-0.12787654
20241108_134146_232924853,0.18179314
20241108_134146_486665013,0.087866046
20241108_134146_735995373,0.34282085
20241108_134146_985788257,1.6756858
20241108_134147_240710561,-0.21736778
20241108_134147_488046554,-0.65913165
20241108_134147_735358097,0.0038328003
20241108_134147_986836356,0.34120476
20241108_134148_234453809,0.22134566
20241108_134148_486852928,0.06348374
20241108_134148_733814478,0.12055708
20241108_134148_987409817,-0.009643337
20241108_134149_230569910,0.17402868
20241108_134149_481860048,0.15781005
20241108_134149_728905007,0.13755436
20241108_134149_980701200,0.14820723
20241108_134150_235568996,0.12817095
20241108_134150_487105640,-0.45026633
20241108_134150_736958425,-0.5750177
20241108_134150_997079779,-0.5731972
20241108_134151_241710834,-0.40701285
20241108_134151_741608586,-0.12130871
20241108_134151_998704333,-0.03342607
20241108_134152_244329280,-0.109172724
20241108_134152_496145652,-0.26649
20241108_134152_745309727,-0.2186522
20241108_134153_001680805,-0.35087046
20241108_134153_238883770,-0.52704936
20241108_134153_501767793,-1.5427579
20241108_134153_746509360,-0.75903493
20241108_134153_999767426,0.124582924
20241108_134154_246749095,-1.167868
20241108_134154_494262635,-0.7256021
20241108_134154_737556008,-0.14910401
20241108_134154_996741026,0.09541438
20241108_134155_241925390,-0.011135956
20241108_134155_492119120,0.4216492
20241108_134155_740093909,-0.75094956
20241108_134155_991583790,-0.42081326
20241108_134156_233431928,-0.19226724
20241108_134156_489385442,0.0040573515
20241108_134156_740856136,-0.17525609
20241108_134156_989022249,1.0223162
20241108_134157_234346573,-0.22937004
20241108_134157_481940847,-0.35317412
20241108_134157_732411732,-0.15272696
20241108_134157_982936339,-0.1678632
20241108_134158_234475115,-0.23443712
20241108_134158_487514271,-0.053919747
20241108_134158_737757981,-0.016924338
20241108_134158_992213406,0.059534706
20241108_134159_240175106,0.73892313
20241108_134159_486674184,0.3871521
20241108_134159_736325313,0.45730117
20241108_134159_989136922,-0.17883964
20241108_134200_239565145,-0.13111106
20241108_134200_495632184,-1.7873634
20241108_134200_749122369,0.5854981
20241108_134200_996570439,0.32046685
20241108_134201_246105006,0.25788626
20241108_134201_497490377,0.3923647
20241108_134201_738685701,1.3278832
20241108_134202_000322099,0.14360039
20241108_134202_247926097,0.11250261
20241108_134202_504308224,0.13950624
20241108_134202_742502225,0.25054425
20241108_134202_988828161,0.2706649
20241108_134203_235249348,0.81152475
20241108_134203_485972729,0.43882617
20241108_134203_730921193,0.5049324
20241108_134203_982526700,0.27067772
20241108_134204_229461393,0.39988714
20241108_134204_483289842,0.4118963
20241108_134204_730795894,1.1321312
20241108_134204_984684874,0.7625355
20241108_134205_233710204,-0.49784932
20241108_134205_496799511,-0.7757394
20241108_134205_748549250,-0.612256
20241108_134206_004838037,-0.049529813
20241108_134206_245930861,-0.10968353
20241108_134206_506273781,-0.42584127
20241108_134206_755897329,-0.28405023
20241108_134207_009161480,-0.29105178
20241108_134207_243055131,-0.53274494
20241108_134207_492640199,-0.40015373
20241108_134207_742076768,-0.3416139
20241108_134207_989673164,-0.268353
20241108_134208_231696150,-0.13394053
20241108_134208_481807134,-0.1058025
20241108_134208_728239878,-0.2656733
20241108_134208_986071702,-0.14634146
20241108_134209_236569847,-0.12112429
20241108_134209_483931873,-0.10455402
20241108_134209_735910590,-0.08124491
20241108_134209_985223996,-0.0018695891
20241108_134210_232534407,-0.06868788
20241108_134210_482076466,-0.010057589
20241108_134210_747769981,-0.080444954
20241108_134210_989907348,-0.1212615
20241108_134211_983442519,-0.14105059
20241108_134212_226898548,-0.15363587
20241108_134212_480726657,-0.07093086
20241108_134212_728779700,-0.07524278
20241108_134212_977432563,-0.16679145
20241108_134213_226233987,-0.19456281
20241108_134213_728979833,-0.38197535
20241108_134214_230437678,-0.3728324
20241108_134214_481193591,-0.26307407
20241108_134214_731628096,-0.21673833
20241108_134215_000217321,-0.25562367
20241108_134215_236406741,-0.17293815
20241108_134215_483423289,-0.077732526
20241108_134215_733731778,-0.21944399
20241108_134215_992995786,-0.09593322
20241108_134216_490000968,-0.48911548
20241108_134216_735729917,-0.20029743
20241108_134216_991075536,-0.14325447
20241108_134217_233719044,-0.27465376
20241108_134217_482504408,-0.12409391
20241108_134217_733814574,-0.20430566
20241108_134217_985674374,-0.02841266
20241108_134218_477403776,-0.27913076
20241108_134218_730889988,0.3202098
20241108_134218_986773454,0.08791085
20241108_134219_231378219,0.035020567
20241108_134219_482778196,0.08187685
20241108_134219_729315240,0.062308647
20241108_134219_977145622,0.20105992
20241108_134220_225686316,0.16701384
20241108_134220_480830819,0.12565891
20241108_134220_727317782,0.15123595
20241108_134220_981734960,0.11185274
20241108_134221_227817466,-0.057380818
20241108_134221_738066223,-0.09777876
20241108_134221_993532168,-0.13963549
20241108_134222_232329605,-0.09111496
20241108_134222_978450453,-0.08806696
20241108_134223_229326525,-0.24171115
20241108_134223_728528529,-0.40438572
20241108_134223_981318199,-0.45870316
20241108_134224_734489465,-2.4347904
20241108_134224_986515271,0.110490926
20241108_134225_236041236,0.49527892
20241108_134225_492675012,0.6137432
20241108_134225_744602885,0.024369756
20241108_134225_989708391,0.15682462
20241108_134226_255153519,0.2074974
20241108_134226_509689535,0.010801533
20241108_134226_748319811,0.081580795
20241108_134226_998437976,0.10501442
20241108_134227_248222177,-0.025056263
20241108_134227_495608718,0.0003617201
20241108_134227_742352383,0.028571585
20241108_134227_996469400,-0.00054129027
20241108_134228_731584784,0.09309135
20241108_134228_980830012,0.07555286
20241108_134229_234221131,0.11599598
20241108_134229_478268661,0.029066602
20241108_134229_731012248,0.06778703
20241108_134230_243375991,0.059376158
20241108_134230_496889835,-0.030162713
20241108_134230_741712931,-0.85938174
20241108_134230_985707201,-0.8096109
20241108_134231_237595534,-0.73732495
20241108_134231_489971856,-0.41823515
20241108_134231_734720796,-0.782083
20241108_134231_984298260,0.5716754
20241108_134232_230630235,-0.06343182
20241108_134232_481836486,-0.01739665
20241108_134232_730248234,-0.13105531
20241108_134232_987438410,-0.071540736
20241108_134233_236227399,-0.14635064
20241108_134233_488523887,-0.095982336
20241108_134234_237055756,-0.09027704
20241108_134234_494757826,-0.050102405
20241108_134234_742382008,0.06430099
20241108_134234_983613832,0.02067844
20241108_134235_487262918,0.054481067
20241108_134235_732007795,-0.0033791866
20241108_134235_980746312,0.11919499
20241108_134236_238144872,0.10510025
20241108_134236_487868427,0.07105742
20241108_134236_734575199,-0.023726603
20241108_134237_236526374,-0.0046700146
20241108_134237_494336080,0.018933455
20241108_134237_742624092,0.21135922
20241108_134237_992872030,0.7604272
20241108_134238_246138403,0.18725502
20241108_134238_496989748,0.20424823
20241108_134238_739293325,0.24263157
20241108_134238_987693386,0.12162899
20241108_134239_233784892,0.15545778
20241108_134239_481914786,0.18643668
20241108_134239_727628937,0.2465459
20241108_134239_980805355,0.6169522
20241108_134240_233465561,0.3814861
20241108_134240_478824922,0.04716645
20241108_134240_977897009,-0.101640485
20241108_134241_229266322,0.01185135
20241108_134241_477339594,-0.57968444
20241108_134241_726968841,-0.81864685
20241108_134241_980557785,-0.6882772
20241108_134242_237751074,-0.62293243
20241108_134242_492223868,-0.21241315
20241108_134242_734835452,-0.028834483
20241108_134242_986385523,0.50134116
20241108_134243_236484678,0.54711217
20241108_134243_488470298,0.91217625
20241108_134243_992121682,0.72204447
20241108_134244_235948327,0.6826128
20241108_134244_485714804,-0.6448062
20241108_134244_734692047,-0.8421537
20241108_134245_733865246,-0.22565033
20241108_134245_984830327,-0.28736427
20241108_134246_231724031,-0.7516714
20241108_134246_493045896,-0.14020677
20241108_134246_736568803,-0.7573107
20241108_134246_985507120,0.65676
20241108_134247_234425416,0.6691565
20241108_134247_490113951,-0.16046554
20241108_134247_735495418,-0.11812634
20241108_134247_981203498,-0.14518334
20241108_134248_232794748,-0.113986455
20241108_134248_486092759,-0.32552427
20241108_134248_744081089,-0.87316245
20241108_134248_995137506,-0.10877379
20241108_134249_235190119,-0.73705393
20241108_134249_483742718,-0.8887552
20241108_134249_984755466,-0.72477645
20241108_134250_233698003,-0.70274633
20241108_134250_484234709,-0.11921724
20241108_134250_729891814,-0.023695813
20241108_134250_982693016,-0.033674978
20241108_134251_228545729,0.1721703
20241108_134251_483972388,0.04091958
20241108_134251_733100757,-0.23939766
20241108_134251_984240104,0.60372174
20241108_134252_233373345,0.32274866
20241108_134252_483492999,0.30758598
20241108_134252_984626256,0.5254691
20241108_134253_487906730,0.5179551
20241108_134253_992825738,0.35016248
20241108_134254_240351779,0.8570908
20241108_134254_731657504,0.422385
20241108_134254_982456552,-0.8023461
20241108_134255_235928414,-0.6247606
20241108_134255_481947665,-0.6445088
20241108_134255_741707528,-0.6136543
20241108_134255_988970807,-0.6769652
20241108_134256_487354107,-0.7011533
20241108_134256_735064173,-0.570872
20241108_134256_985496289,0.6066373
20241108_134257_230576037,0.48861554
20241108_134257_731993151,0.45601147
20241108_134257_982367402,0.32805786
20241108_134258_229593069,0.31999895
20241108_134258_481159516,0.17354189
20241108_134258_979008374,0.58452046
20241108_134259_233345522,0.06995664
20241108_134259_485045426,-0.57765716
20241108_134259_733778694,0.27372357
20241108_134259_979510198,0.26108167
20241108_134300_232621946,0.13549982
20241108_134300_493781429,0.3313968
20241108_134300_745044146,0.51613015
20241108_134300_984839965,0.3238643
20241108_134301_233371639,0.3105274
20241108_134301_480611172,0.11049143
20241108_134301_979692019,0.20107876
20241108_134302_229091027,0.21292631
20241108_134302_482205645,-0.57916164
20241108_134302_733782093,0.673942
20241108_134302_986509333,0.21333933
20241108_134303_235788272,-0.087029554
20241108_134303_480949372,-0.111917935
20241108_134303_731933206,-0.15694483
20241108_134303_987359870,-0.30575943
20241108_134304_482077142,-0.17960526
20241108_134304_729084489,-0.08068951
20241108_134304_980066095,0.16145025
20241108_134305_730840282,0.030777553
20241108_134306_232902339,-0.06459709
20241108_134306_483288312,-0.17995177
20241108_134306_732597923,-0.09586718
20241108_134306_984653063,0.036465503
20241108_134307_234321933,-0.03173443
20241108_134307_980253709,-0.08174571
20241108_134308_231398425,-0.10762795
20241108_134308_484689182,-0.04426422
20241108_134308_731371530,0.14545296
20241108_134308_982087937,0.23151793
20241108_134309_230883709,0.103296496
20241108_134309_477243130,0.118843056
20241108_134309_730056759,0.09624348
20241108_134309_979315153,-0.08069893
20241108_134310_227427706,-0.04336252
20241108_134310_479083996,0.17461659
20241108_134310_731909455,0.25670156
20241108_134310_980483763,0.19935124
20241108_134312_982169201,0.15281151
20241108_134313_228172780,0.3805242
20241108_134313_478574289,0.4052266
20241108_134313_728202675,0.6618673
20241108_134313_981713980,1.5117294
20241108_134314_237480629,0.51932824
20241108_134314_496838602,0.46888766
20241108_134314_743449231,0.4437042
20241108_134314_990015724,0.38574094
20241108_134315_232053559,0.20634137
20241108_134315_479821449,-0.0030198898
20241108_134315_731079700,-0.50770396
20241108_134315_989039776,-0.24731226
20241108_134316_240322126,-0.1636617
20241108_134316_494542782,-0.11961477
20241108_134316_742361602,-0.19601895
20241108_134316_986865203,-0.15133364
20241108_134317_235083196,-0.16876246
20241108_134317_482004944,-0.15133305
20241108_134317_992864412,-0.13602726
20241108_134318_234963960,-0.15648676
20241108_134318_493197095,-0.57548356
20241108_134318_744254366,-0.29904675
20241108_134318_993577837,-0.21676336
20241108_134319_238133539,-0.21763752
20241108_134319_488155214,-0.21622543
20241108_134319_736560431,-0.2815903
20241108_134319_987998262,-0.17721657
20241108_134320_236094320,-0.18336953
20241108_134320_479643675,0.023878293
20241108_134320_729275062,-0.047457777
20241108_134320_977174253,-0.03056558
20241108_134321_225382227,-0.0351946
20241108_134321_729370371,-0.0006147828
20241108_134322_227930631,-0.058079176
20241108_134322_728225962,-0.06471338
20241108_134322_980236091,-0.08108359
20241108_134323_478537020,0.11231656
20241108_134323_725515074,0.032846577
20241108_134323_979032849,0.060531504
20241108_134324_227926301,0.043635167
20241108_134324_480648997,-0.0018724408
20241108_134324_983212242,0.10063223
20241108_134325_729731576,0.71857625
20241108_134325_983710903,0.20543309
20241108_134326_231225614,0.11182449
20241108_134326_482253886,0.18054794
20241108_134326_731045729,0.625791
20241108_134326_981744375,0.16543235
20241108_134327_227920978,0.34209326
20241108_134327_482398313,0.2789751
20241108_134327_735664507,-0.10585042
20241108_134327_986072950,-0.023900291
20241108_134328_233326724,0.025641063
20241108_134328_481753500,0.026501397
20241108_134328_732968629,0.085200764
20241108_134328_986116821,0.22705688
20241108_134329_231733117,0.14930062
20241108_134329_479737190,0.14816718
20241108_134329_730978315,0.2776896
20241108_134329_981401992,0.05891735
20241108_134330_231344947,0.6917935
20241108_134330_479634094,1.5435598
20241108_134330_731551283,0.1799299
20241108_134330_983365406,0.104875125
20241108_134331_237601159,0.40255123
20241108_134331_493208612,0.3933366
20241108_134332_487972292,0.37720862
20241108_134332_736494155,0.3111826
20241108_134332_987590491,1.5100497
20241108_134333_237731021,0.8116547
20241108_134333_490073383,-0.32051238
20241108_134333_743938424,-0.07678862
20241108_134333_996728166,0.0122326
20241108_134334_243782596,0.035672083
20241108_134334_491217222,-0.049002253
20241108_134334_987312360,-0.15745987
20241108_134335_237568975,-0.3563994
20241108_134335_481271310,-0.39357665
20241108_134335_982619885,-0.26562908
20241108_134336_228077349,-0.5235542
20241108_134336_983871719,0.4001908
20241108_134337_231224937,1.0178064
20241108_134337_483686720,1.1518683
20241108_134337_727834173,0.2578633
20241108_134337_983240038,0.049876325
20241108_134338_233973683,-0.010279084
20241108_134338_481727881,0.011358755
20241108_134338_738657694,0.021675026
20241108_134338_984671721,0.67626494
20241108_134339_489314234,0.40986755
20241108_134339_737383770,0.9102006
20241108_134339_991406443,0.6472796
20241108_134340_233898523,0.725638
20241108_134340_483424916,0.5803517
20241108_134340_733710011,0.23419459
20241108_134340_985427518,-0.074691944
20241108_134341_240164581,-0.05721902
20241108_134341_508677568,-1.0569795
20241108_134341_755914497,0.024271855
20241108_134341_998775036,-0.12932147
20241108_134342_242910185,-0.007003268
20241108_134342_491878426,0.06524161
20241108_134342_737425141,0.15534513
20241108_134342_984525403,0.044309057
20241108_134343_233269306,0.27641475
20241108_134343_481221490,0.0646681
20241108_134343_732187628,0.4124838
20241108_134343_980253739,0.23536144
20241108_134344_234756124,0.36787373
20241108_134344_486368928,0.29883716
20241108_134344_735034241,0.20394455
20241108_134344_984608915,0.18460576
20241108_134345_228811191,0.20513777
20241108_134345_477455769,0.19915949
20241108_134345_728808137,0.15312599
20241108_134345_986245690,-0.27699593
20241108_134346_232122325,-0.28773063
20241108_134346_486053844,-0.62489444
20241108_134346_738724220,0.34498027
20241108_134346_984639691,-0.7879761
20241108_134347_235589053,0.011446098
20241108_134347_483001420,-0.06419673
20241108_134347_733011711,-0.21306284
20241108_134347_996417902,-0.7551505
20241108_134348_248972967,-0.2319118
20241108_134348_492125438,-0.38738197
20241108_134348_739829309,0.06727118
20241108_134348_997906807,0.6799236
20241108_134349_234888495,-0.6219247
20241108_134349_487458519,-0.33841297
20241108_134349_734550642,-0.81667733
20241108_134349_982890014,-0.28065264
20241108_134350_229844746,-0.35898963
20241108_134350_475783315,-0.46826062
20241108_134350_725883450,-0.35640544
20241108_134351_232289314,-0.3394302
20241108_134351_482498813,-0.34893814
20241108_134351_982713650,-0.3118498
20241108_134352_232046231,-0.35403976
20241108_134352_489138017,-0.2776406
20241108_134352_737329499,-0.2929493
20241108_134352_985198966,-0.38132635
20241108_134353_483657502,-0.74953824
20241108_134353_735072388,-0.22286552
20241108_134353_985403290,-0.26821244
20241108_134354_230372230,-0.3741249
20241108_134354_480117942,-0.30232063
20241108_134354_734181450,-0.2999952
20241108_134354_986939145,-0.23098464
20241108_134355_241240582,-0.2182615
20241108_134355_499663367,-0.26852515
20241108_134355_736963705,-0.27698562
20241108_134355_985159544,-0.31002393
20241108_134356_230460591,-0.27889022
20241108_134356_483188145,-0.23685755
20241108_134356_730010754,-0.30689853
20241108_134356_981197306,-0.2667136
20241108_134357_235539176,-0.20597039
20241108_134357_483570357,-0.23750038
20241108_134357_731111222,-0.18304051
20241108_134358_231989297,-0.17559399
20241108_134358_487808342,-0.1339383
20241108_134358_736931967,0.19903176
20241108_134358_992846391,-0.097528815
20241108_134359_251962967,-1.8600677
20241108_134359_502150605,-0.44193625
20241108_134359_754203299,-0.44448432
20241108_134400_003027473,-0.46852753
20241108_134400_246797797,-0.5222166
20241108_134400_500155782,-0.7271704
20241108_134400_741104153,-0.78995913
20241108_134400_997076287,-1.0908264
20241108_134401_236166795,-1.2774142
20241108_134401_493409275,0.74430233
20241108_134401_739720504,0.13886778
20241108_134401_989726284,-0.002495965
20241108_134402_239858312,-0.45019224
20241108_134402_491868973,-0.27672604
20241108_134402_741068138,-0.16886695
20241108_134402_993684857,-0.0333369
20241108_134403_237751062,-0.06610807
20241108_134403_490998729,-0.20366271
20241108_134403_735590279,-0.18066396
20241108_134403_989350308,-0.17296179
20241108_134404_234119256,-0.17266105
20241108_134404_484433141,-0.04815706
20241108_134404_738708879,-0.099002205
20241108_134404_989532236,-0.17285548
20241108_134405_232236561,-0.15982525
20241108_134405_488897956,-0.2568946
20241108_134405_739208876,-0.48331383
20241108_134405_986394236,-0.5197012
20241108_134406_240942719,-0.48924077
20241108_134406_490441174,0.6965851
20241108_134406_741483307,1.3968828
20241108_134406_994328776,0.2938588
20241108_134407_248064206,0.70713764
20241108_134407_490442944,0.81390077
20241108_134407_734076936,0.31993356
20241108_134407_981720769,0.39657974
20241108_134408_235811805,0.37973756
20241108_134408_480104083,0.2773123
20241108_134408_728105102,0.076720275
20241108_134408_978696248,0.1520903
20241108_134409_226800175,0.026834497
20241108_134409_475673041,-0.0975154
20241108_134409_723020736,0.049276955
20241108_134409_973924666,0.12856339
20241108_134410_227663699,0.0989157
20241108_134410_476420491,0.08473731
20241108_134410_978835411,0.08478945
20241108_134411_226921866,0.094770856
20241108_134411_481882382,0.058718033
20241108_134411_734131394,-0.30429488
20241108_134411_990448043,0.072717085
20241108_134412_235338993,-0.14187892
20241108_134412_488048234,-0.08613708
20241108_134412_738830224,-0.14264013
20241108_134412_987365374,-0.18463938
20241108_134413_237500870,-0.2748031
20241108_134413_486028623,-0.3566338
20241108_134413_734473308,-1.3589805
20241108_134413_987176578,-0.63190067
20241108_134414_227163996,-0.33464253
20241108_134414_477762091,-0.45843196
20241108_134414_978348736,-0.17340507
20241108_134415_479493747,-0.12751283
20241108_134415_727176943,-0.23674238
20241108_134415_978392886,-0.65038687
20241108_134416_230770583,-0.56147677
20241108_134416_478440996,-0.26935
20241108_134416_732928840,-0.23351501
20241108_134416_987364758,-0.59911567
20241108_134417_237376239,-0.73830265
20241108_134417_491591479,-2.7521029
20241108_134417_733568368,-0.81105965
20241108_134417_991634590,-0.36970535
20241108_134418_235158006,-0.080229364
20241108_134418_489066526,1.6058593
20241108_134418_735817532,-0.15039319
20241108_134418_991406129,-0.07213052
20241108_134419_229194420,-0.034421228
20241108_134419_480314769,-0.11523601
20241108_134419_731955944,-0.14637722
20241108_134419_982231298,-0.46831307
20241108_134420_227014522,-0.72547406
20241108_134420_474903871,-0.48600933
20241108_134420_724024750,0.13933985
20241108_134420_975537204,-0.3291831
20241108_134421_223113662,-0.1662029
20241108_134421_477508909,0.9271717
20241108_134421_724177789,0.5201757
20241108_134421_978604649,0.47078088
20241108_134422_225371795,0.40848088
20241108_134422_475251571,0.3880521
20241108_134422_725007304,0.49805835
20241108_134423_227082684,0.40067935
20241108_134423_476803910,0.18367885
20241108_134423_728204963,0.10960663
20241108_134423_979991842,0.23965256
20241108_134424_227104308,0.15844093
20241108_134424_480997988,-0.12860207
20241108_134424_725822188,-0.073108576
20241108_134424_979969619,-0.04131546
20241108_134425_224873096,-0.059909187
20241108_134425_477345798,0.22061631
20241108_134425_724559426,0.35712063
20241108_134425_977850316,0.85569125
20241108_134426_227723394,1.605528
20241108_134426_481945409,0.57705384
20241108_134426_728303388,0.18771218
20241108_134426_976515048,0.087860085
20241108_134427_222294261,0.18776767
20241108_134427_473453598,1.3776549
20241108_134427_727591223,-0.7728657
20241108_134427_973812034,-0.53965384
20241108_134428_228393821,-0.31874046
20241108_134428_479492832,-0.4555368
20241108_134428_725747622,-0.44855145
20241108_134428_974912285,-0.60974973
20241108_134429_227198813,-0.6676441
20241108_134429_475779524,-0.46486285
20241108_134429_730000466,-0.4413926
20241108_134429_978630850,-0.3837885
20241108_134430_226819501,-0.73542506
20241108_134430_478123655,-0.507622
20241108_134430_726177648,-0.28100285
20241108_134430_976351457,-0.44128677
20241108_134431_225394060,-0.2052054
20241108_134431_478086665,-0.28057042
20241108_134431_730007674,-0.31520405
20241108_134431_985031370,-0.68429214
20241108_134432_234411868,-0.36803922
20241108_134432_484629115,-0.30633065
20241108_134432_732003212,-0.3105729
20241108_134433_226438883,-0.36660862
20241108_134433_476987508,-0.4607907
20241108_134433_731900081,-0.33071825
20241108_134433_979418931,-0.5429225
20241108_134434_232211139,-0.4081001
20241108_134434_729046233,-0.96713644
20241108_134434_977170424,-0.596468
20241108_134435_232535845,-0.39980626
20241108_134435_484078295,-0.44941467
20241108_134436_482038648,-0.2740905
20241108_134436_727873142,0.001000844
20241108_134436_979011178,-0.020736417
20241108_134437_231769668,-0.026428388
20241108_134437_481209748,-0.078723215
20241108_134437_730440403,-0.19520791
20241108_134437_980948640,-0.32257995
20241108_134438_224593115,-0.18506266
20241108_134438_475275275,0.13388635
20241108_134438_976934165,0.01653401
20241108_134439_226419747,-0.032485746
20241108_134439_478238663,0.04420767
20241108_134439_728860190,0.052877523
20241108_134440_224219348,0.55581933
20241108_134440_476511718,0.22629319
20241108_134440_974143503,0.10991291
20241108_134441_228605263,0.11899743
20241108_134441_489936506,0.052566208
20241108_134441_736121571,0.12946098
20241108_134441_980386042,0.14056791
20241108_134442_230697044,0.0918924
20241108_134442_478755429,0.10521809
20241108_134442_726413399,0.106714465
20241108_134442_978782922,0.114157535
20241108_134443_225195802,0.07259003
20241108_134443_477428938,0.36539105
20241108_134443_981543553,0.17150651
20241108_134444_477574070,0.33560485
20241108_134444_725532085,0.31825635
20241108_134445_477269720,1.1488669
20241108_134445_726817236,2.1313908
20241108_134445_980747926,-0.57172394
20241108_134446_225202795,-0.1931335
20241108_134446_477335785,-1.3891364
20241108_134446_725454277,-0.15830208
20241108_134446_976593417,-0.21993406
20241108_134447_223365856,-0.12051954
20241108_134447_480786291,0.23969166
20241108_134447_729724882,0.035384275
20241108_134447_979966164,0.14826517
20241108_134448_228487625,0.3176906
20241108_134448_478312622,0.14291607
20241108_134448_725468781,0.34800905
20241108_134448_973857404,0.666806
20241108_134449_223735746,0.4516822
20241108_134449_476493988,-0.014235934
20241108_134449_725063865,0.0835034
20241108_134449_975657583,-0.019734344
20241108_134450_227625835,-0.052668594
20241108_134450_479117608,0.041607
20241108_134450_981671140,0.013249675
20241108_134451_481307475,0.0030149613
20241108_134451_732944405,-0.032532476
20241108_134451_980012709,-0.005482873
20241108_134452_226724912,-0.100544654
20241108_134452_479496815,-0.017454525
20241108_134452_728462601,-0.020410022
20241108_134452_979123758,-0.005469164
20241108_134453_227317532,-0.033122085
20241108_134453_479867113,-0.023925802
20241108_134454_227627972,0.4972454
20241108_134454_477913617,0.12968978
20241108_134454_731126539,0.039177753
20241108_134454_979510074,0.04404012
20241108_134455_228297838,-0.06527629
20241108_134455_482130520,-0.06787666
20241108_134455_726926339,-0.5436586
20241108_134455_977370970,-0.33069292
20241108_134456_228662787,-0.21303226
20241108_134456_483395900,-0.25202242
20241108_134456_738772878,-0.21872522
20241108_134457_230934627,-0.14780296
20241108_134457_477509464,-0.18515272
20241108_134457_725731065,-0.21034433
20241108_134457_976097070,-0.7111184
20241108_134458_224426182,-0.72353244
20241108_134458_473872039,0.40007737
20241108_134458_722809683,0.9433888
20241108_134458_976418775,0.035400905
20241108_134459_229640162,0.010729173
20241108_134459_488784853,0.67571825
20241108_134459_749670787,0.7186954
20241108_134500_005842905,-0.09367633
20241108_134500_249080162,0.0119132195
20241108_134500_499867313,-0.037780628
20241108_134500_754807836,0.1114609
20241108_134501_002417234,0.15411852
20241108_134501_252339206,0.054673113
20241108_134501_506358529,-0.0048282947
20241108_134501_753782576,-0.37580714
20241108_134502_008081103,-0.5310858
20241108_134502_252453209,-0.43601143
20241108_134502_502539891,-0.5495287
20241108_134502_744309928,-0.5300815
20241108_134502_990246905,-0.36863592
20241108_134503_233177969,-0.49094462
20241108_134503_484474930,-0.7998951
20241108_134503_731380650,-0.4727408
20241108_134503_982833621,-0.05585914
20241108_134504_487470413,-0.053902447
20241108_134504_734056499,0.083338864
20241108_134504_988875871,-0.028881332
20241108_134505_230846140,-0.052722655
20241108_134505_482829558,-0.09062766
20241108_134505_729228030,0.037390567
20241108_134505_983625312,0.023020545
20241108_134506_234251270,-0.40007976
20241108_134506_492512252,-0.31845394
20241108_134506_736788351,-0.2743595
20241108_134506_985123540,-0.43221077
20241108_134507_237125338,-0.364381
20241108_134507_488636196,-0.3377923
20241108_134507_733232166,-0.2816455
20241108_134507_984009394,-1.0600221
20241108_134508_233945044,-0.7373261
20241108_134508_486946435,-0.86609185
20241108_134508_734270923,0.51499975
20241108_134508_990143835,0.28917983
20241108_134509_242042902,-0.17730708
20241108_134509_504711362,-0.23025523
20241108_134509_749829777,0.37954774
20241108_134510_007320338,0.13305615
20241108_134510_249285713,-0.01925846
20241108_134510_493040469,0.291088
20241108_134510_738921815,0.57294804
20241108_134510_989002231,0.3853679
20241108_134511_236382884,0.11623549
20241108_134511_495513133,1.4723883
20241108_134511_745856766,0.85591024
20241108_134511_988855082,0.6722009
20241108_134512_233937166,0.3887479
20241108_134512_482835503,0.26966593
20241108_134512_731199386,0.5438711
20241108_134512_985115825,0.52314895
20241108_134513_229786952,0.6889704
20241108_134513_479634391,0.4823341
20241108_134513_732108823,0.5322942
20241108_134513_983786717,0.44501236
20241108_134514_242887712,0.2670693
20241108_134514_496675100,-0.014153859
20241108_134514_733926201,-0.068064325
20241108_134514_983581436,-0.18629916
20241108_134515_236318165,-0.12330144
20241108_134515_485742929,-0.034387402
20241108_134515_991564250,-0.04612895
20241108_134516_237253615,-0.30661625
20241108_134516_488558614,-0.16814356
20241108_134516_736600834,-0.16340531
20241108_134516_990948984,-0.15017895
20241108_134517_235216273,-0.08978563
20241108_134517_485089599,-0.13141115
20241108_134517_729581894,-0.08425521
20241108_134517_982481422,-0.062320016
20241108_134518_230967284,-0.05893185
20241108_134518_489976681,-0.14359148
20241108_134518_738811788,-0.020598521
20241108_134518_988499235,0.16064976
20241108_134519_233346046,0.027119318
20241108_134519_489010862,-0.09364312
20241108_134519_730491765,-0.005431762
20241108_134519_986128273,0.40694556
20241108_134520_230120300,-0.14105614
20241108_134520_484324878,-0.012585299
20241108_134520_735478711,0.15245523
20241108_134520_992763042,0.11360384
20241108_134521_231734371,-0.038838528
20241108_134521_479418003,-0.040378653
20241108_134521_724222164,-0.013413867
20241108_134521_981607663,0.14712015
20241108_134522_233920930,0.05242131
20241108_134522_493859496,-0.025520822
20241108_134522_732909963,0.1832548
20241108_134522_982060167,0.36981127
20241108_134523_227655699,0.41715112
20241108_134523_481158958,0.3664571
20241108_134523_726391949,0.8347116
20241108_134523_977970405,0.40386358
20241108_134524_223748666,0.40319258
20241108_134524_478528492,0.29180267
20241108_134524_723921940,0.3188568
20241108_134524_973513183,0.26239064
20241108_134525_230182317,0.2191133
20241108_134525_477253929,0.15903212
20241108_134525_978636230,0.6613939
20241108_134526_224281674,0.30609754
20241108_134526_479863470,-0.087288044
20241108_134526_731298703,-0.14741813
20241108_134526_984234820,-0.06876447
20241108_134527_226742946,-0.050183885
20241108_134527_476991969,-0.06602418
20241108_134527_982539491,0.17634295
20241108_134528_235768283,0.06850571
20241108_134528_477487696,-0.29601413
20241108_134528_725191050,-0.10865297
20241108_134528_975264936,-0.17610215
20241108_134529_228775225,-0.19275127
20241108_134529_487909527,-0.3933919
20241108_134529_731848189,-2.0051553
20241108_134529_982533939,-0.23836206
20241108_134530_232235233,-0.17248061
20241108_134530_480857523,0.14576818
20241108_134530_728405048,-0.08972142
20241108_134530_979237134,0.38888946
20241108_134531_227698414,-0.14049365
20241108_134531_481361121,-0.052882038
20241108_134531_728572726,-0.1078588
20241108_134531_979449288,-0.1268204
20241108_134532_233711742,-0.1951006
20241108_134532_483100622,-0.026871732
20241108_134532_976462102,-0.15079547
20241108_134533_229762885,-0.10448253
20241108_134533_480815015,0.31778723
20241108_134533_727984627,0.2753286
20241108_134533_977509601,0.18369047
20241108_134534_227381360,0.120631196
20241108_134534_477162157,0.35814512
20241108_134534_725108551,0.25417587
20241108_134534_974895291,0.21275084
20241108_134535_224819938,0.16975777
20241108_134535_475758634,0.16720341
20241108_134535_724638507,0.18734549
20241108_134535_974273858,0.07439778
20241108_134536_220772078,0.0012572203
20241108_134536_480800211,0.06669692
20241108_134536_977516232,0.20132698
20241108_134537_480490813,0.3044943
20241108_134537_725739860,-0.073041044
20241108_134537_974293743,0.04631845
20241108_134538_221962059,0.002468029
20241108_134538_480621176,0.033079483
20241108_134538_724606026,0.0745405
20241108_134538_976041525,0.032342352
20241108_134539_223850159,0.038748004
20241108_134539_475122619,0.07268188
20241108_134539_724700760,0.093619056
20241108_134539_974512373,0.12809233
20241108_134540_224895949,0.07374386
20241108_134540_488673900,-0.0018358435
20241108_134540_738230639,0.16397344
20241108_134541_476810936,0.16960491
20241108_134541_724980111,0.061710246
20241108_134541_973710858,0.04339028
20241108_134542_220494707,2.0610287
20241108_134542_472396321,0.23475613
20241108_134542_722394985,0.32444605
20241108_134542_978270340,0.28051183
20241108_134543_228895994,0.30009297
20241108_134543_476534771,0.29943916
20241108_134543_722656340,0.31740725
20241108_134544_227292797,0.3360554
20241108_134544_733273994,0.14049353
20241108_134544_987513751,0.17511757
20241108_134545_231403411,0.20961337
20241108_134545_476780785,0.32862055
20241108_134545_721874599,0.38819936
20241108_134546_473040425,0.33123887
20241108_134546_722909905,0.28362334
20241108_134546_975378429,0.20369516
20241108_134547_222360462,0.1882645
20241108_134547_473171595,0.18735556
20241108_134547_723803522,0.19311334
20241108_134547_976979506,0.18905424
20241108_134548_230665213,0.17145409
20241108_134548_481425100,0.19565971
20241108_134548_734116798,0.18695374
20241108_134548_992082733,0.13207798
20241108_134549_238491562,0.16313736
20241108_134549_493028074,0.12096212
20241108_134549_733209348,0.6490035
20241108_134549_981212359,0.33923277
20241108_134550_238483502,-0.15800585
20241108_134550_487850555,-0.04036381
20241108_134550_731981935,-0.19801407
20241108_134550_984122645,-0.16043325
20241108_134551_232160484,-0.03761994
20241108_134551_479124499,-0.052784555
20241108_134551_728477469,-0.02804037
20241108_134552_225501866,0.20326293
20241108_134552_478509301,0.07598887
20241108_134552_725997425,0.07649843
20241108_134552_976249238,0.087279625
20241108_134553_226589314,0.070709534
20241108_134553_473432140,0.025208691
20241108_134553_720908183,0.043526657
20241108_134554_223470724,0.054044016
20241108_134554_479419767,0.061779507
20241108_134554_726802365,0.07698078
20241108_134554_975944807,0.0709768
20241108_134555_724071565,0.25541785
20241108_134555_974540801,0.020173768
20241108_134556_221223873,0.06360806
20241108_134556_474234298,-0.02003487
20241108_134556_725471622,0.014009217
20241108_134556_977774247,0.0077404175
20241108_134557_223949010,0.034069456
20241108_134557_475335649,0.028734187
20241108_134557_721275725,0.028577128
20241108_134557_971364280,0.023263255
20241108_134558_224018835,-0.29383743
20241108_134558_472458963,-0.30837822
20241108_134558_725744755,-0.0991699
20241108_134558_977354850,-0.10303118
20241108_134559_226643055,-0.11575069
20241108_134559_473960986,-1.4836117
20241108_134559_724031320,-2.5654287
20241108_134559_975669858,-1.9514745
20241108_134600_229952743,0.30458114
20241108_134600_496887238,-0.09926631
20241108_134600_742034815,0.10841588
20241108_134600_987347487,-0.29634163
20241108_134601_234948340,-0.5259468
20241108_134601_497543144,-0.88359666
20241108_134601_740039007,0.36104015
20241108_134601_990403212,0.512076
20241108_134602_234782548,1.2931263
20241108_134602_483049444,-0.66362816
20241108_134602_734587466,-0.5041621
20241108_134602_981295645,-0.47122347
20241108_134603_226895840,0.75924814
20241108_134603_480704109,0.7145435
20241108_134603_729584740,1.1089668
20241108_134603_979459832,0.42747027
20241108_134604_225583834,0.4043458
20241108_134604_479671578,0.37608865
20241108_134604_731136713,0.4046689
20241108_134604_978640131,0.3175633
20241108_134605_234431188,0.29218715
20241108_134605_483772171,0.23977704
20241108_134605_727287370,0.3168356
20241108_134605_985502517,0.33722734
20241108_134606_230483503,0.22532119
20241108_134606_477770574,0.19720067
20241108_134606_730250790,0.18051587
20241108_134606_988020704,0.15651895
20241108_134607_229462134,0.10817102
20241108_134607_482503865,0.053333946
20241108_134607_731549292,0.082490586
20241108_134607_983979724,-0.006423207
20241108_134608_226946090,-0.072120644
20241108_134608_481989819,-0.030741451
20241108_134608_739073948,0.033528253
20241108_134609_236039538,0.015580019
20241108_134609_483013375,-0.09980825
20241108_134609_727282728,-0.19825964
20241108_134609_976103137,-0.06442047
20241108_134610_231523713,-0.059064947
20241108_134610_487301965,-0.06531085
20241108_134610_746619662,-0.21184283
20241108_134610_987125943,-0.25802317
20241108_134611_478631878,-1.1833957
20241108_134611_727162861,-0.8040142
20241108_134611_990103731,-1.1891727
20241108_134612_232256125,-0.6098353
20241108_134612_484342682,-1.0881323
20241108_134612_732384302,-0.8848266
20241108_134612_987817844,-0.9624793
20241108_134613_231902904,-0.4567116
20241108_134613_482608938,0.14739034
20241108_134613_725103388,0.118306376
20241108_134613_981198462,0.19723706
20241108_134614_227963102,0.056560166
20241108_134614_481392860,0.17456351
20241108_134614_735142809,-0.060431205
20241108_134614_988149268,0.021332184
20241108_134615_227577642,-0.025189122
20241108_134615_487380645,-0.02764096
20241108_134615_749374386,-0.023174515
20241108_134615_998882312,0.017359445
20241108_134616_243489282,0.04996983
20241108_134616_490027208,0.02059553
20241108_134616_732877978,-0.027008614
20241108_134616_988080929,-0.023548147
20241108_134617_232802064,-0.14472996
20241108_134617_488905691,-0.22288932
20241108_134617_730016510,-0.07544034
20241108_134617_982302877,0.07890067
20241108_134618_233408421,1.0063254
20241108_134618_482809840,0.19924499
20241108_134618_735985870,0.010166237
20241108_134619_229929158,0.54480964
20241108_134619_495678248,0.46449748
20241108_134619_732119619,0.0059723426
20241108_134619_979331595,0.91058046
20241108_134620_228825896,0.81447166
20241108_134620_485894702,0.5709392
20241108_134620_983772689,1.1495856
20241108_134621_231166777,0.8996259
20241108_134621_481559938,0.6042264
20241108_134621_735769302,0.5350383
20241108_134621_985534654,0.5434361
20241108_134622_235849581,0.47863737
20241108_134622_491581783,0.3094265
20241108_134622_741727792,0.21750925
20241108_134622_990339172,0.06569532
20241108_134623_228873029,-0.1576928
20241108_134623_485169699,-0.10654714
20241108_134623_731705827,0.24350463
20241108_134623_984514727,0.5097725
20241108_134624_232983592,0.69626397
20241108_134624_483329505,1.0201281
20241108_134624_731115733,-0.7619168
20241108_134624_980999923,-0.3179452
20241108_134625_231164080,-0.10012979
20241108_134625_477052781,-0.22665818
20241108_134625_727173551,-0.22966065
20241108_134625_980717927,-0.3232017
20241108_134626_223942948,-0.29666847
20241108_134626_478656217,-0.38222116
20241108_134626_726236226,-0.15446283
20241108_134626_985691666,-0.22061558
20241108_134627_231764172,-0.1938311
20241108_134627_485327852,-0.24869736
20241108_134627_725888145,-0.11665519
20241108_134627_980486401,-0.221608
20241108_134628_232226584,-1.809388
20241108_134628_482079787,-0.57550716
20241108_134628_728516122,-1.6852118
20241108_134628_977338075,0.48818102
20241108_134629_229098906,0.5167497
20241108_134629_476516309,0.599729
20241108_134629_726756414,0.72222644
20241108_134629_981214239,0.46340305
20241108_134630_226289329,0.23056121
20241108_134630_480104797,0.17675425
20241108_134630_728999160,0.353965
20241108_134630_983047622,0.6911908
20241108_134631_228113307,0.11528159
20241108_134631_490239904,0.07777322
20241108_134631_728839464,0.2342643
20241108_134631_981441629,0.29392347
20241108_134632_230437864,0.28102943
20241108_134632_480666558,0.10743285
20241108_134632_725061408,0.086014636
20241108_134632_979634452,0.10797674
20241108_134633_233005997,0.16150238
20241108_134633_481656861,0.14823644
20241108_134633_731101975,0.14159729
20241108_134633_980238705,0.17409404
20241108_134634_242654789,0.12115488
20241108_134634_488714884,0.07807059
20241108_134634_729057152,0.12358502
20241108_134634_977256195,0.11020655
20241108_134635_227365361,0.11132447
20241108_134635_481013291,0.097223885
20241108_134635_732648133,0.10258398
20241108_134636_230620328,-0.11976706
20241108_134636_479390273,-0.087456964
20241108_134636_732547356,-0.01743733
20241108_134636_990410157,-0.013119927
20241108_134637_246228001,-0.016089162
20241108_134637_985107359,-0.013690343
20241108_134638_233458656,0.0064170156
20241108_134638_480129919,0.02315859
20241108_134638_728855332,0.003579894
20241108_134638_984492398,-0.04338064
20241108_134639_238733807,-0.030155918
20241108_134639_489770295,-0.029001733
20241108_134639_735070597,0.0431507
20241108_134639_985636633,0.0354212
20241108_134640_227850927,0.00748221
20241108_134640_478046625,-0.03212797
20241108_134640_724608416,-0.014912656
20241108_134641_230890536,-0.17542912
20241108_134641_479886342,-0.056083076
20241108_134641_728514985,-0.07447865
20241108_134641_976388317,-0.059992217
20241108_134642_227177199,-0.003497323
20241108_134642_481130385,-0.001367623
20241108_134642_731791071,-0.024721256
20241108_134642_979807021,0.014150986
20241108_134643_231545529,0.016399542
20241108_134643_481895934,-0.0069286134
20241108_134643_725715905,-0.009581855
20241108_134643_978139041,-0.010380646
20241108_134644_226094699,-0.053361107
20241108_134644_478470317,-0.023012033
20241108_134644_738051210,0.49979553
20241108_134644_987676972,1.1812454
20241108_134645_234252336,0.20114261
20241108_134645_486619364,0.16035138
20241108_134645_733463983,0.14965205
20241108_134645_980343963,0.14152314
20241108_134646_224753628,0.10250387
20241108_134646_476468110,0.03034092
20241108_134646_726133172,0.5847486
20241108_134647_478923830,0.32779047
20241108_134647_973408884,0.24536552
20241108_134648_221153471,0.21991201
20241108_134648_472056380,0.20573096
20241108_134648_973608348,0.20323418
20241108_134649_224690927,0.21035455
20241108_134649_475253833,0.21380709
20241108_134649_728562892,0.123718835
20241108_134650_227952726,0.13052912
20241108_134650_482226573,0.002469847
20241108_134650_730108990,-0.06846278
20241108_134651_226642527,-0.016034475
20241108_134651_476266365,0.074659355
20241108_134651_727293073,0.059999295
20241108_134651_974938004,0.016950617
20241108_134652_225416262,0.01174129
20241108_134652_478498317,0.025270501
20241108_134652_724352090,0.16253655
20241108_134652_975115076,0.37547237
20241108_134653_474005618,0.16056584
20241108_134653_718807498,0.24914782
20241108_134654_224725809,0.18174697
20241108_134654_478976736,-0.031941406
20241108_134654_729489721,0.011183569
20241108_134654_977406345,0.03640739
20241108_134655_227308173,0.013290057
20241108_134655_479729656,0.017798105
20241108_134655_724092449,0.0634254
20241108_134656_230855403,0.082401104
20241108_134656_480162990,0.13344996
20241108_134656_974989065,0.12444026
20241108_134657_725198243,0.09007282
20241108_134658_228894330,0.08541728
20241108_134658_476916850,-0.00016432069
20241108_134658_723884897,0.0011046324
20241108_134659_220866101,0.045022078
20241108_134659_473515610,0.27147338
20241108_134659_727262083,0.20050637
20241108_134659_979807030,0.15955205
20241108_134700_232009133,-0.30540064
20241108_134700_484293709,-0.920103
20241108_134700_730768807,-0.45848605
20241108_134700_990087428,-0.18253328
20241108_134701_247071036,0.08358455
20241108_134701_491243693,0.030425796
20241108_134701_731791729,-0.102566265
20241108_134701_979285944,-0.13207139
20241108_134702_226702890,-0.038953386
20241108_134702_474807814,-0.19009368
20241108_134702_730624013,-0.22746496
20241108_134702_981782707,-1.7075425
20241108_134703_232968834,-0.55193835
20241108_134703_481056930,-0.35269397
20241108_134703_726405325,0.03689888
20241108_134703_977733717,0.041845836
20241108_134704_227934045,-0.026260933
20241108_134704_482707917,0.050390936
20241108_134704_731361508,0.055952884
20241108_134704_982830698,0.05528433
20241108_134705_478351651,0.045441933
20241108_134705_726856153,0.033912368
20241108_134705_980647199,-0.026065966
20241108_134706_225333301,1.0800468
20241108_134706_475530191,-0.08388635
20241108_134706_726243012,-1.0215878
20241108_134706_982358188,-0.52473235
20241108_134707_227211421,-0.5691873
20241108_134707_478174684,-0.40257335
20241108_134707_724564534,-0.5066168
20241108_134707_980567512,-0.517081
20241108_134708_227560104,-0.54933125
20241108_134708_475713047,-0.5321593
20241108_134708_721361721,-0.49161923
20241108_134708_974543346,0.40864202
20241108_134709_225587901,0.36698788
20241108_134709_475983802,1.2870728
20241108_134709_721558374,0.9089397
20241108_134709_973839534,0.5039267
20241108_134710_223832771,0.40017447
20241108_134710_479602848,1.4227086
20241108_134710_725700814,-0.47824568
20241108_134710_980658474,-0.78408056
20241108_134711_226842530,-1.0220747
20241108_134711_480273750,0.4877068
20241108_134711_726841085,0.43196502
20241108_134711_980236232,0.19592164
20241108_134712_238821281,0.19949202
20241108_134712_484114296,0.063469924
20241108_134712_726921256,0.0654063
20241108_134712_977802602,0.17857622
20241108_134713_232123532,0.0924112
20241108_134713_733067032,-0.016040822
20241108_134713_983023313,0.0602229
20241108_134714_233698250,0.11724541
20241108_134714_480585940,0.26477575
20241108_134714_724840527,0.46972165
20241108_134714_973144054,0.85718864
20241108_134715_227239874,0.5865081
20241108_134715_480458002,0.21595691
20241108_134715_722702684,0.18650691
20241108_134715_976649809,0.4347546
20241108_134716_226003804,0.91826737
20241108_134716_472221234,1.22346
20241108_134716_723423852,0.5312601
20241108_134716_973733880,0.35547665
20241108_134717_227065752,0.70124483
20241108_134717_476809622,0.35903856
20241108_134717_739048882,-0.047106408
20241108_134717_987420307,-0.66894996
20241108_134718_235752976,-0.1719488
20241108_134718_486794504,-0.19966744
20241108_134718_730665095,-0.22914563
20241108_134718_980506048,-0.11160176
20241108_134719_226394684,-0.07343318
20241108_134719_494187621,-0.2666292
20241108_134719_732966307,-0.84390634
20241108_134719_977980522,-0.45868784
20241108_134720_227112448,-0.15232678
20241108_134720_477279272,-0.1294447
20241108_134720_723910789,-0.19821866
20241108_134720_977311596,-0.24873511
20241108_134721_233561907,-0.21976317
20241108_134721_483140428,-0.2271216
20241108_134721_728313775,-0.15535934
20241108_134721_980680303,0.15737599
20241108_134722_227463201,0.2663936
20241108_134722_479427032,0.1591755
20241108_134722_723620253,0.27922133
20241108_134722_973931837,0.15488382
20241108_134723_225757031,-0.051385842
20241108_134723_725521879,-0.078286074
20241108_134723_976133487,0.05608449
20241108_134724_226074764,0.34969997
20241108_134724_478003448,0.08168415
20241108_134724_727272036,0.29617646
20241108_134724_973121988,0.0680416
20241108_134725_223771270,-0.05011835
20241108_134725_476671574,-0.22726096
20241108_134725_729552740,-0.28060803
20241108_134725_982017788,-0.6169623
20241108_134726_238087236,0.013600493
20241108_134726_485764055,0.35211235
20241108_134726_734981938,0.32245263
20241108_134726_982097488,0.66797566
20241108_134727_231893509,0.35528103
20241108_134727_483568972,0.19813459
20241108_134727_728222993,0.989922
20241108_134727_984256347,-1.1247967
20241108_134728_228034004,-0.49894196
20241108_134728_479295089,-0.43280247
20241108_134728_728242123,-0.73701715
20241108_134728_981059349,-1.4641513
20241108_134729_224910496,0.7474994
20241108_134729_482864338,-0.008983573
20241108_134729_730081969,-0.27459103
20241108_134729_977958166,-0.1902243
20241108_134730_224194937,0.56224316
20241108_134730_478291556,0.11043946
20241108_134730_723884751,0.009519855
20241108_134730_971961275,-0.17981793
20241108_134731_225606701,-0.017055592
20241108_134731_476699898,-0.19241835
20241108_134731_722631844,-0.487069
20241108_134731_975590048,-0.44512987
20241108_134732_223380871,-0.9507393
20241108_134732_473840235,-0.49791333
20241108_134732_719324636,-0.40388188
20241108_134732_972626229,-0.36926618
20241108_134733_220265475,-0.63105696
20241108_134733_470803953,-0.63841236
20241108_134733_718663887,-0.88676006
20241108_134733_970402329,-0.4462752
20241108_134734_218492135,-0.07560607
20241108_134734_479996280,0.10131735
20241108_134734_975970284,0.10262147
20241108_134735_224596621,0.12210522
20241108_134735_471972273,0.13650966
20241108_134735_720571202,0.12986283
20241108_134736_222441079,0.13017343
20241108_134736_471691020,0.12725472
20241108_134736_721856144,0.1248321
20241108_134736_975212864,0.09302527
20241108_134737_222740966,-0.031250067
20241108_134737_471042720,0.4737123
20241108_134737_721164902,0.14568119
20241108_134737_971107306,0.2601617
20241108_134738_222735833,0.2558457
20241108_134738_476087469,0.016450087
20241108_134738_723134138,0.064969994
20241108_134738_973539566,0.12443236
20241108_134739_223927092,0.1214456
20241108_134739_474150157,-0.07262831
20241108_134739_723914941,0.05862037
20241108_134739_975101858,0.2188385
20241108_134740_224577523,-0.0720936
20241108_134740_487329519,-0.07924121
20241108_134740_730136826,-0.13524123
20241108_134740_978839356,-0.11347013
20241108_134741_225031356,-0.14022507
20241108_134741_478973299,-0.27194837
20241108_134741_727951481,-0.17224647
20241108_134742_225610352,-0.16078456
20241108_134742_974910076,-0.25097036
20241108_134743_222728149,-0.19262542
20241108_134743_480583390,-0.16733761
20241108_134743_737930826,-0.25065786
20241108_134743_985976446,-0.4389771
20241108_134744_233062922,-0.5639575
20241108_134744_478884323,-0.80617654
20241108_134744_734715854,-0.6257158
20241108_134744_983735706,-0.34834206
20241108_134745_223892153,-0.27859992
20241108_134745_474596661,-0.48383114
20241108_134746_724209975,-0.2671643
20241108_134746_974128366,-0.44627002
20241108_134747_225702016,-0.2869449
20241108_134747_480610374,-0.20848526
20241108_134747_731005554,-0.12872888
20241108_134747_980996493,-0.09200647
20241108_134748_227937535,0.003739277
20241108_134748_475623954,-0.020690253
20241108_134749_728676531,-0.13069464
20241108_134749_975953161,-0.10817688
20241108_134750_225374883,-0.2341202
20241108_134750_481580643,-0.25081128
20241108_134750_728296341,-0.17446576
20241108_134750_984820216,-0.1465135
20241108_134751_491295376,-0.11882236
20241108_134752_234979248,0.3378155
20241108_134752_480226461,-0.3039006
20241108_134752_723138330,0.59967977
20241108_134752_976910660,0.67189485
20241108_134753_222790079,0.48141178
20241108_134753_473147180,0.39495048
20241108_134753_968067561,0.57996374
20241108_134754_471528692,0.36511636
20241108_134755_722481951,0.53378606
20241108_134755_973416899,0.47980252
20241108_134756_223740346,0.49544576
20241108_134756_476733633,0.5008429
20241108_134756_731311439,0.41968194
20241108_134756_982052887,0.3407194
20241108_134757_235266434,0.17526491
20241108_134757_485250071,0.4646238
20241108_134757_732075323,0.40938628
20241108_134757_981168323,0.3986134
20241108_134758_474906564,0.40103647
20241108_134758_720144539,0.3592617
20241108_134758_972228209,0.13107592
20241108_134759_226065423,0.10814915
20241108_134759_479955890,-0.7047017
20241108_134759_733874608,-0.61512285
20241108_134759_988664258,-0.23750141
20241108_134800_235640560,0.03208077
20241108_134800_490306251,-0.14102842
20241108_134800_990095981,-0.12244519
20241108_134801_248415973,-0.32320344
20241108_134801_515204861,-0.0242016
20241108_134801_761577159,0.367518
20241108_134802_004701198,-0.04121598
20241108_134802_255906997,-0.28318542
20241108_134802_494065263,-0.719296
20241108_134802_743293249,-0.3851972
20241108_134802_994770558,-0.74001265
20241108_134803_238535574,-0.76470226
20241108_134803_494284268,0.23635225
20241108_134803_746496165,0.19181228
20241108_134803_989499087,0.2609045
20241108_134804_231611197,0.20060913
20241108_134804_479189624,0.028575042
20241108_134804_728283356,-0.14485832
20241108_134804_980454064,-0.114081465
20241108_134805_224987030,-0.021147868
20241108_134805_479017256,-0.011057517
20241108_134805_728190199,-0.06962787
20241108_134805_982727192,-0.06854597
20241108_134806_227842770,-0.07840886
20241108_134806_474188602,-0.054481916
20241108_134806_722937225,0.10647888
20241108_134806_975993785,-0.19353528
20241108_134807_228857341,0.04068882
20241108_134807_482380760,0.005735973
20241108_134807_727001612,0.0979268
20241108_134807_977996707,-0.12691472
20241108_134808_225241006,0.0138184
20241108_134808_472169521,-0.2558227
20241108_134808_721879979,-0.24585469
20241108_134808_984956408,0.18545644
20241108_134809_233742766,0.033710152
20241108_134809_480331527,0.043121494
20241108_134809_729825587,0.038015045
20241108_134809_979783592,0.029487679
20241108_134810_234795884,-0.14276095
20241108_134810_491961928,-0.31314802
20241108_134810_982514826,-0.4500682
20241108_134811_228764617,-0.14570521
20241108_134811_483745601,-0.15776347
20241108_134811_734719131,-0.1292366
20241108_134812_229993665,-0.12727107
20241108_134812_729003993,-0.3077382
20241108_134812_981688630,-0.24321862
20241108_134813_472348254,-0.21453927
20241108_134813_724391615,-0.41115692
20241108_134813_978648805,-0.11406588
20241108_134814_221366605,-0.13080086
20241108_134815_222207398,-0.093548976
20241108_134815_471399920,-0.06698691
20241108_134815_723254946,-0.05489
20241108_134816_233444793,-0.065710835
20241108_134816_477691278,-0.2061977
20241108_134816_721872633,-0.3121961
20241108_134817_231879620,-0.13173844
20241108_134817_727010741,-0.13024114
20241108_134817_976406042,-0.30691668
20241108_134818_226273873,-0.37805685
20241108_134818_486783894,-0.4653004
20241108_134818_736457679,-0.8814982
20241108_134819_724548888,-0.25057027
20241108_134820_227259164,-0.16550453
20241108_134820_482655169,-0.07621791
20241108_134820_982930865,-0.0736207
20241108_134821_474619609,-0.10719844
20241108_134821_725959781,0.044724144
20241108_134821_978615859,-0.018560192
20241108_134822_228203053,-0.07788666
20241108_134822_724876266,-0.17512372
20241108_134822_973775928,1.348587
20241108_134823_226944363,-0.50516135
20241108_134823_477098497,0.15031412
20241108_134823_724561820,-0.16371615
20241108_134823_977306415,0.048823275
20241108_134824_225877559,0.0016308222
20241108_134824_488690963,-0.012100061
20241108_134824_743498508,0.1506282
20241108_134824_996886554,0.48605987
20241108_134825_240491177,0.5105804
20241108_134825_485933198,0.79431677
20241108_134825_728619926,0.7142605
20241108_134825_979834929,0.31795025
20241108_134826_226237497,0.5110487
20241108_134826_483169894,0.528361
20241108_134826_724435479,0.5348998
20241108_134827_481611531,0.35853592
20241108_134827_728124750,0.18122791
20241108_134827_976968311,0.72296995
20241108_134828_224203641,0.2669126
20241108_134828_472114652,-0.22576474
20241108_134828_722228479,-0.25767282
20241108_134828_971802026,-0.12284147
20241108_134829_224922401,-0.013903579
20241108_134829_475396774,0.2029638
20241108_134829_980461945,0.07515148
20241108_134830_225540842,0.025082419
20241108_134830_477648632,0.038736053
20241108_134830_721115871,0.016998867
20241108_134830_971334133,-0.14015155
20241108_134831_224246378,0.033601172
20241108_134831_474537240,-0.068068884
20241108_134831_726252764,-0.107597314
20241108_134831_977035454,0.19701897
20241108_134832_220604625,0.07004661
20241108_134832_469582505,-0.13278385
20241108_134832_719103962,-0.12016898
20241108_134832_971571070,-0.18807493
20241108_134833_220730202,-0.2159151
20241108_134833_470514652,-0.22149505
20241108_134833_718509692,-0.107168876
20241108_134833_970558065,-0.09608593
20241108_134834_224139639,-0.12817575
20241108_134834_472366272,-0.13555111
20241108_134834_719677142,-0.0611101
20241108_134834_969428307,-0.07552042
20241108_134835_475009533,-0.06127893
20241108_134835_721251814,-0.15324716
20241108_134835_971292695,-0.14776663
20241108_134836_224037491,-0.14634646
20241108_134836_473594622,-0.17425276
20241108_134837_220036816,-0.12527178
20241108_134837_473607945,0.11213101
20241108_134837_730395163,-0.013595661
20241108_134837_980346614,0.04563711
20241108_134838_232534127,-0.06953686
20241108_134838_721882196,-0.11851921
20241108_134838_971073316,-0.085133635
20241108_134839_229160608,0.06569082
20241108_134839_478057800,0.24763025
20241108_134839_720920391,0.881605
20241108_134839_971010546,1.7547861
20241108_134840_218293071,-0.31634775
20241108_134840_472443032,-0.39357248
20241108_134840_721563209,-0.51265246
20241108_134840_974385022,-0.27578035
20241108_134841_469040564,-0.44870776
20241108_134841_715694953,-0.41300315
20241108_134841_967519423,-0.38751972
20241108_134842_217807024,-0.6511951
20241108_134842_472728310,-0.44219267
20241108_134842_720387262,-0.1156222
20241108_134842_971820812,-0.098991655
20241108_134843_223038592,-0.20051114
20241108_134843_473682357,-0.41170752
20241108_134843_719473559,-0.40718395
20241108_134843_970617855,-0.32848835
20241108_134844_223869153,-0.5674551
20241108_134844_481086608,-0.68289554
20241108_134844_723325257,-0.5330631
20241108_134844_974039138,-0.9227549
20241108_134845_220009736,-0.63238543
20241108_134845_472377830,-0.33693743
20241108_134845_723485012,-0.36800465
20241108_134845_976756063,-0.72046953
20241108_134846_224433495,-0.58217543
20241108_134846_475148313,-0.53613824
20241108_134846_731127634,-0.51539135
20241108_134846_983657469,-0.1873597
20241108_134847_235203857,0.19629745
20241108_134847_479114314,0.12775564
20241108_134847_721137806,0.14794193
20241108_134847_972391181,0.1005244
20241108_134848_219710608,-0.06889769
20241108_134848_470810515,0.1599606
20241108_134848_721113587,0.08992193
20241108_134848_971722868,0.07158134
20241108_134849_223079477,0.34060958
20241108_134849_472791873,0.21089618
20241108_134849_727696934,0.17507981
20241108_134850_225247131,0.14735423
20241108_134850_480641295,0.13768779
20241108_134850_725640725,0.17274715
20241108_134851_724752639,0.06656871
20241108_134851_978490388,0.043260492
20241108_134852_223335492,-0.029168507
20241108_134852_476176776,0.04414574
20241108_134852_722505286,0.047210194
20241108_134852_978077696,0.13008375
20241108_134853_222851927,0.10104255
20241108_134853_472509449,0.28875944
20241108_134853_722175587,0.12428961
20241108_134853_973283048,-0.14580007
20241108_134854_230675487,-0.013456067
20241108_134854_470497785,0.019385854
20241108_134854_721040383,0.281814
20241108_134854_974013297,0.37038964
20241108_134855_218713813,0.23111485
20241108_134855_468458540,0.17707859
20241108_134855_715428794,0.12854134
20241108_134855_966543452,0.10100631
20241108_134856_216611447,-0.24880274
20241108_134856_473099939,-0.218105
20241108_134856_723234929,-0.27726406
20241108_134856_971313221,0.15062888
20241108_134857_220309835,0.009808281
20241108_134857_475607402,-0.020179084
20241108_134857_721215774,-0.21272446
20241108_134857_974024792,-0.14690281
20241108_134858_224681799,-0.09676372
20241108_134858_473181456,0.09042192
20241108_134858_719001435,0.035518236
20241108_134858_971540021,0.17810716
20241108_134859_220427332,0.1456923
20241108_134900_218805315,0.09967942
20241108_134900_722115610,0.079533376
20241108_134900_978162813,-0.08858838
20241108_134901_223933980,-0.115020774
20241108_134901_474901197,-0.030582001
20241108_134901_734923322,0.08878557
20241108_134901_984925578,-0.064851366
20241108_134902_233233594,0.0322826
20241108_134902_486184242,0.1340803
20241108_134902_731918472,0.16325127
20241108_134902_988815803,0.10726584
20241108_134903_480882585,0.045975097
20241108_134903_973038228,-0.008014342
20241108_134904_223150629,-0.013892254
20241108_134904_472525841,-0.004768571
20241108_134904_721975593,-0.023497513
20241108_134904_975232471,-0.04493811
20241108_134905_227115470,-0.22791918
20241108_134905_484257519,0.062110066
20241108_134905_730259030,-0.025996974
20241108_134905_996908448,-0.055509977
20241108_134906_233508944,-0.09156033
20241108_134906_491940507,-0.098019175
20241108_134907_234477786,-0.39522982
20241108_134907_490017564,-0.27813044
20241108_134907_731116188,-0.3490353
20241108_134907_983639419,-0.39163545
20241108_134908_233175917,-0.4196449
20241108_134908_478541884,-0.1457661
20241108_134908_727404853,-0.22041209
20241108_134908_976118170,-0.27282926
20241108_134909_229267480,-0.14754258
20241108_134909_475238345,-0.16876091
20241108_134909_722594165,-0.8657567
20241108_134909_977115804,-0.36991534
20241108_134910_221335987,-0.14950342
20241108_134910_471682564,-0.084017746
20241108_134910_722904926,-0.070833765
20241108_134910_979145057,0.024936775
20241108_134911_228457721,-0.06452259
20241108_134911_475298342,-0.08195444
20241108_134911_727431718,-0.27780014
20241108_134911_987008845,-0.6312653
20241108_134912_232194305,0.27168384
20241108_134912_480328214,0.22571437
20241108_134912_724171469,0.22782679
20241108_134912_976639579,0.18999706
20241108_134913_219068602,0.22046714
20241108_134913_472044410,0.039629467
20241108_134913_717554917,0.097629674
20241108_134913_969434885,0.14009781
20241108_134914_217478161,0.12712564
20241108_134914_469589945,0.1812035
20241108_134914_723851704,0.16274644
20241108_134914_978785212,0.20324795
20241108_134915_222829012,0.13257201
20241108_134915_470368987,0.14925407
20241108_134915_720374948,0.12912478
20241108_134915_975531961,0.06254933
20241108_134916_217272893,0.090656616
20241108_134916_468823036,0.2523787
20241108_134916_968106412,-0.030779025
20241108_134917_215320662,-0.74976516
20241108_134917_468381688,-0.76534337
20241108_134917_718600305,-0.720646
20241108_134917_970945213,-0.23293705
20241108_134918_221028706,-0.17671
20241108_134918_470507201,-0.3311918
20241108_134918_719007758,-0.29260933
20241108_134918_974940032,-0.16193832
20241108_134919_224198353,-0.049208984
20241108_134919_471150027,-0.024146995
20241108_134919_721064742,0.13502179
20241108_134919_970764333,-0.12777613
20241108_134920_220366703,-0.1466235
20241108_134920_474499799,-0.13320182
20241108_134921_467826927,-0.08119618
20241108_134921_720036370,-0.046410732
20241108_134921_971520335,0.05353783
20241108_134922_218608168,-0.02218177
20241108_134922_468148236,0.079467945
20241108_134922_719844936,0.06211189
20241108_134922_971207933,0.031930663
20241108_134923_219486302,-0.14215039
20241108_134923_469037296,-0.016832514
20241108_134923_720140000,0.014582971
20241108_134923_968716695,-0.0055524614
20241108_134924_219463635,0.0046662483
20241108_134924_477262132,0.05493746
20241108_134924_731330764,-0.14899747
20241108_134924_976164700,0.6373088
20241108_134925_219441948,1.4128208
20241108_134925_471011887,-0.6132419
20241108_134925_725887750,0.28083423
20241108_134925_974891535,0.14374399
20241108_134926_223173683,0.056977242
20241108_134926_468232263,0.06521837
20241108_134926_717443953,0.016025344
20241108_134926_966995958,0.013544718
20241108_134927_216300411,0.12970285
20241108_134927_469050829,0.10903034
20241108_134928_216033007,0.060994364
20241108_134928_468753483,-0.08357575
20241108_134928_719277744,-0.042208277
20241108_134928_973498486,0.016121188
20241108_134929_221398237,0.03429023
20241108_134929_470817751,0.056559242
20241108_134930_216890367,0.020472268
20241108_134930_466173876,-0.0818487
20241108_134930_716136678,-0.04521378
20241108_134930_971356049,0.0051999483
20241108_134931_223993038,-0.14229445
20241108_134931_476619571,-0.07936817
20241108_134931_723047770,-0.053917013
20241108_134932_220810296,-0.055797182
20241108_134932_466533226,0.044852473
20241108_134932_975716488,-0.016203424
20241108_134933_221439893,-0.20019047
20241108_134933_474515196,-0.16614439
20241108_134933_716715300,-0.18373574
20241108_134933_967491083,-0.11078151
20241108_134934_217641997,-0.08427813
20241108_134934_469755930,-0.110906325
20241108_134934_726171088,-0.099888645
20241108_134934_972904811,-0.12817295
20241108_134935_222168585,-0.06477728
20241108_134935_476818296,-0.03643971
20241108_134935_721934448,-0.07072347
20241108_134935_973414001,-0.083093934
20241108_134936_233367437,-0.09311613
20241108_134936_476781402,-0.06558477
20241108_134936_724668619,-0.061120234
20241108_134937_467630226,-0.053580068
20241108_134937_718308736,-0.23184364
20241108_134937_969897642,-0.14081927
20241108_134938_221150728,-0.14484622
20241108_134938_477047324,-0.13121419
20241108_134938_723163557,-0.22140257
20241108_134938_971108514,-0.16705544
20241108_134939_219871176,-0.09131875
20241108_134939_717095524,0.15492533
20241108_134939_967224555,-0.19293274
20241108_134940_215628172,-0.17279796
20241108_134940_467852180,-0.30973092
20241108_134940_717350290,-0.23994316
20241108_134940_965895457,-0.10502919
20241108_134941_215716766,-0.112976216
20241108_134941_467582206,-0.14839692
20241108_134941_722291346,-0.1231898
20241108_134941_983445272,-0.29847422
20241108_134942_227740529,-0.31778887
20241108_134942_473747470,-0.73964673
20241108_134942_718741063,-1.3269382
20241108_134942_969349367,-0.82648534
20241108_134943_216970809,-0.48147824
20241108_134943_466100204,0.0018299911
20241108_134943_716094211,-0.139015
20241108_134943_968197589,-0.16783772
20241108_134944_217852016,-0.4532319
20241108_134944_467565243,-0.28641918
20241108_134944_718915076,-0.15133445
20241108_134944_970595424,0.13910373
20241108_134945_218359667,0.028600523
20241108_134945_468304300,-0.06391727
20241108_134945_717424978,-0.030848881
20241108_134945_965024004,-0.016031524
20241108_134946_467522900,-0.028414926
20241108_134946_716202808,-0.046987973
20241108_134947_216748786,-0.17675231
20241108_134947_467318769,-0.074734144
20241108_134947_716775183,-0.07678839
20241108_134947_970810646,-0.12230518
20241108_134948_224368504,-0.11145573
20241108_134948_470106359,-0.11580958
20241108_134948_966861797,-0.09815454
20241108_134949_219321833,-0.2556845
20241108_134949_466933586,-0.05855202
20241108_134949_717485579,-1.3028284
20241108_134949_967241180,0.53582114
20241108_134950_220516211,0.38986456
20241108_134950_470856260,0.27206472
20241108_134950_721206963,0.30883765
20241108_134950_971705376,0.26125067
20241108_134951_221217944,0.2702584
20241108_134951_476462416,0.694978
20241108_134951_723853131,0.5638829
20241108_134951_971552543,0.8139741
20241108_134952_222212932,0.57972926
20241108_134952_477532726,1.3299778
20241108_134952_717982548,-0.5717547
20241108_134952_967450637,0.23214771
20241108_134953_217749563,0.029853703
20241108_134953_472043097,-0.032599054
20241108_134953_723444090,-0.032759868
20241108_134953_982887818,-0.016940257
20241108_134955_224697751,-0.014341554
20241108_134955_483462905,-0.11412116
20241108_134956_224260458,-0.12499084
20241108_134956_477637218,-0.13814862
20241108_134956_721419836,-0.066503994
20241108_134957_218597521,-0.06204047
20241108_134957_469139999,-0.033427916
20241108_134957_724694747,-0.49679503
20241108_134957_974169364,-0.20105435
20241108_134958_220033786,-0.06592553
20241108_134958_469957115,0.21680781
20241108_134958_715967941,0.14388137
20241108_134958_971501241,0.048235483
20241108_134959_222166143,-0.13442637
20241108_134959_473823174,-0.29869965
20241108_134959_724024039,-0.07860067
20241108_134959_970048496,-0.0010386612
20241108_135000_222784999,-0.02826347
20241108_135000_481592345,-0.029482326
20241108_135000_730361190,0.30721223
20241108_135000_981541379,0.6482823
20241108_135001_227120563,0.60141236
20241108_135001_473269593,0.24252315
20241108_135001_725605380,0.20812024
20241108_135001_972437390,0.23354645
20241108_135002_219913624,0.195385
20241108_135002_472614732,0.20898773
20241108_135002_726680283,0.23598398
20241108_135002_974963088,0.36479288
20241108_135003_223243382,0.10768483
20241108_135003_479600876,0.20028313
20241108_135003_727101665,0.4528046
20241108_135003_977206193,0.3503433
20241108_135004_222582472,0.6021274
20241108_135004_478124881,1.0730771
20241108_135004_725550593,1.4192075
20241108_135004_987052940,2.3658507
20241108_135005_227213606,0.029356988
20241108_135005_485442919,-0.23896523
20241108_135005_731706100,0.17451783
20241108_135005_981330868,0.1621131
20241108_135006_241015800,-0.01883771
20241108_135006_482228143,0.011796037
20241108_135006_731857067,-0.010701498
20241108_135006_987272656,-0.037676714
20241108_135007_237985896,-0.038902365
20241108_135007_494775151,-0.03598889
20241108_135007_738171324,-0.035798512
20241108_135008_231379727,-0.42402595
20241108_135008_484451072,-0.527489
20241108_135008_722037087,-0.19842084
20241108_135008_975502338,-0.4322289
20241108_135009_225125509,-0.5539187
20241108_135009_474147723,-0.31004727
20241108_135009_730235975,-0.40525612
20241108_135009_984515742,-0.6895526
20241108_135010_230311856,-0.36108443
20241108_135010_480116086,-0.21910752
20241108_135010_725529774,-0.07286758
20241108_135010_977534001,0.014826698
20241108_135011_225623545,0.0955542
20241108_135011_475183711,0.06911246
20241108_135011_723445286,-0.13085128
20241108_135011_975355182,-0.14812984
20241108_135012_217327237,-0.2137052
20241108_135012_721427961,-0.1346486
20241108_135012_970339081,-0.024857303
20241108_135013_217966107,-0.07445874
20241108_135013_471738468,0.0032806192
20241108_135013_727067218,-0.054536007
20241108_135013_973484266,-0.0035343077
20241108_135014_219567621,-0.056648932
20241108_135014_469430500,1.4257033
20241108_135014_723036353,0.25840846
20241108_135014_974100296,0.24679415
20241108_135015_971283696,0.36904603
20241108_135016_220031253,0.1879323
20241108_135016_473723718,0.6113371
20241108_135016_722885855,0.5530493
20241108_135016_973282576,0.41936874
20241108_135017_228091915,0.28967535
20241108_135017_484788567,0.17998938
20241108_135017_732087147,-0.0322557
20241108_135017_977270160,-0.25924438
20241108_135018_225351291,-0.037181847
20241108_135018_971500791,-0.025977513
20241108_135019_218638472,-0.045523904
20241108_135019_471115774,-0.047385298
20241108_135019_717816375,0.038629808
20241108_135019_969215475,-0.030323347
20241108_135020_217908007,-1.0513195
20241108_135020_472799782,-0.8844378
20241108_135020_724599441,0.024222078
20241108_135020_980007776,-0.15358715
20241108_135021_243332182,-0.17425124
20241108_135021_493956930,-0.15606014
20241108_135021_748869258,-0.39033112
20241108_135022_002647113,-0.12678371
20241108_135022_238746442,-0.07535245
20241108_135022_481345104,0.060490504
20241108_135022_722755848,-0.034041427
20241108_135022_974850634,-0.047166906
20241108_135023_219895048,-0.062148176
20241108_135023_472599228,-0.1454133
20241108_135023_719619881,-0.38747865
20241108_135023_974487389,-0.09842532
20241108_135024_217944917,0.12629527
20241108_135024_469349248,0.19170499
20241108_135024_720189047,0.024342636
20241108_135024_973091561,-0.059393965
20241108_135025_220011390,0.1631713
20241108_135025_475369072,0.09748227
20241108_135025_725126085,0.10972721
20241108_135025_981639581,0.42344934
20241108_135026_226165982,0.27443802
20241108_135026_477428419,1.421959
20241108_135026_719000673,0.48238268
20241108_135026_969604988,0.35836118
20241108_135027_221690876,0.19143023
20241108_135027_480109940,0.14945869
20241108_135027_733396609,0.35349554
20241108_135027_985283924,0.29371718
20241108_135028_226832591,0.24291353
20241108_135028_479779872,0.16916172
20241108_135028_721319097,0.16842903
20241108_135028_970517836,-0.049234413
20241108_135029_222786359,-0.1801612
20241108_135029_474527655,-0.17473908
20241108_135029_720678172,-0.05244925
20241108_135029_970771714,-0.019267043
20241108_135030_221328325,0.1530539
20241108_135030_471276481,0.2565011
20241108_135030_716890593,0.16723685
20241108_135030_970784665,0.16667472
20241108_135031_224625434,-0.078625195
20241108_135031_471931805,-0.015381178
20241108_135031_722436317,0.013117949
20241108_135031_973340907,0.02341489
20241108_135032_218056642,-0.14685075
20241108_135032_470404044,-0.02662029
20241108_135032_973868842,-0.043210648
20241108_135033_478812285,-0.008568129
20241108_135033_726581495,-0.023129245
20241108_135033_974128064,0.0050523076
20241108_135034_225333305,0.013751129
20241108_135034_476183119,0.042308666
20241108_135034_720681320,-0.07986938
20241108_135034_973543186,0.14345159
20241108_135035_216503385,0.2516334
20241108_135035_477879967,0.12774037
20241108_135035_733277989,0.08869306
20241108_135036_219298384,0.08496193
20241108_135036_720612394,0.09967921
20241108_135036_969244767,0.14337336
20241108_135037_224224856,0.17746894
20241108_135037_472504855,0.07754765
20241108_135037_718659434,0.14730261
20241108_135037_968792392,0.11439518
20241108_135038_221554964,0.0732585
20241108_135038_470963724,0.09979174
20241108_135038_718193434,0.059992053
20241108_135038_966751044,0.086112715
20241108_135039_216035248,0.0145729575
20241108_135039_472171221,0.060001887
20241108_135039_719872727,0.012326816
20241108_135039_967752117,0.035497285
20241108_135040_221228377,0.020161191
20241108_135040_471496421,0.054991223
20241108_135040_718064614,0.013274947
20241108_135040_969983141,0.08741642
20241108_135041_217709347,0.038501598
20241108_135041_467924214,-0.13354181
20241108_135041_716219623,-0.07179352
20241108_135041_967374441,-0.07302212
20241108_135042_220483292,-0.07243689
20241108_135042_471355086,-0.35654488
20241108_135042_722845955,-0.18141319
20241108_135042_969317847,-0.2609028
20241108_135043_225233850,-0.17093827
20241108_135043_474632373,-0.38980374
20241108_135043_719458633,-0.6212936
20241108_135043_975157732,-0.31654578
20241108_135044_227861343,-0.23838662
20241108_135045_225242940,-0.086609475
20241108_135045_470498841,0.08917518
20241108_135045_718142835,0.14717962
20241108_135046_218480562,0.06951288
20241108_135046_471213698,0.1395865
20241108_135046_721162318,0.06905628
20241108_135047_718170869,0.08141468
20241108_135048_225064022,0.18817626
20241108_135048_472324400,0.6320521
20241108_135048_719303371,1.3917652
20241108_135048_978369004,-0.034001693
20241108_135049_229118197,-0.8974301
20241108_135049_476520513,-0.917592
20241108_135049_722876826,0.04746846
20241108_135049_976841941,-0.027216332
20241108_135050_221707095,0.034006327
20241108_135050_474229053,0.36359537
20241108_135050_718684617,0.23749943
20241108_135050_969163484,0.2355469
20241108_135051_225693508,0.23960696
20241108_135051_478691699,0.17911707
20241108_135051_722701151,0.0665013
20241108_135051_979426662,-0.010275086
20241108_135052_226104290,0.048790134
20241108_135052_474261787,0.029640893
20241108_135053_475097673,0.08642117
20241108_135053_723681092,0.06650082
20241108_135053_974731455,0.24433346
20241108_135054_227242352,0.24136011
20241108_135054_483068815,0.24224229
20241108_135054_726637005,0.2470708
20241108_135054_981012523,0.17104335
20241108_135055_482017076,0.23258255
20241108_135055_721918119,-0.023458978
20241108_135055_979646970,0.014359454
20241108_135056_222742150,0.053452052
20241108_135056_474309112,0.047557928
20241108_135056_719496457,0.095775075
20241108_135056_969838382,0.093441226
20241108_135057_720184860,1.2115449
20241108_135057_970501575,1.274372
20241108_135058_221088782,0.3433799
20241108_135058_479800147,0.33101246
20241108_135058_723411954,0.8581233
20241108_135058_974023583,0.6694289
20241108_135059_221132408,0.45641375
20241108_135059_479244648,0.19175722
20241108_135059_722429630,0.28916878
20241108_135059_973016729,0.26689404
20241108_135100_220671509,0.44209778
20241108_135100_478077758,0.7928828
20241108_135100_723754370,-0.66568357
20241108_135100_977758694,0.42874113
20241108_135101_229062638,0.20719583
20241108_135101_483051368,0.15504028
20241108_135101_727254754,0.14289057
20241108_135101_979532659,-0.11195787
20241108_135102_226303836,-0.06298628
20241108_135102_472149763,-0.1866187
20241108_135102_716093262,-0.31169873
20241108_135102_968879618,-0.048367403
20241108_135103_221554187,0.022649923
20241108_135103_470152379,0.17191423
20241108_135103_719517572,0.10234473
20241108_135103_973773083,-0.10521122
20241108_135104_224724663,-0.09282597
20241108_135104_473758768,-0.1321009
20241108_135104_722798427,-0.33432832
20241108_135104_973278915,-0.98087245
20241108_135105_220866034,0.35884795
20241108_135105_475744802,0.20522057
20241108_135105_723753710,0.23323743
20241108_135105_974823348,0.20420693
20241108_135106_228481874,0.2651393
20241108_135106_483886227,0.44369045
20241108_135106_736021589,0.3831714
20241108_135106_987303784,0.16804431
20241108_135107_233605243,0.1125584
20241108_135107_479767673,0.11313257
20241108_135107_722123420,0.08525965
20241108_135107_972610904,0.13030492
20241108_135108_222204422,0.15286116
20241108_135108_473488870,0.16357933
20241108_135108_721937330,0.0057206843
20241108_135108_982395757,0.01788334
20241108_135109_225991544,-0.28301904
20241108_135109_473345926,-0.27865258
20241108_135109_720209094,-0.024904123
20241108_135109_975363602,-0.010879448
20241108_135110_223877104,0.012334505
20241108_135110_478960012,0.0094013605
20241108_135110_726471314,-0.0151633825
20241108_135110_973680407,0.009483734
20241108_135111_221186579,-0.010383626
20241108_135111_472799308,0.012794593
20241108_135111_720458845,-0.011570832
20241108_135111_970293049,0.0048911367
20241108_135112_219670476,-0.0105155315
20241108_135112_472216933,0.029788384
20241108_135112_718583254,0.04052467
20241108_135112_970651031,0.05474449
20241108_135113_219898978,-0.040194593
20241108_135113_468821280,-0.039576076
20241108_135113_718750101,0.00718824
20241108_135113_972777861,0.033141173
20241108_135114_229172632,-0.080065034
20241108_135114_474199431,0.09181098
20241108_135114_726648801,0.10166285
20241108_135114_977437355,0.006346086
20241108_135115_224535891,-0.1161521
20241108_135115_473764973,-0.07116922
20241108_135115_719011919,-0.042744897
20241108_135115_974572077,-0.11471834
20241108_135116_223791788,-0.11106797
20241108_135116_479061977,-0.33972713
20241108_135116_719118211,-0.039097212
20241108_135116_973749352,-0.28486383
20241108_135117_222007842,-0.41752288
20241108_135118_725858687,-0.22929578
20241108_135118_978581334,-0.37491176
20241108_135119_974056854,-0.16424139
20241108_135121_468884129,-0.1481355
20241108_135121_714256305,-0.13422163
20241108_135121_972463525,-0.123278014
20241108_135122_221038006,-0.20409472
20241108_135122_471183634,0.32243055
20241108_135122_720287000,0.1786351
20241108_135122_974010485,0.08205507
20241108_135123_228249332,0.10404826
20241108_135123_979407982,0.59439284
20241108_135124_471116503,0.24467702
20241108_135124_981963890,0.16053669
20241108_135125_219849300,0.15464045
20241108_135126_723437555,0.14358874
20241108_135127_221755564,0.12155793
20241108_135127_970709206,0.16609664
20241108_135128_220924770,0.1283382
20241108_135128_721517528,0.13236205
20241108_135130_217359453,0.095817335
20241108_135130_968620922,-0.01915749
20241108_135131_218884726,0.47064155
20241108_135131_471705551,0.16155057
20241108_135131_970562089,0.03123472
20241108_135132_217290412,0.030249396
20241108_135132_469759907,0.08057729
20241108_135133_220331956,0.12606011
20241108_135133_474704378,0.13112517
20241108_135134_738954983,0.08572737
20241108_135135_231657892,0.16136871
20241108_135135_478846373,-0.09796717
20241108_135135_722374701,-0.09447237
20241108_135136_474846590,-0.029863438
20241108_135136_726869456,0.10564215
20241108_135136_975992916,0.05034084
20241108_135137_229682218,0.016379515
20241108_135138_226328202,1.1406993
20241108_135138_479737589,-0.07199075
20241108_135138_723053862,-0.37963337
20241108_135138_976220802,-0.5664715
20241108_135139_228731281,-0.19529669
20241108_135139_477304853,-0.19945256
20241108_135139_722890074,-0.045591258
20241108_135139_972076275,-0.033465795
20241108_135140_217332268,-0.047180675
20241108_135140_477642265,-0.050018184
20241108_135140_724782964,-0.027509173
20241108_135140_973519812,-0.06861826
20241108_135141_972780568,-0.0213932
20241108_135142_218511015,-0.017897567
20241108_135142_470379704,-0.039315365
20241108_135142_721890620,0.25096974
20241108_135142_974391409,0.3226905
20241108_135143_226218289,0.6560553
20241108_135143_478670294,0.6611891
20241108_135143_728568997,0.90343654
20241108_135143_982480362,1.7707905
20241108_135144_226345484,0.27362508
20241108_135144_475272483,-0.6659949
20241108_135144_722014337,-0.73261803
20241108_135144_975614947,-0.3765701
20241108_135145_224333766,-0.5678292
20241108_135145_476309883,-0.7171779
20241108_135145_726011226,-0.8380813
20241108_135145_976644819,-0.6758581
20241108_135146_469095655,-0.71032596
20241108_135146_963431971,-0.63880914
20241108_135147_473598355,-0.90480274
20241108_135147_719382319,-0.79627705
20241108_135147_973365386,0.54716694
20241108_135148_221869809,0.6483309
20241108_135148_480740914,0.571299
20241108_135148_733559385,0.23327963
20241108_135148_976934479,0.82633
20241108_135149_229410827,0.84877425
20241108_135149_476689994,0.39210832
20241108_135149_724373595,0.53629684
20241108_135149_970005788,0.31307843
20241108_135150_217020394,0.42960966
20241108_135150_468453294,0.56083244
20241108_135150_717305609,0.625607
20241108_135151_473314553,0.5575874
20241108_135151_720074826,0.48692784
20241108_135152_717005706,0.51565486
20241108_135152_972040991,0.6423761
20241108_135153_218628571,0.71705
20241108_135153_468798739,0.60068256
20241108_135154_228049857,0.70930207
20241108_135154_973543473,0.5850325
20241108_135155_227283882,0.2762899
20241108_135155_470874514,0.32261097
20241108_135155_722927096,0.76762134
20241108_135155_972290753,0.25479752
20241108_135156_223715185,0.2056083
20241108_135156_471533867,0.23092656
20241108_135156_720285258,0.19442163
20241108_135156_971939561,0.060547926
20241108_135157_215955761,0.114499964
20241108_135157_467019108,0.20014162
20241108_135157_720173226,0.35521945
20241108_135157_972595033,0.8717763
20241108_135158_225552377,0.5081606
20241108_135158_480844049,0.21308745
20241108_135158_732540080,0.33303383
20241108_135158_978795392,0.6915031
20241108_135159_226893828,0.52831453
20241108_135159_473233412,0.4406494
20241108_135159_721399231,0.379879
20241108_135159_969419317,0.18175901
20241108_135200_218684931,0.12634484
20241108_135200_479276966,0.45228302
20241108_135200_730204158,0.41307914
20241108_135200_978127945,-0.1220217
20241108_135201_227237640,-0.3949888
20241108_135201_475353555,-0.37901938
20241108_135201_725494296,-0.1456816
20241108_135201_977656694,-0.11202081
20241108_135202_224117527,-0.05668407
20241108_135202_472536444,-0.072274856
20241108_135202_970774496,-0.098133735
20241108_135203_220779731,-0.09225368
20241108_135203_470721013,-0.1727437
20241108_135203_717888373,-0.11069205
20241108_135203_973783898,-0.17336167
20241108_135204_227989305,-0.21156769
20241108_135204_478363814,-0.694014
20241108_135204_727769309,0.07078651
20241108_135204_976985453,-0.27747348
20241108_135205_225627982,-0.2108996
20241108_135205_479381187,-0.08183154
20241108_135205_726580851,-0.027890345
20241108_135205_976451289,-0.08742043
20241108_135206_222141481,-0.02881666
20241108_135206_472652333,0.0330439
20241108_135206_721042065,-0.12355631
20241108_135206_970011769,-0.123865806
20241108_135207_224151517,-0.13112427
20241108_135207_469918510,-0.040106736
20241108_135207_725808714,0.21173486
20241108_135207_978785844,0.45713913
20241108_135208_223170944,0.49796292
20241108_135208_476700340,0.34064522
20241108_135208_733191495,0.2689528
20241108_135209_232059981,-0.037814282
20241108_135209_475484916,0.039275147
20241108_135209_719221911,0.07222269
20241108_135209_971513927,0.020350704
20241108_135210_218978902,0.08765394
20241108_135210_471971933,1.3238856
20241108_135210_719986932,-0.86450845
20241108_135210_969252674,-0.43722096
20241108_135211_218303030,-0.36356583
20241108_135211_472305052,-0.51973367
20241108_135211_726193224,0.021922337
20241108_135211_972025150,0.113750674
20241108_135212_219890898,0.08477786
20241108_135212_471167292,0.09753436
20241108_135212_722888927,0.023876647
20241108_135213_217194374,-0.028777083
20241108_135213_468537121,-0.16327225
20241108_135213_718638072,-0.18245442
20241108_135213_969143040,-0.5155792
20241108_135214_224349828,-0.53740627
20241108_135214_471354235,-0.395806
20241108_135214_720718069,-0.302187
20241108_135214_972605123,-0.1840551
20241108_135215_226899552,-0.12544681
20241108_135215_722174062,-0.2139705
20241108_135215_974962914,-0.4851658
20241108_135216_223403363,-0.40600264
20241108_135216_469317650,-0.12423796
20241108_135216_721475860,-0.07069852
20241108_135216_971630908,-0.10007026
20241108_135217_217897301,0.12190173
20241108_135217_472653839,0.89722526
20241108_135217_719294818,0.18658279
20241108_135217_969797497,0.20869635
20241108_135218_221680760,0.14130299
20241108_135218_717638465,0.2650176
20241108_135218_972343124,0.25696942
20241108_135219_225795596,0.21646516
20241108_135219_473318458,0.25244895
20241108_135219_727418097,0.3760793
20241108_135220_217831655,0.352167
20241108_135220_476156634,0.29424658
20241108_135220_719638005,0.3243318
20241108_135220_972564053,0.2811591
20241108_135221_219871372,0.16384728
20241108_135221_716283853,0.22779833
20241108_135222_470201128,0.30265597
20241108_135223_219883169,0.26391774
20241108_135223_721462317,0.17351915
20241108_135224_217324029,0.3642348
20241108_135224_468682106,0.10183055
20241108_135224_717348906,0.10881043
20241108_135224_972587844,0.15329786
20241108_135225_221284691,0.12669884
20241108_135225_723712596,0.13488556
20241108_135225_971550130,0.14190917
20241108_135226_221420085,0.04384277
20241108_135226_473552695,0.0030007754
20241108_135226_719908435,0.063727416
20241108_135226_971006102,0.08474056
20241108_135227_219672250,0.097067215
20241108_135227_469914988,0.119967766
20241108_135227_722159216,0.77941155
20241108_135227_972008114,0.602027
20241108_135228_221743330,0.3790862
20241108_135228_471600643,0.35022995
20241108_135228_722205063,0.16901107
20241108_135228_971195396,0.32696292
20241108_135229_218789161,0.20822863
20241108_135229_466959871,0.3180364
20241108_135229_718296003,0.20799749
20241108_135229_976963087,0.2203591
20241108_135230_229534037,0.24469371
20241108_135230_484735630,-0.25210267
20241108_135230_729673871,-0.15968572
20241108_135230_979615051,-0.09630927
20241108_135231_224612063,-0.16580974
20241108_135231_474221507,-0.22277881
20241108_135231_727814050,0.15830787
20241108_135231_973531851,-0.03373169
20241108_135232_223927505,-0.10389387
20241108_135232_479379698,-0.056687288
20241108_135232_723886299,-0.09021144
20241108_135232_975633437,0.0009947214
20241108_135233_220550345,-0.0010661688
20241108_135233_469715629,-0.0019144919
20241108_135233_716273476,-0.03376665
20241108_135233_966351906,-0.06593459
20241108_135234_218100053,-0.039990686
20241108_135234_716670417,-0.046814285
20241108_135235_216100718,-0.032794856
20241108_135235_465344741,-0.047155045
20241108_135235_714268758,0.022272864
20241108_135236_716178930,-0.0113926735
20241108_135236_966827950,-0.09706118
20241108_135237_217322416,-0.08147477
20241108_135237_978141073,-0.029881557
20241108_135238_219672355,-0.03183206
20241108_135238_470773699,-0.0067683365
20241108_135238_970000409,-0.037817024
20241108_135239_715129681,-0.088251315
20241108_135239_969107739,-0.09587865
20241108_135240_716715281,-0.07177653
20241108_135240_973795296,-0.086692534
20241108_135241_228125270,-0.059769116
20241108_135241_476798481,-0.00032546185
20241108_135241_978201300,-0.16194864
20241108_135242_228524753,-0.11470311
20241108_135242_480018982,-0.572745
20241108_135242_728324306,-0.22697686
20241108_135242_976686260,-0.09521898
20241108_135243_222618909,-0.116861366
20241108_135243_470848480,-0.12365421
20241108_135243_969655959,-0.2386878
20241108_135244_217966419,-0.07971277
20241108_135244_467662618,0.041691758
20241108_135245_716300078,-0.034857653
20241108_135245_967780528,-0.09330969
20241108_135246_715595855,-0.09930252
20241108_135246_966497373,-0.055166326
20241108_135247_467956385,-0.26536506
20241108_135247_716289887,-0.1745977
20241108_135247_965791869,-0.13538231
20241108_135248_465973869,-0.12504657
20241108_135248_717057907,-0.12147611
20241108_135248_966826204,-0.095017456
20241108_135249_220832855,-0.114321224
20241108_135249_472610578,-0.614208
20241108_135249_718666443,-0.35288948
20241108_135249_968319163,-0.09132781
20241108_135250_223538534,-0.07740199
20241108_135250_476122148,-0.14326374
20241108_135250_722674883,-0.1383739
20241108_135250_975084324,-0.12099313
20241108_135251_219309214,-0.10049864
20241108_135251_468354132,0.22400148
20241108_135251_718966543,0.08331255
20241108_135253_472038934,-0.016230961
20241108_135253_723347335,0.017284075
20241108_135253_972188584,0.02049146
20241108_135254_220911492,-0.02051892
20241108_135254_472726887,-0.053451918
20241108_135255_218645971,0.0209137
20241108_135255_472291528,0.13172083
20241108_135255_723046528,0.16693382
20241108_135256_722083493,0.2269562
20241108_135256_979020910,0.15331666
20241108_135257_225401329,0.04491756
20241108_135257_473190366,0.04156015
20241108_135258_472747998,0.12179271
20241108_135258_719709420,-0.005862793
20241108_135258_971118735,-0.54458445
20241108_135259_223305441,0.13184787
20241108_135259_470708555,0.014693389
20241108_135259_718565549,0.049174465
20241108_135259_967434596,-0.122200035
20241108_135300_217603238,-0.0475175
20241108_135300_474537894,-0.033482037
20241108_135300_972513737,-0.06449141
20241108_135301_232001108,-0.088606976
20241108_135301_475146535,-0.3649144
20241108_135301_722112009,-0.37012437
20241108_135301_972598045,-0.41048
20241108_135302_483467978,-0.26848385
20241108_135302_734659259,-0.118525885
20241108_135302_978869300,-0.24504308
20241108_135303_479027334,0.06500208
20241108_135303_727287363,0.12665822
20241108_135303_977240081,0.37983602
20241108_135304_228408331,0.27395502
20241108_135304_479616947,0.7712784
20241108_135304_732625855,0.3159212
20241108_135304_976515974,0.7554353
20241108_135305_225646683,1.3643851
20241108_135305_478130812,0.020579169
20241108_135305_738630131,0.18687649
20241108_135305_988838129,0.47993067
20241108_135306_243148163,0.25855896
20241108_135306_490687758,0.23657356
20241108_135306_981562646,0.13701673
20241108_135307_223034670,0.036006846
20241108_135307_477029818,0.050946154
20241108_135307_721982942,0.037704386
20241108_135307_972180470,-0.005018851
20241108_135308_219617218,-0.06463047
20241108_135308_475209666,-0.25236067
20241108_135308_728085515,-0.17709248
20241108_135308_978923840,-0.02176865
20241108_135309_224765449,-0.28416964
20241108_135309_976437089,-0.1372797
20241108_135310_226778613,-0.1330836
20241108_135310_473983750,-0.070924245
20241108_135310_972914496,-0.035125636
20241108_135311_218312422,-0.049361132
20241108_135311_467792465,-0.11900922
20241108_135311_716478482,-0.046076678
20241108_135312_472255603,-0.025131723
20241108_135312_726135135,-0.05378356
20241108_135312_972523083,-0.21506704
20241108_135313_218390430,-0.19420774
20241108_135313_472759368,-0.23252966
20241108_135313_721392763,-0.1256165
20241108_135313_975808185,-0.30551574
20241108_135314_223182600,-0.30083463
20241108_135314_474694685,-0.008289298
20241108_135314_724978421,-0.037446402
20241108_135314_972022418,0.020424822
20241108_135315_467337028,0.1198074
20241108_135315_718322468,0.054802038
20241108_135315_968987010,-0.05788543
20241108_135316_473990737,-0.17049949
20241108_135316_723225562,-0.038718782
20241108_135316_977791413,-0.044565223
20241108_135317_222766793,-0.058087252
20241108_135317_472307616,0.14769976
20241108_135317_720511913,0.08095292
20241108_135317_973500688,-0.0047524776
20241108_135318_469631348,-0.031334303
20241108_135318_976540097,-0.03144165
20241108_135319_230901196,-0.2253171
20241108_135319_473941279,-0.2739103
20241108_135319_976585630,-0.30215907
20241108_135321_967556901,-0.069686756
20241108_135322_468079112,-0.09772255
20241108_135322_721302669,0.4364194
20241108_135322_971259866,0.148364
20241108_135323_218473932,0.13070123
20241108_135323_469325830,0.058557488
20241108_135323_718670591,0.07898555
20241108_135323_969563966,-0.045383953
20241108_135324_228409482,0.033968993
20241108_135324_492426065,0.6465037
20241108_135324_754221680,-0.48298758
20241108_135324_996162184,-0.09519359
20241108_135325_245184403,-0.17327972
20241108_135325_486080231,0.09695283
20241108_135325_727034340,0.043276943
20241108_135325_979021176,-0.7527166
20241108_135326_229803603,-0.7884972
20241108_135326_478312791,-0.3412207
20241108_135326_726661189,-0.41518304
20241108_135326_973702917,-0.7446697
20241108_135327_221625547,-0.7281439
20241108_135328_217042407,-0.44826788
20241108_135328_466673795,-0.5450904
20241108_135328_718714598,-0.93915707
20241108_135328_968672026,-0.651558
20241108_135329_215244595,-0.5173992
20241108_135329_467880846,-0.6404397
20241108_135329_720470419,-0.43831834
20241108_135329_971149857,-0.4981962
20241108_135330_223233381,-0.8338934
20241108_135330_473557311,-0.29165497
20241108_135330_718311846,-0.40080777
20241108_135330_967642464,-0.8446504
20241108_135331_221416217,-0.8540248
20241108_135331_471286208,-0.4917618
20241108_135331_716382825,-0.33230808
20241108_135332_466260324,-0.24346478
20241108_135332_716822577,-0.28859228
20241108_135332_970946788,-0.46330884
20241108_135333_218380463,-0.804387
20241108_135334_220268276,-0.6249092
20241108_135334_471765208,-0.2626782
20241108_135334_734050134,-0.9190486
20241108_135335_225279415,-0.68802965
20241108_135335_476244526,0.6358978
20241108_135335_733311746,0.09347836
20241108_135335_979928102,-0.06285324
20241108_135336_225918717,-0.056562804
20241108_135336_472875375,0.07772664
20241108_135336_722204564,0.09651808
20241108_135336_976077577,-0.055412255
20241108_135337_223120068,-0.16524257
20241108_135337_474991951,-0.16305976
20241108_135337_733232481,-0.3697173
20241108_135337_989140403,-0.23935153
20241108_135338_231245249,-0.29825163
20241108_135338_478565322,-0.31194976
20241108_135338_728687201,-0.29401073
20241108_135338_986931287,-0.12710543
20241108_135339_235749385,-0.11263349
20241108_135339_478438431,-0.16071077
20241108_135340_975696119,-0.24973993
20241108_135341_224803784,-0.4398346
20241108_135341_474348363,-0.5701315
20241108_135341_980123253,-0.30671048
20241108_135342_232205449,-0.1350453
20241108_135342_476482950,-0.17456268
20241108_135342_728211190,-0.23753347
20241108_135342_984446786,-0.30000475
20241108_135343_227935762,-0.264795
20241108_135343_727699020,-0.33742782
20241108_135343_973146923,-0.67949444
20241108_135344_225443286,-0.3786585
20241108_135344_474261555,-0.27083766
20241108_135344_724417839,-0.25544718
20241108_135344_974968226,-0.46789226
20241108_135345_469255183,-0.3567542
20241108_135346_220843228,-0.37028012
20241108_135347_222463255,-0.5301716
20241108_135347_497382539,0.6883689
20241108_135347_747459296,0.33454165
20241108_135347_991315801,0.9547604
20241108_135348_230814662,0.44420353
20241108_135348_475243098,0.17190121
20241108_135348_723245236,0.27650157
20241108_135348_976306580,0.34801903
20241108_135349_230584090,0.2945491
20241108_135349_475992131,0.3691015
20241108_135349_721457427,0.3575594
20241108_135350_475623380,0.61342186
20241108_135350_725714431,0.53159434
20241108_135350_979633965,-0.3289699
20241108_135351_227117163,-0.8707935
20241108_135351_481816668,-0.9230877
20241108_135351_730888587,0.07431014
20241108_135351_981243631,0.16456765
20241108_135352_234110419,0.16528313
20241108_135352_725294930,-0.8122399
20241108_135352_977659581,0.46764466
20241108_135353_228878323,0.14250597
20241108_135353_483343788,0.014707962
20241108_135353_725742776,0.04580138
20241108_135353_975688998,0.081806995
20241108_135355_220146591,0.040119864
20241108_135355_471518162,0.118277825
20241108_135355_972871898,-0.0020758118
20241108_135356_471324763,0.018132308
20241108_135356_717814057,-0.20484464
20241108_135357_218738564,-0.46581894
20241108_135357_468475282,-0.32259992
20241108_135357_724381266,-0.34439215
20241108_135357_978937124,-0.28615764
20241108_135358_476433328,-0.32295835
20241108_135358_731969812,-0.5530307
20241108_135358_978074059,-0.28243676
20241108_135359_230356794,-0.36356193
20241108_135359_475885999,-0.06820253
20241108_135359_721584127,0.10805913
20241108_135359_969245004,0.13789935
20241108_135400_220631791,0.30998796
20241108_135400_478693620,-0.04032646
20241108_135400_730198742,0.25568357
20241108_135400_980111219,-0.024651946
20241108_135401_224305015,-0.18754603
20241108_135401_479087503,-0.08028182
20241108_135401_722472620,-0.10747828
20241108_135401_969320716,0.34101665
20241108_135402_217262363,0.41917247
20241108_135402_472590508,0.0077036414
20241108_135402_719665425,0.08998845
20241108_135402_988307634,0.32550067
20241108_135403_227652030,0.23778327
20241108_135403_475598042,0.22046816
20241108_135403_718813855,0.3126075
20241108_135403_969930701,0.27927586
20241108_135404_472193448,0.28345346
20241108_135405_218039961,0.6419118
20241108_135405_479755699,0.36420342
20241108_135405_741068306,2.054658
20241108_135405_980958092,0.29621068
20241108_135406_227921689,0.0148702245
20241108_135406_476956318,-0.037904684
20241108_135406_731272104,-0.75610375
20241108_135406_980954060,-0.509353
20241108_135407_225094095,-0.3106034
20241108_135407_472112527,-0.3621045
20241108_135407_718427227,0.07052681
20241108_135407_972662879,-0.05223278
20241108_135408_229809720,-0.11870506
20241108_135408_479117006,-0.19606723
20241108_135408_725219014,-0.18997623
20241108_135408_977753239,-0.3903751
20241108_135409_228404516,-0.5723942
20241108_135409_479318533,-0.6266356
20241108_135409_725382411,-0.4977559
20241108_135409_975327685,-0.15489249
20241108_135410_222867233,-0.44463617
20241108_135410_472151873,-0.25833178
20241108_135410_721148157,-0.051892683
20241108_135410_969185220,-0.4283056
20241108_135411_218979613,-0.48501816
20241108_135411_470687578,-0.20126905
20241108_135411_717323855,-0.13567953
20241108_135411_969602328,-0.4558122
20241108_135412_221416055,-0.40346482
20241108_135412_472188974,-0.577182
20241108_135412_720280218,0.25253978
20241108_135412_974451843,0.28013745
20241108_135413_216988389,0.2757887
20241108_135413_471369716,0.33447924
20241108_135413_727272596,0.28015792
20241108_135413_976071083,0.68115515
20241108_135414_217760867,0.3758812
20241108_135414_468842206,0.17554589
20241108_135414_724193920,0.2494377
20241108_135414_976351656,0.23861392
20241108_135415_224883220,0.10354013
20241108_135415_722236479,0.14951684
20241108_135416_218964142,0.14348163
20241108_135416_470844910,0.14443208
20241108_135416_720589046,0.15576746
20241108_135416_978940241,0.123842426
20241108_135417_228789071,-0.09368809
20241108_135417_495468022,-0.06540581
20241108_135417_742458997,-0.53091776
20241108_135417_990029997,-0.5179979
20241108_135418_241904846,-1.0436759
20241108_135418_496259076,0.19562326
20241108_135418_736468866,0.2951959
20241108_135418_989084268,0.13759272
20241108_135419_235430282,0.13288061
20241108_135419_484929688,0.085107245
20241108_135419_734242728,-0.17111729
20241108_135419_985904696,-0.044105135
20241108_135420_228807148,-0.03482946
20241108_135420_496515185,0.06513385
20241108_135420_754789640,0.077222325
20241108_135420_993241626,-0.12548693
20241108_135421_245063622,-0.011944016
20241108_135421_487420094,0.042031445
20241108_135422_485575127,-0.010411581
20241108_135422_974950307,0.2597516
20241108_135423_224703337,0.19527347
20241108_135423_474414324,0.18660526
20241108_135423_727856214,0.022454241
20241108_135423_984367042,0.097835876
20241108_135424_232056034,0.69695187
20241108_135424_479574362,0.22746088
20241108_135424_732238061,0.21509086
20241108_135425_241758064,0.19772728
20241108_135425_974625140,0.1183028
20241108_135426_719573512,0.20675401
20241108_135427_973059347,0.20999973
20241108_135428_471856323,0.1329767
20241108_135428_720974631,0.17646293
20241108_135428_972039983,0.1049513
20241108_135429_470611756,0.13446657
20241108_135429_969922652,0.13644533
20241108_135430_218064768,0.1389092
20241108_135430_475332117,0.112983085
20241108_135430_724554082,0.14049242
20241108_135430_973190526,0.14217393
20241108_135431_223802352,-0.031584404
20241108_135431_478527534,0.12293152
20241108_135431_726840561,-0.3610089
20241108_135431_974772427,-0.1169756
20241108_135432_218503856,-0.12477138
20241108_135432_481810772,-0.11108797
20241108_135433_229248544,-0.2730607
20241108_135433_484251423,-0.1784362
20241108_135433_974340361,-0.32306528
20241108_135434_475305671,0.09999465
20241108_135434_717670816,-0.008351466
20241108_135434_969991489,-0.018884053
20241108_135435_470305151,-0.02722325
20241108_135435_722405532,-0.018455049
20241108_135436_219368987,-0.014952203
20241108_135436_467870013,-0.018402657
20241108_135436_972000551,-0.50714177
20241108_135437_215833865,-0.23494397
20241108_135437_466043194,-0.47926414
20241108_135437_712841799,-0.1886489
20241108_135437_969074498,-0.19900675
20241108_135438_475618663,-0.27810147
20241108_135438_729539962,-1.1030027
20241108_135438_981574355,-0.3653964
20241108_135439_226748527,-0.26025313
20241108_135439_474384341,-0.34263334
20241108_135439_723227429,-0.35097238
20241108_135439_974497460,-0.28335312
20241108_135440_231407466,-0.25478345
20241108_135440_472816379,-0.13489379
20241108_135440_724029595,-0.119701676
20241108_135440_980607195,-0.159189
20241108_135441_483651942,-0.19160973
20241108_135442_222522271,-0.20745714
20241108_135442_470493932,-0.15022026
20241108_135442_718899463,-0.14676638
20241108_135442_974366045,-0.6899362
20241108_135443_221665839,-0.5636699
20241108_135443_474828844,-0.6071302
20241108_135443_716989004,-1.7382768
20241108_135443_967648563,0.125829
20241108_135444_219455989,0.006393293
20241108_135444_470726698,0.008066939
20241108_135444_721589559,0.10825471
20241108_135444_970484044,0.14569826
20241108_135445_227669401,0.07071293
20241108_135445_487320502,-0.0066040065
20241108_135445_732897506,0.03236694
20241108_135445_979625034,0.01867471
20241108_135446_222017714,0.039046474
20241108_135446_721320066,0.088571794
20241108_135447_220861079,0.64206964
20241108_135447_472613353,0.28921425
20241108_135447_973751369,0.17740215
20241108_135448_219395343,-0.1605603
20241108_135448_469253841,0.028609881
20241108_135448_971204309,-0.050331168
20241108_135449_221427953,-0.007537147
20241108_135449_972736656,0.035297073
20241108_135450_226927046,-0.018693408
20241108_135450_475214489,-0.24413498
20241108_135450_717849523,-0.23186485
20241108_135451_223914171,-0.12019845
20241108_135451_475659517,0.043050982
20241108_135451_722836317,0.036008455
20241108_135452_223626514,-0.03214775
20241108_135452_471568686,-0.01673006
20241108_135453_466654570,-0.038940385
20241108_135453_718645862,-0.07180583
20241108_135453_968394013,-0.31774127
20241108_135454_215729973,-0.42721307
20241108_135455_217579340,-0.15707095
20241108_135455_470507103,-0.3018431
20241108_135455_723849041,-0.12503482
20241108_135455_974292272,-0.120433085
20241108_135456_469256886,-0.0012556929
20241108_135456_718102352,0.008559244
20241108_135456_970920695,-0.009126028
20241108_135457_224227618,-0.11045306
20241108_135457_475341942,-0.17898631
20241108_135457_720403170,-0.088664226
20241108_135457_971417544,-0.45037988
20241108_135458_214866007,-0.30350214
20241108_135458_470197984,-0.512296
20241108_135458_719928591,-2.158927
20241108_135458_972017066,-2.8718328
20241108_135459_221087561,-0.976147
20241108_135459_479434532,-0.44376495
20241108_135459_727151063,-0.25489852
20241108_135459_990038354,0.39160872
20241108_135500_237907697,0.4777198
20241108_135500_490268383,-0.34327835
20241108_135500_727590312,-0.08892702
20241108_135500_979130218,0.101347424
20241108_135501_470535719,-0.33774832
20241108_135501_721012501,-0.54987496
20241108_135501_974301613,-0.39592412
20241108_135502_233105191,0.1579746
20241108_135502_484033442,-0.09132045
20241108_135502_727941938,0.08485863
20241108_135502_978296073,0.05596129
20241108_135503_220213664,-0.17210211
20241108_135503_471054263,-0.4257325
20241108_135503_722884334,-0.4816007
20241108_135503_986523164,0.072614074
20241108_135504_231520877,0.323846
20241108_135504_488552837,0.7093097
20241108_135504_739018156,0.6495472
20241108_135504_992018063,-0.98204607
20241108_135505_242885494,-0.12899652
20241108_135505_497696776,-0.71485305
20241108_135505_741493416,-0.43869886
20241108_135505_983111978,-0.99023676
20241108_135506_233512324,-0.6018901
20241108_135506_735931245,-0.5116153
20241108_135506_985658849,-0.2094609
20241108_135507_226439129,-0.22729005
20241108_135507_471045571,-0.21021773
20241108_135507_719916016,-0.09901484
20241108_135507_969639313,-0.24945392
20241108_135509_472128552,-0.42156142
20241108_135509_725018073,-0.56076604
20241108_135509_973268072,-0.56904715
20241108_135510_221710363,-0.22117965
20241108_135510_474479496,-0.26328796
20241108_135510_731764649,-0.8828943
20241108_135510_985612433,0.739205
20241108_135511_233048231,0.7490875
20241108_135511_482517203,0.8852592
20241108_135511_728894324,-0.5700808
20241108_135511_979133012,-0.9030743
20241108_135512_224954117,0.7603727
20241108_135512_477092965,-0.5375368
20241108_135512_729516878,-0.95097756
20241108_135512_986766425,-0.23075594
20241108_135513_226392019,-0.04999324
20241108_135513_469419049,-0.09154799
20241108_135513_716428899,-0.12420728
20241108_135513_968973543,0.52680403
20241108_135514_220881629,0.26616493
20241108_135514_475656188,0.2193924
20241108_135514_724467190,0.31754705
20241108_135514_977657377,0.30564263
20241108_135515_234897547,0.19320767
20241108_135515_482780041,0.16910748
20241108_135515_724887911,-0.058331333
20241108_135515_973815894,0.50730723
20241108_135516_229623360,0.46226406
20241108_135516_473651049,0.3736336
20241108_135516_970611786,0.26721525
20241108_135517_217169522,0.17766355
20241108_135517_470324752,0.08461002
20241108_135517_732191917,0.4894341
20241108_135517_983463908,0.6838592
20241108_135518_222142437,0.66082734
20241108_135518_470760143,0.011913577
20241108_135518_727137399,0.0371261
20241108_135518_972118919,0.071823575
20241108_135519_220902315,0.02634422
20241108_135519_472503334,-0.03893771
20241108_135519_719162209,0.08944277
20241108_135520_215343958,-0.2597764
20241108_135520_465783516,-0.45239472
20241108_135520_716231568,-0.05907684
20241108_135520_974475728,-0.112557076
20241108_135521_225792579,-0.21769984
20241108_135521_473995933,-0.1353135
20241108_135521_717614619,-0.11982008
20241108_135522_214611675,-0.11556395
20241108_135522_466923377,-0.13652734
20241108_135523_475725674,-0.271997
20241108_135523_724467996,-0.31506446
20241108_135523_973108727,-0.4104977
20241108_135524_217337425,-0.30717492
20241108_135524_471991268,-0.043630265
20241108_135524_717876105,0.06846226
20241108_135524_972644307,0.0066748653
20241108_135525_217181779,-0.09811636
20241108_135525_722115276,-0.22482277
20241108_135525_969220558,-0.13277023
20241108_135526_474483037,-0.15352555
20241108_135526_723497504,-1.0625334
20241108_135526_971039021,-0.50830716
20241108_135527_221211400,-0.09435986
20241108_135527_470848289,0.66273594
20241108_135527_720048587,1.0223118
20241108_135527_969754418,1.0528333
20241108_135528_471180186,0.3501882
20241108_135528_723129381,0.773639
20241108_135528_973355833,-0.41028485
20241108_135529_219779942,-0.444891
20241108_135529_468114787,-0.8420299
20241108_135529_715979936,-0.3041711
20241108_135530_213641343,-0.59638774
20241108_135530_463109411,-0.049743652
20241108_135530_716794207,0.029061096
20241108_135530_967246837,0.0730654
20241108_135531_222183995,0.4899195
20241108_135531_473524982,0.35541508
20241108_135531_715462661,0.36258832
20241108_135531_965564365,0.34684542
20241108_135532_216161683,0.33278248
20241108_135532_468426383,-0.009970447
20241108_135532_714843133,0.13531084
20241108_135532_964675818,-0.15326251
20241108_135533_462178580,-0.29414544
20241108_135533_713403109,-0.13753577
20241108_135533_964399965,-0.1478448
20241108_135534_216335914,0.039605655
20241108_135534_717192113,-0.04762014
20241108_135535_720060251,1.0406727
20241108_135535_967123053,-1.3462465
20241108_135536_214275587,-0.42015952
20241108_135536_466926686,-0.74508095
20241108_135536_731270849,-0.2537817
20241108_135536_989584349,-1.284314
20241108_135537_222039578,-0.88503724
20241108_135537_468681682,0.19979022
20241108_135537_717132945,0.317387
20241108_135537_969116536,0.02722291
20241108_135538_214035804,0.036822833
20241108_135539_461500721,-0.14181317
20241108_135539_712942830,0.08931462
20241108_135539_962535565,-0.19222574
20241108_135540_211137473,-0.122795664
20241108_135540_461625207,-0.1712208
20241108_135540_968182901,-0.13410069
20241108_135541_468960421,-0.065808974
20241108_135541_716140010,-0.06983491
20241108_135541_966508297,-0.17898645
20241108_135542_215608525,-0.36640882
20241108_135542_464475030,-0.22320242
20241108_135542_712847836,-0.16226275
20241108_135542_965136574,0.04214295
20241108_135543_216395604,0.15048288
20241108_135543_464982231,0.00011006929
20241108_135543_725665104,-0.24504937
20241108_135543_983827131,0.061509304
20241108_135544_225448848,0.07927791
20241108_135544_470541883,-0.031215092
20241108_135545_216193871,-0.02249994
20241108_135545_465061614,-0.021352282
20241108_135545_970191211,-0.03761276
20241108_135546_218757687,0.03765223
20241108_135546_472388110,-0.10589614
20241108_135546_723128828,-0.05936124
20241108_135546_971994738,-0.07237797
20241108_135547_466402065,-0.12784822
20241108_135547_714800178,-0.066291116
20241108_135548_214532045,-0.0826427
20241108_135548_464679718,-0.116455816
20241108_135548_715843985,-0.081783734
20241108_135548_964502080,-0.116256885
20241108_135549_467802746,-0.12800811
20241108_135550_717110367,-0.09639122
20241108_135550_966375852,-0.1716771
20241108_135551_214347181,-0.032251857
20241108_135551_970032060,-0.15607424
20241108_135552_219193710,-0.4992819
20241108_135552_469931796,-0.23761944
20241108_135553_217883070,-0.20035528
20241108_135553_468387834,-0.23068084
20241108_135553_718011058,-0.3316897
20241108_135553_968735853,-0.4066165
20241108_135554_217367090,-0.24972169
20241108_135554_466084319,-0.20864303
20241108_135554_719538377,-0.15423073
20241108_135554_969702514,0.1539663
20241108_135555_217166756,0.20295252
20241108_135555_471764185,-0.15967305
20241108_135555_719657647,-0.15829451
20241108_135555_963530414,-0.049560927
20241108_135556_213134407,-0.052395605
20241108_135556_462932570,-0.09138485
20241108_135556_714407655,-0.11549013
20241108_135556_977967633,-0.23858757
20241108_135557_476915681,-0.18588449
20241108_135557_718449219,0.57487416
20241108_135557_970203056,0.19720624
20241108_135558_719050160,0.13194133
20241108_135558_969192409,0.12582462
20241108_135559_229655740,-0.2822378
20241108_135559_476669536,-0.24897121
20241108_135559_724946507,-0.61083776
20241108_135559_986187339,-0.2309833
20241108_135600_224847105,-0.25339755
20241108_135600_475897077,-0.22419576
20241108_135600_716616656,-0.105687134
20241108_135600_969938745,-0.2125719
20241108_135601_214816420,-0.26475728
20241108_135601_467041869,-0.25862926
20241108_135601_721284621,-0.20320188
20241108_135601_974736015,-0.20471527
20241108_135602_224876780,-0.1771311
20241108_135602_472526824,-0.43628386
20241108_135602_720725415,0.0051466357
20241108_135602_968994228,-0.20046474
20241108_135603_221278110,-0.04468151
20241108_135603_473985457,1.733867
20241108_135603_728658636,0.037132733
20241108_135603_982380563,-0.10784083
20241108_135604_229715890,-0.36212066
20241108_135604_480873141,-0.18997611
20241108_135604_729336593,-0.21223529
20241108_135604_984030940,-0.19242288
20241108_135605_224234956,-2.1904237
20241108_135605_471158220,0.7146675
20241108_135605_717648845,0.47366723
20241108_135605_970177296,0.29032084
20241108_135606_214205032,0.3125355
20241108_135606_463927521,-1.306469
20241108_135606_714622277,0.9153735
20241108_135606_964551752,1.0858532
20241108_135607_216930774,1.1840643
20241108_135607_472319040,1.02056
20241108_135607_719059519,0.61872816
20241108_135607_973142763,0.7383399
20241108_135608_221225976,0.52546746
20241108_135608_468776877,0.14644136
20241108_135608_715326655,0.1705362
20241108_135608_969127400,0.08214081
20241108_135609_216632739,-0.05741831
20241108_135609_467272110,-0.35773906
20241108_135609_722238951,-0.33287433
20241108_135609_971849798,-0.14185609
20241108_135610_217676928,0.0192853
20241108_135610_483374458,-0.09369006
20241108_135610_985264728,-0.15658553
20241108_135611_487168344,-1.0408012
20241108_135611_730799704,0.20863657
20241108_135611_985761346,0.8373365
20241108_135612_226134045,0.4637198
20241108_135612_479938102,0.11873523
20241108_135612_723325637,0.37272626
20241108_135612_982447396,0.2882752
20241108_135613_231064897,0.289657
20241108_135613_484246726,0.29307982
20241108_135613_733302056,0.2858067
20241108_135613_988279026,0.68360454
20241108_135614_237471051,0.3294062
20241108_135614_484857219,0.22855185
20241108_135614_720558147,0.42446908
20241108_135614_968405658,0.17155941
20241108_135615_214222019,0.23405553
20241108_135615_467392776,0.2508815
20241108_135616_214094202,-0.9484322
20241108_135616_471306162,-0.64575535
20241108_135616_718379107,-0.99439985
20241108_135616_970623832,-0.94390684
20241108_135617_218626213,-0.04699584
20241108_135617_477179919,0.67003226
20241108_135617_724854509,0.9748705
20241108_135617_967689356,0.62972116
20241108_135618_215424180,0.42615914
20241108_135618_467267275,0.6107461
20241108_135618_968916980,0.44516775
20241108_135619_218422585,0.32958812
20241108_135619_470304194,0.44462585
20241108_135619_721767875,0.037110843
20241108_135620_216594463,0.42605546
20241108_135620_469505578,1.2761087
20241108_135620_718179038,-0.7132006
20241108_135620_967454589,-0.2082021
20241108_135621_219652983,-0.028301114
20241108_135621_468407395,0.8313194
20241108_135621_713689479,0.5958843
20241108_135621_969819144,0.6284362
20241108_135622_220246589,0.87710786
20241108_135622_475696806,0.8576351
20241108_135622_972942068,0.6233874
20241108_135623_219421402,0.6555369
20241108_135623_473207452,0.69157803
20241108_135623_727134485,0.61939365
20241108_135624_224406473,0.21598081
20241108_135624_486048224,-0.44339067
20241108_135624_731407913,-0.06391963
20241108_135624_973759743,-0.2575705
20241108_135625_222918636,-0.30888057
20241108_135625_472040116,-0.28226516
20241108_135625_718246839,-0.24563195
20241108_135625_964525180,-0.3199646
20241108_135626_213694549,0.57478756
20241108_135626_462517611,0.2859575
20241108_135626_962788565,0.33876446
20241108_135627_212529928,0.4583278
20241108_135627_472530002,0.3817461
20241108_135627_719433645,0.38948333
20241108_135627_965623268,0.32915568
20241108_135628_214557704,0.36842436
20241108_135628_465274398,0.30489948
20241108_135628_719544779,0.35563126
20241108_135629_224845382,0.30538884
20241108_135629_471577674,-0.09009402
20241108_135629_725788940,0.21397667
20241108_135629_982320423,0.2600287
20241108_135630_222378621,0.22037022
20241108_135630_472949489,0.54390746
20241108_135630_714792972,0.3070237
20241108_135630_967174702,-1.2061652
20241108_135631_214827011,-1.0921952
20241108_135631_474936286,0.12154374
20241108_135631_721801315,0.01314394
20241108_135631_967708637,-0.074200295
20241108_135632_216744811,-0.20426346
20241108_135632_469400260,-0.5856738
20241108_135632_716600367,-0.32873753
20241108_135632_964730515,-0.425649
20241108_135633_213203462,-1.7000118
20241108_135633_473224674,-1.0482873
20241108_135633_719687209,-0.770129
20241108_135633_966613352,0.9079441
20241108_135634_212989869,0.10481838
20241108_135634_471362572,0.37370074
20241108_135634_717034700,0.3032916
20241108_135635_213233855,0.30310735
20241108_135635_971706399,-0.13231625
20241108_135636_214191275,-0.6910335
20241108_135636_467680500,-0.32719743
20241108_135636_717460425,-0.37597665
20241108_135636_968443671,-0.26152202
20241108_135637_215577017,-0.40294352
20241108_135637_473961087,1.3715681
20241108_135637_716763205,-0.48315945
20241108_135637_968307246,-0.09080609
20241108_135638_214636117,-0.16264428
20241108_135638_461839292,-0.03203728
20241108_135638_710515910,-0.031847678
20241108_135638_961271506,-0.09545677
20241108_135639_209570745,0.091333605
20241108_135639_460162388,0.57688737
20241108_135639_969586760,0.33254078
20241108_135640_222985657,0.2672629
20241108_135640_471572579,0.20339136
20241108_135640_717170256,0.22123526
20241108_135640_963500263,0.22614764
20241108_135641_210829098,0.19325985
20241108_135641_462830331,0.15363078
20241108_135641_720885811,0.7308002
20241108_135641_965933067,0.46001658
20241108_135642_470624528,0.31215498
20241108_135642_715492533,0.38309526
20241108_135642_965114789,0.27545214
20241108_135643_216108656,1.284707
20241108_135643_463823605,0.51174694
20241108_135643_713028241,0.34604928
20241108_135643_965465631,0.21764745
20241108_135644_220694580,0.2962598
20241108_135644_470505958,0.38336185
20241108_135644_717950496,0.50682855
20241108_135644_975696076,0.992829
20241108_135645_469627270,0.4921411
20241108_135645_714169640,0.48283485
20241108_135645_969760984,0.36569083
20241108_135646_218416891,0.30452305
20241108_135646_470905567,0.30925196
20241108_135646_719709562,0.35056153
20241108_135646_963974427,0.3036306
20241108_135647_220639513,0.40530962
20241108_135647_473073994,0.94814545
20241108_135647_968382097,0.41080832
20241108_135648_215335014,0.38808745
20241108_135648_466205074,0.23468651
20241108_135648_714585440,0.1865666
20241108_135648_973698329,0.23531677
20241108_135649_220126133,0.2344545
20241108_135649_471629824,-0.005996486
20241108_135649_722911787,0.25402054
20241108_135649_975560480,0.18134205
20241108_135650_218578286,0.1429197
20241108_135650_465684742,0.08514518
20241108_135650_715425516,0.08955438
20241108_135650_963762334,0.024711827
20241108_135651_469629941,-0.011367282
20241108_135651_715721791,0.38443452
20241108_135651_964875128,0.22553964
20241108_135652_217051155,0.16347481
20241108_135652_469323450,0.17058729
20241108_135652_970888396,0.16571374
20241108_135653_221474710,0.11045853
20241108_135653_479284968,-0.004791757
20241108_135653_724953673,0.054574944
20241108_135653_973419874,0.10326672
20241108_135654_217912972,-0.010249158
20241108_135654_470629028,0.030051598
20241108_135654_714389678,0.03915391
20241108_135654_965051426,-0.046869896
20241108_135655_217530547,-0.004129162
20241108_135655_467055033,0.013362894
20241108_135656_224017576,-0.25237036
20241108_135656_471787900,0.10894097
20241108_135656_724660033,0.046949185
20241108_135656_972264787,-0.031356625
20241108_135657_216077344,0.013818363
20241108_135657_464201839,-0.00038333796
20241108_135657_969237213,-0.056550555
20241108_135658_218177172,0.08118633
20241108_135658_461444122,0.11819456
20241108_135658_719250748,0.114032425
20241108_135658_972261434,0.11281685
20241108_135659_220063033,0.17339511
20241108_135659_471199579,0.10036603
20241108_135659_968567287,0.09006975
20241108_135700_219959482,0.08090905
20241108_135700_479611121,0.20777403
20241108_135701_225438562,-0.05190643
20241108_135701_467045584,-0.09171533
20241108_135701_712853303,0.030237803
20241108_135701_973904638,-0.025070569
20241108_135702_219500699,-0.20974453
20241108_135702_466952160,0.017908612
20241108_135702_715100986,-0.01564323
20241108_135702_963902095,0.290678
20241108_135703_213460847,0.06157119
20241108_135703_463123609,0.26869103
20241108_135703_711452395,0.18093835
20241108_135703_963294676,0.03113846
20241108_135704_217995334,-0.004056921
20241108_135704_470506507,0.030621806
20241108_135704_972570870,0.073163696
20241108_135705_217795722,0.10702524
20241108_135705_468271274,0.10081188
20241108_135705_973800273,0.03096492
20241108_135706_216527255,0.07780091
20241108_135706_471603165,0.12647204
20241108_135706_714688621,0.15008308
20241108_135707_214353623,0.082494296
20241108_135707_467361896,0.051706113
20241108_135707_712020971,0.092716075
20241108_135707_964773822,0.09279496
20241108_135708_220471591,0.09191827
20241108_135708_479416125,0.105761476
20241108_135708_734296256,0.098491676
20241108_135708_977803352,-0.21177153
20241108_135709_218823191,-0.118299685
20241108_135709_470326063,0.14197613
20241108_135709_719823741,-0.023482999
20241108_135709_964780744,0.028999219
20241108_135710_219190830,0.028456012
20241108_135710_464230691,0.3348834
20241108_135710_711308310,0.2415603
20241108_135711_472512361,0.15459086
20241108_135711_721896517,0.058040656
20241108_135711_974418090,0.014128396
20241108_135712_218604657,-0.2662459
20241108_135712_479916093,-0.11642169
20241108_135712_725864065,-0.10408645
20241108_135713_220433581,-0.07121917
20241108_135713_466140532,-0.005738577
20241108_135713_714724855,-0.0028622653
20241108_135713_973147891,-0.09503385
20241108_135714_216989644,-0.2672009
20241108_135714_466502230,-0.416534
20241108_135714_962089082,-0.260944
20241108_135715_216248146,-0.15119962
20241108_135715_718521338,0.11901111
20241108_135715_971295467,-0.07252785
20241108_135716_225504938,-0.08839398
20241108_135716_471442140,-0.040227197
20241108_135716_714857723,0.038966842
20241108_135716_961890155,-0.059793197
20241108_135717_464329883,-0.049933903
20241108_135717_716770027,-0.24097528
20241108_135717_972569593,-0.2302623
20241108_135718_225436610,-0.059180073
20241108_135718_468323341,-0.048724614
20241108_135718_715061122,-0.12672617
20241108_135718_969337909,-0.15895261
20241108_135719_214004632,-0.11585467
20241108_135719_466746879,-0.07440122
20241108_135719_978248915,0.14390524
20241108_135720_221364841,-0.0026791897
20241108_135720_468661922,-0.13876335
20241108_135720_714731962,-0.119599186
20241108_135720_971385389,-0.061343662
20241108_135721_220370382,-0.10389348
20241108_135721_466601463,-0.10717716
20241108_135721_716449098,0.014406243
20241108_135721_964801493,-0.19357349
20241108_135722_221111141,-0.25682405
20241108_135722_488890426,-0.15810077
20241108_135722_734045090,-0.72714174
20241108_135722_986173327,-0.22370498
20241108_135723_224234073,0.7891514
20241108_135723_470756870,0.7812796
20241108_135723_725474691,0.8382939
20241108_135723_974194832,0.3513707
20241108_135724_225296050,0.3836603
20241108_135724_479073832,0.55197304
20241108_135724_968738565,0.46347946
20241108_135725_212806533,0.6160534
20241108_135725_468801791,0.7011487
20241108_135725_716418009,0.6076954
20241108_135725_963677382,0.38428977
20241108_135726_213818056,0.4337485
20241108_135726_464534173,0.41754434
20241108_135727_213744646,0.41894078
20241108_135727_464376547,-0.8202899
20241108_135727_713035327,-0.81614274
20241108_135727_965021217,-0.829455
20241108_135728_219680379,-0.6233187
20241108_135728_467943570,-0.809797
20241108_135728_716111025,-1.0452257
20241108_135728_964142088,-0.13983421
20241108_135729_219720599,0.73574543
20241108_135729_467662637,1.052738
20241108_135729_716568567,0.8280716
20241108_135729_971341032,0.7756604
20241108_135730_715649072,0.6596007
20241108_135730_963418617,0.8317155
20241108_135731_212149750,0.69285077
20241108_135731_457631559,0.55436957
20241108_135731_710182589,0.5128419
20241108_135731_961227012,0.534247
20241108_135732_215888447,0.6122306
20241108_135732_464848455,0.4319156
20241108_135732_713275807,0.42054048
20241108_135732_970520178,0.37201506
20241108_135733_216826344,0.34593588
20241108_135733_468648254,0.6753056
20241108_135733_716018947,0.5187206
20241108_135734_216489539,0.69097376
20241108_135734_463875692,0.48339745
20241108_135734_965060419,0.43824574
20241108_135735_462768974,0.29303414
20241108_135735_716284855,0.30034673
20241108_135735_961665271,0.30148154
20241108_135736_216835008,0.31434518
20241108_135736_466238860,0.45810065
20241108_135736_712203596,0.27593532
20241108_135736_966190749,0.26264027
20241108_135737_214088474,0.30985275
20241108_135737_464428146,0.12482422
20241108_135737_967785823,0.13350086
20241108_135738_463246222,0.32131132
20241108_135738_712808053,0.44645295
20241108_135738_967697774,0.21291292
20241108_135739_463564882,0.32537407
20241108_135739_965001895,0.23895688
20241108_135740_215341663,0.22368605
20241108_135740_469699186,0.16762735
20241108_135740_970320572,0.4167037
20241108_135741_215193223,0.33082655
20241108_135741_478003091,0.27198043
20241108_135741_716419694,0.20156956
20241108_135741_962148707,0.0856702
20241108_135742_212463913,0.039160624
20241108_135742_466203064,0.03547997
20241108_135742_714128970,0.22491772
20241108_135742_963726740,0.045832112
20241108_135743_221087120,0.2614745
20241108_135743_468677529,0.14399695
20241108_135743_719693440,0.26184633
20241108_135743_969350269,0.27259648
20241108_135744_216938854,0.24005349
20241108_135744_474362275,0.31790617
20241108_135744_717039285,0.3256664
20241108_135744_964589421,0.30263844
20241108_135745_212576893,0.14577027
20241108_135745_469122999,0.3204817
20241108_135745_714757279,0.29830325
20241108_135745_965385349,0.2434973
20241108_135747_210823132,0.31557405
20241108_135747_460107481,0.20153522
20241108_135747_714631511,0.16948782
20241108_135747_963684578,0.12732904
20241108_135748_214268888,0.10513229
20241108_135748_711074702,0.12971759
20241108_135748_962916055,0.12704086
20241108_135749_963020199,-0.010773616
20241108_135750_209412201,0.001413973
20241108_135750_459261903,0.15031853
20241108_135750_711282451,0.10584668
20241108_135750_964469997,0.24253143
20241108_135751_213320769,0.35662845
20241108_135751_462954266,0.29528722
20241108_135751_726415004,0.34476474
20241108_135751_981389398,0.24291204
20241108_135752_225155081,0.18605545
20241108_135752_467567849,0.13033673
20241108_135752_717214257,0.11687667
20241108_135752_967946779,0.84189665
20241108_135753_214190306,-0.72330695
20241108_135753_461298111,-0.6080763
20241108_135753_714907357,0.054641657
20241108_135753_965411380,0.008538248
20241108_135754_211872100,0.023825804
20241108_135754_460798170,0.0283613
20241108_135754_719548700,0.09156651
20241108_135754_970591476,0.04653529
20241108_135755_474795181,0.008595804
20241108_135755_723454852,0.104673244
20241108_135755_969934485,0.16695042
20241108_135756_215145579,0.24408586
20241108_135756_461710204,0.15959449
20241108_135756_713932348,0.12410266
20241108_135757_710866880,0.1424395
20241108_135757_960844883,0.05938054
20241108_135758_465262062,0.25534758
20241108_135758_718775578,0.18407394
20241108_135758_969699191,-0.41599634
20241108_135759_221490145,-0.31651646
20241108_135759_480256766,-0.48643667
20241108_135759_722285797,-0.42322275
20241108_135759_975542786,-0.66620827
20241108_135800_230098035,-0.42122242
20241108_135800_478400272,-0.6829065
20241108_135800_718353313,-0.4523401
20241108_135800_968515748,-0.4287023
20241108_135801_216283686,-0.25285435
20241108_135801_479657334,-0.58088714
20241108_135801_971584263,-0.5069931
20241108_135802_214965035,-0.36846355
20241108_135802_468366089,-0.047734164
20241108_135802_965585899,-0.13759948
20241108_135803_213901445,-0.15625416
20241108_135803_470621216,0.23830299
20241108_135803_722815205,-0.29045096
20241108_135803_987802746,-0.7455329
20241108_135804_247178049,-0.17017709
20241108_135804_497353265,-0.16669525
20241108_135804_737505306,0.8818152
20241108_135804_983866499,0.26704457
20241108_135805_227692614,0.4810895
20241108_135805_476947707,0.3219737
20241108_135805_730570592,0.22962932
20241108_135806_240598608,0.18837218
20241108_135806_479249247,0.22301972
20241108_135806_729709982,0.5455765
20241108_135806_985071537,0.58630216
20241108_135807_228765276,0.44906628
20241108_135807_479085773,0.6545281
20241108_135807_720500460,0.5199466
20241108_135808_216429110,0.695247
20241108_135808_463793937,0.548019
20241108_135808_977137618,0.5271608
20241108_135809_220916852,0.44380176
20241108_135809_467110794,0.41322508
20241108_135810_217473279,0.40073887
20241108_135810_470721830,0.5178863
20241108_135810_714879719,0.4465426
20241108_135810_963885206,0.54293597
20241108_135811_212213057,0.40665308
20241108_135811_462460719,0.29233882
20241108_135811_714945965,0.36482137
20241108_135811_970412177,0.36524358
20241108_135812_232354507,0.34728923
20241108_135813_467276490,0.51189667
20241108_135813_715658226,0.43501893
20241108_135813_970257263,0.25210178
20241108_135814_216118008,0.38996544
20241108_135814_462723972,0.38498107
20241108_135814_965269704,0.5376786
20241108_135815_467128181,0.30664226
20241108_135815_715592524,0.24738719
20241108_135815_968589438,0.19006656
20241108_135816_472537871,0.3928276
20241108_135816_714880943,0.25746462
20241108_135816_968087053,0.34272754
20241108_135817_220184654,0.16578993
20241108_135817_467837211,0.16667725
20241108_135817_712167035,0.16510542
20241108_135817_964210804,0.16113435
20241108_135818_212616054,0.1543672
20241108_135818_460492612,0.14007205
20241108_135818_710129468,0.12778325
20241108_135819_217739117,0.25587064
20241108_135820_215903884,0.18749745
20241108_135820_465724153,0.075952105
20241108_135820_964322698,0.07799754
20241108_135821_213511437,0.09893445
20241108_135821_462570722,0.127257
20241108_135821_714647426,0.12123344
20241108_135821_970034583,0.06400627
20241108_135822_219849487,0.30806246
20241108_135822_467934182,0.18311267
20241108_135822_710606993,0.32599992
20241108_135823_225467353,0.3381749
20241108_135823_467595474,0.23355676
20241108_135823_715389790,0.22608398
20241108_135823_965866110,0.15721494
20241108_135824_219258589,0.27715975
20241108_135824_469082115,0.32701957
20241108_135824_966301155,0.94630814
20241108_135825_218282244,0.6707736
20241108_135825_466812454,0.44085097
20241108_135825_716620636,0.61588365
20241108_135825_966856253,0.4383516
20241108_135826_214885927,0.70216316
20241108_135826_469400677,0.49363133
20241108_135827_224198510,0.49456337
20241108_135827_470625164,0.41415554
20241108_135827_715575249,0.37159806
20241108_135827_965235493,0.3322334
20241108_135828_214146417,0.289418
20241108_135828_462598296,0.25238562
20241108_135828_717519092,0.1299706
20241108_135828_971177883,0.37341556
20241108_135829_220511105,0.4181479
20241108_135829_470514030,0.43277058
20241108_135829_714799196,0.32571673
20241108_135830_212684314,0.29028466
20241108_135830_462987292,0.22204503
20241108_135830_720169826,0.3858016
20241108_135830_979934941,0.63466936
20241108_135831_223764691,0.7793814
20241108_135831_473685748,0.4674088
20241108_135831_718557713,0.4568333
20241108_135831_967888226,0.41295028
20241108_135832_216178677,0.2293394
20241108_135832_465179687,0.23784493
20241108_135832_961444392,0.220087
20241108_135833_468685577,0.3468963
20241108_135833_970333392,0.24620502
20241108_135834_214082018,0.13862231
20241108_135834_465205346,0.2844236
20241108_135834_713811963,0.40252087
20241108_135834_965491792,0.3350077
20241108_135835_464750927,0.18761705
20241108_135835_716100821,0.56251216
20241108_135835_962029848,0.62382996
20241108_135836_217869791,0.8299296
20241108_135836_466238057,-0.4688494
20241108_135836_714727867,-0.023095284
20241108_135836_964979009,-0.09041079
20241108_135837_211760187,-0.1347111
20241108_135837_462660369,-0.07506468
20241108_135837_710493122,-0.10654353
20241108_135837_969667005,-0.1344306
20241108_135838_217738753,-0.25021568
20241108_135838_462553278,-0.20541169
20241108_135838_709060119,-0.15984617
20241108_135839_463500611,-0.26300865
20241108_135839_712433426,-0.11096602
20241108_135839_965656835,-0.12683327
20241108_135840_215182790,-0.10855564
20241108_135840_462584503,0.60728335
20241108_135840_713631326,0.24861522
20241108_135840_964799320,0.25282636
20241108_135841_211812625,0.25137472
20241108_135841_460766859,0.15345038
20241108_135841_708762655,0.28709623
20241108_135842_211368377,0.25155166
20241108_135843_211439891,0.2180147
20241108_135843_460252562,0.18370904
20241108_135843_713886408,0.20070769
20241108_135843_965161693,0.17236932
20241108_135844_211781491,-0.025354734
20241108_135844_464941802,-0.12359192
20241108_135844_720747144,-0.06948947
20241108_135844_983024683,-0.023464253
20241108_135845_714757800,0.28463918
20241108_135845_967164953,0.23229735
20241108_135846_215371258,0.21447586
20241108_135846_462349496,0.22486125
20241108_135846_713033248,0.19638635
20241108_135846_960839789,0.22058181
20241108_135847_212075249,0.077487506
20241108_135847_461208587,0.10937632
20241108_135847_709547779,0.4154384
20241108_135847_959848347,0.29752675
20241108_135848_212472927,0.23402046
20241108_135848_464192818,0.6065125
20241108_135848_725194352,0.752817
20241108_135848_977326039,1.6659284
20241108_135849_222442000,-0.03205786
20241108_135849_467729365,0.9678859
20241108_135849_721055038,-0.6527428
20241108_135849_974703610,-0.22594872
20241108_135850_222906395,-0.29672292
20241108_135850_480637688,-0.2545077
20241108_135850_975156646,-0.20229985
20241108_135852_230138872,-0.19499753
20241108_135852_470451244,-0.09382574
20241108_135852_720415250,0.1497281
20241108_135852_965545247,0.12993972
20241108_135853_218151182,0.09232787
20241108_135853_469966593,0.08202026
20241108_135853_714269211,0.09658573
20241108_135853_962945575,0.08603797
20241108_135854_711757624,0.081291415
20241108_135854_963160054,0.10064385
20241108_135855_464059252,-0.06253024
20241108_135855_711993093,-0.14037295
20241108_135855_965142939,-0.07616883
20241108_135856_213255920,-0.04602935
20241108_135856_465169348,-0.04744979
20241108_135856_975301231,-0.040698968
20241108_135857_224100579,-0.24940325
20241108_135857_472748699,-0.12795015
20241108_135857_720074597,-0.10652121
20241108_135857_967442588,-0.027451118
20241108_135858_220797785,-0.120484345
20241108_135858_467443202,-0.2055739
20241108_135858_975704357,-0.18883805
20241108_135859_220094711,-0.209666
20241108_135859_469912275,-0.19127382
20241108_135859_716203722,-0.18896197
20241108_135859_964094185,-0.20799978
20241108_135900_211936481,-0.18948983
20241108_135900_468280741,-0.11064898
20241108_135900_720322978,-0.1132681
20241108_135900_978519178,-0.108625434
20241108_135901_228533145,-0.24138074
20241108_135901_471204392,-0.1921526
20241108_135901_716320754,-0.07952177
20241108_135901_969150243,-0.18741928
20241108_135902_221337803,-0.33667433
20241108_135903_228208266,-0.22090732
20241108_135903_473089590,-0.78368455
20241108_135903_725008117,0.08929137
20241108_135903_979500116,0.06880299
20241108_135904_222150467,0.053406097
20241108_135904_464897297,-0.14243503
20241108_135904_713390794,-0.16906936
20241108_135904_964158074,-0.016135952
20241108_135905_210024267,-0.026169917
20241108_135905_462415391,0.012362758
20241108_135905_719911920,0.08121643
20241108_135905_973960378,0.13997033
20241108_135906_215338198,0.14690296
20241108_135906_465387281,0.12597327
20241108_135906_712865988,0.3864372
20241108_135906_961844077,0.26794422
20241108_135907_209703197,0.20086907
20241108_135907_457653916,0.14998232
20241108_135908_209513792,0.13203745
20241108_135908_459666135,0.16903146
20241108_135908_962208565,0.112048365
20241108_135909_216062804,-0.003215691
20241108_135909_970604169,0.10312108
20241108_135910_217945694,-0.14387478
20241108_135910_467105766,-0.07317873
20241108_135910_719458584,-0.04836466
20241108_135910_962980280,-0.04219713
20241108_135911_213812051,-0.020359894
20241108_135911_465898469,-0.03550037
20241108_135911_716893313,0.00912706
20241108_135912_212687622,0.06931708
20241108_135912_462790115,0.10368619
20241108_135912_713580236,-0.6446591
20241108_135912_967686719,-0.54207194
20241108_135913_218898298,-0.15860637
20241108_135913_467711555,-0.16993068
20241108_135913_720457517,-0.15529497
20241108_135913_966872146,-0.20193614
20241108_135914_214990234,-0.23478536
20241108_135914_468289201,-0.27880532
20241108_135914_721162901,0.13757001
20241108_135914_981992878,0.26141396
20241108_135915_226340432,0.26328164
20241108_135915_479212924,0.12031833
20241108_135915_725282214,0.06095253
20241108_135915_973329195,0.02194986
20241108_135916_223105049,0.13140938
20241108_135916_484605274,0.07167361
20241108_135916_726250845,0.20398472
20241108_135916_971238073,0.26486656
20241108_135917_215520656,0.17603995
20241108_135917_461206744,0.07504397
20241108_135917_708115300,0.031853393
20241108_135917_961501769,0.04709369
20241108_135918_213525239,0.16464753
20241108_135918_461832570,0.14458355
20241108_135918_709611018,0.2322035
20241108_135918_957318160,0.28297082
20241108_135919_207286842,0.23844765
20241108_135919_457733064,0.2234445
20241108_135919_958771384,0.16060956
20241108_135920_458316432,0.26825124
20241108_135920_707010822,0.1817358
20241108_135920_957341556,0.28784305
20241108_135921_206532460,0.21545057
20241108_135921_460028293,0.30173755
20241108_135921_709827392,0.2120604
20241108_135922_205102611,0.18656068
20241108_135922_711370409,0.14248838
20241108_135922_958065812,0.68101335
20241108_135923_207646354,0.22789775
20241108_135923_461030382,0.1695699
20241108_135923_713155973,0.2737041
20241108_135923_961161447,0.21533135
20241108_135924_218270846,0.096485205
20241108_135924_462667368,0.1035401
20241108_135924_714879853,0.11141039
20241108_135924_965838668,0.69111234
20241108_135925_214154287,0.59093
20241108_135925_459574844,0.42772317
20241108_135925_713628192,0.35614595
20241108_135925_967551917,0.4823834
20241108_135926_209060863,0.56118476
20241108_135926_458758538,0.21818252
20241108_135926_711946014,0.1758386
20241108_135926_965557318,0.11446149
20241108_135927_462081405,0.12635568
20241108_135927_713058211,0.21165182
20241108_135927_958688454,0.4228892
20241108_135928_209046349,0.22751181
20241108_135928_457864528,0.18415865
20241108_135928_709840248,0.19911762
20241108_135928_958055359,0.20792492
20241108_135929_209386612,0.15812552
20241108_135929_460977203,0.06367577
20241108_135929_708103177,0.07174343
20241108_135929_961076561,0.072811194
20241108_135930_211878370,0.5959134
20241108_135930_464161159,0.662334
20241108_135930_957891271,0.39703688
20241108_135931_212428744,0.21979013
20241108_135931_465647374,0.37964135
20241108_135931_714475495,0.32475615
20241108_135931_966385165,0.31198466
20241108_135932_221453108,0.24099474
20241108_135932_479791153,0.34525546
20241108_135932_722165741,0.28961384
20241108_135932_967510382,0.24393706
20241108_135933_217990013,-0.04999259
20241108_135933_469383048,0.17808588
20241108_135933_725297107,0.17241588
20241108_135933_971572801,0.08028024
20241108_135934_216178842,-0.066142544
20241108_135934_472753004,-0.037832737
20241108_135934_724832559,-0.07336028
20241108_135934_974629776,-0.029816115
20241108_135935_230532640,0.16110708
20241108_135935_481619538,0.082066976
20241108_135935_721624573,0.069396965
20241108_135935_966369493,0.056743734
20241108_135936_213413908,0.04625701
20241108_135936_462505557,-0.04147257
20241108_135937_709445983,-0.16283382
20241108_135937_961476332,-0.08073539
20241108_135938_212781168,-0.12689182
20241108_135938_464026996,-0.058862522
20241108_135938_711854485,-0.14561762
20241108_135938_965534354,-0.22486861
20241108_135939_465855202,-0.03544525
20241108_135939_961560061,-0.0026486553
20241108_135940_209996021,0.008367443
20241108_135940_977451291,0.004571328
20241108_135941_235470945,0.013130987
20241108_135941_477842708,0.0122032855
20241108_135941_721593701,-0.025288783
20241108_135941_977298617,-0.012446122
20241108_135942_469137615,-0.12674288
20241108_135942_722022235,0.033846527
20241108_135943_216518464,-0.009359892
20241108_135943_471493267,-0.023052668
20241108_135943_722512028,-0.009917444
20241108_135943_981148064,0.013625739
20241108_135944_974870853,0.040723115
20241108_135945_213159363,0.12588775
20241108_135945_471992617,0.07727321
20241108_135945_718412916,-0.039808318
20241108_135946_462849377,0.087374456
20241108_135946_720280369,0.08282311
20241108_135946_974448810,0.08234351
20241108_135947_222036474,0.06274323
20241108_135947_468960805,0.07043563
20241108_135948_230639851,-0.041726895
20241108_135948_475598947,-0.10540126
20241108_135948_727530119,-0.15519695
20241108_135948_978577831,-0.013365934
20241108_135949_223478112,0.11189742
20241108_135949_720604221,-0.03873409
20241108_135949_972242342,-0.11911551
20241108_135950_464238308,-0.24292873
20241108_135950_713070915,-0.26101178
20241108_135950_962067773,-0.1145419
20241108_135951_721702645,-0.05648703
20241108_135951_968978385,0.07090798
20241108_135952_209613505,0.032691464
20241108_135952_458574618,0.19124135
20241108_135952_712926731,0.09703716
20241108_135952_962214528,0.061260134
20241108_135953_465854530,-0.051338162
20241108_135953_718886247,-0.011870639
20241108_135953_962498717,0.14920478
20241108_135954_213718780,-0.026156127
20241108_135954_471306915,-0.29785663
20241108_135954_713587366,-0.76855636
20241108_135954_973449431,-1.3723004
20241108_135955_223465370,-1.3262988
20241108_135955_476269190,-0.66700315
20241108_135955_723374953,-0.44843632
20241108_135955_970218442,-0.40102366
20241108_135956_220813638,-0.39927834
20241108_135956_476632315,-0.34403703
20241108_135956_981127000,-0.07557296
20241108_135957_226187024,-0.26774514
20241108_135957_475301880,-0.16472998
20241108_135957_727603732,-0.025735786
20241108_135957_984805270,-0.15340893
20241108_135958_471411566,-0.14396974
20241108_135958_715077952,-0.010498164
20241108_135958_972318771,-0.06680411
20241108_135959_225486827,-0.14563416
20241108_135959_488335894,-0.33650732
20241108_135959_756196642,-0.059473857
20241108_140000_025401377,-0.19159661
20241108_140000_261780519,-0.20414458
20241108_140000_504644176,-0.4535274
20241108_140000_748659461,-2.1491985
20241108_140001_000238512,-1.946957
20241108_140001_247350808,-1.784862
20241108_140001_497969774,0.60309786
20241108_140001_750217069,-0.66983277
20241108_140001_994993481,-0.9265831
20241108_140002_233685631,-0.5414675
20241108_140002_479938478,-0.4440926
20241108_140002_737894653,-0.2869848
20241108_140002_991906993,-0.22714932
20241108_140003_228628593,-0.36723533
20241108_140003_480843596,-0.193487
20241108_140003_746377670,-0.046951525
20241108_140004_001427316,0.24947037
20241108_140004_253003766,0.20137657
20241108_140004_500606575,0.15127017
20241108_140004_739771734,0.2363228
20241108_140004_983544263,0.20525299
20241108_140005_235791013,0.18018635
20241108_140005_484051979,0.04177756
20241108_140006_220684441,0.03860969
20241108_140006_477144266,0.020541737
20241108_140006_732070532,-0.12406742
20241108_140006_986195931,-0.3100137
20241108_140007_241242299,-0.2443753
20241108_140007_482601970,-0.21060015
20241108_140007_729025557,-0.09461086
20241108_140007_990056761,-0.21831484
20241108_140008_235584278,-0.1707728
20241108_140008_480628658,-0.5671447
20241108_140008_731984063,-0.452337
20241108_140008_985961994,-0.4344904
20241108_140009_240718746,-0.09805652
20241108_140009_472079601,-0.09185847
20241108_140009_722555250,-0.09595298
20241108_140009_970702805,-0.12891446
20241108_140010_221368953,-0.09257432
20241108_140010_484496090,0.002771804
20241108_140010_735742719,0.18656845
20241108_140010_989854744,0.27936694
20241108_140011_235662311,2.4037676
20241108_140011_494322596,0.36146083
20241108_140011_751212500,0.22521158
20241108_140011_995495142,0.04579363
20241108_140012_232875598,0.13834004
20241108_140012_487370685,0.13130186
20241108_140012_731592475,0.15369569
20241108_140012_975452034,0.17020981
20241108_140013_221686703,0.20210765
20241108_140013_470683780,0.24387275
20241108_140013_717413429,0.2292317
20241108_140013_969366696,-0.027948579
20241108_140014_215605614,-0.006971916
20241108_140014_467048066,-0.17693953
20241108_140014_719650337,-0.052692376
20241108_140014_979540549,-0.0044064727
20241108_140015_229425939,0.19475983
20241108_140015_481476989,0.077243604
20241108_140015_723994138,0.060118474
20241108_140016_213985497,0.07324348
20241108_140016_466734579,0.020638803
20241108_140016_713757953,0.02802221
20241108_140016_962952627,-0.0022524204
20241108_140017_212860070,0.022111097
20241108_140017_469267787,-0.005560657
20241108_140017_715988451,0.0056258235
20241108_140017_964500267,-0.084723614
20241108_140018_215898733,-0.025934896
20241108_140018_729172611,-0.034416102
20241108_140018_977292640,0.035944976
20241108_140019_216473276,0.028824726
20241108_140019_467667006,0.03101919
20241108_140019_715321599,0.02585123
20241108_140019_966908028,0.04398594
20241108_140020_220382089,0.016598085
20241108_140020_476222908,0.17632978
20241108_140020_735267758,0.24623163
20241108_140020_977944910,0.3592819
20241108_140021_225505023,0.24595012
20241108_140021_472211657,0.30978888
20241108_140021_716695215,-0.02733328
20241108_140021_967845589,-0.03536024
20241108_140022_216446573,0.0065637026
20241108_140022_470257961,0.10728759
20241108_140022_714721745,0.10925964
20241108_140022_971155432,0.017844329
20241108_140023_219563440,-0.01639863
20241108_140023_468829659,0.058235623
20241108_140023_718657617,-0.11393269
20241108_140023_967104019,-0.28000513
20241108_140024_220497786,-0.2941217
20241108_140024_468442322,-0.599633
20241108_140024_716232920,-0.37490585
20241108_140024_971500548,-0.24183203
20241108_140025_229476702,-0.18918042
20241108_140025_472611858,-0.001915602
20241108_140025_716325890,-0.20877485
20241108_140025_971516514,-0.17432062
20241108_140026_215811692,-0.17543645
20241108_140026_469241523,-0.15927257
20241108_140026_714620201,-0.13813193
20241108_140026_970668060,-0.10784759
20241108_140027_715763754,-0.13278149
20241108_140027_988162739,-0.12684451
20241108_140028_225040120,-0.08014967
20241108_140028_482445426,-0.074896984
20241108_140028_727460351,-0.22421439
20241108_140028_977052912,-0.21053462
20241108_140029_218413377,-0.13506733
20241108_140029_464647424,-0.15985374
20241108_140029_715556779,-0.05353161
20241108_140029_978556159,-0.06116905
20241108_140030_468792676,-0.09874611
20241108_140031_213939767,-0.49841917
20241108_140031_469551553,-0.45124426
20241108_140031_717038196,-0.4466909
20241108_140031_971565348,-0.3894916
20241108_140032_221961751,-0.30593994
20241108_140032_470047624,-0.37261
20241108_140032_717456429,-0.489751
20241108_140032_966050404,-0.2636191
20241108_140033_213101908,-0.24409615
20241108_140033_465636026,-0.31478357
20241108_140033_713924343,-0.25700626
20241108_140033_960781194,-0.08738079
20241108_140034_215091499,-0.17803238
20241108_140034_466784088,-0.17377426
20241108_140034_710119925,-0.2222705
20241108_140035_213190509,-0.23044057
20241108_140035_466100395,-0.3728623
20241108_140035_713686561,-0.26819238
20241108_140035_965953545,-0.2579538
20241108_140036_222280667,-0.41076598
20241108_140036_467956557,-0.5110956
20241108_140036_714475854,-0.33123347
20241108_140036_966193800,-0.29859927
20241108_140037_213173500,-0.2722898
20241108_140037_461971622,-0.28012428
20241108_140037_710259126,-0.25616765
20241108_140037_974522074,-0.33343455
20241108_140038_214065388,0.76433986
20241108_140038_461873614,0.51988906
20241108_140038_712333808,0.22011034
20241108_140038_967578439,0.22328417
20241108_140039_214177364,0.27760535
20241108_140039_463044521,0.25907317
20241108_140039_710286586,0.26970622
20241108_140039_969068275,0.2839693
20241108_140040_216463497,0.2275274
20241108_140040_461524986,0.18347095
20241108_140040_709140260,0.22111453
20241108_140040_959764261,0.90242237
20241108_140041_212923537,0.5062508
20241108_140041_461745311,0.50309056
20241108_140041_708078283,1.1148169
20241108_140041_962784972,0.5922177
20241108_140042_221313106,0.5289028
20241108_140042_473981265,0.3804556
20241108_140042_718220728,0.44433022
20241108_140042_972648285,0.40400088
20241108_140043_217776153,0.40121895
20241108_140043_465009276,0.5453238
20241108_140043_710860188,0.9675397
20241108_140043_962086664,1.1847714
20241108_140044_212154949,0.6336697
20241108_140044_471781588,0.8159526
20241108_140044_715135577,0.48851886
20241108_140044_966735257,1.187241
20241108_140045_216145317,0.46388036
20241108_140045_476740661,0.8003599
20241108_140045_720533752,0.57560796
20241108_140045_969784330,0.4396315
20241108_140046_218729684,0.81142527
20241108_140046_470498956,0.27436134
20241108_140046_712474298,0.19294544
20241108_140046_959540076,0.099036016
20241108_140047_208493372,0.85037386
20241108_140047_458612128,0.45079383
20241108_140047_709140096,0.50614744
20241108_140047_962543336,0.3761273
20241108_140048_211041360,0.24602239
20241108_140048_461617421,0.90583205
20241108_140048_712548687,0.89252204
20241108_140048_971713960,-0.5980304
20241108_140049_214879828,-0.37257674
20241108_140049_468828403,-0.3756883
20241108_140049_711008637,-0.38392222
20241108_140049_960468674,-0.073778644
20241108_140050_213979654,-0.45463625
20241108_140050_463455989,-0.68584836
20241108_140050_711459385,-1.1830673
20241108_140050_960905407,0.43736312
20241108_140051_212423249,0.38522574
20241108_140051_460483883,0.6358619
20241108_140051_961661944,0.4111135
20241108_140052_224181307,0.24744825
20241108_140052_467956952,0.18308355
20241108_140052_711244502,0.14352272
20241108_140052_963655283,-0.055108033
20241108_140053_213276746,0.038928606
20241108_140053_464111144,0.021935979
20241108_140053_712834509,-0.010325184
20241108_140053_960165514,-0.0027793255
20241108_140054_211218519,-0.037251405
20241108_140054_464373265,-0.0671962
20241108_140054_718246699,-0.058492206
20241108_140054_965598386,0.025838206
20241108_140055_217464767,0.06335892
20241108_140055_467482436,0.029141793
20241108_140055_970772456,0.020259457
20241108_140056_461550803,-0.079815485
20241108_140056_959709759,-0.15959923
20241108_140057_461807147,-0.0008946266
20241108_140057_706680364,-0.05543425
20241108_140057_961314398,0.20229115
20241108_140058_208931408,0.047658756
20241108_140058_459456321,0.06935213
20241108_140058_707682904,0.041414008
20241108_140058_961272942,0.5389648
20241108_140059_216505525,0.875913
20241108_140059_468858581,0.5064487
20241108_140059_716190116,0.32902092
20241108_140059_973814310,0.41177085
20241108_140100_218684479,0.32855675
20241108_140100_477117403,0.37711057
20241108_140100_720709880,0.38275906
20241108_140100_967646872,0.057181306
20241108_140101_221642174,-0.2852675
20241108_140101_487087721,-0.43611795
20241108_140101_724161496,-0.22228552
20241108_140101_970022878,-0.24857263
20241108_140102_222868281,-0.31738582
20241108_140102_481214086,-0.2440433
20241108_140102_722797141,-0.18321605
20241108_140102_975885929,-0.05380904
20241108_140103_222131421,-0.053610884
20241108_140103_468552352,-0.07361471
20241108_140103_971710095,-0.084554635
20241108_140104_227141546,-0.08039286
20241108_140104_484228971,0.85906184
20241108_140104_723661016,0.10422572
20241108_140104_965817936,0.099003024
20241108_140105_224012165,0.13407497
20241108_140105_478887369,0.082960226
20241108_140105_732014141,-0.005111089
20241108_140105_978862179,0.009817371
20241108_140106_488087799,0.026498536
20241108_140106_735225074,0.1841938
20241108_140106_993406397,0.0978953
20241108_140107_231998566,-0.0070323553
20241108_140107_477403901,-0.24796863
20241108_140107_721279119,-0.35458362
20241108_140107_981510405,-0.29748538
20241108_140108_224512732,-0.10290887
20241108_140108_472897920,-0.012872955
20241108_140108_727582730,-0.058409408
20241108_140108_980982733,-0.10491105
20241108_140109_233140934,-0.12639953
20241108_140109_469836787,-0.072790794
20241108_140109_968543927,-0.05981826
20241108_140110_221450684,-0.012485078
20241108_140110_472014238,-0.06786009
20241108_140110_718982133,-0.26256394
20241108_140110_967213747,-0.13775714
20241108_140111_213972034,-0.23496275
20241108_140111_466910548,-0.1911308
20241108_140111_961801413,-0.3153742
20241108_140112_220695149,-0.18056427
20241108_140112_468581037,-0.15226226
20241108_140112_714015845,-0.025303757
20241108_140112_965862957,-0.033336364
20241108_140113_469967459,-0.048070394
20241108_140113_717098174,-0.1324408
20241108_140113_967187926,-0.24153848
20241108_140114_467078773,-0.12220975
20241108_140114_713611812,-0.2858946
20241108_140114_964292866,-0.08513843
20241108_140115_211950624,-0.049502723
20241108_140115_463585665,-0.090534985
20241108_140115_711266710,-0.1811838
20241108_140116_470903045,-0.021109512
20241108_140116_722865013,-0.055520423
20241108_140116_975809600,-0.14473774
20241108_140117_222023114,-0.19558209
20241108_140117_473745149,-0.19690043
20241108_140117_729287610,0.12177224
20241108_140117_975703696,0.026194671
20241108_140118_220640961,-0.004286524
20241108_140118_479573409,0.0025217328
20241108_140118_978650750,-0.004479846
20241108_140119_220594853,0.0008592699
20241108_140119_469917083,-0.0045771208
20241108_140119_718171542,-0.0053357687
20241108_140119_972630448,-0.029254822
20241108_140120_225264820,-0.108688034
20241108_140120_473731989,-0.050313972
20241108_140120_965095705,-0.10131043
20241108_140121_463363016,-0.027308514
20241108_140121_970282857,-0.11823904
20241108_140122_216266081,-0.13651699
20241108_140122_460660539,-0.07661828
20241108_140122_710780346,-0.062179588
20241108_140122_963487024,-0.02729707
20241108_140123_210662478,-0.23987974
20241108_140123_461242213,-0.38981697
20241108_140123_708382104,-0.4746655
20241108_140123_966663936,-0.7247404
20241108_140124_218273532,-0.6565972
20241108_140124_472481913,-0.6236688
20241108_140124_713900805,-0.7814343
20241108_140124_965733677,-0.73873234
20241108_140125_216617353,-0.03850647
20241108_140125_460514878,0.0483656
20241108_140125_708165351,0.024404148
20241108_140125_958013682,-0.016427746
20241108_140126_208779352,-0.023118254
20241108_140126_959324871,-0.017574927
20241108_140127_209878322,0.015789622
20241108_140127_460461016,-0.031755112
20241108_140127_705971384,-0.046434343
20241108_140127_957757771,-0.01270636
20241108_140128_210834412,-0.06303223
20241108_140128_463774716,-0.04486122
20241108_140128_708041293,0.020637492
20241108_140128_961064461,0.036260284
20241108_140129_217264026,0.07215727
20241108_140129_477707748,0.03529907
20241108_140129_717067734,0.011730591
20241108_140129_964040233,0.034110226
20241108_140130_213437477,0.055841126
20241108_140130_465730483,0.05941812
20241108_140130_716220139,0.071787484
20241108_140130_966283995,0.058783628
20241108_140131_215959007,-0.1955256
20241108_140131_478818541,-0.53699917
20241108_140131_715873396,-1.9102013
20241108_140131_969438190,0.08452628
20241108_140132_212952544,-0.7184669
20241108_140132_471749838,-0.9078396
20241108_140132_710672130,-1.2410303
20241108_140132_963036495,0.28211218
20241108_140133_213680019,0.26699063
20241108_140133_468755191,-0.13086309
20241108_140133_718130114,-0.13138373
20241108_140133_965026786,-0.2250262
20241108_140134_212571666,-0.42508104
20241108_140134_473235019,-0.53209037
20241108_140134_731698409,-0.87585574
20241108_140134_985044526,-0.6965777
20241108_140135_219745950,-0.3662052
20241108_140135_473362168,-0.3816661
20241108_140136_221727880,0.3649683
20241108_140136_468185529,-0.065267466
20241108_140136_714111998,-0.24734686
20241108_140136_965114753,-0.12930374
20241108_140137_227591767,-0.049066804
20241108_140137_473278702,-0.11603921
20241108_140137_975069553,-0.23819895
20241108_140138_222573454,-0.52636075
20241108_140138_472171366,-0.3101754
20241108_140138_718640692,-0.2697796
20241108_140139_214799613,-0.056671344
20241108_140139_459409749,-0.06476619
20241108_140139_708394112,0.01068447
20241108_140139_961857944,-0.014980575
20241108_140140_211273599,-0.15712048
20241108_140140_460707039,-0.17294605
20241108_140140_710510606,-0.14817531
20241108_140140_961507115,-0.12456145
20241108_140141_207643750,-0.09827616
20241108_140141_710256013,-0.18333699
20241108_140141_959333739,0.09960968
20241108_140142_211132863,0.034271814
20241108_140142_466480117,-0.027313372
20241108_140142_714958475,-0.060038947
20241108_140142_966263078,-0.4934011
20241108_140143_216019729,-0.30814514
20241108_140143_467050977,-0.36850628
20241108_140143_712449216,-0.49857482
20241108_140143_971343547,-1.1254929
20241108_140144_217052601,-0.98000294
20241108_140144_473173247,0.6555001
20241108_140144_717014159,0.9307426
20241108_140144_965299654,1.4214103
20241108_140145_213878025,-0.4019162
20241108_140145_463296120,-0.16710314
20241108_140145_713443854,-0.16707952
20241108_140145_966182255,-0.14279409
20241108_140146_210888275,-0.17700048
20241108_140146_467164123,-0.1967565
20241108_140146_711760422,-0.2688819
20241108_140146_964229460,-0.1334119
20241108_140147_214530380,-0.09821334
20241108_140147_471888798,-0.17599483
20241108_140147_713668576,-0.23463239
20241108_140147_962852866,-0.19826974
20241108_140148_215002696,-0.12331148
20241108_140148_461271528,-0.111061834
20241108_140148_714249736,-0.09923627
20241108_140148_964450093,0.27892053
20241108_140149_212871872,0.025695423
20241108_140149_466103507,0.10855476
20241108_140149_709236143,0.14875184
20241108_140149_963883506,0.22768842
20241108_140150_212160632,0.88810253
20241108_140150_465380142,0.6512511
20241108_140150_711943830,0.06883106
20241108_140150_968646486,-0.08049729
20241108_140151_216783161,0.052555837
20241108_140151_472168159,-0.05893608
20241108_140151_709972279,-0.0639598
20241108_140151_962564934,-0.6995407
20241108_140152_212283243,-0.2543367
20241108_140152_462625774,-0.32145217
20241108_140152_719294110,-0.32061803
20241108_140152_975468614,0.29268417
20241108_140153_226763118,0.21166472
20241108_140153_481681017,0.1626501
20241108_140153_718891200,0.0013699923
20241108_140153_963109014,-0.20782383
20241108_140154_208538465,-0.11016967
20241108_140154_462192096,-0.036865257
20241108_140154_959110435,-0.4683222
20241108_140155_210621508,-0.31460655
20241108_140155_462337661,-0.2542321
20241108_140155_705330770,-0.21311887
20241108_140155_957857467,0.020744303
20241108_140156_209737238,-0.16392328
20241108_140156_462417662,-0.11839434
20241108_140156_966566798,-0.15475573
20241108_140157_218123930,-0.13994552
20241108_140157_465601900,-0.18743779
20241108_140157_716174380,-0.16854174
20241108_140157_965860891,-0.103565715
20241108_140158_222191578,-0.13635482
20241108_140158_468634064,-0.11221077
20241108_140158_714324773,-0.09724774
20241108_140158_963769167,-0.7989322
20241108_140159_210001674,0.75265086
20241108_140159_460855732,0.5510942
20241108_140159_715904715,0.54759014
20241108_140159_964530477,-0.5512146
20241108_140200_214600006,-0.67112017
20241108_140200_476309026,-0.55209345
20241108_140200_733409235,-0.63368744
20241108_140200_981779338,-0.9010545
20241108_140201_223560009,-1.1993281
20241108_140201_470815639,-0.7943047
20241108_140201_715584258,-1.149241
20241108_140201_970742515,-0.97202176
20241108_140202_219348582,-0.9013333
20241108_140202_471373339,-0.2693859
20241108_140202_724437090,-0.12659378
20241108_140202_966103279,0.28483763
20241108_140203_216489136,0.17706887
20241108_140203_471785438,0.123827495
20241108_140203_731111838,0.18711488
20241108_140203_979090898,0.061631896
20241108_140204_221730892,0.11362658
20241108_140204_468510387,1.1898708
20241108_140204_721608447,-0.70394063
20241108_140204_969955490,0.5749152
20241108_140205_223715875,1.300878
20241108_140205_473736890,-0.14682233
20241108_140205_729517210,0.11359034
20241108_140205_974904439,0.3963222
20241108_140206_224771580,-0.061736383
20241108_140206_472340430,-0.07330253
20241108_140206_716628289,-0.06371852
20241108_140206_972945332,-0.25077227
20241108_140207_222071883,0.8449269
20241108_140207_476153140,0.61821944
20241108_140207_739501576,0.34273908
20241108_140207_990142232,0.34836122
20241108_140208_236673481,0.03365604
20241108_140208_480000471,0.17752813
20241108_140208_730854710,0.15577672
20241108_140208_987997732,-0.56131035
20241108_140209_242882097,-1.156294
20241108_140209_495219082,-0.30698597
20241108_140209_746449691,-0.78699964
20241108_140209_982707832,-1.8848008
20241108_140210_225871647,0.7834036
20241108_140210_480230694,0.24380054
20241108_140210_728810876,0.61331815
20241108_140210_973262574,-0.17813487
20241108_140211_218616071,0.08551476
20241108_140211_472204967,0.19231041
20241108_140211_721103623,0.21304785
20241108_140211_968645946,0.31626666
20241108_140212_218719362,0.5096182
20241108_140212_470321158,0.10381646
20241108_140212_717739356,0.12015585
20241108_140212_965872052,-0.18841131
20241108_140213_214355852,-0.45310438
20241108_140213_476883088,-0.24607216
20241108_140213_725537925,-0.18789564
20241108_140213_982205548,-0.20776577
20241108_140214_242001752,-0.20490499
20241108_140214_484094224,0.05100981
20241108_140214_729742079,0.4451759
20241108_140214_984247716,0.643837
20241108_140215_236502469,1.2636014
20241108_140215_482563286,0.08077202
20241108_140215_729653459,-0.13107379
20241108_140215_974497882,-0.18108834
20241108_140216_233709368,-0.2477039
20241108_140216_483152002,-0.30563363
20241108_140216_724667129,-0.053875588
20241108_140216_972659911,-0.029602876
20241108_140217_221277860,-0.07053601
20241108_140217_478177832,-0.12785663
20241108_140217_731739278,-0.15547116
20241108_140217_979321698,-0.24408297
20241108_140218_221774202,-0.23117386
20241108_140218_474564101,-0.115610026
20241108_140218_716712437,-0.13901426
20241108_140218_983077569,-0.12726457
20241108_140219_225654291,-0.14542104
20241108_140219_474092891,-0.17171325
20241108_140219_722663099,-0.5046374
20241108_140219_976833449,-0.1173481
20241108_140220_223632632,-0.20630704
20241108_140220_468072667,-0.15831627
20241108_140220_719334515,-0.13440962
20241108_140220_974863518,0.071714126
20241108_140221_225458867,0.13960056
20241108_140221_471592027,0.03959877
20241108_140221_722630918,0.10415948
20241108_140221_972675876,0.10812289
20241108_140222_232024860,0.09073121
20241108_140222_467848427,-0.11977001
20241108_140222_715767284,-0.44623566
20241108_140222_959479867,-0.39490852
20241108_140223_211388318,-0.37614274
20241108_140223_465147155,-0.2925777
20241108_140223_711755473,-0.09422132
20241108_140223_959440719,0.033466853
20241108_140224_213470651,0.13795416
20241108_140224_466466916,0.4123271
20241108_140224_712520471,0.17894356
20241108_140224_959170457,0.1302524
20241108_140225_216551655,0.18589263
20241108_140225_462888515,0.09152038
20241108_140225_708757765,0.12036548
20241108_140226_463176907,0.11766187
20241108_140226_710293553,0.1478401
20241108_140226_966746705,0.0019756053
20241108_140227_219250848,0.69082403
20241108_140227_472449843,1.8859042
20241108_140227_728443992,-0.20236085
20241108_140227_979288751,-0.15893441
20241108_140228_240565129,0.09721597
20241108_140228_483060892,-0.100701705
20241108_140228_727266426,-0.035893105
20241108_140228_974516887,-0.044996165
20241108_140229_217086490,-0.036592267
20241108_140229_461520905,-0.17121269
20241108_140229_711889126,0.341976
20241108_140229_976626028,0.43644446
20241108_140230_219387412,0.43432742
20241108_140230_470019490,1.0985746
20241108_140230_715442562,0.07054823
20241108_140230_966156958,-0.5477603
20241108_140231_223287166,-0.3181167
20241108_140231_465683371,-0.6336116
20241108_140231_715626475,-0.5852163
20241108_140231_970199545,-0.60646755
20241108_140232_208821232,-0.47144574
20241108_140232_459711455,-0.48285988
20241108_140232_708710818,-0.34056574
20241108_140232_958156981,-0.24561864
20241108_140233_211125481,-0.4977487
20241108_140233_461765201,-0.32820818
20241108_140233_711137646,-0.63351727
20241108_140233_961149602,-0.19822569
20241108_140234_210201639,-0.25420254
20241108_140234_462220265,-0.19753884
20241108_140234_708315679,-0.34932646
20241108_140234_962822080,-0.22411449
20241108_140235_209048657,-0.23121111
20241108_140235_461472867,-0.36372897
20241108_140235_710135954,-0.19441901
20241108_140235_958749134,-0.33317053
20241108_140236_208173938,-1.0592604
20241108_140236_464069092,-0.10156026
20241108_140236_712670823,0.7591457
20241108_140236_960228751,0.47673407
20241108_140237_214631682,0.2962679
20241108_140237_463791116,0.23309217
20241108_140237_721198479,0.32882938
20241108_140237_967319065,0.358259
20241108_140238_211405222,0.35553846
20241108_140238_456371015,0.3046022
20241108_140238_705645219,0.32165787
20241108_140238_957488415,0.20346199
20241108_140239_207975399,0.20090096
20241108_140239_460156121,0.24019478
20241108_140239_963032470,-0.3712763
20241108_140240_214577286,-0.07466593
20241108_140240_460070462,-0.064448886
20241108_140240_710464088,-0.056004904
20241108_140240_961635844,-0.044252686
20241108_140241_462867885,-0.02597352
20241108_140241_965663086,0.040768035
20241108_140242_214088742,-0.08446499
20241108_140242_468486151,-0.0469174
20241108_140242_714541604,-0.009358725
20241108_140242_960989920,0.031295814
20241108_140243_210058744,-0.035331033
20241108_140243_468577684,-1.9818696
20241108_140243_720832812,0.7452023
20241108_140243_964805710,-0.08584573
20241108_140244_211585544,-0.062868215
20241108_140244_459773706,0.07982947
20241108_140244_715386704,0.17524712
20241108_140244_969595131,0.011217425
20241108_140245_218574166,-0.7297108
20241108_140245_465566482,-0.4870369
20241108_140245_712372156,-0.21659045
20241108_140245_961194087,-0.0015965011
20241108_140246_207799985,0.020872923
20241108_140246_461976559,-0.13211258
20241108_140246_718975398,-0.15382287
20241108_140246_969277416,0.033692427
20241108_140247_221649107,0.060863428
20241108_140247_465377183,-0.016256327
20241108_140247_718946245,0.007512601
20241108_140247_967100907,0.00956299
20241108_140248_210856894,0.08658339
20241108_140248_471831965,0.089518785
20241108_140248_716345867,-0.15304331
20241108_140248_963868111,-0.12965558
20241108_140249_212259907,-0.27829447
20241108_140249_460940404,-1.1250799
20241108_140249_714666252,-1.161947
20241108_140249_962961336,-0.7471885
20241108_140250_212508988,-0.70162475
20241108_140250_464503689,-0.75609857
20241108_140250_709606668,-0.5327384
20241108_140250_966087868,-0.8078272
20241108_140251_468823364,-0.48539534
20241108_140251_719952013,-0.38476458
20241108_140251_972668160,-0.31153908
20241108_140252_220098365,-0.3598922
20241108_140252_471945496,-0.48087636
20241108_140252_981394773,-0.20741595
20241108_140253_223659620,-0.13994734
20241108_140253_470278974,-0.0922476
20241108_140253_966345613,-0.08222153
20241108_140254_210817943,0.4842969
20241108_140254_464489340,1.3857872
20241108_140254_712510337,1.5327182
20241108_140254_962414107,-0.16873242
20241108_140255_209914764,-0.28253806
20241108_140255_466536397,-0.12610374
20241108_140255_714718939,-0.088272296
20241108_140255_966187015,0.021277437
20241108_140256_219361709,-0.09904831
20241108_140256_465155430,-0.21995498
20241108_140256_712743156,-0.12097397
20241108_140257_215205934,-0.08702319
20241108_140257_460824545,-0.0516996
20241108_140257_969897622,-0.09800073
20241108_140258_217530826,0.40481228
20241108_140258_472782958,0.21254824
20241108_140258_715203185,-0.3374373
20241108_140258_970327238,-0.3150443
20241108_140259_221740112,-0.5828434
20241108_140259_465308086,-0.42214414
20241108_140259_714828202,0.24408625
20241108_140259_971561511,0.11010633
20241108_140300_217763964,0.17965771
20241108_140300_481765087,0.19447319
20241108_140300_979614138,0.22123931
20241108_140301_226103097,-0.17487581
20241108_140301_478240457,0.062559344
20241108_140301_728050550,0.19709174
20241108_140301_979657248,0.0055530462
20241108_140302_225557853,-0.27955908
20241108_140302_487243747,-0.32546753
20241108_140302_740109499,-0.31356582
20241108_140302_991601450,-0.20838846
20241108_140303_229490806,-0.46947291
20241108_140303_473705671,-0.34959564
20241108_140303_718742944,-0.34446698
20241108_140303_969369243,-0.5275638
20241108_140304_223471098,-0.28214735
20241108_140304_477959176,-0.23070092
20241108_140304_988542947,-0.31587324
20241108_140305_240053200,-0.47583282
20241108_140305_489888874,-0.63819474
20241108_140305_728719336,-0.34371263
20241108_140305_975537789,-0.5398697
20241108_140306_223346979,-0.7804634
20241108_140306_479061284,-0.3194154
20241108_140306_718511142,-0.20065983
20241108_140306_968273836,-0.067619346
20241108_140307_215026399,-0.19703014
20241108_140307_462353355,-0.3227947
20241108_140307_718694797,-0.27115038
20241108_140307_963594232,-0.21982338
20241108_140308_208755071,-0.2816899
20241108_140308_469358909,-0.24551292
20241108_140308_714017740,-0.20006059
20241108_140308_963091284,-0.17039995
20241108_140309_459455038,-0.15429206
20241108_140309_707153246,-0.19373591
20241108_140309_963748826,-0.32531437
20241108_140310_225431936,-0.15964074
20241108_140310_471902886,-0.089635395
20241108_140310_728646014,-0.15663125
20241108_140310_978446181,-0.2494161
20241108_140311_476297415,-0.17126851
20241108_140311_724112926,-0.113499574
20241108_140312_218741736,-0.03841325
20241108_140312_462682711,-0.021391055
20241108_140312_711735694,0.02875493
20241108_140312_969498626,0.76487356
20241108_140313_230623583,0.77135617
20241108_140313_484224139,-0.2292603
20241108_140313_728816269,0.25187847
20241108_140313_973726367,0.49780133
20241108_140314_222170457,0.29048228
20241108_140314_472972126,0.24444748
20241108_140314_714658583,0.33185276
20241108_140315_713772369,0.2342229
20241108_140315_965852614,0.14932393
20241108_140316_215149591,0.08359168
20241108_140316_463811585,0.25307104
20241108_140316_714804370,0.24831931
20241108_140316_971185861,0.37455803
20241108_140317_217682340,0.31722948
20241108_140317_470287008,0.3783456
20241108_140317_719294985,0.22596072
20241108_140317_963106457,0.20193331
20241108_140318_208859898,0.23596661
20241108_140318_465049193,0.1339045
20241108_140318_718556104,0.16917036
20241108_140318_975503460,-0.034026228
20241108_140319_229458190,-0.03374841
20241108_140319_486442430,0.10547463
20241108_140319_719914856,0.34046483
20241108_140319_974354943,0.2897697
20241108_140320_218106276,0.35413662
20241108_140320_465338747,0.29260424
20241108_140320_964372203,0.28743273
20241108_140321_214186188,0.2566494
20241108_140321_463355551,0.27509376
20241108_140321_708328070,0.25924322
20241108_140321_963372130,0.26895207
20241108_140322_224064642,0.22085144
20241108_140322_467167093,0.22442757
20241108_140322_718196325,0.22989066
20241108_140322_963563376,0.25182697
20241108_140323_208431468,0.25177038
20241108_140323_461997451,0.70340747
20241108_140323_715445799,0.7520629
20241108_140323_961933266,0.2849982
20241108_140324_209835381,0.3303713
20241108_140324_461272694,0.28848824
20241108_140324_706203962,0.10488645
20241108_140324_958889298,0.16134192
20241108_140325_207354008,-0.03298541
20241108_140325_459091016,0.035270013
20241108_140325_707210485,0.09183226
20241108_140326_965525387,0.07956479
20241108_140327_708912756,0.034478463
20241108_140327_963885187,0.035899557
20241108_140328_207599061,0.025333622
20241108_140328_459589198,-0.5632753
20241108_140328_714401591,-1.0215725
20241108_140328_965459861,0.03517414
20241108_140329_212469142,0.3221373
20241108_140329_464585537,0.33423725
20241108_140329_714334755,0.2783174
20241108_140329_964974376,0.2436669
20241108_140330_211451858,0.0033416245
20241108_140330_461301266,-0.018288424
20241108_140330_710661701,0.104523785
20241108_140331_213054773,-0.055098347
20241108_140331_473803110,-0.25653726
20241108_140331_715407617,-0.1624776
20241108_140331_961191400,-0.26627547
20241108_140332_210724931,-0.35520023
20241108_140332_461374422,-0.18568458
20241108_140332_709462761,-0.27195865
20241108_140332_960145797,-0.1811258
20241108_140333_210723622,-0.17413028
20241108_140333_460473251,-0.54459715
20241108_140333_707435141,-0.20984371
20241108_140334_224686851,-0.16229384
20241108_140334_471084759,0.07308794
20241108_140334_717067895,0.29992828
20241108_140334_965386794,0.34152567
20241108_140335_210738128,0.17573188
20241108_140335_462572119,0.15098767
20241108_140335_712330730,0.15580519
20241108_140335_966485655,0.13359334
20241108_140336_465574059,0.09861679
20241108_140336_712412821,0.07637019
20241108_140336_962978850,0.06344173
20241108_140337_213624512,0.0362894
20241108_140337_463249700,-0.025951048
20241108_140337_712584529,-0.014478466
20241108_140337_962694716,0.14951803
20241108_140338_211343578,0.17247142
20241108_140338_459990548,0.7498135
20241108_140338_712956598,0.2611043
20241108_140338_958888455,0.22844948
20241108_140339_208169937,0.2780382
20241108_140339_457887537,0.21793695
20241108_140339_709048503,0.24334966
20241108_140339_961527800,0.19168
20241108_140340_216252888,0.6741772
20241108_140340_464781939,-0.023130497
20241108_140340_713534688,0.47200865
20241108_140340_962728891,0.35495296
20241108_140341_209766480,-0.5444778
20241108_140341_462886426,0.26316002
20241108_140341_712980584,0.31754917
20241108_140341_959800724,0.10818515
20241108_140342_214052897,-0.4166842
20241108_140342_463893397,-0.31854886
20241108_140342_711806895,-0.23583387
20241108_140342_964933382,-0.22371985
20241108_140343_218024220,-0.09208559
20241108_140343_459489117,-0.068189286
20241108_140343_711961065,-0.076799
20241108_140343_960309420,-0.11969488
20241108_140344_207164880,-0.16258709
20241108_140344_458661338,-0.07693263
20241108_140345_709538794,-0.04385092
20241108_140345_963127400,0.32719687
20241108_140346_218995084,0.3381576
20241108_140346_468609215,0.04069058
20241108_140346_710831266,0.16608252
20241108_140346_969426543,0.18052934
20241108_140347_466550454,0.18600659
20241108_140347_959814666,-0.84472144
20241108_140348_221146989,-0.11755107
20241108_140348_477696338,-0.3012794
20241108_140348_716126673,-0.17044051
20241108_140348_959216936,-0.17785846
20241108_140349_209035680,-0.2291149
20241108_140349_457023191,-0.25123486
20241108_140349_707239931,-0.22473706
20241108_140349_954905977,-0.18418522
20241108_140350_462592486,-0.2668709
20241108_140350_711565570,-0.26152223
20241108_140350_960300010,-0.77727085
20241108_140351_208458876,-0.55461663
20241108_140351_458582381,-0.36180046
20241108_140351_707761802,-0.2874386
20241108_140351_957329764,-0.28947458
20241108_140352_210265810,-0.3461371
20241108_140352_461867003,-1.3010179
20241108_140352_716275823,-0.697998
20241108_140352_960570927,0.22802527
20241108_140353_210465127,-0.09532608
20241108_140353_462985142,0.030967334
20241108_140353_710319773,0.03310422
20241108_140353_959371332,-0.4184562
20241108_140354_211604320,-0.22292854
20241108_140354_463134060,-0.29982933
20241108_140354_712470902,-0.21903552
20241108_140354_962652540,-0.14252312
20241108_140355_220142639,-0.10752287
20241108_140355_472067414,-0.051028453
20241108_140355_721425770,-0.026466986
20241108_140355_968206779,0.11664801
20241108_140356_219062803,-0.007247707
20241108_140356_473552274,-0.10648503
20241108_140356_718084786,-0.073800884
20241108_140356_962743164,-0.11303558
20241108_140357_209302009,-0.2590848
20241108_140357_466320912,-0.19941993
20241108_140357_711306446,0.16014288
20241108_140357_969242573,-0.15943426
20241108_140358_223793357,-0.17084834
20241108_140358_473594325,-0.06595036
20241108_140358_726748730,0.017576257
20241108_140358_970852097,-0.7873862
20241108_140359_217764262,0.082364425
20241108_140359_468966220,-0.3568885
20241108_140359_724185639,-0.29278302
20241108_140359_988969308,-0.27196673
20241108_140400_237217034,0.088913076
20241108_140400_489763119,0.3125606
20241108_140400_737134490,0.17746018
20241108_140400_988501344,0.46825188
20241108_140401_237679440,1.8362832
20241108_140401_493979075,0.043333776
20241108_140401_735713652,0.19800223
20241108_140401_976603724,0.038777687
20241108_140402_218807863,0.0064845476
20241108_140402_467595283,0.041119672
20241108_140402_718337576,-0.22246058
20241108_140402_976611343,0.24194087
20241108_140403_218948553,-0.05181261
20241108_140403_468767484,0.10225717
20241108_140403_726661548,0.06185279
20241108_140403_972062387,0.08280603
20241108_140404_221121121,0.056057252
20241108_140404_469468455,-0.061052047
20241108_140404_714924737,-0.29398122
20241108_140404_968243064,-0.105647676
20241108_140405_218776258,-0.083493434
20241108_140405_471569484,-0.024774598
20241108_140405_718734880,-0.28650513
20241108_140405_970907898,-0.3066114
20241108_140406_219738291,-0.30114514
20241108_140406_468126797,-0.25860348
20241108_140406_719378151,-0.24151774
20241108_140406_975744209,-0.5464994
20241108_140407_216123945,-0.19839165
20241108_140407_462097248,-0.36833018
20241108_140407_708552206,-0.28007212
20241108_140407_958962111,-0.54594475
20241108_140408_210559989,-0.53670293
20241108_140408_461258547,-0.43106952
20241108_140408_720861233,-0.8036613
20241108_140408_969297754,-0.4701221
20241108_140409_228343498,-0.36033192
20241108_140409_476031743,-0.28474385
20241108_140409_718748314,-0.45391756
20241108_140409_971322110,-0.24268176
20241108_140410_218762916,0.20012827
20241108_140410_465925824,0.05378665
20241108_140410_712520219,0.03283093
20241108_140410_963186318,-0.037715293
20241108_140411_213440845,-0.17963164
20241108_140411_465805268,-0.08888992
20241108_140411_708054243,-0.09885695
20241108_140411_960660129,-0.13821031
20241108_140412_209915649,-0.50544345
20241108_140412_461359610,-0.018744478
20241108_140412_709450107,0.070486516
20241108_140412_962694322,0.09827832
20241108_140413_223919527,-0.009158274
20241108_140413_479688437,0.0540993
20241108_140413_727888300,-0.1444894
20241108_140413_993238518,-0.83535737
20241108_140414_240777301,0.15455846
20241108_140414_490094478,0.3122922
20241108_140414_730071094,0.44399518
20241108_140414_982068935,-0.06657352
20241108_140415_223588883,0.035381295
20241108_140415_476491503,0.004979769
20241108_140415_725307889,0.059801914
20241108_140415_969303605,0.16763823
20241108_140416_210946549,0.21665846
20241108_140416_464416785,0.41345945
20241108_140416_713461879,0.58401
20241108_140416_963676309,1.1024936
20241108_140417_209828346,0.17349224
20241108_140417_460507065,0.25046617
20241108_140417_962124145,0.27891916
20241108_140418_216629749,0.48246887
20241108_140418_465102660,0.20589219
20241108_140418_718148074,0.25916627
20241108_140418_967733327,0.20687778
20241108_140419_215302739,-0.043289565
20241108_140419_475177051,0.16937833
20241108_140419_710606181,0.016129592
20241108_140419_965004788,-0.029901465
20241108_140420_211535355,0.040773608
20241108_140420_713438936,0.03822384
20241108_140420_958659611,0.017331699
20241108_140421_207068844,0.0503873
20241108_140421_463547373,0.067329325
20241108_140422_207199975,0.048915483
20241108_140422_458997410,0.036801286
20241108_140422_705544737,0.055215664
20241108_140423_709837092,0.04058913
20241108_140423_961257860,0.034688987
20241108_140424_460941414,0.046171762
20241108_140424_711847407,0.45941582
20241108_140424_967342765,0.30759886
20241108_140425_216383006,0.99166614
20241108_140425_467149526,0.60871834
20241108_140425_714922879,0.42834163
20241108_140425_965571608,0.30481195
20241108_140426_209716570,0.30779615
20241108_140426_466070890,0.2535229
20241108_140426_708863513,0.27454436
20241108_140426_960518156,0.25926122
20241108_140427_466623418,0.23584624
20241108_140427_710318320,0.27301702
20241108_140427_959539522,0.28871322
20241108_140428_211465771,0.25138414
20241108_140428_458867024,0.22730945
20241108_140428_710659368,0.2710099
20241108_140428_965868015,0.2900334
20241108_140429_213849864,0.27095118
20241108_140429_465908354,0.07219801
20241108_140429_715308517,0.009786615
20241108_140429_969206407,-0.70173264
20241108_140430_226502155,-0.5078606
20241108_140430_482093847,-0.4227616
20241108_140430_723168578,-0.11721059
20241108_140431_217098926,-0.25612473
20241108_140431_472717202,-0.17432578
20241108_140431_712827709,-0.32900968
20241108_140431_961342430,-0.17376487
20241108_140432_719560561,-0.14887668
20241108_140432_974747165,-0.10163691
20241108_140433_220789332,-0.07314007
20241108_140433_464719120,-0.29158354
20241108_140433_710490336,-0.28921565
20241108_140433_962750230,-0.3748047
20241108_140434_209981030,-0.15338613
20241108_140434_467349597,-0.2878748
20241108_140434_710728456,-0.27872947
20241108_140434_961832895,-0.12489056
20241108_140435_212119746,-0.16015132
20241108_140435_461119702,-0.10443496
20241108_140435_960591896,-0.11871546
20241108_140436_458693023,-0.07049983
20241108_140436_711328833,-0.11799564
20241108_140436_960065271,-0.09106698
20241108_140437_206168592,-0.081815206
20241108_140437_456434533,-0.06840398
20241108_140437_705843426,-0.060150884
20241108_140437_956988338,-0.110517286
20241108_140438_211428656,-0.067898475
20241108_140438_463186426,0.1571768
20241108_140438_707730109,0.21382649
20241108_140438_977221524,0.112641014
20241108_140439_221481209,0.08459101
20241108_140439_712608097,0.08839599
20241108_140439_964544394,-0.000730237
20241108_140440_214033572,0.019445399
20241108_140440_470892320,0.028097639
20241108_140440_978203528,0.034678556
20241108_140441_218903695,0.026513169
20241108_140441_467014485,0.018739918
20241108_140441_712516558,0.018489996
20241108_140441_973110464,0.2173518
20241108_140442_216001101,0.27138495
20241108_140442_463834064,0.17870744
20241108_140442_957055147,0.15635212
20241108_140443_205284332,0.13848339
20241108_140443_457945679,0.13299967
20241108_140443_708804916,0.13600285
20241108_140444_212793371,0.12448881
20241108_140444_463731121,0.113735266
20241108_140444_715815876,0.026656846
20241108_140444_966714473,-0.011412224
20241108_140445_959366939,0.07271228
20241108_140446_207908478,0.06580774
20241108_140446_457958563,0.0538309
20241108_140446_704474560,0.04840503
20241108_140447_210536126,0.04473237
20241108_140447_460568064,0.08988533
20241108_140447_956758675,0.07563398
20241108_140448_212624638,0.029351333
20241108_140448_710316309,0.02889649
20241108_140448_958563727,0.07972384
20241108_140449_208373923,0.063564666
20241108_140449_457215999,0.05279986
20241108_140449_710876296,0.063022174
20241108_140449_965501871,-0.04738619
20241108_140450_214555313,-0.0038018432
20241108_140450_471904632,0.01295645
20241108_140450_712321099,0.08298109
20241108_140450_958140146,0.05707679
20241108_140451_957138434,-0.17850079
20241108_140452_207516295,-0.10175159
20241108_140452_456822523,-0.054876767
20241108_140452_707385367,-0.04953482
20241108_140453_205853613,-0.028136512
20241108_140453_472225209,0.01827524
20241108_140453_714243725,0.050529726
20241108_140454_223809299,-0.7555012
20241108_140454_480568842,-0.6227358
20241108_140454_719188786,-0.2344415
20241108_140454_967256558,-0.29179636
20241108_140455_212933773,-0.12998836
20241108_140455_459604640,0.16312301
20241108_140455_715491138,0.30963972
20241108_140455_968812915,0.0880217
20241108_140456_217110478,0.5426228
20241108_140456_464043018,0.72198105
20241108_140456_721449801,0.35749656
20241108_140456_970059408,0.23932885
20241108_140457_215844957,0.5700444
20241108_140457_466437141,0.2630389
20241108_140457_712616842,0.08897594
20241108_140457_971323208,0.09888486
20241108_140458_212598547,0.069024004
20241108_140458_460545952,0.012216995
20241108_140458_718460844,-0.18036528
20241108_140458_963641450,-0.022566203
20241108_140459_214365716,0.7277179
20241108_140459_461479214,0.4325215
20241108_140459_709309524,0.020028988
20241108_140459_960966100,-0.048570894
20241108_140500_213249134,0.0047008786
20241108_140500_468009188,0.07530228
20241108_140500_713041901,0.08325208
20241108_140500_961742597,0.2007019
20241108_140501_209352882,0.015434185
20241108_140501_459630546,0.03338311
20241108_140501_713337088,-0.23415025
20241108_140501_960263641,0.12021799
20241108_140502_214003576,0.05261738
20241108_140502_471759393,0.43795815
20241108_140502_724834564,1.6981367
20241108_140502_977589735,-0.46214274
20241108_140503_241537300,-0.72299725
20241108_140503_484113972,-1.4180721
20241108_140503_728991112,-1.5122236
20241108_140503_978351007,-0.7898924
20241108_140504_224481673,-0.4098769
20241108_140504_478747099,-0.24787238
20241108_140504_716976645,-0.14654897
20241108_140504_967715507,-0.50028306
20241108_140505_214773935,-0.47998726
20241108_140505_469287817,-0.41692975
20241108_140505_728306949,-1.4870867
20241108_140505_973807900,0.4167203
20241108_140506_223238710,0.28899297
20241108_140506_475580604,0.21293394
20241108_140506_723080441,0.29051542
20241108_140506_966833097,0.37908846
20241108_140507_214611711,0.40436834
20241108_140507_468577973,0.3066204
20241108_140507_715601026,0.554834
20241108_140507_968860566,0.77956873
20241108_140508_215623514,0.3283437
20241108_140508_472444909,0.47814897
20241108_140508_718235452,0.44919556
20241108_140508_967544067,0.42949784
20241108_140509_215728372,0.84955686
20241108_140509_473832604,0.42102343
20241108_140509_721138615,0.40105653
20241108_140509_969122978,1.1399413
20241108_140510_214429753,1.3055838
20241108_140510_462984345,0.81634337
20241108_140510_718328938,0.62674856
20241108_140510_975084983,0.6172556
20241108_140511_219059728,0.41778088
20241108_140511_467998448,0.22456302
20241108_140511_712970935,0.67733747
20241108_140511_964644425,0.35176823
20241108_140512_213985210,0.21101867
20241108_140512_464960965,0.16780202
20241108_140512_713391149,0.18544884
20241108_140512_963223913,0.16466163
20241108_140513_210977334,0.58172655
20241108_140513_464720646,0.7726608
20241108_140513_718100257,0.22670956
20241108_140513_967882678,0.14122611
20241108_140514_213367764,-0.73124427
20241108_140514_463661533,-0.5354193
20241108_140514_714207010,0.83977807
20241108_140514_964538869,1.1847748
20241108_140515_215064455,0.10132856
20241108_140515_463972226,0.87463856
20241108_140515_714809864,0.26963863
20241108_140515_964039725,1.1871047
20241108_140516_212908472,1.0525093
20241108_140516_464013364,0.6403283
20241108_140516_712947623,0.6758609
20241108_140516_966607178,0.6751652
20241108_140517_217875422,0.6337675
20241108_140517_471989498,0.69339305
20241108_140517_716943050,0.44595206
20241108_140517_962486515,0.4622039
20241108_140518_212388736,0.3117835
20241108_140518_463247901,0.36908028
20241108_140518_722477462,0.45124975
20241108_140518_973573825,0.42210463
20241108_140519_222296340,0.7601251
20241108_140519_468583996,0.6726215
20241108_140519_712968851,0.65906024
20241108_140519_963343934,0.41760188
20241108_140520_213109600,-0.71526355
20241108_140520_464739162,-0.6741714
20241108_140520_711148826,-0.471985
20241108_140520_960605834,-0.3268474
20241108_140521_215434262,0.46435368
20241108_140521_463118527,0.067917325
20241108_140521_711427658,0.29350808
20241108_140521_970978385,0.29885837
20241108_140522_216389878,0.26289317
20241108_140522_467844785,0.09406654
20241108_140522_717539695,0.11713604
20241108_140522_965488860,0.13385169
20241108_140523_212452111,0.11735625
20241108_140523_461669618,0.108205535
20241108_140523_709998192,0.07403276
20241108_140523_959058829,0.06045357
20241108_140524_209179907,0.096768
20241108_140524_470293863,-0.05630245
20241108_140524_710338930,0.00082806684
20241108_140525_213719677,0.0034862552
20241108_140525_468772487,0.0051687155
20241108_140525_714112728,0.20942965
20241108_140525_966351965,0.11548007
20241108_140526_213187767,0.34246862
20241108_140526_466950486,0.23159839
20241108_140526_718447822,0.19111346
20241108_140526_965346931,0.14369439
20241108_140527_461381281,0.10971049
20241108_140527_712478490,0.11623148
20241108_140527_962014588,0.062722184
20241108_140528_208370583,0.92583734
20241108_140528_459722370,-0.4964987
20241108_140528_712142476,-0.20587254
20241108_140528_961857649,-0.29648036
20241108_140529_214364083,-0.22291152
20241108_140529_465422915,-0.16322286
20241108_140529_721618043,-0.18314011
20241108_140529_966921732,-0.45134234
20241108_140530_215216521,-0.47235045
20241108_140530_463571797,-0.45929742
20241108_140530_711635013,-0.4302183
20241108_140531_220048505,-0.70177096
20241108_140531_467072800,-1.3756212
20241108_140531_716779807,-0.6955652
20241108_140531_959254474,0.4276862
20241108_140532_209993475,-0.07805972
20241108_140532_459682817,0.1723599
20241108_140532_708749190,0.2275029
20241108_140532_961982070,0.51089126
20241108_140533_209964363,0.27697992
20241108_140533_462373461,0.09699253
20241108_140533_714849629,-0.28162745
20241108_140533_973749185,-0.11886545
20241108_140534_222167255,-0.40575525
20241108_140534_465407160,-0.2990493
20241108_140534_713642566,-0.18144982
20241108_140534_964268746,-0.0028147306
20241108_140535_214216104,0.96551764
20241108_140535_475606832,1.3707445
20241108_140535_720380924,0.046625778
20241108_140535_968920059,0.7073187
20241108_140536_219267091,0.8211813
20241108_140536_469716825,0.4085927
20241108_140536_966164492,0.5805498
20241108_140537_212093193,0.55769265
20241108_140537_462765561,0.61243546
20241108_140537_713281198,0.7695853
20241108_140538_213542112,0.49629763
20241108_140538_462843052,0.5278837
20241108_140538_714323633,0.50927025
20241108_140538_963535936,0.56533855
20241108_140539_210864449,0.5667241
20241108_140539_464756310,0.5668245
20241108_140539_714517650,-0.6423467
20241108_140539_967489231,-0.27524212
20241108_140540_217098206,-0.10439543
20241108_140540_472660463,0.0065412614
20241108_140540_725801421,-0.023702169
20241108_140540_971884380,-1.111851
20241108_140541_216897205,0.28472894
20241108_140541_478672174,0.27001834
20241108_140541_734644102,0.27161837
20241108_140541_972790144,-0.106596254
20241108_140542_219836644,-0.09213325
20241108_140542_467220796,-0.98800534
20241108_140542_718225643,-0.20623066
20241108_140542_970140138,-0.15908028
20241108_140543_218374897,-0.16798325
20241108_140543_469780068,-0.19554724
20241108_140543_719011735,-0.14993013
20241108_140543_962106068,-0.22402717
20241108_140544_467881247,-0.18135823
20241108_140544_716694586,-0.15514274
20241108_140544_965765296,-0.01920864
20241108_140545_215655638,-0.1794932
20241108_140545_471963536,-0.1497614
20241108_140545_718942403,-0.08621707
20241108_140547_208929473,-0.101057254
20241108_140547_464778644,-0.07345005
20241108_140547_715668743,-0.093407415
20241108_140547_962598244,-0.06696939
20241108_140548_210358223,0.11117568
20241108_140548_459239825,-0.111078225
20241108_140548_710755134,-0.13605447
20241108_140548_961284766,-0.050174676
20241108_140549_212854517,-0.036482416
20241108_140549_467891962,-0.26110953
20241108_140549_724217092,-0.6585867
20241108_140549_971327570,0.15319745
20241108_140550_223900491,0.09792975
20241108_140550_481858597,-0.9658097
20241108_140550_722672812,0.43963763
20241108_140550_966558131,0.21654226
20241108_140551_213722535,0.04512243
20241108_140551_462800217,0.0213025
20241108_140551_710397417,0.095340766
20241108_140551_961830991,0.015367368
20241108_140552_212828121,0.03434608
20241108_140552_462194734,0.029167274
20241108_140552_708446477,0.25843295
20241108_140552_962276513,0.24373035
20241108_140553_216961597,0.15166502
20241108_140553_476331549,0.080938496
20241108_140553_712548701,0.11665396
20241108_140553_967921933,0.08316342
20241108_140554_215249925,0.096922316
20241108_140554_471362084,0.067359425
20241108_140554_716368553,0.0750616
20241108_140554_965987799,0.1170216
20241108_140555_218292589,0.15054272
20241108_140555_469896526,0.065859295
20241108_140555_718052782,0.27069008
20241108_140555_969458024,0.36793908
20241108_140556_213474620,0.45328462
20241108_140556_460381797,0.40021163
20241108_140556_707489911,0.881519
20241108_140556_960196577,0.7006739
20241108_140557_213047798,0.11614571
20241108_140557_460814296,0.21123679
20241108_140557_711831799,0.25401863
20241108_140557_967003520,0.2078514
20241108_140558_224811892,0.56372446
20241108_140558_473939779,0.40468007
20241108_140558_721963833,0.5124753
20241108_140558_968494191,0.37717754
20241108_140559_217355898,0.33932152
20241108_140559_467396293,0.7102965
20241108_140559_712393589,0.3451548
20241108_140559_970138660,0.35644254
20241108_140600_223202775,0.40753868
20241108_140600_480442187,0.19773664
20241108_140600_964082107,0.21545269
20241108_140601_219038369,-0.016221097
20241108_140601_472611206,0.07687361
20241108_140601_725011283,-0.12032964
20241108_140601_970869020,-0.011906078
20241108_140602_223901966,0.04077647
20241108_140602_473473501,0.09839288
20241108_140602_722300447,0.16972451
20241108_140602_977694995,0.021878162
20241108_140603_229841622,0.07899726
20241108_140603_481679506,1.4210974
20241108_140603_727893773,-0.10819309
20241108_140603_975557644,0.20673536
20241108_140604_223236636,0.20858796
20241108_140604_481451237,0.5514908
20241108_140604_726854335,0.4365192
20241108_140604_969606612,0.3696377
20241108_140605_222797798,0.107424416
20241108_140605_481200141,0.23730849
20241108_140605_725362047,0.15227328
20241108_140605_983891502,1.2802962
20241108_140606_225328582,0.2228028
20241108_140606_472585315,0.192326
20241108_140606_715463174,-0.53987664
20241108_140606_965383587,0.6821351
20241108_140607_213871881,0.44861263
20241108_140607_475008099,-0.11721175
20241108_140607_729691552,0.07385657
20241108_140607_983814233,-0.058373235
20241108_140608_225294432,-0.08005949
20241108_140608_468138975,0.0027947817
20241108_140608_715045665,-0.009403041
20241108_140608_963349693,0.021652052
20241108_140609_214724232,0.004013041
20241108_140609_469073254,-0.046362065
20241108_140609_718398395,-0.06943222
20241108_140609_969181042,-0.14110972
20241108_140610_220669983,-0.14580043
20241108_140610_468062729,-0.2714553
20241108_140610_722586155,-0.13578375
20241108_140610_972735129,-0.14507164
20241108_140611_217314095,-0.15889017
20241108_140611_472590955,-0.14915232
20241108_140611_729236666,-0.21396028
20241108_140611_970000714,-0.027447065
20241108_140612_213859231,-0.051299803
20241108_140612_465365720,-0.07525357
20241108_140612_713138880,-0.4070886
20241108_140612_965929412,-0.96031314
20241108_140613_213788823,-0.67378795
20241108_140613_465782883,-0.4147595
20241108_140613_710003380,-0.4309083
20241108_140613_968493571,-0.34374896
20241108_140614_214555030,-0.33054113
20241108_140614_466673998,-0.25482476
20241108_140614_714170489,-0.34307033
20241108_140614_966850489,-0.31392905
20241108_140615_473172701,-0.1626058
20241108_140615_713914811,-0.21482505
20241108_140615_969263351,-0.34598085
20241108_140616_215902842,0.258077
20241108_140616_466608215,-0.37120518
20241108_140616_709757421,-0.32721612
20241108_140616_961903778,-0.28009835
20241108_140617_216918147,-0.23846786
20241108_140617_459319804,-0.21693172
20241108_140617_706226100,-0.18168373
20241108_140617_963470284,-0.15887453
20241108_140618_463134469,-0.16903593
20241108_140618_711519627,-0.7140888
20241108_140618_963657979,-0.6241837
20241108_140619_212515696,-0.34274173
20241108_140619_461421705,-0.13040863
20241108_140619_714408566,-0.12526347
20241108_140620_474666475,-0.14358748
20241108_140620_970653743,-0.15252616
20241108_140621_215849829,-0.23399155
20241108_140621_467245156,-0.32061943
20241108_140621_969132962,-0.28718117
20241108_140622_466496157,-0.25449818
20241108_140622_711469701,-0.18225355
20241108_140622_960262956,0.38165522
20241108_140623_209930968,0.13094766
20241108_140623_470168256,0.025573889
20241108_140623_961666423,0.08610613
20241108_140624_473327350,0.09658835
20241108_140624_709493490,0.095717914
20241108_140625_709263878,0.057010747
20241108_140626_458829554,0.08571208
20241108_140626_709844750,0.09932182
20241108_140627_457234361,0.122796096
20241108_140627_711287954,0.589007
20241108_140627_961234165,0.1947626
20241108_140628_209497368,0.34661672
20241108_140628_461061625,0.30432162
20241108_140628_718751950,0.28234518
20241108_140628_961225270,0.20784636
20241108_140629_208358143,0.04376311
20241108_140629_706244258,0.12285898
20241108_140630_206387626,0.1262375
20241108_140630_464540092,1.2326354
20241108_140630_711513421,0.5227636
20241108_140630_966652260,0.38419443
20241108_140631_212777252,0.01584492
20241108_140631_463324014,0.112554826
20241108_140631_710868743,0.048118897
20241108_140631_962922042,-0.43771353
20241108_140632_209691202,-0.20471074
20241108_140632_457647542,-0.2578307
20241108_140632_707530856,-0.0893335
20241108_140632_959866102,-0.0886189
20241108_140633_209739239,-0.3019858
20241108_140633_460340280,-0.13975267
20241108_140633_707169826,-0.096077405
20241108_140633_961345974,-0.09802713
20241108_140634_707824911,-0.07466798
20241108_140634_964316268,-0.10448863
20241108_140635_216340868,-0.25154954
20241108_140635_467872221,-0.038145863
20241108_140635_718614790,-0.090288185
20241108_140635_966893475,-0.084405
20241108_140636_216861243,-0.21197687
20241108_140636_467928623,0.06994279
20241108_140636_715091896,-0.14194505
20241108_140636_960601330,-0.16302116
20241108_140637_463730158,-0.18100403
20241108_140637_710705823,-0.04022553
20241108_140637_966243582,-0.0519649
20241108_140638_465660395,0.24760826
20241108_140638_716335494,0.08553506
20241108_140638_966001690,0.05210779
20241108_140639_211157256,0.05441097
20241108_140639_460063467,0.02944384
20241108_140639_957969491,-0.03325375
20241108_140640_208860973,0.01702241
20241108_140640_458816748,-0.028384348
20241108_140640_715684013,-0.042279862
20241108_140640_966868267,0.005001286
20241108_140641_207201164,0.026839295
20241108_140641_458190998,0.014737943
20241108_140641_708803539,0.01615856
20241108_140641_959984200,-0.03926619
20241108_140642_209204298,-0.10062542
20241108_140642_460605812,-0.1179774
20241108_140642_707771014,-0.056580745
20241108_140642_957756975,-0.04054614
20241108_140643_709653626,-0.0061337855
20241108_140643_960057279,-0.008460542
20241108_140644_211887443,0.036957063
20241108_140644_462632930,-0.058432244
20241108_140644_712298776,-0.024300834
20241108_140644_963137216,-0.026716908
20241108_140645_210004192,-0.006805321
20241108_140645_464265170,-0.033251546
20241108_140645_712723727,0.31941888
20241108_140645_962849722,0.42762747
20241108_140646_213688285,0.42250714
20241108_140646_468491853,0.31917512
20241108_140646_722518397,0.46362227
20241108_140646_969834321,0.6267554
20241108_140647_217878918,0.4784917
20241108_140647_468771467,0.29867354
20241108_140648_212100759,0.3949455
20241108_140648_462525164,0.38448375
20241108_140649_462313141,0.52408105
20241108_140649_710076673,0.4274602
20241108_140649_962627865,0.26426
20241108_140650_209997745,1.8720508
20241108_140650_460957714,0.6603237
20241108_140651_211881562,0.8392644
20241108_140651_462680336,1.0165086
20241108_140651_962599512,0.9412129
20241108_140652_210603066,1.9280559
20241108_140652_459537494,-0.13491628
20241108_140652_707475891,0.11597008
20241108_140652_961797031,0.0652686
20241108_140653_207694313,0.004170755
20241108_140653_457892219,0.02805976
20241108_140653_711520654,-0.040702067
20241108_140654_208843272,-0.040418886
20241108_140654_460834794,-0.017923197
20241108_140654_708900646,-0.020694098
20241108_140654_960015678,-0.062445067
20241108_140655_209430747,-0.045775495
20241108_140655_460573300,-0.04266616
20241108_140655_710148958,0.019563654
20241108_140656_468185140,0.04932425
20241108_140656_716655617,0.077121735
20241108_140656_973807060,0.11860756
20241108_140657_227860592,0.086865164
20241108_140657_478231406,0.34473038
20241108_140657_727681946,0.36789462
20241108_140657_976174992,0.42331842
20241108_140658_230017045,0.7091188
20241108_140658_486080441,-0.32220086
20241108_140658_737896228,0.1450089
20241108_140658_999758652,0.14944507
20241108_140659_236040136,0.08411284
20241108_140659_483649097,-0.12879825
20241108_140659_731936267,-0.1265697
20241108_140659_982746626,-0.18651892
20241108_140700_226462224,-0.19862129
20241108_140700_480007360,-0.27818447
20241108_140700_721426075,-0.2651516
20241108_140700_972382385,-0.26494756
20241108_140701_223827315,-0.10680493
20241108_140701_471019386,0.06339306
20241108_140701_718085726,-0.12733485
20241108_140701_969982110,0.08729068
20241108_140702_216598934,-0.09099474
20241108_140702_461817430,-0.15900154
20241108_140702_712473394,-0.2605098
20241108_140702_963315162,-0.23526196
20241108_140703_211219862,0.17689331
20241108_140703_460211546,0.2154199
20241108_140703_709603388,0.1599059
20241108_140703_958971537,0.636117
20241108_140704_208916612,0.49087128
20241108_140704_963739905,1.4196225
20241108_140705_209005955,0.63013077
20241108_140705_460963074,0.07403046
20241108_140705_712609351,-1.381777
20241108_140705_968503621,0.40944183
20241108_140706_222764828,0.6496156
20241108_140706_468298608,0.5897006
20241108_140706_717346338,0.7804047
20241108_140706_973634789,0.6451653
20241108_140707_224245840,-0.17470996
20241108_140707_468004720,0.025951723
20241108_140707_715817191,0.34463632
20241108_140707_970024976,-0.5080016
20241108_140708_217401486,0.7769983
20241108_140708_464771911,0.4005664
20241108_140708_710264638,0.6192197
20241108_140708_964206025,0.5924039
20241108_140709_212141856,0.6361924
20241108_140709_462181751,0.069144286
20241108_140709_709978579,0.013612965
20241108_140709_961215408,0.07989452
20241108_140710_211424400,-0.023700437
20241108_140710_466170974,-1.0221002
20241108_140710_717275027,-0.3437444
20241108_140710_964813022,-0.6448607
20241108_140711_211633462,-0.61903834
20241108_140711_457653461,-0.123776816
20241108_140711_712880543,-0.28622594
20241108_140711_964540247,-0.53024024
20241108_140712_220277662,-0.8480293
20241108_140712_463635878,-1.417375
20241108_140712_710374796,-0.8373533
20241108_140712_960381132,-0.6234536
20241108_140713_211526992,-0.56529766
20241108_140713_458310626,-0.63812083
20241108_140713_707857437,-0.5655964
20241108_140714_465653015,-0.49030456
20241108_140714_718514901,-0.19383381
20241108_140714_969595643,-0.55168754
20241108_140715_215943660,-0.40936327
20241108_140715_464201091,-0.09780521
20241108_140715_713607826,-0.11964705
20241108_140715_964595502,0.95244056
20241108_140716_208076131,1.1435394
20241108_140716_459223850,0.71395755
20241108_140716_711487242,0.68346155
20241108_140716_968924508,0.6100757
20241108_140717_212557081,0.8543353
20241108_140717_460118151,0.6261343
20241108_140717_715045282,0.6266984
20241108_140717_961316317,0.8980837
20241108_140718_209256121,0.6157656
20241108_140718_460215241,0.66887456
20241108_140718_707157229,0.63376635
20241108_140718_956681915,0.6188989
20241108_140719_210376056,0.56196517
20241108_140719_461346701,1.1357849
20241108_140719_707983973,-0.025501575
20241108_140719_957644364,-0.7208943
20241108_140720_205106479,-0.636173
20241108_140720_456614366,1.0519238
20241108_140720_707915954,0.81348944
20241108_140720_956878812,0.40964586
20241108_140721_210348489,-0.6239593
20241108_140721_459309525,-0.5512185
20241108_140721_710207908,-0.8972724
20241108_140721_960776737,-0.2734948
20241108_140722_207569869,-0.3744141
20241108_140722_460329747,-0.44350407
20241108_140722_710380881,-0.46560782
20241108_140722_966455462,-0.14273608
20241108_140723_217610765,0.15940145
20241108_140723_465131075,0.44395733
20241108_140723_710604312,0.14484239
20241108_140723_956665765,-0.01863844
20241108_140724_206187704,0.059968986
20241108_140724_460523854,-0.052269064
20241108_140724_706758510,-0.022694489
20241108_140724_957912632,-0.013947507
20241108_140725_207591249,0.02195696
20241108_140725_456759336,0.008652071
20241108_140725_708647779,0.016158918
20241108_140725_964728576,0.03111712
20241108_140726_710519654,1.5129757
20241108_140726_960417347,0.2900217
20241108_140727_209200241,0.06741039
20241108_140727_461055938,-0.017130753
20241108_140727_707372698,0.07295094
20241108_140727_960995002,0.044949986
20241108_140728_215258489,0.04027549
20241108_140728_465789517,0.087214984
20241108_140728_711765078,0.2981061
20241108_140728_959710095,0.6561679
20241108_140729_212013267,1.0494782
20241108_140729_467339985,0.41269976
20241108_140730_213282199,0.4181525
20241108_140731_210888091,0.016681114
20241108_140731_459665682,-0.1976219
20241108_140731_708598234,-0.5696875
20241108_140731_962319259,-0.13347693
20241108_140732_211130390,-0.11337327
20241108_140732_461523590,-0.115991734
20241108_140732_959466135,-0.103157066
20241108_140733_211128768,-0.42028973
20241108_140733_462796002,-0.50804895
20241108_140733_708447686,-0.20233978
20241108_140733_960863467,-0.34338093
20241108_140734_211192313,-0.27806154
20241108_140734_458964106,-0.24175484
20241108_140734_709590432,-0.24068914
20241108_140735_959917693,-0.2668674
20241108_140736_214171827,-0.31798238
20241108_140736_460168794,-0.29800883
20241108_140736_708703796,-0.2799231
20241108_140737_463533117,0.01728844
20241108_140737_711157313,-0.093412004
20241108_140737_960277990,-0.17313574
20241108_140738_205134728,-0.16030051
20241108_140738_455803881,-0.18684964
20241108_140738_706417185,-0.1473092
20241108_140738_960425350,0.119226076
20241108_140739_208862297,-0.016493758
20241108_140739_463301509,-0.031112274
20241108_140739_706962257,-0.13391323
20241108_140740_459248285,-0.084881924
20241108_140740_712605274,-0.07772603
20241108_140740_963723707,-0.11734765
20241108_140741_213181206,-0.21985187
20241108_140741_461099770,-0.17004324
20241108_140741_706954582,-0.1300099
20241108_140742_957747186,-0.30939022
20241108_140743_207155563,-0.29842886
20241108_140743_458641014,-0.28547025
20241108_140743_962792971,-0.2544149
20241108_140744_210282299,-0.24597691
20241108_140744_463275876,-0.21817039
20241108_140744_711927088,-0.19699688
20241108_140744_962744560,-0.21662591
20241108_140745_211705155,-0.18324734
20241108_140746_222682323,-0.50750834
20241108_140746_466395508,0.05883553
20241108_140746_718196085,0.13185443
20241108_140746_967745272,-0.04339753
20241108_140747_211966823,-0.035716496
20241108_140747_459889725,0.0130481515
20241108_140747_711501418,0.03628782
20241108_140747_961317753,-0.08130243
20241108_140748_214310590,-0.033673547
20241108_140748_466302822,-0.03622683
20241108_140749_211917341,0.012495318
20241108_140749_460644441,-0.093389355
20241108_140749_712627101,-0.19274415
20241108_140749_960258838,-0.13004436
20241108_140750_471689558,0.14107063
20241108_140750_718386162,0.04246912
20241108_140750_963127900,0.56250787
20241108_140751_211133357,0.19921443
20241108_140751_464196409,0.110706575
20241108_140752_214853736,0.15435858
20241108_140752_710134228,0.15669547
20241108_140752_959511934,0.084303625
20241108_140753_219506316,0.11758516
20241108_140753_474927798,0.088598706
20241108_140753_714029964,0.11462817
20241108_140753_963644848,0.12580018
20241108_140754_207386362,0.103503145
20241108_140754_957015243,0.19558428
20241108_140755_206958018,0.18086566
20241108_140756_207356387,0.11877138
20241108_140756_460892033,0.13710158
20241108_140756_711665915,0.09621794
20241108_140756_958809680,0.11172525
20241108_140757_212788376,0.13199116
20241108_140757_462318795,0.052708603
20241108_140757_709436072,0.08299125
20241108_140757_960583558,0.22030996
20241108_140758_212717393,0.5997984
20241108_140758_461893922,0.24923246
20241108_140758_712282207,0.23704539
20241108_140758_970053800,0.3054775
20241108_140759_225880156,0.17368035
20241108_140759_475110457,0.189573
20241108_140759_728287972,0.16945691
20241108_140800_217106938,0.1460741
20241108_140800_464707517,0.09755591
20241108_140800_711829664,0.10117132
20241108_140800_965380943,0.13245796
20241108_140801_217784021,0.01958684
20241108_140801_468740022,-0.023342153
20241108_140801_713548789,-0.15871917
20241108_140801_970739302,-0.1630931
20241108_140802_229414536,-0.0717996
20241108_140802_481056318,-0.3329976
20241108_140802_722605582,-0.26356506
20241108_140802_969217010,-0.12245893
20241108_140803_469381501,-0.59561884
20241108_140803_727738648,-0.09336739
20241108_140803_971453128,-0.12664728
20241108_140804_219014732,0.010056058
20241108_140804_478475856,-0.11080464
20241108_140804_726562408,-0.05553522
20241108_140804_987959166,-0.13669463
20241108_140805_218986382,-0.018846815
20241108_140805_470426944,-0.055776082
20241108_140805_717356013,-0.0043676104
20241108_140805_966813627,-0.005764207
20241108_140806_470100578,0.11993436
20241108_140806_720778736,1.5999733
20241108_140806_979111434,0.08816514
20241108_140807_224209343,-0.0146244
20241108_140807_491912039,-0.10076942
20241108_140807_737095542,-0.09892317
20241108_140807_977579277,-0.058957003
20241108_140808_217804781,-0.041197084
20241108_140808_728855881,-0.06248369
20241108_140809_218514638,-0.051246844
20241108_140809_466168943,-0.11032554
20241108_140809_717308853,-0.070645116
20241108_140809_963040238,-0.6605664
20241108_140810_216479850,-0.102338284
20241108_140810_467854608,-0.07592248
20241108_140810_714053606,-0.052787207
20241108_140811_228652102,-0.06522878
20241108_140811_469470910,-0.0419363
20241108_140811_711514459,-0.06402155
20241108_140811_962628149,-0.10854157
20241108_140812_212513129,-0.108958624
20241108_140812_464265560,-0.12786238
20241108_140812_711129271,-0.10765495
20241108_140812_959171236,-0.13994552
20241108_140813_208387749,-0.44704685
20241108_140813_457647490,-0.30334234
20241108_140813_706546776,-0.05170854
20241108_140813_957958202,0.019381562
20241108_140814_217078630,-0.057513557
20241108_140814_464646561,-0.09054338
20241108_140814_713486599,-0.086503945
20241108_140814_965463010,-0.095961355
20241108_140815_210685308,-0.0874904
20241108_140815_462700480,-0.06906187
20241108_140815_969031884,-0.13955773
20241108_140816_215984716,0.4507525
20241108_140816_464932332,0.10721407
20241108_140816_968051833,0.097140916
20241108_140817_470566007,0.0949649
20241108_140817_716196119,0.10431711
20241108_140817_965470511,0.124094106
20241108_140818_712284713,0.99975055
20241108_140818_962163106,0.69176507
20241108_140819_210653537,0.31489924
20241108_140819_461524543,0.29502377
20241108_140819_709634042,0.3123614
20241108_140819_961849615,0.29680315
20241108_140820_212750516,0.27337664
20241108_140820_460843277,0.44872868
20241108_140820_709863776,0.22232164
20241108_140821_213223261,0.1864811
20241108_140821_474922977,0.1823092
20241108_140821_725850777,0.19183142
20241108_140822_214485491,0.2998418
20241108_140822_723565997,0.26538923
20241108_140822_970553871,0.22289847
20241108_140823_215859645,0.20720856
20241108_140823_462862682,0.12658198
20241108_140823_712222670,0.050724365
20241108_140823_961234809,0.07734028
20241108_140824_211547117,0.0532578
20241108_140824_464148249,0.065770485
20241108_140825_214565611,0.24252902
20241108_140825_467314730,0.16306637
20241108_140825_717833864,0.115820505
20241108_140825_971770958,0.06512991
20241108_140826_220160952,0.08225975
20241108_140826_468614381,0.078084
20241108_140826_717743111,0.09286422
20241108_140826_969291497,0.034770884
20241108_140827_213720932,0.03897039
20241108_140827_466676477,0.00013927557
20241108_140827_721302828,0.063890226
20241108_140827_972838994,0.025676915
20241108_140828_218460595,-0.009348473
20241108_140828_465810364,0.04336805
20241108_140828_717145313,0.03813822
20241108_140828_964185926,0.043137528
20241108_140829_213834544,0.016816894
20241108_140829_467610865,0.04671348
20241108_140829_712350073,-0.061433934
20241108_140829_962269450,-0.004954478
20241108_140830_210866911,-0.121082775
20241108_140830_459467805,-0.04665836
20241108_140830_709039422,-0.06585657
20241108_140830_960661827,-0.04611387
20241108_140831_210041702,-0.16971569
20241108_140831_465696079,-0.07955011
20241108_140831_716741128,-0.026362857
20241108_140831_961877024,-0.0037210193
20241108_140832_208406211,-0.028108498
20241108_140832_466727813,0.004354695
20241108_140832_713730639,-0.038727395
20241108_140832_968767769,-0.106989376
20241108_140833_214981175,-0.09514161
20241108_140833_470131579,-0.05986979
20241108_140833_718091921,-0.045095257
20241108_140834_214266708,-0.052765273
20241108_140834_464679996,-0.07244047
20241108_140834_718302874,-0.024568697
20241108_140834_964725947,-0.05060833
20241108_140835_209682237,-0.038451754
20241108_140835_461373555,-0.046130084
20241108_140835_710135320,-0.015153607
20241108_140835_958450782,-0.043295823
20241108_140836_208200237,0.04399962
20241108_140836_459729800,-0.21416287
20241108_140836_711776605,-0.09994947
20241108_140836_962433214,-0.19581269
20241108_140837_211179135,-0.095168106
20241108_140837_458872142,-0.1172184
20241108_140837_707323817,-0.07482826
20241108_140837_957242429,-0.10367515
20241108_140838_204521021,-0.052051
20241108_140838_457512809,-0.013982942
20241108_140838_706991169,0.026706764
20241108_140838_958460987,-0.022924235
20241108_140839_209061164,-0.007908037
20241108_140839_458758421,-0.066627555
20241108_140839_710407069,-0.011046281
20241108_140839_960515133,-0.084700756
20241108_140840_209204796,-0.07573178
20241108_140840_458214310,-0.12271004
20241108_140840_705448230,-0.041067265
20241108_140840_963037683,-0.0749672
20241108_140841_206234646,-0.030619642
20241108_140841_459254382,-0.057473473
20241108_140841_711706701,-0.01877292
20241108_140841_964379267,-0.06353667
20241108_140842_213101332,-0.01416876
20241108_140842_463814302,-0.034820817
20241108_140842_715076655,-0.03325542
20241108_140842_962984643,-0.38264596
20241108_140843_213607548,-0.17593054
20241108_140843_462422916,-0.1957588
20241108_140843_715724244,-0.10726967
20241108_140843_969342658,-0.11828818
20241108_140844_214656792,-0.124086164
20241108_140844_461410957,-0.16036336
20241108_140844_707594003,-0.14146684
20241108_140844_960948954,-0.07047876
20241108_140845_464528638,-0.10051917
20241108_140845_714252378,-0.06169989
20241108_140845_959924682,-0.048813157
20241108_140847_211152620,-0.055490874
20241108_140847_459623488,0.06372722
20241108_140847_706724244,-0.1473869
20241108_140847_958770542,-0.10237356
20241108_140848_207715822,-0.08273538
20241108_140848_464533358,-0.10399883
20241108_140848_713655822,-0.032515727
20241108_140848_959893289,0.44264945
20241108_140849_209258303,0.1788087
20241108_140849_472380347,0.03547416
20241108_140849_717382570,0.033397295
20241108_140849_962448616,0.018556872
20241108_140850_209314684,0.023785511
20241108_140850_459293943,-0.18241675
20241108_140850_964833218,-0.047123127
20241108_140851_212394309,-0.073931776
20241108_140851_465942818,1.0358797
20241108_140851_710692543,0.4249748
20241108_140851_960028945,0.51535374
20241108_140852_214079803,0.3770464
20241108_140852_462139895,0.25498733
20241108_140852_709125826,0.29207283
20241108_140852_960454523,0.2901938
20241108_140853_213819552,0.39316422
20241108_140853_458348994,0.52853817
20241108_140853_711436658,0.31774256
20241108_140853_960540647,0.41053158
20241108_140854_214226491,0.31536812
20241108_140854_458883903,0.27735975
20241108_140854_706808312,0.2670847
20241108_140854_958620087,0.28473136
20241108_140855_209846328,0.27466804
20241108_140855_466855918,0.23987715
20241108_140855_718323519,0.29303834
20241108_140855_971125246,0.32849756
20241108_140856_219322159,0.3524586
20241108_140856_469910897,0.3748134
20241108_140856_728060164,0.27690634
20241108_140856_976404384,0.3637563
20241108_140857_225655402,0.40746439
20241108_140857_474685691,0.38228655
20241108_140857_716289080,0.30039352
20241108_140857_963410920,0.2458302
20241108_140858_209858728,-0.029932937
20241108_140858_464989545,-0.009372374
20241108_140858_722313339,-0.005085787
20241108_140858_971977210,-0.05881583
20241108_140859_219737882,0.004127184
20241108_140859_468416475,-0.09525397
20241108_140859_718992988,-0.06034311
20241108_140859_983942201,-0.10222032
20241108_140900_225531717,0.2925022
20241108_140900_477908047,0.36761177
20241108_140900_724998503,0.19044106
20241108_140901_225962860,0.13407569
20241108_140901_470781915,0.1595441
20241108_140901_979157416,0.13303833
20241108_140902_222780662,0.13335763
20241108_140902_476077597,0.11718849
20241108_140902_725308578,0.12564822
20241108_140902_971018325,0.085500725
20241108_140903_216278654,0.06333218
20241108_140903_462039740,0.044916727
20241108_140904_461779348,0.029768327
20241108_140904_719806415,0.013834754
20241108_140904_969372406,0.03825424
20241108_140905_217722541,0.04742161
20241108_140905_465340800,0.63511825
20241108_140906_470019062,0.3456343
20241108_140906_713645254,1.7057118
20241108_140906_960599282,0.042948723
20241108_140907_213323939,-0.48352098
20241108_140907_472431395,-0.2893763
20241108_140907_712122068,-0.20231648
20241108_140907_964663262,-0.22946383
20241108_140908_213149780,-0.18137696
20241108_140908_464673215,-0.23265274
20241108_140908_712980971,-0.3535001
20241108_140908_978073430,-0.93859285
20241108_140909_233363123,-0.53454036
20241108_140909_481243957,-0.47136468
20241108_140909_726040634,-1.1822089
20241108_140909_971233991,0.53652
20241108_140910_223588088,0.39682564
20241108_140910_470019045,0.44705462
20241108_140910_720200005,0.2532167
20241108_140910_968632087,0.25350103
20241108_140911_218282392,0.30277783
20241108_140911_474145900,0.21501164
20241108_140911_722614326,-0.18867095
20241108_140911_967846221,0.033963718
20241108_140912_212519743,0.041419543
20241108_140912_461519859,0.09867222
20241108_140912_708775808,-0.04595574
20241108_140913_211991305,-0.014773002
20241108_140913_708567155,-0.022096058
20241108_140913_957837955,-0.017403862
20241108_140914_207252599,0.058443286
20241108_140914_466264316,0.029855529
20241108_140914_709798675,-0.025957426
20241108_140914_959154300,0.23641972
20241108_140915_209735216,0.11117349
20241108_140915_458286462,-0.054448865
20241108_140915_708424344,0.012053112
20241108_140916_461599528,0.41221
20241108_140916_711111974,0.75937635
20241108_140916_960118047,-0.5114849
20241108_140917_209728854,-0.8471751
20241108_140917_464350192,0.10097354
20241108_140917_709797320,0.08466115
20241108_140917_963372940,0.115539275
20241108_140918_458134949,-0.78205204
20241108_140918_706472929,-0.58386236
20241108_140918_967677738,-0.15125014
20241108_140919_224993495,0.014333317
20241108_140919_475743532,-0.1423076
20241108_140919_723862889,-0.30421576
20241108_140919_974766115,-0.35193095
20241108_140920_225148809,-0.77791816
20241108_140920_473483976,-1.2112871
20241108_140920_980039104,-0.6605829
20241108_140921_217418978,-0.34811503
20241108_140921_464463502,-0.16530935
20241108_140921_714623454,0.1029223
20241108_140921_961824479,0.0986175
20241108_140922_214162976,-0.0779962
20241108_140922_466208573,-0.06609573
20241108_140922_712098142,-0.03870281
20241108_140923_710006219,0.380186
20241108_140923_959072379,0.41611144
20241108_140924_211714544,0.35349724
20241108_140924_464091566,0.28634897
20241108_140924_712636750,-0.012520572
20241108_140924_965165227,0.11502106
20241108_140925_212672107,0.019519547
20241108_140925_460906813,0.06459544
20241108_140925_709286094,0.08201579
20241108_140925_963216776,0.11191667
20241108_140926_211450199,0.13759594
20241108_140926_461797448,0.021471182
20241108_140926_712648069,0.16204147
20241108_140926_966506660,0.22415395
20241108_140927_214542374,0.12635706
20241108_140927_465313425,0.12810238
20241108_140927_965802107,0.6903449
20241108_140928_216694986,0.20145427
20241108_140928_469296677,0.16861652
20241108_140928_712842819,0.14479677
20241108_140928_961190413,-0.10921698
20241108_140929_212360854,-0.027202388
20241108_140929_463003340,0.03598935
20241108_140929_720708964,0.037261583
20241108_140930_485289147,0.055325724
20241108_140930_733617614,0.047356404
20241108_140930_979303181,0.051553823
20241108_140931_224332854,-0.16668732
20241108_140931_475697388,-0.006692728
20241108_140931_732760141,0.4877586
20241108_140931_985433321,-0.23305286
20241108_140932_232779940,-0.028955871
20241108_140932_482437414,-0.269381
20241108_140932_721561643,-0.24392508
20241108_140932_971891748,-0.19517697
20241108_140933_218565423,-0.17196907
20241108_140933_468227166,-0.21670766
20241108_140933_717554158,-0.24290855
20241108_140933_976027162,-0.21345659
20241108_140934_227255321,0.019422954
20241108_140934_468489849,-0.072926186
20241108_140935_218196489,-0.07322206
20241108_140935_474637605,-0.0634227
20241108_140935_724514987,-0.09656849
20241108_140935_973631069,-0.25533283
20241108_140936_222070692,-0.14216806
20241108_140936_465789433,-0.106908105
20241108_140936_966886189,0.06846833
20241108_140937_715972766,-0.011696419
20241108_140937_966706016,-0.05525025
20241108_140938_220800307,-0.11875405
20241108_140938_473544189,0.55001
20241108_140938_722608839,1.301874
20241108_140938_972991902,0.16527982
20241108_140939_217515376,0.5166748
20241108_140939_468273241,0.3557507
20241108_140939_966855150,0.33373392
20241108_140940_476991474,0.27155584
20241108_140940_717712268,-0.1368214
20241108_140940_966583513,-0.038862906
20241108_140941_214520931,0.10683236
20241108_140941_466037408,0.08101026
20241108_140941_715154035,0.2589213
20241108_140941_968423143,0.50206476
20241108_140942_222327370,0.39288634
20241108_140942_469956771,1.0125291
20241108_140942_716830040,0.36192745
20241108_140942_963591638,0.20879929
20241108_140943_460947702,0.43373516
20241108_140943_711411270,0.8798148
20241108_140943_960830748,0.5400599
20241108_140944_215933249,0.5190472
20241108_140944_964283057,0.44046807
20241108_140945_213985949,0.2754763
20241108_140945_469999398,0.124079354
20241108_140945_714677476,0.19588219
20241108_140945_968433614,0.5396745
20241108_140946_212989854,0.60735375
20241108_140946_463724438,0.55747974
20241108_140946_713071871,0.47507408
20241108_140946_965502206,0.7534346
20241108_140947_213578564,0.6788853
20241108_140947_467329141,0.58109623
20241108_140947_968185330,0.46258986
20241108_140948_216966555,0.41896752
20241108_140948_467202901,0.39518154
20241108_140948_712041488,0.45028478
20241108_140948_966808947,0.2997151
20241108_140949_214608427,0.5708822
20241108_140949_472830826,0.3677738
20241108_140949_750032536,0.32682618
20241108_140949_998362815,0.29106003
20241108_140950_237023064,0.2559925
20241108_140950_477529542,0.79269314
20241108_140950_720890328,0.62950355
20241108_140950_969677047,0.6082256
20241108_140951_216383105,0.5529491
20241108_140951_477296317,-0.7300995
20241108_140951_723277260,-0.6636606
20241108_140951_977169552,-0.81758827
20241108_140952_238298085,-0.32482567
20241108_140952_483065723,0.58067596
20241108_140952_736148435,0.21389084
20241108_140952_986928829,0.25442234
20241108_140953_231757049,-0.41249025
20241108_140953_473983099,-0.19389923
20241108_140953_718278841,-0.09272083
20241108_140953_966641150,0.53174174
20241108_140954_222242360,0.1568333
20241108_140954_471747607,0.1225845
20241108_140954_729253896,0.22243653
20241108_140955_459179007,0.18965967
20241108_140955_955383681,0.15615724
20241108_140956_212239278,0.3305324
20241108_140956_458725644,-0.18519947
20241108_140956_972601580,-0.12602457
20241108_140957_476820167,-0.14443116
20241108_140957_721790913,-0.1151456
20241108_140958_472745335,-0.091688894
20241108_140958_726792785,-0.07166197
20241108_140958_978589373,0.10183569
20241108_140959_220183974,0.023337534
20241108_140959_480138551,0.04065291
20241108_140959_728576991,-0.09318086
20241108_140959_978900709,-0.68448395
20241108_141000_233392293,-0.42950973
20241108_141000_485458867,-0.33669826
20241108_141000_728553630,0.115852885
20241108_141000_975704398,0.00068166293
20241108_141001_222187499,-0.024021706
20241108_141001_973814003,-0.18150474
20241108_141002_221521465,-0.7860993
20241108_141002_476739129,0.64173704
20241108_141002_719999687,0.6824186
20241108_141002_987620027,0.4226484
20241108_141003_231227959,0.22883485
20241108_141003_474228774,0.25760534
20241108_141003_716160022,0.37375504
20241108_141004_709780744,0.44260818
20241108_141004_967201135,0.68674916
20241108_141005_476913782,0.4252326
20241108_141005_726507260,0.45385233
20241108_141005_972356052,0.3451387
20241108_141006_216306273,0.23665683
20241108_141006_463337258,-0.8432532
20241108_141006_718695460,0.18897866
20241108_141006_967942407,0.13545667
20241108_141007_470127685,0.0068895016
20241108_141008_215202165,0.02903984
20241108_141008_958783142,0.06558464
20241108_141009_464356978,-0.015036842
20241108_141009_712860346,-0.10827943
20241108_141009_957983991,0.28083834
20241108_141010_458576314,0.15953718
20241108_141010_712870947,0.1740881
20241108_141010_958876756,0.14609267
20241108_141011_457648066,0.12349943
20241108_141011_708520739,0.11043785
20241108_141012_710977959,0.12754063
20241108_141012_963563336,0.08006964
20241108_141013_461682325,1.059484
20241108_141013_709046730,0.42776006
20241108_141013_958249680,0.3475812
20241108_141014_209782104,0.3890464
20241108_141014_461688511,0.15014766
20241108_141014_713382303,0.20745601
20241108_141014_966948040,0.13449706
20241108_141015_213866087,0.045818157
20241108_141015_469824087,0.06380031
20241108_141015_713002709,0.15984975
20241108_141015_961498961,0.18206094
20241108_141016_210453270,0.0034782682
20241108_141016_463972622,0.09043924
20241108_141016_957384501,0.17143069
20241108_141017_207733248,0.15416922
20241108_141017_462252623,0.14912118
20241108_141017_708729220,0.099612184
20241108_141017_960565495,0.31939462
20241108_141018_218729246,0.1667303
20241108_141018_465210538,0.13379692
20241108_141018_711448788,0.2088242
20241108_141018_970308926,0.029975424
20241108_141019_216724434,0.07205305
20241108_141019_468010032,0.04430083
20241108_141019_718956597,0.06946287
20241108_141019_966709486,0.049103536
20241108_141020_216382347,0.07267407
20241108_141020_472235540,-1.1375003
20241108_141020_712569824,-0.13836788
20241108_141020_968151082,-0.10781699
20241108_141021_211805738,-0.14515255
20241108_141021_459450980,-0.11393305
20241108_141022_458886291,-0.1364338
20241108_141022_707326638,-0.15306051
20241108_141022_957909724,-0.19698317
20241108_141023_458518703,-0.28613344
20241108_141023_707111842,-0.40227246
20241108_141023_960585948,-0.29604653
20241108_141024_207551351,-0.26186308
20241108_141024_708030605,-0.24954279
20241108_141024_958926311,-0.35358146
20241108_141025_209042888,-0.39926937
20241108_141025_457033969,-0.37261838
20241108_141025_705969665,-0.29927334
20241108_141025_957751853,-0.31698295
20241108_141026_206510398,-0.28552034
20241108_141026_456554955,-0.2680348
20241108_141026_709084851,-0.29567248
20241108_141026_965973365,-0.20599322
20241108_141027_215048066,-0.25457397
20241108_141027_464209499,-0.6756979
20241108_141027_711258303,-0.73180914
20241108_141027_961936368,-0.77821547
20241108_141028_209534910,-0.7585924
20241108_141028_460609161,-0.48638
20241108_141028_708307493,-0.5141482
20241108_141028_964102626,-0.7962804
20241108_141029_210267328,-0.896147
20241108_141029_460831802,0.75691175
20241108_141029_706729967,1.0012412
20241108_141029_959710948,1.0240215
20241108_141030_208425030,1.2164508
20241108_141030_458381587,-0.531839
20241108_141030_707677075,-0.39022097
20241108_141030_959847561,-0.6356713
20241108_141031_215350636,-1.0516874
20241108_141031_460756892,-0.677652
20241108_141031_715355433,-0.60397935
20241108_141031_965489407,-0.7177838
20241108_141032_213190848,-0.74073905
20241108_141032_462524733,-0.72584885
20241108_141032_706918019,-0.6597453
20241108_141032_961746840,-0.2541711
20241108_141033_209491243,-0.41453177
20241108_141033_462980555,-0.8333692
20241108_141033_710184867,-0.6617659
20241108_141033_964711269,-0.5121642
20241108_141034_211586882,-0.250845
20241108_141034_459432736,-0.36129805
20241108_141034_709829102,-0.1961089
20241108_141034_963571545,-0.18062861
20241108_141035_214558169,-0.16245843
20241108_141035_461668264,-0.18437509
20241108_141035_708415911,-0.55252767
20241108_141036_462147487,-0.66293687
20241108_141036_958321805,-0.5848937
20241108_141037_206088234,-0.20118546
20241108_141037_459937404,0.16588335
20241108_141037_716233698,-0.07279557
20241108_141037_983016066,-0.14797601
20241108_141039_211819198,-0.08510107
20241108_141039_717531459,-0.06068947
20241108_141040_461445382,-0.042172275
20241108_141040_964258427,-0.035039626
20241108_141041_217645454,-0.027839025
20241108_141042_207287854,0.0062057767
20241108_141042_462476153,-0.09915497
20241108_141042_962767977,-0.080473386
20241108_141044_464175853,-0.18142031
20241108_141045_214597364,-0.18459113
20241108_141045_464018377,-0.40764642
20241108_141045_712520422,-0.5983744
20241108_141045_966416297,-0.50566506
20241108_141046_215629225,-0.5126573
20241108_141046_463472920,-0.49197584
20241108_141046_704542443,-0.60040027
20241108_141046_955302252,-0.59634703
20241108_141047_702943514,-0.47862148
20241108_141048_461564975,-0.45264432
20241108_141048_709913795,-0.102991894
20241108_141048_964621915,-0.47923076
20241108_141049_212350176,-0.10531738
20241108_141049_459628790,-0.5961768
20241108_141049_709912854,-0.14249392
20241108_141049_964498126,0.7910747
20241108_141050_212065688,1.1209316
20241108_141050_475762362,-0.61739486
20241108_141050_724426075,-0.38360965
20241108_141050_965899468,-0.2150835
20241108_141051_208860763,-0.06982527
20241108_141051_458791084,-0.03143327
20241108_141051_706270533,0.013132798
20241108_141051_958715561,-0.057833873
20241108_141052_205300561,-0.07150938
20241108_141052_457763460,-0.115382574
20241108_141052_706204213,0.024456495
20241108_141052_959645913,-0.09213223
20241108_141053_457022393,-0.07301863
20241108_141053_704664229,-0.2548155
20241108_141053_958977460,-0.53326845
20241108_141054_206170360,-0.52089703
20241108_141054_459278836,-0.30221286
20241108_141054_710812349,0.3040848
20241108_141054_966615381,0.111769564
20241108_141055_216051953,0.098335676
20241108_141055_470333505,0.23681892
20241108_141055_715322851,0.055541255
20241108_141055_962793909,0.22182219
20241108_141056_710132428,0.19047193
20241108_141056_963087245,0.031038204
20241108_141057_219838185,-0.0045588817
20241108_141057_475937252,-0.14575525
20241108_141057_728199917,-0.07189431
20241108_141057_974512766,-0.1611494
20241108_141058_218080625,-0.057398938
20241108_141058_471924569,-0.11369445
20241108_141058_714787896,-0.8919233
20241108_141058_967455581,-0.27999857
20241108_141059_209740049,-0.29680672
20241108_141059_460859389,-0.3131652
20241108_141059_718008189,-0.33185458
20241108_141100_221210587,-0.160865
20241108_141100_482857288,-0.4592037
20241108_141100_719302843,-0.7216015
20241108_141100_981105820,-1.0074137
20241108_141101_232266443,0.24026243
20241108_141101_488315714,0.6523704
20241108_141101_719103805,0.6597575
20241108_141101_969015742,0.44007412
20241108_141102_211137144,0.74058205
20241108_141102_464266161,0.39722738
20241108_141102_708722160,0.1920328
20241108_141102_958308055,0.09337128
20241108_141103_207686289,0.1099009
20241108_141103_461175860,0.1261461
20241108_141103_711259591,0.08413393
20241108_141103_961816231,0.10543484
20241108_141104_207955699,0.06817303
20241108_141104_460191981,0.027837196
20241108_141104_708392783,0.07018302
20241108_141104_958678995,-0.16186245
20241108_141105_208649235,-0.412354
20241108_141105_473092958,-0.3713474
20241108_141105_717714901,-0.30188754
20241108_141105_964727061,-1.1165127
20241108_141106_214131576,-0.59655565
20241108_141106_468977893,-0.19326688
20241108_141106_717950210,-0.38246664
20241108_141106_969852410,-0.24148895
20241108_141107_215441182,-0.3523096
20241108_141107_465687651,-0.8528893
20241108_141107_707562124,-0.23773673
20241108_141107_956853191,-0.20724948
20241108_141108_210051697,-0.2294019
20241108_141108_465358644,-0.18556349
20241108_141108_707815222,-0.90226954
20241108_141108_960501017,-0.33795026
20241108_141109_206547545,-0.37576655
20241108_141109_456646460,-0.52503884
20241108_141109_705336583,0.14403057
20241108_141109_963182399,0.2399254
20241108_141110_214434580,0.7399085
20241108_141110_468192740,0.20449367
20241108_141110_712188338,0.16491093
20241108_141110_960730084,0.18901168
20241108_141111_204718719,0.16096057
20241108_141111_461036852,0.01937584
20241108_141111_958167468,0.08326731
20241108_141112_203043850,0.07201276
20241108_141113_202913578,0.11287711
20241108_141113_953861637,0.12608914
20241108_141114_207910760,0.10583428
20241108_141114_455575445,0.040002026
20241108_141114_703687331,0.07576314
20241108_141114_955234172,0.011043528
20241108_141115_206794956,0.082450874
20241108_141115_461839171,0.108265795
20241108_141115_712693756,0.08385468
20241108_141115_963970712,0.048396148
20241108_141116_209867959,-0.0076314416
20241108_141116_459311473,0.024038712
20241108_141116_711910744,0.044907607
20241108_141117_210695348,0.07574297
20241108_141118_216653532,0.127925
20241108_141118_467314933,0.10105605
20241108_141118_716091853,0.023918727
20241108_141118_975680617,-0.027470967
20241108_141119_224549056,-0.032975696
20241108_141119_477548835,0.009756783
20241108_141119_723612282,0.08761165
20241108_141119_968324736,1.6340736
20241108_141120_212980969,-0.39566016
20241108_141120_462584547,-0.23800208
20241108_141120_710835897,-0.036840253
20241108_141120_959674723,-0.18363513
20241108_141121_207412419,-0.023111543
20241108_141121_467448535,0.040095188
20241108_141122_468548772,0.010765949
20241108_141122_712383405,-0.008033594
20241108_141122_963125077,-0.026079794
20241108_141123_212733429,-0.102885924
20241108_141123_471851284,-0.04283329
20241108_141123_713731334,0.13842887
20241108_141123_970566688,0.11528454
20241108_141124_213077647,0.06693939
20241108_141124_464164036,0.020354668
20241108_141124_708315443,-0.0016871896
20241108_141124_958635126,0.0135741625
20241108_141125_207084161,0.023783723
20241108_141125_462681013,0.044005074
20241108_141125_722658777,-0.00042440556
20241108_141125_968901513,0.0012567434
20241108_141126_216818146,0.016076067
20241108_141126_469481938,0.0238928
20241108_141126_716474407,0.021194378
20241108_141127_468944793,-0.022109171
20241108_141127_710796398,0.025171975
20241108_141128_208145086,0.01146535
20241108_141128_457120098,-0.0026689973
20241108_141128_709922355,0.16595118
20241108_141129_467181549,1.6204674
20241108_141129_711585899,-0.4626873
20241108_141129_965316252,-0.42962694
20241108_141130_210284760,-0.17641279
20241108_141130_460166228,-0.0055191945
20241108_141130_714804608,-0.063907646
20241108_141130_971178932,-1.0074202
20241108_141131_215414387,-0.8984718
20241108_141131_466475469,-0.6943943
20241108_141131_965832134,-0.6036738
20241108_141132_211103295,-0.7224115
20241108_141132_476862613,-0.38152096
20241108_141132_713679254,-0.20893484
20241108_141132_967966181,-0.1571107
20241108_141133_218179825,0.64125794
20241108_141133_466908761,0.42041993
20241108_141133_708649357,0.5216257
20241108_141133_959468018,0.5426045
20241108_141134_207638201,0.47805122
20241108_141135_211872931,0.42933545
20241108_141135_460456468,0.701595
20241108_141135_708340017,0.5478875
20241108_141135_964848434,0.10379628
20241108_141136_211682802,-0.07825797
20241108_141136_460160870,-0.06366881
20241108_141136_708502862,-0.056284986
20241108_141137_211951827,-0.13058366
20241108_141137_458543610,-0.11428442
20241108_141137_708482107,0.060411625
20241108_141137_962539607,0.20253807
20241108_141138_218086451,0.24424861
20241108_141140_220361418,0.23266666
20241108_141140_484277121,0.19684826
20241108_141140_721221622,0.73467237
20241108_141140_975140859,1.3484815
20241108_141141_215911770,0.46703812
20241108_141141_465632349,-0.5355707
20241108_141141_714769972,-1.1498636
20241108_141141_964674024,-0.7514505
20241108_141142_209442784,-0.7120702
20241108_141142_707899104,-0.756609
20241108_141143_718472497,-0.7306542
20241108_141143_965325096,-0.35452747
20241108_141144_214161633,-0.46119642
20241108_141144_466184925,-0.12305125
20241108_141144_711461348,0.102001496
20241108_141144_961756332,0.29966378
20241108_141145_214486211,0.12441813
20241108_141145_466594442,0.031048847
20241108_141145_727870009,0.01513789
20241108_141146_715685315,-0.111813806
20241108_141146_968406642,-0.2123075
20241108_141147_215184145,-0.01148965
20241108_141147_467614181,-0.0033052173
20241108_141147_959377199,0.005855361
20241108_141148_706596127,0.0048299823
20241108_141149_215415125,-0.46404064
20241108_141149_459967412,-0.9179719
20241108_141149_709828355,-0.40773287
20241108_141149_969985393,-0.23382737
20241108_141150_209858459,-0.41969588
20241108_141151_709353884,-0.33369723
20241108_141151_963278020,-0.29313222
20241108_141153_208776613,-0.28185216
20241108_141153_464459868,-0.18075539
20241108_141153_956714948,-0.29071522
20241108_141154_206639405,-0.271155
20241108_141154_460492217,-0.25376424
20241108_141156_963156797,-0.25357667
20241108_141157_466418746,-0.24822788
20241108_141157_711438832,-0.244067
20241108_141157_957005035,-0.31447652
20241108_141158_210594457,-0.30960357
20241108_141158_467311620,-0.006991474
20241108_141158_719010449,-0.12057843
20241108_141159_221663190,-0.16007675
20241108_141159_472065796,-0.62089926
20241108_141159_732856759,-0.7221364
20241108_141159_984134220,-0.47991568
20241108_141200_234165605,-0.25570267
20241108_141200_484262150,-0.06619353
20241108_141200_723909460,-0.17197533
20241108_141200_972098869,-0.49758175
20241108_141201_226721619,-1.5041598
20241108_141201_469752680,0.36937538
20241108_141201_716982543,0.25455308
20241108_141201_969469585,0.09935335
20241108_141202_209911440,0.1733952
20241108_141202_456438415,0.1434835
20241108_141202_709291404,-0.024940452
20241108_141202_965132124,0.031511106
20241108_141203_218514247,-0.20181279
20241108_141203_467751785,-0.18879004
20241108_141203_722481476,-0.2443413
20241108_141203_979241975,-0.31954637
20241108_141204_219571673,-0.15952916
20241108_141204_468879374,-0.0905666
20241108_141204_711591890,-0.15648027
20241108_141204_965317921,-0.16510941
20241108_141205_461168171,-0.1325785
20241108_141205_710076512,-0.10605418
20241108_141205_963803194,-0.104482315
20241108_141206_213795006,-0.10680499
20241108_141206_463435260,-0.10604831
20241108_141206_712671806,-0.1170738
20241108_141206_960772423,0.14521076
20241108_141207_474916995,0.04190538
20241108_141207_717320817,0.010615626
20241108_141207_962289189,0.13427956
20241108_141208_209804584,0.6142609
20241108_141208_469779730,0.63325864
20241108_141208_723541280,0.4034818
20241108_141208_973262469,0.21734808
20241108_141209_215903652,0.17550768
20241108_141209_459375556,0.2180181
20241108_141209_705746385,0.23216762
20241108_141209_956449909,0.2299792
20241108_141210_206291803,0.2257161
20241108_141210_458730550,0.22319688
20241108_141211_212573483,0.22591592
20241108_141211_460137032,0.22121818
20241108_141211_712997368,0.20936294
20241108_141212_215746447,-0.28659844
20241108_141212_464726051,-0.175727
20241108_141212_711773372,-0.090550505
20241108_141213_213405713,0.015067289
20241108_141213_465909622,-0.02549084
20241108_141213_717781082,-0.06385549
20241108_141213_964465311,-0.06360217
20241108_141214_215410543,-0.041426383
20241108_141214_465874129,-0.042546533
20241108_141214_711048751,-0.055059575
20241108_141214_964078498,-1.2013788
20241108_141215_211685488,0.032878377
20241108_141215_469605789,-0.54010075
20241108_141215_712625773,0.23985918
20241108_141215_965783705,0.040527202
20241108_141216_218103280,0.013223687
20241108_141216_466598721,0.06481365
20241108_141216_707929670,0.043915965
20241108_141216_960620647,0.018082777
20241108_141217_212290943,-0.041098915
20241108_141217_464362277,0.036236264
20241108_141217_714572711,0.04524032
20241108_141217_968846984,0.011238435
20241108_141218_215370998,0.0008095298
20241108_141218_465663354,-0.05944588
20241108_141218_709645677,-0.030711373
20241108_141218_960431124,-0.042840682
20241108_141219_457160954,0.074371494
20241108_141219_705594850,0.049171306
20241108_141219_958462817,-0.0049697366
20241108_141220_206619346,-0.07182255
20241108_141221_206316849,0.12579863
20241108_141221_458899835,0.04522959
20241108_141222_210913448,0.052097656
20241108_141222_458416747,0.086459346
20241108_141222_704184773,0.6585764
20241108_141222_958389273,0.77685547
20241108_141223_205836683,0.32559255
20241108_141223_457840391,0.32553056
20241108_141224_457480137,0.32409346
20241108_141224_704627105,0.30796817
20241108_141225_216468888,0.33951682
20241108_141225_463526819,0.21203668
20241108_141225_710822853,0.37426686
20241108_141225_963696033,0.3002169
20241108_141226_216503422,0.22539686
20241108_141226_961842398,0.2072001
20241108_141227_208313183,0.24278553
20241108_141227_458741016,0.25853187
20241108_141227_709342611,0.2552304
20241108_141228_208805751,0.25566432
20241108_141228_956269855,0.49271384
20241108_141229_215868212,0.586586
20241108_141229_467252964,0.0611927
20241108_141229_715177931,0.17484929
20241108_141229_966320129,0.26286006
20241108_141230_213585441,0.1504459
20241108_141230_464377977,0.19471996
20241108_141230_706159095,0.22616611
20241108_141231_218004100,0.11080281
20241108_141231_708328499,0.13620989
20241108_141231_957945676,0.15576072
20241108_141232_457187621,0.1619093
20241108_141232_705265437,0.46834043
20241108_141233_203989948,0.29556352
20241108_141233_709084673,0.25486282
20241108_141236_210390383,0.20316778
20241108_141236_460271273,0.17168443
20241108_141236_958745939,0.14534636
20241108_141237_714404133,-0.20706595
20241108_141237_973511656,-0.07820194
20241108_141238_220078484,0.013038376
20241108_141238_471677193,2.5222078e-05
20241108_141239_210581774,-0.020923784
20241108_141239_461173210,-0.03425931
20241108_141239_712846861,-0.009900352
20241108_141241_211769653,-0.029455384
20241108_141241_466748253,-0.09710737
20241108_141241_718243551,-0.068777464
20241108_141242_207667245,-0.065113805
20241108_141242_459994128,-0.17774929
20241108_141242_707669593,-0.17014007
20241108_141242_957331278,-0.13184707
20241108_141243_209369621,0.037508912
20241108_141243_461444598,-0.03934153
20241108_141243_959742903,-0.07668828
20241108_141244_456235491,-0.08932545
20241108_141244_707600735,-0.060541056
20241108_141244_958454283,-0.07030889
20241108_141245_460091192,-0.10108336
20241108_141246_204045845,-0.100265674
20241108_141246_453038900,-0.053711377
20241108_141246_961550025,-0.17750727
20241108_141247_213637770,-0.33872035
20241108_141247_466539232,-0.31691107
20241108_141247_719287588,0.27542
20241108_141247_968538317,-0.2100441
20241108_141248_214087414,-0.3815212
20241108_141248_460674723,-0.285277
20241108_141248_708463470,-0.16200449
20241108_141248_960231731,-0.15297402
20241108_141249_212039004,-0.13837858
20241108_141249_465971003,-0.13004132
20241108_141249_960481706,-0.90927637
20241108_141250_206337326,-0.4103697
20241108_141250_457782240,0.42023364
20241108_141250_721404952,0.19621639
20241108_141250_963948101,0.2009279
20241108_141251_208466821,-0.05469676
20241108_141251_465259468,-0.03571739
20241108_141251_718946802,-0.036053084
20241108_141252_216112513,-0.008291861
20241108_141252_467326951,-0.04438641
20241108_141252_716976486,-0.0793741
20241108_141253_464973456,0.021684805
20241108_141253_955889593,0.050238825
20241108_141255_462451940,0.6711025
20241108_141255_710645479,0.16310461
20241108_141255_963766902,0.3236194
20241108_141256_964542254,0.1915756
20241108_141257_206691100,0.51249546
20241108_141257_460843459,0.41038415
20241108_141257_715996768,0.07436926
20241108_141257_970721309,0.072396375
20241108_141258_213391487,0.11143801
20241108_141258_460848377,0.09576041
20241108_141259_216249929,0.11904315
20241108_141259_475302434,0.071246155
20241108_141259_720965384,0.08932162
20241108_141259_971956158,0.005856434
20241108_141300_217287199,0.03956423
20241108_141300_713573064,0.21884684
20241108_141301_210823834,-0.023796996
20241108_141301_470653489,-0.013892254
20241108_141301_960962322,-0.06412908
20241108_141302_218449427,-0.10791888
20241108_141302_478515455,-0.14241873
20241108_141302_972448615,-0.20078646
20241108_141303_229676855,0.2801303
20241108_141303_478690287,0.28389385
20241108_141303_716117827,0.27892792
20241108_141303_967121849,0.20340048
20241108_141304_213789805,0.15259515
20241108_141304_463912874,-0.14285202
20241108_141304_712084228,-0.012809953
20241108_141304_968518326,0.015835712
20241108_141305_215465480,-0.06433376
20241108_141305_467041570,-0.26844177
20241108_141305_710586556,-0.3268738
20241108_141305_959960055,-0.09447657
20241108_141306_469884151,0.06463129
20241108_141306_710233569,0.010443011
20241108_141306_964644733,0.07705284
20241108_141307_210125560,0.0014838967
20241108_141307_712745405,-0.05189737
20241108_141307_961423597,-0.16493969
20241108_141308_208900779,-0.19690944
20241108_141308_460076261,0.34732175
20241108_141308_707373913,0.18169938
20241108_141308_959659213,-0.1022036
20241108_141309_211956100,-0.050618313
20241108_141309_467674958,-0.03917619
20241108_141309_723789144,0.07154969
20241108_141310_225212723,0.09518189
20241108_141310_475449938,0.0714956
20241108_141310_732425689,-0.26667234
20241108_141310_979839745,0.09244656
20241108_141311_221281061,0.117191054
20241108_141311_468694621,0.20314263
20241108_141311_963702957,0.17011605
20241108_141312_210947384,0.17153202
20241108_141312_464180496,0.15298064
20241108_141312_713517231,0.09299574
20241108_141312_959327306,-0.30553934
20241108_141313_208812295,-0.17863055
20241108_141313_461850513,-0.19679715
20241108_141313_712350437,-0.3355734
20241108_141313_967883192,-0.050365902
20241108_141314_223557629,0.28146335
20241108_141314_478815652,0.35111335
20241108_141314_738656911,0.45441827
20241108_141314_973721866,0.28419274
20241108_141315_216415404,0.093914844
20241108_141315_464896969,0.11046467
20241108_141315_708361594,0.12502949
20241108_141315_959781759,0.113503374
20241108_141316_206618346,0.025804976
20241108_141316_459539553,0.059263624
20241108_141316_704447163,0.07094417
20241108_141316_957384027,0.010459373
20241108_141317_205837024,0.09717239
20241108_141317_458254548,0.08269764
20241108_141317_962241362,0.030414114
20241108_141318_468710269,0.029640326
20241108_141318_709131863,0.07526929
20241108_141318_959280495,0.09137038
20241108_141319_208365590,0.08416373
20241108_141319_460969150,0.066662736
20241108_141319_966180620,0.07331351
20241108_141320_223148012,0.064440586
20241108_141320_471243723,0.24887548
20241108_141320_724187722,-0.2146839
20241108_141320_971394349,-0.014882542
20241108_141321_218437865,-0.0827517
20241108_141321_464532275,-0.12803943
20241108_141321_709476528,-0.09084036
20241108_141321_963557495,-0.1176134
20241108_141322_211562888,-0.16252734
20241108_141322_464266404,-0.16106327
20241108_141322_706784635,-0.13422407
20241108_141322_961744604,-0.042128466
20241108_141323_212101802,0.111423634
20241108_141323_458256401,-0.043542467
20241108_141323_705073873,-0.03561773
20241108_141323_955459998,-0.017650684
20241108_141324_206692768,-0.050007723
20241108_141324_463631431,-0.034895264
20241108_141324_705841486,-0.036744498
20241108_141324_960000794,-0.17324205
20241108_141325_207787784,-0.117521845
20241108_141325_455283880,-0.11507722
20241108_141325_709893528,-0.079677425
20241108_141326_205457900,0.059210397
20241108_141326_459309753,-0.37716582
20241108_141326_712726725,-0.62054735
20241108_141326_961023300,-1.0957613
20241108_141327_209033061,-0.4343361
20241108_141327_457133673,-0.3533898
20241108_141327_702965545,-1.3606632
20241108_141327_957964135,-0.42513284
20241108_141328_214683945,-0.11994376
20241108_141328_464947336,0.15795414
20241108_141328_707477623,0.49569777
20241108_141328_960480118,-0.002473181
20241108_141329_207567175,-0.09615197
20241108_141329_467310446,-0.17804445
20241108_141329_712403063,-0.6792792
20241108_141329_962187892,-0.56268716
20241108_141330_210983496,-0.46656695
20241108_141330_458181225,-0.4179354
20241108_141330_956018258,-0.40252036
20241108_141331_206520616,-0.6581124
20241108_141331_455413807,-0.5699789
20241108_141331_711800144,-0.18044956
20241108_141331_960724348,-0.47844908
20241108_141332_209577428,-0.44015202
20241108_141332_466270012,0.03968364
20241108_141332_721636784,-0.13106577
20241108_141332_965292937,-0.19205256
20241108_141333_214983764,-0.16225757
20241108_141333_462490651,-0.09765037
20241108_141333_707462014,-0.05411788
20241108_141333_958453540,0.028441409
20241108_141334_205018734,0.14858611
20241108_141334_457693559,-0.31279546
20241108_141334_708918122,-0.2709072
20241108_141334_958606249,-0.32312036
20241108_141335_207007862,-0.55072796
20241108_141335_456748937,-0.042908166
20241108_141335_713138242,0.08280443
20241108_141335_973553522,0.20846437
20241108_141336_216105557,0.05743835
20241108_141336_460902235,0.13321017
20241108_141336_710915040,0.1021081
20241108_141336_965515832,-0.040339433
20241108_141337_710723113,-0.15508671
20241108_141337_955455706,-0.2668863
20241108_141338_205023176,-0.23536922
20241108_141338_453508787,-0.4757411
20241108_141338_702024462,-0.01976809
20241108_141338_949928187,-0.11271503
20241108_141339_952924126,-0.15069295
20241108_141340_203230102,-0.17791404
20241108_141340_459850001,-0.14740093
20241108_141340_711448617,-0.14253582
20241108_141340_957966958,-0.14053078
20241108_141341_961271775,-0.1573586
20241108_141342_214453197,-0.23942299
20241108_141342_460905228,-0.1658418
20241108_141342_717475597,-0.13533773
20241108_141343_958392793,-0.1769643
20241108_141344_203305316,-0.21135806
20241108_141344_461733144,-0.19202046
20241108_141344_705140930,-0.1948411
20241108_141345_202643810,-0.20001443
20241108_141345_706137165,-0.20568143
20241108_141345_956510696,-0.14839299
20241108_141346_453582200,-0.587994
20241108_141346_699989415,0.78343076
20241108_141346_952043100,-0.4528192
20241108_141347_201543140,-0.2204311
20241108_141347_453289342,0.11639006
20241108_141347_700589722,0.10112458
20241108_141347_953594229,0.022704387
20241108_141348_212097068,0.018629061
20241108_141348_454029581,-0.38357207
20241108_141348_700562467,-0.47667253
20241108_141349_202638720,-0.402966
20241108_141349_457348743,-0.38474545
20241108_141349_710819632,-0.09363026
20241108_141350_208670594,-0.85863715
20241108_141350_458839174,0.83361673
20241108_141350_716630710,0.955746
20241108_141350_959371412,0.31396073
20241108_141351_211333779,0.08726666
20241108_141351_455285405,0.5555254
20241108_141351_707815222,0.45645353
20241108_141351_960249691,0.81845635
20241108_141352_208696254,0.5470353
20241108_141352_463573218,0.3765893
20241108_141352_965315805,0.3384395
20241108_141353_209419568,0.30641076
20241108_141353_458911338,0.08843831
20241108_141353_707391636,0.094116606
20241108_141353_964103075,0.09670431
20241108_141354_217686942,0.18511908
20241108_141354_457077986,0.13608928
20241108_141355_452709622,0.13075049
20241108_141355_705178702,0.33866647
20241108_141355_954533167,0.26544186
20241108_141356_464608157,0.29918635
20241108_141356_716681108,-0.009135684
20241108_141356_965602464,0.11010171
20241108_141357_463495096,-0.09291058
20241108_141357_706034397,0.02208955
20241108_141357_955932656,0.2407761
20241108_141358_208738815,0.20804022
20241108_141358_464216783,0.23264934
20241108_141358_961205955,0.2023146
20241108_141359_215442546,0.2776624
20241108_141359_480303962,0.17299943
20241108_141359_726812614,0.07721568
20241108_141359_976798479,0.66705245
20241108_141400_223948513,0.36132753
20241108_141400_485270626,0.03847263
20241108_141400_735732796,-0.12978788
20241108_141400_976093670,-0.010093978
20241108_141401_222815701,-0.09406229
20241108_141401_473923707,-0.04151135
20241108_141401_717778810,-0.051328383
20241108_141401_962779284,-0.12144857
20241108_141402_206972427,0.23724686
20241108_141402_459922659,0.23099883
20241108_141402_707615044,0.19639061
20241108_141402_958821138,0.19381909
20241108_141403_712486542,0.1685441
20241108_141403_961844952,0.092616
20241108_141404_215144116,0.1263132
20241108_141404_465142723,0.07193879
20241108_141404_706302030,0.08025766
20241108_141405_217504384,-0.030887028
20241108_141405_465693104,-0.079280935
20241108_141405_714762350,0.01943176
20241108_141405_961062500,0.027479121
20241108_141406_213578729,0.04498557
20241108_141406_456441079,0.0409346
20241108_141406_719032867,0.047517754
20241108_141406_967739362,0.38602737
20241108_141407_214994728,0.50197655
20241108_141407_461587664,0.17665808
20241108_141407_717832412,0.11662368
20241108_141407_971235567,0.32699716
20241108_141408_214605978,0.06283424
20241108_141408_464418874,0.12196908
20241108_141408_718920524,0.15055005
20241108_141408_961872668,0.31872138
20241108_141409_215092925,0.28876305
20241108_141409_463492308,1.1423359
20241108_141409_706033620,-0.37332213
20241108_141409_960758539,-0.42242113
20241108_141410_209991855,-0.028463487
20241108_141410_464654498,0.14540666
20241108_141410_726592277,0.9264213
20241108_141410_973206031,-0.4510989
20241108_141411_219763127,-0.65181524
20241108_141411_464207771,-0.38498607
20241108_141411_710500070,-0.36758408
20241108_141411_957077986,-0.4487548
20241108_141412_210629221,-0.400176
20241108_141412_458801474,-0.39507133
20241108_141412_957116213,-0.27870306
20241108_141413_708703850,-0.41820925
20241108_141413_962375887,-0.0153637305
20241108_141414_216916280,0.48268476
20241108_141414_467679419,0.81625634
20241108_141414_721938471,0.2877998
20241108_141414_969472238,0.28382123
20241108_141415_215564735,0.20700581
20241108_141415_466928732,0.11928389
20241108_141415_713735950,0.040018477
20241108_141416_222611885,0.036343433
20241108_141416_473010522,-0.09681108
20241108_141416_718779868,-0.024830421
20241108_141416_972643246,0.026778499
20241108_141417_219205642,0.06352577
20241108_141417_467112951,0.2800393
20241108_141417_734567746,0.20709424
20241108_141417_994796559,0.194041
20241108_141418_248342988,0.16809736
20241108_141418_494180841,0.30731714
20241108_141418_734324141,0.35078245
20241108_141418_987275231,0.35135385
20241108_141419_226709277,0.6623722
20241108_141419_472055175,0.9556705
20241108_141419_717415304,-0.039784856
20241108_141419_966130200,0.09703502
20241108_141420_220727106,-0.5347267
20241108_141420_474989258,0.044222884
20241108_141420_716138845,0.05009026
20241108_141420_965168787,0.9251276
20241108_141421_220233270,-0.74322456
20241108_141421_469457693,-0.05939819
20241108_141421_713938652,-0.05507709
20241108_141421_968303859,-0.16726692
20241108_141422_464730326,-0.16289504
20241108_141422_711009079,-0.3741167
20241108_141422_965386605,-0.2637255
20241108_141423_461235229,-0.22738619
20241108_141423_707667818,-0.33695167
20241108_141423_962523735,-0.30502233
20241108_141424_213477888,-0.38570252
20241108_141424_465804286,-0.12535365
20241108_141424_720164419,0.13689649
20241108_141424_970688435,0.5907427
20241108_141425_213456643,0.8902391
20241108_141425_466195377,0.38842893
20241108_141425_713577821,0.1783638
20241108_141425_968399244,0.10045282
20241108_141426_486454983,0.1227626
20241108_141426_732132074,0.16977553
20241108_141426_977319823,0.11903695
20241108_141427_234938166,-0.4859669
20241108_141427_479793406,-0.4658034
20241108_141427_724370068,-0.03346107
20241108_141428_957060582,-0.15543126
20241108_141429_960236850,-0.11935016
20241108_141430_210610793,-0.1027809
20241108_141430_462198819,0.025569895
20241108_141430_965512816,0.1433259
20241108_141431_218970024,-0.19847609
20241108_141431_468623010,-0.24758573
20241108_141431_964126512,-0.5944747
20241108_141432_212085797,-0.705209
20241108_141432_475478289,-0.7745041
20241108_141432_727323727,-0.36358896
20241108_141432_971910338,-0.35103992
20241108_141433_213773091,-0.45481986
20241108_141433_464520916,-0.7064316
20241108_141433_719077145,-1.107836
20241108_141433_978295256,-1.5293468
20241108_141434_224689554,0.39256343
20241108_141434_471367550,-0.19306745
20241108_141434_723315771,-0.20474543
20241108_141434_977921000,-0.06849947
20241108_141435_227635535,-0.103641056
20241108_141435_470750915,-0.7480641
20241108_141435_718468261,-0.4094685
20241108_141435_967089416,-0.35758433
20241108_141436_215860187,-0.38113707
20241108_141436_466544473,-0.020291368
20241108_141436_707984231,0.0026740823
20241108_141436_960280985,-0.14717425
20241108_141437_960968685,-0.12345093
20241108_141438_211103375,-0.52000505
20241108_141438_962517998,-0.3863879
20241108_141439_212048152,-0.3543488
20241108_141439_458583816,-0.48632303
20241108_141439_706437889,-0.41237918
20241108_141439_962618049,-0.47742143
20241108_141440_210669065,-0.41790208
20241108_141440_465573116,-0.54133016
20241108_141441_210309628,-0.48803702
20241108_141441_712146719,-0.42653558
20241108_141441_963569770,-0.41238028
20241108_141442_709941827,-0.40237555
20241108_141442_960546676,-0.5873606
20241108_141443_212497388,0.7823751
20241108_141443_467415469,0.7609734
20241108_141443_711091438,0.5615392
20241108_141443_962075360,0.6727292
20241108_141444_211638425,0.17816316
20241108_141444_462889756,0.46047464
20241108_141444_713225140,0.9621234
20241108_141444_958771070,0.45997807
20241108_141445_207237970,0.42615047
20241108_141445_462880356,1.3720671
20241108_141445_708416893,-0.39000636
20241108_141445_958872566,-0.1690074
20241108_141446_203221709,-0.32277742
20241108_141446_453633402,-0.06964239
20241108_141446_704606036,-0.05121305
20241108_141446_960188230,0.059038557
20241108_141447_209600556,0.4658458
20241108_141447_459482368,0.9852622
20241108_141447_707377088,-0.046275415
20241108_141447_959936089,0.20260508
20241108_141448_218878163,0.03664328
20241108_141448_467318988,-0.38601866
20241108_141448_717671631,-0.63246155
20241108_141448_962752874,-0.4920964
20241108_141449_211515904,-0.4165046
20241108_141449_461157698,-0.46833897
20241108_141449_707052735,-0.44072276
20241108_141449_963619145,-0.08371844
20241108_141450_209201294,-0.12687719
20241108_141450_471478660,-0.5168858
20241108_141450_719195401,-0.08348834
20241108_141450_963465594,0.0062781963
20241108_141451_210199622,0.73060596
20241108_141451_461609002,0.041387178
20241108_141451_707792505,0.08060787
20241108_141451_963245198,0.16850977
20241108_141452_974123370,-0.058812283
20241108_141453_216568540,-0.04050561
20241108_141453_460682064,-0.06260302
20241108_141453_709907855,0.28665188
20241108_141453_960929142,0.5068854
20241108_141454_208608813,0.1994512
20241108_141454_460509573,-0.27560428
20241108_141454_711054154,-0.620866
20241108_141454_960473673,-0.78021306
20241108_141455_459902017,-0.48178175
20241108_141455_704115872,-0.40967524
20241108_141455_957055506,-0.43768445
20241108_141456_456637405,-0.42802718
20241108_141456_703758033,-0.34820935
20241108_141456_957403467,-0.47327045
20241108_141457_211317318,-0.41303605
20241108_141457_461456619,-0.3790338
20241108_141457_709860970,-0.85028476
20241108_141457_960460253,-0.6393063
20241108_141458_212263546,-0.7486856
20241108_141458_958182958,-0.5428355
20241108_141459_205850624,0.08416072
20241108_141459_465179294,-0.053373598
20241108_141459_731181546,-0.10894158
20241108_141500_006845156,0.116770186
20241108_141500_252894738,0.15748899
20241108_141500_506389873,0.2066801
20241108_141500_740032700,-0.91779315
20241108_141500_987793579,-1.2063712
20241108_141501_233005381,-0.866593
20241108_141501_476178624,-0.37469935
20241108_141501_728513163,-0.31404692
20241108_141501_981222755,-0.666341
20241108_141502_229088731,-0.4801207
20241108_141502_479831226,-0.33362955
20241108_141502_715003973,-0.3025646
20241108_141502_975659031,-0.3830733
20241108_141503_221122056,-0.54266226
20241108_141503_472386995,-0.5064851
20241108_141503_718242113,-0.40453905
20241108_141503_966552966,-0.41431004
20241108_141504_207831550,-0.43137065
20241108_141504_462180764,-0.46046776
20241108_141504_707091951,-0.4064121
20241108_141504_959853429,-0.32420415
20241108_141505_213590146,-0.33130035
20241108_141505_467214552,-0.40573668
20241108_141505_726943778,-0.37655473
20241108_141505_982041779,-0.33733562
20241108_141506_227570918,-0.36413726
20241108_141506_476259904,-0.34250116
20241108_141506_715449051,-0.29159015
20241108_141506_971185148,-0.3068479
20241108_141507_223827215,-0.2787328
20241108_141507_480647212,-0.26314512
20241108_141507_724485861,-0.22770955
20241108_141507_968772794,-0.22982256
20241108_141508_223782234,-0.15740795
20241108_141508_473557877,-0.020409597
20241108_141508_725157078,-0.053262435
20241108_141508_984230003,-0.06466427
20241108_141509_236666992,-0.05949547
20241108_141509_483320295,0.19148351
20241108_141509_724871969,-0.16355525
20241108_141509_975806211,1.4138926
20241108_141510_215812368,-0.8285392
20241108_141510_462429948,-0.4280826
20241108_141510_706864275,-0.4683678
20241108_141510_959472170,-0.36505994
20241108_141511_222495473,-0.552473
20241108_141511_479826300,-0.44709268
20241108_141511_729256892,-0.41416526
20241108_141511_970304698,-0.401081
20241108_141512_211665052,-0.29584792
20241108_141512_461561259,-0.32854703
20241108_141512_964272214,-0.33277115
20241108_141513_222035233,-0.42029196
20241108_141513_465764557,-0.26782802
20241108_141513_715049626,-0.19362448
20241108_141513_964164944,-0.07199361
20241108_141514_213400711,-0.016742878
20241108_141514_465037480,-0.09897908
20241108_141514_712026011,-0.03065773
20241108_141514_960330685,-0.04066851
20241108_141515_210840301,-0.056344174
20241108_141515_459545717,0.54174864
20241108_141515_707833795,0.3386334
20241108_141515_955956798,-0.0046869013
20241108_141516_210535051,0.18370865
20241108_141516_465333216,0.9777846
20241108_141516_706754761,0.61741585
20241108_141516_960497542,0.4477806
20241108_141517_211619191,0.36038485
20241108_141517_461622179,-0.10362885
20241108_141517_710259725,0.0023517925
20241108_141517_958548307,-0.08006873
20241108_141518_205047791,-0.8055837
20241108_141518_455921941,-0.9132723
20241108_141518_706190934,-0.668464
20241108_141518_956576251,-0.65395105
20241108_141519_462577702,-0.64289945
20241108_141519_705412511,-0.59541047
20241108_141519_963608945,-0.21590406
20241108_141520_213839334,0.33101043
20241108_141520_465495804,0.17905226
20241108_141520_715974971,0.23857753
20241108_141520_961014196,0.2142677
20241108_141521_212944561,0.556606
20241108_141521_465258252,0.23425834
20241108_141521_706540608,2.2451308
20241108_141521_956589193,-0.31503335
20241108_141522_205309076,-0.4417361
20241108_141522_458453005,-0.25729266
20241108_141522_707003793,-0.19179417
20241108_141523_705589135,-0.21297462
20241108_141523_958364832,-0.14031859
20241108_141524_204973794,-0.23251142
20241108_141524_706786292,-0.34059745
20241108_141524_966216873,-0.7583916
20241108_141525_216011429,-0.58570796
20241108_141525_462008300,-1.3571954
20241108_141525_710341202,-1.868049
20241108_141525_964528015,-2.6180003
20241108_141526_210339216,-0.73763883
20241108_141526_459333818,-0.9108657
20241108_141526_706522515,0.3838556
20241108_141526_958151846,0.85605854
20241108_141527_207525966,0.84247464
20241108_141527_457651558,0.59786636
20241108_141527_702729015,0.44386852
20241108_141527_954284830,0.5494762
20241108_141528_452774875,0.549149
20241108_141528_957104096,0.66309714
20241108_141529_205560836,0.5694722
20241108_141529_465127766,0.72718465
20241108_141529_718304847,0.5882642
20241108_141529_966265888,0.40640032
20241108_141530_214643995,0.54865575
20241108_141530_460609866,0.36399305
20241108_141530_708734953,0.31283763
20241108_141530_956832607,0.5320488
20241108_141531_206312491,0.08420063
20241108_141531_457204886,0.21855415
20241108_141531_703451250,0.36776873
20241108_141532_207314708,0.25144374
20241108_141532_458679219,-0.07879119
20241108_141532_712267868,0.81634086
20241108_141532_959728030,0.5729235
20241108_141533_204271361,0.42910886
20241108_141533_703882945,-0.3909955
20241108_141533_956714120,-0.0566653
20241108_141534_206662890,-0.6684639
20241108_141534_457695514,-0.072001144
20241108_141534_706566752,-0.04410585
20241108_141534_966607898,-0.15365095
20241108_141535_208501135,-0.119644545
20241108_141535_456816300,-0.0749202
20241108_141535_705085626,-0.22050582
20241108_141535_955590077,-0.19814412
20241108_141536_207933192,-0.19296665
20241108_141536_458801834,-0.1848721
20241108_141536_708157361,-0.72689885
20241108_141536_963448366,-0.61415654
20241108_141537_215783581,-0.49737206
20241108_141537_461892508,-0.18672521
20241108_141537_707513983,0.1634252
20241108_141537_959169902,0.14394093
20241108_141538_457975593,0.055519857
20241108_141538_954494252,0.061019637
20241108_141539_203209230,0.09351406
20241108_141539_956272761,0.07240281
20241108_141540_202393958,0.27860308
20241108_141540_456400321,0.18853317
20241108_141540_958043271,0.13865797
20241108_141541_209041761,-0.15211286
20241108_141541_458595447,-0.4232285
20241108_141541_706787375,-0.3139601
20241108_141541_958819676,-0.23419918
20241108_141542_206354867,-0.2184365
20241108_141542_955613965,-0.2035128
20241108_141543_207970179,-0.20734777
20241108_141543_709397168,-0.18611749
20241108_141544_456842005,-0.24574302
20241108_141544_706083778,-0.33305362
20241108_141544_957549421,-0.22674839
20241108_141545_202473631,-0.18993263
20241108_141545_455029908,-0.18440928
20241108_141545_702388967,-0.21069805
20241108_141545_955463905,-0.1791174
20241108_141546_455552876,-0.19340993
20241108_141546_702049062,-0.41642413
20241108_141546_952226606,-0.22199057
20241108_141547_459190009,-0.18196924
20241108_141547_706917608,0.036884874
20241108_141547_954778257,0.5507242
20241108_141548_205467376,0.20482425
20241108_141548_703521917,0.14547156
20241108_141548_954971418,0.15714402
20241108_141549_203025347,-0.22394979
20241108_141549_456019134,-0.33633894
20241108_141549_702825122,-0.50533503
20241108_141549_953679226,-0.5019528
20241108_141550_200355933,-0.46406183
20241108_141550_707288040,-0.4725956
20241108_141550_955595548,-0.3512453
20241108_141551_205563199,-0.33185443
20241108_141551_959817402,-0.4598171
20241108_141552_207300418,-0.7862041
20241108_141552_461474428,-1.2991774
20241108_141552_704697548,0.46298215
20241108_141552_954514694,0.7685083
20241108_141553_203390874,0.6597538
20241108_141553_453246133,0.6265323
20241108_141553_706228089,0.62917924
20241108_141553_957289701,0.76003784
20241108_141554_202839818,0.6389468
20241108_141554_452966199,0.81240076
20241108_141554_701320426,-0.54924285
20241108_141554_958660072,-0.13959727
20241108_141555_208680370,-0.7442863
20241108_141555_460252076,-0.2787278
20241108_141555_709628851,-0.13262151
20241108_141555_965889047,-0.2573761
20241108_141556_213291968,-0.5494545
20241108_141556_457678393,-0.51653886
20241108_141557_459807031,-0.45150155
20241108_141557_712243977,-0.23251508
20241108_141557_960323457,-0.2006265
20241108_141558_962214594,-0.13636602
20241108_141559_464221252,-0.86712676
20241108_141559_706993567,0.1966471
20241108_141559_962860011,-0.08574667
20241108_141600_214209066,0.08169291
20241108_141600_467323349,-0.039141618
20241108_141600_713123657,0.1621099
20241108_141600_972791806,0.0673087
20241108_141601_249993649,-0.07328638
20241108_141601_483485635,0.009533623
20241108_141601_718241876,-0.029315015
20241108_141601_966284416,-0.03693577
20241108_141602_219279410,-0.022415182
20241108_141602_466160541,-0.32264096
20241108_141602_713339838,-0.25894877
20241108_141603_215134135,-0.17042385
20241108_141603_469194200,-0.25820804
20241108_141604_473926159,-1.4678465
20241108_141604_709652035,0.24754436
20241108_141604_962196270,-0.10000136
20241108_141605_215413957,-0.23590298
20241108_141605_468704150,-0.60261303
20241108_141605_702638935,-0.1365927
20241108_141605_954774212,-0.16194762
20241108_141606_462271817,-0.13339312
20241108_141606_714918148,-0.14722581
20241108_141606_961448119,-0.115316056
20241108_141607_212121000,-0.11978223
20241108_141607_461807214,0.041875735
20241108_141607_717633226,0.23246138
20241108_141607_959295465,0.15387224
20241108_141608_213042937,0.14855282
20241108_141609_206568295,0.18630104
20241108_141609_460246352,0.54351676
20241108_141609_711607154,0.08853499
20241108_141609_959290639,0.008086184
20241108_141610_207088522,0.12243263
20241108_141610_467610151,0.26254663
20241108_141610_711312647,0.21182583
20241108_141610_961782145,0.181513
20241108_141611_211953575,0.08453838
20241108_141612_707503217,0.1079698
20241108_141613_706307709,-0.2632483
20241108_141613_957117516,-1.0774536
20241108_141614_207435606,0.08149735
20241108_141614_460830576,0.076990046
20241108_141614_704738492,0.27038077
20241108_141614_956644066,0.24395855
20241108_141615_203252112,0.7241644
20241108_141615_456545983,0.496474
20241108_141615_711704048,0.5622386
20241108_141615_960325919,0.3493387
20241108_141616_458656355,0.36788037
20241108_141616_703317739,0.35442656
20241108_141617_204460192,0.35266256
20241108_141617_456102797,0.31705195
20241108_141617_952121910,0.32507083
20241108_141618_202743701,0.31531176
20241108_141619_453389373,0.03034369
20241108_141619_704567548,-0.23490922
20241108_141619_953217869,-0.25598624
20241108_141620_203357662,-0.1040157
20241108_141620_452965503,-0.4654927
20241108_141620_708687352,-1.4204748
20241108_141620_956193765,0.6582249
20241108_141621_206350005,0.73656565
20241108_141621_457069434,0.6153453
20241108_141621_702084855,0.7851495
20241108_141621_953720617,1.3522601
20241108_141622_201721294,1.2829316
20241108_141622_453424327,-0.58446795
20241108_141622_703809886,-0.35320848
20241108_141622_954021538,-0.0013822671
20241108_141623_206534663,0.2773247
20241108_141623_457825222,-0.049471684
20241108_141623_703572294,0.20575829
20241108_141623_954611270,0.058312215
20241108_141624_204118046,0.0760831
20241108_141624_455183593,0.042156436
20241108_141625_454858913,0.13462852
20241108_141625_703129417,0.26323658
20241108_141625_960348253,0.31200355
20241108_141626_210479432,0.21059929
20241108_141626_454756399,0.17238854
20241108_141626_702962864,0.16710727
20241108_141627_709850277,0.16128431
20241108_141628_210939259,0.15761851
20241108_141628_461750004,0.24513958
20241108_141628_709436652,0.19865488
20241108_141628_964110884,0.18255989
20241108_141629_210073350,0.46684155
20241108_141629_457342914,0.6168579
20241108_141629_705436140,0.4421273
20241108_141631_206443588,1.0968004
20241108_141631_486974722,0.8332942
20241108_141631_732880860,1.1693578
20241108_141631_976229166,1.0937451
20241108_141632_219368919,0.25501686
20241108_141632_466680624,0.3523679
20241108_141632_713167290,-0.23996483
20241108_141632_963288322,0.24273814
20241108_141633_210335222,0.055326276
20241108_141633_463785562,-0.10867455
20241108_141633_708830963,-0.116492115
20241108_141633_957072258,-0.22704275
20241108_141634_458792519,-0.1946039
20241108_141634_952810732,-0.19333445
20241108_141636_209548352,-0.09604838
20241108_141636_455370774,-0.081145726
20241108_141636_709209935,0.017390644
20241108_141636_956389671,-0.07553967
20241108_141637_204886376,-0.09833982
20241108_141637_707051760,-0.09152671
20241108_141637_958506578,-0.050447308
20241108_141638_961313171,-0.07756742
20241108_141639_210134402,-0.06420412
20241108_141639_461302853,-0.13348944
20241108_141639_704546042,-0.14445896
20241108_141639_957729488,-0.1679482
20241108_141640_200454647,-0.12300118
20241108_141640_455214113,-0.14591815
20241108_141640_709067061,-0.10925879
20241108_141640_959481426,-0.1073999
20241108_141641_206106148,-0.08669122
20241108_141641_472600789,-0.100140415
20241108_141641_718695239,-0.9545997
20241108_141641_965954308,-0.021248361
20241108_141642_222131777,0.35394835
20241108_141642_466321913,0.6353055
20241108_141642_714793145,1.3503295
20241108_141642_959210919,-0.5927772
20241108_141643_204498443,-0.21482879
20241108_141643_457147778,-0.052223764
20241108_141643_703402563,-0.1477141
20241108_141643_955436419,-0.19088964
20241108_141644_206221216,-0.2088886
20241108_141644_458277152,-0.26316276
20241108_141644_712424490,0.35163343
20241108_141644_968815712,0.36226103
20241108_141645_209838344,0.21049504
20241108_141645_460711034,0.12194047
20241108_141645_710441806,0.047484376
20241108_141646_208112506,0.045970477
20241108_141646_707487306,0.07499228
20241108_141648_452382445,-0.07838466
20241108_141648_700415172,-0.024681171
20241108_141648_953830310,0.010542849
20241108_141649_205661748,0.08155943
20241108_141650_465417144,-0.102335356
20241108_141650_706195581,-0.06151613
20241108_141650_956624542,-0.015035471
20241108_141651_207758122,0.26100266
20241108_141651_709304134,0.44949254
20241108_141652_204151626,0.5118066
20241108_141652_712203854,1.07999
20241108_141653_205509867,0.34861022
20241108_141653_455844611,0.30115777
20241108_141653_701940611,0.19643171
20241108_141653_951672441,-0.32813007
20241108_141654_203152462,-0.44500703
20241108_141654_454473022,-0.103908114
20241108_141654_704240662,-0.20231165
20241108_141654_951935719,-0.20703514
20241108_141655_201847902,-0.29901844
20241108_141655_454994561,-0.27965045
20241108_141655_704140217,-0.25492078
20241108_141656_202728453,-0.23290326
20241108_141656_454979404,0.23549987
20241108_141656_704103097,0.11868002
20241108_141656_954041598,0.04250089
20241108_141657_204969728,0.079527594
20241108_141657_456475175,0.03983418
20241108_141657_705045570,0.053865828
20241108_141657_956495097,0.18519124
20241108_141658_206850279,0.2693263
20241108_141658_457951056,0.22718082
20241108_141658_700859237,0.08680604
20241108_141658_953215189,0.10423837
20241108_141659_203464855,-0.036801837
20241108_141659_456016996,-0.019638142
20241108_141659_702947812,0.022519449
20241108_141659_952935001,-0.073081575
20241108_141700_704852902,-0.02462264
20241108_141700_955509550,-0.08167102
20241108_141701_207165855,-0.1413642
20241108_141701_462057312,-0.07923224
20241108_141701_708521528,-0.16497903
20241108_141701_957598274,-0.337449
20241108_141702_209269668,-0.10653304
20241108_141702_462134499,-0.39423725
20241108_141702_711848847,-0.6618029
20241108_141702_960269340,-0.31672356
20241108_141703_212140222,-0.19459517
20241108_141703_461287067,-0.26545453
20241108_141703_707645257,-0.28742415
20241108_141703_959106710,-0.23727758
20241108_141704_212152298,-0.29531172
20241108_141704_473899732,-0.1324964
20241108_141704_718450897,-0.28094923
20241108_141704_967529728,0.106868364
20241108_141705_219065924,0.37653354
20241108_141705_475499630,0.5130426
20241108_141705_716058937,0.24656402
20241108_141705_964670313,0.32636705
20241108_141706_211468325,0.15641294
20241108_141706_463802598,0.3410178
20241108_141706_708855320,0.41807625
20241108_141706_960496188,0.34283438
20241108_141707_206811179,0.22972743
20241108_141708_223154112,0.20402737
20241108_141708_477718302,0.24608038
20241108_141708_721547924,0.24306704
20241108_141708_965419260,0.24542542
20241108_141709_215818533,0.31261364
20241108_141709_460517327,0.78752154
20241108_141709_709331441,0.7604354
20241108_141709_958798966,1.0221524
20241108_141710_207282476,-0.57689106
20241108_141710_467345917,0.09591856
20241108_141710_712308780,-0.046743676
20241108_141710_960838267,-0.17608877
20241108_141711_208069071,-0.15210952
20241108_141711_470847258,-0.24257992
20241108_141711_729322500,-0.05665507
20241108_141711_982533574,-0.10039344
20241108_141712_219407103,-0.120627664
20241108_141712_475008406,-0.14935373
20241108_141712_727469391,-0.10379102
20241108_141712_977177646,-0.18594186
20241108_141713_222476840,-0.1538492
20241108_141713_964668904,-0.19392048
20241108_141714_710261770,-0.1658882
20241108_141715_213834244,-0.17762072
20241108_141715_714010773,-0.19068448
20241108_141715_960236676,-0.14465235
20241108_141716_209028738,-0.13830759
20241108_141716_461189261,-0.14924853
20241108_141716_960971934,0.25820586
20241108_141717_218419015,0.42856842
20241108_141717_479174547,0.3392659
20241108_141717_737132963,-0.14784569
20241108_141717_986757551,0.074649565
20241108_141718_231017233,0.012479523
20241108_141718_472858859,0.2041778
20241108_141718_718693931,0.103114404
20241108_141718_963821956,0.06034366
20241108_141720_706258540,-0.06049349
20241108_141720_958027891,-0.14668746
20241108_141721_455556160,-0.13640495
20241108_141721_707182922,-0.08627572
20241108_141721_956542420,-0.09400793
20241108_141722_456827649,-0.3394927
20241108_141722_710071551,-0.1829506
20241108_141722_963549184,-0.11559024
20241108_141723_708556624,-0.095617495
20241108_141723_954597949,-0.067290746
20241108_141724_208403204,-0.0508677
20241108_141724_462575941,-0.023520013
20241108_141724_709739410,-0.007600507
20241108_141724_960041275,-0.050331138
20241108_141725_203190174,-0.059943996
20241108_141726_464981558,-0.058601998
20241108_141726_707900139,-0.059614383
20241108_141728_210748043,-0.051337026
20241108_141728_465675589,0.028934935
20241108_141728_717575163,0.093928404
20241108_141728_972437186,0.026182571
20241108_141729_217893415,0.11642934
20241108_141729_479165057,0.058872856
20241108_141729_969148552,0.018828193
20241108_141730_471072290,0.0018586908
20241108_141730_960001146,-0.012981197
20241108_141731_203946383,-0.1346813
20241108_141731_463399292,-0.19880925
20241108_141731_711948982,-0.07690593
20241108_141731_960221068,-0.092463665
20241108_141732_209087943,-0.077008866
20241108_141733_956949615,-0.036269
20241108_141734_468824755,-0.060428135
20241108_141735_210975145,0.0629817
20241108_141735_460620233,0.02077959
20241108_141735_713202157,0.026706347
20241108_141737_464222381,0.04302392
20241108_141737_966874665,0.0029304717
20241108_141738_214884605,-0.018204203
20241108_141739_712343617,-0.10478111
20241108_141740_958652412,-0.08131697
20241108_141741_965279701,-0.0546531
20241108_141742_207387035,-0.042172186
20241108_141742_461677017,-0.03984361
20241108_141742_714935260,-0.52693194
20241108_141742_962523407,-0.36910874
20241108_141743_216306675,-0.3285699
20241108_141743_458918664,-0.31201175
20241108_141744_712111863,0.124689825
20241108_141745_212873711,0.08601359
20241108_141745_471115392,0.01630331
20241108_141745_727505233,0.04457713
20241108_141745_982001937,0.1281121
20241108_141746_218724194,2.4490018
20241108_141746_468655169,-0.15552162
20241108_141746_713015995,-0.0008867141
20241108_141746_963227140,0.058072686
20241108_141747_206867275,0.07990432
20241108_141747_461475060,0.54738253
20241108_141747_715014740,0.23256858
20241108_141747_977415033,1.570275
20241108_141748_224426082,1.4506418
20241108_141748_468908020,0.4152073
20241108_141748_716377646,-0.07244516
20241108_141748_970675158,-0.44138268
20241108_141749_226152112,-0.22169252
20241108_141749_482059523,0.15879513
20241108_141749_715927718,0.042778112
20241108_141749_971998149,-0.13561256
20241108_141750_211464324,-0.038727008
20241108_141750_473877982,-1.7117835
20241108_141750_721023025,-0.32395217
20241108_141750_976250167,-1.1330913
20241108_141751_224291486,-0.7548998
20241108_141751_473880887,-0.03520789
20241108_141751_717763429,-0.043802284
20241108_141751_972578822,1.0498788
20241108_141752_225627793,0.00020299293
20241108_141752_470829162,0.0018848572
20241108_141752_712709478,-0.0039671864
20241108_141752_964715122,0.12448285
20241108_141753_211745262,-0.6289366
20241108_141753_470219486,-0.7101609
20241108_141753_710781033,-0.61164767
20241108_141753_961854245,-0.4356173
20241108_141754_209545484,-0.60678023
20241108_141754_460483381,-0.5881861
20241108_141754_962498384,0.9424352
20241108_141755_213909348,0.6985669
20241108_141755_456608722,0.10077534
20241108_141755_708571464,0.9427291
20241108_141755_957644172,0.61350113
20241108_141756_208188029,0.38513097
20241108_141756_457241777,0.29997954
20241108_141756_711688208,0.6918691
20241108_141756_960122376,-0.63006324
20241108_141757_214541966,-0.75895554
20241108_141757_461420552,-0.9331856
20241108_141757_707577079,-0.17942496
20241108_141757_959252729,-0.09474256
20241108_141758_209294366,-0.04104366
20241108_141758_455041946,-0.036874138
20241108_141758_708815264,0.09943322
20241108_141758_962422178,0.53094834
20241108_141759_215059223,-0.061139964
20241108_141759_467083082,0.20763408
20241108_141759_714341289,0.19545661
20241108_141759_967441280,-0.13573374
20241108_141800_213711252,-0.07493385
20241108_141800_464272856,-0.0498909
20241108_141800_711695137,-0.026565572
20241108_141800_964059968,0.117293395
20241108_141801_211309009,-0.017342946
20241108_141801_465355331,-0.09941118
20241108_141801_721784265,-0.055625997
20241108_141801_985712511,-0.16229399
20241108_141802_238859356,-0.24682717
20241108_141802_475669759,-0.29653051
20241108_141802_717389885,0.0368307
20241108_141802_972556245,0.4935902
20241108_141803_220650569,0.21900392
20241108_141803_479992636,0.5621238
20241108_141803_731007910,0.3071809
20241108_141803_977829883,0.30813628
20241108_141804_223821515,0.20206644
20241108_141804_479531633,0.14128087
20241108_141804_981271140,0.15619384
20241108_141805_222689056,0.12856136
20241108_141805_476517229,0.1488776
20241108_141805_721379953,0.34100038
20241108_141805_963077781,0.2157117
20241108_141806_214240425,0.16081236
20241108_141806_464414820,0.21669061
20241108_141806_718045116,0.24248202
20241108_141806_968415542,0.20697723
20241108_141807_211130655,-0.49459308
20241108_141807_465678051,0.16292302
20241108_141807_711835537,0.24377991
20241108_141807_966536348,0.28301686
20241108_141808_208499603,0.13572848
20241108_141808_460499317,-0.002946755
20241108_141808_712548117,0.049345292
20241108_141808_962259977,0.06761459
20241108_141809_220942822,0.038825966
20241108_141809_468424268,0.053731658
20241108_141809_712187298,-0.0060939398
20241108_141809_964377151,0.025392333
20241108_141810_711072585,0.4162458
20241108_141810_964906920,1.0299158
20241108_141811_212907030,-0.3697087
20241108_141811_468462502,-0.057724424
20241108_141811_716435519,-0.10432734
20241108_141811_963377742,-0.13559397
20241108_141812_207652546,0.01701065
20241108_141812_454691186,-0.046928726
20241108_141812_960637284,-0.085679136
20241108_141813_218330231,-0.61609787
20241108_141813_458333441,-1.2133805
20241108_141813_708178105,-0.5823531
20241108_141814_205546486,-0.71674716
20241108_141814_457791200,-1.0658324
20241108_141814_704604011,-0.67048293
20241108_141814_954662795,-0.20476066
20241108_141815_202423804,-0.1554539
20241108_141815_460408483,0.9004263
20241108_141815_707539018,0.25313985
20241108_141815_959011699,0.16839877
20241108_141816_469811790,0.28988186
20241108_141816_966732518,0.34813383
20241108_141817_206218773,0.14833523
20241108_141817_458273492,0.14969818
20241108_141817_706940037,0.14967524
20241108_141818_211210321,0.1510229
20241108_141818_712360915,0.12392522
20241108_141819_208070000,0.11813585
20241108_141819_460167952,0.11004532
20241108_141819_963256302,0.074976064
20241108_141820_206173527,0.056356706
20241108_141820_457868982,0.0374488
20241108_141820_708169109,0.4225404
20241108_141820_967916589,0.07484404
20241108_141821_469333968,-0.016500553
20241108_141821_716705154,-0.17288367
20241108_141821_963818069,-0.0790753
20241108_141822_208465196,-0.05948802
20241108_141822_465078555,-0.017859718
20241108_141822_717033526,0.14501083
20241108_141822_963259374,0.23330103
20241108_141823_204876904,0.16383241
20241108_141823_457926903,0.14657088
20241108_141823_706014009,0.13807411
20241108_141823_959711034,0.13093923
20241108_141824_461285128,0.13393702
20241108_141824_959756162,0.12896149
20241108_141825_211938427,0.10540018
20241108_141825_459002523,0.06427903
20241108_141825_710808583,0.13545741
20241108_141825_958277385,0.34159267
20241108_141826_206147934,0.327988
20241108_141826_459295894,0.23133652
20241108_141827_208541279,0.1798533
20241108_141827_457729191,0.5845497
20241108_141827_705753096,0.3177295
20241108_141827_958394533,0.20329885
20241108_141828_209876565,0.18798019
20241108_141828_455719681,0.47632822
20241108_141828_701648489,0.50749546
20241108_141828_958898830,0.35120493
20241108_141829_702703917,0.33696595
20241108_141829_954038675,0.34207776
20241108_141830_209255705,0.4566299
20241108_141830_466064679,0.35724714
20241108_141830_713421768,0.27300876
20241108_141830_963548184,0.37422323
20241108_141831_210541304,0.058719166
20241108_141831_459956368,-0.06573614
20241108_141831_708465599,-0.2679927
20241108_141831_961490382,-0.5530674
20241108_141832_219562251,-0.029533228
20241108_141832_481936890,0.272746
20241108_141832_727848151,0.36736098
20241108_141832_972840467,0.21963458
20241108_141833_218993907,0.22627984
20241108_141833_474950602,0.26987234
20241108_141833_724544169,0.24813779
20241108_141834_212049704,0.28900748
20241108_141834_458001427,0.2604574
20241108_141834_707168718,0.23355477
20241108_141834_955683444,0.23759733
20241108_141835_205828859,0.4214737
20241108_141835_455071971,0.29958162
20241108_141835_701185535,0.5019459
20241108_141835_958760122,0.49211243
20241108_141836_206068148,0.36499253
20241108_141836_710924217,0.35133925
20241108_141836_959969451,0.1073891
20241108_141837_202996324,0.059274234
20241108_141837_710137418,0.031722702
20241108_141837_956691767,0.04037545
20241108_141838_453477758,0.056752957
20241108_141838_704639244,-0.2659771
20241108_141838_952639456,-0.2698238
20241108_141839_212207177,-0.13903256
20241108_141839_467581632,-0.11757483
20241108_141839_724266821,-0.14247979
20241108_141840_205360069,-0.059473418
20241108_141840_462896422,0.21755409
20241108_141840_957146356,0.072124876
20241108_141841_204596751,-0.14142199
20241108_141841_459692273,-0.009468934
20241108_141841_701547007,-0.03874763
20241108_141841_951326682,-0.0409384
20241108_141842_206413866,-0.028913816
20241108_141842_451694976,-0.15276141
20241108_141842_703725171,-0.15105744
20241108_141842_961428259,-0.5026799
20241108_141843_212320406,-0.39953938
20241108_141843_454584299,0.06631399
20241108_141843_711606423,0.506924
20241108_141843_959645196,0.23391451
20241108_141844_218537636,0.15066941
20241108_141844_455916269,0.19384009
20241108_141844_703921174,0.18178616
20241108_141844_953631041,0.17845877
20241108_141845_705111444,0.22238134
20241108_141845_955604561,0.1567689
20241108_141846_204715938,0.16916744
20241108_141846_455062313,0.17393611
20241108_141846_955489361,0.17461897
20241108_141847_208811258,0.17511223
20241108_141847_462503777,0.096271165
20241108_141847_707767451,-0.20185493
20241108_141847_961575947,0.050363846
20241108_141848_212512263,0.027949909
20241108_141848_707876083,-0.34448642
20241108_141848_963436434,-0.29062632
20241108_141849_213424732,-0.26117805
20241108_141849_718777791,-0.13720478
20241108_141850_222118461,0.060127243
20241108_141850_475447265,0.09663926
20241108_141850_722092190,0.24228235
20241108_141850_969922005,-0.11319765
20241108_141851_227188323,-0.2400416
20241108_141851_482350756,-0.7743442
20241108_141851_733796172,-0.13355364
20241108_141851_982288218,-0.13563617
20241108_141852_224201935,0.11595713
20241108_141852_477809346,0.054341592
20241108_141852_717392138,-0.2512772
20241108_141852_965520689,-0.22153376
20241108_141853_209557338,-0.29027689
20241108_141853_461466135,-0.14532317
20241108_141853_712744602,-0.14691515
20241108_141853_971185547,-0.18376423
20241108_141854_473271897,-0.16838904
20241108_141854_965117365,0.027185207
20241108_141855_215958486,0.055571355
20241108_141855_467347478,-0.04617419
20241108_141855_709662470,-0.05699017
20241108_141857_208415068,-0.05966475
20241108_141857_461527037,0.26650316
20241108_141857_706174971,1.0022205
20241108_141857_958652248,1.234217
20241108_141858_206834654,0.46203178
20241108_141858_461074238,0.32727128
20241108_141858_964111806,0.33137366
20241108_141859_205389053,0.22833325
20241108_141859_455356393,0.07924507
20241108_141859_703049851,0.17198668
20241108_141859_953229210,0.16167046
20241108_141900_208323569,0.19366656
20241108_141900_467462286,1.2552679
20241108_141900_707621041,1.1961536
20241108_141900_957809642,-0.771669
20241108_141901_214854962,-0.7596639
20241108_141901_460063092,-0.27719152
20241108_141901_710053526,-0.16402724
20241108_141901_973447719,-0.08545508
20241108_141902_233160472,-0.24098007
20241108_141902_486583059,-0.7040779
20241108_141902_732716290,-0.08902716
20241108_141902_985571783,0.40049955
20241108_141903_235187626,1.2061148
20241108_141903_492613737,0.5688693
20241108_141903_727831578,0.23051368
20241108_141903_979132598,-0.11835521
20241108_141904_223594941,0.23435391
20241108_141904_467084951,0.32226574
20241108_141904_723858033,0.7118542
20241108_141904_968127378,0.43878493
20241108_141905_213057220,0.23463424
20241108_141905_468928054,0.020504931
20241108_141905_714388479,-0.07076707
20241108_141905_966297621,0.07532985
20241108_141906_215430827,-0.25911263
20241108_141906_475545776,-0.13858296
20241108_141906_718467780,-0.09209459
20241108_141906_971073678,-0.012313863
20241108_141907_212522154,-0.11340328
20241108_141907_457685737,-0.12991501
20241108_141907_965092734,-0.0846053
20241108_141908_209579669,-0.05588629
20241108_141908_459171236,0.3920248
20241108_141908_708117640,0.7629464
20241108_141908_964246521,0.49137738
20241108_141909_221622319,0.2921398
20241108_141909_467918681,0.19480927
20241108_141910_704584761,0.1893778
20241108_141911_452963851,0.2075304
20241108_141911_701092861,0.25651094
20241108_141912_209433165,0.24197404
20241108_141912_454392389,0.22787474
20241108_141913_955501402,0.18878476
20241108_141914_207138405,0.41587684
20241108_141914_460704778,0.19901805
20241108_141914_705007858,0.21443228
20241108_141915_203949844,0.4753199
20241108_141915_453178511,0.65593845
20241108_141915_703870118,0.5170623
20241108_141915_952413666,0.1332695
20241108_141917_951863041,0.17710494
20241108_141920_209193827,-0.25418824
20241108_141920_463396243,-0.27288476
20241108_141920_708820269,-0.15199764
20241108_141920_960514348,-0.08163097
20241108_141921_205783452,-0.13950278
20241108_141921_457372227,-0.12364205
20241108_141921_707477923,-0.14465861
20241108_141921_950919421,0.1614093
20241108_141922_202588293,0.031774916
20241108_141922_453207495,0.020649055
20241108_141922_702037745,0.012128631
20241108_141922_952444113,-0.062475704
20241108_141923_205281198,-0.017231723
20241108_141923_457896540,-0.007709047
20241108_141923_702605532,0.11409455
20241108_141923_954816917,0.070593156
20241108_141924_456347626,-0.0887117
20241108_141924_704803633,-0.049301945
20241108_141924_959308430,-0.022554299
20241108_141925_211083580,0.18904085
20241108_141925_464545171,0.612993
20241108_141925_710233545,0.2848208
20241108_141925_960939720,0.2589429
20241108_141926_212595861,0.42042616
20241108_141926_459353218,0.371898
20241108_141926_707528316,0.29259536
20241108_141927_462686966,0.7272372
20241108_141927_717127288,0.56491846
20241108_141927_959937237,0.7868253
20241108_141928_209732683,0.3575466
20241108_141928_459913699,0.3727377
20241108_141928_704209244,0.13524844
20241108_141928_958394301,0.75621414
20241108_141929_213247426,0.45335028
20241108_141929_460516432,0.57769585
20241108_141929_703093552,0.6933035
20241108_141929_959865886,0.7091642
20241108_141930_217252881,0.7463651
20241108_141930_475417421,1.3727912
20241108_141930_721089048,0.34028205
20241108_141930_971626212,-0.5129555
20241108_141931_215204987,-0.2178526
20241108_141931_466439852,-0.72275126
20241108_141931_707845498,0.76123494
20241108_141931_957524218,0.23960389
20241108_141932_204760118,0.23364405
20241108_141932_458874907,0.09156779
20241108_141932_706030396,0.13717501
20241108_141932_954450858,0.0870103
20241108_141933_204985974,0.10524551
20241108_141933_454895870,0.1327508
20241108_141933_704255024,-0.18115835
20241108_141933_957428877,-0.24678434
20241108_141934_205678126,-0.22881244
20241108_141935_209397470,-0.15400727
20241108_141935_703732246,-0.026693782
20241108_141935_952712679,-0.068356656
20241108_141936_706667429,-0.09205105
20241108_141937_715471861,0.009110669
20241108_141938_459776725,-0.028351387
20241108_141939_210105728,-0.032751106
20241108_141939_454523187,-0.03965064
20241108_141940_205389544,-0.052567206
20241108_141940_458546381,-0.08497288
20241108_141940_707220198,-0.06599375
20241108_141940_956466923,-0.04916873
20241108_141941_957173748,-0.04572674
20241108_141942_203171931,-0.11756935
20241108_141942_453316641,-0.19536565
20241108_141942_954452692,-0.23006512
20241108_141944_208050498,-0.1633931
20241108_141944_458820443,-0.015697977
20241108_141946_702284595,0.119484924
20241108_141946_960495430,0.030372778
20241108_141947_215495522,-0.49708518
20241108_141947_470063727,-0.31756753
20241108_141948_208899009,-0.23412602
20241108_141948_460911062,-0.1869535
20241108_141948_707973163,-0.26154825
20241108_141948_957410471,-0.3740901
20241108_141949_204517131,0.09485023
20241108_141949_456679169,0.013096729
20241108_141950_205527973,0.06387741
20241108_141951_953619447,-0.09507241
20241108_141952_207583465,-0.106099926
20241108_141952_459530919,-0.1625398
20241108_141952_708491178,-0.085214816
20241108_141952_957528399,-0.8255311
20241108_141953_210010350,-0.7534911
20241108_141953_457770252,-0.77023715
20241108_141953_706884168,-0.37167707
20241108_141953_952999635,-0.18613847
20241108_141954_697396454,-0.2525227
20241108_141954_952623339,-0.2997103
20241108_141955_202437804,-0.22526042
20241108_141955_451731912,-0.17435305
20241108_141955_701343154,-0.18669607
20241108_141955_950431369,-0.19013442
20241108_141956_706789055,-0.33526966
20241108_141956_962538730,-0.470621
20241108_141957_208087671,-0.29777825
20241108_141957_460421286,-0.30072954
20241108_141957_704038248,-0.32264388
20241108_141957_952039797,-0.46230364
20241108_141958_200959502,-0.3280499
20241108_141958_453809527,-0.73147005
20241108_141958_703278769,-0.64738977
20241108_141958_955266350,-0.4050752
20241108_141959_206868141,0.61130965
20241108_141959_462989049,-0.05846169
20241108_141959_709558035,-0.03884103
20241108_141959_959420147,-0.119938456
20241108_142000_205829469,0.092141785
20241108_142000_459438129,0.13917093
20241108_142000_705361588,-0.017036637
20241108_142000_956336423,-0.02296277
20241108_142001_206209127,0.0053687487
20241108_142001_461447427,-0.23397906
20241108_142001_710568334,-0.45839518
20241108_142001_958135587,-0.23173691
20241108_142002_208455894,-0.51247287
20241108_142002_458980121,-0.57129365
20241108_142002_713109890,-0.0146703925
20241108_142002_977291258,-0.3490469
20241108_142003_237945076,0.035198905
20241108_142003_480862809,0.21929602
20241108_142003_726713591,0.7712866
20241108_142003_973585723,1.1587627
20241108_142004_224220146,0.38197497
20241108_142004_471267698,0.5459274
20241108_142004_714337090,0.6043898
20241108_142004_973260694,0.4389468
20241108_142005_213990661,0.4733217
20241108_142005_458437658,0.24313895
20241108_142005_706707614,0.8038005
20241108_142005_964164626,0.2938066
20241108_142006_218237884,-0.4514284
20241108_142006_472629157,-0.109185845
20241108_142006_714252001,-0.13593817
20241108_142006_970609098,-0.2445751
20241108_142007_215580805,-0.22375949
20241108_142007_463438981,0.1484184
20241108_142007_723569751,0.3447
20241108_142007_971551180,-0.06897358
20241108_142008_215251954,0.33123687
20241108_142008_463446415,0.1270805
20241108_142008_965525304,0.7300409
20241108_142009_213047565,0.19940442
20241108_142009_453324660,0.17159896
20241108_142009_701349710,1.035875
20241108_142009_950795731,0.2239782
20241108_142010_201348108,-0.1291069
20241108_142010_457589304,0.21813153
20241108_142010_712168262,-0.25175014
20241108_142010_958832572,-0.51975405
20241108_142011_212581460,-0.711553
20241108_142011_473501039,-0.1483031
20241108_142011_717647409,-0.095278524
20241108_142011_967292200,-0.8476526
20241108_142012_210568922,-0.10445645
20241108_142012_466947566,0.6155089
20241108_142012_714696978,0.39179787
20241108_142012_963881629,0.3453394
20241108_142013_210991608,0.44829643
20241108_142013_459845620,0.1618837
20241108_142013_720692460,-0.061620973
20241108_142013_961448138,-0.004898032
20241108_142014_206423045,0.027585307
20241108_142014_451851905,0.14906757
20241108_142014_707947099,-0.0027022567
20241108_142015_218332349,0.023159305
20241108_142015_463249293,0.051091053
20241108_142015_705806211,0.1398267
20241108_142015_964780996,-0.15362205
20241108_142016_706973769,-0.035853766
20241108_142017_456794923,0.009999255
20241108_142017_707625712,-0.05745437
20241108_142017_963395325,-0.056883477
20241108_142018_956982514,0.11942763
20241108_142019_210465209,0.69712394
20241108_142019_459754551,0.41866452
20241108_142019_713802175,0.38697097
20241108_142019_968088485,0.3612882
20241108_142020_218312685,0.35149935
20241108_142020_963458030,0.5046905
20241108_142021_215437890,0.31292573
20241108_142021_463687190,0.75115794
20241108_142021_713516061,0.485958
20241108_142021_960630444,0.39066547
20241108_142022_205594141,0.37893325
20241108_142022_459208060,0.24964492
20241108_142023_210444025,0.42316508
20241108_142023_454860254,0.47875324
20241108_142023_710212687,0.33150414
20241108_142023_971751932,0.3757367
20241108_142024_221347268,0.51273686
20241108_142024_461058744,0.280047
20241108_142024_704694659,0.2874661
20241108_142024_954816295,0.32793424
20241108_142025_457318640,1.2309651
20241108_142025_703921469,0.27164418
20241108_142025_955362801,-0.3472983
20241108_142026_201381769,-0.12506875
20241108_142026_450591116,-0.13207771
20241108_142026_703046431,-0.18032517
20241108_142026_959864722,-0.0938205
20241108_142027_208265909,-0.2945997
20241108_142027_455427475,-0.6679871
20241108_142027_712677314,-0.7497551
20241108_142027_965311890,-1.1149241
20241108_142028_225024374,0.29040703
20241108_142028_463782511,-0.011706492
20241108_142028_712057187,0.2948111
20241108_142028_959344559,0.13544063
20241108_142029_208109254,0.13883422
20241108_142029_467289917,0.35509044
20241108_142029_704366153,1.0427933
20241108_142029_957623325,1.3645031
20241108_142030_204802169,0.37686446
20241108_142030_452597036,-0.29997933
20241108_142030_702764275,-0.13239087
20241108_142030_959137513,-0.32904342
20241108_142031_207779646,-0.27284163
20241108_142031_461050870,-0.320395
20241108_142031_701155811,-0.21620391
20241108_142031_948540941,-0.2053382
20241108_142032_202272798,-0.11769941
20241108_142032_702902374,-0.14867593
20241108_142032_950443217,-0.23331733
20241108_142033_206556576,-0.17399128
20241108_142034_446700691,-0.15489061
20241108_142034_700043819,-0.13869204
20241108_142035_203041443,-0.10713341
20241108_142035_449604617,-0.008552989
20241108_142035_701389783,-0.021064838
20241108_142036_454989282,-0.021136543
20241108_142036_706163339,0.09265492
20241108_142036_960156008,0.11107039
20241108_142037_207231184,0.21906444
20241108_142037_454409617,0.63004106
20241108_142037_702651686,0.39890903
20241108_142037_955403487,0.2840235
20241108_142038_206928598,0.24989192
20241108_142038_452957922,0.20368098
20241108_142038_698831059,0.20525824
20241108_142038_953940269,0.18506481
20241108_142039_206821826,0.16983904
20241108_142039_455277395,0.15840285
20241108_142039_702308715,0.14437412
20241108_142039_951447600,0.13490526
20241108_142040_201412677,-0.09927028
20241108_142040_460343530,-0.09627768
20241108_142040_703956153,0.028541664
20241108_142040_954845699,0.021190265
20241108_142041_208688328,-0.0035319217
20241108_142041_463500047,0.3694438
20241108_142041_709141722,0.1934085
20241108_142041_950407992,0.1862667
20241108_142042_202875026,0.18271895
20241108_142043_202642612,0.17708744
20241108_142043_711597850,0.6194504
20241108_142043_960366476,0.48449185
20241108_142044_206444531,0.36741734
20241108_142044_457238363,1.3160216
20241108_142044_708675730,0.7956377
20241108_142044_966509476,0.86764044
20241108_142045_212573531,0.5514534
20241108_142045_455862779,0.41090304
20241108_142045_706177081,0.44424087
20241108_142045_954004075,0.46555173
20241108_142046_454232316,0.5533443
20241108_142047_449272270,0.44436067
20241108_142047_699017220,-0.057947896
20241108_142047_954331668,-0.013419202
20241108_142048_204483970,-0.008448651
20241108_142048_463004260,-0.34000254
20241108_142048_708689276,-0.21046092
20241108_142048_961346062,-0.15705703
20241108_142049_457817672,-0.0010445807
20241108_142049_706776616,-0.028152576
20241108_142050_203559119,-0.047441415
20241108_142050_462124461,-0.061389856
20241108_142050_711479376,-0.028571388
20241108_142050_954977672,-0.9855944
20241108_142051_208850077,-0.5192933
20241108_142051_462652393,-2.7014918
20241108_142051_712888025,0.020235041
20241108_142051_969814465,0.33367363
20241108_142052_224362750,0.925988
20241108_142052_472135743,-0.5014575
20241108_142052_718127781,-0.17058419
20241108_142052_963581810,0.86295336
20241108_142053_221689070,-0.053570293
20241108_142053_483960189,-0.10830667
20241108_142053_735105797,0.07492945
20241108_142053_973098801,0.06540517
20241108_142054_226665767,0.051420487
20241108_142054_475745282,0.01969097
20241108_142054_726661810,0.033138134
20241108_142054_977720965,-0.19692676
20241108_142055_226312517,1.0322986
20241108_142055_490556450,-0.12442627
20241108_142055_740040650,0.18089597
20241108_142055_980542989,0.49826637
20241108_142056_225499458,0.7833615
20241108_142056_472756248,0.34152696
20241108_142056_723037191,0.2865208
20241108_142057_213984564,0.18473159
20241108_142057_462383485,0.16409509
20241108_142057_707514546,0.017102936
20241108_142057_962001068,0.1697871
20241108_142058_457785474,-0.14256705
20241108_142058_702188462,0.01899586
20241108_142058_958823521,0.17566954
20241108_142059_204706649,0.17343445
20241108_142059_459660615,0.17553674
20241108_142059_709904221,0.009615818
20241108_142059_961008944,0.06347636
20241108_142100_206318989,0.0047105346
20241108_142100_465855684,0.036729015
20241108_142100_711682562,-0.050801538
20241108_142100_975251066,-0.057580017
20241108_142101_231804910,-0.33785632
20241108_142101_473072275,-0.8390192
20241108_142101_716499556,-0.8880184
20241108_142101_962931064,-0.7030105
20241108_142102_207056463,-0.42710117
20241108_142102_457845384,-0.48884305
20241108_142102_705646940,-0.27340546
20241108_142102_954341310,-0.2809698
20241108_142104_202413885,-0.29986754
20241108_142104_454596143,-0.33124688
20241108_142104_957638994,-0.33292773
20241108_142105_452998063,-1.060243
20241108_142105_704980042,-0.5410998
20241108_142105_958703485,-0.80511665
20241108_142106_208616272,-0.40919614
20241108_142106_457575345,-0.6720332
20241108_142106_705085555,-0.5829204
20241108_142106_956601214,-1.5580926
20241108_142107_217456655,0.3730555
20241108_142107_451969013,0.117903925
20241108_142107_702504540,0.21016996
20241108_142107_958038786,0.6734736
20241108_142108_208833067,0.09968016
20241108_142108_467394346,0.17896973
20241108_142108_712477170,0.25182444
20241108_142108_959714933,0.73504245
20241108_142109_211084681,-0.34175628
20241108_142109_465453734,-0.72446805
20241108_142109_708403553,-0.3475975
20241108_142109_958043569,-0.10630555
20241108_142110_202509405,-0.046583258
20241108_142110_459435204,-0.01599859
20241108_142110_713206629,-0.39332014
20241108_142110_964131416,0.9876316
20241108_142111_212130879,0.82116437
20241108_142111_456356626,0.8618722
20241108_142111_707842742,0.85709333
20241108_142112_201783936,0.9219377
20241108_142112_452773937,0.92985207
20241108_142112_952941435,0.89842415
20241108_142113_204018752,0.94311273
20241108_142113_453343213,0.93111414
20241108_142113_705090420,1.1839403
20241108_142114_708453500,-0.53519195
20241108_142114_971377843,-1.0978076
20241108_142115_213169103,0.7596882
20241108_142115_474214754,0.2766244
20241108_142115_715732025,0.33681783
20241108_142115_967184157,0.26512268
20241108_142116_209445864,0.22079878
20241108_142116_456243629,0.22646897
20241108_142116_955549211,0.25011373
20241108_142117_202410415,0.2637922
20241108_142117_451999661,0.25119328
20241108_142117_702739343,0.1529107
20241108_142117_949041000,0.04852537
20241108_142118_200227334,-0.030957898
20241108_142118_451100000,0.060654916
20241108_142118_704942718,0.32091668
20241108_142118_956514727,0.26793894
20241108_142119_205286911,0.1904804
20241108_142119_455879665,0.18113135
20241108_142119_705325000,0.063337244
20241108_142119_964726962,0.09997661
20241108_142120_210848866,-0.11904224
20241108_142120_459813131,-0.77425677
20241108_142120_718012563,-0.1238248
20241108_142120_956578354,-0.26987216
20241108_142121_709666908,-0.10107612
20241108_142121_965015286,-0.09804451
20241108_142122_710694749,-0.020005485
20241108_142122_956583086,0.31582695
20241108_142123_207498632,0.3477209
20241108_142123_457556465,0.6126481
20241108_142124_203310396,0.24512042
20241108_142124_450639162,0.030206302
20241108_142124_700653240,0.073829
20241108_142124_952242475,0.044755705
20241108_142125_199164299,0.085134365
20241108_142125_958013706,0.056616254
20241108_142126_452719861,0.06585146
20241108_142127_456193890,0.08258469
20241108_142127_705179164,0.08477334
20241108_142127_951761156,0.053156264
20241108_142128_203290496,0.06884573
20241108_142128_458837654,0.08433563
20241108_142128_708663472,0.085425295
20241108_142128_962954757,0.109070845
20241108_142129_210978069,0.1015662
20241108_142129_467294796,0.07309354
20241108_142130_205629427,-0.04873898
20241108_142130_709149876,0.6932226
20241108_142130_960667586,1.173822
20241108_142131_208268915,0.21704407
20241108_142131_464715879,0.053547718
20241108_142131_713229883,-0.30574188
20241108_142131_961616270,-0.09255912
20241108_142132_206894787,-0.14796562
20241108_142132_459143880,-0.45591328
20241108_142132_704835561,-0.28220436
20241108_142132_959276885,-0.2946682
20241108_142134_953955635,-0.13602291
20241108_142135_954957826,-0.13873477
20241108_142136_204428828,-0.16164137
20241108_142136_457181442,-0.17021425
20241108_142136_706920337,-0.14969666
20241108_142139_965365588,-0.16442935
20241108_142140_462873748,-0.094054274
20241108_142141_961781322,-0.10149001
20241108_142142_460771406,-0.054598264
20241108_142142_957907734,-0.020534297
20241108_142143_206477018,0.19684076
20241108_142143_454922234,0.56497705
20241108_142143_705965056,0.37802184
20241108_142143_956106532,0.13353078
20241108_142144_203674399,0.28567216
20241108_142144_960105949,0.23423262
20241108_142145_206323349,0.17288338
20241108_142145_454029559,0.24151482
20241108_142145_698028959,0.4321383
20241108_142145_950935848,0.5183663
20241108_142146_199701699,0.8002064
20241108_142146_712199434,0.52251244
20241108_142146_959797859,0.5010852
20241108_142147_202644364,0.8541214
20241108_142147_454213184,0.18828659
20241108_142147_703639719,0.24439524
20241108_142147_960119919,0.37364608
20241108_142148_203418913,0.3687654
20241108_142148_454600161,0.3389804
20241108_142148_704274626,0.34335703
20241108_142148_954056614,0.3274999
20241108_142149_201351693,0.19214262
20241108_142149_452749592,0.1565903
20241108_142149_705500297,-0.09939613
20241108_142149_957274423,-0.4069705
20241108_142150_207176715,-0.109427564
20241108_142150_455263155,-0.07734599
20241108_142151_460057586,-0.06657945
20241108_142151_708689653,-0.082014374
20241108_142151_958959867,-0.07609447
20241108_142152_452647651,-0.07922273
20241108_142152_950004651,-0.08013859
20241108_142153_202172405,0.19802223
20241108_142153_455878538,0.16780747
20241108_142153_952027337,0.1204674
20241108_142154_706462092,0.10180742
20241108_142154_959930248,0.07042355
20241108_142155_951640088,0.4155048
20241108_142156_200648111,0.29671097
20241108_142156_453129490,0.52234364
20241108_142156_701968185,0.40404043
20241108_142156_957342015,1.2070246
20241108_142157_209338277,0.61008567
20241108_142157_459120243,1.1265776
20241108_142157_706326187,0.7133653
20241108_142157_963390220,0.6166007
20241108_142158_207690188,0.499862
20241108_142158_452995089,1.2250708
20241108_142158_702656509,0.6612494
20241108_142158_952172471,0.6585598
20241108_142159_199870241,0.85458624
20241108_142159_449189489,0.39275846
20241108_142159_699906027,0.3147012
20241108_142159_950220015,0.8823749
20241108_142200_200773215,0.6104958
20241108_142200_457421815,0.012817146
20241108_142200_707526651,0.08077195
20241108_142201_204881772,0.86762136
20241108_142201_459001881,0.97833854
20241108_142201_706533772,0.39145318
20241108_142201_957312248,0.776528
20241108_142202_212326459,0.93983716
20241108_142202_456339563,0.03264229
20241108_142202_704492970,0.32680893
20241108_142202_956593666,1.1844264
20241108_142203_210186864,0.5197502
20241108_142203_455595646,0.3955457
20241108_142203_705598454,0.5303993
20241108_142203_951977865,0.34161597
20241108_142204_199882663,0.2601741
20241108_142204_451525034,0.15011705
20241108_142204_703633514,0.23355071
20241108_142204_951744146,0.18048343
20241108_142205_202582764,0.19148655
20241108_142205_453830359,-0.075826846
20241108_142205_700667851,0.07371328
20241108_142205_950443442,0.1828583
20241108_142206_206445339,0.15779434
20241108_142206_704999688,0.09167991
20241108_142207_954710225,0.16762902
20241108_142208_453714014,0.9611242
20241108_142208_702881820,0.5027209
20241108_142208_953380290,0.8249489
20241108_142209_201022606,0.94901305
20241108_142209_453908962,0.66320735
20241108_142209_960357009,0.59290224
20241108_142210_211085254,0.55126554
20241108_142210_462850204,0.30476406
20241108_142210_701073452,0.09706997
20241108_142210_955206038,-0.36734533
20241108_142211_212097260,-0.041156493
20241108_142211_461682938,-0.22604056
20241108_142211_702586022,-0.17877592
20241108_142211_953827802,-0.18130095
20241108_142212_206294336,-0.16733731
20241108_142212_703998092,-0.22008415
20241108_142212_952847929,-0.2035345
20241108_142213_204719426,-0.20169319
20241108_142215_208056391,-0.22811736
20241108_142215_450664868,-0.26198533
20241108_142215_949108092,-0.28059348
20241108_142216_201508958,-0.42380095
20241108_142216_450259628,-0.036338486
20241108_142216_699895056,-0.12397864
20241108_142216_956635524,-0.26197144
20241108_142217_205809894,-0.22462173
20241108_142217_455040594,-0.20653288
20241108_142217_701697996,-0.16573568
20241108_142218_197221635,-0.37244546
20241108_142218_453485234,-1.0262665
20241108_142218_700283721,-1.0669122
20241108_142218_952527137,-0.060563706
20241108_142219_202201053,0.210294
20241108_142219_456972729,0.7414773
20241108_142219_702227590,0.22994463
20241108_142219_956931264,0.33677763
20241108_142221_954802248,0.8480858
20241108_142222_196657405,-0.076398455
20241108_142222_448436773,0.12957568
20241108_142223_200186297,0.17069535
20241108_142223_699894735,0.032522477
20241108_142223_950725021,0.058669187
20241108_142224_199829227,0.083622254
20241108_142224_448303454,0.020412425
20241108_142224_698626410,0.046499766
20241108_142225_203781198,0.029666463
20241108_142225_452337219,0.3222098
20241108_142225_703321100,0.31271663
20241108_142226_704135787,0.16335718
20241108_142227_201280331,0.13404869
20241108_142227_706949291,-0.0621598
20241108_142228_699789437,-0.34089985
20241108_142228_951901725,-0.6235888
20241108_142229_197264278,-0.26652423
20241108_142230_952178250,-0.28047842
20241108_142231_201015943,-0.36344358
20241108_142231_450874708,-0.35112098
20241108_142231_954401993,-0.28748816
20241108_142232_202946356,-0.32258484
20241108_142232_705090740,-0.2771431
20241108_142232_950928516,-0.34712502
20241108_142233_196300186,-0.38413528
20241108_142233_450510591,-0.32688627
20241108_142233_702398891,-0.3791615
20241108_142234_457382271,-0.25126174
20241108_142234_705301266,0.40101543
20241108_142234_957053053,0.23421578
20241108_142235_205082180,0.23169668
20241108_142235_454209632,0.5308565
20241108_142235_702832771,0.2067783
20241108_142236_960805670,0.34462997
20241108_142237_213879958,0.22001858
20241108_142237_704411907,0.22227766
20241108_142238_706625257,0.17248325
20241108_142238_953019961,0.16166298
20241108_142239_200109225,0.031059543
20241108_142239_457629261,-0.7464675
20241108_142239_703924176,-2.0783625
20241108_142239_951528678,0.295584
20241108_142240_209286429,0.17535834
20241108_142240_459365670,0.15296845
20241108_142240_706970766,0.12323371
20241108_142240_955582263,0.10828409
20241108_142241_202706430,0.1649584
20241108_142241_452890913,0.07556317
20241108_142241_700881145,0.089869715
20241108_142241_959466150,0.6061198
20241108_142242_210147304,0.42738798
20241108_142242_455191670,0.2838005
20241108_142242_701286005,0.30412602
20241108_142242_952591680,0.3182005
20241108_142243_459807240,0.32969534
20241108_142243_707169160,0.33921853
20241108_142243_966174826,0.30290127
20241108_142244_218167461,0.28162056
20241108_142246_203639278,0.25750056
20241108_142246_699202893,0.33604658
20241108_142247_202365889,0.22603051
20241108_142247_459207490,0.24070813
20241108_142247_707274409,0.2515036
20241108_142250_204803836,0.21658956
20241108_142250_960385346,1.1828655
20241108_142251_209064082,0.38868883
20241108_142251_459286813,0.8010441
20241108_142251_706167443,1.2419825
20241108_142251_958539894,1.1735188
20241108_142252_456646172,0.34083608
20241108_142252_700363067,-0.53184396
20241108_142252_952414387,-0.30819955
20241108_142253_198465407,-0.22470891
20241108_142253_453053104,-0.11121217
20241108_142253_699786683,-0.119797595
20241108_142253_948048877,-0.02423633
20241108_142254_196737052,0.2977808
20241108_142254_452227666,-0.11607399
20241108_142254_701066751,0.037263237
20241108_142254_958240313,0.11663286
20241108_142255_211389182,0.044517316
20241108_142257_449266164,0.0332127
20241108_142257_698807846,0.02505354
20241108_142257_947311415,-0.22818522
20241108_142258_201001272,-0.121774994
20241108_142258_449349558,-0.08789896
20241108_142258_953227844,-0.1138713
20241108_142259_203392501,0.14540656
20241108_142259_460487146,0.08024589
20241108_142259_700978683,0.024606446
20241108_142259_950822013,0.008824388
20241108_142300_449599300,0.04486481
20241108_142301_202597652,-0.041350685
20241108_142301_459790238,-0.24930038
20241108_142301_701076817,-0.38232824
20241108_142301_950454431,-0.5813259
20241108_142302_207064472,-1.4252435
20241108_142302_453660771,-0.5337281
20241108_142302_700925953,-0.4783216
20241108_142302_970710265,-0.48207694
20241108_142303_213096646,-0.6632485
20241108_142303_457176434,-0.39216647
20241108_142303_701696802,-0.41265365
20241108_142303_951918088,-0.40062022
20241108_142304_200465223,-0.3859701
20241108_142304_449593460,-0.42239147
20241108_142304_699353819,-0.4637404
20241108_142304_952646119,-0.23025216
20241108_142305_199198796,-0.09359087
20241108_142305_448545539,-0.30213803
20241108_142305_702488657,-0.38972
20241108_142305_954378521,-0.34363964
20241108_142306_698903084,-0.7354908
20241108_142306_950484460,-0.4875935
20241108_142307_203178187,-0.14354472
20241108_142307_448885268,0.0075495783
20241108_142307_696543972,-0.09965124
20241108_142307_952747624,-0.28678864
20241108_142308_203392148,-0.25641218
20241108_142308_450424940,-0.4273315
20241108_142308_704311193,-0.41470486
20241108_142308_957572913,-0.3848076
20241108_142309_215847829,-0.2726513
20241108_142309_698743238,-0.4256788
20241108_142309_950613959,-0.020310601
20241108_142310_203390042,-0.111672275
20241108_142310_452369844,-0.27917993
20241108_142310_700586605,-0.18372543
20241108_142310_950135743,-0.2065209
20241108_142311_203180032,-0.18624558
20241108_142311_458443136,-0.1757953
20241108_142311_708033844,-0.120936416
20241108_142311_958647029,0.19865514
20241108_142312_204174206,0.3320337
20241108_142312_453786476,0.20399089
20241108_142312_703135124,0.3703015
20241108_142313_201728941,0.44671398
20241108_142313_452926479,0.5363601
20241108_142313_701176836,0.33895856
20241108_142313_949069522,0.3957373
20241108_142314_203795681,0.34049746
20241108_142314_979234389,0.23813687
20241108_142315_239283856,0.23235609
20241108_142316_227123340,0.21385176
20241108_142316_963669868,0.26888496
20241108_142317_215135735,2.032169
20241108_142317_472690108,0.68130594
20241108_142317_724768620,0.12067851
20241108_142317_981410948,0.37201577
20241108_142318_223023938,0.27854872
20241108_142318_475288771,0.29494727
20241108_142318_710724771,0.21064095
20241108_142318_964595314,0.21595405
20241108_142319_204692113,0.21902232
20241108_142319_454576871,0.19756745
20241108_142319_699910297,0.21106844
20241108_142319_949904937,0.21357392
20241108_142320_198656211,0.34591177
20241108_142320_452952391,-0.10293951
20241108_142320_705329634,0.14002195
20241108_142320_954931508,0.19093148
20241108_142322_696399277,0.2369387
20241108_142322_949807904,0.25448057
20241108_142325_211773457,0.24141662
20241108_142325_461584478,0.20170258
20241108_142325_700870235,0.44407386
20241108_142325_952952528,0.4132412
20241108_142326_451244840,0.41368616
20241108_142326_701804464,0.4272768
20241108_142326_957246151,-0.09095778
20241108_142327_200143926,-0.16591428
20241108_142327_453761637,-0.1948892
20241108_142327_712167712,-0.14024122
20241108_142327_956949223,-0.18472798
20241108_142328_199607124,-0.18557097
20241108_142328_451106816,-0.09866067
20241108_142328_703498939,0.011611512
20241108_142328_957125619,0.14904246
20241108_142329_208775164,0.11150638
20241108_142329_476206491,0.061162032
20241108_142329_974253731,0.056979515
20241108_142330_223006457,0.05497382
20241108_142330_475972045,-0.20145775
20241108_142330_725446980,-0.113283776
20241108_142330_966270135,-0.09080794
20241108_142331_208595722,-0.2115003
20241108_142331_465332231,-0.13063134
20241108_142331_708737629,-0.10831948
20241108_142331_957504488,-0.08629372
20241108_142332_205124856,-0.1506743
20241108_142332_466548412,-0.27571198
20241108_142332_715722603,-0.18575902
20241108_142333_208887299,0.091983624
20241108_142333_462147676,0.282727
20241108_142333_702666072,0.06929348
20241108_142333_952890320,0.045008756
20241108_142334_201155439,0.0625701
20241108_142334_704460148,0.050531365
20241108_142334_956621585,0.0075349603
20241108_142335_203020243,0.018069008
20241108_142335_458229115,0.025514284
20241108_142335_708640831,0.012534717
20241108_142335_958971993,0.06121949
20241108_142336_702966800,0.00027380325
20241108_142336_953489374,0.1581709
20241108_142337_199534616,0.17406611
20241108_142337_447018313,0.12699352
20241108_142337_698234431,0.06211499
20241108_142337_950499005,0.0625718
20241108_142338_198850234,0.0580763
20241108_142338_447699839,0.0989807
20241108_142338_696182911,0.03833566
20241108_142338_949635566,0.023056963
20241108_142339_200380565,0.03942535
20241108_142339_451074750,0.109875955
20241108_142339_702619546,0.18719535
20241108_142339_952873884,0.13751893
20241108_142340_205552150,0.07013903
20241108_142340_469414185,0.2264793
20241108_142340_710617983,0.18861656
20241108_142340_958163225,0.12662031
20241108_142341_205028057,0.07245777
20241108_142341_448987493,0.09412525
20241108_142342_206279677,0.059575893
20241108_142342_457722423,0.1276391
20241108_142343_701551116,0.49177983
20241108_142343_954568912,0.4482047
20241108_142344_452833277,0.28699777
20241108_142344_950497593,0.23898353
20241108_142345_201821216,0.17511742
20241108_142345_452576661,0.22220866
20241108_142345_702198781,0.17244859
20241108_142345_959294965,0.14034604
20241108_142346_208538747,0.10121385
20241108_142346_457776747,-0.04114171
20241108_142347_452925313,-0.102793954
20241108_142347_703395566,-0.20981161
20241108_142347_966092066,-0.1597908
20241108_142348_219057160,-0.11411115
20241108_142348_458529189,-0.09584793
20241108_142348_955184722,0.1328344
20241108_142349_202529610,0.2556533
20241108_142349_451096440,0.15799312
20241108_142349_705412293,0.10935978
20241108_142349_955907340,-0.034171186
20241108_142350_204457069,-0.11525031
20241108_142350_457074450,-0.05328115
20241108_142350_709600339,-0.3913159
20241108_142350_968963605,-0.11860006
20241108_142351_209154381,-0.08306994
20241108_142351_463139852,0.088291764
20241108_142351_712841927,0.3014521
20241108_142351_962567385,0.36099193
20241108_142352_219195686,0.9721464
20241108_142352_471414230,1.1021417
20241108_142352_724363353,0.41805106
20241108_142352_969057276,0.043484487
20241108_142353_207181770,0.44517815
20241108_142353_472540433,1.4045017
20241108_142353_711659090,0.3722598
20241108_142353_957158931,0.035673656
20241108_142354_200284818,0.13707761
20241108_142354_454513599,2.1584926
20241108_142354_702833932,-0.53151923
20241108_142354_949572698,-0.31965536
20241108_142355_199745107,-0.34655878
20241108_142355_451111376,-0.4026995
20241108_142355_708752387,-0.23543032
20241108_142355_958151288,-0.28969434
20241108_142356_204666298,-0.19244015
20241108_142356_456971715,0.07409959
20241108_142356_708339965,-0.052016936
20241108_142356_964774983,-0.14139457
20241108_142357_218456326,0.16475788
20241108_142357_470077569,0.081231155
20241108_142357_711629173,0.01977382
20241108_142357_958097415,0.62137014
20241108_142358_207825712,0.13063268
20241108_142358_458444403,0.24238928
20241108_142358_697307501,0.21377294
20241108_142358_949110462,0.19694129
20241108_142359_202782548,0.42482203
20241108_142359_453228139,0.48170933
20241108_142359_699512496,0.18269877
20241108_142359_949815369,0.08266578
20241108_142400_454815381,0.11874632
20241108_142401_203576831,-0.13049372
20241108_142401_453872985,0.023109654
20241108_142401_701492134,-0.19608845
20241108_142401_951442244,-0.19086774
20241108_142402_201308724,-0.13849436
20241108_142402_451009025,-0.38907754
20241108_142402_700524484,-0.15222086
20241108_142402_954555411,-0.16338553
20241108_142403_700104658,0.36020812
20241108_142403_952919545,0.019182304
20241108_142404_198236931,-0.036842607
20241108_142404_450605806,-0.039935134
20241108_142404_696100872,-0.04424449
20241108_142404_952320739,-0.05709841
20241108_142405_450830348,-0.06054028
20241108_142405_707315116,-0.043129764
20241108_142405_963336407,0.018976072
20241108_142406_205974271,-0.0038356986
20241108_142406_453317524,-0.010047277
20241108_142406_700514652,0.100908615
20241108_142406_950936827,0.07215033
20241108_142407_202255623,-0.02902492
20241108_142407_699978804,0.0035868678
20241108_142407_949999879,0.0042245183
20241108_142408_698885977,-0.02169176
20241108_142409_196373626,-0.28433058
20241108_142409_449181767,-0.28312066
20241108_142409_950678596,-0.14895757
20241108_142410_204611666,0.06011293
20241108_142410_472548825,0.3127572
20241108_142410_714430370,0.49649522
20241108_142410_968765990,0.88332874
20241108_142411_208667316,0.27153865
20241108_142411_453087392,0.50427485
20241108_142411_702845652,0.53369933
20241108_142412_200931860,-0.04245814
20241108_142412_451916187,0.121577255
20241108_142412_701255452,0.13200507
20241108_142412_953019652,0.080364324
20241108_142413_453269488,-0.08509366
20241108_142413_696989561,-0.2512084
20241108_142413_951092523,-0.24887986
20241108_142414_200535101,-0.22113524
20241108_142414_450312561,-0.15451731
20241108_142414_695360236,0.16532646
20241108_142414_950741416,0.23063265
20241108_142415_201599223,0.015821734
20241108_142415_447239461,-0.035141133
20241108_142415_697768449,0.014694849
20241108_142415_949004951,-0.08344092
20241108_142416_200731113,-0.06860372
20241108_142416_453197354,-0.06014224
20241108_142416_699125781,-0.2511275
20241108_142416_948929796,-0.16441043
20241108_142417_451366614,0.16897349
20241108_142417_704031927,0.19947855
20241108_142417_954005611,0.19289313
20241108_142418_210027603,0.55540365
20241108_142418_453518537,0.79910254
20241108_142418_700180291,1.1111387
20241108_142418_955107380,1.3036863
20241108_142419_203462502,1.4007252
20241108_142419_458644808,0.4739292
20241108_142419_707793592,0.40319586
20241108_142419_954581420,0.6037654
20241108_142420_203316850,0.8086179
20241108_142420_453012267,0.16546132
20241108_142420_699451539,-0.014870187
20241108_142421_198297433,0.07767955
20241108_142421_699822676,0.07450012
20241108_142422_198907789,0.10095487
20241108_142422_450489451,0.83932096
20241108_142422_700382811,0.2595395
20241108_142422_948338513,0.68596905
20241108_142423_197684777,-0.069799796
20241108_142423_448479744,0.014045732
20241108_142423_698081441,0.014396021
20241108_142423_946208406,0.07315872
20241108_142424_197011376,0.05338154
20241108_142424_693687180,0.0670617
20241108_142424_946669188,-0.13714714
20241108_142425_201676946,-0.29877275
20241108_142425_448349208,-0.35933107
20241108_142425_695820612,-0.16606762
20241108_142425_947036539,-0.030875525
20241108_142426_201735013,-0.053769134
20241108_142426_448924949,-0.046995007
20241108_142426_695553878,-0.10508116
20241108_142426_945718937,-0.12829481
20241108_142427_197782599,-0.0442402
20241108_142427_453643934,0.43216318
20241108_142427_701689922,0.2520588
20241108_142427_952835001,0.28219536
20241108_142428_201728535,0.28950074
20241108_142428_452285138,0.6163281
20241108_142428_710908131,0.30959263
20241108_142428_952864688,0.18242903
20241108_142429_200220962,0.35023996
20241108_142429_453878790,0.39364162
20241108_142429_696420134,0.28637052
20241108_142429_947721616,0.2219805
20241108_142430_454745353,0.24121074
20241108_142430_949116735,0.22794007
20241108_142431_200293601,0.07014958
20241108_142431_451803819,0.068295784
20241108_142431_695761038,0.08570591
20241108_142432_196386665,0.07976318
20241108_142432_699337685,0.29633936
20241108_142432_946460059,0.1753716
20241108_142433_197235953,0.1779043
20241108_142433_454224081,-0.20200492
20241108_142433_950956735,0.022783855
20241108_142434_703130655,0.07808382
20241108_142434_952698941,0.061102785
20241108_142435_198449270,0.08874605
20241108_142435_452189002,0.12597115
20241108_142435_698546562,0.09744129
20241108_142435_952587573,0.0894042
20241108_142436_958355857,0.63343996
20241108_142437_200742024,-0.71123457
20241108_142437_451195662,0.54322743
20241108_142437_697000708,0.4116889
20241108_142437_952371214,0.46996316
20241108_142438_203114663,0.4808205
20241108_142438_454875687,0.396789
20241108_142438_954505829,0.5391553
20241108_142439_454466558,0.4883066
20241108_142439_703640891,0.6007399
20241108_142440_201373436,0.50939375
20241108_142440_452033475,0.4179576
20241108_142440_699869479,0.6336978
20241108_142440_949689725,0.58867276
20241108_142441_201268208,-0.90611947
20241108_142441_457932996,0.59275323
20241108_142441_699083177,0.10692542
20241108_142441_950026904,-0.018537277
20241108_142442_198756876,-0.2762514
20241108_142442_449537079,-1.2601826
20241108_142442_696425990,0.62089455
20241108_142442_951639103,-0.33754292
20241108_142443_199174656,-0.24031222
20241108_142443_449554490,-0.30459794
20241108_142443_697026528,-0.4898328
20241108_142443_944647176,-0.36575982
20241108_142444_196343048,-0.051925205
20241108_142444_447251629,-0.19980694
20241108_142444_694790445,-0.22794624
20241108_142444_944637724,-0.118002556
20241108_142445_450935875,-0.22221799
20241108_142445_696756829,-0.23809971
20241108_142446_194312455,-0.19598176
20241108_142446_445605387,-0.175101
20241108_142446_694201137,-0.23321368
20241108_142446_943773355,-0.69858116
20241108_142447_194984000,-0.29593065
20241108_142447_450277928,-0.29050133
20241108_142447_948981938,-0.725561
20241108_142448_196699535,-0.49772802
20241108_142448_448247626,0.5225333
20241108_142448_699463825,0.47006074
20241108_142448_947222960,0.38634893
20241108_142449_195630235,0.38597313
20241108_142449_451653768,0.20268302
20241108_142449_702618024,0.40482152
20241108_142449_955610468,0.41426662
20241108_142450_202073379,0.93356603
20241108_142450_453922614,0.20062062
20241108_142450_707279308,0.26678315
20241108_142450_953988086,0.091842875
20241108_142451_210555480,0.31978092
20241108_142451_453399206,0.2553188
20241108_142451_698897099,-0.08937224
20241108_142451_950434003,-0.21944185
20241108_142452_460084494,-0.06977453
20241108_142452_708634322,0.025719622
20241108_142452_964241218,-0.1738791
20241108_142453_215841702,-2.7079444
20241108_142453_463638406,0.20067327
20241108_142453_709654412,0.37424606
20241108_142453_968073262,0.11887399
20241108_142454_224179816,-0.0067430343
20241108_142454_464001656,0.06972704
20241108_142454_703822200,0.060120918
20241108_142454_956422822,0.08268336
20241108_142455_204895138,0.06674067
20241108_142455_454109737,0.04801736
20241108_142455_701506520,0.3077065
20241108_142455_949800992,0.37331492
20241108_142456_198077110,0.26358178
20241108_142456_450320011,0.8655563
20241108_142456_698511191,0.8417373
20241108_142456_951886236,0.49324778
20241108_142457_205515857,0.9300475
20241108_142457_470101750,0.67567253
20241108_142457_715397516,0.6708762
20241108_142457_965934175,1.8455544
20241108_142458_211403223,-0.59992236
20241108_142458_458952783,-0.9930537
20241108_142458_709946058,-0.33900794
20241108_142458_957966769,0.54921025
20241108_142459_200745039,1.0613896
20241108_142459_458361392,0.3314161
20241108_142459_715776298,0.2236882
20241108_142459_967379592,0.20592846
20241108_142500_208547918,0.30028898
20241108_142500_458621276,0.3048484
20241108_142500_699861759,0.2561954
20241108_142500_949785000,0.2836102
20241108_142501_198308846,0.6324113
20241108_142501_451788996,0.12850119
20241108_142501_702648848,-0.33314124
20241108_142501_963462561,-0.3883271
20241108_142502_210596017,-1.2955834
20241108_142502_450494972,-1.759196
20241108_142502_703202261,0.6262323
20241108_142502_957469352,0.41080597
20241108_142503_206226016,0.64148366
20241108_142503_456221717,0.21457477
20241108_142503_703893263,0.22729786
20241108_142503_953911750,0.46915594
20241108_142504_199433529,0.34636542
20241108_142504_454349206,0.24176292
20241108_142504_701330035,0.10747463
20241108_142504_958169747,0.104404755
20241108_142505_200654150,0.13372482
20241108_142505_453134390,0.1526485
20241108_142505_708732073,0.2571217
20241108_142506_205182759,0.17263897
20241108_142506_455719210,0.096311785
20241108_142506_706506995,0.08912439
20241108_142506_958730584,0.10843388
20241108_142507_207649593,0.044355847
20241108_142507_457217028,0.21053925
20241108_142507_701867421,0.33547178
20241108_142507_951136011,0.027670423
20241108_142508_201842293,0.056590028
20241108_142508_457129903,0.25658345
20241108_142508_704733341,0.19860564
20241108_142509_456013033,0.12589268
20241108_142509_706832820,0.13534562
20241108_142509_956046256,0.13221936
20241108_142510_457288933,0.18802895
20241108_142510_702941878,-0.07518067
20241108_142510_949585596,-0.16094534
20241108_142511_202675184,-0.11696439
20241108_142511_452423212,-0.1891451
20241108_142511_702370830,-0.23704775
20241108_142511_950767793,-0.3255774
20241108_142512_199457584,-0.07399281
20241108_142512_449843918,-0.37301323
20241108_142512_705252365,-0.016569456
20241108_142512_952580069,0.18058835
20241108_142513_203716124,0.16185234
20241108_142513_461140686,0.5348093
20241108_142513_700665954,0.08885942
20241108_142513_955347789,0.0525401
20241108_142514_207796955,0.021790126
20241108_142514_449032143,0.0058115516
20241108_142514_698738956,-0.32690367
20241108_142514_953678889,-0.8677757
20241108_142515_197975242,-0.29178494
20241108_142515_466811445,-0.23210998
20241108_142515_713247198,-0.077085294
20241108_142515_959086969,0.174735
20241108_142516_207459839,0.09359936
20241108_142516_454956479,-0.0822052
20241108_142516_699148101,-0.087574475
20241108_142516_950225094,-0.08001139
20241108_142517_201326635,-0.08843749
20241108_142517_453294683,-0.029152235
20241108_142518_195459051,-0.089410864
20241108_142518_445626302,-0.083438
20241108_142518_698111352,-0.4294081
20241108_142518_947825475,-0.12580012
20241108_142519_196424409,0.076028794
20241108_142519_447596144,-0.05170291
20241108_142519_951225185,-0.10406133
20241108_142520_195481542,-0.10760104
20241108_142520_444544612,-0.06794237
20241108_142520_694854095,-0.21230735
20241108_142520_945987309,-0.17720182
20241108_142521_195839220,-0.4799179
20241108_142521_452810679,-0.25817844
20241108_142521_700717954,-0.8486442
20241108_142521_958330691,-0.75780666
20241108_142522_706668879,-0.3624639
20241108_142523_450837132,-0.51747924
20241108_142523_701498909,-0.57674944
20241108_142523_947956106,-0.24089392
20241108_142524_196089995,-0.22700964
20241108_142526_210677071,-0.1985813
20241108_142526_460012225,-0.79550153
20241108_142526_711289994,-3.015761
20241108_142526_962381560,-0.8266619
20241108_142527_207082552,-0.13894571
20241108_142527_460764847,0.20917292
20241108_142527_703704224,0.13905685
20241108_142527_953218325,0.31233236
20241108_142528_202067045,0.0834449
20241108_142528_451191005,0.0613899
20241108_142528_699926515,0.054879643
20241108_142529_954715153,0.66798294
20241108_142530_204054347,0.1298673
20241108_142530_462271828,0.076022245
20241108_142530_707696834,0.093097545
20241108_142530_955665994,-0.112934135
20241108_142531_207272931,-0.100666545
20241108_142531_455408591,-0.5190948
20241108_142531_705017649,-0.27359244
20241108_142531_951723497,-0.19104575
20241108_142532_205102761,-0.35682163
20241108_142532_452450691,-0.19237699
20241108_142532_700475468,-0.1906674
20241108_142532_955393799,-0.29871616
20241108_142533_206776773,-0.34682164
20241108_142533_455235980,-0.40870088
20241108_142533_696012869,-0.35967624
20241108_142533_953361856,-0.45106533
20241108_142534_198440901,-0.3507127
20241108_142534_451162010,-0.323097
20241108_142534_697234357,-0.3160216
20241108_142534_947767926,-0.28584203
20241108_142535_195794394,0.378944
20241108_142535_456316852,0.07037488
20241108_142535_703304643,0.25741887
20241108_142535_949931288,0.29608336
20241108_142536_204192916,0.0377314
20241108_142536_458317016,1.5063336
20241108_142536_712587781,0.5525711
20241108_142536_971857883,-0.0043250415
20241108_142537_225253927,0.277711
20241108_142537_476522230,0.41161805
20241108_142537_725822862,0.8720937
20241108_142537_971583442,0.2450255
20241108_142538_219051697,0.105721705
20241108_142538_455355447,0.13225369
20241108_142538_703401893,0.6935453
20241108_142538_955411676,0.3891787
20241108_142539_212759530,0.35915503
20241108_142539_455921954,0.31944606
20241108_142539_707375930,0.14410947
20241108_142539_957000939,0.42202643
20241108_142540_197905337,0.36219892
20241108_142540_451353861,0.64589703
20241108_142540_702082275,0.12162504
20241108_142540_951750456,0.09902663
20241108_142541_200117601,0.4731144
20241108_142541_449005946,0.56460243
20241108_142541_695925619,0.39601
20241108_142541_948931799,0.66512585
20241108_142542_201146717,0.20692997
20241108_142542_451499779,0.11764351
20241108_142542_700282908,0.32106292
20241108_142542_948224993,0.0444626
20241108_142543_197495885,0.14226957
20241108_142543_450461781,0.3205556
20241108_142543_698072382,0.30978072
20241108_142543_953407706,0.08905969
20241108_142544_204407551,0.047668196
20241108_142544_700082914,0.45091817
20241108_142544_949625556,0.512857
20241108_142545_199896042,0.32689762
20241108_142545_451881277,0.5820329
20241108_142545_700923703,0.70188767
20241108_142545_951241210,0.12320576
20241108_142546_196982604,-0.18051957
20241108_142546_452708793,-0.09264701
20241108_142546_960831250,-0.03825199
20241108_142547_200802923,-1.071255
20241108_142547_451930016,0.17040114
20241108_142547_699086392,0.31229857
20241108_142547_946916622,-0.18357421
20241108_142548_195267615,0.18542662
20241108_142548_445213327,0.056240104
20241108_142548_696555701,0.11514754
20241108_142548_946195575,0.22271983
20241108_142549_199497796,0.25054535
20241108_142549_452644022,0.25663248
20241108_142549_694052212,0.18375985
20241108_142549_945821089,0.2868869
20241108_142550_197327021,0.27465698
20241108_142550_446270965,0.018137256
20241108_142550_700082623,0.060153283
20241108_142550_951734042,0.039717354
20241108_142551_206801547,0.37649733
20241108_142551_450186685,0.7100199
20241108_142551_700417985,0.41022137
20241108_142551_952008066,0.06998936
20241108_142552_204717542,0.42212573
20241108_142552_452204166,0.6293908
20241108_142552_699715717,0.59927344
20241108_142552_960097523,0.7292696
20241108_142553_209215985,0.053608514
20241108_142553_451209542,0.16401051
20241108_142553_700494216,0.27008733
20241108_142553_947779887,0.7640577
20241108_142554_200822703,0.2040879
20241108_142554_447728728,-0.03109177
20241108_142554_695116286,-0.07099726
20241108_142554_948337514,0.106981106
20241108_142555_202375109,0.3600411
20241108_142555_447786229,0.24445064
20241108_142556_195215256,0.18484609
20241108_142556_444498634,0.19502889
20241108_142556_695275218,0.28281325
20241108_142556_945520363,0.3282981
20241108_142557_197439095,0.2536104
20241108_142557_448297548,0.24726404
20241108_142558_711386600,0.2359439
20241108_142558_956734729,2.3881803
20241108_142559_218032758,-0.028876936
20241108_142559_461877604,1.6636709
20241108_142559_710334491,-0.93708575
20241108_142559_960792694,-0.67132163
20241108_142600_209345203,-0.8092707
20241108_142600_465193388,-0.40825805
20241108_142600_705783550,-0.4554573
20241108_142600_957722992,-0.57995373
20241108_142601_213128598,-0.38973102
20241108_142601_463752315,-0.47430062
20241108_142601_712811384,-0.14485231
20241108_142601_960404380,-0.185585
20241108_142602_208526059,0.075739495
20241108_142602_700107511,-0.07051953
20241108_142602_957273457,-0.28174552
20241108_142603_202305399,-0.59243375
20241108_142603_457091959,-0.5302738
20241108_142603_700614893,-0.2671321
20241108_142603_952550989,0.30673057
20241108_142604_201249231,-0.21123113
20241108_142604_454268001,-0.21897401
20241108_142604_701071195,-0.12741889
20241108_142604_959601401,-0.16218768
20241108_142605_203435001,-0.24406393
20241108_142606_220989310,-0.18432297
20241108_142606_466070442,-0.16631417
20241108_142606_706711925,-0.17767726
20241108_142607_204817792,-0.14702936
20241108_142607_950569657,-0.064943574
20241108_142608_452524136,-0.09330972
20241108_142609_448995053,-0.15289645
20241108_142609_696966885,-0.19858749
20241108_142609_947733075,-0.25710163
20241108_142610_701827977,-0.19301517
20241108_142610_949161935,-0.188839
20241108_142612_198652656,-0.1898527
20241108_142612_446367823,-0.5438821
20241108_142613_695109314,-0.27668035
20241108_142613_949228594,-0.42789334
20241108_142614_198775518,-0.26855835
20241108_142614_946876684,-0.25140545
20241108_142615_451620557,-0.3494527
20241108_142615_704088605,-0.2218322
20241108_142616_207465126,-0.11107563
20241108_142616_447556481,-0.1226426
20241108_142616_702804740,0.012134472
20241108_142616_958642883,-0.068892024
20241108_142618_204817914,-0.08925202
20241108_142618_448529939,-0.24804439
20241108_142618_945893366,-0.18495043
20241108_142619_703977431,-0.2580476
20241108_142621_210865173,-0.14193667
20241108_142621_455410469,-0.15890555
20241108_142621_708843684,-0.33013523
20241108_142622_449206395,-0.2165099
20241108_142622_701138386,-0.32844177
20241108_142622_945678564,-0.53896207
20241108_142623_212761284,-0.49839625
20241108_142623_464646422,-0.5326323
20241108_142623_711867207,-0.51253015
20241108_142624_206730669,-0.31540608
20241108_142624_455802107,-0.3968872
20241108_142624_950600901,-0.2858134
20241108_142626_696360901,-0.23197581
20241108_142627_448860514,-0.1621309
20241108_142627_698046705,-0.2667396
20241108_142627_951482422,-0.17410393
20241108_142628_200357767,0.38135514
20241108_142628_447824629,0.19994223
20241108_142628_950405303,-0.0020477977
20241108_142629_715399083,0.03729383
20241108_142630_206636522,0.06794096
20241108_142630_454408531,0.06597779
20241108_142630_697316011,0.071627386
20241108_142630_951212511,0.06316013
20241108_142631_210095210,-0.017325422
20241108_142632_208222822,-0.011945864
20241108_142632_460165119,-0.12514247
20241108_142632_704210159,-0.22511955
20241108_142633_449554102,-0.16513534
20241108_142633_702815870,-0.108562075
20241108_142634_213660717,-0.16619338
20241108_142634_451381122,-0.15273531
20241108_142636_198484616,-0.14047302
20241108_142637_447665116,-0.13527687
20241108_142637_697891055,-0.25184458
20241108_142638_722661533,-0.18048267
20241108_142638_966372504,-0.1814185
20241108_142639_214834132,0.23552428
20241108_142639_463362038,-0.8874769
20241108_142639_712639063,0.16208883
20241108_142639_975560589,0.50862354
20241108_142640_229782421,-0.14622785
20241108_142640_485536678,-0.10729151
20241108_142640_729661415,0.0034507308
20241108_142640_977359139,0.030418495
20241108_142641_219097894,-0.016031167
20241108_142641_457556921,-0.044388913
20241108_142641_950590585,-0.050810836
20241108_142642_199809592,-0.073634826
20241108_142642_713604080,-0.08762362
20241108_142642_955230835,-0.19338782
20241108_142643_205370081,-0.12699394
20241108_142643_452768049,-0.19003634
20241108_142643_947190978,-0.273788
20241108_142644_195134229,-0.265684
20241108_142644_448441546,-0.24631174
20241108_142644_699664127,-0.32349968
20241108_142644_948963452,-0.23570438
20241108_142645_700205338,-0.21384336
20241108_142645_949069198,-0.17523317
20241108_142646_199186614,-0.1781304
20241108_142646_445717620,-0.36988702
20241108_142646_696521759,-0.41326296
20241108_142646_946387540,-0.51522905
20241108_142647_196631313,-0.23754062
20241108_142647_451261152,-0.37148604
20241108_142647_697645841,-0.32433894
20241108_142647_949144538,-0.3351706
20241108_142648_199440727,-0.34681544
20241108_142648_450956397,-0.28714657
20241108_142648_950253014,-0.2955818
20241108_142649_210567020,-0.48686182
20241108_142649_454605755,-0.36989793
20241108_142649_949592120,-0.1899441
20241108_142650_444710847,-0.24650134
20241108_142650_694838278,-0.24705602
20241108_142650_948933039,-0.19908644
20241108_142651_200520523,-0.07960888
20241108_142651_457374263,-0.23061948
20241108_142651_700535493,0.39101472
20241108_142651_949139071,0.106863596
20241108_142652_696844846,0.07375018
20241108_142652_945192703,0.08948926
20241108_142653_447171756,0.09752498
20241108_142653_700793624,-0.016337117
20241108_142653_946297216,0.23088549
20241108_142654_198755294,0.1913056
20241108_142654_449093911,0.15130545
20241108_142655_443727606,0.18242593
20241108_142655_694198893,0.364643
20241108_142655_945098454,0.25667018
20241108_142656_199920180,0.21548782
20241108_142657_201069044,0.17518432
20241108_142657_454293981,0.17538606
20241108_142658_693980807,0.20436697
20241108_142659_459087365,0.19966863
20241108_142659_962834236,0.052325763
20241108_142701_214415920,-0.029312512
20241108_142701_455637367,0.0066869054
20241108_142701_954417957,-0.16228189
20241108_142702_197066331,-0.17749818
20241108_142702_448672708,-0.5077736
20241108_142702_694382115,-1.0537599
20241108_142702_948722777,-0.06772532
20241108_142703_196081834,-0.17698391
20241108_142703_456347543,-0.23009045
20241108_142703_707819538,-0.21395598
20241108_142703_957010713,-0.14530589
20241108_142704_200834382,-0.089769565
20241108_142704_456061956,-0.09091707
20241108_142704_699436985,-0.13258286
20241108_142704_952328587,-0.10898229
20241108_142705_198346746,-0.119222425
20241108_142705_693212862,-0.10083004
20241108_142706_197590153,-0.093338035
20241108_142706_452371662,-0.10141953
20241108_142706_699566668,-0.13174327
20241108_142707_200364377,-0.21763714
20241108_142707_458708345,-0.18966101
20241108_142707_698942541,-0.15874179
20241108_142708_444429023,-0.14373983
20241108_142708_947086311,-0.18588562
20241108_142709_697706229,-0.1796966
20241108_142710_191765904,-0.17932995
20241108_142710_444764914,-0.13380153
20241108_142710_942867684,-0.10169744
20241108_142711_445250826,-0.1154054
20241108_142712_445440158,-0.032786094
20241108_142712_693146788,0.13365649
20241108_142712_941922030,0.21095866
20241108_142713_195369267,0.18151598
20241108_142713_697901686,-0.16911943
20241108_142714_197143609,-0.059701465
20241108_142714_448556951,-0.08159568
20241108_142715_691134798,-0.047354482
20241108_142716_446220271,-0.020658514
20241108_142716_693641559,-0.03231307
20241108_142716_943121948,-0.037510715
20241108_142717_190729580,-0.06606861
20241108_142718_189686188,-0.039720856
20241108_142718_441949808,-0.06684729
20241108_142719_944170185,-0.012749633
20241108_142720_194756528,-0.040926717
20241108_142720_449698965,0.095747925
20241108_142720_697781708,0.047885455
20241108_142720_943920640,0.15810142
20241108_142721_196190192,0.24357302
20241108_142721_445947779,0.13492654
20241108_142721_691833815,0.02935324
20241108_142721_945574695,-0.0045470204
20241108_142722_444607820,-0.0016753282
20241108_142722_693106111,-0.032038413
20241108_142722_945292361,-0.020770391
20241108_142723_198394087,-0.039012514
20241108_142723_448039614,-0.35976732
20241108_142723_693574785,-0.22454794
20241108_142723_942090599,-0.15683015
20241108_142724_196957724,-0.14733608
20241108_142726_197928846,0.23039494
20241108_142726_459173256,0.19518554
20241108_142726_704015500,0.15093993
20241108_142726_949827376,0.14717154
20241108_142727_199821221,0.10730115
20241108_142727_444992912,0.003515521
20241108_142727_950128655,0.04676906
20241108_142728_197581788,0.075782456
20241108_142728_451802548,0.08686683
20241108_142728_703996919,0.03828428
20241108_142728_947190119,0.070719935
20241108_142729_195982200,0.091196455
20241108_142729_445348302,0.0696663
20241108_142731_199959919,-0.064462565
20241108_142731_456756355,-0.047480427
20241108_142731_702766132,-0.033077084
20241108_142731_947654847,-0.08019366
20241108_142732_207345294,-0.0931498
20241108_142732_452963293,-0.09000053
20241108_142732_699311949,-0.093578
20241108_142733_448602968,0.03159926
20241108_142733_693548288,0.0714272
20241108_142733_946308086,0.032863
20241108_142734_954274272,0.248702
20241108_142735_198863103,0.16504525
20241108_142735_449552412,0.12705217
20241108_142735_944468028,0.0439767
20241108_142736_195756180,0.03215114
20241108_142738_197377496,0.010633865
20241108_142738_447050521,0.07278881
20241108_142738_699152608,0.06653807
20241108_142738_954396439,0.027355531
20241108_142739_942513867,0.023386518
20241108_142740_442357436,0.0473359
20241108_142740_695504223,-0.12388974
20241108_142740_943901271,-0.06893786
20241108_142741_194399288,-0.046751283
20241108_142741_443755271,-0.038946293
20241108_142741_692797363,-0.03232511
20241108_142742_440202895,0.16793053
20241108_142742_691858124,0.04214088
20241108_142742_942173719,0.06415481
20241108_142743_195266488,0.045961715
20241108_142743_444430039,-0.007957658
20241108_142743_694169460,-0.02493622
20241108_142743_941561464,-0.027006766
20241108_142744_697731640,0.016170004
20241108_142744_955372612,-0.07087203
20241108_142745_201573679,-0.35181773
20241108_142745_452501768,-0.16643824
20241108_142745_947680796,-0.2822996
20241108_142746_192944061,-0.42820832
20241108_142746_450120715,-0.25473145
20241108_142746_948215904,-0.20710479
20241108_142747_195897536,-0.123466425
20241108_142748_698436061,-0.13806172
20241108_142748_959331497,-0.20984183
20241108_142749_203536502,-0.20335232
20241108_142749_450746158,-0.1784444
20241108_142749_696516095,0.39758638
20241108_142749_943996415,0.071847714
20241108_142750_193869186,0.038137116
20241108_142750_448556314,0.04459677
20241108_142750_696862957,0.42847914
20241108_142750_951854985,0.023156917
20241108_142751_207902580,-0.08968755
20241108_142751_457779331,-0.5392093
20241108_142751_704803690,-0.44914618
20241108_142751_955243176,-0.0062864795
20241108_142752_198268164,-0.11723305
20241108_142752_458222204,0.019791728
20241108_142752_701819481,-0.091235004
20241108_142753_195929265,-0.13850929
20241108_142754_441885556,-0.07303139
20241108_142754_690222665,-0.032091044
20241108_142754_939830889,-0.014981171
20241108_142755_193560865,0.08343176
20241108_142755_946211652,0.28753248
20241108_142756_197800137,0.09236715
20241108_142756_452011923,0.0663744
20241108_142756_959532206,0.24172382
20241108_142757_950279918,0.21278821
20241108_142758_204713959,0.113872446
20241108_142758_461856852,0.21953163
20241108_142758_708792885,0.2015224
20241108_142758_964659036,0.21094845
20241108_142759_467763131,0.06377051
20241108_142759_719526600,0.02855263
20241108_142800_213881953,-0.03134861
20241108_142800_457711931,-0.04577156
20241108_142800_703517163,0.3688703
20241108_142800_949339028,0.6912355
20241108_142801_204721542,0.6257604
20241108_142801_456852970,0.14086924
20241108_142801_703106420,0.0063544307
20241108_142801_953450555,-0.12151896
20241108_142802_199214486,-0.19252189
20241108_142802_449267311,0.05459822
20241108_142802_701074666,-0.034257434
20241108_142802_958709206,-0.2680305
20241108_142803_209377455,-0.31156316
20241108_142803_457868780,-0.25951493
20241108_142803_701218907,-0.4906262
20241108_142804_206095653,-1.0314463
20241108_142804_463429420,-0.37960216
20241108_142804_709876847,-0.41793486
20241108_142804_956756557,-0.23556502
20241108_142805_199833550,-0.5550079
20241108_142805_456695355,-0.7111486
20241108_142805_714172331,0.476468
20241108_142805_962649043,-0.34890768
20241108_142806_210485848,0.13582371
20241108_142806_468085760,0.2765834
20241108_142806_720018398,0.2594981
20241108_142806_973140913,0.05450622
20241108_142807_215402330,0.15396576
20241108_142807_467112260,0.07202051
20241108_142808_195519065,0.30312026
20241108_142808_447061635,0.22175597
20241108_142808_696151583,0.15757714
20241108_142809_197875093,0.10294125
20241108_142809_697831407,0.13551481
20241108_142810_946871251,0.08450065
20241108_142812_195526754,0.040133394
20241108_142813_199146612,0.32657358
20241108_142813_452479197,0.21023242
20241108_142813_700074568,0.17003869
20241108_142814_447607387,-0.022203347
20241108_142814_695501471,0.042002358
20241108_142814_947707930,0.020715037
20241108_142815_197358786,0.0024442468
20241108_142815_444658561,0.021066943
20241108_142815_695365750,0.030132571
20241108_142815_945429695,0.025920132
20241108_142816_948947051,0.0092266
20241108_142817_197033504,-0.0019684639
20241108_142818_198434041,0.06197796
20241108_142818_455892151,-0.38810417
20241108_142818_700368856,-0.35644087
20241108_142818_947136521,-0.3646235
20241108_142819_197432227,-0.16178738
20241108_142819_447910366,-0.13264127
20241108_142819_694858290,-0.026163658
20241108_142821_695209855,-0.14294185
20241108_142821_944436648,-0.13644017
20241108_142822_190724208,-0.1297945
20241108_142822_442440517,-0.115554295
20241108_142822_944925103,-0.10542669
20241108_142824_191491146,-0.10694095
20241108_142826_193986589,-0.028735837
20241108_142826_442978571,-0.06705787
20241108_142826_939928548,-0.0827631
20241108_142827_193215748,-0.07241311
20241108_142828_193606200,-0.11329105
20241108_142828_450583517,-0.08400365
20241108_142828_952266664,-0.12577058
20241108_142830_442914887,-0.029520413
20241108_142830_693080404,0.022580424
20241108_142830_943690162,-0.004757067
20241108_142831_193900219,-0.06478038
20241108_142832_443190529,-0.053821884
20241108_142832_694347378,-1.5624734
20241108_142832_952609430,1.0496793
20241108_142833_199211861,0.6635534
20241108_142833_449152156,0.4157124
20241108_142833_699657203,0.32392037
20241108_142833_946290962,0.09059844
20241108_142834_197392419,0.08202196
20241108_142834_444627965,0.008129934
20241108_142834_692921710,0.15166526
20241108_142834_946006130,0.32443085
20241108_142835_196137845,0.29126215
20241108_142835_446134739,0.22066729
20241108_142835_693958119,0.27973244
20241108_142835_940272862,0.20585822
20241108_142836_192988151,0.26424694
20241108_142836_446446891,0.20863707
20241108_142836_692665691,0.36170462
20241108_142836_942591214,0.22347875
20241108_142837_192596282,0.27667007
20241108_142837_445673660,0.26227596
20241108_142837_693354583,0.07226298
20241108_142837_943732006,0.09871761
20241108_142838_192460770,0.1484168
20241108_142838_440024965,0.11752031
20241108_142838_691397712,0.19140859
20241108_142838_942232507,0.13470976
20241108_142839_191336841,0.11087016
20241108_142839_441052501,0.08701388
20241108_142839_687573148,0.1614695
20241108_142839_938403589,0.10835216
20241108_142840_188575171,0.08460716
20241108_142840_445102086,0.06964395
20241108_142840_696864671,0.15178518
20241108_142840_949781570,0.12600337
20241108_142841_200343932,0.19848244
20241108_142841_444546977,0.11658964
20241108_142841_693650031,-0.0162734
20241108_142841_943504633,-0.04267486
20241108_142842_192073253,-0.053323768
20241108_142842_446850505,-0.084364854
20241108_142842_693095866,0.023468832
20241108_142842_949161452,0.07229141
20241108_142843_198325249,-0.16988198
20241108_142843_450227169,-0.10838362
20241108_142843_694580369,-0.026132843
20241108_142844_194190686,0.0017292295
20241108_142844_445603605,-0.07882627
20241108_142844_692601222,-0.03553208
20241108_142844_941360596,0.01914511
20241108_142845_195461459,-0.13710119
20241108_142845_443768167,-0.33312675
20241108_142845_697925937,-0.29437304
20241108_142845_946959555,-0.20861752
20241108_142846_197934420,-0.17657055
20241108_142846_447730985,-0.15745156
20241108_142846_945344901,-0.13505791
20241108_142847_198940449,-0.12481626
20241108_142847_702094136,-0.1988435
20241108_142848_699810296,-0.17923518
20241108_142848_945891680,-0.17039214
20241108_142850_197542552,-0.14481188
20241108_142850_445827418,-0.15295394
20241108_142850_692507369,-0.15286975
20241108_142850_941033934,-0.14170767
20241108_142851_688670175,-0.30545518
20241108_142851_938407097,-0.3457841
20241108_142852_694019721,-0.19784977
20241108_142852_947032479,-0.019504545
20241108_142854_201350687,-0.076945566
20241108_142854_951104779,-0.0120423045
20241108_142856_190677463,0.0018439684
20241108_142856_948374556,-0.03751912
20241108_142857_445283098,-0.039841436
20241108_142857_694679740,-0.030913671
20241108_142857_946377759,-0.2161393
20241108_142858_447751686,-0.15427496
20241108_142858_694380542,-0.12793161
20241108_142858_947024742,-0.11488225
20241108_142859_192798475,-0.09412911
20241108_142859_454554685,0.18545969
20241108_142859_701723838,0.07889465
20241108_142859_954684100,0.22762193
20241108_142900_199326068,0.38904175
20241108_142900_445317065,0.19665764
20241108_142900_698507620,0.38515386
20241108_142900_948655700,0.1464942
20241108_142901_195649050,-0.069671355
20241108_142901_449035357,-0.100018345
20241108_142901_943098628,-0.13706051
20241108_142902_194829977,-0.16137032
20241108_142902_443327480,-0.39699423
20241108_142902_690116763,-0.4493318
20241108_142902_943311093,-0.73304695
20241108_142903_207301434,-0.59837556
20241108_142903_454759395,-1.2273101
20241108_142903_692938141,-0.66288894
20241108_142903_942752257,-0.4450877
20241108_142904_197609206,-0.7035162
20241108_142904_444315344,0.16581814
20241108_142904_692414116,0.19197045
20241108_142904_941174809,-0.23398183
20241108_142905_194089139,-0.19926406
20241108_142905_445761853,-0.29146647
20241108_142905_696888527,-0.32384375
20241108_142905_947630667,-0.38608968
20241108_142906_197234403,-0.50202864
20241108_142906_446965268,-0.5853157
20241108_142906_691610809,-0.305802
20241108_142906_942587318,-0.46323198
20241108_142907_195258482,-0.3260861
20241108_142907_442824415,-0.62536794
20241108_142907_690846703,-1.3557687
20241108_142907_945269101,-2.2222292
20241108_142908_196436171,0.14662401
20241108_142908_443273266,0.045628704
20241108_142908_691053092,0.018139997
20241108_142908_943269451,-0.02394875
20241108_142909_194373426,-0.106101
20241108_142909_443489413,-0.08401307
20241108_142909_691239959,-0.014552018
20241108_142909_943666722,-0.06305619
20241108_142910_190708092,-0.035493754
20241108_142910_439244905,-0.021712383
20241108_142910_692927645,0.11708758
20241108_142910_942089322,0.14073156
20241108_142911_192454374,0.072803654
20241108_142911_944665832,-0.14224674
20241108_142912_196631732,-0.012044485
20241108_142912_448044081,-0.17617442
20241108_142912_700205251,-0.05149003
20241108_142912_951515464,0.012316147
20241108_142913_198185024,0.008954028
20241108_142913_447529876,-0.0012675729
20241108_142914_443223080,-0.002288958
20241108_142915_192816606,0.0116591845
20241108_142915_444875739,-0.038890384
20241108_142915_694286616,-0.06762894
20241108_142916_694201505,-0.08087357
20241108_142917_941990711,-0.08727326
20241108_142918_191046652,-0.06525334
20241108_142919_191846272,-0.115094565
20241108_142919_694135455,-0.017694077
20241108_142919_946513700,-0.012140354
20241108_142920_199349539,-0.02990683
20241108_142920_452192157,-0.0071503725
20241108_142920_952061248,-0.044825874
20241108_142921_192164401,-0.04950645
20241108_142921_443468902,0.061715282
20241108_142921_693071173,0.101335384
20241108_142921_940982164,0.062249817
20241108_142922_193581632,-0.093700014
20241108_142922_941085092,-0.042535983
20241108_142923_942300945,-1.0323077
20241108_142924_192509587,0.52092737
20241108_142924_443403819,1.3955681
20241108_142924_692566418,1.011943
20241108_142924_943359106,1.3766097
20241108_142925_190560899,1.0580721
20241108_142925_445319447,1.0134051
20241108_142925_695065457,0.8662348
20241108_142926_439852868,0.61785537
20241108_142926_688358119,0.30872092
20241108_142926_939593320,0.12229521
20241108_142927_192178725,-0.016460171
20241108_142927_444978587,0.14915912
20241108_142927_695719727,0.40864834
20241108_142927_943829990,0.57389927
20241108_142930_442280838,0.39199427
20241108_142930_690178648,0.31564116
20241108_142930_940988326,0.07176284
20241108_142931_192202860,-0.15155236
20241108_142931_691667787,-0.08394342
20241108_142932_193810650,-0.022608003
20241108_142932_444102591,-0.32519412
20241108_142932_691776092,-0.21982022
20241108_142933_193170884,-0.18173914
20241108_142934_440019029,-0.1623803
20241108_142934_692656806,-0.23464559
20241108_142935_695997266,-0.0103860255
20241108_142935_951463041,0.17327084
20241108_142936_203972149,0.1299601
20241108_142936_456027750,0.12599342
20241108_142937_194496436,0.07220755
20241108_142938_198354220,0.11810549
20241108_142938_953494482,0.26895604
20241108_142939_207369946,0.13316385
20241108_142939_453679783,0.017217437
20241108_142939_697102735,0.11762319
20241108_142939_948348328,0.3568874
20241108_142940_196612350,1.1247702
20241108_142940_448961891,-0.110830165
20241108_142940_704171309,-0.28218928
20241108_142940_956304032,0.147595
20241108_142941_206692045,0.14181927
20241108_142941_451053300,0.099029414
20241108_142941_695068608,0.13079958
20241108_142941_946913591,0.16442887
20241108_142942_192923197,2.188843
20241108_142942_443778902,-0.24591514
20241108_142942_697406207,-0.58853066
20241108_142942_944611612,-0.83502567
20241108_142943_194465911,-0.9665085
20241108_142943_449038749,-0.13664089
20241108_142943_701563918,0.025086699
20241108_142943_945278962,0.11604325
20241108_142944_191749718,0.1097829
20241108_142944_443925556,-0.4789489
20241108_142944_694560202,-0.5029947
20241108_142945_197025076,-0.58538884
20241108_142945_444511480,-0.38050148
20241108_142945_703623048,-0.30131623
20241108_142945_946518632,-0.08602953
20241108_142946_196675799,-0.22352746
20241108_142946_443820513,-0.92312753
20241108_142946_692543183,-0.49917036
20241108_142946_945039717,-0.4019995
20241108_142947_194853829,-0.36694098
20241108_142947_443916357,-0.2891828
20241108_142947_693066962,-0.28699577
20241108_142947_948762695,-0.27332547
20241108_142948_454651870,-0.17737462
20241108_142948_708564385,-0.024327988
20241108_142948_953750430,-0.0889742
20241108_142949_200953498,-0.13301052
20241108_142949_446853511,0.10134495
20241108_142949_695385148,0.115307726
20241108_142949_951880717,0.07737205
20241108_142950_199838707,0.2540621
20241108_142950_452553933,0.14344315
20241108_142951_697704092,0.11325727
20241108_142951_948071531,0.021158436
20241108_142952_448965058,0.045399286
20241108_142953_948035534,-0.124850534
20241108_142954_452707774,0.101029135
20241108_142954_701485730,-0.13396622
20241108_142954_958481602,-0.46702215
20241108_142955_207677746,-0.17784001
20241108_142955_458025228,-0.14098604
20241108_142955_703285138,-0.040747665
20241108_142955_951464704,-0.2458613
20241108_142956_197367059,-0.1723368
20241108_142956_451273657,-0.16546829
20241108_142956_697306001,-0.2618698
20241108_142956_948098654,-0.024188122
20241108_142957_197355348,0.01747925
20241108_142957_447535189,-0.020159325
20241108_142957_696125675,-0.049967907
20241108_142957_947529424,-0.22032197
20241108_142958_445619838,-0.14103909
20241108_142958_699822726,0.10785871
20241108_142958_948707165,0.21853875
20241108_142959_196874251,0.2262157
20241108_142959_448189698,0.24844392
20241108_142959_694871966,0.15587746
20241108_142959_947726885,-0.0058342423
20241108_143000_194540471,-0.11153873
20241108_143000_448008044,-0.15491019
20241108_143000_948138762,-0.16253169
20241108_143001_196789514,-0.020189485
20241108_143001_448252522,-0.001129603
20241108_143001_694770726,-0.08607241
20241108_143001_948836640,-0.7654626
20241108_143002_204263320,-0.45553422
20241108_143002_460199525,0.1275887
20241108_143002_714849061,0.0770875
20241108_143002_959692388,0.0982186
20241108_143003_205184627,0.15727718
20241108_143003_452063760,-0.03063651
20241108_143003_946419147,0.33284265
20241108_143004_202543713,0.34855828
20241108_143004_452508358,0.3196216
20241108_143005_444058055,0.33129296
20241108_143005_695937403,0.5171075
20241108_143005_951063815,0.3611481
20241108_143006_209061234,0.08099548
20241108_143006_454482928,0.057910778
20241108_143006_697464048,0.028974393
20241108_143007_196563545,0.087555654
20241108_143007_451821506,0.01301978
20241108_143007_697684351,-0.050604723
20241108_143007_948142381,0.04776112
20241108_143008_196695720,0.055790402
20241108_143008_442500544,0.09135381
20241108_143008_699652367,0.12368593
20241108_143008_950621904,-0.056125782
20241108_143009_445015644,0.0067180786
20241108_143009_944666094,0.07811407
20241108_143010_197046308,0.07743893
20241108_143010_445679021,0.16280924
20241108_143010_692821932,0.11329196
20241108_143010_945117239,0.05210475
20241108_143011_440637193,0.17345558
20241108_143011_690259645,0.8212571
20241108_143011_944686669,0.34364262
20241108_143012_197081055,-0.059945606
20241108_143012_449268279,-0.044527315
20241108_143012_690151571,0.08882291
20241108_143012_942970905,0.22643824
20241108_143013_193125175,-0.12773658
20241108_143013_446834946,-0.8212226
20241108_143013_700324103,-1.1041058
20241108_143013_958871949,0.7577378
20241108_143014_198302498,0.4438279
20241108_143014_442278275,0.47834888
20241108_143014_689501206,0.47364238
20241108_143014_947662056,0.1528744
20241108_143015_195169088,-0.04029932
20241108_143015_447715207,-0.36294952
20241108_143015_701951361,-0.037164412
20241108_143015_959419671,-0.07200893
20241108_143016_205911457,-0.8438783
20241108_143016_457342398,-0.43980488
20241108_143016_700636199,0.031220654
20241108_143016_954900527,0.03467927
20241108_143017_204125143,0.042527176
20241108_143017_464175473,0.5889457
20241108_143017_722074666,0.43284485
20241108_143017_970232956,0.30592486
20241108_143018_213183015,0.30720952
20241108_143018_457869631,0.26489744
20241108_143018_953821634,0.68292874
20241108_143019_200528369,0.8105849
20241108_143019_447724916,0.39781067
20241108_143019_695205021,-0.098703764
20241108_143019_945981428,-0.059797607
20241108_143020_950841312,-0.05225935
20241108_143021_201569897,0.0914943
20241108_143021_695139533,0.051981784
20241108_143021_946312202,-0.05984255
20241108_143022_697629992,-0.64697915
20241108_143022_953002684,0.08349608
20241108_143023_199665860,0.1367978
20241108_143023_463736355,0.19557121
20241108_143023_953754016,0.118721224
20241108_143024_204908718,-0.052335285
20241108_143024_456061901,-0.070122324
20241108_143024_703532090,-0.9078833
20241108_143024_960106405,-0.16594692
20241108_143025_197547319,-0.2911952
20241108_143025_448808284,-0.25224337
20241108_143025_694142285,-0.52940106
20241108_143025_948480765,-0.81869286
20241108_143026_193885219,-0.42373958
20241108_143026_448679783,0.08168378
20241108_143026_701240647,-0.011529278
20241108_143026_951268003,-0.030294817
20241108_143027_197428855,-0.05280497
20241108_143027_446512471,-0.22581135
20241108_143027_693652930,-0.10090955
20241108_143028_945385625,-0.100812934
20241108_143029_195342809,-0.38540474
20241108_143029_445601316,-0.261399
20241108_143029_693955083,-0.19095208
20241108_143029_942711306,-0.17628016
20241108_143030_193211370,-0.16512306
20241108_143030_439830836,-0.059869252
20241108_143030_939626003,-0.09860065
20241108_143031_193322406,-0.35665774
20241108_143031_445411304,-0.31131276
20241108_143031_950628407,-0.21133067
20241108_143032_194938005,-0.54485124
20241108_143032_451534605,-0.031162938
20241108_143032_696017135,-0.16291018
20241108_143032_945649241,-0.24021168
20241108_143033_197718461,-0.15773602
20241108_143033_446768653,-0.47040752
20241108_143033_694674626,-0.35049447
20241108_143033_952587777,-0.2810712
20241108_143034_197251479,-0.23943765
20241108_143034_450979397,-0.18666954
20241108_143034_948734501,-0.24187608
20241108_143035_448507819,-0.12311699
20241108_143035_701355534,-0.1497115
20241108_143035_946493408,-0.14882256
20241108_143036_195773580,-0.18358977
20241108_143036_696693369,-0.15189941
20241108_143036_946234304,0.13925149
20241108_143037_192054279,0.1803208
20241108_143038_193183177,0.059444405
20241108_143038_444843182,0.20909493
20241108_143038_691258187,0.13033204
20241108_143038_942200145,0.033812918
20241108_143039_193839299,0.04457984
20241108_143039_696834387,-0.21443303
20241108_143039_947780616,-0.2515938
20241108_143040_443799870,-0.14130522
20241108_143041_188235709,-0.039141975
20241108_143041_443220518,0.084899746
20241108_143041_696342732,0.07312039
20241108_143042_192087440,0.092141844
20241108_143042_946599429,0.03394387
20241108_143043_195653013,0.20210639
20241108_143043_449020704,0.18707524
20241108_143043_691021823,0.1679598
20241108_143043_942439996,0.12965356
20241108_143044_192551349,0.1626112
20241108_143044_448021124,0.19216435
20241108_143046_440102078,0.15279822
20241108_143046_687964331,-0.058821283
20241108_143046_939434157,-0.003349742
20241108_143047_192936381,0.030222157
20241108_143047_691632777,0.5012879
20241108_143047_945603950,0.0636392
20241108_143048_201752715,-0.009614309
20241108_143050_441001094,0.09434245
20241108_143050_690967079,0.20335416
20241108_143050_941202239,0.096274234
20241108_143051_191124410,0.044569053
20241108_143051_447701919,0.041696526
20241108_143051_939812100,0.17251448
20241108_143053_441954681,0.16499434
20241108_143053_940987488,0.11238662
20241108_143054_440479503,0.08061967
20241108_143055_439450307,0.115656115
20241108_143055_938865434,0.112036265
20241108_143056_190485456,0.14034878
20241108_143056_438253008,0.09970454
20241108_143056_938696455,0.13794152
20241108_143058_188153826,0.2392704
20241108_143058_691472748,0.18105637
20241108_143059_193256068,0.1861553
20241108_143059_441952386,0.19496928
20241108_143059_938960427,0.21210288
20241108_143100_189608248,-0.04306998
20241108_143100_443642946,-0.24640583
20241108_143100_692057207,0.36341694
20241108_143100_943263486,0.32597393
20241108_143101_192335824,0.17615847
20241108_143101_447179629,0.43243775
20241108_143101_702345809,0.21014084
20241108_143101_955464858,-0.0058628526
20241108_143102_200860461,-0.017779728
20241108_143102_457325700,-0.2446052
20241108_143102_704716276,-0.24511056
20241108_143102_951692772,-0.13775559
20241108_143103_199510675,-0.078932665
20241108_143103_444264298,-0.0421628
20241108_143103_692823851,-0.10942974
20241108_143104_205378082,-0.109134965
20241108_143104_451182424,-0.11013665
20241108_143104_951616294,-0.23660053
20241108_143105_198174967,-0.3159756
20241108_143105_450902781,-0.017073093
20241108_143105_705987133,0.46296075
20241108_143105_958064405,0.38646576
20241108_143106_201418261,0.5048414
20241108_143106_450683677,0.39099702
20241108_143106_700551456,-0.038692735
20241108_143106_952981148,-0.17832185
20241108_143107_197042984,-0.31502867
20241108_143107_454421696,-0.30483398
20241108_143107_700830716,-0.32390776
20241108_143108_199744706,-0.736304
20241108_143108_450632121,-2.5083256
20241108_143108_697564156,0.37129018
20241108_143108_950832537,0.65305996
20241108_143109_196389748,1.3494536
20241108_143109_445049037,0.5297134
20241108_143109_692851190,0.20921248
20241108_143109_944853806,-0.46919683
20241108_143110_196967169,-0.6157555
20241108_143110_446170394,-1.0052706
20241108_143110_694232629,-0.8796455
20241108_143110_945366885,-0.51151437
20241108_143111_192755339,-0.83894175
20241108_143111_945881200,0.039209522
20241108_143112_199303332,-0.021282217
20241108_143112_457931050,-0.95072937
20241108_143112_711863306,-0.02640836
20241108_143112_984501579,0.121361606
20241108_143113_237551466,0.62523276
20241108_143113_482323074,0.3719923
20241108_143113_725296366,0.1819657
20241108_143113_972820441,0.15009233
20241108_143114_219828677,0.13195758
20241108_143114_467464831,0.12183229
20241108_143115_453869439,-0.16620113
20241108_143115_699967514,-0.6299634
20241108_143115_950456639,-0.6268924
20241108_143116_197869344,-0.17374137
20241108_143116_451901905,0.050851278
20241108_143116_697185194,0.04390689
20241108_143116_948318697,-0.03880038
20241108_143117_194890180,-0.0704551
20241108_143117_448210058,-0.057926916
20241108_143117_696338113,0.15660088
20241108_143118_445656625,0.0768045
20241108_143118_694310051,0.50474757
20241108_143118_950778097,0.583754
20241108_143119_204370989,0.30853242
20241108_143119_460696493,0.20545019
20241108_143119_699029154,0.17205845
20241108_143119_946757293,0.16050003
20241108_143120_195699971,0.17563574
20241108_143120_448089355,0.17379515
20241108_143120_700465601,0.104763426
20241108_143120_941897841,0.1898657
20241108_143121_693672843,0.17583208
20241108_143121_942376528,0.16184907
20241108_143122_192756266,0.15611653
20241108_143123_192590108,0.051027335
20241108_143123_444900010,-0.2285799
20241108_143123_691467057,-1.2669846
20241108_143123_944506377,-0.510536
20241108_143124_199839608,-0.624335
20241108_143124_452653971,-0.5555562
20241108_143124_696255875,-0.5510569
20241108_143124_946359289,-0.0070015993
20241108_143125_195594003,0.11501185
20241108_143125_444139247,0.1951404
20241108_143125_693795538,0.082446195
20241108_143125_941480767,0.04292599
20241108_143126_189302180,0.040500976
20241108_143126_940246038,0.05849854
20241108_143127_191858123,-0.22568248
20241108_143127_456076839,-0.06056159
20241108_143127_705329106,-0.059183262
20241108_143127_957644367,0.12814276
20241108_143128_201561557,-0.004050901
20241108_143128_447223573,-0.008604249
20241108_143128_694933131,-0.021510443
20241108_143129_954582951,0.001066098
20241108_143130_198847402,-0.04086133
20241108_143130_446433175,-0.1425301
20241108_143130_941471586,-0.12489071
20241108_143131_191908272,-0.17882703
20241108_143131_461565382,-0.09394791
20241108_143131_711440482,-0.105751894
20241108_143131_954646593,-0.00722613
20241108_143132_199003921,0.09316272
20241108_143132_448137511,-0.01258566
20241108_143132_947028717,-0.008331856
20241108_143133_192559499,-0.012862345
20241108_143133_692097331,-0.24282825
20241108_143133_955774687,0.8477203
20241108_143134_207680803,-0.43090007
20241108_143134_454388034,-0.29503694
20241108_143134_698898091,-0.25261873
20241108_143135_448922655,-0.08875015
20241108_143135_694716289,-0.275892
20241108_143135_949474347,-0.19305737
20241108_143136_198384179,-0.17358644
20241108_143137_190484517,-0.23609759
20241108_143137_444124341,-0.4013452
20241108_143137_962287448,0.16851816
20241108_143138_205555358,0.08651427
20241108_143138_947168513,-0.031408273
20241108_143139_447125173,-0.026408276
20241108_143140_448164334,-0.12485858
20241108_143142_195299476,-0.13881488
20241108_143142_443580667,-0.18846233
20241108_143142_692967606,-0.1672662
20241108_143142_943648370,-0.08176639
20241108_143143_195022777,-0.055906795
20241108_143143_445327341,-0.073117696
20241108_143143_945302344,-0.040873908
20241108_143145_940896046,0.1603388
20241108_143147_694896314,0.09650204
20241108_143148_450108918,0.08811543
20241108_143148_695483305,0.2280602
20241108_143148_952299316,-0.5034625
20241108_143149_203192766,-0.26402873
20241108_143149_450570067,-0.1634338
20241108_143149_692545273,-0.30315384
20241108_143150_695031715,-0.24755262
20241108_143150_946121609,0.5667382
20241108_143151_194633858,0.38848984
20241108_143151_441203562,0.24539138
20241108_143151_689409888,0.14980744
20241108_143152_187797031,0.11233295
20241108_143152_442100694,0.15334575
20241108_143152_689096409,0.16894905
20241108_143153_443895714,0.46885324
20241108_143153_689265237,0.40801996
20241108_143153_948514738,0.47789183
20241108_143154_689813682,0.3515608
20241108_143155_198039154,0.17432277
20241108_143155_446983091,0.19802026
20241108_143155_943076503,0.20530973
20241108_143156_190270778,0.4197845
20241108_143156_450039679,1.0406439
20241108_143156_702422650,-0.2640483
20241108_143156_961221683,-0.16065125
20241108_143157_216903013,0.020031804
20241108_143157_469142098,-0.3500928
20241108_143157_718241800,-0.6067577
20241108_143157_963328366,-0.7190528
20241108_143158_205343031,-0.5716757
20241108_143158_459014064,-0.36221713
20241108_143158_703216869,-0.1314565
20241108_143158_954357821,-0.13535981
20241108_143159_445529354,-0.042030796
20241108_143159_692692625,-0.11680265
20241108_143159_942136400,-0.0655446
20241108_143200_194615495,-0.20920004
20241108_143200_445185831,-0.6074917
20241108_143200_700964697,-0.5178844
20241108_143200_957446618,-0.23888518
20241108_143201_207389027,-0.5117355
20241108_143202_206930087,-0.5178025
20241108_143202_464254628,0.067963995
20241108_143202_705658069,-0.21985336
20241108_143202_958441920,-0.095995866
20241108_143203_202771133,-0.23856564
20241108_143203_451906830,-0.31036916
20241108_143203_700789112,-0.104905926
20241108_143203_951958241,0.20197214
20241108_143204_197379382,0.18186732
20241108_143204_448623474,0.08881924
20241108_143204_694401898,0.055732466
20241108_143205_445969403,0.10639701
20241108_143205_959312183,0.057094194
20241108_143206_215777123,0.012721041
20241108_143207_449466348,0.18742113
20241108_143207_702765005,0.20236515
20241108_143207_953363031,0.027298847
20241108_143208_198626702,0.005182842
20241108_143209_209505704,0.042044736
20241108_143209_459385086,0.03488914
20241108_143210_694197414,0.20409568
20241108_143210_951837395,0.19062744
20241108_143211_699620264,0.17844333
20241108_143212_451673534,0.21319135
20241108_143212_699822542,0.35857874
20241108_143213_703002640,0.8078537
20241108_143213_964690998,0.71814644
20241108_143214_206611819,0.40754023
20241108_143214_701122029,0.09972099
20241108_143214_950541896,-0.22597767
20241108_143215_199029356,-0.27008915
20241108_143215_705511577,-0.027269622
20241108_143215_957572111,0.06360743
20241108_143216_200160368,0.11866454
20241108_143216_948258373,0.067832984
20241108_143217_194602625,0.25908065
20241108_143217_445541619,0.27400613
20241108_143217_692989476,0.269173
20241108_143219_443524902,0.21518211
20241108_143219_942318499,0.25843328
20241108_143221_191756432,0.3874925
20241108_143221_447212136,0.5505751
20241108_143221_696510080,0.5420087
20241108_143221_942668267,0.7308466
20241108_143222_193175882,-0.26309782
20241108_143222_442253497,0.8060882
20241108_143222_694709841,0.5776167
20241108_143222_949090013,0.76705366
20241108_143223_198348284,0.43792343
20241108_143223_455230289,-0.026551774
20241108_143223_703212171,1.2035292
20241108_143223_957338223,1.2442487
20241108_143224_204724894,0.84072006
20241108_143224_449456777,1.066613
20241108_143224_701778466,0.8626217
20241108_143224_953053037,0.4526819
20241108_143225_205042154,0.74798995
20241108_143225_453226310,1.1590775
20241108_143225_700582013,1.3961902
20241108_143225_951537787,0.66703725
20241108_143226_195517118,0.22033297
20241108_143226_443616356,0.32356438
20241108_143226_691559245,0.39053887
20241108_143226_941234570,0.7727007
20241108_143227_191959060,0.52694654
20241108_143227_444301508,0.28408396
20241108_143227_689692612,0.66542023
20241108_143227_941154721,0.5140011
20241108_143228_191691179,0.48523155
20241108_143228_689308015,0.43691012
20241108_143229_189339397,0.5517848
20241108_143229_440345087,0.15723167
20241108_143229_938093577,0.2161486
20241108_143230_691874663,-0.15257873
20241108_143230_942484513,0.022043148
20241108_143231_192252230,-0.09761273
20241108_143231_445238181,0.48715803
20241108_143231_696299501,0.37435147
20241108_143231_946419944,0.2394645
20241108_143232_194186407,0.21785854
20241108_143232_443780198,0.08259598
20241108_143232_689133821,0.20591585
20241108_143232_945960102,0.14880519
20241108_143233_195932373,0.36583963
20241108_143233_454044780,0.26547435
20241108_143233_696019763,0.25685263
20241108_143234_187710370,0.2508481
20241108_143234_947919503,0.30384004
20241108_143235_200029777,0.22631739
20241108_143235_459712696,0.57806593
20241108_143235_705568677,0.5354107
20241108_143235_957582864,0.38031575
20241108_143236_201854413,0.36062136
20241108_143236_453147618,0.45298755
20241108_143236_700875276,0.53872365
20241108_143236_950284551,0.48793283
20241108_143237_197372090,0.5675574
20241108_143237_451252571,0.40557283
20241108_143237_696240933,0.43644056
20241108_143237_947153683,0.5111426
20241108_143238_193513915,0.42711678
20241108_143238_445785468,-0.34360087
20241108_143238_692793718,-0.22317864
20241108_143238_947796347,-0.13135983
20241108_143239_197337567,-0.17397638
20241108_143239_449405437,-0.26024646
20241108_143239_698666356,-0.276871
20241108_143239_951791676,0.023965908
20241108_143240_202014574,0.1118935
20241108_143240_453142967,0.3075141
20241108_143240_699058859,0.15775596
20241108_143241_202146349,0.13548608
20241108_143241_451381639,0.13971035
20241108_143241_698116324,0.095358886
20241108_143241_958013034,-0.038453065
20241108_143242_200524553,-0.1831276
20241108_143242_448373506,-0.10131534
20241108_143242_694492786,-0.003890833
20241108_143242_945562436,0.0025417265
20241108_143243_699039045,0.046195306
20241108_143243_947613975,0.06632165
20241108_143244_199387320,0.019372324
20241108_143244_946543485,0.017128864
20241108_143245_193645517,0.016596476
20241108_143246_448986923,0.052244164
20241108_143246_947872514,0.011844078
20241108_143247_199006377,-0.03883346
20241108_143247_451110948,0.075164
20241108_143247_697479222,0.045316912
20241108_143247_946352064,0.0750374
20241108_143248_193079690,-0.039897703
20241108_143249_692684392,-0.026027462
20241108_143249_950316826,-0.054514788
20241108_143250_449321849,-0.052404366
20241108_143250_702978362,0.06216166
20241108_143250_953834178,-0.0016446318
20241108_143251_198285149,-0.02811583
20241108_143251_449307521,0.012723843
20241108_143251_695047735,-0.00036313199
20241108_143252_444542667,0.042384125
20241108_143252_698559197,0.055099346
20241108_143253_197058301,0.07422171
20241108_143253_697643850,0.083243765
20241108_143253_948351867,0.06327573
20241108_143254_447360655,0.06258509
20241108_143254_942217538,0.21058945
20241108_143256_194093479,0.07693962
20241108_143256_446507376,0.26726532
20241108_143256_691355946,0.2603088
20241108_143258_457626869,0.226835
20241108_143258_702585985,0.2418484
20241108_143258_947333598,0.37596658
20241108_143259_201613559,1.8692659
20241108_143259_450370224,-0.38405696
20241108_143259_702538121,-1.3342253
20241108_143259_951710293,-1.0838563
20241108_143300_201961612,-0.47099707
20241108_143300_463264940,-0.14186439
20241108_143300_702895158,-0.10168994
20241108_143300_948189527,-0.15230666
20241108_143301_201443468,-0.197899
20241108_143301_455812348,-0.30438492
20241108_143301_704425587,-0.18792488
20241108_143301_964038981,-0.2676903
20241108_143302_214192221,-0.24437304
20241108_143302_459210779,-0.6710681
20241108_143302_704738972,-0.62298495
20241108_143303_450553212,-0.8885085
20241108_143303_709111276,-0.5796978
20241108_143303_966469500,0.021934295
20241108_143304_217077500,2.4608345
20241108_143304_485476204,0.09658069
20241108_143304_738447482,0.23958151
20241108_143304_999087196,0.04374239
20241108_143305_238592218,0.038382508
20241108_143305_488640498,0.072313346
20241108_143305_728913023,0.11062131
20241108_143305_974991564,0.10001967
20241108_143306_226631316,0.067684926
20241108_143306_470922881,0.08494965
20241108_143306_715576649,0.034227647
20241108_143306_975883355,-0.16772203
20241108_143307_216998434,0.12990719
20241108_143307_460809694,-0.014226444
20241108_143307_708384619,0.10607148
20241108_143307_971375071,0.6313037
20241108_143308_218330398,0.20991354
20241108_143308_460895108,0.00033805706
20241108_143308_704616091,-0.014901301
20241108_143308_961585969,-0.06205251
20241108_143309_211039346,-0.027248165
20241108_143309_461525421,0.0010332856
20241108_143309_713149849,0.007384399
20241108_143309_962545413,0.043433882
20241108_143310_203758684,0.39067864
20241108_143310_453298725,0.3905382
20241108_143310_718720252,0.3663307
20241108_143310_963871407,0.2644336
20241108_143311_207458976,0.2070307
20241108_143311_456976261,0.26145712
20241108_143311_955730226,-0.06583633
20241108_143312_209294955,0.07560227
20241108_143312_700793712,0.12787704
20241108_143313_201928698,0.09157745
20241108_143313_458129472,0.10469172
20241108_143313_708988692,0.18847756
20241108_143313_961051197,0.091849186
20241108_143314_212477400,0.035215534
20241108_143314_460548696,0.03697238
20241108_143314_709129432,0.021603862
20241108_143314_959422837,0.07572023
20241108_143315_219322709,0.10032315
20241108_143315_469238540,0.42490208
20241108_143315_715431171,0.41797343
20241108_143315_966115798,0.47213617
20241108_143316_219815965,1.7227831
20241108_143316_492307309,0.03276007
20241108_143316_748254657,-0.30864498
20241108_143316_996842352,0.17836373
20241108_143317_242080548,0.1401254
20241108_143317_494172941,0.44335443
20241108_143317_737040232,0.32183433
20241108_143317_989664416,0.36770657
20241108_143318_228472015,0.4097412
20241108_143318_464216739,-0.05839964
20241108_143318_711953066,-0.10188653
20241108_143318_960579611,-0.07013919
20241108_143319_210917455,-0.019028505
20241108_143319_461502568,0.43615198
20241108_143319_711975107,0.33278424
20241108_143319_965932963,0.40675798
20241108_143320_202334939,0.40601036
20241108_143320_459495137,0.38652733
20241108_143320_964020095,0.5094669
20241108_143321_214231824,1.52998
20241108_143321_462024411,0.36460933
20241108_143321_707637725,0.07344405
20241108_143321_956209908,0.101169296
20241108_143322_210478436,0.11679902
20241108_143322_465934847,0.19830711
20241108_143322_718113513,0.37172034
20241108_143322_961603932,0.38617876
20241108_143323_206164465,0.25046787
20241108_143323_719145876,0.41665825
20241108_143323_965107867,-0.016634366
20241108_143324_206856361,-0.14636596
20241108_143324_457609259,0.17329067
20241108_143324_953815174,0.26455882
20241108_143325_201106633,0.258356
20241108_143325_453957197,-0.047618054
20241108_143325_708165957,-0.025189063
20241108_143325_958088727,-0.0056092944
20241108_143326_207817631,-0.0138672795
20241108_143326_464078874,-0.47931457
20241108_143326_710615127,-0.36163908
20241108_143326_962807945,-0.8240426
20241108_143327_209925764,-0.31077018
20241108_143327_462503557,-0.090461455
20241108_143327_952122293,-0.026535293
20241108_143328_199037418,-0.17176117
20241108_143328_450750330,0.20355959
20241108_143328_702195568,0.36028257
20241108_143328_946682493,0.5960905
20241108_143329_194415275,0.43222842
20241108_143329_445998603,0.46630752
20241108_143329_698581604,0.5602465
20241108_143329_957374337,-0.020033786
20241108_143330_213201599,-0.2529551
20241108_143330_458614526,0.07093841
20241108_143330_703993162,-0.026990851
20241108_143330_953884956,-0.3097966
20241108_143331_198288391,0.6381706
20241108_143331_451133662,0.1983097
20241108_143331_703308208,0.43933564
20241108_143331_958334260,0.5046659
20241108_143332_196865537,0.55258745
20241108_143332_456520057,1.607243
20241108_143332_698928163,0.1343519
20241108_143332_956527078,2.1204438
20241108_143333_213212128,0.11714796
20241108_143333_463795749,2.1179144
20241108_143333_707056624,-0.18745445
20241108_143333_957565484,0.85765684
20241108_143334_207265430,-1.5771703
20241108_143334_464000957,-0.8482994
20241108_143334_703756687,-0.40443075
20241108_143334_952834564,0.26186386
20241108_143335_203968493,0.30155778
20241108_143335_450872841,0.30655113
20241108_143335_706576871,0.34563377
20241108_143335_959478693,0.81505865
20241108_143336_199549563,0.16973929
20241108_143336_459401175,0.46996912
20241108_143336_705976540,0.44130585
20241108_143336_952984125,0.50392
20241108_143337_199929463,1.6249686
20241108_143337_454565363,0.90568876
20241108_143337_699318614,0.3839967
20241108_143337_959325514,1.0200056
20241108_143338_201269704,0.41644654
20241108_143338_452429854,0.48589495
20241108_143338_697862075,0.026945004
20241108_143338_953103489,-0.04777693
20241108_143339_207820240,-1.1827166
20241108_143339_459487429,-0.4339222
20241108_143339_710275364,-0.12956184
20241108_143339_961277726,0.40754187
20241108_143340_202335122,0.26548085
20241108_143340_453020146,0.27259353
20241108_143340_705245647,1.3233348
20241108_143340_962783599,0.7023446
20241108_143341_204293499,0.22763534
20241108_143341_462411298,0.25545678
20241108_143341_707266614,0.24877147
20241108_143341_952960295,0.15278834
20241108_143342_202339752,0.17598508
20241108_143342_452798666,0.24678348
20241108_143342_702768862,0.80785197
20241108_143342_960697461,0.00024921075
20241108_143343_211657741,0.14550273
20241108_143343_454601848,-0.4783428
20241108_143343_697990777,-0.7055835
20241108_143343_951120385,-1.3709427
20241108_143344_208931483,0.21332674
20241108_143344_458877286,0.8052544
20241108_143344_700409262,0.4202592
20241108_143344_952712062,0.21883678
20241108_143345_196315281,0.18447661
20241108_143345_451314353,0.11029414
20241108_143345_697137487,-0.21817727
20241108_143345_952545938,-0.44551003
20241108_143346_217173555,-0.16319229
20241108_143346_465637091,-0.1454754
20241108_143346_708705534,-0.15835471
20241108_143346_961348284,0.0036001895
20241108_143347_203085635,0.058429226
20241108_143347_471093163,0.29029244
20241108_143347_714350896,0.3393219
20241108_143347_975714107,0.14322357
20241108_143348_217935213,-0.05650129
20241108_143348_457883601,0.06545869
20241108_143348_703991230,-0.0339789
20241108_143348_958708466,0.029853025
20241108_143349_209454603,-0.22377332
20241108_143349_460430938,-0.17941017
20241108_143349_707668086,-1.5211366
20241108_143349_956090496,-0.8313536
20241108_143350_197814127,-0.9064965
20241108_143350_452846420,0.7683404
20241108_143350_705070183,0.2862938
20241108_143350_963300131,0.41585588
20241108_143351_212208729,0.38024884
20241108_143351_463083520,-0.26739106
20241108_143351_706564814,0.18459906
20241108_143351_955879632,0.8135516
20241108_143352_199458385,1.3419576
20241108_143352_455769554,0.29968038
20241108_143352_707041394,-0.5929886
20241108_143352_949679641,-1.1091193
20241108_143353_204135195,0.34642366
20241108_143353_457701215,0.14629762
20241108_143353_708463491,0.26609582
20241108_143353_967866087,0.186098
20241108_143354_215420222,-0.124563776
20241108_143354_479230135,-0.18387179
20241108_143354_714666321,-0.20057283
20241108_143354_959943030,0.21525171
20241108_143355_208696461,0.48519048
20241108_143355_461042794,0.64575535
20241108_143355_710263832,0.31430942
20241108_143355_958386957,0.0070829187
20241108_143356_203754291,0.108138
20241108_143356_453638321,0.17277555
20241108_143356_698452129,0.11331437
20241108_143356_946603467,-0.052832507
20241108_143357_201779755,-0.28822535
20241108_143357_454605971,-0.33244652
20241108_143357_702218379,-0.23678152
20241108_143357_953733927,-0.19164746
20241108_143358_200848447,-0.019548317
20241108_143358_953919316,-0.1376396
20241108_143359_200328420,-0.68332046
20241108_143359_456268666,-0.053547226
20241108_143359_714266644,0.18369828
20241108_143359_955451035,0.2979475
20241108_143400_211124266,0.3025892
20241108_143400_452107650,0.14181022
20241108_143400_713637542,-0.14483102
20241108_143400_956610539,0.018550614
20241108_143401_206454553,0.23889385
20241108_143401_455444209,-0.24185331
20241108_143401_701961432,-0.3705792
20241108_143401_955965602,-0.29102787
20241108_143402_207992330,-0.26951414
20241108_143402_454832578,-0.26750675
20241108_143402_694888690,-0.2850315
20241108_143402_950845715,-0.18021552
20241108_143403_197009267,-0.19391207
20241108_143403_445020178,-0.33902994
20241108_143403_693381105,-0.3043103
20241108_143403_946727499,-0.7033464
20241108_143404_195018355,-0.53372556
20241108_143404_447670616,-1.8506674
20241108_143404_696815618,-0.5367726
20241108_143404_961866156,-0.118734024
20241108_143405_213272483,0.41030958
20241108_143405_463241414,0.17494504
20241108_143405_705870881,0.30712473
20241108_143405_955675585,-0.34539095
20241108_143406_203046126,-0.47099766
20241108_143406_453654711,-0.17096026
20241108_143406_704117923,-0.044509105
20241108_143407_197848741,-0.049598478
20241108_143407_454668544,-0.15915348
20241108_143407_704337759,-0.15418483
20241108_143407_964281774,-0.16333391
20241108_143408_211937999,-0.13834648
20241108_143408_451272946,-0.118189536
20241108_143408_960893050,-0.20412214
20241108_143409_202057641,-0.15040697
20241108_143409_703245909,-0.13158812
20241108_143410_700504796,0.103192665
20241108_143410_949581279,0.088471055
20241108_143411_203086183,0.50595105
20241108_143411_453084662,0.385412
20241108_143411_697442824,0.29252246
20241108_143411_947146839,0.06706933
20241108_143412_195785373,-0.06382807
20241108_143412_452793168,-0.30419812
20241108_143412_698382372,-0.45809937
20241108_143412_946108504,-0.4018111
20241108_143413_452311339,-1.0724049
20241108_143413_698446970,-1.0560383
20241108_143413_948330724,-0.2652042
20241108_143414_202312842,-0.97274864
20241108_143414_456487101,0.20344548
20241108_143414_694694433,0.8599757
20241108_143414_944340987,-0.5845578
20241108_143415_195138583,-0.46480626
20241108_143415_447847987,-0.19348718
20241108_143415_696944017,-0.4520146
20241108_143415_952197790,-0.42939058
20241108_143416_207734022,-0.47540262
20241108_143416_463203022,-0.4603266
20241108_143416_704745181,0.12756644
20241108_143416_969166337,-0.13081989
20241108_143417_211325785,-0.076999865
20241108_143417_702672483,-0.04064425
20241108_143417_960047030,-0.36193663
20241108_143418_202772692,-0.1844203
20241108_143418_454966558,0.18065327
20241108_143418_697392230,0.05583606
20241108_143419_198164088,0.013894299
20241108_143419_451161286,-0.009596607
20241108_143420_448182579,-0.14080878
20241108_143420_696712857,0.1058541
20241108_143420_946380040,0.3999457
20241108_143421_198089114,0.3778269
20241108_143421_446011589,0.0050002728
20241108_143421_690890013,-0.110885285
20241108_143421_944770439,-0.14998658
20241108_143422_194493425,-0.28899536
20241108_143422_443736880,-0.2712206
20241108_143422_698900075,-0.32492155
20241108_143422_953091602,-0.30849394
20241108_143423_204332544,-0.33889
20241108_143423_453016287,-0.2783065
20241108_143423_699105780,-0.28792924
20241108_143423_949807145,0.20159931
20241108_143424_199434117,0.053293325
20241108_143424_454410561,-0.043939196
20241108_143424_696286572,-0.94261885
20241108_143424_943432473,-0.3890363
20241108_143425_190392969,0.07203381
20241108_143425_441001256,0.36534214
20241108_143425_693097231,0.27437815
20241108_143425_946931632,0.17434616
20241108_143426_193934422,0.15620206
20241108_143426_447987781,0.25881147
20241108_143426_695493341,0.18137406
20241108_143426_943345286,-0.40408602
20241108_143427_187433234,-0.26271695
20241108_143427_439348153,-0.36146772
20241108_143428_197276234,-1.1764473
20241108_143428_445156535,-0.74059623
20241108_143428_695546633,-0.3959693
20241108_143428_948408953,-0.54812795
20241108_143429_197386052,0.45030823
20241108_143429_452830220,0.0528873
20241108_143429_700980617,0.12791757
20241108_143429_957675702,0.017945865
20241108_143430_201419191,-0.09320959
20241108_143430_448336082,0.6705298
20241108_143430_695542877,0.26843235
20241108_143430_952599862,0.19216375
20241108_143431_206280143,-0.1604499
20241108_143431_464443781,-0.35505307
20241108_143431_718380621,-0.10946473
20241108_143431_972709999,-0.39556357
20241108_143432_213386860,-0.2304705
20241108_143432_459593305,-0.30032995
20241108_143432_717247804,-0.3081365
20241108_143432_963855270,-0.2856407
20241108_143433_208953448,-0.30845907
20241108_143433_460072957,-0.85450643
20241108_143433_702641894,-0.6976022
20241108_143433_951036720,-0.35979745
20241108_143434_197117462,-0.31002507
20241108_143434_446616373,-0.29199776
20241108_143434_695513136,-0.16289724
20241108_143435_195393406,-0.24671133
20241108_143435_449923365,-0.34415987
20241108_143435_703936495,-0.8424862
20241108_143435_955579762,-0.7765888
20241108_143436_202227044,-0.70324814
20241108_143436_458871021,0.26803485
20241108_143436_702233535,0.07414905
20241108_143436_950277715,-0.08718046
20241108_143437_201240268,0.0025953446
20241108_143437_451701490,0.19424455
20241108_143437_704943098,0.16801278
20241108_143437_954375720,0.12889127
20241108_143438_201361998,0.22032018
20241108_143438_446460204,0.17859225
20241108_143438_695768536,0.12974243
20241108_143438_951750015,-0.29521647
20241108_143439_202834405,-0.06273117
20241108_143439_455976504,-0.07998534
20241108_143439_957023865,-0.060928844
20241108_143440_214094031,0.14103927
20241108_143440_472479178,0.65673685
20241108_143440_724861886,0.12473247
20241108_143440_978591846,0.087718286
20241108_143441_213864331,-0.25051853
20241108_143441_464489726,-0.34304735
20241108_143441_704652005,-0.074452214
20241108_143441_973031478,-0.33715445
20241108_143442_213663863,0.02505383
20241108_143442_709175975,-0.10688346
20241108_143442_957372019,-0.29774788
20241108_143443_200039941,-0.09320717
20241108_143443_453149502,0.090680964
20241108_143443_698628763,0.52171355
20241108_143443_952690509,0.16900818
20241108_143444_207631950,0.11176471
20241108_143444_952811582,-0.02917107
20241108_143445_197206898,-0.7454367
20241108_143445_449143238,0.15432052
20241108_143445_703800568,0.86132705
20241108_143445_962217591,0.21149017
20241108_143446_219870554,-0.25280735
20241108_143446_479444543,-0.21096994
20241108_143446_717785923,-0.75164074
20241108_143446_973256745,-0.2269619
20241108_143447_216619293,-0.12620033
20241108_143447_459962381,0.048233427
20241108_143447_709415598,0.093557514
20241108_143447_954321879,0.18157978
20241108_143448_203308673,-0.49571723
20241108_143448_458012026,0.10831604
20241108_143448_707606406,0.12419564
20241108_143448_958770555,0.18834434
20241108_143449_203373095,-0.11243906
20241108_143449_451159735,0.34807456
20241108_143449_699467079,0.058286488
20241108_143449_955775213,0.07777522
20241108_143450_200622675,-0.10493972
20241108_143450_456067664,-0.039529465
20241108_143450_702240959,-0.81626225
20241108_143450_947552880,-0.38074628
20241108_143451_446166632,-0.14110394
20241108_143451_693333244,0.4909831
20241108_143451_944145879,0.40683323
20241108_143452_203434153,0.43791094
20241108_143452_449190755,0.17511132
20241108_143452_693574464,0.10032246
20241108_143452_950208278,0.3861556
20241108_143453_198977150,0.19090657
20241108_143453_951154046,0.10795716
20241108_143454_197919049,1.1327767
20241108_143454_448807444,1.0577384
20241108_143454_695588854,0.69949675
20241108_143454_946751225,0.30566356
20241108_143455_193098408,-0.36011735
20241108_143455_441400434,-0.14820507
20241108_143455_693012460,-0.28621116
20241108_143455_945178295,-0.66366285
20241108_143456_442479283,0.6799817
20241108_143456_688847710,0.8999433
20241108_143456_940411144,1.1567271
20241108_143457_191368838,0.8787264
20241108_143457_443474108,0.7723716
20241108_143457_939995377,0.7774655
20241108_143458_190827653,0.21776615
20241108_143458_442986537,0.17613675
20241108_143458_692521866,0.11103583
20241108_143458_942723421,0.14745466
20241108_143459_193258487,0.046484508
20241108_143459_442783787,-0.03270381
20241108_143459_694966330,0.022685805
20241108_143459_953559556,-0.35683402
20241108_143500_196560358,-1.6954492
20241108_143500_460721453,-1.7133049
20241108_143500_696814590,0.9180374
20241108_143500_950080422,0.33487985
20241108_143501_201730667,0.34736916
20241108_143501_455030956,0.24755354
20241108_143501_700299818,0.40701997
20241108_143501_948713853,0.21572043
20241108_143502_197452899,0.20329262
20241108_143502_446006574,0.12229214
20241108_143502_694856516,0.12347511
20241108_143502_943848466,0.06934897
20241108_143503_190738250,0.056405492
20241108_143503_453881875,0.33256814
20241108_143503_695982747,0.22407164
20241108_143503_950961847,1.0243155
20241108_143504_202733619,0.3363859
20241108_143504_448477055,0.6707043
20241108_143504_697586717,0.85737365
20241108_143504_953676039,-0.055674993
20241108_143505_202948519,0.92267066
20241108_143505_469830900,0.6204725
20241108_143505_722661706,1.7635102
20241108_143505_967822957,-0.09291281
20241108_143506_221957946,-0.45199454
20241108_143506_464683931,-0.4436827
20241108_143506_706738416,-0.48262787
20241108_143506_964767577,-0.2330884
20241108_143507_947671036,-0.327583
20241108_143508_443743629,-0.27747008
20241108_143508_691663583,-1.0702786
20241108_143508_942945711,-0.41274112
20241108_143509_193909660,-0.1590252
20241108_143509_441930590,-0.18043841
20241108_143509_692894246,-0.0449005
20241108_143509_943265252,-0.82581145
20241108_143510_192706749,-0.6922084
20241108_143510_455809281,-0.6887559
20241108_143510_692422117,-0.58867604
20241108_143510_946057734,-0.4530441
20241108_143511_196074895,-0.3718125
20241108_143511_451889776,-0.40667778
20241108_143512_444894414,-0.37589195
20241108_143512_696053393,-0.1645539
20241108_143512_951739952,-0.10441899
20241108_143513_196556396,0.14975694
20241108_143513_449591613,0.15886763
20241108_143513_700931918,-0.05178474
20241108_143513_947889098,-0.17370011
20241108_143514_191264799,-0.19311525
20241108_143514_445417373,-0.09297391
20241108_143514_697168011,0.31386447
20241108_143514_945475388,0.16300164
20241108_143515_443958181,0.034743764
20241108_143515_692643414,0.5391571
20241108_143515_945194052,0.25973278
20241108_143516_199303476,0.20234768
20241108_143516_445518278,0.2938566
20241108_143516_694720270,0.336354
20241108_143517_208379424,0.3890014
20241108_143517_471790650,0.16670601
20241108_143517_709376147,0.2877079
20241108_143517_952715970,0.4695502
20241108_143518_199520223,0.7438375
20241108_143518_451010234,0.52868706
20241108_143518_701929520,0.34317952
20241108_143518_952363675,0.19479619
20241108_143519_450165150,0.062108614
20241108_143519_700277516,0.100128435
20241108_143519_949951202,0.24586402
20241108_143520_200831292,0.16221587
20241108_143520_451267271,0.14376992
20241108_143520_700263350,-0.34152135
20241108_143520_950762655,-0.06588175
20241108_143521_199487271,-0.48541048
20241108_143521_446437267,-1.0429323
20241108_143521_692309667,-0.542792
20241108_143521_945546386,-0.28696957
20241108_143522_449622193,-0.18145229
20241108_143523_192380471,-0.26258814
20241108_143523_445414634,-0.066847436
20241108_143523_695442176,-0.16311266
20241108_143523_943984564,-0.10420822
20241108_143524_197086736,-0.05471798
20241108_143524_451905266,-0.20467483
20241108_143524_702228636,-0.40568343
20241108_143524_948812594,-0.95019203
20241108_143525_204434818,0.22533552
20241108_143525_469723005,-0.29039708
20241108_143525_716095215,-0.43573394
20241108_143525_957685921,0.11650977
20241108_143526_194397871,0.6379717
20241108_143526_448118260,0.85759723
20241108_143526_700546829,0.5421091
20241108_143526_948510686,0.41303116
20241108_143527_194977878,0.39173666
20241108_143528_200163620,0.48832032
20241108_143528_451748224,0.40532655
20241108_143528_691249808,0.39232042
20241108_143528_944992404,0.4060779
20241108_143529_200641777,0.35474867
20241108_143529_449141424,0.5059191
20241108_143529_700369957,0.1664687
20241108_143529_959957756,-0.47008333
20241108_143530_203027691,-0.4435472
20241108_143530_458999627,-0.2157935
20241108_143530_706063783,0.58238304
20241108_143530_955709436,0.23162197
20241108_143531_201083354,0.18550472
20241108_143531_451673379,-0.2724816
20241108_143531_702458293,-0.05427461
20241108_143531_961117829,-0.096731625
20241108_143532_198617536,-0.1447552
20241108_143532_449729784,-0.14080764
20241108_143532_944464197,-0.13750677
20241108_143533_695033367,-0.08130091
20241108_143533_945207282,0.06300316
20241108_143534_450178784,0.048039444
20241108_143535_193952500,-0.00014933012
20241108_143535_443607381,0.38141122
20241108_143535_699001718,0.64768577
20241108_143535_948812816,0.3429345
20241108_143536_200173077,0.31572542
20241108_143536_450218503,0.32058308
20241108_143536_696418238,0.43619806
20241108_143536_953417589,0.24488913
20241108_143537_199188537,0.25780216
20241108_143537_450116859,0.27936935
20241108_143537_699044713,0.008414069
20241108_143537_948150533,0.019055584
20241108_143538_192283016,-0.24645902
20241108_143538_443710466,-0.2749743
20241108_143539_202921045,-0.19579913
20241108_143539_450728071,-1.584462
20241108_143539_700583377,-0.67609686
20241108_143539_958960562,-0.02119713
20241108_143540_204108945,0.7169638
20241108_143540_449946780,1.1508625
20241108_143540_708196145,-0.78605187
20241108_143540_954536134,-0.2781956
20241108_143541_198429499,-0.25135794
20241108_143541_450035374,-0.30194026
20241108_143542_195299471,-0.5063558
20241108_143542_444471181,-0.618654
20241108_143542_694365468,-0.34059212
20241108_143543_201931237,0.4042662
20241108_143543_454646297,-0.4240798
20241108_143543_708306770,0.11186544
20241108_143543_954684754,-0.2928972
20241108_143544_203305395,-0.5441947
20241108_143544_461344903,-0.42438412
20241108_143544_709024525,-0.53138846
20241108_143544_963692772,-0.63058305
20241108_143545_206279179,0.214595
20241108_143545_467732944,0.6061611
20241108_143545_719790350,-0.54303724
20241108_143545_971584703,-0.83135694
20241108_143546_216464616,-0.24389489
20241108_143546_479394726,-0.15926047
20241108_143546_716435184,-0.35847762
20241108_143546_967571399,-0.45391402
20241108_143547_211652126,-0.48023397
20241108_143547_459807471,-0.5144134
20241108_143547_704164684,-0.7812693
20241108_143547_956118055,-0.87580174
20241108_143548_213860429,0.53966886
20241108_143548_462274705,0.39500794
20241108_143548_701070732,0.5067319
20241108_143548_944711902,0.47875533
20241108_143549_191795923,0.5870394
20241108_143549_453106099,0.48421112
20241108_143549_698392347,0.38735434
20241108_143549_948164398,-0.4015226
20241108_143550_198021741,0.5505815
20241108_143550_447155168,0.12022386
20241108_143550_697391218,-0.023005625
20241108_143550_951970462,-0.26558322
20241108_143551_203307162,-0.089205794
20241108_143551_450259996,-0.73085916
20241108_143551_695886231,-0.21706854
20241108_143551_949947964,-0.26001954
20241108_143552_205754651,-0.45891532
20241108_143552_450776484,-0.05359539
20241108_143552_702347034,-0.16204052
20241108_143553_200842450,-0.32158893
20241108_143553_447637133,-0.18306439
20241108_143554_690754673,-0.2951577
20241108_143554_940976456,-0.15058737
20241108_143555_192365875,-0.56696016
20241108_143555_447860490,-0.43738517
20241108_143555_700633789,-0.4228592
20241108_143555_946549674,-0.107153736
20241108_143556_942542866,-0.07152172
20241108_143557_191461664,-0.13914938
20241108_143557_445149603,0.043416426
20241108_143557_692572374,0.25364423
20241108_143557_951984904,-0.056268297
20241108_143558_203850563,-0.3419138
20241108_143558_451103637,-0.28822044
20241108_143558_701191695,-0.3345698
20241108_143558_953160734,-0.39784482
20241108_143559_199783962,-0.30861357
20241108_143559_452403178,-0.4135006
20241108_143559_698340099,-0.35743147
20241108_143559_947158952,-0.3881264
20241108_143600_194136332,-1.3199946
20241108_143600_445554632,0.30964956
20241108_143600_694477421,0.030273715
20241108_143600_948003517,0.3381687
20241108_143601_194291143,0.79029435
20241108_143601_447082967,0.31927052
20241108_143601_694788695,0.29011396
20241108_143601_951435102,-0.03697958
20241108_143602_197356681,0.03929452
20241108_143602_451558926,0.017591814
20241108_143602_698889763,0.051920272
20241108_143602_947807341,0.19254796
20241108_143603_197864916,0.16337122
20241108_143603_963490009,0.060679592
20241108_143604_216084520,-0.30591995
20241108_143604_473051787,-1.1736246
20241108_143604_722994810,-0.6412632
20241108_143604_978610964,-0.15126754
20241108_143605_216028670,0.14074801
20241108_143605_466149584,-0.7801892
20241108_143605_706866416,-0.5106772
20241108_143605_962571550,-0.2073806
20241108_143606_207624240,-0.08121737
20241108_143606_455196271,-0.20089532
20241108_143606_702866081,-0.27824932
20241108_143606_954003814,-0.41740277
20241108_143607_198894461,-0.32776287
20241108_143607_455730592,-0.2414635
20241108_143607_701659149,0.3878633
20241108_143607_957339469,-0.1221421
20241108_143608_208715433,0.15263645
20241108_143608_459917886,0.15306054
20241108_143608_702600252,0.40329888
20241108_143608_953609706,-0.050864823
20241108_143609_201178824,-0.1072896
20241108_143609_462399111,-0.46707717
20241108_143609_700291978,-0.14771362
20241108_143609_950880484,-0.30011448
20241108_143610_195904977,-0.29775319
20241108_143610_448288683,-0.19875921
20241108_143610_947230178,-0.19540717
20241108_143611_196121010,-0.30656824
20241108_143611_451365313,-0.23453422
20241108_143611_699419366,-0.21500392
20241108_143611_958897202,-0.20442064
20241108_143612_201799449,-0.22214974
20241108_143612_699632830,0.06559979
20241108_143612_958583170,-0.03108581
20241108_143613_203414035,-0.090535425
20241108_143613_457884022,-0.07201751
20241108_143613_701062821,0.48468342
20241108_143613_949688199,0.39478782
20241108_143614_200271464,-0.23507483
20241108_143614_450714504,0.81188387
20241108_143614_697015480,-0.070152126
20241108_143614_945585037,0.7291857
20241108_143615_199063347,0.79318666
20241108_143615_450270607,0.7372931
20241108_143615_707463366,-0.12201581
20241108_143615_956789750,-0.24489926
20241108_143616_200578940,-0.6120834
20241108_143616_453732337,-0.2024421
20241108_143616_696748683,-0.034849204
20241108_143616_951520845,-0.19539852
20241108_143617_192661890,-0.19984598
20241108_143617_446974215,0.036147103
20241108_143617_696007811,0.25358033
20241108_143617_955547811,1.2654576
20241108_143618_207041209,-0.3043714
20241108_143618_461698332,-0.10080522
20241108_143618_704321553,-0.54381627
20241108_143618_953400286,0.5091368
20241108_143619_196861373,0.1760077
20241108_143619_452503179,0.4668571
20241108_143619_696531833,0.5386985
20241108_143619_952096227,0.5048879
20241108_143620_205109451,0.0059547517
20241108_143620_457982091,0.083699115
20241108_143620_706048771,0.086242475
20241108_143620_957057612,0.1016551
20241108_143621_694557473,0.09470842
20241108_143621_942425297,0.1514002
20241108_143622_195050326,0.118273355
20241108_143622_446722538,0.0763093
20241108_143622_953004534,0.10215191
20241108_143623_203647357,0.5888489
20241108_143623_463798494,-0.45486674
20241108_143623_713897345,0.04025816
20241108_143623_970050714,0.073403314
20241108_143624_225106304,0.64944124
20241108_143624_479379542,0.4185064
20241108_143624_719472007,0.23155521
20241108_143624_964494745,-0.17235507
20241108_143625_208071959,-0.13209535
20241108_143625_457785907,-0.38664952
20241108_143625_698639369,-0.9811393
20241108_143625_949690176,-0.7145289
20241108_143626_193333191,-0.48350933
20241108_143626_445573087,-1.0881268
20241108_143626_694269256,-0.74024296
20241108_143626_949673203,-0.6702764
20241108_143627_195058190,-0.22928964
20241108_143627_444688901,-0.13367808
20241108_143628_699614957,-0.29337904
20241108_143628_946315582,0.6151761
20241108_143629_199909178,0.5996208
20241108_143629_448297684,0.7083881
20241108_143630_193177518,0.7501344
20241108_143630_453552993,0.7794487
20241108_143630_698303241,-0.7220166
20241108_143630_949542736,0.8468677
20241108_143631_195409705,0.58841366
20241108_143631_449091735,0.72558004
20241108_143631_943951829,0.72022784
20241108_143632_449826286,0.7033607
20241108_143632_692629075,0.14973283
20241108_143632_944457847,-0.62738687
20241108_143633_192106435,-0.03419389
20241108_143633_445194084,0.027676621
20241108_143633_696825105,-0.5596776
20241108_143633_943343776,-1.1428933
20241108_143634_193958561,0.18406984
20241108_143634_452791009,0.13753521
20241108_143634_704606508,0.4596503
20241108_143634_950415988,0.027878234
20241108_143635_196037308,0.52349687
20241108_143635_448841042,0.6686771
20241108_143635_700375387,0.48517624
20241108_143635_946639127,0.4183142
20241108_143636_192235913,0.33524853
20241108_143636_691052037,0.37251315
20241108_143636_942821097,0.48349825
20241108_143637_940690520,0.22863768
20241108_143638_190446868,0.4641178
20241108_143638_941451046,0.25154787
20241108_143639_193705561,0.7681638
20241108_143639_445583098,0.5036625
20241108_143639_945841779,0.64399844
20241108_143640_448715405,0.5691869
20241108_143642_441745183,0.6176111
20241108_143642_689242903,0.28197944
20241108_143642_943318897,0.88235694
20241108_143643_192039968,-0.03883736
20241108_143643_442941274,-0.051519975
20241108_143643_693249513,-0.03439134
20241108_143644_191679417,-0.12685578
20241108_143644_440957103,-0.26941696
20241108_143644_690356378,-0.09866824
20241108_143644_944104074,-0.037420776
20241108_143645_446665089,0.08234934
20241108_143645_962322234,-0.0040984955
20241108_143646_204909071,-0.055003785
20241108_143646_455750488,-0.08360412
20241108_143646_701518517,-0.091779076
20241108_143646_948927936,-0.07025399
20241108_143647_191180337,-0.13260885
20241108_143647_442676503,-0.21836726
20241108_143647_697039998,-0.25785783
20241108_143647_942147233,0.0107120965
20241108_143648_190272009,-0.0030426588
20241108_143648_445853684,-0.057800315
20241108_143648_705034307,-0.033693574
20241108_143648_969136715,-0.19828387
20241108_143649_206169468,-0.15410234
20241108_143649_466833706,0.098950095
20241108_143649_704627675,-0.32554844
20241108_143649_950966220,-0.1315644
20241108_143650_194806528,-0.47227
20241108_143650_444314994,-0.2114423
20241108_143650_695856562,-0.16866286
20241108_143650_943240598,-0.09507259
20241108_143651_191571917,0.010285335
20241108_143651_441258649,0.08693562
20241108_143651_693557486,-0.05863609
20241108_143651_941231688,-0.07249143
20241108_143652_191854950,-0.23171695
20241108_143652_441665812,-0.11506178
20241108_143652_691235372,-0.112180315
20241108_143652_955235845,-0.17332901
20241108_143653_207772758,-0.64574015
20241108_143653_448619543,-0.25045177
20241108_143653_692370087,-0.074935295
20241108_143653_940838675,0.006303286
20241108_143654_192682205,-0.058271192
20241108_143654_444787007,-0.19867434
20241108_143654_690910369,-0.13695176
20241108_143654_941322895,0.11522853
20241108_143655_192562603,0.41954306
20241108_143655_445337115,0.31662124
20241108_143655_697963162,0.47654524
20241108_143655_945036207,0.20392145
20241108_143656_192792406,0.108
20241108_143656_446276157,-0.041931354
20241108_143656_695661180,-0.15888418
20241108_143656_941392882,-0.14571424
20241108_143657_189972090,-0.44830415
20241108_143657_444113181,-0.3367208
20241108_143657_696595246,-0.19829948
20241108_143657_945952868,-1.329121
20241108_143658_192639785,-0.4727304
20241108_143658_448221054,-0.34425464
20241108_143658_696887374,-0.75216156
20241108_143658_950752429,-0.24625467
20241108_143659_202629036,-0.56766117
20241108_143659_449331116,-0.46124133
20241108_143659_699215597,-0.44963965
20241108_143659_947377867,-0.5782749
20241108_143700_195998819,-1.6138282
20241108_143700_450458772,0.20781253
20241108_143700_704587595,-0.11613526
20241108_143700_953178545,-0.12808229
20241108_143701_212085875,0.016101459
20241108_143701_457414209,-0.07769539
20241108_143701_703841711,-0.33344358
20241108_143701_959860283,0.5081932
20241108_143702_212698162,0.109108545
20241108_143702_467026603,-0.39040235
20241108_143702_709284938,-0.2722927
20241108_143702_958069545,-0.14147209
20241108_143703_201396198,-0.063361965
20241108_143703_448292844,-0.21052901
20241108_143703_699549158,-0.15750025
20241108_143703_952090618,-0.23167671
20241108_143704_198528649,-0.35248393
20241108_143704_443066121,-0.18842848
20241108_143704_692674397,-0.3486031
20241108_143704_943455601,-0.35914674
20241108_143705_191894529,-0.27127227
20241108_143705_444369263,-0.22536816
20241108_143705_690433533,-0.28719032
20241108_143706_192539461,-0.2914441
20241108_143706_688638316,-0.25705186
20241108_143707_443858203,-0.24032979
20241108_143707_693041962,-0.20263071
20241108_143707_945770202,-0.035675846
20241108_143708_703295959,-0.11921062
20241108_143709_196881207,-0.13185255
20241108_143709_445463393,-0.119504385
20241108_143709_703323026,-0.13151969
20241108_143709_951097705,-0.17042644
20241108_143710_694962630,-0.2049145
20241108_143711_202497429,-0.016066572
20241108_143711_453320811,0.109090604
20241108_143711_695258647,0.04895816
20241108_143712_447616264,0.017467597
20241108_143712_692808113,0.2453603
20241108_143713_442826577,-0.35105368
20241108_143713_692235020,0.04571987
20241108_143713_941091658,-0.052041583
20241108_143714_446090980,0.048078664
20241108_143714_698284382,0.08280716
20241108_143715_203118393,0.14176022
20241108_143715_463318427,0.2789156
20241108_143715_717980627,0.1577626
20241108_143716_198371563,0.11345241
20241108_143717_444421271,-0.32361364
20241108_143717_695040538,-0.4388852
20241108_143717_947551208,-1.0905584
20241108_143718_199887476,-0.5514607
20241108_143718_450091631,-0.3353935
20241108_143719_448726609,-0.26205742
20241108_143719_947083139,-0.30569428
20241108_143720_200358216,-0.26824462
20241108_143720_458784414,-0.26100835
20241108_143720_701263269,-0.19121583
20241108_143720_950568944,-0.04770708
20241108_143721_446106248,-0.120721035
20241108_143721_942810096,-0.064286254
20241108_143722_447988621,-0.14640696
20241108_143722_945910721,-0.1363302
20241108_143723_446370215,-0.3722444
20241108_143723_699299972,-0.36391565
20241108_143724_694108273,-0.30183405
20241108_143724_941989516,-0.25897723
20241108_143725_191046342,-0.22608675
20241108_143725_437965879,-0.16981669
20241108_143725_688490317,-0.08099317
20241108_143725_938531660,-0.1877646
20241108_143726_187670451,-0.18454985
20241108_143726_685369443,-0.11821937
20241108_143726_937674457,-0.15886386
20241108_143727_436772885,-0.15683447
20241108_143728_186013596,-0.12923636
20241108_143728_436265553,-0.13343547
20241108_143728_686586589,-0.20910202
20241108_143728_940951312,1.1166995
20241108_143729_188311588,0.43384823
20241108_143729_442112101,1.3785357
20241108_143729_689478537,-0.42920387
20241108_143729_938479380,-0.2813945
20241108_143730_187295087,-0.28847563
20241108_143730_436862057,-0.40421796
20241108_143730_686738713,-0.26672038
20241108_143730_941740426,-0.46603867
20241108_143731_193357999,-1.8100866
20241108_143731_448151603,-0.8016474
20241108_143731_704858304,-0.5635603
20241108_143731_946514633,-0.44270942
20241108_143732_194107648,-0.49963263
20241108_143732_947575022,-0.50256735
20241108_143733_197415814,-0.5031945
20241108_143733_446648922,-0.503107
20241108_143733_690497649,-0.48866844
20241108_143734_698056013,-0.5922339
20241108_143736_188018437,-0.49818134
20241108_143736_439746624,-0.49810794
20241108_143736_694708892,-0.497054
20241108_143736_942354889,-0.6769703
20241108_143738_443114549,-0.14543977
20241108_143738_687299080,-0.10963951
20241108_143739_444300465,-0.19572796
20241108_143739_690361392,-0.13498257
20241108_143739_939913188,-0.004327452
20241108_143740_191433509,-0.07044854
20241108_143740_444661956,0.2142505
20241108_143740_690947242,0.071497746
20241108_143740_943497548,0.021331528
20241108_143741_443311194,-0.023796996
20241108_143741_949034562,-0.018403431
20241108_143742_959411931,-0.40387237
20241108_143743_201443901,-0.5634374
20241108_143743_448525729,-0.38597828
20241108_143743_693636445,-0.352154
20241108_143743_944483730,-0.31164366
20241108_143744_447396368,-0.28384852
20241108_143744_692776937,-0.269824
20241108_143744_945937793,-0.22595723
20241108_143745_198193390,-0.5825867
20241108_143745_448757866,-0.69828874
20241108_143745_693785578,-0.3560215
20241108_143745_943526733,0.58055377
20241108_143746_188324836,0.4158339
20241108_143747_188697106,0.5322208
20241108_143747_440640066,0.31988308
20241108_143747_690883171,0.3184198
20241108_143747_942339017,0.23668878
20241108_143748_441994220,0.29868782
20241108_143749_190535874,0.34007114
20241108_143749_445837420,0.40947247
20241108_143749_694431483,0.43554968
20241108_143749_949533982,0.40339315
20241108_143750_195766382,0.37213108
20241108_143750_442936455,0.4756154
20241108_143750_696872161,-0.04089328
20241108_143750_944049563,0.025827
20241108_143751_199697658,0.08167169
20241108_143751_448578167,0.26140937
20241108_143751_693506797,0.21288984
20241108_143751_949780395,0.16375397
20241108_143752_447679800,0.15048797
20241108_143752_697364043,0.21529897
20241108_143752_945458788,0.16808884
20241108_143753_200449905,0.3130777
20241108_143753_448130818,0.37925258
20241108_143753_697758174,0.28584006
20241108_143753_943779716,0.48047307
20241108_143754_191623631,0.12540466
20241108_143754_441897456,0.962333
20241108_143754_690967596,-0.1435137
20241108_143754_940723676,-0.2360994
20241108_143755_190230109,-0.47684127
20241108_143755_438960674,-0.4977311
20241108_143755_688497841,-0.002530953
20241108_143755_940391747,0.7283352
20241108_143756_189459708,0.62614834
20241108_143756_443515008,0.6673642
20241108_143756_689745866,0.7181916
20241108_143757_185736573,0.63197255
20241108_143757_445031159,0.33103138
20241108_143757_694409659,0.44455245
20241108_143757_943811987,0.40444362
20241108_143758_191375755,0.6366666
20241108_143758_444616845,0.55501544
20241108_143759_192478058,0.6965513
20241108_143759_445068728,0.44507715
20241108_143759_704457249,0.49114707
20241108_143759_948697769,0.17075439
20241108_143800_192777847,-0.0038118567
20241108_143800_443768650,-0.02363815
20241108_143800_691098595,-0.15889527
20241108_143800_940828116,0.053587355
20241108_143801_197523754,-0.507777
20241108_143801_448293065,-0.51989186
20241108_143801_695447489,-0.43757954
20241108_143801_951343545,-0.22250201
20241108_143802_191683364,-0.25000438
20241108_143802_446157474,-0.5087401
20241108_143802_694806531,-0.37636298
20241108_143802_951854733,-0.3974145
20241108_143803_199363025,-0.27459237
20241108_143803_692210372,-0.1837901
20241108_143803_942731947,-0.47581923
20241108_143804_447368782,-0.42422915
20241108_143804_692807746,-0.2173243
20241108_143804_943885748,-0.22924037
20241108_143805_190691190,-0.29736206
20241108_143805_441930066,-0.29585275
20241108_143805_689448132,-0.15065481
20241108_143805_940528861,-0.70861906
20241108_143806_186530926,-0.5652977
20241108_143806_438374754,-0.45025668
20241108_143806_945669015,-0.54189736
20241108_143807_692448162,-0.3486646
20241108_143808_193906549,-0.4066513
20241108_143808_689368946,-0.43937364
20241108_143809_193050941,-0.42623225
20241108_143809_441582390,-0.16125122
20241108_143810_188629638,-0.4692362
20241108_143810_691650189,-0.43473285
20241108_143810_944290412,-0.29739264
20241108_143811_191600578,-0.32057384
20241108_143811_442179343,-0.2186641
20241108_143811_689918096,-0.21798472
20241108_143812_194364736,-0.22716247
20241108_143812_444969091,-0.21096803
20241108_143812_942924076,-0.17710336
20241108_143813_191817254,-0.18965913
20241108_143813_692013341,-0.21399577
20241108_143813_948272085,-0.51667196
20241108_143814_196854668,-1.386287
20241108_143814_450627848,0.3484417
20241108_143814_697556563,0.40943432
20241108_143814_947726518,0.22216241
20241108_143815_194477280,0.20507126
20241108_143815_449843603,-0.016114315
20241108_143815_697779428,-0.52630943
20241108_143815_946424368,-0.9878071
20241108_143816_194037785,-0.27333272
20241108_143816_457837456,-0.014029523
20241108_143816_705873620,0.37081572
20241108_143816_959446570,-0.48542404
20241108_143817_202534503,-0.24026693
20241108_143817_446884930,0.1014682
20241108_143817_697294135,0.18808576
20241108_143817_948443409,0.8948639
20241108_143818_196603726,0.69482464
20241108_143818_448878194,0.13504711
20241108_143818_697215511,0.7247208
20241108_143818_952318414,-0.92402047
20241108_143819_199804672,-0.9321049
20241108_143819_445366655,-0.94194216
20241108_143819_690017741,-0.9342577
20241108_143819_946401256,-0.54310745
20241108_143820_196847622,-0.297421
20241108_143820_446930406,-0.1711506
20241108_143820_694153970,-0.23832326
20241108_143820_947432477,-0.3492817
20241108_143821_194200592,-0.6748357
20241108_143821_442123144,-0.8633411
20241108_143821_691733371,-0.4001507
20241108_143821_944190522,0.40343753
20241108_143822_193353592,0.27937147
20241108_143822_442537049,0.14493142
20241108_143822_692730352,-0.13557918
20241108_143822_944465124,-0.17248304
20241108_143823_190802642,-0.07905915
20241108_143823_445368992,-0.14954944
20241108_143824_192212622,-0.2983758
20241108_143824_442660169,0.12655789
20241108_143824_691480068,0.38457122
20241108_143824_948788353,0.31999937
20241108_143825_193116620,0.2295324
20241108_143825_447326256,0.2982011
20241108_143825_689898069,0.034478344
20241108_143825_942490353,0.14911227
20241108_143826_190655666,0.011647681
20241108_143826_442988883,0.19480579
20241108_143826_693986268,0.19691764
20241108_143826_945400535,0.17421584
20241108_143827_197149929,0.14707379
20241108_143827_446390803,0.1375209
20241108_143827_689802325,0.15350102
20241108_143828_194782497,0.11656473
20241108_143828_701835779,0.08297501
20241108_143828_943438589,0.097242095
20241108_143829_188666735,0.096364655
20241108_143829_690007065,0.15204786
20241108_143829_942292033,0.13003986
20241108_143830_190376842,0.09507898
20241108_143830_441128369,0.13241099
20241108_143830_693756791,0.09028212
20241108_143831_200962359,0.23539256
20241108_143831_460675686,0.1891145
20241108_143831_702225687,0.110602774
20241108_143832_690285490,0.11530862
20241108_143832_941073425,0.11980406
20241108_143833_187579191,0.118403114
20241108_143833_439932678,0.20236157
20241108_143833_691199923,0.22057177
20241108_143833_943742637,0.18588857
20241108_143834_195330855,0.15527223
20241108_143834_443285559,0.14987688
20241108_143835_188058181,-0.2990689
20241108_143835_442053998,-0.2602322
20241108_143835_695056038,-0.22379123
20241108_143836_200207862,-0.19778554
20241108_143836_458825301,-0.101400666
20241108_143836_942521174,-0.13974755
20241108_143837_442921030,0.13288333
20241108_143837_692045591,0.17699042
20241108_143837_942480012,0.06008152
20241108_143838_190854701,0.03443364
20241108_143839_197908515,-0.0051542427
20241108_143839_444867425,0.010481754
20241108_143839_691188918,0.051989414
20241108_143840_189591083,0.008573154
20241108_143840_442071803,-0.0040710177
20241108_143840_692364348,-0.029638251
20241108_143840_940821794,-0.08227875
20241108_143841_190806691,-0.13302206
20241108_143841_441519557,-0.11985322
20241108_143842_444485914,-0.24863322
20241108_143842_696136646,-0.16547404
20241108_143842_945915241,-0.0435436
20241108_143843_689634269,-0.09812107
20241108_143843_939581417,-0.12694924
20241108_143844_190615090,-0.03464725
20241108_143844_440255389,0.0069451276
20241108_143844_686982505,-0.05900874
20241108_143845_688100540,-0.031021735
20241108_143845_937766867,-0.052313767
20241108_143846_188212080,-0.13459392
20241108_143846_940140618,-0.14685555
20241108_143847_189715726,-0.16740556
20241108_143847_443561958,-0.25071225
20241108_143847_688462128,-0.78145653
20241108_143847_943770677,-0.44757608
20241108_143848_194775257,-0.27830452
20241108_143848_447715919,-0.16504152
20241108_143848_692045376,-0.20022194
20241108_143848_943713360,0.108951844
20241108_143849_196223110,-0.00981514
20241108_143849_442934962,0.42532215
20241108_143849_693130592,0.4168475
20241108_143849_945083764,0.41849253
20241108_143850_193723802,0.2686293
20241108_143850_442460556,0.19879933
20241108_143850_690796709,0.24122582
20241108_143850_941648557,0.24787466
20241108_143852_197825148,0.23053871
20241108_143852_454909839,0.29963648
20241108_143852_701334527,0.33112523
20241108_143852_949728478,0.2734428
20241108_143853_194668062,0.44341996
20241108_143853_452319843,0.5132927
20241108_143853_702751552,-0.38551635
20241108_143853_957339055,0.9834433
20241108_143854_204477605,0.18021397
20241108_143854_453775917,-0.014358488
20241108_143854_697982202,-0.03266341
20241108_143854_949350871,-0.035607096
20241108_143855_205006929,-0.01597323
20241108_143855_698574832,0.0018762741
20241108_143856_197647113,-0.01987346
20241108_143856_455770068,0.08462296
20241108_143856_703800215,0.36126924
20241108_143856_948359380,0.22549938
20241108_143857_450777805,0.17751789
20241108_143857_696471113,0.0464646
20241108_143857_943938318,0.113451935
20241108_143858_191828873,0.15662538
20241108_143859_440014653,0.25910887
20241108_143859_688096226,0.27872342
20241108_143859_940143443,0.025318423
20241108_143900_190519211,0.018132428
20241108_143900_446148049,0.094855465
20241108_143900_693379793,0.06461046
20241108_143900_946164296,0.08039836
20241108_143901_198546411,0.1290314
20241108_143901_452069073,0.0753291
20241108_143901_700696979,-0.10577508
20241108_143901_952168954,-0.12420716
20241108_143902_458259083,-0.03176018
20241108_143902_699414607,0.0020460282
20241108_143902_942991041,-0.01177766
20241108_143903_204727094,0.0024471078
20241108_143904_202143174,-0.72162455
20241108_143904_445917218,-0.28846812
20241108_143904_689977776,-0.26287946
20241108_143905_189955597,-0.8628095
20241108_143905_439820052,0.2692488
20241108_143905_692743654,0.9762953
20241108_143905_945298757,-0.242377
20241108_143906_194364548,-0.17437486
20241108_143906_446365023,-0.22363152
20241108_143906_692074445,-0.21062602
20241108_143906_943344549,-0.25784114
20241108_143907_441147917,-0.17270882
20241108_143907_694791986,-0.10553422
20241108_143908_197502554,-0.13598521
20241108_143908_451548244,-0.35000408
20241108_143908_695300525,-0.19702144
20241108_143908_948392594,-0.2450492
20241108_143909_192399605,-0.23468785
20241108_143910_191242828,-0.21908106
20241108_143910_439162101,-0.009575728
20241108_143910_688022625,0.05299119
20241108_143910_938842403,-0.060164534
20241108_143911_187825390,-0.16836132
20241108_143911_443009134,-0.38806978
20241108_143911_687077546,-0.283597
20241108_143911_938885879,-0.25594312
20241108_143912_190018653,-0.22873716
20241108_143912_443565928,-0.26527163
20241108_143912_939165279,-0.25959328
20241108_143913_188879836,-0.58232987
20241108_143913_439923742,-0.38184825
20241108_143913_690553636,-0.5373271
20241108_143913_944066361,-1.0120484
20241108_143914_191871789,-1.4341344
20241108_143914_446882607,-0.68250585
20241108_143914_691359480,-0.65233326
20241108_143916_201722568,-1.1028363
20241108_143916_440241963,-0.3697308
20241108_143916_693646359,0.66515005
20241108_143916_950049625,0.40258786
20241108_143917_695023399,-0.6206607
20241108_143917_943813423,-0.39270416
20241108_143918_191672270,-0.25692096
20241108_143918_452285847,-0.3358596
20241108_143919_203707886,-0.3660033
20241108_143920_194597048,-0.35268086
20241108_143920_444857545,-0.29599684
20241108_143920_940273499,-0.2579539
20241108_143921_190524529,-0.29632583
20241108_143921_691357770,-0.30830073
20241108_143922_442387570,-0.2922513
20241108_143922_946718880,-0.20918976
20241108_143923_197973575,0.061567813
20241108_143923_452257018,0.42777792
20241108_143923_697346768,0.17239851
20241108_143924_450622685,0.070344366
20241108_143925_207178391,0.02590833
20241108_143925_456821444,-1.0188522
20241108_143925_705392022,-0.34010398
20241108_143925_955076332,-0.23602577
20241108_143926_202097082,-0.32569823
20241108_143926_454986931,-0.25378177
20241108_143927_200244708,-0.36536857
20241108_143927_449443431,-0.3111764
20241108_143927_693769908,-0.2951147
20241108_143927_952401180,-0.35609743
20241108_143928_208798605,-0.30944318
20241108_143928_457646826,0.09372975
20241108_143928_710500068,0.054578066
20241108_143928_962509542,-0.047330998
20241108_143929_206057370,-0.015182218
20241108_143929_459751615,-0.033649288
20241108_143929_950058214,-0.043259464
20241108_143930_198934349,0.22035892
20241108_143930_455048601,0.077475466
20241108_143930_694670238,0.12153617
20241108_143930_951093974,0.72928244
20241108_143931_213499757,0.437651
20241108_143931_460006631,0.18519375
20241108_143931_705814678,0.28732225
20241108_143931_959351889,-0.34512147
20241108_143932_203481625,-0.15004532
20241108_143932_456067410,-0.4395093
20241108_143932_698066584,-0.50377715
20241108_143933_195283966,-0.26400363
20241108_143933_444985585,-0.18101375
20241108_143933_695984665,-0.17892845
20241108_143933_942004757,0.114912964
20241108_143934_190818737,-0.006263634
20241108_143934_691346014,1.1415809
20241108_143934_942864852,0.6364313
20241108_143935_192003385,1.1566949
20241108_143935_449410129,0.77611846
20241108_143935_946275850,0.6692479
20241108_143936_200014219,0.5125069
20241108_143936_447902445,0.4952626
20241108_143936_941997079,-0.63431174
20241108_143937_195148846,-0.58404046
20241108_143937_437875966,-0.52988774
20241108_143937_689331002,-0.58470917
20241108_143937_937394954,-0.63124514
20241108_143938_692195041,-0.66353047
20241108_143938_941002848,-0.66745037
20241108_143939_447607911,-0.50246406
20241108_143939_947389657,-0.6454017
20241108_143940_194493727,-0.7321939
20241108_143940_449810994,0.71295196
20241108_143940_697621683,0.2632944
20241108_143940_961815452,0.13804589
20241108_143941_207840312,0.043555416
20241108_143941_449868620,0.11280618
20241108_143941_694897287,0.14690976
20241108_143941_943979821,0.1427642
20241108_143942_192657673,-0.332693
20241108_143942_445550070,-0.124117576
20241108_143942_696844496,-0.46375272
20241108_143942_943842887,-1.2506374
20241108_143943_189198115,-0.54288805
20241108_143943_439354254,-0.3803674
20241108_143944_189286584,0.13088717
20241108_143944_439455791,1.5774841
20241108_143944_688524140,-0.26377523
20241108_143944_939680075,0.36511597
20241108_143945_191580543,0.40786937
20241108_143945_440252911,0.15131123
20241108_143946_189449382,0.04070983
20241108_143946_440807156,-0.010319492
20241108_143946_687212353,-0.092825554
20241108_143946_938959362,-0.3842959
20241108_143947_191386624,-0.73832506
20241108_143947_439614923,-0.7537384
20241108_143947_691179736,-0.09820285
20241108_143947_943524448,-0.022356018
20241108_143948_202080230,-0.56452245
20241108_143948_449887653,-0.49334776
20241108_143949_190813735,-0.32114056
20241108_143949_441490368,-0.9082179
20241108_143949_952164586,-0.6403524
20241108_143950_196598797,-0.55754966
20241108_143950_450927321,-0.4886859
20241108_143950_692974328,-0.7396629
20241108_143950_939832018,-0.6641758
20241108_143951_189044069,-0.7573373
20241108_143951_445326623,-0.6472001
20241108_143951_951444241,-0.0895811
20241108_143952_197259835,-0.047226414
20241108_143952_446335028,0.090670206
20241108_143952_691913818,0.36871114
20241108_143952_940329467,-0.050719723
20241108_143953_197856306,0.5612057
20241108_143953_450719952,0.41857663
20241108_143953_693051346,0.91131383
20241108_143953_943902598,0.67680925
20241108_143954_941074525,0.49279943
20241108_143955_193894878,0.26925385
20241108_143956_193381420,0.3119634
20241108_143956_441437407,0.62338555
20241108_143956_949424292,0.9671119
20241108_143957_190593096,0.7922852
20241108_143957_445253443,0.720547
20241108_143957_695800261,0.5159957
20241108_143957_941138906,0.27074364
20241108_143958_189945564,0.14909054
20241108_143958_442142585,0.03664223
20241108_143958_691250948,-0.33670053
20241108_143958_944310151,-0.09810116
20241108_143959_192016288,-0.07836344
20241108_143959_442487663,-0.0736488
20241108_143959_688894745,-0.014057061
20241108_143959_942620156,-0.079689436
20241108_144000_195654308,-0.34911558
20241108_144000_454381130,-0.53688973
20241108_144000_702954129,-0.29703844
20241108_144000_951042435,-0.5030945
20241108_144002_197949904,-0.13568355
20241108_144002_448560872,0.28423375
20241108_144002_700456584,0.40343845
20241108_144002_949242429,-0.32431334
20241108_144003_207741086,-1.1411824
20241108_144003_458786213,0.007476913
20241108_144003_702824813,0.1444647
20241108_144003_960925174,0.2551007
20241108_144004_209067640,0.19857256
20241108_144004_450802041,0.063438825
20241108_144004_698168360,0.098404445
20241108_144004_944387904,0.05947242
20241108_144005_192297129,-0.030881664
20241108_144005_443147860,-0.26433474
20241108_144005_689065080,-0.73924166
20241108_144005_944639979,-0.34052828
20241108_144006_192358399,-0.6528621
20241108_144006_447920711,0.12704843
20241108_144006_695306095,-0.052003764
20241108_144006_946220762,-0.13257809
20241108_144007_199939977,0.3238871
20241108_144007_441869322,0.28015655
20241108_144007_688779912,0.079865016
20241108_144008_186986647,0.08033768
20241108_144008_439727283,0.7460792
20241108_144008_687256800,0.33995235
20241108_144008_938743649,0.3499352
20241108_144009_688947630,0.31378248
20241108_144009_940492666,0.085003264
20241108_144010_445228692,-0.044011258
20241108_144010_692920016,-0.45735723
20241108_144010_941708390,-0.12125518
20241108_144011_440388744,-0.11896565
20241108_144012_704795944,0.09922958
20241108_144013_454293570,-0.022170624
20241108_144013_941171984,-0.030872842
20241108_144014_189783929,0.33537713
20241108_144014_443645672,0.13193868
20241108_144015_944101698,0.071808435
20241108_144016_189518105,0.04380653
20241108_144016_438955449,-0.07334676
20241108_144018_451406948,-0.05328574
20241108_144019_450116730,0.036023058
20241108_144019_702900200,0.016785363
20241108_144020_197575771,0.012683371
20241108_144020_708005124,-0.15700288
20241108_144020_953070235,-0.1627091
20241108_144021_194988309,-0.04025682
20241108_144021_687399505,-0.004691383
20241108_144022_944552066,0.016280869
20241108_144023_190832382,0.19477427
20241108_144023_438946785,0.4369202
20241108_144023_697511271,1.0931622
20241108_144023_945177413,0.32044
20241108_144024_190757563,0.2944186
20241108_144024_440358302,0.5857725
20241108_144025_692942790,0.3676056
20241108_144025_941147826,1.0093836
20241108_144026_187850663,0.6467969
20241108_144026_437202332,0.42787862
20241108_144026_941411172,0.30450627
20241108_144027_190788222,0.5228616
20241108_144027_445147304,0.95397776
20241108_144027_694613194,0.63155067
20241108_144027_946973774,0.47476092
20241108_144028_192156627,0.544152
20241108_144028_448683183,0.32736656
20241108_144028_701290887,0.4269016
20241108_144028_949896306,0.2902297
20241108_144029_695439918,0.4402716
20241108_144030_449268350,0.27350232
20241108_144030_692960162,0.24812184
20241108_144030_944325093,0.69025075
20241108_144031_197263858,0.68323815
20241108_144031_450748679,0.72582376
20241108_144031_951597638,0.34058535
20241108_144032_690989111,0.30853754
20241108_144032_944550866,0.49197963
20241108_144033_200291872,0.8537383
20241108_144034_187950858,0.9310117
20241108_144034_436453231,0.7134791
20241108_144034_686380237,0.66230583
20241108_144035_192252036,0.63698924
20241108_144035_689197864,0.3219544
20241108_144035_938607506,0.46108732
20241108_144036_196390548,0.34208015
20241108_144036_444587923,0.49088094
20241108_144036_689724283,0.85916936
20241108_144036_943243149,-0.23768947
20241108_144037_195128115,-0.8268507
20241108_144037_445996045,-0.22457772
20241108_144037_694095294,-0.18521237
20241108_144037_954039340,-0.22477837
20241108_144038_205023900,-0.35035035
20241108_144038_453384762,0.38033214
20241108_144038_695849495,-0.049010597
20241108_144038_943712227,0.18021609
20241108_144039_186784004,0.18784879
20241108_144040_444367541,0.120881714
20241108_144040_702025367,-0.07132765
20241108_144040_954523218,-0.13014193
20241108_144041_201614299,-0.10780182
20241108_144041_698959914,0.19578393
20241108_144041_953036592,0.17947309
20241108_144042_197002498,0.26693252
20241108_144042_452015191,-0.18148278
20241108_144042_697123507,-0.058593594
20241108_144042_945073143,0.0029885564
20241108_144043_189457189,-0.0074957814
20241108_144043_696580468,-0.023709318
20241108_144044_951340266,-0.023778578
20241108_144045_200776448,-0.027325353
20241108_144045_447593992,0.016922453
20241108_144045_695711858,-0.011121472
20241108_144046_192808137,-0.06151768
20241108_144046_446831252,-0.02531161
20241108_144046_939774500,-0.053908013
20241108_144047_438284655,-0.04623183
20241108_144047_939165184,-0.049276255
20241108_144048_187741713,-0.037784956
20241108_144048_438384250,0.054743685
20241108_144048_698370631,0.043158688
20241108_144048_952015387,-0.007113179
20241108_144049_692554399,-0.018907508
20241108_144050_692713276,0.36979863
20241108_144050_945111173,0.095666885
20241108_144051_191188123,0.38918814
20241108_144051_447756009,0.31130147
20241108_144051_699759365,0.27361417
20241108_144051_952711789,0.24531476
20241108_144052_700024647,0.33098212
20241108_144052_939615131,0.119216956
20241108_144053_188232077,0.24708055
20241108_144053_439683421,0.23300098
20241108_144053_688946691,0.29680267
20241108_144053_941059913,0.25372115
20241108_144054_195298629,0.24059634
20241108_144054_448257857,0.253625
20241108_144054_702471663,0.23448406
20241108_144054_949889491,0.24044059
20241108_144055_194897981,0.19277929
20241108_144055_935412110,1.0439982
20241108_144056_187043308,0.3298253
20241108_144056_439671693,0.3610416
20241108_144056_700014905,0.33989757
20241108_144056_947391799,0.4367917
20241108_144057_198844378,0.36920664
20241108_144057_454365465,0.3725705
20241108_144057_696793149,0.1288252
20241108_144057_939916686,-0.23442309
20241108_144058_188927752,0.023765067
20241108_144058_442327522,0.13167764
20241108_144058_696546263,0.090036936
20241108_144058_945272689,0.084772356
20241108_144059_203536258,0.071907975
20241108_144059_454332695,0.11067072
20241108_144059_699252674,0.18052866
20241108_144059_948543709,-0.17232676
20241108_144100_200254483,-0.41394523
20241108_144100_462451136,-0.245217
20241108_144100_707646721,-0.27253088
20241108_144100_965177059,-0.18720005
20241108_144101_206179911,-0.079640076
20241108_144101_454265367,-0.14797206
20241108_144101_953294667,-0.11028048
20241108_144102_453222090,-0.067528926
20241108_144102_704631527,0.030103905
20241108_144103_191391817,0.11263917
20241108_144103_695165540,0.9300683
20241108_144103_957117750,-0.115552776
20241108_144104_206384167,-1.0520767
20241108_144104_455274061,-0.4671599
20241108_144104_706048636,-0.8833141
20241108_144104_956753132,-0.41328523
20241108_144105_207181234,0.06766867
20241108_144105_452926505,0.086500615
20241108_144105_696112914,0.05234
20241108_144105_948083682,-0.13107067
20241108_144106_200298235,-0.0892392
20241108_144106_448017010,-0.0809566
20241108_144106_693675851,-0.15950431
20241108_144106_946096150,-0.15136679
20241108_144107_189940871,0.0954257
20241108_144107_441470162,0.0720577
20241108_144109_195618842,0.37533307
20241108_144109_448061989,0.10654447
20241108_144109_688683362,-0.045406006
20241108_144110_687355572,0.07649688
20241108_144111_184971881,-0.24123265
20241108_144111_437303435,-0.045025073
20241108_144111_688696141,0.031531967
20241108_144112_448849553,0.052628137
20241108_144112_953033412,-0.027769646
20241108_144113_201191514,-0.007942578
20241108_144113_445928703,0.019071082
20241108_144113_694829615,-0.022026202
20241108_144113_945806395,0.024334887
20241108_144114_189919830,0.017304579
20241108_144115_441221867,0.039893724
20241108_144115_686570132,0.055413254
20241108_144116_191208833,0.032082357
20241108_144116_692390995,0.9546742
20241108_144116_947205883,0.38346002
20241108_144117_440822725,0.30122253
20241108_144117_698952228,0.29253832
20241108_144117_946626222,0.25127646
20241108_144118_191045108,0.24482204
20241108_144118_938260688,0.3153079
20241108_144119_185843340,0.2483582
20241108_144120_184205869,0.4197317
20241108_144120_440012152,0.3390386
20241108_144120_692743104,0.2891472
20241108_144120_943227604,0.34491375
20241108_144121_439002029,0.52376086
20241108_144122_189053825,0.30985752
20241108_144122_438818176,0.37471476
20241108_144122_951002614,0.88263977
20241108_144123_194891410,-0.074360095
20241108_144123_441873653,-0.15127315
20241108_144123_686366818,-0.29599723
20241108_144123_943391949,-0.2910002
20241108_144124_445765772,-0.4960361
20241108_144124_693190812,-0.77281034
20241108_144124_944588978,-0.5777874
20241108_144125_188567690,-0.5202446
20241108_144125_444580969,-0.39892098
20241108_144125_693278962,-0.43847945
20241108_144125_945421553,-0.18555793
20241108_144126_190406907,-0.3396111
20241108_144126_439828868,0.588465
20241108_144126_690884522,-0.05863168
20241108_144126_950758558,-0.28149533
20241108_144127_202475731,-0.28434604
20241108_144127_453314031,-0.257376
20241108_144127_955345950,-0.13090758
20241108_144128_210256653,-0.095025204
20241108_144128_706556142,-0.13575573
20241108_144129_202237428,-0.08496296
20241108_144131_193308862,0.018862048
20241108_144131_451776368,-0.18136229
20241108_144131_697898342,-0.42914096
20241108_144131_949499287,-0.66196865
20241108_144132_194318161,-0.48314533
20241108_144133_186943047,-0.32964087
20241108_144134_687349133,-0.17548926
20241108_144135_188512867,-0.285204
20241108_144135_441613072,-0.2621384
20241108_144135_689771550,-0.27062786
20241108_144135_944098138,-1.9512144
20241108_144136_187212711,0.562539
20241108_144136_440327084,0.2538117
20241108_144136_691072379,0.41318396
20241108_144136_941155414,1.3917755
20241108_144137_187600617,0.6408482
20241108_144137_444479196,0.55785877
20241108_144137_691730242,0.7674392
20241108_144137_939995483,0.7862628
20241108_144138_185944766,0.5919198
20241108_144138_441325261,0.58416456
20241108_144139_183284087,0.6209598
20241108_144140_183814562,0.5718722
20241108_144140_444721310,0.5420257
20241108_144140_937619787,0.52651566
20241108_144141_188712882,0.5181577
20241108_144141_443887333,-0.51613307
20241108_144141_700177335,0.025886321
20241108_144141_961805015,-0.099680446
20241108_144142_202950935,-0.1473995
20241108_144142_940097407,-0.075076304
20241108_144143_188932206,0.037475742
20241108_144143_440717745,-0.06508627
20241108_144143_945122110,0.07476232
20241108_144144_190010907,0.5312579
20241108_144144_441220103,0.5064742
20241108_144144_689891458,0.4328285
20241108_144144_952549136,0.6070121
20241108_144145_201576068,0.53507155
20241108_144145_450658810,0.4653458
20241108_144145_693665120,0.46269235
20241108_144145_947172331,0.8579054
20241108_144146_196229749,0.86246324
20241108_144146_455424054,0.6940513
20241108_144146_692478587,0.41086787
20241108_144146_938197790,-0.49698344
20241108_144147_192523782,0.22274727
20241108_144147_448968157,0.15783153
20241108_144147_694428930,0.16046222
20241108_144147_944295652,0.08729891
20241108_144148_189466255,0.08616529
20241108_144150_184085145,0.052598096
20241108_144150_688515355,-0.00083877705
20241108_144150_938559252,0.022185544
20241108_144152_189054895,0.24859418
20241108_144152_438110529,0.14465664
20241108_144152_687742122,0.113046564
20241108_144153_195046987,0.11888126
20241108_144153_445253526,0.20278458
20241108_144153_693212281,0.1854736
20241108_144153_944820962,0.1505882
20241108_144154_193504606,-0.03722336
20241108_144154_451830542,0.02240757
20241108_144154_692670027,0.08211837
20241108_144154_940727190,0.065434374
20241108_144155_444977734,0.08459679
20241108_144155_939441811,0.02020816
20241108_144156_695645342,0.011642495
20241108_144156_941895146,-0.11090823
20241108_144157_196539595,-0.12135532
20241108_144157_450289158,0.00468372
20241108_144157_942802097,-0.19237675
20241108_144158_187486821,-0.28121474
20241108_144158_439971297,-0.2776324
20241108_144158_689317176,-0.21853404
20241108_144159_442804789,-0.20176204
20241108_144159_690952049,-0.18806513
20241108_144201_190179428,-0.052875295
20241108_144201_441096125,-0.49194604
20241108_144201_688399119,-1.5639545
20241108_144201_939369485,-0.3655675
20241108_144202_188643739,-0.46056792
20241108_144202_445759277,-0.41878793
20241108_144202_699914621,-0.87164295
20241108_144202_961756032,-1.4273028
20241108_144203_205664496,0.605134
20241108_144203_448782715,-0.6086905
20241108_144203_692015558,-0.42811805
20241108_144203_946113835,-0.5497053
20241108_144204_191120223,-0.8265471
20241108_144204_439450522,-0.54319197
20241108_144204_950624060,-0.63527584
20241108_144205_198328684,-0.30653098
20241108_144205_444232697,-0.2165166
20241108_144205_942165546,-0.39302424
20241108_144206_200274679,-0.61984557
20241108_144206_447970506,-0.55864793
20241108_144206_950180819,-0.42772123
20241108_144207_447788839,-0.35563448
20241108_144208_186785343,-0.49276
20241108_144208_441017380,-0.4644086
20241108_144208_692056723,-0.2466019
20241108_144209_450409358,-1.0865997
20241108_144209_697537609,0.78946054
20241108_144209_946420716,0.46929875
20241108_144210_200353102,0.4652329
20241108_144210_450093085,0.4413122
20241108_144210_699641136,1.1452537
20241108_144210_945351546,-0.36244845
20241108_144211_192819791,-0.12721343
20241108_144211_440649050,-0.09762562
20241108_144211_686419596,-0.18958166
20241108_144211_940440483,-0.14654316
20241108_144212_188341177,-0.08106186
20241108_144212_444350234,-0.13471569
20241108_144212_691443846,-0.79113615
20241108_144212_941386742,-0.8652326
20241108_144213_197546798,-0.515964
20241108_144213_448279334,-0.45111868
20241108_144213_702531198,-0.46079314
20241108_144214_192297015,-0.51176876
20241108_144214_445161771,-0.5398659
20241108_144214_698980417,-0.4703513
20241108_144214_946896709,-2.2644434
20241108_144215_192537731,0.3937281
20241108_144215_441125527,0.0799822
20241108_144215_692080157,0.13019429
20241108_144215_942217046,0.31966278
20241108_144216_189175329,0.2994109
20241108_144217_188514850,0.2775117
20241108_144217_686556607,0.27828294
20241108_144217_936557280,0.22838606
20241108_144218_187341823,0.33714524
20241108_144218_689174648,0.2833413
20241108_144218_949327669,0.22351553
20241108_144219_691411769,0.22833537
20241108_144219_940698237,0.3986978
20241108_144220_942031681,0.41782212
20241108_144221_188706626,0.2520518
20241108_144221_687212715,0.39346352
20241108_144221_938988683,1.1347067
20241108_144222_192643496,0.3517064
20241108_144222_444118767,0.44393826
20241108_144222_690737346,0.13471301
20241108_144222_946011706,-0.15590967
20241108_144223_191235726,-0.45481834
20241108_144223_450265109,-0.27009082
20241108_144223_689061748,-0.2678451
20241108_144224_192304789,-0.21627326
20241108_144224_445768134,-0.20869748
20241108_144224_940192680,-0.19216157
20241108_144225_190538514,-0.18626581
20241108_144225_439965160,-0.11093112
20241108_144225_936357417,-0.10475098
20241108_144226_189020296,-0.13618837
20241108_144226_440103348,-0.13137777
20241108_144226_941378465,-0.13619699
20241108_144227_191553013,-0.16974907
20241108_144227_686667871,-0.14478652
20241108_144227_936174951,-0.12996982
20241108_144228_190662211,-0.15250857
20241108_144228_441265128,-0.1787584
20241108_144229_685201027,-0.15318997
20241108_144229_937150115,-0.11155873
20241108_144230_447050374,-0.12898262
20241108_144230_693345591,-0.11852666
20241108_144231_189574049,-0.043395244
20241108_144231_445557902,-0.08872392
20241108_144231_689150072,-0.059852503
20241108_144232_445017896,-0.21917404
20241108_144232_692579630,-0.053191133
20241108_144232_946178191,-0.07375928
20241108_144233_193983086,-0.24881189
20241108_144233_446661943,-1.106548
20241108_144233_692418894,0.26760778
20241108_144233_941883484,0.2921029
20241108_144234_188472867,0.27911755
20241108_144234_439023448,0.23788516
20241108_144234_687137718,0.23358826
20241108_144235_690344024,0.31745598
20241108_144235_945169288,0.7438268
20241108_144236_193525033,0.63011897
20241108_144236_446303688,0.65866834
20241108_144236_688514189,0.5742032
20241108_144236_939404919,0.49567547
20241108_144237_188891515,0.49112305
20241108_144238_189225718,-0.18214042
20241108_144238_450346843,-0.14085938
20241108_144238_694706513,-0.024540624
20241108_144238_956807178,-0.007942041
20241108_144239_196928813,0.030409912
20241108_144239_451500178,0.009266952
20241108_144239_691539275,-0.011614522
20241108_144240_190708133,-0.026129087
20241108_144240_444240359,-0.050748907
20241108_144240_688484899,-0.063910685
20241108_144241_193645483,-0.054729246
20241108_144241_689484680,-0.031876348
20241108_144241_943175186,-0.29537526
20241108_144242_189310428,0.89095
20241108_144242_440508801,-0.48896608
20241108_144242_689060171,-0.25773478
20241108_144242_941341403,-1.1229352
20241108_144243_187400209,-1.1159465
20241108_144243_449247460,0.8625811
20241108_144243_694398674,1.1670464
20241108_144243_942734710,1.3176206
20241108_144244_191576519,0.09794896
20241108_144244_444633439,-0.5201762
20241108_144244_689327675,-0.66829824
20241108_144244_939838508,-0.60909086
20241108_144245_194236322,-0.6207394
20241108_144245_944693644,-0.5944077
20241108_144246_442062715,-0.7207691
20241108_144246_689436735,-0.57661945
20241108_144246_945895660,-0.58376426
20241108_144247_443122899,-0.728331
20241108_144247_689457550,-0.97056675
20241108_144247_941544967,-0.7117963
20241108_144248_193230643,-0.682379
20241108_144248_688960561,-0.7519527
20241108_144249_190104330,-0.79787153
20241108_144249_448288779,-0.64723426
20241108_144249_692559747,0.7456536
20241108_144249_939351585,0.011079887
20241108_144250_190838977,0.05298475
20241108_144250_687816867,0.13421886
20241108_144250_950991948,0.21602677
20241108_144251_190753645,0.13118212
20241108_144251_939391053,1.1903632
20241108_144252_189435770,0.548374
20241108_144252_439461528,0.32579318
20241108_144252_686038931,0.43420425
20241108_144252_938725627,0.607167
20241108_144253_187083723,0.7864232
20241108_144253_441835239,0.6776877
20241108_144253_691020380,1.2692214
20241108_144253_938223836,-0.6872318
20241108_144254_196358021,-0.67017394
20241108_144254_444807925,-0.77070326
20241108_144254_693326089,-0.43931678
20241108_144254_940068129,-0.5347323
20241108_144255_188191019,-0.28897825
20241108_144255_440183778,-0.32284176
20241108_144256_692201991,0.240541
20241108_144256_955861918,0.73895717
20241108_144257_209932788,0.4767941
20241108_144257_460510322,0.20724612
20241108_144257_705844316,0.23722892
20241108_144257_948508537,0.32896048
20241108_144258_195035778,0.15185378
20241108_144258_444510760,0.20360105
20241108_144258_692614443,0.22417496
20241108_144258_949268271,0.20715193
20241108_144259_453521147,0.17984627
20241108_144259_699841344,0.21157531
20241108_144259_948202927,0.0731704
20241108_144300_190798110,-0.35260382
20241108_144300_444852476,-1.0508486
20241108_144300_692970444,-0.37356076
20241108_144300_942291981,-0.78218156
20241108_144301_191677641,-0.44008777
20241108_144301_448634197,-0.6300355
20241108_144301_692166928,-0.5707919
20241108_144301_940747334,-0.8642123
20241108_144302_189068111,-0.57153326
20241108_144302_446484363,-0.5897383
20241108_144303_203473333,-0.5863125
20241108_144303_448202690,0.19107993
20241108_144303_693185885,0.32244003
20241108_144303_946862029,0.11686366
20241108_144304_193854614,0.13780631
20241108_144304_445860100,0.110019915
20241108_144304_693203973,0.2849606
20241108_144305_192593347,0.21520136
20241108_144307_195089585,0.16249971
20241108_144307_444411547,0.10499505
20241108_144307_686787580,0.2169451
20241108_144307_938503168,0.15296279
20241108_144308_185746947,0.12140951
20241108_144308_446821682,0.12889217
20241108_144308_951365880,0.08612565
20241108_144309_198376396,-0.0709578
20241108_144309_445531304,-0.031111559
20241108_144309_692264658,-0.05561956
20241108_144310_444755302,-0.051037215
20241108_144310_694660442,-0.018401643
20241108_144310_944605395,0.14184795
20241108_144311_196469208,0.31694627
20241108_144312_444051465,0.15915208
20241108_144312_690345887,0.13855033
20241108_144312_940057010,0.32838967
20241108_144313_189163146,0.19692336
20241108_144313_447173841,0.113762595
20241108_144314_446434068,0.09864221
20241108_144315_439679355,-0.21077992
20241108_144315_688784236,-0.14645661
20241108_144315_941480294,-0.14033885
20241108_144316_201000316,-0.17018445
20241108_144317_442474517,-0.039399467
20241108_144317_947999152,-0.22739033
20241108_144318_196414502,-0.5380165
20241108_144318_449817798,-0.44891718
20241108_144318_688987014,-0.56239164
20241108_144319_192884483,-0.30653515
20241108_144319_447152025,-0.53278965
20241108_144319_694070567,0.16212754
20241108_144319_956448327,0.112545766
20241108_144320_221451428,0.089566626
20241108_144320_470495266,0.07544259
20241108_144320_713371921,0.09297029
20241108_144320_963927744,0.13597076
20241108_144321_204740957,0.20963304
20241108_144321_451666101,0.38284442
20241108_144321_694075768,-0.3146291
20241108_144321_940833063,-0.12467935
20241108_144322_199707843,-0.08194127
20241108_144322_448685530,0.28616378
20241108_144322_693904398,0.34272683
20241108_144322_950013588,0.14619793
20241108_144323_193338239,0.047104694
20241108_144323_939471912,0.07686112
20241108_144324_190780052,0.11330328
20241108_144324_447308067,0.12229333
20241108_144324_694528589,0.11217109
20241108_144324_940199304,0.2513252
20241108_144325_196458866,0.18534224
20241108_144325_455747973,0.501775
20241108_144325_701363469,0.5729875
20241108_144325_946075615,0.23794083
20241108_144326_190342635,0.2310612
20241108_144326_445538257,0.16876815
20241108_144326_690412076,0.24010818
20241108_144327_442236056,0.16881512
20241108_144327_688628895,0.38551363
20241108_144328_191709152,0.2281544
20241108_144328_445244581,0.23200963
20241108_144328_945959151,0.15008084
20241108_144330_186756491,0.23448043
20241108_144330_438284882,0.13377504
20241108_144330_691180661,0.16543733
20241108_144330_943204685,0.17949955
20241108_144331_196859998,0.35296506
20241108_144331_450834740,0.5981926
20241108_144331_699453323,-0.25354207
20241108_144331_944947009,-0.54733217
20241108_144332_198858123,0.85588485
20241108_144332_451358357,-1.0711058
20241108_144332_692645049,-0.75388896
20241108_144332_943637105,-0.61661756
20241108_144333_186052141,-0.32217214
20241108_144333_445176445,-0.3582632
20241108_144334_189446970,1.015499
20241108_144334_443640386,0.9444558
20241108_144334_691768016,0.75012916
20241108_144334_952451762,0.7152588
20241108_144335_944327607,0.26098052
20241108_144336_192950253,0.069679715
20241108_144336_441717805,0.10070694
20241108_144336_945412308,0.13747631
20241108_144337_195548947,0.16735779
20241108_144337_451433495,0.2130817
20241108_144337_694342798,0.33064526
20241108_144337_945766424,0.5928177
20241108_144338_199455661,-0.27905676
20241108_144338_453761141,-0.32902387
20241108_144338_703858136,-0.20713092
20241108_144338_956656680,-0.52837473
20241108_144339_696190560,-0.28190538
20241108_144339_946616018,-0.2649605
20241108_144342_703400100,-0.17923845
20241108_144342_946799607,0.38428184
20241108_144343_199565329,1.1589397
20241108_144343_458268199,-0.78791237
20241108_144343_704646581,-0.78767836
20241108_144343_955239244,-0.2404582
20241108_144344_200899691,-0.7018131
20241108_144344_446359015,-0.6690202
20241108_144344_701907789,-0.41741803
20241108_144344_944703080,-0.55192286
20241108_144345_196665852,-0.4675847
20241108_144345_696897904,-0.5076232
20241108_144345_944043408,-0.5131197
20241108_144346_192779072,-0.3929861
20241108_144347_698467182,-0.91652566
20241108_144347_946789430,-0.46442035
20241108_144348_194133799,-0.51716954
20241108_144348_444079218,-0.2935608
20241108_144348_691176064,-0.3650431
20241108_144349_446354536,-0.5282733
20241108_144349_948341472,-0.3867589
20241108_144350_450602885,-0.2779391
20241108_144350_693634794,-0.373091
20241108_144350_942965857,-0.40882638
20241108_144351_190532359,-0.40041167
20241108_144351_445727785,-0.3774958
20241108_144351_690822391,-0.51427484
20241108_144351_944039777,-0.3525137
20241108_144352_195769822,-0.429354
20241108_144352_444402960,-0.5012219
20241108_144352_689835729,-0.4400506
20241108_144352_942505282,0.7515807
20241108_144353_193272699,0.19486533
20241108_144353_446413625,-0.112477325
20241108_144353_692588524,-0.41412458
20241108_144353_942448294,-0.12732975
20241108_144354_198093518,-0.105726086
20241108_144354_443820724,-0.13983925
20241108_144354_688104319,-0.1092129
20241108_144354_938401498,-0.4130384
20241108_144355_186369898,-0.35170612
20241108_144355_686589037,-0.1461506
20241108_144355_942846645,-0.112374924
20241108_144356_190323490,-0.27506575
20241108_144356_691246618,-0.34985992
20241108_144358_187957792,-0.2971922
20241108_144359_188564459,-0.25313118
20241108_144359_443382941,-0.24241446
20241108_144400_192711532,0.20860334
20241108_144400_445747526,0.0024441872
20241108_144400_691974232,-0.15872087
20241108_144400_947346213,-0.16523881
20241108_144401_195257011,0.6634067
20241108_144401_444775275,-0.19354291
20241108_144401_691663130,-1.0625149
20241108_144401_939813172,0.6140883
20241108_144402_188284598,0.2765526
20241108_144402_446522458,0.6058065
20241108_144402_695731566,0.8344449
20241108_144402_941757937,0.49093553
20241108_144403_192272745,0.37953982
20241108_144403_439038548,0.25405344
20241108_144403_690557055,0.02710394
20241108_144403_954193389,-0.09461679
20241108_144404_199811547,0.09004954
20241108_144404_445673593,0.07490722
20241108_144404_691347754,0.085577466
20241108_144404_941621636,0.077703096
20241108_144405_193500312,0.06610844
20241108_144405_444245880,0.03243593
20241108_144405_693639077,0.05620513
20241108_144405_941621923,0.057144143
20241108_144406_187770495,0.7436274
20241108_144406_438066303,1.0324526
20241108_144406_686662427,0.4325693
20241108_144406_937054983,-0.5505844
20241108_144407_185393209,-0.8000566
20241108_144407_442117804,-0.39956698
20241108_144407_690671921,-0.857268
20241108_144407_941745236,-0.6228743
20241108_144408_190966693,-0.666473
20241108_144409_188250804,-0.7127419
20241108_144409_439042718,-0.60119516
20241108_144409_688788556,-0.55608463
20241108_144409_943310465,-0.6265564
20241108_144410_192415270,-0.7591238
20241108_144410_438599185,-0.48600695
20241108_144410_689048688,0.053280905
20241108_144410_947290716,0.9695427
20241108_144411_205983772,-0.031946562
20241108_144411_454231578,-0.11954289
20241108_144411_696681455,-0.09284384
20241108_144411_939241080,-0.007772945
20241108_144412_186730307,0.05116006
20241108_144412_440898111,0.07016757
20241108_144412_692022046,0.08026687
20241108_144412_938522396,-0.04797771
20241108_144413_189365474,0.039287187
20241108_144413_443099931,0.027714053
20241108_144413_938846612,0.013352791
20241108_144414_455074477,0.010222891
20241108_144414_710874112,-0.15944941
20241108_144414_956540618,-0.06880721
20241108_144415_204780880,-0.05347886
20241108_144415_445911494,-0.054076336
20241108_144415_691424450,0.83876675
20241108_144415_942707737,0.5030946
20241108_144416_197913653,0.116547145
20241108_144416_446239962,0.004325906
20241108_144416_694103816,0.015646467
20241108_144416_941915622,-0.49477446
20241108_144417_195923431,-0.36389711
20241108_144417_438480225,-0.12245693
20241108_144417_687057616,0.07285766
20241108_144418_192679278,-0.037846528
20241108_144418_936358439,-0.036124967
20241108_144419_187334887,-0.44822082
20241108_144419_440712981,-0.17418231
20241108_144419_938875193,-0.15195616
20241108_144420_188389160,-0.1731603
20241108_144421_184056733,-0.07936158
20241108_144421_690531353,-0.11965694
20241108_144421_941617220,-0.17992295
20241108_144422_188728338,-0.5759344
20241108_144422_439663164,-0.39271373
20241108_144422_695979275,-0.3208005
20241108_144422_944355283,-0.32768777
20241108_144423_195365499,-0.33630976
20241108_144423_439696448,-0.57383615
20241108_144424_185149472,-0.46100125
20241108_144424_691364875,-0.38291833
20241108_144424_941409867,-0.9203245
20241108_144425_195005373,-0.7783196
20241108_144425_446281064,-0.5405221
20241108_144425_698351180,-0.61898893
20241108_144426_188179800,-0.5671074
20241108_144426_446804571,-0.5920404
20241108_144426_688549976,-0.44346473
20241108_144428_187257459,-0.5736724
20241108_144429_193144765,-0.46795532
20241108_144429_442972159,-0.30718395
20241108_144429_699654642,-0.12681584
20241108_144429_948812090,-0.21594517
20241108_144430_195727221,0.09664939
20241108_144430_444155972,0.07120577
20241108_144430_689033033,0.016136566
20241108_144430_947880432,-0.03105875
20241108_144431_191512963,0.23093878
20241108_144431_453175984,0.42963657
20241108_144431_690802584,0.33084112
20241108_144431_940419363,0.16703999
20241108_144432_190838962,0.19462083
20241108_144432_443103737,0.08536706
20241108_144432_690778332,0.10758606
20241108_144432_942116540,0.06698833
20241108_144433_185615146,0.120275296
20241108_144433_435660847,0.14521931
20241108_144433_681999800,0.13460927
20241108_144433_935467658,0.19484673
20241108_144434_182803100,0.11888472
20241108_144434_439014557,0.13022052
20241108_144434_698565508,-0.036507927
20241108_144434_945852097,0.04868672
20241108_144435_188936726,0.063332
20241108_144435_440684972,0.07038257
20241108_144435_688434318,0.07079879
20241108_144435_943148283,0.073230185
20241108_144436_191579411,0.07516716
20241108_144436_439632242,0.0681747
20241108_144436_688239810,-0.2806696
20241108_144436_938518373,-0.14970948
20241108_144437_187608839,-0.27092692
20241108_144437_438874678,-0.16085859
20241108_144437_688343737,-0.1253139
20241108_144437_942224132,-0.02693834
20241108_144438_191861745,0.07854326
20241108_144438_438532798,0.0066733155
20241108_144438_685493379,0.21016715
20241108_144438_935791558,0.14425026
20241108_144439_183777244,-0.017205378
20241108_144439_439395483,0.23869742
20241108_144439_691614129,0.08281127
20241108_144439_942868747,0.0874202
20241108_144440_195084344,0.08465854
20241108_144440_446231924,-0.053230606
20241108_144440_694034043,0.35668787
20241108_144440_945046152,0.1508153
20241108_144441_191105876,0.16452503
20241108_144441_447630850,0.11838231
20241108_144441_693492126,0.13107835
20241108_144441_943984837,0.12005464
20241108_144442_445725416,0.1490597
20241108_144442_691279213,0.7570998
20241108_144442_945876394,0.2748098
20241108_144443_190290868,0.18194197
20241108_144443_442061682,0.24107067
20241108_144443_695040405,0.18890171
20241108_144443_939721318,0.2146195
20241108_144444_193034809,0.8513236
20241108_144444_707470764,0.35434675
20241108_144444_951970442,0.29898962
20241108_144445_193726669,1.229919
20241108_144445_446391610,2.449439
20241108_144445_693634914,-0.34185526
20241108_144445_947137947,-0.046356045
20241108_144446_197637336,-0.008162821
20241108_144446_453023606,-0.08507957
20241108_144446_697633889,-0.00860413
20241108_144448_201436394,-0.061825894
20241108_144448_443404423,-0.08633473
20241108_144448_687313140,-0.12985988
20241108_144448_938118298,-0.14819677
20241108_144449_185126211,0.062981024
20241108_144449_439311025,0.07143036
20241108_144449_687245440,0.020810107
20241108_144450_687270049,-0.05816873
20241108_144451_186494503,-0.07164886
20241108_144451_437960318,-0.18223865
20241108_144451_692593941,-0.34924048
20241108_144451_959084248,0.5711654
20241108_144452_199920779,-0.027222415
20241108_144452_452142982,0.027137438
20241108_144452_689983264,0.011956612
20241108_144454_446131648,0.12244115
20241108_144454_700877193,0.35661268
20241108_144454_946263592,0.9539444
20241108_144455_198638761,-0.48131186
20241108_144455_442462889,-0.42842895
20241108_144455_698256280,-0.6521618
20241108_144455_952789455,-0.60675937
20241108_144456_442716514,-0.58461726
20241108_144456_697072998,-0.6852274
20241108_144456_953216444,-0.6245206
20241108_144457_205846280,-0.5135358
20241108_144458_442450641,-0.44294322
20241108_144458_688107018,-0.301318
20241108_144458_944586759,0.15758167
20241108_144459_194464443,1.0663282
20241108_144459_448963264,0.3342326
20241108_144459_702520765,-0.2129441
20241108_144459_954917541,-0.038788937
20241108_144500_198190078,-0.36637828
20241108_144500_446835483,-0.26865503
20241108_144500_703692310,-0.05521705
20241108_144500_956709222,-0.086773
20241108_144501_202249664,-0.0896075
20241108_144501_459490465,0.016263047
20241108_144501_701827850,0.21781921
20241108_144501_947635168,0.06963483
20241108_144502_204052651,-0.16035695
20241108_144502_698361150,-0.05400779
20241108_144503_192900462,0.014184812
20241108_144503_442965999,0.15977477
20241108_144503_694321903,0.09817431
20241108_144504_693203651,-0.1327243
20241108_144505_188791434,-0.15189604
20241108_144505_438872281,-0.32622373
20241108_144505_687290322,-0.57391834
20241108_144505_938066522,-0.47686332
20241108_144506_193566206,-0.040173784
20241108_144506_943112870,-0.21922673
20241108_144507_195094467,-0.08690127
20241108_144507_448284719,-0.08862951
20241108_144507_698956878,-0.15785159
20241108_144507_962050377,-0.4245887
20241108_144508_211945117,-0.43797243
20241108_144508_453913239,-0.26328844
20241108_144508_699053054,-0.13371168
20241108_144508_941697467,-0.09397831
20241108_144509_446255127,-0.21671118
20241108_144511_192390032,-0.20484681
20241108_144511_439839301,-0.1369404
20241108_144511_938327018,-0.012525817
20241108_144512_440046013,-0.12940435
20241108_144512_942334620,-0.14752276
20241108_144513_692882253,-0.16749282
20241108_144514_693831336,-0.16804792
20241108_144515_192512785,-0.2021348
20241108_144515_447926103,-0.34308392
20241108_144515_699148896,-0.55417854
20241108_144515_952820901,-0.48425534
20241108_144516_193513341,-0.50076604
20241108_144516_444555421,-0.8509076
20241108_144516_690168160,-0.07500538
20241108_144516_942122647,-0.08206799
20241108_144518_190494215,-0.019761715
20241108_144518_447274174,-0.2588261
20241108_144518_944613166,-0.1780981
20241108_144519_448656447,-0.7794284
20241108_144519_692264266,0.04566449
20241108_144519_940659928,0.0016940031
20241108_144520_191473954,0.06330023
20241108_144520_439822798,-0.7427033
20241108_144520_689578037,0.07980397
20241108_144520_941974116,-0.6139446
20241108_144521_190057058,0.13676916
20241108_144521_440692017,0.031750306
20241108_144521_690293232,0.31408647
20241108_144521_940659840,0.7098763
20241108_144522_188403247,0.38335615
20241108_144522_439456409,0.32090536
20241108_144524_691323394,0.32640132
20241108_144524_936957993,0.33986342
20241108_144525_442026203,-0.1377798
20241108_144525_689111625,0.65777606
20241108_144525_947228361,-0.17707144
20241108_144526_187006043,-0.46039745
20241108_144526_438833978,0.59265375
20241108_144526_948684727,-0.104900084
20241108_144527_193886002,-0.05877336
20241108_144527_448051616,-0.07230248
20241108_144527_689756795,-0.052329086
20241108_144527_940174979,0.72350204
20241108_144528_192962574,0.61349726
20241108_144528_442007625,-0.14417456
20241108_144528_689753959,-0.06651356
20241108_144528_937166056,-0.04488673
20241108_144529_192137602,-0.023100099
20241108_144529_939996694,-0.051319264
20241108_144530_195949587,-0.8924729
20241108_144530_448282889,-1.1494306
20241108_144530_690965817,1.2751856
20241108_144530_950057577,0.7195394
20241108_144531_199144582,0.81324285
20241108_144531_456952838,0.8133439
20241108_144531_706192873,0.7821385
20241108_144531_943514977,0.6028768
20241108_144532_193215733,-0.7322592
20241108_144532_446312822,-0.38549516
20241108_144532_689790700,-0.1863747
20241108_144532_941852755,0.38913214
20241108_144533_189822118,1.1363386
20241108_144533_445546361,0.46125647
20241108_144533_691763800,0.14046322
20241108_144533_942397961,-0.62103033
20241108_144534_201350904,-0.7082207
20241108_144534_454390354,-0.067674756
20241108_144534_699518709,-0.81383336
20241108_144534_943114443,-0.012642177
20241108_144535_187609295,0.10139587
20241108_144535_436906894,0.29623958
20241108_144535_689793612,0.865031
20241108_144535_952682532,-1.16655
20241108_144536_195651515,-0.57733184
20241108_144536_446066148,-1.0034034
20241108_144536_689604640,-0.16998805
20241108_144536_938831792,-0.012709869
20241108_144537_442459775,-0.9366366
20241108_144537_705399684,-0.71515816
20241108_144537_951632510,-0.9667874
20241108_144538_195901903,-0.3565375
20241108_144538_451416326,0.23672913
20241108_144538_700305040,0.15716873
20241108_144538_945718666,0.30421036
20241108_144539_193565284,-0.2928639
20241108_144539_448305012,-0.08845051
20241108_144539_693778538,-0.17164923
20241108_144539_940734079,0.85711753
20241108_144540_188949122,-0.44799984
20241108_144540_446141720,-0.183702
20241108_144540_695363439,0.24840845
20241108_144540_953753640,0.15137304
20241108_144541_200023732,0.025636474
20241108_144541_445096676,0.5037429
20241108_144541_686096940,0.6042808
20241108_144541_937915020,-1.1594037
20241108_144542_189874123,-0.73336685
20241108_144542_440720701,-0.66430026
20241108_144543_685993629,-0.7453187
20241108_144544_950088526,0.46223447
20241108_144545_200714021,0.13373749
20241108_144545_445885910,0.06583204
20241108_144545_703186999,-0.6807135
20241108_144545_954700163,0.0788548
20241108_144546_207703399,0.40969354
20241108_144546_460097133,-0.46718144
20241108_144546_717251309,-0.678364
20241108_144546_979821818,-0.0588314
20241108_144547_221803518,-0.12565213
20241108_144547_461292319,-0.010482034
20241108_144547_702772623,-0.5367078
20241108_144547_961669330,-0.42566606
20241108_144548_206608757,-0.3160077
20241108_144548_445147736,-0.3084751
20241108_144549_697303276,-0.500132
20241108_144549_949499867,0.034341194
20241108_144550_193330819,-0.1452014
20241108_144550_445842252,-0.09459814
20241108_144550_949929793,-0.071142755
20241108_144551_194063398,-0.07054623
20241108_144551_690276813,0.0773975
20241108_144552_203661271,-0.04032948
20241108_144552_450048167,-0.057443105
20241108_144552_691722521,-0.031846188
20241108_144554_456233176,0.67783123
20241108_144554_711901819,0.34263662
20241108_144554_956534910,0.061002173
20241108_144555_203086760,0.4481737
20241108_144555_448731826,-0.4607462
20241108_144555_692148655,0.20506702
20241108_144555_940512329,-0.5405087
20241108_144556_195093809,1.2790782
20241108_144556_440908523,0.5387102
20241108_144556_690687083,-0.04541669
20241108_144556_951650385,0.64433056
20241108_144557_190500293,-0.13714851
20241108_144557_439949167,-0.72076386
20241108_144557_691161181,-0.48941696
20241108_144557_942095891,0.13284655
20241108_144558_189176350,-0.048704542
20241108_144558_442031484,-0.15562434
20241108_144558_689108350,-0.50079495
20241108_144558_941847267,-0.610329
20241108_144559_189433999,0.0026740227
20241108_144559_442736589,-0.10904237
20241108_144559_690285968,1.9137417
20241108_144559_954921058,0.466072
20241108_144600_211271560,-0.005431341
20241108_144600_457116609,0.16686736
20241108_144600_697474562,0.19695437
20241108_144600_952030866,0.22740816
20241108_144601_193377466,0.7262308
20241108_144601_454398740,0.46770164
20241108_144601_945837628,0.2922701
20241108_144602_201686529,0.6276606
20241108_144602_461803258,0.5544041
20241108_144602_709204290,0.5326393
20241108_144602_958972937,-0.1246404
20241108_144603_209111611,0.08984021
20241108_144603_455600555,0.1703225
20241108_144603_699503791,0.090852216
20241108_144603_955433262,0.13924885
20241108_144604_199074067,0.62451565
20241108_144604_450032560,-0.17792214
20241108_144604_699545536,0.27076232
20241108_144604_945884068,0.43463895
20241108_144605_197755296,0.048811235
20241108_144605_446296101,-0.120460115
20241108_144605_698999940,-0.019061198
20241108_144605_956363848,-0.6606859
20241108_144606_210385781,0.42685637
20241108_144606_455632891,0.23741032
20241108_144606_708990465,0.9325853
20241108_144606_959620785,0.008140581
20241108_144607_199716592,-0.033563845
20241108_144607_450457674,-0.70044583
20241108_144607_694709297,0.40618402
20241108_144607_942621970,0.52827126
20241108_144608_188790480,0.48020998
20241108_144608_441549959,0.616502
20241108_144608_690160514,0.30165237
20241108_144608_939584753,-0.6732494
20241108_144609_191489199,0.55796146
20241108_144609_440091533,0.6643373
20241108_144609_687125375,0.42391697
20241108_144609_940407807,0.4448996
20241108_144610_190640434,0.062055208
20241108_144610_441527183,-0.23880608
20241108_144610_689723037,0.21775328
20241108_144610_941794628,-2.0287087
20241108_144611_192732542,1.0903733
20241108_144611_445858047,-1.6867865
20241108_144611_696607948,1.3774745
20241108_144611_950534731,0.19649528
20241108_144612_196011959,0.119488455
20241108_144612_447274778,0.49546763
20241108_144612_701241320,0.27399814
20241108_144612_956241844,0.45886204
20241108_144613_201607074,1.0376964
20241108_144613_450723844,0.46335098
20241108_144613_699412515,0.59035754
20241108_144613_947584837,-0.28921023
20241108_144614_190556317,0.7992499
20241108_144614_443881948,0.52124006
20241108_144614_691800002,-1.0164726
20241108_144614_942114954,-0.40052146
20241108_144615_190711158,-0.38312778
20241108_144616_199267158,-0.7314837
20241108_144616_448725781,-0.5186916
20241108_144616_706316822,-0.4568154
20241108_144616_950901520,-0.2184154
20241108_144617_695072741,-0.30094388
20241108_144617_952446360,-0.30634633
20241108_144618_455865168,-0.9576753
20241108_144618_709572541,0.08524886
20241108_144618_950567599,-0.027248578
20241108_144619_200962462,0.3288546
20241108_144619_446160612,0.51169914
20241108_144619_690323048,0.15773772
20241108_144619_942095784,0.24805807
20241108_144620_196836332,0.17205362
20241108_144620_448583860,0.024202446
20241108_144620_693226451,0.00030056573
20241108_144620_944418059,0.32606775
20241108_144621_195516964,0.00526152
20241108_144621_441416162,0.026632646
20241108_144621_688873078,0.40738618
20241108_144621_934824711,-1.559316
20241108_144622_184312677,-0.4857009
20241108_144622_435629488,0.74001825
20241108_144622_690489138,0.29810467
20241108_144622_943447537,0.4855074
20241108_144623_188576117,0.36639792
20241108_144623_448732802,-0.7331126
20241108_144623_692576436,0.55053663
20241108_144623_950537078,-1.7322383
20241108_144624_193743815,-0.7199524
20241108_144624_446700635,-0.42100203
20241108_144624_692584529,-0.5202927
20241108_144624_946699076,-0.006850945
20241108_144625_195613150,1.1236609
20241108_144625_447023282,-1.2421603
20241108_144625_701873269,-0.6255935
20241108_144625_950639445,-0.66417795
20241108_144626_201396372,-0.49549246
20241108_144626_452334615,-0.6588243
20241108_144627_442585164,-0.57613915
20241108_144627_687441322,-0.75317484
20241108_144627_939170884,-0.57511044
20241108_144628_191118868,-0.68631214
20241108_144628_440992361,-0.2528486
20241108_144628_687666715,-0.06414702
20241108_144628_942425217,-0.08104362
20241108_144629_193159518,-0.2017275
20241108_144629_460797894,-0.20584087
20241108_144629_696984660,-0.21699639
20241108_144630_195757478,-0.23635451
20241108_144630_444791033,-0.2606621
20241108_144630_944594165,-0.5339393
20241108_144631_189574251,-0.16956194
20241108_144631_454111078,-0.017943311
20241108_144631_698525465,-0.09249731
20241108_144631_951903477,-0.8399778
20241108_144632_195542934,0.035963394
20241108_144632_443462129,-0.0019603074
20241108_144632_696249757,0.21698812
20241108_144632_941774094,-0.059768453
20241108_144633_189622365,0.12737088
20241108_144633_438870069,1.057804
20241108_144633_688095371,-0.71741706
20241108_144633_938059402,-0.37200782
20241108_144634_190792264,0.44513237
20241108_144634_440083143,0.65917593
20241108_144634_690844047,0.4882746
20241108_144634_940863763,-0.47546625
20241108_144635_192519320,0.8171694
20241108_144635_447168439,1.006766
20241108_144635_699986219,-0.30423912
20241108_144635_952767082,0.74511397
20241108_144636_194038667,-0.71475357
20241108_144636_440790448,-0.34739873
20241108_144636_690203212,0.20419498
20241108_144636_944314642,-0.3697956
20241108_144637_196393753,-0.034491196
20241108_144637_450173900,-0.5998004
20241108_144637_694814479,-0.10145317
20241108_144637_948621947,-0.45691612
20241108_144638_190816060,0.15226878
20241108_144638_441814167,-0.6272497
20241108_144638_690162776,0.22954349
20241108_144638_939650025,0.15334703
20241108_144639_194688391,0.030286087
20241108_144639_440858395,-0.21559997
20241108_144639_687245197,-0.11323505
20241108_144639_938854935,0.20308724
20241108_144640_189824171,-0.37613833
20241108_144640_440764246,-0.40402383
20241108_144640_698400080,-0.53483105
20241108_144640_943078102,-0.43281165
20241108_144641_190453313,-0.39427766
20241108_144641_945741420,-0.30528352
20241108_144642_194573095,-0.3254094
20241108_144642_690910846,-0.2627922
20241108_144642_941291579,-0.21999796
20241108_144643_188888781,-0.30752513
20241108_144643_452308058,0.054504342
20241108_144643_701072345,-0.093301974
20241108_144643_946380339,-0.20251901
20241108_144644_191821823,-0.40323344
20241108_144644_446294982,-0.36176762
20241108_144644_689473798,0.31870225
20241108_144644_945307694,-0.16742946
20241108_144645_195368830,-0.5097817
20241108_144645_456119361,-0.43282932
20241108_144645_702071541,-0.25494787
20241108_144645_949794260,-0.19913389
20241108_144647_190347192,-0.31142527
20241108_144647_451148021,-0.48589256
20241108_144647_691120274,-0.47952774
20241108_144647_942749292,-0.57149607
20241108_144648_192541892,0.04043527
20241108_144648_441414761,0.24490874
20241108_144648_689707518,-1.0586863
20241108_144648_940975866,-0.8340427
20241108_144649_190696259,-0.08751027
20241108_144649_440881448,-0.32519004
20241108_144650_691821542,-0.41784233
20241108_144650_941210470,-0.39639446
20241108_144651_195595567,-0.365676
20241108_144651_450536721,-0.34857437
20241108_144651_695070389,-0.35350135
20241108_144651_943785743,-0.35713282
20241108_144652_198118095,-0.48452437
20241108_144652_443680575,-0.39236733
20241108_144652_694413598,-0.5220947
20241108_144652_945413357,-0.5162112
20241108_144653_451878618,-0.45619842
20241108_144653_703343466,-0.31290042
20241108_144653_954859771,-0.18992071
20241108_144654_204666689,0.023884127
20241108_144654_453485823,0.2039809
20241108_144654_708164615,0.40312746
20241108_144654_955435846,0.33408034
20241108_144655_198954254,0.6309821
20241108_144655_444863726,-0.7986514
20241108_144655_689569880,0.5725985
20241108_144655_942089012,-0.046380304
20241108_144656_190451492,-0.0022352245
20241108_144656_940954930,-0.23243739
20241108_144657_189057803,0.64448804
20241108_144657_446417020,-0.036037706
20241108_144657_692231422,0.024808923
20241108_144657_938057226,0.11061571
20241108_144658_189316070,0.1809981
20241108_144658_443054568,0.23745422
20241108_144658_688166593,0.82945025
20241108_144658_944387412,0.49004254
20241108_144659_189540526,0.58414114
20241108_144659_447520028,0.67997223
20241108_144659_694232878,0.8673339
20241108_144659_944004659,-0.92328423
20241108_144700_192502075,1.3941892
20241108_144700_449565783,-0.53294176
20241108_144700_691804028,-0.42406937
20241108_144700_950608170,-0.21636666
20241108_144701_198839179,0.07285445
20241108_144701_450297954,0.0806983
20241108_144701_697971169,0.042137243
20241108_144701_950863712,-0.11849066
20241108_144702_196111653,-0.10683092
20241108_144702_692997617,-0.08173164
20241108_144702_940901160,-0.0784783
20241108_144703_193052849,0.009977976
20241108_144703_445405409,0.03609339
20241108_144703_694695659,-0.12057658
20241108_144703_944525183,-0.29602122
20241108_144704_942105612,-0.26971623
20241108_144705_188838902,-0.5443484
20241108_144705_444352981,-0.3164796
20241108_144706_203098630,0.11226568
20241108_144706_454931523,0.10772192
20241108_144706_702713487,-0.07643231
20241108_144707_202516803,-0.09210905
20241108_144707_950615056,-0.057229064
20241108_144708_439752742,-0.008274099
20241108_144708_689149507,0.5318684
20241108_144708_942228761,-0.12316002
20241108_144709_187909532,0.3418623
20241108_144709_447959368,0.06677411
20241108_144709_693847364,-0.1546299
20241108_144709_953169827,0.04054693
20241108_144710_200376528,0.025467196
20241108_144710_448228408,0.15928613
20241108_144711_189363893,0.10946558
20241108_144711_445752136,0.095280804
20241108_144711_693159499,0.08036468
20241108_144711_943054503,0.0922781
20241108_144712_188782399,0.16042177
20241108_144712_447502240,0.10411427
20241108_144712_691515927,0.1329829
20241108_144713_442919603,-0.3443362
20241108_144713_690829249,-0.27740282
20241108_144713_943954001,-0.19917922
20241108_144714_191261074,-0.16627534
20241108_144714_949015647,-0.21023796
20241108_144715_692494612,-0.33264467
20241108_144715_940562420,-0.11489912
20241108_144716_187530724,-0.075339936
20241108_144716_445339479,-0.11761429
20241108_144717_203577390,0.054825224
20241108_144719_189954381,0.2848188
20241108_144719_442618762,0.12177213
20241108_144721_685538470,0.2809948
20241108_144721_938764411,0.27974638
20241108_144726_193786305,0.17001894
20241108_144726_455011745,0.5298396
20241108_144726_698848042,0.38827226
20241108_144726_952525488,0.22649299
20241108_144727_194709840,0.18638808
20241108_144727_444251468,-0.026620409
20241108_144728_443076037,-0.5579471
20241108_144728_688925629,-0.09241056
20241108_144728_942840044,-0.17862506
20241108_144729_197007508,-0.15554725
20241108_144729_691601406,-0.16333057
20241108_144729_938787627,-0.06892099
20241108_144730_187448137,0.04720501
20241108_144731_191020589,0.07612262
20241108_144731_441905174,0.030568102
20241108_144731_944968772,1.076818
20241108_144732_189202256,0.37733436
20241108_144732_441977968,0.49703977
20241108_144732_689393056,0.47635886
20241108_144733_184234547,0.5233968
20241108_144733_436001999,0.516696
20241108_144734_436116865,0.42620564
20241108_144734_689095327,0.4985439
20241108_144734_947628078,0.14240642
20241108_144735_193002870,0.18954621
20241108_144735_450883538,0.21849953
20241108_144735_944902044,0.23370437
20241108_144736_193652183,0.18373178
20241108_144736_443517682,0.217481
20241108_144736_702871078,0.28771842
20241108_144736_947007547,0.591484
20241108_144737_188975639,0.22151649
20241108_144737_440864998,-0.06658828
20241108_144737_692453374,-0.56700313
20241108_144737_947840026,0.3072079
20241108_144738_209365101,0.22797559
20241108_144738_460655460,0.363978
20241108_144738_695617287,0.24550782
20241108_144738_946056906,-0.3166156
20241108_144739_195190689,-0.9691662
20241108_144739_444899501,-1.3015076
20241108_144739_687843259,-0.7036956
20241108_144739_938136505,-0.60660774
20241108_144740_186892714,-0.67301816
20241108_144740_441170566,-0.5323905
20241108_144740_691990424,-0.5237953
20241108_144740_953353319,-0.15659113
20241108_144741_200279007,-0.20204322
20241108_144741_445864632,-0.24151303
20241108_144741_690231814,-0.26035863
20241108_144741_945552744,-0.1858299
20241108_144742_197266979,-0.30912596
20241108_144742_441988545,-0.30833617
20241108_144742_686180769,-0.28450453
20241108_144743_185554459,-0.29939607
20241108_144743_434759714,-0.2839009
20241108_144743_690947150,-0.29801586
20241108_144743_946109877,-0.024587272
20241108_144744_195959152,0.14089458
20241108_144744_442249048,0.06463305
20241108_144744_941549626,-0.013842067
20241108_144745_192486857,-0.18119092
20241108_144745_440278661,-0.5803991
20241108_144745_689661591,-0.1530949
20241108_144745_943902005,-0.55783117
20241108_144746_193382007,-0.24781378
20241108_144746_437355765,-0.14593644
20241108_144746_698066942,-0.05964025
20241108_144746_941867490,-0.055220746
20241108_144747_443198750,0.03689114
20241108_144747_939075665,0.2619585
20241108_144748_187539694,-0.36258805
20241108_144748_437210164,-0.20759194
20241108_144748_685061702,-0.0975483
20241108_144748_936122950,0.3832873
20241108_144749_186892543,-0.03344907
20241108_144749_441699285,0.04460445
20241108_144749_691839894,0.013093451
20241108_144750_451467358,0.0037935767
20241108_144750_696101415,-0.12906952
20241108_144750_948105566,-0.41969112
20241108_144751_199555972,-0.89386064
20241108_144751_451456416,-0.4455028
20241108_144751_696213341,-0.4311421
20241108_144751_952545120,-0.050969116
20241108_144752_192334716,-0.112833925
20241108_144752_439371628,-0.1965506
20241108_144752_686288517,-0.3180018
20241108_144752_936770214,-0.28320447
20241108_144753_442615709,-0.52854097
20241108_144753_697522562,-0.39252815
20241108_144753_950232425,0.4942691
20241108_144754_191035252,0.25478384
20241108_144754_445831869,0.3315775
20241108_144754_694849697,-0.26196948
20241108_144754_941087828,-0.6186286
20241108_144755_431785024,-0.65192276
20241108_144755_684092658,-0.6579906
20241108_144755_934054329,-0.16058832
20241108_144756_184622173,-0.21500646
20241108_144756_436424663,-0.17369685
20241108_144756_688713479,-0.2266848
20241108_144756_941878322,-0.43665886
20241108_144757_190687929,-0.79612935
20241108_144757_442624841,-0.20839414
20241108_144757_689057799,-0.15018724
20241108_144757_937684219,-0.03781461
20241108_144758_183081045,-0.044179317
20241108_144758_684527345,-0.11620561
20241108_144758_939473261,-0.26197407
20241108_144759_187708580,-0.3100572
20241108_144759_436358058,-0.3689412
20241108_144800_186805000,-0.26783586
20241108_144800_435707952,-0.373583
20241108_144800_692002769,-0.15068002
20241108_144800_942194858,-0.13606279
20241108_144801_188168892,0.06715731
20241108_144801_444161964,-0.05830296
20241108_144801_687047449,-0.15522899
20241108_144801_942079748,-1.0329579
20241108_144802_194689745,0.32267627
20241108_144802_449006371,0.4433206
20241108_144802_695762526,0.30649248
20241108_144802_948191285,0.11714939
20241108_144803_193935418,-0.40539178
20241108_144803_443156563,-0.7492454
20241108_144803_694902727,-0.17828722
20241108_144803_953025481,0.21489458
20241108_144804_202888864,-0.3653577
20241108_144804_459485813,-0.24046017
20241108_144804_699310862,-0.29467526
20241108_144804_946161242,-0.2329892
20241108_144805_199985920,-0.93702227
20241108_144805_448354619,0.6634106
20241108_144805_698249306,0.8619551
20241108_144805_952154009,1.0255085
20241108_144806_194852989,0.37513462
20241108_144806_453744499,0.25137636
20241108_144806_701929990,0.32192415
20241108_144806_947292958,0.28299215
20241108_144807_193255337,0.24772827
20241108_144808_932717413,0.2802066
20241108_144809_185393313,0.26779845
20241108_144809_436566965,0.26156658
20241108_144809_685781044,0.19279571
20241108_144810_185667458,0.2964835
20241108_144810_685696107,0.3622881
20241108_144811_454833279,0.34358525
20241108_144812_190185222,0.2905154
20241108_144812_687348676,0.24179916
20241108_144812_938136476,0.61691356
20241108_144813_185780480,0.34017682
20241108_144813_940187795,0.3881432
20241108_144814_450662597,0.39072758
20241108_144814_694238426,0.33914968
20241108_144814_944320567,0.20087989
20241108_144815_190384935,0.23861383
20241108_144815_446034389,0.28441244
20241108_144816_189529337,0.26366368
20241108_144816_445237282,-0.69747126
20241108_144816_690257509,-0.39882505
20241108_144816_938713831,-0.7788088
20241108_144817_185889032,0.673637
20241108_144817_441229755,0.46829468
20241108_144817_692627614,0.20488119
20241108_144817_937574418,0.27342594
20241108_144818_185156502,0.2707105
20241108_144818_433788052,0.549373
20241108_144818_687330316,1.5986397
20241108_144818_937676967,0.6652985
20241108_144819_182921583,0.46589786
20241108_144819_436537125,0.48058847
20241108_144819_682103695,0.5127602
20241108_144819_934073983,0.57747406
20241108_144820_183723796,-0.63435555
20241108_144820_436519379,-0.24857493
20241108_144820_688329109,-0.08364906
20241108_144821_434749460,-0.08875509
20241108_144821_684985868,0.03353531
20241108_144821_936666684,0.17941786
20241108_144822_184775073,0.09582297
20241108_144822_938281128,0.13061623
20241108_144823_186069252,0.22536726
20241108_144823_436780965,-1.0850964
20241108_144823_685253622,-1.262383
20241108_144823_934687618,-0.57044894
20241108_144824_189811089,-0.4725344
20241108_144824_441262594,-0.40223366
20241108_144824_690005577,-0.3771647
20241108_144825_186917798,-0.3455984
20241108_144825_436594599,-0.25818685
20241108_144825_682595070,-0.32351756
20241108_144825_932340840,-0.2929565
20241108_144826_187801051,-0.3180293
20241108_144826_439861578,-0.1361932
20241108_144826_692994716,-0.053512156
20241108_144826_945100368,0.5987163
20241108_144827_191325292,0.3230999
20241108_144827_447464005,-0.05639576
20241108_144827_689603996,-0.17705831
20241108_144827_945715691,-0.14873816
20241108_144828_189123481,0.04732368
20241108_144828_442607461,0.021725083
20241108_144828_687699916,-0.01591762
20241108_144828_938033362,-0.3046374
20241108_144829_190098762,0.053298794
20241108_144829_440298289,-0.117698215
20241108_144829_701794622,-0.07553043
20241108_144829_945260621,-0.056761526
20241108_144830_191000274,-0.039479695
20241108_144830_446873018,-0.05406227
20241108_144830_693319454,-0.03651675
20241108_144830_936533521,-0.013297161
20241108_144831_188465616,0.61647314
20241108_144831_439777338,-0.00376161
20241108_144831_690171762,-0.50218314
20241108_144831_937962491,-0.09886994
20241108_144832_187675232,-0.24846007
20241108_144832_683634105,1.0446081
20241108_144832_940057671,0.3519661
20241108_144833_193042580,0.24009942
20241108_144833_438921136,0.21463363
20241108_144833_935743261,0.2264577
20241108_144834_184426445,0.32429394
20241108_144834_438078678,0.25364104
20241108_144834_941514117,0.21306454
20241108_144835_184135480,0.4316234
20241108_144835_433092211,0.53151447
20241108_144835_681226309,0.7981526
20241108_144835_936781913,0.7506937
20241108_144836_184456031,-0.266322
20241108_144836_436286818,-0.01844182
20241108_144836_689721235,0.09413029
20241108_144836_943967857,0.013528546
20241108_144837_189774838,0.036752917
20241108_144837_443392134,-0.046907507
20241108_144837_693522237,0.4400773
20241108_144837_948391135,0.31185058
20241108_144838_190053919,0.30136028
20241108_144838_448968009,0.31173322
20241108_144838_697484039,0.25360194
20241108_144839_682146872,-0.13814493
20241108_144839_940450592,-1.1581479
20241108_144840_187482121,-0.4306048
20241108_144840_441559874,-0.289365
20241108_144840_687857680,-0.3305933
20241108_144840_940850089,-0.36796913
20241108_144841_443461382,-0.3521237
20241108_144841_690837706,0.05353339
20241108_144841_943787526,0.059846587
20241108_144842_186825108,-0.5787783
20241108_144842_454696384,-0.6718516
20241108_144842_699599888,-0.6409244
20241108_144842_947013244,-1.177359
20241108_144843_189352135,0.4978437
20241108_144843_441577085,1.7794244
20241108_144843_687463782,-0.60056406
20241108_144843_936005435,0.1106142
20241108_144844_184626567,0.12856545
20241108_144844_437498553,-0.07812243
20241108_144844_686816839,-0.100675784
20241108_144845_439381160,-0.011699101
20241108_144845_937714282,-0.034266733
20241108_144846_184669079,-0.108078085
20241108_144846_436059792,1.2520158
20241108_144846_684387595,-0.987283
20241108_144846_938046674,0.21298169
20241108_144847_185161265,0.33349615
20241108_144847_440092883,0.012435475
20241108_144847_690613677,0.06609271
20241108_144847_939019272,0.34045348
20241108_144848_439562293,0.16387048
20241108_144848_687889844,0.28983462
20241108_144848_940989232,0.22683142
20241108_144849_188839043,0.13069485
20241108_144849_437695236,0.04813222
20241108_144849_693729132,-0.6293347
20241108_144849_947207603,-1.6379076
20241108_144850_190705291,0.40537506
20241108_144850_440722370,-0.06936594
20241108_144850_686890577,-0.009581467
20241108_144850_941721984,0.10862551
20241108_144851_436594488,0.027037958
20241108_144851_705148521,1.1003042
20241108_144851_950964669,0.3928187
20241108_144852_191573608,0.29065585
20241108_144852_438234575,-0.33063906
20241108_144852_689441790,0.010269681
20241108_144853_191307127,-0.6661148
20241108_144853_436041390,0.0440811
20241108_144853_684470874,0.06664026
20241108_144853_934616918,1.1211333
20241108_144854_188080583,0.66783273
20241108_144854_442399210,0.74880636
20241108_144854_688964124,-0.6803447
20241108_144854_950370441,-0.3884319
20241108_144855_196139161,-0.31931219
20241108_144855_449980905,-0.04457151
20241108_144855_694272527,-0.09345689
20241108_144855_953651160,-0.1080695
20241108_144856_193834268,-0.2196625
20241108_144856_443446537,-0.14330716
20241108_144857_692636606,-0.022701334
20241108_144857_939094621,0.077016436
20241108_144858_186873853,0.036750413
20241108_144858_689117635,-0.11189797
20241108_144858_941099053,-0.090683125
20241108_144859_191163756,-0.0706351
20241108_144859_450661313,-0.08182051
20241108_144859_693972206,0.48826757
20241108_144859_936779056,0.14506091
20241108_144900_184822818,0.20483376
20241108_144900_442913013,-0.096840255
20241108_144900_691250346,-0.024682155
20241108_144901_186607413,-0.21744584
20241108_144901_444515261,0.011881629
20241108_144901_692741876,-0.024213772
20241108_144901_945086060,0.24248241
20241108_144902_196451607,0.129506
20241108_144902_444447647,0.059272386
20241108_144902_694692194,-0.21975489
20241108_144902_943637246,0.22281452
20241108_144903_192560439,1.8903737
20241108_144903_441419022,0.8233634
20241108_144903_683487206,0.61649865
20241108_144903_934914598,0.9139598
20241108_144904_193443255,0.7700121
20241108_144904_439293464,0.1796258
20241108_144904_685568883,0.3141952
20241108_144904_931259506,0.17675619
20241108_144905_183301636,-0.25060365
20241108_144905_438954296,-0.35090163
20241108_144905_695071158,-0.05796521
20241108_144905_942603408,-0.04355111
20241108_144906_186765486,0.06680335
20241108_144906_437170952,0.15402998
20241108_144907_185838003,0.12746914
20241108_144907_439805275,0.0702965
20241108_144907_684173051,0.30959556
20241108_144907_935903616,0.6444314
20241108_144908_439024721,0.26258925
20241108_144908_684084119,0.24904661
20241108_144908_935451176,0.13729621
20241108_144909_181251795,-0.6372643
20241108_144909_441967105,-0.44105074
20241108_144910_446108312,-0.28016672
20241108_144910_705238276,-0.15986533
20241108_144910_948590068,-0.11166351
20241108_144911_190464480,-0.12307035
20241108_144911_683472642,-0.118123315
20241108_144912_685345406,-0.26971176
20241108_144912_932604756,-0.28325734
20241108_144913_682161951,-0.15821467
20241108_144913_930793678,-0.19753651
20241108_144914_180236844,-0.23545237
20241108_144914_431991019,-0.11323162
20241108_144914_930315573,-0.15280916
20241108_144915_181157816,-0.16789486
20241108_144915_431267680,-0.15679772
20241108_144915_679593263,-0.15700544
20241108_144915_932534856,-0.096570246
20241108_144916_187979114,-0.15046705
20241108_144916_683522530,0.02480621
20241108_144917_188278661,-0.10825109
20241108_144917_692286551,-0.6068026
20241108_144917_940823607,-0.12297403
20241108_144918_194293536,0.035314314
20241108_144918_444432291,0.6578076
20241108_144918_692328755,0.121050455
20241108_144918_934583497,0.10088793
20241108_144919_183486288,0.16972528
20241108_144919_441560842,0.20338444
20241108_144919_937333818,0.1981728
20241108_144920_182428627,0.2515475
20241108_144920_437780252,0.20006208
20241108_144920_935917783,0.17478065
20241108_144921_188495171,0.41511327
20241108_144921_692893808,0.40089598
20241108_144922_193398494,0.2832849
20241108_144922_440015416,0.39691877
20241108_144922_683792526,0.2900582
20241108_144924_683422818,0.24238549
20241108_144924_932008098,0.2583559
20241108_144925_181484407,0.2584049
20241108_144925_686728888,0.2942398
20241108_144925_936492645,0.44534007
20241108_144926_186650191,0.325308
20241108_144926_436974890,0.3066544
20241108_144926_694262368,0.32606608
20241108_144927_941127888,0.6412833
20241108_144928_935917775,0.16521673
20241108_144929_443416569,0.23444258
20241108_144929_939925747,0.23080407
20241108_144930_188667188,0.22510712
20241108_144930_942312719,0.32073385
20241108_144931_195576832,0.45251417
20241108_144931_445328910,0.2917558
20241108_144931_690482970,0.28295976
20241108_144931_945178059,0.18522714
20241108_144932_189031564,0.25324526
20241108_144932_444184880,0.24005483
20241108_144932_687142766,0.33159012
20241108_144932_940666452,0.2993919
20241108_144934_441559796,0.22155266
20241108_144934_691642232,0.123429276
20241108_144935_187973113,0.2743209
20241108_144936_189207135,0.24176191
20241108_144936_680672668,0.23720793
20241108_144937_187060270,0.3784627
20241108_144937_684682932,0.30495152
20241108_144937_938694288,0.216781
20241108_144938_440959406,0.25876588
20241108_144939_187462774,0.22566833
20241108_144939_685775405,-0.39113522
20241108_144939_952198242,-0.01161035
20241108_144940_197999951,-0.07352107
20241108_144940_447295524,-0.010179361
20241108_144940_696839599,0.0081180725
20241108_144940_954279958,0.12924749
20241108_144941_193557189,-0.4186745
20241108_144941_439798271,-0.52367854
20241108_144941_686482230,-0.36489144
20241108_144941_942430081,-0.27394697
20241108_144942_184193490,-0.17312248
20241108_144942_434175804,-0.09498539
20241108_144943_683089703,-0.17103751
20241108_144944_186547736,-0.16143249
20241108_144945_181509431,-0.13050266
20241108_144945_443688489,-0.28337812
20241108_144945_689265239,0.22304575
20241108_144945_941119894,0.06452434
20241108_144946_184476753,-0.1584953
20241108_144946_434469886,-0.018910786
20241108_144946_681831066,-0.013059875
20241108_144946_935260387,-0.007542869
20241108_144947_437589871,-0.0067504253
20241108_144947_930427553,-0.009314498
20241108_144948_182244336,-0.0056594815
20241108_144948_432272141,0.045329727
20241108_144948_680813257,0.02041922
20241108_144948_936709279,-0.12685473
20241108_144949_931924350,-0.07732775
20241108_144950_431707748,-0.052697144
20241108_144950_680881601,0.06604717
20241108_144950_934302113,0.034983434
20241108_144951_684213135,0.08239559
20241108_144951_936660534,0.045938887
20241108_144952_433430458,0.0017421637
20241108_144952_687458700,-0.40672332
20241108_144952_932423693,0.33261138
20241108_144953_186738771,0.049143948
20241108_144953_934635470,0.030519644
20241108_144954_440548244,-0.0069730487
20241108_144954_690909921,0.039398946
20241108_144955_435467428,0.03475509
20241108_144955_686169183,-0.08801725
20241108_144955_936982807,0.055723943
20241108_144956_183964024,0.2919879
20241108_144956_447994904,0.47907665
20241108_144956_698446434,0.34154835
20241108_144956_941222581,0.29752436
20241108_144957_437605413,0.20423351
20241108_144957_683863637,0.13208331
20241108_144957_935077521,0.14934684
20241108_144958_436471020,0.14058219
20241108_144958_683659782,0.18059434
20241108_144958_933739083,0.19533984
20241108_144959_941327846,0.22272266
20241108_145000_196212840,0.1448688
20241108_145000_452573997,-0.096137665
20241108_145000_711131470,-0.17247213
20241108_145000_962149000,-0.07101347
20241108_145001_201109173,-0.07367911
20241108_145001_444405679,-0.0746583
20241108_145001_705069283,-0.09304174
20241108_145001_967776337,-0.0666609
20241108_145002_207711321,0.007889012
20241108_145002_451226695,0.5489615
20241108_145002_707992696,0.84426826
20241108_145002_949983776,0.21053012
20241108_145003_198759958,0.6936611
20241108_145003_450523601,0.47124866
20241108_145003_696687138,0.5930175
20241108_145003_941988551,-0.6426104
20241108_145004_197354541,-0.606053
20241108_145004_444966335,-0.45083842
20241108_145004_697407111,-0.518033
20241108_145004_953551822,-0.39632693
20241108_145005_439388908,-0.19275926
20241108_145005_688007126,0.40347424
20241108_145005_947709407,0.30352977
20241108_145006_205627176,0.1897883
20241108_145006_455830450,0.19958594
20241108_145006_693171504,0.25311118
20241108_145006_941029999,0.2886079
20241108_145007_442939287,0.35833594
20241108_145007_944151443,0.9377176
20241108_145008_192281307,0.4539212
20241108_145008_448503474,0.4737877
20241108_145008_940641751,0.5863951
20241108_145009_443526674,0.4417235
20241108_145009_946418015,0.41462892
20241108_145010_197183700,0.38974807
20241108_145010_449747030,0.37720764
20241108_145010_699612801,0.38686502
20241108_145010_940741941,1.6165249
20241108_145011_188952528,0.5580941
20241108_145011_449442123,0.09431877
20241108_145011_694043214,-0.057423912
20241108_145011_939086485,0.9535103
20241108_145012_198947332,0.6349786
20241108_145012_454215124,0.7192828
20241108_145012_705093957,0.043567874
20241108_145012_952501514,0.05747334
20241108_145013_192238256,0.6765281
20241108_145013_446297780,0.52907014
20241108_145013_689984621,0.35252857
20241108_145013_943707844,0.4427836
20241108_145014_190987846,0.40414163
20241108_145014_444383339,0.17851873
20241108_145014_686002855,0.50786084
20241108_145014_935780751,-0.43908104
20241108_145015_188655128,0.6105067
20241108_145015_436112715,0.37293023
20241108_145015_683182815,0.46046886
20241108_145015_934390691,0.5500543
20241108_145016_187693351,0.19555824
20241108_145017_433578819,0.41116044
20241108_145017_679689453,0.34293962
20241108_145017_936588343,0.24610849
20241108_145018_187775708,-0.018493524
20241108_145018_440112492,-0.25893486
20241108_145018_701371209,-0.39052072
20241108_145018_949202442,-0.23592709
20241108_145019_195505554,-0.20449264
20241108_145019_942879876,-0.1641982
20241108_145020_435679425,-0.20227726
20241108_145020_949749146,-0.23916893
20241108_145021_192570676,0.58423185
20241108_145021_451295543,0.3445057
20241108_145021_690609334,0.44318914
20241108_145022_442499323,0.4047453
20241108_145022_686707459,0.3756035
20241108_145022_941625697,0.2985639
20241108_145023_435219825,0.30452517
20241108_145023_683354301,0.39031065
20241108_145023_935124229,0.36140233
20241108_145024_184040768,0.36789456
20241108_145024_951709421,0.08364854
20241108_145025_197561080,-0.037610166
20241108_145025_453554468,0.15487884
20241108_145025_706651898,-0.12211832
20241108_145025_958457598,-0.310977
20241108_145026_206722234,-2.082535
20241108_145026_445113039,0.46414015
20241108_145026_694647820,0.5611615
20241108_145026_941957805,0.47746697
20241108_145027_188410831,0.6819323
20241108_145027_443316098,0.51672035
20241108_145027_688776752,0.26420042
20241108_145027_938939107,0.2561312
20241108_145029_193022989,0.22098811
20241108_145029_447820775,0.09504292
20241108_145029_699259432,0.14336483
20241108_145029_945232308,0.105250336
20241108_145030_687025746,0.13503383
20241108_145030_938477045,0.13281421
20241108_145031_187999893,0.453883
20241108_145031_448326117,0.29688427
20241108_145031_937829731,0.35268205
20241108_145032_436972162,0.2323537
20241108_145032_935766927,0.2822921
20241108_145034_689483290,0.023348073
20241108_145034_944429369,0.25434685
20241108_145035_191363080,0.18692942
20241108_145035_437529140,0.15343098
20241108_145036_180845369,0.13495104
20241108_145036_432963074,0.12755488
20241108_145036_695666154,0.12146018
20241108_145037_692015051,0.1072493
20241108_145037_940968130,-0.08414074
20241108_145038_194075805,-0.029534837
20241108_145038_439962495,0.048836626
20241108_145038_686820181,0.14267798
20241108_145038_934406793,0.10192103
20241108_145039_180328984,0.09717894
20241108_145039_431224296,0.26461178
20241108_145039_682395947,0.24095653
20241108_145039_934616903,0.18668686
20241108_145040_936060238,0.17017226
20241108_145041_184899759,0.75769144
20241108_145041_436043188,0.29229426
20241108_145041_681573866,0.18781541
20241108_145041_934150966,0.14390068
20241108_145042_687920625,0.1878316
20241108_145043_437445144,-0.042077504
20241108_145043_682094070,-0.11185076
20241108_145043_932841970,-0.04450234
20241108_145045_191346170,0.001436064
20241108_145046_446995809,0.008727053
20241108_145049_686018761,0.019032815
20241108_145049_937795729,0.04616163
20241108_145050_947127746,0.15143229
20241108_145051_486819036,0.1566296
20241108_145051_714609419,0.7135069
20241108_145051_954996491,0.6386779
20241108_145052_210672250,0.4122245
20241108_145052_719817731,0.4379518
20241108_145053_202076752,0.18938003
20241108_145053_463279703,0.12602375
20241108_145053_703236926,0.1648509
20241108_145053_948089315,0.17003815
20241108_145054_192190106,0.16583838
20241108_145054_695307168,1.3670993
20241108_145054_947217431,-0.5826533
20241108_145055_196624416,-0.3094852
20241108_145055_457879785,0.2158796
20241108_145055_704309989,0.5166287
20241108_145055_943241858,0.21426626
20241108_145056_194883988,0.86450154
20241108_145056_450390569,0.4949607
20241108_145056_709694482,0.24540435
20241108_145056_962914865,0.35334486
20241108_145057_198779454,0.35701504
20241108_145057_695488806,0.26240554
20241108_145057_945826856,0.23917742
20241108_145058_191764898,0.43206662
20241108_145058_439308839,0.16551739
20241108_145058_692835635,-0.5381327
20241108_145058_945801890,-0.71758646
20241108_145059_186435589,-0.5736744
20241108_145059_440299086,-0.6443133
20241108_145059_689137992,-0.5400217
20241108_145059_944015933,-0.38914102
20241108_145100_195053588,0.31059125
20241108_145100_450682352,0.12022523
20241108_145100_698090366,0.21712296
20241108_145101_203629853,0.1135449
20241108_145101_457625846,-0.5295375
20241108_145101_699767247,-0.9925804
20241108_145101_960590766,-0.7126439
20241108_145102_217822167,-0.7269903
20241108_145102_463583654,0.0038135517
20241108_145102_705402360,0.6551455
20241108_145102_955897114,0.4641287
20241108_145103_196258568,0.43081507
20241108_145103_446208001,-0.1111842
20241108_145103_704066746,0.017628053
20241108_145103_951001234,0.034133054
20241108_145104_195976051,0.054003753
20241108_145104_443625104,0.064149834
20241108_145104_694520579,0.15566055
20241108_145104_948035277,0.2704452
20241108_145105_194940289,0.30895203
20241108_145105_446861117,0.20245598
20241108_145105_693561135,0.16656436
20241108_145105_947998123,0.15397324
20241108_145106_191531075,0.10731468
20241108_145106_449096570,0.11491171
20241108_145106_692127767,0.1328217
20241108_145106_941316903,0.08044759
20241108_145107_187595040,0.061974145
20241108_145107_435402552,0.004199246
20241108_145107_683694045,-0.3243116
20241108_145107_939348283,-0.55445343
20241108_145108_189999251,-0.22769113
20241108_145108_439563942,-0.31494537
20241108_145108_699033809,0.056193657
20241108_145108_943316085,0.016956309
20241108_145109_451400725,-0.14561017
20241108_145109_944385234,-0.26073104
20241108_145110_192071726,-0.24888523
20241108_145110_456431158,-0.035842113
20241108_145112_694817398,-0.09732684
20241108_145112_943569222,0.38096082
20241108_145113_189872672,-0.061274253
20241108_145113_443978070,-0.18842109
20241108_145113_689590289,-0.029133698
20241108_145113_938395978,0.20417576
20241108_145114_186829318,0.09215728
20241108_145115_184300034,0.050778247
20241108_145115_690264039,0.049332418
20241108_145115_935800111,0.059730686
20241108_145116_185214663,-0.025162121
20241108_145116_443597452,-0.07460948
20241108_145116_694662007,-0.113389574
20241108_145116_940253953,0.068767615
20241108_145117_457957232,-0.02020987
20241108_145117_697562494,-0.20979376
20241108_145117_944655859,-0.4721055
20241108_145118_210409214,-0.22227784
20241108_145118_456632519,1.1625887
20241108_145118_695301374,-0.30708334
20241108_145118_956376279,-0.4992381
20241108_145119_200249654,-0.19447918
20241108_145119_446757435,-0.26523116
20241108_145119_694707230,-0.23165317
20241108_145119_954184359,-0.16942815
20241108_145120_194000490,-0.4404547
20241108_145120_443344486,-0.3625506
20241108_145120_696557952,-0.36181968
20241108_145120_955802884,-0.46429667
20241108_145121_193563273,-0.13804038
20241108_145121_439763597,0.005507292
20241108_145121_693951836,0.13651346
20241108_145121_943856723,-0.041261755
20241108_145122_697286113,-0.030534288
20241108_145122_943393389,-0.05181744
20241108_145123_194180924,-0.2504156
20241108_145123_443840083,-0.69839424
20241108_145123_686290770,-0.5259219
20241108_145123_938933397,-0.40259814
20241108_145124_448412017,-0.52592254
20241108_145124_683277403,0.05416774
20241108_145124_944155100,-0.17768197
20241108_145125_202027659,-0.19276412
20241108_145125_447639826,-0.080260955
20241108_145125_692333154,-0.122560345
20241108_145126_202120238,-0.19023748
20241108_145126_459199881,-0.17101617
20241108_145126_702735054,-0.15497287
20241108_145128_437082310,-0.21975829
20241108_145128_683058484,-0.3104699
20241108_145128_936887857,-0.40134966
20241108_145129_183834929,-0.30257004
20241108_145129_435761773,-0.33683234
20241108_145129_682171514,-0.29837558
20241108_145129_936361953,-0.31478402
20241108_145130_191419735,-0.31975856
20241108_145130_443375182,-0.3520724
20241108_145130_691114173,-0.31621268
20241108_145130_942189967,-0.5696103
20241108_145131_188182831,-0.11839369
20241108_145131_438700683,-0.13971089
20241108_145131_688314264,0.1382171
20241108_145131_951072373,0.55297464
20241108_145132_199477457,0.54261285
20241108_145132_454068712,0.5569085
20241108_145132_704684723,0.51135224
20241108_145132_957922697,0.42201063
20241108_145133_191372765,0.43302923
20241108_145133_442169418,0.86216015
20241108_145133_688028733,0.54222834
20241108_145133_943939831,0.76570296
20241108_145134_184199563,0.41833216
20241108_145134_442376566,0.29838797
20241108_145134_684805986,0.16903897
20241108_145134_952298393,0.17007516
20241108_145135_189455425,-0.2597152
20241108_145135_442145839,-0.08828062
20241108_145135_687098760,-0.19751813
20241108_145135_940429814,-0.19200625
20241108_145136_189859083,-0.22847171
20241108_145136_440238659,-0.020639217
20241108_145136_691311572,-0.121557675
20241108_145136_944418229,-0.10981812
20241108_145137_187131427,0.024424871
20241108_145137_439688669,0.20444342
20241108_145137_689572083,0.47216758
20241108_145137_941302411,0.2535051
20241108_145138_185736035,0.09412549
20241108_145138_442415156,0.1767997
20241108_145138_945879312,0.18007164
20241108_145139_450489702,0.20525609
20241108_145140_446487853,0.22541349
20241108_145140_689269530,0.18363468
20241108_145141_685951645,0.12782381
20241108_145141_947133868,0.43294704
20241108_145142_188312610,0.25879052
20241108_145142_435655796,0.20972823
20241108_145142_684414387,0.13808899
20241108_145142_936853852,0.17150323
20241108_145144_196288561,0.37361804
20241108_145144_441267554,1.4757944
20241108_145144_685122618,0.7703817
20241108_145144_940681742,0.27941468
20241108_145145_185630629,0.23357548
20241108_145145_691748435,0.19292556
20241108_145145_940394168,0.123251446
20241108_145146_186468077,0.30281773
20241108_145147_195184461,0.23464258
20241108_145147_940719679,0.36599883
20241108_145148_186821087,0.018450001
20241108_145148_438031364,-0.26678345
20241108_145148_693202086,-0.29443443
20241108_145148_948188172,-0.07063701
20241108_145149_439132848,-0.3393715
20241108_145149_691565650,-0.5706085
20241108_145149_937202645,0.49093667
20241108_145150_188024668,0.66191787
20241108_145150_439812984,0.7433771
20241108_145150_692509127,0.7368817
20241108_145150_940321046,0.53892016
20241108_145151_188953741,0.29688248
20241108_145151_437874309,0.13511467
20241108_145151_687317751,-0.027927812
20241108_145151_940209372,0.039999247
20241108_145152_180410881,0.038174964
20241108_145152_437171178,0.0402591
20241108_145152_687384841,0.7064496
20241108_145152_941494962,0.5262339
20241108_145153_185856924,0.6752173
20241108_145153_435050414,0.051833563
20241108_145153_684824624,0.10557953
20241108_145153_935566799,0.051938787
20241108_145154_182298552,0.006259421
20241108_145154_430824830,-0.015897831
20241108_145154_685127683,0.04129056
20241108_145154_939935067,-0.530246
20241108_145155_186109559,-0.011911475
20241108_145155_436284395,0.20878386
20241108_145155_689659484,-0.08163037
20241108_145155_946568512,0.1947263
20241108_145156_192145606,0.08306354
20241108_145156_438350696,0.022150913
20241108_145157_186837183,0.018506685
20241108_145157_434317816,0.08876077
20241108_145157_686707377,0.43037736
20241108_145157_938048530,0.33076346
20241108_145158_439054805,-0.345628
20241108_145158_685549652,0.6589107
20241108_145158_942375118,-0.12527324
20241108_145159_189297196,-0.25290245
20241108_145159_436746674,-0.11644024
20241108_145159_682554064,-0.188688
20241108_145159_937793074,-0.18245848
20241108_145200_183925860,-0.096145995
20241108_145200_437253400,-0.5072263
20241108_145200_693074289,0.6839364
20241108_145200_936823545,0.59615624
20241108_145201_183529262,0.754407
20241108_145201_689669059,0.596291
20241108_145201_935054133,0.57815444
20241108_145202_184899439,0.50310695
20241108_145202_439449871,0.4604754
20241108_145202_687014978,0.22987176
20241108_145202_941552547,0.2504104
20241108_145203_434948995,0.20096277
20241108_145204_183672072,0.3834607
20241108_145204_439216146,0.32920262
20241108_145205_433810593,0.37970042
20241108_145205_684734050,0.5713996
20241108_145205_934314814,0.6064047
20241108_145206_184681345,0.43275964
20241108_145206_435869947,0.4465944
20241108_145206_685316250,0.44841465
20241108_145206_945003961,-0.097622715
20241108_145207_192079274,0.19085531
20241108_145207_435604526,0.19722377
20241108_145207_681457979,0.19084583
20241108_145207_929639710,0.17234527
20241108_145208_182051335,0.19317941
20241108_145209_435696879,0.3941182
20241108_145209_687231708,0.3749196
20241108_145209_937663654,0.35412565
20241108_145210_181675373,0.29077393
20241108_145210_434166830,0.25907555
20241108_145210_932471002,0.3643287
20241108_145211_182352191,0.16223542
20241108_145211_435356496,0.2839088
20241108_145211_688371695,0.1938558
20241108_145211_937151407,0.20788209
20241108_145212_690857290,0.16131882
20241108_145213_443752945,0.20686032
20241108_145213_691856154,0.45723087
20241108_145213_959146576,0.4199776
20241108_145214_205247170,0.67106086
20241108_145214_445120726,1.2203844
20241108_145214_697031861,0.7022039
20241108_145214_946271406,-0.14883524
20241108_145215_194534957,-0.31239894
20241108_145215_445237768,-0.108791225
20241108_145215_691610844,-0.16201665
20241108_145215_944233209,-0.1706336
20241108_145216_193534022,0.030599194
20241108_145216_440236781,0.061608516
20241108_145217_687301196,-0.05857583
20241108_145217_950294945,0.10385498
20241108_145218_191948292,0.038766302
20241108_145218_440663453,0.08674101
20241108_145218_690567129,0.029683867
20241108_145218_940283635,-0.14076777
20241108_145219_186458428,-0.07239499
20241108_145219_442732606,-0.07089909
20241108_145219_690313370,-0.288783
20241108_145219_937061862,-0.33560905
20241108_145220_182471907,-0.41125998
20241108_145220_438113619,-0.10178914
20241108_145220_692984242,-0.17441984
20241108_145220_939997420,-0.5596083
20241108_145221_185573810,-0.3276521
20241108_145221_432831198,-0.32430452
20241108_145221_680188852,-0.23184161
20241108_145221_930916533,-0.029740712
20241108_145222_181837269,-0.09189131
20241108_145222_432613779,-0.13993524
20241108_145222_930839502,-0.1615702
20241108_145223_178016885,-0.24030553
20241108_145223_430903005,-0.13148822
20241108_145223_683250746,-0.15437971
20241108_145223_934714178,-0.42574778
20241108_145224_183698354,-0.14624967
20241108_145224_435437632,-0.21330594
20241108_145224_687047331,-0.20891418
20241108_145224_939823548,-0.10814532
20241108_145225_185233470,-0.14327045
20241108_145225_431398441,-0.079329215
20241108_145225_681195485,-0.10489195
20241108_145225_931923252,-0.1759036
20241108_145226_178455731,-0.19647755
20241108_145226_433059413,-0.19256352
20241108_145226_680169721,-0.17789884
20241108_145227_181231307,-0.2193289
20241108_145227_434911373,-0.1946672
20241108_145227_684026719,-0.18894719
20241108_145227_931647103,-0.2706383
20241108_145228_184871238,-0.28447846
20241108_145228_449076716,-0.18223958
20241108_145228_690568078,-0.27744797
20241108_145228_936594875,-0.19935127
20241108_145229_434994489,-0.3506377
20241108_145229_682356961,-0.5325021
20241108_145229_933252669,-0.047902964
20241108_145230_185934199,0.22105731
20241108_145230_438416474,0.55459
20241108_145230_689181426,0.27911922
20241108_145231_202584752,0.40124056
20241108_145231_444885033,0.98813254
20241108_145231_687153346,0.8717946
20241108_145231_948965410,0.6213275
20241108_145232_189443435,0.56045574
20241108_145232_437836294,0.8981943
20241108_145232_687028921,0.7801848
20241108_145232_937795608,0.66444814
20241108_145233_189002439,0.6447807
20241108_145233_443686878,0.6659726
20241108_145233_690430912,-0.37137666
20241108_145233_946678818,0.24059252
20241108_145234_197065085,0.27667588
20241108_145234_441812314,0.17054157
20241108_145234_684529030,0.057137825
20241108_145234_935833570,-0.008774361
20241108_145235_442395335,0.20354061
20241108_145236_195404356,0.12199078
20241108_145236_443925670,0.4686622
20241108_145236_689852492,-0.097539134
20241108_145236_954176338,0.42387617
20241108_145237_205360521,0.03385081
20241108_145237_459929425,0.054663144
20241108_145237_697792645,0.3924265
20241108_145237_943780726,0.27435103
20241108_145238_443949084,-0.081841014
20241108_145238_693272600,-0.0516155
20241108_145239_192396073,-0.03195014
20241108_145239_440672944,-0.019008478
20241108_145240_205967551,-0.0017972793
20241108_145240_448812075,-0.05731108
20241108_145241_958693471,0.3075586
20241108_145242_201345809,0.390213
20241108_145242_446399678,0.48557332
20241108_145242_688167928,0.667416
20241108_145242_937269309,0.5939897
20241108_145243_685420414,0.42647642
20241108_145243_944107803,0.52717453
20241108_145244_190925223,0.12211148
20241108_145244_461566153,0.4564435
20241108_145244_695554985,0.611505
20241108_145244_938503136,0.791681
20241108_145245_440323481,0.61469436
20241108_145245_939279584,-0.32272092
20241108_145246_187234901,-1.3598019
20241108_145246_437146437,-0.9014662
20241108_145246_689860360,-0.09505417
20241108_145246_954118584,-0.22776704
20241108_145247_196303629,-0.14994706
20241108_145247_449235011,-0.40345618
20241108_145247_700577006,-0.12198987
20241108_145247_953673355,-0.27396125
20241108_145248_202583988,-0.33507434
20241108_145248_451970491,-0.24723552
20241108_145249_190953519,-0.16710891
20241108_145249_440324492,-0.23254646
20241108_145249_688804875,-0.32410145
20241108_145249_940193849,-0.26002672
20241108_145250_183634238,0.510145
20241108_145250_445132368,1.2964274
20241108_145250_687557159,-0.34827548
20241108_145250_937776568,-0.5555716
20241108_145251_453414658,0.100352205
20241108_145251_700672168,-0.07108363
20241108_145251_953380448,0.40990463
20241108_145252_191667808,0.42547107
20241108_145252_447182700,-0.32102117
20241108_145252_693335102,0.15126307
20241108_145252_940617687,-0.050074883
20241108_145253_190914196,0.021415966
20241108_145253_447047038,0.101280265
20241108_145253_690302424,0.6483816
20241108_145253_939026456,0.4127901
20241108_145254_194306954,0.4004918
20241108_145254_447202721,0.2704654
20241108_145254_689044877,-0.0309154
20241108_145254_943680808,-0.1540078
20241108_145255_191491980,-0.114799015
20241108_145256_182963595,-1.1277568
20241108_145256_435882210,-1.0538818
20241108_145256_682880726,-0.45344377
20241108_145257_190928651,-0.91830057
20241108_145257_447960681,-0.776416
20241108_145258_446289024,-0.51919764
20241108_145258_690776522,-0.14592005
20241108_145258_948877812,-0.18632884
20241108_145259_201855216,-0.41596463
20241108_145259_448412332,-0.0525193
20241108_145259_693583399,-0.05582934
20241108_145259_954738630,-0.019922873
20241108_145300_199116857,0.0668604
20241108_145300_456564981,0.07929895
20241108_145300_707776484,0.092599906
20241108_145300_951127643,0.34479433
20241108_145301_196399631,0.44931206
20241108_145301_448859642,0.5474073
20241108_145301_697918237,0.39808986
20241108_145301_943693937,0.35677096
20241108_145302_189064970,-0.31549048
20241108_145302_441927173,-0.11825072
20241108_145302_689678511,-0.05337145
20241108_145302_941933566,-0.0706748
20241108_145303_184895600,-0.12430634
20241108_145303_441564805,-0.24108829
20241108_145304_215587411,-0.29007795
20241108_145305_697756934,-0.34653857
20241108_145306_199283965,-0.43874308
20241108_145307_447399463,-0.27289715
20241108_145307_684142695,-0.2399667
20241108_145307_935409912,-0.12280949
20241108_145308_188465060,-0.21994872
20241108_145308_458323094,-0.35004875
20241108_145308_708650864,-0.76528114
20241108_145308_953304196,-1.1867123
20241108_145309_205802011,-1.2358704
20241108_145309_454746430,-0.5531187
20241108_145309_696028019,-0.3337616
20241108_145309_943179941,0.029625567
20241108_145310_190998746,0.06579685
20241108_145310_446100413,0.03881012
20241108_145310_690228163,-0.21968956
20241108_145310_943393840,-0.16822489
20241108_145311_189624253,0.7505851
20241108_145311_437620660,0.17442925
20241108_145311_690667854,-0.27616534
20241108_145311_940947512,-0.23416904
20241108_145312_188098201,-0.22862144
20241108_145312_442333070,-0.21093632
20241108_145312_688448714,-0.27368847
20241108_145313_181145047,-0.22652431
20241108_145313_436780540,-0.21271718
20241108_145313_693621851,-0.20396008
20241108_145314_440187946,-0.14293273
20241108_145314_693234586,-0.24112083
20241108_145314_939170930,-0.3279421
20241108_145315_195246959,-0.17738844
20241108_145315_443061488,-0.38566706
20241108_145315_687480583,-0.22408624
20241108_145315_936754211,0.024988549
20241108_145316_182510318,0.23641802
20241108_145316_439355006,0.52956045
20241108_145316_686615786,0.8202713
20241108_145316_934559312,0.30926567
20241108_145317_184243298,-0.013660928
20241108_145317_432541840,0.46472326
20241108_145317_682673713,0.41805223
20241108_145317_934324523,-0.61520964
20241108_145318_190320276,-0.63302726
20241108_145318_441174666,0.2861558
20241108_145318_697989566,0.35218203
20241108_145319_189794830,0.13195103
20241108_145319_434436303,0.29569212
20241108_145319_684993857,0.10666493
20241108_145319_937281391,0.14021131
20241108_145320_189774916,-0.28338197
20241108_145320_445448585,-0.51977754
20241108_145320_696760646,-1.522629
20241108_145320_948060175,-1.0163932
20241108_145321_198957010,0.29395574
20241108_145321_458727454,0.3581905
20241108_145321_712502317,1.0520973
20241108_145321_963884299,2.4702203
20241108_145322_207613409,-0.5627906
20241108_145322_455847446,-0.56412804
20241108_145322_698630763,-0.810128
20241108_145322_946505942,-1.02389
20241108_145323_194773299,-0.9407269
20241108_145323_448390884,-0.68970674
20241108_145323_690252372,-1.6453408
20241108_145323_945092446,-0.8735138
20241108_145324_185441312,-0.35524145
20241108_145324_435543812,0.61760324
20241108_145324_684779469,-0.118178256
20241108_145324_936313077,-0.16111629
20241108_145325_191384021,-0.77374834
20241108_145325_445317043,-0.56339985
20241108_145325_686391473,-0.5362186
20241108_145325_938575671,-1.3278066
20241108_145326_186101296,0.2446417
20241108_145326_439784734,0.29126462
20241108_145326_689360300,0.21822058
20241108_145326_941322844,0.79516065
20241108_145327_186520054,1.1125264
20241108_145327_438394092,1.2774928
20241108_145327_691581465,0.6544657
20241108_145327_941107786,0.5469664
20241108_145328_189950215,0.43642807
20241108_145328_441581218,0.3827557
20241108_145328_687030817,0.322812
20241108_145328_946741894,0.82213634
20241108_145329_187462750,0.31597647
20241108_145329_438573522,-0.9786905
20241108_145329_686922203,-0.58216006
20241108_145329_937651684,-0.26215395
20241108_145330_189706590,-0.14363939
20241108_145330_441520104,0.2400889
20241108_145330_695937955,0.069355085
20241108_145330_944353487,0.017083684
20241108_145331_194814309,0.3205523
20241108_145331_443159770,0.1431474
20241108_145331_934083342,0.06589655
20241108_145332_188107434,0.032444037
20241108_145332_438332600,0.23936258
20241108_145332_689513638,0.15647785
20241108_145332_936729262,0.0874205
20241108_145333_183096353,0.12313286
20241108_145333_438174103,0.16792534
20241108_145333_683471388,0.18516217
20241108_145333_936450354,0.20971416
20241108_145334_190905046,0.22437735
20241108_145334_690193597,0.16461526
20241108_145334_935210156,0.219802
20241108_145335_185612120,0.16721939
20241108_145335_437414571,0.5348113
20241108_145335_681591333,0.5033124
20241108_145335_936258447,0.5925856
20241108_145336_180242014,0.60870314
20241108_145336_434935187,1.0010434
20241108_145336_681190547,1.5753977
20241108_145336_933366584,1.6237435
20241108_145337_184428564,0.68327457
20241108_145337_445931293,0.45276085
20241108_145337_693562758,0.47494784
20241108_145337_937324558,0.17732893
20241108_145338_188063522,0.15651761
20241108_145338_439224315,0.45930123
20241108_145338_691556460,0.5586876
20241108_145338_951810768,1.9501975
20241108_145339_198640128,0.08419951
20241108_145339_457112339,0.24671261
20241108_145339_706259401,0.09594873
20241108_145339_950444676,0.16233198
20241108_145340_202199519,0.22369005
20241108_145340_448023544,0.11121271
20241108_145340_693698254,0.26166874
20241108_145340_938841317,0.3529335
20241108_145341_184721897,0.55576533
20241108_145341_437498618,0.44009143
20241108_145341_684085405,0.39639336
20241108_145341_933808292,0.2962824
20241108_145342_183763604,0.9319689
20241108_145342_432469468,1.0937831
20241108_145342_680361087,0.6315939
20241108_145342_937699061,-0.9140944
20241108_145343_190326163,-0.36704805
20241108_145343_437111362,-0.15968643
20241108_145343_685292044,0.05378612
20241108_145343_942272619,0.41869548
20241108_145344_185200182,0.17777221
20241108_145344_442022535,0.031896047
20241108_145344_691650808,0.7072989
20241108_145344_944823395,0.5497714
20241108_145345_194804906,0.44328114
20241108_145345_442870565,0.20780653
20241108_145345_683900099,0.5296763
20241108_145345_936092110,-0.040446036
20241108_145346_183915273,0.31250775
20241108_145346_440103041,0.74670494
20241108_145346_685049757,0.80443764
20241108_145346_936119312,0.4715655
20241108_145347_185122959,-0.43653047
20241108_145347_438883878,-0.26180887
20241108_145347_691015910,0.08250437
20241108_145347_945232580,0.6636045
20241108_145348_189926849,0.5055674
20241108_145348_439394725,-0.9411296
20241108_145348_691077355,-0.42081606
20241108_145348_948065912,-0.27999753
20241108_145349_188529307,-0.17231055
20241108_145349_437117406,-0.21397431
20241108_145349_935530710,-0.27549574
20241108_145350_181825755,-0.23322679
20241108_145350_436008258,-0.29378194
20241108_145350_688512959,-0.20065345
20241108_145350_942134158,0.21733603
20241108_145351_188092495,0.06728313
20241108_145351_443759400,-0.30239692
20241108_145351_698682775,-0.4396184
20241108_145351_951093149,-0.10452946
20241108_145352_192155218,0.2614933
20241108_145352_441515521,0.3504845
20241108_145352_688503518,-0.32803085
20241108_145352_942043480,-0.6812944
20241108_145353_194572193,-1.116907
20241108_145353_442211910,-0.8577883
20241108_145353_688255927,0.13479216
20241108_145353_942207066,0.47392026
20241108_145354_188885713,0.0312903
20241108_145354_440694732,1.3829641
20241108_145354_683667449,0.15152453
20241108_145354_941395106,-2.3865438
20241108_145355_194298054,0.540153
20241108_145355_446715464,-0.3215791
20241108_145355_684478965,-0.32718134
20241108_145355_938148083,-0.21467568
20241108_145356_182771693,-0.77777666
20241108_145356_436261624,-0.9734016
20241108_145356_688463208,-0.882381
20241108_145356_942574401,-0.72830665
20241108_145357_190309485,-0.40381584
20241108_145357_452276939,-0.14038756
20241108_145357_698790778,-0.08332191
20241108_145357_949201571,0.050447352
20241108_145358_195063398,0.17175053
20241108_145358_442981274,0.41853723
20241108_145358_686133232,0.2784559
20241108_145358_938303852,0.19802152
20241108_145359_186560705,0.8423038
20241108_145359_442080562,0.6110112
20241108_145359_691436387,0.4114578
20241108_145359_939800842,0.07064337
20241108_145400_190552539,0.5865175
20241108_145400_451562707,0.122324504
20241108_145400_698231884,0.24698354
20241108_145400_946448791,0.23233704
20241108_145401_198041399,0.5366342
20241108_145401_447380042,0.39893973
20241108_145401_697437646,0.30496913
20241108_145401_943698199,0.5290417
20241108_145402_186781018,0.5499498
20241108_145402_440376448,0.7541083
20241108_145402_685989621,0.6971768
20241108_145402_943179808,1.2003517
20241108_145403_186279110,0.48446038
20241108_145403_445843192,0.5803414
20241108_145403_686644349,0.485508
20241108_145403_936800675,0.38573334
20241108_145404_185590977,0.2921774
20241108_145404_437954909,0.1545236
20241108_145404_958080839,0.20107292
20241108_145405_187739956,0.8577654
20241108_145405_440996370,1.4750704
20241108_145405_687569806,-0.18458752
20241108_145405_948954622,0.07234148
20241108_145406_187798393,0.18205129
20241108_145406_438572313,0.49214134
20241108_145406_691203832,0.4418638
20241108_145406_950533755,0.47876033
20241108_145407_193812277,0.2259665
20241108_145407_445173689,0.54111856
20241108_145407_688936981,0.61826545
20241108_145407_934210554,0.84137505
20241108_145408_190145122,0.19945575
20241108_145408_450302631,0.6998318
20241108_145408_700266478,1.5556809
20241108_145408_947547988,-0.3520305
20241108_145409_195433424,-0.40707022
20241108_145409_450160877,-0.16471316
20241108_145409_700638122,-0.038106523
20241108_145409_949715971,-0.05572673
20241108_145410_187396897,0.02713255
20241108_145410_450705069,0.5758143
20241108_145410_697055921,0.65618515
20241108_145410_942932886,1.3128731
20241108_145411_190288734,1.3781645
20241108_145411_439487397,0.23794098
20241108_145411_686442465,0.2957626
20241108_145411_935423825,0.18341286
20241108_145412_189172979,0.1476176
20241108_145412_444543957,0.074477054
20241108_145412_688811901,0.7297315
20241108_145412_937622704,0.56507486
20241108_145413_181953437,1.3681248
20241108_145413_437548952,0.9572559
20241108_145413_689179953,-0.5617877
20241108_145413_950886717,0.51273316
20241108_145414_195736329,0.28662547
20241108_145414_448597312,0.16343835
20241108_145414_686078088,0.47624055
20241108_145414_938850358,-0.8757315
20241108_145415_187481646,-0.8625917
20241108_145415_443907798,-0.45286813
20241108_145415_685746732,-0.4268522
20241108_145415_935191885,-0.30122826
20241108_145416_185693531,-0.48360246
20241108_145416_434412457,-1.2719755
20241108_145416_681131151,-0.58997935
20241108_145416_945092133,-0.5964
20241108_145417_186594770,-0.39228216
20241108_145417_440198728,-0.048663743
20241108_145417_689220103,-0.061886594
20241108_145417_945449512,-0.06993493
20241108_145418_185293380,0.20049687
20241108_145418_437736646,0.18332444
20241108_145418_686043692,0.22625224
20241108_145418_944419778,0.8489893
20241108_145419_184564917,1.5874958
20241108_145419_436438166,0.24356343
20241108_145419_687818548,0.2871277
20241108_145419_951678058,0.31533417
20241108_145420_194959352,0.44503486
20241108_145420_444244766,0.28771326
20241108_145420_938932821,0.30992606
20241108_145421_186737635,0.25180122
20241108_145421_435884010,0.21263178
20241108_145421_685132897,0.19099762
20241108_145421_936051730,0.1706089
20241108_145422_194791376,-0.022181114
20241108_145422_448089216,0.75859183
20241108_145422_691370659,0.265525
20241108_145422_935060755,0.7117059
20241108_145423_188503696,0.21950258
20241108_145423_437024195,0.18923582
20241108_145423_932203598,0.17062168
20241108_145424_432737971,0.18884231
20241108_145424_687527402,0.18009667
20241108_145424_934543207,0.11525772
20241108_145425_433686317,0.19912386
20241108_145425_682321845,0.5455867
20241108_145425_944801303,0.7795949
20241108_145426_190183263,0.39012414
20241108_145426_441695454,0.31265822
20241108_145426_688092725,0.37631822
20241108_145426_939052752,0.4099027
20241108_145427_184722637,0.3539238
20241108_145427_682500773,0.3717191
20241108_145427_939800504,-0.13427864
20241108_145428_184654066,0.07236201
20241108_145428_439512805,-0.19717774
20241108_145428_682012710,0.9558548
20241108_145428_945849508,-0.2443655
20241108_145429_195589515,-0.75178874
20241108_145429_436459671,0.18209933
20241108_145429_686127098,0.18754508
20241108_145429_935448020,-0.46941197
20241108_145430_186674445,-0.058080927
20241108_145430_443690699,0.79292226
20241108_145430_700668994,0.38308343
20241108_145430_958788330,0.25609085
20241108_145431_197560030,0.53736377
20241108_145431_442888005,1.1461614
20241108_145431_691124887,0.77884835
20241108_145431_944124205,0.8909263
20241108_145432_198267323,0.14345142
20241108_145432_446350459,-0.7254207
20241108_145432_691665896,-1.1042904
20241108_145432_941880275,-1.1615268
20241108_145433_190734238,0.3783734
20241108_145433_445159737,-0.4774869
20241108_145433_684310869,0.38025424
20241108_145433_932273284,0.41324058
20241108_145434_183045581,0.35557562
20241108_145434_440972190,0.65840906
20241108_145434_684902769,0.2988013
20241108_145434_943536404,1.1970237
20241108_145435_193078241,0.27134243
20241108_145435_438883365,0.10580502
20241108_145435_689223705,-0.06173577
20241108_145435_943240828,-0.36178398
20241108_145436_190297177,-0.4049062
20241108_145436_436243678,-0.12667587
20241108_145436_686124206,-0.08633422
20241108_145436_933109709,0.004601432
20241108_145437_182203661,0.16620429
20241108_145437_434807049,0.12765507
20241108_145437_685365323,0.4832389
20241108_145437_930850114,1.030333
20241108_145438_183227507,0.05366738
20241108_145438_440276147,-0.10825171
20241108_145438_683697450,-0.055494897
20241108_145438_945068317,0.0010681245
20241108_145439_194298435,0.004727075
20241108_145439_442828842,0.22401665
20241108_145439_690036230,0.5256787
20241108_145439_942191485,0.08545927
20241108_145440_190879414,-0.182173
20241108_145440_443837021,-0.22460867
20241108_145440_685227408,-0.21639444
20241108_145440_941163851,-0.07528465
20241108_145441_191607596,-0.077907555
20241108_145441_443219013,-0.21754232
20241108_145441_690112763,-0.15719791
20241108_145441_944450617,-0.12449597
20241108_145442_191870098,-0.10457944
20241108_145442_443633355,-0.15539832
20241108_145443_188227251,-0.26172954
20241108_145443_439830716,-0.11300945
20241108_145443_683596599,-0.18274312
20241108_145443_937987974,-0.50150394
20241108_145444_185834013,-0.2945303
20241108_145444_442051403,-0.24887688
20241108_145444_689809789,-0.38472787
20241108_145444_938847628,-1.5730565
20241108_145445_184742161,0.029891143
20241108_145445_438545305,0.020709554
20241108_145445_686486466,-0.0054790583
20241108_145445_937761561,0.043215968
20241108_145446_180804716,0.0065939818
20241108_145446_431591228,0.09831325
20241108_145446_682125572,0.08627484
20241108_145446_933440558,0.07974634
20241108_145447_187121778,-0.3862673
20241108_145447_433982049,-0.19282095
20241108_145447_688929791,-0.37497196
20241108_145447_934792410,-0.19172807
20241108_145448_185150255,0.17357284
20241108_145448_443240797,0.22908606
20241108_145448_684245916,0.059827186
20241108_145448_936050641,-0.034129463
20241108_145449_183808254,-0.25795734
20241108_145449_433254087,-0.107485555
20241108_145449_933035484,-0.10829189
20241108_145450_431040792,-0.100698255
20241108_145450_694448334,-0.1566561
20241108_145450_931799503,-0.07881489
20241108_145451_180519737,0.100552075
20241108_145451_438063943,0.028631607
20241108_145451_690980418,-0.0607005
20241108_145451_938914498,-0.067043744
20241108_145452_182658087,-1.1757411
20241108_145452_432274318,-0.56583333
20241108_145452_681234192,-0.422707
20241108_145452_930169754,-1.159984
20241108_145453_189635287,0.48858103
20241108_145453_432363116,0.36438954
20241108_145453_693136866,0.4035231
20241108_145453_939102517,0.12604795
20241108_145454_193392463,0.3618216
20241108_145454_436850026,0.4769543
20241108_145454_686499985,0.3666081
20241108_145454_941057798,0.35295415
20241108_145455_187450776,0.07205657
20241108_145455_438575129,0.09267328
20241108_145455_683029834,0.2314067
20241108_145455_939358200,-0.078412496
20241108_145456_193376082,0.3318107
20241108_145456_438901530,0.7468482
20241108_145456_689110288,0.06592844
20241108_145456_935728648,-0.3498788
20241108_145457_181091013,-0.9389038
20241108_145457_441318027,0.19112627
20241108_145457_694570451,0.76738787
20241108_145457_961673080,-0.22464134
20241108_145458_212821882,-0.13840367
20241108_145458_453394630,-0.045923106
20241108_145458_692543728,-0.014839133
20241108_145458_941255949,0.08198086
20241108_145459_186768016,0.03888551
20241108_145459_449760770,0.3715819
20241108_145459_695874835,0.18805946
20241108_145459_941747295,0.22904392
20241108_145500_198720044,0.0038245711
20241108_145500_455219173,-0.42263088
20241108_145500_706969086,-0.24162401
20241108_145500_959513405,-1.0956467
20241108_145501_217978175,-2.4989188
20241108_145501_466701047,0.14227837
20241108_145501_705647331,0.3789145
20241108_145501_949643124,0.5467923
20241108_145502_197593872,0.17311387
20241108_145502_459676013,0.052219726
20241108_145502_697566126,0.044653036
20241108_145502_965816682,-0.087909125
20241108_145503_207465735,0.0051054154
20241108_145503_457782340,0.28998205
20241108_145503_698551723,0.1385489
20241108_145503_952904221,0.07431594
20241108_145504_194104979,-0.05422642
20241108_145504_448143478,0.38726002
20241108_145504_688340968,0.3851659
20241108_145504_943023688,0.26129583
20241108_145505_193481382,0.22281693
20241108_145505_447565724,0.021943668
20241108_145505_693580475,0.051265456
20241108_145505_945958297,0.09241573
20241108_145506_187799247,0.21218395
20241108_145506_437303994,0.42707223
20241108_145506_685399143,0.44545114
20241108_145506_938742317,0.34344605
20241108_145507_183674407,0.024930874
20241108_145507_436615908,-0.123481594
20241108_145507_687510638,-0.19968496
20241108_145507_941859697,-0.076161586
20241108_145508_190227866,-0.06226816
20241108_145508_442358364,0.0069622193
20241108_145508_685995171,0.1299677
20241108_145508_937534733,0.21617322
20241108_145509_190670699,0.24968745
20241108_145509_442237829,0.34960473
20241108_145509_690689411,0.25501907
20241108_145509_942019397,0.07404367
20241108_145510_183938871,0.121430196
20241108_145510_440394279,-0.0820015
20241108_145510_691911762,-0.16366087
20241108_145510_948734296,-2.1160605
20241108_145511_192270771,0.5459296
20241108_145511_444945932,-0.016736588
20241108_145511_691349986,-0.016694805
20241108_145511_945288465,0.019616822
20241108_145512_442489354,-0.08010688
20241108_145512_690863337,-0.060333513
20241108_145512_950735954,0.21038213
20241108_145513_194254442,0.115696885
20241108_145513_440779527,0.019848445
20241108_145513_688687941,0.04018853
20241108_145513_942301387,-0.18463148
20241108_145514_192990841,0.49571398
20241108_145514_441083149,-0.15906616
20241108_145514_687083120,-0.5940725
20241108_145514_947675488,-0.13338082
20241108_145515_191176655,-0.20557441
20241108_145515_442084074,-0.2242781
20241108_145515_686148296,-0.16770686
20241108_145515_936187230,-0.09898671
20241108_145516_186161696,-0.34905678
20241108_145516_446371905,-1.058334
20241108_145516_686168744,0.77163094
20241108_145516_937031384,0.75640434
20241108_145517_182192156,0.537364
20241108_145517_435801259,0.49733153
20241108_145517_685137423,1.6433347
20241108_145517_933804446,-0.5892572
20241108_145518_181280724,0.8741716
20241108_145518_432258097,-0.034575187
20241108_145518_681164250,-0.33524284
20241108_145518_934646665,-0.9824162
20241108_145519_186485555,-0.991471
20241108_145519_443319117,-0.3225521
20241108_145519_696710789,-0.14683636
20241108_145519_947329981,-0.105993055
20241108_145520_193610373,-0.27043912
20241108_145520_437345948,-0.20656176
20241108_145520_682245425,-0.31042194
20241108_145520_934849181,0.4330593
20241108_145521_182408338,-0.41782895
20241108_145521_436518767,-0.2136624
20241108_145521_690598225,-0.3677975
20241108_145521_944509599,-0.3507296
20241108_145522_199392250,-0.22726347
20241108_145522_447065441,0.0005416069
20241108_145522_691741300,-0.09105571
20241108_145522_938342625,-0.13685776
20241108_145523_448492243,-0.07210072
20241108_145523_692658328,-0.092128
20241108_145523_948827906,-0.09385546
20241108_145524_197572241,-0.31779844
20241108_145524_687885126,-0.24961491
20241108_145524_941232877,-0.27122805
20241108_145525_189025272,-0.15724893
20241108_145525_447018382,-0.19997348
20241108_145525_941305405,-0.38888946
20241108_145526_437340405,-0.3795463
20241108_145526_693219557,-0.35741833
20241108_145526_935039762,-0.39272216
20241108_145527_431606517,-0.3051456
20241108_145527_678977903,-0.7667119
20241108_145527_932170307,-0.4366115
20241108_145528_181567564,-0.46293774
20241108_145528_434256243,-0.36322835
20241108_145528_682005325,-0.23370732
20241108_145529_680955375,-0.29128528
20241108_145529_935340877,-0.12053164
20241108_145530_191503927,0.21464406
20241108_145530_438272945,0.13712294
20241108_145530_686755536,0.33552393
20241108_145530_945054249,0.69079274
20241108_145531_196213028,0.5242752
20241108_145531_440411862,0.3122209
20241108_145531_687571396,0.42696273
20241108_145531_933546473,0.41034117
20241108_145532_435668035,0.38189176
20241108_145533_692977311,-0.19480582
20241108_145533_938491624,0.009692261
20241108_145534_184252145,-0.011801591
20241108_145534_435076609,-0.08270075
20241108_145534_685558101,-0.14425208
20241108_145534_938606141,-0.35540268
20241108_145535_683634983,-0.26092044
20241108_145535_934694893,-0.18026616
20241108_145536_184043182,-0.18363537
20241108_145536_442012530,-0.20489456
20241108_145536_686164784,0.12468528
20241108_145536_941048130,0.15902798
20241108_145537_448845159,0.10003487
20241108_145537_943247546,0.030724386
20241108_145538_190914662,-1.3910004
20241108_145538_443228213,0.044448085
20241108_145538_694173822,-0.15635033
20241108_145538_938421997,0.35252813
20241108_145539_194393234,0.108071096
20241108_145539_440319438,0.05460296
20241108_145539_684745622,0.3248626
20241108_145539_928945023,0.22686864
20241108_145540_191177088,-0.108451866
20241108_145540_439518501,-0.18375312
20241108_145540_690036343,-0.30864513
20241108_145540_939031726,-0.34113201
20241108_145541_188271526,-0.19327255
20241108_145541_440337141,-0.08418854
20241108_145541_685765441,0.0883066
20241108_145541_941255659,0.19784404
20241108_145542_184600078,0.121487655
20241108_145542_436013243,0.561036
20241108_145542_684894416,0.50275594
20241108_145542_931971696,0.31941277
20241108_145543_432233879,0.1699162
20241108_145543_931348104,0.2032217
20241108_145544_185277439,0.19762717
20241108_145545_430658231,0.15384494
20241108_145545_684257421,0.16781224
20241108_145545_941225319,0.002559105
20241108_145546_196048641,-0.15998636
20241108_145546_448924173,-0.12385338
20241108_145547_934233349,-0.0581552
20241108_145548_179851920,-0.063184105
20241108_145548_441829818,-0.045238756
20241108_145548_940576482,0.0050145183
20241108_145549_433581769,0.030490378
20241108_145549_692935199,0.09685049
20241108_145550_440347559,0.13574128
20241108_145550_937118256,0.14736901
20241108_145551_189120426,0.1592127
20241108_145551_443263008,0.10566834
20241108_145551_690447689,0.09073172
20241108_145552_188137598,-0.6911214
20241108_145552_436985840,-0.15621237
20241108_145553_432547647,-0.15745829
20241108_145553_686801616,-0.2856171
20241108_145553_935138985,-0.38471654
20241108_145554_181957732,-0.18681131
20241108_145554_692423031,0.04458581
20241108_145554_939882035,0.30237374
20241108_145555_194427321,0.071395434
20241108_145555_445141808,0.037356265
20241108_145555_697309913,0.0026761685
20241108_145556_435434684,-0.054358803
20241108_145556_941192096,-0.018241784
20241108_145557_698569987,0.081603475
20241108_145558_437399670,0.034654416
20241108_145558_679219676,-0.043213926
20241108_145558_933850919,-0.046830796
20241108_145559_179385742,-0.29233465
20241108_145559_441985144,-0.44077718
20241108_145559_686068440,-0.46589705
20241108_145559_950698618,-0.29032543
20241108_145600_199966054,0.0025920328
20241108_145600_448679436,0.006180087
20241108_145600_692180530,0.07930247
20241108_145601_186048035,0.28134197
20241108_145601_698048189,0.24618863
20241108_145601_946973607,0.12770121
20241108_145602_453097996,0.12967725
20241108_145602_693310372,0.7751388
20241108_145602_944764193,0.3294956
20241108_145603_196539100,0.16142537
20241108_145603_939498949,0.20431878
20241108_145604_188290085,0.23202084
20241108_145604_436969254,0.32672265
20241108_145604_685757313,0.24628307
20241108_145604_941013745,0.7383531
20241108_145605_193374328,0.42964363
20241108_145605_447175287,0.6068486
20241108_145605_689784487,0.29360777
20241108_145605_944166723,0.23934238
20241108_145606_205417669,0.2567873
20241108_145606_444612598,0.04034821
20241108_145606_689483421,-0.005786618
20241108_145606_943950466,-0.033912443
20241108_145607_190434692,-0.085300945
20241108_145607_441928020,-0.034591757
20241108_145607_686770234,0.02965338
20241108_145608_195782664,-0.7394888
20241108_145608_440326695,-0.22190498
20241108_145608_692886923,-0.14109318
20241108_145609_194111439,-0.6321966
20241108_145609_447423667,-0.33457172
20241108_145609_689996609,-0.2943499
20241108_145609_943665513,-0.2538732
20241108_145610_446784385,-0.10540376
20241108_145610_691642244,-0.22406422
20241108_145610_944767967,-0.12795211
20241108_145611_439367231,-0.0913929
20241108_145611_692236776,-0.14381845
20241108_145611_937094576,-0.051733874
20241108_145612_186666577,-0.071344756
20241108_145612_445955136,0.055566974
20241108_145612_687714258,1.3699911
20241108_145612_943067771,0.43055785
20241108_145613_199419534,0.031040767
20241108_145613_452841261,0.75079876
20241108_145613_698551284,0.060118176
20241108_145613_947053949,0.1079103
20241108_145614_197497910,0.17576496
20241108_145614_443160730,0.36292765
20241108_145614_688663281,0.29529014
20241108_145614_940911219,0.2578965
20241108_145615_187374891,0.23996992
20241108_145615_444328406,0.32052425
20241108_145615_708305285,0.33838326
20241108_145615_967865830,0.5285266
20241108_145616_211289107,0.30725533
20241108_145616_452521060,0.15381505
20241108_145616_693495066,0.2584265
20241108_145616_955349346,0.315197
20241108_145617_209036544,0.08582596
20241108_145617_467298571,0.14640017
20241108_145617_702740151,0.27934742
20241108_145617_952636101,0.20644715
20241108_145618_210205795,0.25400177
20241108_145618_460922951,1.1924809
20241108_145618_708042877,0.8630999
20241108_145618_956494666,-0.36613056
20241108_145619_205769399,-0.15554465
20241108_145619_449995640,0.040346794
20241108_145619_693833486,0.28096315
20241108_145619_949413046,0.08151445
20241108_145620_196522492,0.060110092
20241108_145620_444795228,-0.080838755
20241108_145620_690198646,-0.17353733
20241108_145620_945059627,-0.12271609
20241108_145621_188104444,-0.22474141
20241108_145621_441699253,-0.1996863
20241108_145621_700057198,-0.18564005
20241108_145621_941479415,0.019634703
20241108_145622_191744365,-0.020069977
20241108_145622_687342559,-0.038975917
20241108_145622_939493037,0.42773548
20241108_145623_189167443,0.4201221
20241108_145623_438762516,1.1084265
20241108_145623_684619432,0.41684836
20241108_145623_941547246,0.36346954
20241108_145624_199342940,0.3174937
20241108_145624_444127863,0.18791275
20241108_145624_685063060,0.2044559
20241108_145624_936799245,0.22362955
20241108_145625_193592568,0.23964243
20241108_145625_444077118,0.28560016
20241108_145625_692659086,-0.008174142
20241108_145625_957277133,0.013984242
20241108_145626_194287477,0.035329677
20241108_145626_452801699,0.7569984
20241108_145626_698043377,0.66781014
20241108_145626_939555971,-0.5556449
20241108_145627_211666617,-0.10720337
20241108_145627_442697559,-0.56614596
20241108_145627_690285971,-0.4061498
20241108_145627_952953883,-0.14786628
20241108_145628_199041068,0.2184076
20241108_145628_464597571,0.09755034
20241108_145628_701187103,-0.05759168
20241108_145628_951198143,-0.23127832
20241108_145629_191843395,-0.28308967
20241108_145629_446506818,-0.35921767
20241108_145629_697765823,-0.6370102
20241108_145629_949697424,-0.18866034
20241108_145630_204300677,-0.23208423
20241108_145630_445707093,-0.89890337
20241108_145630_693212146,-0.3594991
20241108_145630_935785496,-0.41999063
20241108_145631_194769666,-0.06332213
20241108_145631_442860369,-0.13141568
20241108_145631_694074591,-0.17193379
20241108_145631_941375888,-0.18913628
20241108_145632_187690473,-0.15658785
20241108_145632_440655470,-0.18169852
20241108_145632_687053780,0.44241175
20241108_145632_940574494,0.37751648
20241108_145633_192684472,-0.00924811
20241108_145633_442736431,-0.11768934
20241108_145633_945360852,0.11068574
20241108_145634_188059169,-0.027339479
20241108_145634_445206230,-0.10125365
20241108_145634_941496497,-0.119861566
20241108_145635_192524474,-0.17770083
20241108_145635_445731362,-0.42555594
20241108_145635_687591829,-0.2642753
20241108_145635_936078956,-0.10959693
20241108_145636_191500631,-0.22920538
20241108_145636_439813092,-0.13328342
20241108_145636_685469400,-0.27635613
20241108_145636_936946652,-0.49941683
20241108_145637_185354629,-0.31315607
20241108_145637_436840763,-0.23830856
20241108_145637_687535535,-0.1607839
20241108_145637_939275075,-0.2660416
20241108_145638_441149967,-0.09244525
20241108_145638_683528294,0.081278875
20241108_145638_938234947,0.034313537
20241108_145639_184664439,0.72843325
20241108_145639_433843100,0.27631328
20241108_145639_934962217,0.17942964
20241108_145640_200120959,0.17472543
20241108_145640_449726830,0.20051299
20241108_145640_694828116,0.15906022
20241108_145640_940312419,0.18741734
20241108_145641_191601051,0.15184145
20241108_145641_436529238,0.38850924
20241108_145641_685394160,0.29631504
20241108_145641_933610384,0.2466545
20241108_145642_180557573,0.18872572
20241108_145642_435354249,0.20907678
20241108_145642_935621769,0.20381205
20241108_145643_436837090,0.19886331
20241108_145644_187723217,0.21956302
20241108_145644_437718528,0.25531682
20241108_145644_684636466,0.21789457
20241108_145644_934854744,0.25233656
20241108_145645_438094271,0.22408469
20241108_145645_685126651,0.19215424
20241108_145645_932696147,0.17606772
20241108_145646_178384054,0.15585886
20241108_145646_430727829,-0.18576308
20241108_145646_677785848,0.2186951
20241108_145646_932233045,0.1626408
20241108_145647_178486320,-0.16126405
20241108_145647_433057310,-0.17896976
20241108_145647_686245802,-0.20724727
20241108_145647_946660622,-0.1442342
20241108_145648_194134427,-0.4337232
20241108_145648_437607445,-0.2446817
20241108_145648_930464505,-0.14270873
20241108_145649_179515920,-0.35474014
20241108_145649_435993255,-0.4893882
20241108_145649_680114479,-0.3182385
20241108_145649_934781459,-0.23189174
20241108_145650_434889016,-0.38479248
20241108_145650_685218591,-0.31866452
20241108_145650_941559074,-0.54427695
20241108_145651_185471780,-0.3408612
20241108_145651_437923446,-0.4658306
20241108_145651_680985071,-0.31370723
20241108_145651_937944368,-0.20501919
20241108_145652_181275558,-0.19231682
20241108_145652_432367382,-0.23703913
20241108_145652_685473827,-0.06442218
20241108_145652_942121775,-0.02836146
20241108_145653_187207193,0.1563044
20241108_145653_447718704,0.33634028
20241108_145653_945085401,0.149776
20241108_145654_194540323,0.10214872
20241108_145654_442812222,0.101553835
20241108_145654_685047164,0.37793013
20241108_145654_939203677,1.1540804
20241108_145655_193730034,0.61945003
20241108_145655_443100653,-0.1737796
20241108_145655_685373952,-0.24401985
20241108_145655_941896820,-0.1432548
20241108_145656_190495210,-0.2684326
20241108_145656_451026770,-0.18855496
20241108_145657_191979141,-0.23061533
20241108_145657_441004342,-0.18190508
20241108_145657_933520146,-0.049781106
20241108_145658_187943743,-0.16612054
20241108_145658_440884722,0.011944154
20241108_145658_686030599,0.008690456
20241108_145658_933830195,-0.048791073
20241108_145659_185979326,-0.012051692
20241108_145659_448944337,-0.008726558
20241108_145659_703380109,0.40816763
20241108_145659_949023627,-0.21959032
20241108_145700_188007527,-0.1866285
20241108_145700_443833636,-0.52155477
20241108_145700_692189935,-0.18260999
20241108_145700_956138476,-0.30641064
20241108_145701_205497750,0.17093197
20241108_145701_453796086,0.030931631
20241108_145701_713966659,0.04420457
20241108_145701_956023229,0.04586605
20241108_145702_196653574,-0.107110105
20241108_145702_449171439,-0.21915777
20241108_145702_695080999,-0.787286
20241108_145702_952651232,-0.32950023
20241108_145703_200958365,-0.37447694
20241108_145703_446646933,-0.19895963
20241108_145703_689398570,-0.23113777
20241108_145703_938239974,0.059769653
20241108_145704_187740028,0.047647588
20241108_145704_444527924,0.08523259
20241108_145704_932435986,0.035335578
20241108_145705_179860978,0.08056799
20241108_145705_445441925,-0.1267374
20241108_145705_685410875,-0.22864379
20241108_145705_937703811,-0.05280938
20241108_145706_188531205,-0.12699069
20241108_145706_439121600,-0.027861198
20241108_145706_935922895,0.28957483
20241108_145707_186046579,0.17677717
20241108_145707_433457561,0.18405946
20241108_145707_683437425,0.70973635
20241108_145707_932634537,0.3048734
20241108_145708_189056306,0.23507641
20241108_145708_436214592,0.3274689
20241108_145708_762429343,0.26998168
20241108_145708_944774842,0.20216905
20241108_145709_193131619,0.5221271
20241108_145709_434522859,1.1101755
20241108_145709_943832729,0.43690816
20241108_145710_194035242,0.59748334
20241108_145710_449873820,0.45299974
20241108_145710_704126727,0.60876983
20241108_145711_430390479,0.68339485
20241108_145711_681126984,0.48864618
20241108_145711_937308519,0.01295145
20241108_145712_189773309,0.09482143
20241108_145712_434524859,0.082753815
20241108_145712_679795918,0.074247874
20241108_145712_942874342,0.043790556
20241108_145713_184481574,-0.014076313
20241108_145713_443409814,0.028799454
20241108_145713_700242102,-0.23335175
20241108_145713_935968287,-0.1535591
20241108_145714_184777719,-0.14411326
20241108_145714_436943786,-0.13086505
20241108_145714_686275243,-0.19289626
20241108_145714_933784996,-0.15126301
20241108_145715_185303494,-0.020579359
20241108_145715_436775782,-0.16917224
20241108_145715_680493796,0.124667116
20241108_145715_936668671,-0.020875951
20241108_145716_182780987,-0.034516834
20241108_145716_429981672,-0.034809135
20241108_145716_678493118,-0.05253037
20241108_145716_929394873,-0.06818124
20241108_145717_181014318,0.011715898
20241108_145717_437252652,-0.046786748
20241108_145717_942175694,-0.03425791
20241108_145718_184880249,-0.048193477
20241108_145718_435036027,-0.11244964
20241108_145718_680390469,-0.079482995
20241108_145719_431237584,-0.032975875
20241108_145719_945587018,0.07266835
20241108_145720_204226201,0.054395355
20241108_145720_438279193,0.0830125
20241108_145720_698151260,0.0068926606
20241108_145720_957026234,0.10314915
20241108_145721_441638049,0.071183
20241108_145721_681863341,0.034622736
20241108_145722_183728205,0.012900511
20241108_145722_433168326,0.13859801
20241108_145722_683378875,0.06771878
20241108_145722_935111732,0.044500686
20241108_145723_435504588,0.028775195
20241108_145724_182494863,0.099569716
20241108_145724_443226908,0.04064063
20241108_145724_688415309,0.04632119
20241108_145724_957417101,0.026266912
20241108_145725_697630597,0.019042054
20241108_145725_939415598,-0.008118292
20241108_145726_186801806,0.3270351
20241108_145726_443009152,2.503947
20241108_145726_687016906,1.0901959
20241108_145726_940843795,-0.0090377685
20241108_145727_187433157,0.49122772
20241108_145727_433277183,0.0023265854
20241108_145727_687040822,-0.022017917
20241108_145727_940908839,0.0819144
20241108_145728_447965119,-0.07346054
20241108_145728_689840368,-0.3460338
20241108_145728_941524583,-0.15123828
20241108_145729_193067900,-0.18033122
20241108_145729_690579069,-0.17028804
20241108_145730_199841039,-1.1316937
20241108_145730_440362731,-0.28916797
20241108_145730_685124828,-0.26182207
20241108_145730_934319899,-0.2535281
20241108_145731_181272481,-0.047056697
20241108_145731_433715995,0.20888503
20241108_145731_681424147,-0.04805722
20241108_145731_943749382,0.012660066
20241108_145732_186174987,0.037706412
20241108_145732_440138203,-0.020766398
20241108_145732_681672816,-0.0017871764
20241108_145733_688524773,-0.007576188
20241108_145733_933146507,-0.04759475
20241108_145734_185157710,-0.09527149
20241108_145734_435734333,-0.7358497
20241108_145734_684382033,-0.2881305
20241108_145734_933741561,-0.2471569
20241108_145735_182901657,-0.20979644
20241108_145735_429976142,-0.16805829
20241108_145735_676367090,-0.3255913
20241108_145735_932006523,-0.24566917
20241108_145736_180838507,-0.35071778
20241108_145736_433406477,-0.49030268
20241108_145736_696863112,-0.5200515
20241108_145736_933007894,-0.56288934
20241108_145737_183339560,-0.37975016
20241108_145737_438515407,-0.079000734
20241108_145737_685921161,-0.68185204
20241108_145737_946771563,-0.63522345
20241108_145738_188076375,-2.8599236
20241108_145738_441623039,0.4107118
20241108_145738_694548711,0.1119558
20241108_145738_941814608,0.034348883
20241108_145739_195690690,-1.4215957
20241108_145739_442475186,-0.39236847
20241108_145739_683045567,-0.259911
20241108_145739_933074961,-0.2256401
20241108_145740_178480053,-0.060471885
20241108_145740_436266731,-0.15685023
20241108_145740_684821748,-0.06526717
20241108_145740_945111336,-0.08756169
20241108_145741_187142820,-0.26213905
20241108_145741_437470012,-0.20628287
20241108_145741_697225449,-0.19572414
20241108_145741_934336936,-0.22066714
20241108_145742_183930172,-0.3054215
20241108_145742_435906552,-0.3103229
20241108_145742_680861410,-0.19196643
20241108_145743_176823733,-0.2163976
20241108_145743_427501897,-0.16669168
20241108_145744_189105655,-0.24693044
20241108_145744_689289445,-0.077619575
20241108_145744_934656942,0.095333
20241108_145745_183503350,-0.15045549
20241108_145745_433897269,-0.29650322
20241108_145745_681568886,-0.22797842
20241108_145745_938195624,-0.039448284
20241108_145746_184822723,-0.08418151
20241108_145746_433852628,-0.13561668
20241108_145746_679368561,-0.1653593
20241108_145747_186395631,-0.22454028
20241108_145747_435040857,-0.22410478
20241108_145747_685456328,-0.29023084
20241108_145747_931650824,-0.21563496
20241108_145748_179055337,-0.22015019
20241108_145748_432531482,-0.18133737
20241108_145748_676774854,-0.20261823
20241108_145748_935178128,-0.17981239
20241108_145749_182015066,-0.18210141
20241108_145749_431867413,-0.10730108
20241108_145749_683953944,-0.13785745
20241108_145749_934071116,-0.12911351
20241108_145750_182367297,-0.13309641
20241108_145750_436222835,-0.13274185
20241108_145750_683779308,-0.12639679
20241108_145750_933417048,-0.1200807
20241108_145751_431208258,-0.6881418
20241108_145751_685856122,-0.40676942
20241108_145751_937530628,-0.31298104
20241108_145752_185083393,-0.29144838
20241108_145752_435866760,-0.27156153
20241108_145752_682969334,-0.25351334
20241108_145753_433819584,-0.42947373
20241108_145753_680152990,-0.34068283
20241108_145753_931307651,-0.30549458
20241108_145754_183367687,-0.46231422
20241108_145754_438360856,-1.0257915
20241108_145754_689708186,-0.44916508
20241108_145754_937075603,-0.65572315
20241108_145755_188657111,-0.49363232
20241108_145755_439296688,-0.45258164
20241108_145755_686859357,0.05218289
20241108_145755_933533958,-0.07512401
20241108_145756_177738763,-0.13896935
20241108_145756_430116811,-0.07339024
20241108_145756_679779884,-0.044732235
20241108_145756_936554754,-0.18304951
20241108_145757_185727414,-0.04933434
20241108_145757_434738829,-0.0807394
20241108_145757_680788887,-0.38146248
20241108_145757_931885806,-0.21587412
20241108_145758_186149554,-0.19230582
20241108_145758_438304529,-0.24083097
20241108_145758_936026051,-0.18248041
20241108_145759_182181263,-0.03130748
20241108_145759_451760395,0.07371644
20241108_145759_699348559,-0.46042135
20241108_145759_951988507,-0.56787616
20241108_145800_212935698,-1.0035789
20241108_145800_460811098,-0.8028907
20241108_145800_691643774,-0.16120292
20241108_145800_952782984,-0.32473186
20241108_145801_221538546,0.07114743
20241108_145801_457912543,-0.53774923
20241108_145801_703727502,-0.6065057
20241108_145801_951125419,-0.3774964
20241108_145802_198267560,-0.26246056
20241108_145802_452892320,-0.27831665
20241108_145802_946634309,-0.20874758
20241108_145803_202151307,-0.2181523
20241108_145803_453588137,-0.1748664
20241108_145803_695620721,-0.45330817
20241108_145803_948273894,-0.23508914
20241108_145804_193524524,-0.2757357
20241108_145804_436199299,-0.8893475
20241108_145804_693352454,0.5930932
20241108_145804_953926422,0.13868372
20241108_145805_181566658,0.9256099
20241108_145805_432048760,0.58440727
20241108_145805_686373999,0.6540227
20241108_145805_935960829,1.8263344
20241108_145806_180866132,0.06233011
20241108_145806_430367323,0.500418
20241108_145806_682031474,0.20863982
20241108_145806_931173819,-0.068534635
20241108_145807_181832652,-0.5034668
20241108_145807_432301248,-1.0317861
20241108_145807_684105783,-0.085986696
20241108_145807_937853079,0.86156493
20241108_145808_189040074,0.3782219
20241108_145808_443726810,0.10203669
20241108_145808_711694776,-0.2728763
20241108_145808_945000614,0.54737544
20241108_145809_193511601,0.4150578
20241108_145809_444262649,0.3476721
20241108_145809_683680774,0.36182916
20241108_145809_943687180,0.020178357
20241108_145810_447894371,0.24298929
20241108_145810_687647207,0.18368919
20241108_145810_949245059,0.1980233
20241108_145811_196274424,0.18354188
20241108_145811_443287356,0.23699562
20241108_145811_705820588,0.22554545
20241108_145812_189693547,0.16312961
20241108_145812_681877602,-0.1712885
20241108_145812_952292227,-0.46285883
20241108_145813_186601936,-0.11666011
20241108_145813_431506679,-0.18008192
20241108_145813_938044657,-0.07863446
20241108_145814_182450425,0.02007333
20241108_145814_429366486,0.13742888
20241108_145815_438897595,-0.028444191
20241108_145815_690023196,-0.092216454
20241108_145816_184641837,-0.15479298
20241108_145816_677916728,-0.11677077
20241108_145817_181782222,-0.13469072
20241108_145817_439599994,-0.2191218
20241108_145817_932386579,-0.11751684
20241108_145818_432839598,-0.08211585
20241108_145818_929843394,-0.04608991
20241108_145819_178786050,-0.057756625
20241108_145819_431329663,-0.15341713
20241108_145819_934529358,-0.17899986
20241108_145820_185282548,-0.20577471
20241108_145820_437827009,-0.18584777
20241108_145821_190367067,0.7128896
20241108_145821_437221978,0.82069993
20241108_145821_694581064,0.40840495
20241108_145821_944181897,-0.36574334
20241108_145822_185333277,-0.28756526
20241108_145822_435243272,-0.04760369
20241108_145822_678645324,-0.05789586
20241108_145822_930934609,-0.104093514
20241108_145823_174899794,-0.08603325
20241108_145823_427809037,-0.13019271
20241108_145823_679081884,0.66824055
20241108_145823_928921737,0.23790558
20241108_145824_678481026,1.9520415
20241108_145824_929467326,1.6886476
20241108_145825_193796784,-0.74316674
20241108_145825_437443331,-0.48576036
20241108_145825_677194897,-0.6138999
20241108_145825_927637012,-0.6448627
20241108_145826_178317326,-1.2982816
20241108_145826_429343817,-0.4831573
20241108_145826_672654340,-0.2211632
20241108_145826_926756380,-0.27948037
20241108_145827_176445665,-0.10716478
20241108_145827_427906239,0.5571407
20241108_145827_679189822,-0.027537676
20241108_145827_930882927,-0.06607096
20241108_145828_178543703,-0.15650284
20241108_145828_430185423,-0.17903213
20241108_145828_677706204,-0.18973659
20241108_145828_926079695,-0.09687262
20241108_145829_177160595,-0.12598209
20241108_145829_427333871,-0.13536997
20241108_145829_676500036,-0.10052865
20241108_145829_932559193,-0.15483423
20241108_145830_189233569,-0.075160734
20241108_145830_441306818,-0.1648389
20241108_145830_689645777,-0.21740831
20241108_145830_961986090,-0.19627945
20241108_145831_223230527,0.09560505
20241108_145831_479045560,-0.0075544324
20241108_145831_691548506,-0.10214957
20241108_145831_935500261,-0.093024574
20241108_145832_183909785,0.12566788
20241108_145832_432245718,0.08456496
20241108_145832_685064667,0.009105066
20241108_145833_180619132,0.045604862
20241108_145833_928151003,0.24239938
20241108_145834_176060898,0.14114608
20241108_145834_427209775,0.08873347
20241108_145835_427354128,0.12575583
20241108_145836_175573104,0.07449607
20241108_145836_427030276,0.030051926
20241108_145836_939644929,-0.035806738
20241108_145837_933751652,-0.05547329
20241108_145838_191529381,3.0130086
20241108_145838_433509439,0.2233588
20241108_145838_678895618,0.20400725
20241108_145838_926929339,0.1526029
20241108_145839_178536956,2.7815464
20241108_145839_430970081,0.23483391
20241108_145839_676512707,0.8065629
20241108_145839_929657967,-0.24299186
20241108_145840_177166837,-1.1073114
20241108_145840_427379337,-1.2169342
20241108_145840_677883395,0.7506399
20241108_145840_933052925,0.40635344
20241108_145841_187194988,0.84371364
20241108_145841_429591587,0.4789351
20241108_145841_678459108,0.09014455
20241108_145841_930480823,0.114671
20241108_145842_174670267,0.24849336
20241108_145842_427755692,0.16252275
20241108_145842_685045755,-0.32557958
20241108_145842_933843881,-0.21731943
20241108_145843_182080959,-0.78004766
20241108_145843_431467665,-0.46706086
20241108_145843_682402268,-0.5877982
20241108_145843_930332785,-0.90541387
20241108_145844_182079193,-0.5225871
20241108_145844_432698892,-0.19152032
20241108_145844_678526795,-1.0046875
20241108_145844_928468104,-0.04755815
20241108_145845_176251842,-0.5770937
20241108_145845_435269063,0.31122378
20241108_145845_680619519,0.16261671
20241108_145845_930415534,0.19851975
20241108_145846_178785096,-0.015000543
20241108_145846_428272108,-0.006853154
20241108_145846_925029193,0.61149955
20241108_145847_174881550,1.8670073
20241108_145847_432708215,1.3230687
20241108_145847_679135141,0.0014830027
20241108_145847_931928245,0.13248436
20241108_145848_179832953,1.8330534
20241108_145848_429315968,1.7910981
20241108_145848_676597487,-0.6081357
20241108_145848_926898233,0.54071075
20241108_145849_173763383,0.040946476
20241108_145849_428661210,-0.06389265
20241108_145849_680105135,-0.009597676
20241108_145849_928037001,-0.119062744
20241108_145850_176492954,-0.11888143
20241108_145850_430172029,-0.08962109
20241108_145850_675796280,-0.16164733
20241108_145851_179696359,-0.14205785
20241108_145851_430398896,0.058782913
20241108_145851_674406602,0.39254916
20241108_145851_935623648,0.53820497
20241108_145852_174364186,0.42072725
20241108_145852_925823162,0.930323
20241108_145853_175449866,1.5393063
20241108_145853_426409758,-0.52635556
20241108_145853_679503397,-0.84119844
20241108_145853_928448255,-0.34747922
20241108_145854_673400140,-0.5797697
20241108_145854_925619941,-0.105940126
20241108_145855_175561839,-0.33663705
20241108_145855_428334977,-0.4145948
20241108_145855_672673034,-0.35689834
20241108_145856_175370095,-0.4059098
20241108_145856_424583337,-0.3786148
20241108_145856_678554427,-0.40642306
20241108_145856_927024118,-0.60705835
20241108_145857_173470355,-1.8670903
20241108_145857_431385569,0.6675466
20241108_145857_684358427,0.41805774
20241108_145857_927143660,0.43750012
20241108_145858_181392857,0.47010285
20241108_145858_675678066,0.51242435
20241108_145858_927587270,1.4807856
20241108_145859_184387310,0.081663944
20241108_145859_436701813,0.05543614
20241108_145859_687619025,-0.31520525
20241108_145859_943018233,-0.17638023
20241108_145900_184869984,-0.08150371
20241108_145900_446338027,-0.25810483
20241108_145900_695603494,-0.018271288
20241108_145900_951826488,-0.064130984
20241108_145901_209802380,0.20951317
20241108_145901_455504487,-0.06618144
20241108_145901_690475656,-0.01979833
20241108_145901_931553168,-0.09756943
20241108_145902_432021760,-0.151145
20241108_145902_676126124,-0.08020177
20241108_145902_930234994,0.2010492
20241108_145903_700307927,0.0032788906
20241108_145903_929752452,-0.08132603
20241108_145904_176891323,0.0050687585
20241108_145904_429689702,-0.23259263
20241108_145904_678806212,-0.1050105
20241108_145905_179360466,-0.25144497
20241108_145905_678490910,-0.18819912
20241108_145905_932813593,-0.22358967
20241108_145906_181218141,-0.10064801
20241108_145906_434180650,-1.216853
20241108_145906_677841496,0.43778768
20241108_145906_930371327,0.89719445
20241108_145907_179930849,0.26776797
20241108_145907_429072740,0.30734614
20241108_145907_678289196,0.23979507
20241108_145907_928926813,0.34710076
20241108_145908_179985404,0.5005637
20241108_145908_428322028,0.18970047
20241108_145908_676700397,-0.06124275
20241108_145908_928405377,0.1719269
20241108_145909_179617402,0.33346638
20241108_145909_434294468,0.039114334
20241108_145909_679032502,0.08541966
20241108_145909_931280068,0.09261257
20241108_145910_178538302,0.008524278
20241108_145910_431693210,-0.34986383
20241108_145910_679656510,0.0638744
20241108_145910_933911933,0.16764294
20241108_145911_182589152,0.1367185
20241108_145911_434816338,0.004922012
20241108_145911_681293346,-0.058336042
20241108_145911_932115848,-0.12370316
20241108_145912_179279839,-0.09806524
20241108_145912_431665069,-0.6824433
20241108_145912_679375609,0.5322969
20241108_145912_932469397,0.764752
20241108_145913_179972928,1.3189325
20241108_145913_430934475,0.9665545
20241108_145913_677386993,0.85956275
20241108_145913_929281565,0.898301
20241108_145914_676942478,0.30932263
20241108_145914_928633000,-0.15337162
20241108_145915_177758358,-0.2578263
20241108_145915_428521686,0.35724685
20241108_145915_677717935,0.4657351
20241108_145915_929687649,0.24386315
20241108_145916_181268115,0.16352417
20241108_145916_426326436,0.22981964
20241108_145916_930330278,0.20190392
20241108_145917_178915740,0.36968878
20241108_145917_430309545,0.11585406
20241108_145917_678444955,0.18312041
20241108_145917_929275499,0.04999522
20241108_145918_182013175,0.10210449
20241108_145918_428929625,1.0141745
20241108_145918_678026378,-0.73379433
20241108_145918_931409721,-1.0134417
20241108_145919_185045383,-0.55562437
20241108_145919_434466920,0.22416891
20241108_145919_682757387,0.0892157
20241108_145919_931743050,-0.013901195
20241108_145920_179052800,-0.08793127
20241108_145920_434793183,-0.11346819
20241108_145920_677655197,-0.11923271
20241108_145920_934464481,-0.12705763
20241108_145921_177675806,-0.12323528
20241108_145921_431121664,-0.40738073
20241108_145921_677657286,-0.2919562
20241108_145921_932273139,-0.20760088
20241108_145922_179722187,-0.15428437
20241108_145922_429429835,-0.12535931
20241108_145922_679652004,-0.2284305
20241108_145922_932798733,-0.12654804
20241108_145923_178038050,-0.16337906
20241108_145923_430208457,0.55873644
20241108_145923_677799012,1.6031587
20241108_145923_931488621,1.0017172
20241108_145924_175554542,0.64950293
20241108_145924_431766886,1.2648112
20241108_145924_676222853,1.2560619
20241108_145925_174294562,0.6015014
20241108_145925_429031904,0.09750477
20241108_145925_679139018,0.28186655
20241108_145925_935428789,0.17573582
20241108_145926_180536858,-0.23325779
20241108_145926_434158102,-0.012770494
20241108_145926_677066368,-0.44369838
20241108_145926_929757157,-0.083701245
20241108_145927_182731715,-0.041242115
20241108_145927_430793413,0.17884022
20241108_145927_676944761,0.13910933
20241108_145928_177568707,0.09257332
20241108_145928_679481023,0.040564016
20241108_145928_931696152,-0.027742734
20241108_145929_179599985,-0.029806456
20241108_145929_434004072,-0.30640802
20241108_145929_679405581,-0.70868015
20241108_145929_933606552,-0.14104965
20241108_145930_191301962,-0.29344937
20241108_145930_442070992,-0.4581551
20241108_145930_681336623,-0.68975717
20241108_145930_933794176,-0.1639062
20241108_145931_181655433,0.085567564
20241108_145931_431047079,0.113302626
20241108_145932_180626364,0.0049485657
20241108_145932_429107005,0.019697407
20241108_145932_678124615,0.028285662
20241108_145932_931584253,0.062262394
20241108_145933_431459172,0.089943476
20241108_145933_930771163,-0.088167034
20241108_145934_181745137,-0.06400343
20241108_145934_436433872,-0.22641139
20241108_145935_174665312,-0.06045445
20241108_145935_427927885,-0.043977402
20241108_145935_675964664,0.013513157
20241108_145935_931113143,0.113592125
20241108_145936_177069957,0.3300471
20241108_145936_680667894,0.24172093
20241108_145936_932578780,0.20742269
20241108_145937_178576509,-0.051473968
20241108_145937_430090771,0.120126106
20241108_145937_678282013,0.04367376
20241108_145937_931303223,-0.029215893
20241108_145938_180177378,0.73175645
20241108_145938_428203167,0.09938157
20241108_145938_678037393,0.087169394
20241108_145938_929413056,0.17562489
20241108_145939_176020794,-0.52964675
20241108_145939_428823129,-0.27162853
20241108_145939_676280391,-0.28886312
20241108_145939_930375771,0.08421434
20241108_145940_182361322,-0.05526098
20241108_145940_439160551,0.09657652
20241108_145940_930772866,0.021988193
20241108_145941_178645226,-0.009863934
20241108_145941_432857162,-0.1217384
20241108_145941_679125968,-0.12536909
20241108_145942_181593576,-0.13256095
20241108_145942_434563549,-0.08334174
20241108_145942_680663420,-0.11515155
20241108_145942_931717348,-0.07428994
20241108_145943_177839184,-0.04849305
20241108_145943_433337996,-0.06450447
20241108_145943_679182148,-0.067616545
20241108_145943_932334026,-0.029869398
20241108_145944_430534566,-0.06913405
20241108_145944_676475766,0.2276073
20241108_145944_927761582,0.052698232
20241108_145945_180894346,-0.06033411
20241108_145945_431149187,-0.07007759
20241108_145945_676297403,0.23422919
20241108_145945_930654344,0.34492502
20241108_145946_188386421,0.35736308
20241108_145946_674939290,0.17286412
20241108_145947_180819599,-0.18498044
20241108_145947_434377729,-0.027552685
20241108_145947_681150573,0.047626086
20241108_145948_182608693,0.036337502
20241108_145948_431190889,0.03366504
20241108_145948_678735249,0.08279074
20241108_145948_934203608,-0.18781765
20241108_145949_189076175,-0.13020755
20241108_145949_433115180,0.31065574
20241108_145949_677679625,0.3635066
20241108_145949_932708107,0.5415532
20241108_145950_178432019,0.85641176
20241108_145950_437165824,0.43433136
20241108_145950_683701333,0.43146735
20241108_145950_935175560,0.51681584
20241108_145951_196731269,0.6204445
20241108_145951_433344955,0.14217569
20241108_145951_680847457,-1.3974001
20241108_145951_929966532,-0.05618363
20241108_145952_197174283,0.7745136
20241108_145952_433502031,-0.8586985
20241108_145952_675103827,0.29957455
20241108_145952_930066220,-2.8964376
20241108_145953_183196382,0.71458536
20241108_145953_430067535,0.42814547
20241108_145953_681642661,0.33360708
20241108_145953_929064884,-0.1753911
20241108_145954_211875560,-0.16525473
20241108_145954_431286839,-0.7188924
20241108_145954_679486475,-0.32390788
20241108_145954_930690631,-0.62165916
20241108_145955_187427332,-0.3869124
20241108_145955_433737265,2.1003218
20241108_145955_678019725,2.4510813
20241108_145955_934917439,1.2631726
20241108_145956_186823690,-0.13266729
20241108_145956_439819848,0.24155883
20241108_145956_683713681,0.23886348
20241108_145956_934874249,0.16995203
20241108_145957_177640732,0.024621109
20241108_145957_433400535,0.08328437
20241108_145957_684188750,3.2759812
20241108_145957_929185057,2.0934966
20241108_145958_179554114,0.7139619
20241108_145958_431668324,0.9716659
20241108_145958_675805760,1.043961
