trade_date,FW_label
20241101_133000_187782681,3.1202714
20241101_133000_440664239,-1.2459098
20241101_133000_701117020,0.8493724
20241101_133000_939337714,0.3084618
20241101_133001_180215891,1.4436127
20241101_133001_435473786,-0.29577833
20241101_133001_679195127,0.7205088
20241101_133001_924977662,-0.31619495
20241101_133002_171934315,0.10981909
20241101_133002_421227951,0.15736733
20241101_133002_667029711,0.198621
20241101_133002_917557049,-0.34043315
20241101_133003_173463132,-0.39184174
20241101_133003_428988894,0.9069407
20241101_133003_667455855,0.17578435
20241101_133003_933347588,-0.76519924
20241101_133004_182531450,0.34992978
20241101_133004_429288055,0.9427672
20241101_133004_675829711,-0.8372982
20241101_133004_920924371,1.0935864
20241101_133005_170394028,-0.058206998
20241101_133005_432161733,0.5670954
20241101_133005_665496995,-2.1156518
20241101_133005_917730020,-0.15526916
20241101_133006_165762975,-0.8628762
20241101_133006_419430539,-0.79954165
20241101_133006_667176332,1.0711207
20241101_133006_913611783,0.9595768
20241101_133007_161690270,-1.1864014
20241101_133007_413224583,0.15505743
20241101_133007_660637164,-0.4635572
20241101_133007_912674360,0.107918
20241101_133008_159835846,-1.2427168
20241101_133008_425230567,0.85397816
20241101_133008_652851992,-0.21356465
20241101_133008_917279884,-0.17804699
20241101_133009_153319224,-0.32633683
20241101_133009_407256750,-0.239403
20241101_133009_657740347,-0.09238378
20241101_133009_907685631,-0.4602658
20241101_133010_160651735,-0.52007204
20241101_133010_406505905,0.16589893
20241101_133010_655434626,0.42488363
20241101_133010_918279092,-0.5788638
20241101_133011_156619504,-0.70734036
20241101_133011_408344635,-0.13692184
20241101_133011_659478012,-0.12225204
20241101_133011_905750648,-0.38907626
20241101_133012_155017702,-0.33531457
20241101_133012_403975374,-0.06694748
20241101_133012_655056175,-0.093099974
20241101_133012_902315810,-0.19489296
20241101_133013_150409269,-0.12815727
20241101_133013_403577234,-0.17882244
20241101_133013_654808138,-0.11368855
20241101_133013_905806232,-0.65212077
20241101_133014_154439947,0.34421998
20241101_133014_406309202,0.53750426
20241101_133014_654751026,0.16969466
20241101_133014_904217129,0.15334876
20241101_133015_160598634,-0.2733632
20241101_133015_406852379,-0.051621757
20241101_133015_901052065,-0.06136348
20241101_133016_150800733,0.010808939
20241101_133016_408009504,1.3585327
20241101_133016_668031991,0.40180624
20241101_133016_910274553,-0.7008211
20241101_133017_152694641,-0.37428203
20241101_133017_402779830,0.9135925
20241101_133017_656494122,0.7428093
20241101_133017_909677337,-0.3410355
20241101_133018_151686144,-0.6162929
20241101_133018_403040449,-0.077839285
20241101_133018_652125363,-0.063992135
20241101_133019_150684078,0.03422632
20241101_133019_404073539,-0.19629903
20241101_133019_656863455,-1.3160777
20241101_133019_907158939,-0.45453963
20241101_133020_150836552,-0.15622593
20241101_133020_401499242,0.076444946
20241101_133020_653309954,1.1730834
20241101_133020_908460943,-0.20070596
20241101_133021_155632522,-1.5399773
20241101_133021_403214407,-1.3405399
20241101_133021_652576863,-0.2864788
20241101_133021_905134899,-0.01578025
20241101_133022_152814451,0.055755936
20241101_133022_410426791,0.46874225
20241101_133022_660922963,0.36389658
20241101_133022_908350047,-0.1364568
20241101_133023_158512465,-0.28798237
20241101_133023_402243996,-1.4440435
20241101_133023_651807418,0.056499697
20241101_133023_910229029,0.0066945944
20241101_133024_150923876,0.1547157
20241101_133024_456851231,-0.12598099
20241101_133024_662282284,-0.68728656
20241101_133024_904303068,-0.16414647
20241101_133025_149797083,-0.14282407
20241101_133025_401741335,-0.22669123
20241101_133025_654183514,-0.10669737
20241101_133025_900583323,-0.3732794
20241101_133026_155549653,-0.8844753
20241101_133026_409376338,0.018499637
20241101_133026_656085298,0.18635201
20241101_133026_906502682,0.6068967
20241101_133027_151467957,0.21157081
20241101_133027_408895348,0.17793302
20241101_133027_660603922,0.12885986
20241101_133027_900674751,0.08697263
20241101_133028_154260573,0.38541514
20241101_133028_408155903,0.8559172
20241101_133028_653812495,1.8235308
20241101_133028_906831011,-0.4378508
20241101_133029_158049943,-0.09893319
20241101_133029_406510828,-0.100970834
20241101_133029_653144371,-0.98694706
20241101_133029_905632099,-0.97936887
20241101_133030_154797895,-0.486
20241101_133030_407168149,0.15945022
20241101_133030_652846875,0.36054927
20241101_133030_902643227,1.1839213
20241101_133031_154946567,1.845398
20241101_133031_407513940,0.78602487
20241101_133031_654937640,1.4739746
20241101_133031_903528548,-0.38571897
20241101_133032_150731397,0.118008874
20241101_133032_403521059,0.292545
20241101_133032_652221320,0.20675649
20241101_133032_905508992,0.27450022
20241101_133033_153597874,0.7686262
20241101_133033_409070690,0.5756895
20241101_133033_655951494,0.789366
20241101_133033_904737067,0.6081533
20241101_133034_152051980,0.9804992
20241101_133034_404525083,0.59030616
20241101_133034_651585779,0.53964627
20241101_133034_900568077,0.4357646
20241101_133035_150964787,0.11207128
20241101_133035_402175877,0.97218883
20241101_133035_645425229,0.5376379
20241101_133035_897159738,0.16511483
20241101_133036_146444611,0.32532975
20241101_133036_397656124,0.72550017
20241101_133036_646870501,0.27629617
20241101_133036_905556944,-0.06786015
20241101_133037_154295048,-1.88229
20241101_133037_400483892,-0.294319
20241101_133037_647214653,-0.19371329
20241101_133037_899385610,-0.119006954
20241101_133038_148632891,-0.37790456
20241101_133038_403206143,-0.21578805
20241101_133038_653614010,-0.26870078
20241101_133038_901682025,-1.2754314
20241101_133039_147598247,-0.31237385
20241101_133039_400232594,-0.15015367
20241101_133039_644079835,-0.17854597
20241101_133039_899663067,-1.0662882
20241101_133040_144856572,-0.013069781
20241101_133040_399360717,1.0298817
20241101_133040_650407989,1.4276692
20241101_133040_904401531,-1.0087806
20241101_133041_150053993,-0.19964263
20241101_133041_400658341,-0.31719533
20241101_133041_648911612,0.95637447
20241101_133041_899784848,0.39178902
20241101_133042_149726475,0.34670302
20241101_133042_406874462,0.5726309
20241101_133042_653187495,0.53399664
20241101_133042_904861451,0.43729633
20241101_133043_148826067,0.48276088
20241101_133043_400972970,1.085946
20241101_133043_650156570,1.3797222
20241101_133043_902963644,0.5027668
20241101_133044_149167297,-0.48874497
20241101_133044_403066645,-0.6309223
20241101_133044_653548067,0.40204945
20241101_133044_904202184,0.504409
20241101_133045_153568778,0.4077843
20241101_133045_413045387,0.8441379
20241101_133045_660016749,1.4407047
20241101_133045_910957971,-0.54210955
20241101_133046_159724385,-0.27536127
20241101_133046_405694161,0.18770748
20241101_133046_647169772,0.02086187
20241101_133046_898037000,0.17042942
20241101_133047_144272822,-0.0017927606
20241101_133047_406951338,-0.027639363
20241101_133047_645672815,-0.2852842
20241101_133047_900968877,-0.15271337
20241101_133048_147716177,-0.10398289
20241101_133048_401162976,-0.10712805
20241101_133048_645663384,-0.063152455
20241101_133048_901298933,-0.048164807
20241101_133049_148831915,0.08019508
20241101_133049_401105288,-0.38272902
20241101_133049_646804621,-0.84138584
20241101_133049_904279273,-0.28930244
20241101_133050_153290968,-0.50656134
20241101_133050_400091335,-0.26410952
20241101_133050_652118794,-0.32127115
20241101_133050_901522156,-0.29941097
20241101_133051_149493903,-0.16249232
20241101_133051_396463594,-0.22167285
20241101_133051_644732691,-0.22442974
20241101_133051_899441495,-0.21307428
20241101_133052_148289225,-0.23743768
20241101_133052_407192630,-0.17665379
20241101_133052_650499007,-0.49229822
20241101_133052_899812306,-0.13132927
20241101_133053_143454643,0.038023666
20241101_133053_396939673,-0.056548916
20241101_133053_646020637,-0.12042942
20241101_133053_896096599,-0.08068981
20241101_133054_146503952,-0.28887016
20241101_133054_396165992,0.026673628
20241101_133054_645435672,-0.05894079
20241101_133055_145180250,0.07484568
20241101_133055_401466583,-0.014283141
20241101_133055_647133557,0.56497675
20241101_133055_900274896,0.08633492
20241101_133056_149491295,0.12048159
20241101_133056_396765610,-0.04242047
20241101_133056_646577936,0.06589297
20241101_133057_148688375,0.081999846
20241101_133057_397321250,0.10479019
20241101_133057_901049880,0.41859812
20241101_133058_148535459,0.36525488
20241101_133058_398236436,0.14621012
20241101_133059_151376118,0.24376087
20241101_133059_399727394,0.7487553
20241101_133059_647816882,0.3201871
20241101_133059_898613203,0.469667
20241101_133100_149460949,-0.030326447
20241101_133100_405581483,-0.49080253
20241101_133100_656228271,-1.1929554
20241101_133100_911775009,0.18731819
20241101_133101_156421509,0.2528393
20241101_133101_406640679,-0.22023074
20241101_133101_653048122,0.12739252
20241101_133101_904858888,0.017726222
20241101_133102_153954002,0.31365395
20241101_133102_410374893,0.23938586
20241101_133102_657895052,0.08981643
20241101_133103_153885011,0.24342202
20241101_133103_405035944,0.5128372
20241101_133103_651598306,0.78633946
20241101_133103_911270866,0.76077116
20241101_133104_159713303,0.7203149
20241101_133104_422632156,0.0059190188
20241101_133104_659029035,0.30642402
20241101_133104_904329666,0.19701527
20241101_133105_148901920,-0.09472474
20241101_133105_404070582,-0.2613016
20241101_133105_653508356,-0.20599212
20241101_133105_904422191,-0.13192572
20241101_133106_150066810,-0.1997775
20241101_133106_400273314,-0.22048096
20241101_133106_650459994,-0.24507363
20241101_133106_903632363,-0.3675641
20241101_133107_152560716,-0.13166271
20241101_133107_408207988,-0.24923705
20241101_133108_149285829,-0.36449033
20241101_133108_404003848,-0.92702836
20241101_133108_647603391,-1.4227666
20241101_133108_900098864,-3.047713
20241101_133109_146847112,0.28281784
20241101_133109_401779433,0.12057517
20241101_133109_646764575,-0.01207771
20241101_133109_899960312,-0.25106958
20241101_133110_153930705,-0.24823512
20241101_133110_405369671,-0.0785143
20241101_133110_656057727,0.28478113
20241101_133110_902938567,0.061881877
20241101_133111_150306641,0.33129394
20241101_133111_405023542,0.35624835
20241101_133111_649018863,0.17689185
20241101_133111_905900475,0.17466693
20241101_133112_153245172,0.41480565
20241101_133112_403207692,0.30884004
20241101_133112_648676919,0.3296411
20241101_133112_903317163,0.33922172
20241101_133113_152468852,0.5120344
20241101_133113_403138672,0.27982533
20241101_133113_649168044,0.32582211
20241101_133114_406360189,0.5467405
20241101_133114_650143301,0.44827616
20241101_133114_905714993,0.7718762
20241101_133115_155137158,-0.12398674
20241101_133115_404197658,-0.14268793
20241101_133115_649566172,-0.10672202
20241101_133115_905513163,0.13130277
20241101_133116_151871936,-0.07716491
20241101_133116_401776106,-0.056591175
20241101_133116_644660640,-0.13869531
20241101_133116_900712362,-0.19218679
20241101_133117_148920824,-0.35577837
20241101_133117_397650460,-0.26169494
20241101_133117_643112386,-0.24708934
20241101_133117_896432104,-0.12301769
20241101_133118_145645756,-0.17108645
20241101_133118_649233553,-0.16492678
20241101_133118_901464405,-0.11912813
20241101_133119_148312938,-0.14082928
20241101_133119_401600888,-0.57245344
20241101_133119_648742749,-0.14818825
20241101_133119_902479915,-0.24415304
20241101_133120_155071616,-0.12030107
20241101_133120_400320208,0.14210469
20241101_133120_648166233,0.2603992
20241101_133120_906743030,1.0640116
20241101_133121_154379542,1.1652964
20241101_133121_406503837,0.8105188
20241101_133121_660496957,-0.7284158
20241101_133121_913467528,-0.78642815
20241101_133122_155037539,-0.6149252
20241101_133122_410087663,-0.27707824
20241101_133122_673126456,0.06175098
20241101_133122_910795969,0.3185139
20241101_133123_155180930,0.26566458
20241101_133123_401731658,-0.101417854
20241101_133123_649192300,-0.17435186
20241101_133123_903423833,-0.9467273
20241101_133124_147577277,-0.53925043
20241101_133124_448926390,-1.1329305
20241101_133124_647932505,-1.1922663
20241101_133124_910157147,-0.33409604
20241101_133125_158557273,-0.8062797
20241101_133125_404113321,-0.19574738
20241101_133125_647898895,-0.020476915
20241101_133125_901777502,0.35681865
20241101_133126_147471286,0.32422033
20241101_133126_402938199,0.20628677
20241101_133126_648698303,0.17334208
20241101_133126_899210560,-0.0047591534
20241101_133127_144895992,0.35782245
20241101_133127_401985722,-0.014236769
20241101_133127_650492125,-0.2824059
20241101_133127_906835818,-1.4921848
20241101_133128_154035629,-0.6542877
20241101_133128_405754494,-0.12724847
20241101_133128_654330783,0.08480797
20241101_133128_904438218,0.3084357
20241101_133129_152970931,0.60146755
20241101_133129_406386220,0.49577716
20241101_133129_646852269,0.62710696
20241101_133129_903213657,0.41242868
20241101_133130_147663327,0.19449915
20241101_133130_646412384,0.5650186
20241101_133130_903530536,0.766628
20241101_133131_149858752,0.44292462
20241101_133131_648892864,0.43320292
20241101_133131_900966749,0.25647256
20241101_133132_148458793,0.18860944
20241101_133132_399162087,1.2327293
20241101_133132_649967766,0.13681684
20241101_133132_902979256,-0.38988876
20241101_133133_150941661,-0.4553057
20241101_133133_401591653,-0.33937714
20241101_133133_647673687,-0.3852694
20241101_133133_901154468,-0.19386931
20241101_133134_151079292,0.14967056
20241101_133134_399312615,-0.495629
20241101_133134_648978259,-0.52802724
20241101_133134_902002280,-0.17051369
20241101_133135_153583075,0.17354657
20241101_133135_410316938,0.18145008
20241101_133135_656241011,0.228296
20241101_133135_903328101,0.29595366
20241101_133136_149267612,0.25474018
20241101_133136_649460717,0.20605402
20241101_133136_904846153,0.23619549
20241101_133137_152388940,0.6178258
20241101_133137_405658917,-0.37631878
20241101_133137_652241754,-0.74039096
20241101_133137_906793776,-0.37484458
20241101_133138_151022212,-0.19491993
20241101_133138_402370123,-0.15739192
20241101_133138_654192838,0.013003202
20241101_133138_903253108,0.035327658
20241101_133139_146909666,0.017471233
20241101_133139_406347090,-0.07552823
20241101_133139_648102085,-0.106124185
20241101_133140_151143981,-0.18090911
20241101_133140_405096582,-0.2452314
20241101_133140_652112670,-0.4419491
20241101_133140_905653215,-0.67684823
20241101_133141_404245387,-0.42243963
20241101_133141_654826942,-0.7512882
20241101_133142_153118071,0.1676914
20241101_133142_405185523,0.8002002
20241101_133142_655904614,0.28700367
20241101_133142_903449878,0.5838314
20241101_133143_152720477,0.5723393
20241101_133143_408293318,0.38512683
20241101_133143_666174969,0.3638063
20241101_133143_918864009,0.40661037
20241101_133144_155394941,0.67202
20241101_133144_409101549,1.0706725
20241101_133144_653377843,-0.43019322
20241101_133144_908295655,-0.05362206
20241101_133145_153786931,-0.024532104
20241101_133145_404624989,-0.1942447
20241101_133145_650402315,-0.16760911
20241101_133146_410526024,-0.1607479
20241101_133146_655348887,-0.301449
20241101_133146_914351831,-0.45236433
20241101_133147_403516707,0.04729891
20241101_133147_650451499,0.015216352
20241101_133147_903706750,-0.0918959
20241101_133148_148591105,0.016409019
20241101_133148_403688529,-0.007401785
20241101_133148_647218083,-0.04899814
20241101_133148_896782414,0.046789065
20241101_133149_146323701,0.07586161
20241101_133149_397314913,0.24066256
20241101_133149_644954631,0.28513172
20241101_133149_899671214,0.2946737
20241101_133150_147561668,0.20336512
20241101_133150_651637717,-0.22965966
20241101_133150_902531216,-0.2318938
20241101_133151_153772042,-0.874958
20241101_133151_412117406,0.16600089
20241101_133151_656025610,-0.46864137
20241101_133151_909647673,-0.64667094
20241101_133152_155591109,-0.37788305
20241101_133152_405705146,-0.41739053
20241101_133152_656019754,-0.36334142
20241101_133152_910395578,-0.29309455
20241101_133153_155265051,-0.09881755
20241101_133153_408358418,-0.118889295
20241101_133154_162492025,-0.01799353
20241101_133154_414856129,0.40326595
20241101_133154_662854505,0.16343524
20241101_133154_908739817,0.1351252
20241101_133155_169033974,0.44841447
20241101_133155_414159256,1.2682976
20241101_133155_660457409,1.2969749
20241101_133155_910072105,-0.6600324
20241101_133156_153799808,-1.1107527
20241101_133156_412399350,-0.35992208
20241101_133156_650211328,-0.5193331
20241101_133156_912226482,-1.138676
20241101_133157_159010172,-0.8152791
20241101_133157_417450051,-0.83556145
20241101_133157_660895341,-0.87615484
20241101_133157_903117665,-0.7671827
20241101_133158_147934974,-0.62407106
20241101_133158_899842662,-0.5286092
20241101_133159_151544055,-0.34265736
20241101_133159_408452870,-0.20136052
20241101_133159_654985558,-0.3646478
20241101_133159_904602531,-0.14893724
20241101_133200_150002771,-0.3093912
20241101_133200_411998262,-0.6056577
20241101_133200_668526710,-0.3923048
20241101_133200_913770393,-0.28301778
20241101_133201_159873596,0.027913095
20241101_133201_417868255,0.40777835
20241101_133201_674157473,1.9771582
20241101_133201_918839622,-0.28293565
20241101_133202_168780256,-0.17990549
20241101_133202_433275036,-0.15212782
20241101_133202_668852715,-0.17962505
20241101_133203_161115115,-0.31925908
20241101_133203_411790888,-0.13720895
20241101_133203_656472704,-0.89455
20241101_133203_906608606,-1.440566
20241101_133204_155170566,0.83767205
20241101_133204_409643656,-0.016959747
20241101_133204_655077083,0.008670965
20241101_133204_905273436,0.11367736
20241101_133205_156297952,0.11152933
20241101_133205_409484523,1.1481781
20241101_133205_656566589,-0.07524598
20241101_133205_915468998,-0.07001753
20241101_133206_156561318,0.5885962
20241101_133206_409843920,0.51289815
20241101_133206_660462418,0.21793815
20241101_133206_911601773,-0.011411389
20241101_133207_159701312,-0.06415292
20241101_133207_404850628,0.2377495
20241101_133207_654590344,0.14477824
20241101_133207_908179191,0.47152418
20241101_133208_155363085,0.6793539
20241101_133208_410343710,0.3307566
20241101_133208_904167537,0.27036077
20241101_133209_153020657,0.2890172
20241101_133209_409888380,0.22485147
20241101_133209_649372202,0.22394057
20241101_133209_901789261,0.19165818
20241101_133210_152611451,0.67645013
20241101_133210_406995329,0.2764294
20241101_133210_659539562,0.2955709
20241101_133210_902510848,0.50843763
20241101_133211_147594483,0.20509513
20241101_133211_399342589,0.024398128
20241101_133211_647200647,0.06613407
20241101_133211_896745145,0.0698655
20241101_133212_169325691,0.06024394
20241101_133212_405825669,0.044040002
20241101_133213_157777651,0.36688146
20241101_133213_408992021,0.004963914
20241101_133213_656610953,-0.26903743
20241101_133213_906727473,-0.3554674
20241101_133214_187266516,-0.15056784
20241101_133214_417463949,-0.54433346
20241101_133214_653471394,-0.4481347
20241101_133214_905130960,-0.29145288
20241101_133215_156570251,-0.031264983
20241101_133215_411948323,0.31318128
20241101_133215_662566198,0.23946787
20241101_133215_911023416,0.078802146
20241101_133216_155809086,0.043063857
20241101_133216_403508086,0.04038266
20241101_133216_690209927,0.10060301
20241101_133216_911486453,-0.12892126
20241101_133217_403612312,-0.056199156
20241101_133217_641625912,-0.23281607
20241101_133217_902065193,-0.057732902
20241101_133218_150844693,-0.0005533304
20241101_133218_427022065,0.08450166
20241101_133218_899938860,-0.019383451
20241101_133219_150083975,-0.004922649
20241101_133219_399207717,0.100038685
20241101_133219_645761400,0.071901865
20241101_133219_893130710,-0.009419819
20241101_133220_143119836,0.42726535
20241101_133220_394684016,1.1462879
20241101_133220_652225069,0.5267571
20241101_133220_903086667,-0.0020825863
20241101_133221_146702556,-0.18697776
20241101_133221_397690827,0.09074817
20241101_133221_649996339,0.19301532
20241101_133221_896838133,0.14061494
20241101_133222_145634522,-0.0018367376
20241101_133222_400061276,0.14432023
20241101_133222_646974973,0.11755485
20241101_133222_904037714,0.038693763
20241101_133223_404612231,0.101264246
20241101_133223_666562219,0.04845629
20241101_133223_910138356,0.2760425
20241101_133224_155802496,0.10221151
20241101_133224_442684880,-0.4567538
20241101_133224_651756820,-0.67382497
20241101_133224_899280034,0.56265384
20241101_133225_151360907,0.54496497
20241101_133225_403889813,0.33855322
20241101_133225_649797846,0.34394214
20241101_133225_903603161,-0.13209878
20241101_133226_153416118,-0.22561371
20241101_133226_412403305,-0.10298508
20241101_133226_659624465,-0.03996771
20241101_133226_913037279,-0.11972263
20241101_133227_901338757,-0.1069568
20241101_133228_401300551,0.025109092
20241101_133228_894814776,0.29593357
20241101_133229_157418420,0.30122524
20241101_133229_402263364,0.74873096
20241101_133229_648321550,0.9836144
20241101_133229_897724323,0.2819128
20241101_133230_146223964,0.37141025
20241101_133230_396751505,0.3548913
20241101_133230_651176700,1.5583545
20241101_133230_898813649,0.12004561
20241101_133231_148382209,-0.61991936
20241101_133231_400063085,-0.42916158
20241101_133231_650287510,-1.0438874
20241101_133231_903273421,-0.24155173
20241101_133232_157550329,-0.07332855
20241101_133232_405507617,0.23323141
20241101_133232_652618817,-0.060068324
20241101_133232_907993148,-0.19657932
20241101_133233_162555608,-0.6046159
20241101_133233_409307640,-0.86163306
20241101_133233_651096715,-1.0679642
20241101_133233_899463299,0.43616965
20241101_133234_147636886,0.33916074
20241101_133234_400060310,0.33997753
20241101_133234_648708825,0.19673596
20241101_133234_894409039,0.09648786
20241101_133235_142825749,0.18451561
20241101_133235_398394873,0.1899767
20241101_133235_652966183,-0.08161976
20241101_133235_902194359,-0.11161094
20241101_133236_155547971,-0.11360153
20241101_133236_401862001,-0.08944207
20241101_133236_655707482,-0.02281799
20241101_133236_903673290,-0.11781534
20241101_133237_148672247,0.29010794
20241101_133237_396712630,0.15094589
20241101_133237_900490501,-0.15865849
20241101_133238_150083491,-0.13493766
20241101_133238_399293506,-0.08719935
20241101_133238_653929345,-0.08424082
20241101_133238_901229937,-0.11921816
20241101_133239_150453066,-0.053310506
20241101_133239_398479713,-0.113095574
20241101_133239_896950056,-0.37677148
20241101_133240_402311659,-0.17620234
20241101_133240_896835792,-0.124722116
20241101_133241_404878860,-0.18824653
20241101_133241_651485352,-0.3211154
20241101_133241_908411140,-0.31426588
20241101_133242_154373163,-0.3264793
20241101_133242_408642658,-0.25518912
20241101_133242_667319235,-0.24589308
20241101_133242_905509621,-0.20147793
20241101_133243_152647363,-0.19619752
20241101_133243_403306465,-0.3539317
20241101_133243_908269459,-0.002084462
20241101_133244_146767493,-0.053542458
20241101_133244_402528059,-0.07134589
20241101_133244_645673864,-0.040915214
20241101_133244_898805398,-0.06468832
20241101_133245_899547282,-0.06869843
20241101_133246_404754789,-0.082267724
20241101_133246_658892218,-0.14124845
20241101_133248_157941149,-0.0888268
20241101_133248_403515211,0.08187384
20241101_133249_149163910,0.30177417
20241101_133249_398692662,0.33470923
20241101_133249_649528566,0.38368905
20241101_133249_899068716,0.31399453
20241101_133250_157021296,0.2638698
20241101_133250_413922903,0.2019457
20241101_133250_643535587,0.19460456
20241101_133250_899933394,0.16378085
20241101_133251_399117779,0.1087955
20241101_133252_147765705,0.21425281
20241101_133252_400157484,0.3869628
20241101_133253_143509445,0.29653296
20241101_133253_395055801,0.5468248
20241101_133253_647268809,-0.39367133
20241101_133253_903220999,-0.052885793
20241101_133254_156640663,-0.38059235
20241101_133254_403346428,-0.24078941
20241101_133254_652925763,0.030965732
20241101_133254_901328742,0.11267895
20241101_133255_147302308,-0.04741002
20241101_133255_402631740,-0.07040491
20241101_133255_652704840,0.051348202
20241101_133255_904000553,0.046915255
20241101_133256_394205736,0.04196558
20241101_133256_641730154,-0.019685522
20241101_133256_892915971,-0.0935817
20241101_133257_138837588,-0.17248388
20241101_133257_399462297,-0.4528719
20241101_133257_645858091,-0.5128157
20241101_133257_900553919,-1.1957892
20241101_133258_154678492,-1.1973226
20241101_133258_408061669,-0.8087981
20241101_133258_645746854,-0.5646062
20241101_133258_897121816,-0.21382232
20241101_133259_145133587,0.20654367
20241101_133259_399708647,0.22054483
20241101_133259_649452160,0.20784895
20241101_133259_901364997,0.5627066
20241101_133300_152998132,1.0671532
20241101_133300_404549299,0.06330273
20241101_133300_661885337,0.43477255
20241101_133300_908811215,0.45995477
20241101_133301_396619846,0.54603004
20241101_133301_658455412,0.3718786
20241101_133301_908642177,0.06732545
20241101_133302_154460442,-0.08271962
20241101_133302_402890540,0.14501826
20241101_133302_656973390,0.44168
20241101_133302_906417793,1.1500223
20241101_133303_153174333,-0.52358687
20241101_133303_399038957,-0.29836735
20241101_133303_653021392,-1.1162691
20241101_133303_911713431,-1.0904676
20241101_133304_152516936,-1.2198249
20241101_133304_404787785,-0.91194516
20241101_133304_652987439,0.59444606
20241101_133304_922826449,-0.42359945
20241101_133305_169793505,-0.5392778
20241101_133305_431911650,-1.6663793
20241101_133305_674124602,-1.2788647
20241101_133305_919909526,-0.022271773
20241101_133306_157193480,0.19428831
20241101_133306_403802625,0.25666353
20241101_133306_644590382,0.08813027
20241101_133307_155028744,-0.28829345
20241101_133307_412800248,-0.056286834
20241101_133307_654590174,0.06246662
20241101_133307_915320172,0.1214576
20241101_133308_167415857,0.26979855
20241101_133308_407236968,0.028547684
20241101_133308_651084196,0.061104335
20241101_133308_914978922,-0.13512005
20241101_133309_157749848,-0.0474061
20241101_133309_403130840,-0.0752063
20241101_133309_660631278,-0.060111962
20241101_133309_918442999,-0.3795462
20241101_133310_166092442,-0.33773565
20241101_133310_421387995,-0.5411722
20241101_133310_656541848,-0.24145676
20241101_133310_912246784,-0.17761059
20241101_133311_159208649,0.186793
20241101_133311_406825640,0.10902924
20241101_133311_662328559,-0.08130166
20241101_133311_908023538,-0.19391029
20241101_133312_151351734,-0.37564245
20241101_133312_413883109,-0.2815659
20241101_133312_652062162,-0.12785976
20241101_133312_904970543,-0.14626043
20241101_133313_920004808,0.11354
20241101_133314_163057778,0.01153467
20241101_133314_646343180,-0.009333154
20241101_133314_898016624,-0.056040905
20241101_133315_418838193,0.13769037
20241101_133315_661451172,0.008149544
20241101_133315_900952946,0.01715366
20241101_133316_148105305,-0.07625701
20241101_133316_401883022,-0.089466415
20241101_133316_649089093,-0.55470335
20241101_133316_899367827,-1.6826832
20241101_133317_152383887,-1.5766311
20241101_133317_404828177,-0.78570276
20241101_133317_659063645,-1.0049964
20241101_133318_156252457,-0.49257645
20241101_133318_401251620,-0.39880267
20241101_133318_647068897,-0.4508737
20241101_133318_897847383,-0.44931158
20241101_133319_146977682,-0.3100545
20241101_133319_398867976,-0.3468174
20241101_133320_648902825,-0.37088892
20241101_133320_901678073,-0.3669343
20241101_133321_402545853,-0.54675466
20241101_133321_648866903,-0.62845975
20241101_133321_900903443,-1.0077826
20241101_133322_148384396,-0.60411423
20241101_133322_400375952,-0.51256394
20241101_133323_405065188,-0.3843402
20241101_133323_649428818,-0.30040693
20241101_133323_898309410,0.043953188
20241101_133324_149850694,-0.09280416
20241101_133324_450402922,-0.25971025
20241101_133324_652916181,-0.5184343
20241101_133324_902780011,-1.3471313
20241101_133325_151937942,-0.6307405
20241101_133325_403276604,0.4335709
20241101_133325_646721721,0.46999612
20241101_133325_921465163,0.41805282
20241101_133326_153459427,0.24965434
20241101_133326_404016899,0.014043609
20241101_133326_651916152,-0.13430323
20241101_133326_904344212,0.14776713
20241101_133327_148142290,0.07673959
20241101_133327_402663333,0.10130326
20241101_133327_652517044,0.22927342
20241101_133327_901104310,0.1280335
20241101_133328_149321585,0.11697934
20241101_133328_397747760,0.15013824
20241101_133328_651653502,0.12922679
20241101_133328_911411798,0.08208082
20241101_133329_155827129,0.081342615
20241101_133329_907846965,0.08673332
20241101_133330_152068474,0.04236827
20241101_133330_401313806,0.1571704
20241101_133330_651937838,0.24595504
20241101_133330_902006005,0.56467676
20241101_133331_157530711,1.6018267
20241101_133331_407648394,0.20416442
20241101_133331_647273774,0.08924786
20241101_133331_905045750,0.16896747
20241101_133332_404198570,0.15194736
20241101_133332_651944448,-0.035317443
20241101_133332_898959372,0.03797201
20241101_133333_141873515,0.06776718
20241101_133333_390835405,0.07655237
20241101_133333_645875373,0.059174635
20241101_133334_396496058,-0.1324615
20241101_133334_901191755,-0.48165148
20241101_133335_151881863,0.12846066
20241101_133335_400762270,-0.11957254
20241101_133335_648076396,-0.14924188
20241101_133335_899862901,-0.1871214
20241101_133336_144991844,-0.18869002
20241101_133336_396434358,-0.19893043
20241101_133336_647848331,-0.17063524
20241101_133337_143802027,0.07787105
20241101_133337_395928813,-0.092704676
20241101_133337_640244860,-0.09199377
20241101_133337_893723383,-0.06299599
20241101_133338_142894390,-0.042939328
20241101_133338_398655666,-0.24737222
20241101_133338_641985816,-0.1677991
20241101_133338_894526960,-0.17839102
20241101_133339_138742901,-0.17027207
20241101_133339_389998891,-0.40016028
20241101_133339_639861852,-0.039313093
20241101_133339_898654456,0.6888056
20241101_133340_149358362,0.36389476
20241101_133340_399486050,0.25753894
20241101_133340_644271551,0.29803044
20241101_133341_637226593,0.23926462
20241101_133341_890600164,-0.8443904
20241101_133342_143723343,-0.4632108
20241101_133342_393406081,-0.43123987
20241101_133342_646797368,-0.39123142
20241101_133342_894551836,-0.55657476
20241101_133343_143379887,-2.010455
20241101_133343_395568339,-0.26475015
20241101_133343_649204421,0.37553802
20241101_133343_894513592,0.57087356
20241101_133344_141174615,0.5072496
20241101_133344_393391482,0.4144189
20241101_133344_644337618,0.52181035
20241101_133344_898000207,0.48596606
20241101_133345_145248628,0.47000697
20241101_133345_396098409,0.5005574
20241101_133345_644003524,0.38038144
20241101_133345_895125167,0.35144037
20241101_133346_140756680,0.17039432
20241101_133346_393652183,0.06378878
20241101_133346_644812987,0.073148735
20241101_133346_893704849,-0.051016085
20241101_133347_145879363,-0.14569972
20241101_133347_392960162,-0.036414467
20241101_133347_643510246,0.008455971
20241101_133347_893767642,0.09737674
20241101_133348_142330288,0.06657193
20241101_133348_405060422,-0.121455036
20241101_133348_653110273,-0.27760318
20241101_133348_912437344,-1.0904979
20241101_133349_162924841,-0.44332042
20241101_133349_409611307,0.02000059
20241101_133349_649570404,0.109352894
20241101_133349_895281910,-0.00506337
20241101_133350_151047979,-0.026476651
20241101_133350_401139152,-0.049669437
20241101_133350_646558048,-0.051079534
20241101_133350_895673960,-0.2835178
20241101_133351_145472545,-0.20776217
20241101_133351_404090247,-0.11842903
20241101_133351_644256380,-0.045895956
20241101_133352_152171812,-0.08221587
20241101_133352_403344332,-0.10195693
20241101_133352_653514836,-0.103350185
20241101_133353_406003723,0.025547126
20241101_133353_644026540,-0.07294097
20241101_133353_902035562,0.44485068
20241101_133354_151222869,0.71631104
20241101_133354_402602628,-0.12968387
20241101_133354_648166677,-0.20195697
20241101_133354_900976412,-0.6827219
20241101_133355_148865016,-0.9146853
20241101_133355_397116757,-0.60109836
20241101_133355_643056597,-0.34189937
20241101_133355_895978930,-0.20894016
20241101_133356_398837028,-0.6134126
20241101_133356_641183069,-0.5942783
20241101_133356_894840766,-0.3223529
20241101_133357_140861121,-0.26936615
20241101_133357_399032127,0.04335443
20241101_133357_646332712,-0.007537948
20241101_133357_895188304,-0.41456664
20241101_133358_150014429,0.042629153
20241101_133358_402120839,0.029128777
20241101_133358_651485609,-0.038331654
20241101_133358_900150035,-0.2711016
20241101_133359_145992747,-0.76123285
20241101_133359_404809546,-0.9281063
20241101_133359_656459683,1.0476775
20241101_133359_904548900,0.44358978
20241101_133400_154499496,-0.0008576084
20241101_133400_421782308,-0.026388368
20241101_133400_670016924,-0.15484913
20241101_133400_922682345,-0.1426334
20241101_133401_404566202,-0.35318163
20241101_133401_660926168,0.43750158
20241101_133401_913446455,0.71957046
20241101_133402_149599927,-0.033271715
20241101_133402_403622933,0.6644434
20241101_133402_897800698,0.072863586
20241101_133403_898399871,0.16508655
20241101_133404_149763318,0.15498976
20241101_133404_894603888,0.11835573
20241101_133405_155374350,0.9506692
20241101_133405_406674772,0.7078855
20241101_133405_659770993,0.5630788
20241101_133405_915539845,0.46919104
20241101_133406_411602919,0.5801975
20241101_133406_648035590,1.0700988
20241101_133406_899209719,0.2512585
20241101_133407_147047338,0.5104417
20241101_133407_410949458,0.8164101
20241101_133407_664156229,0.5032651
20241101_133407_908140939,0.17286102
20241101_133408_146336073,0.20237945
20241101_133408_400816926,0.2758952
20241101_133408_642676997,0.47923163
20241101_133408_890410538,0.5841937
20241101_133409_140358638,0.5698851
20241101_133409_397416443,0.72550845
20241101_133409_644096352,1.1501743
20241101_133409_897351318,0.667928
20241101_133410_138894162,-0.68159723
20241101_133410_394400410,-0.028248735
20241101_133410_655642285,-0.2952288
20241101_133410_904406012,-0.35968348
20241101_133411_146161026,-0.37462303
20241101_133411_403983693,-0.31214753
20241101_133411_650124650,-0.32232058
20241101_133412_144731064,-0.27812314
20241101_133413_139281090,-0.28889853
20241101_133413_390729828,-0.31264892
20241101_133414_140163136,-0.2745275
20241101_133414_391281442,-0.31110603
20241101_133414_640312736,-0.3081953
20241101_133415_148776021,-0.281856
20241101_133415_395505992,-0.27820942
20241101_133415_898609816,-0.18385132
20241101_133416_144252940,-0.10045739
20241101_133416_408030220,-0.18270041
20241101_133416_647744898,-0.4325941
20241101_133417_392442627,-0.29689264
20241101_133417_640617939,-0.2673135
20241101_133417_896581480,-0.22062995
20241101_133418_142869189,-0.23558797
20241101_133418_396842381,-0.38887975
20241101_133418_904756549,-0.41259697
20241101_133419_904411037,-0.2754352
20241101_133420_150073464,-0.4896105
20241101_133420_900501365,-0.17099231
20241101_133421_145218892,-0.083767734
20241101_133421_402796561,-0.72722
20241101_133421_658701004,-0.27123758
20241101_133421_906674040,-0.76726776
20241101_133422_153290290,-0.66297704
20241101_133422_401297348,-0.2810473
20241101_133422_644895505,-0.07415475
20241101_133422_904256868,-0.02446457
20241101_133423_144758170,0.09531202
20241101_133423_406564809,0.48736855
20241101_133423_664557010,0.5799734
20241101_133423_914222922,-0.2621532
20241101_133424_171851968,-0.16852511
20241101_133424_465452840,-0.97431517
20241101_133424_669805949,-0.8996434
20241101_133424_917082936,-0.42395124
20241101_133425_155745114,-0.39870235
20241101_133425_402634366,-0.64644617
20241101_133425_644170090,-0.29132512
20241101_133425_898197069,-1.1883461
20241101_133426_152356897,0.6151806
20241101_133426_400903642,0.51221806
20241101_133426_651243928,0.5361074
20241101_133426_899654224,0.46420506
20241101_133427_154976342,0.08244214
20241101_133427_400941119,0.13138126
20241101_133427_654869693,0.19637416
20241101_133427_911384433,0.10453222
20241101_133428_405725202,0.10812492
20241101_133428_659237085,0.41810423
20241101_133428_908924495,0.5305167
20241101_133429_150361500,0.73548824
20241101_133429_403108058,0.51848257
20241101_133429_649257093,0.85963064
20241101_133429_904506001,0.5965566
20241101_133430_143277321,0.5605141
20241101_133430_395369091,0.44065642
20241101_133430_893771440,0.49384978
20241101_133431_145443451,0.45217678
20241101_133431_396692664,0.53260756
20241101_133431_644304742,0.50033015
20241101_133431_897340924,0.41787648
20241101_133432_403712112,0.2789483
20241101_133432_642557989,0.2797533
20241101_133432_908271576,0.33595586
20241101_133433_146074453,0.077542104
20241101_133433_395633685,0.15665497
20241101_133433_643609667,-0.0028700735
20241101_133433_891073512,0.021243194
20241101_133434_144021952,0.13708891
20241101_133434_402076000,-0.5246519
20241101_133434_642439462,-1.1320447
20241101_133434_899062964,-0.2842674
20241101_133435_142142748,-0.45749697
20241101_133435_395840346,-0.88099974
20241101_133435_641400702,-1.0689521
20241101_133435_893183566,-1.1094385
20241101_133436_647527637,-0.22532862
20241101_133436_892454120,-0.104043305
20241101_133437_899198674,-0.17443247
20241101_133438_156529327,-0.51710606
20241101_133438_399806559,-0.11407888
20241101_133438_654800176,-0.017155923
20241101_133438_894862701,-0.3315112
20241101_133439_147468205,-0.25875345
20241101_133439_396328290,-0.15118665
20241101_133439_648378311,0.007779943
20241101_133439_903490775,0.035225436
20241101_133440_142122204,0.14529376
20241101_133440_398587896,-0.08905895
20241101_133440_650469026,-0.09556147
20241101_133440_896566093,-0.10357394
20241101_133441_155123287,-0.039386712
20241101_133441_405338908,0.05212774
20241101_133441_657425042,-0.009492716
20241101_133442_149440753,-0.026582083
20241101_133442_407964335,-0.064182244
20241101_133442_643913736,0.19376743
20241101_133442_904236032,-0.060386732
20241101_133443_144807529,0.16819622
20241101_133443_394436682,0.33317763
20241101_133443_640965989,0.35834864
20241101_133443_892078985,1.8772953
20241101_133444_152475177,-0.43900448
20241101_133444_397644190,-0.30843303
20241101_133444_646850979,-0.27199045
20241101_133444_895268145,-0.31395975
20241101_133445_144151461,-0.39093608
20241101_133445_397501060,-0.48894462
20241101_133445_641438334,-0.5861856
20241101_133445_891400426,-0.69979763
20241101_133446_142596555,-0.28250912
20241101_133446_390176648,0.86436737
20241101_133446_642789279,0.1553049
20241101_133446_899767899,-0.037382983
20241101_133447_146060645,-0.832535
20241101_133447_400585328,-0.68507624
20241101_133447_649318431,-0.7668691
20241101_133447_911479198,-0.16557972
20241101_133448_158059342,-0.5127202
20241101_133448_397887090,-0.55915946
20241101_133448_649381361,-0.4651227
20241101_133448_906688265,-0.41828987
20241101_133449_142995988,-0.3832102
20241101_133449_396535605,-0.37491944
20241101_133449_643824402,-0.35589215
20241101_133449_894572196,-0.3718464
20241101_133450_143268477,-0.3226142
20241101_133450_387551217,-0.22547524
20241101_133450_644471917,-0.33157027
20241101_133451_150285503,-0.32591644
20241101_133451_397624428,-0.2677475
20241101_133451_648990160,-0.4865
20241101_133451_897020933,-0.51836383
20241101_133452_145218232,-0.43726373
20241101_133452_392129232,-0.16097762
20241101_133452_640111087,-0.11141061
20241101_133452_891219414,-0.0864326
20241101_133453_138746745,-0.5056772
20241101_133453_393764578,-0.2973031
20241101_133453_648418702,-0.40508273
20241101_133453_895859822,-0.32527027
20241101_133454_405368099,-0.31137213
20241101_133454_645627297,-0.2942878
20241101_133456_889308662,-0.3001402
20241101_133457_398326515,-0.23097025
20241101_133457_889757105,-0.29041046
20241101_133458_396169965,-0.29326823
20241101_133458_643332638,-0.432163
20241101_133459_143903359,-0.014452359
20241101_133459_403233019,0.28002486
20241101_133459_646127283,0.1446235
20241101_133459_893127784,0.47678354
20241101_133500_144266439,0.055649824
20241101_133500_396269854,0.036052056
20241101_133500_639858409,0.103261776
20241101_133500_904832080,0.07266948
20241101_133501_146426271,0.05133436
20241101_133501_395130130,-0.019214025
20241101_133501_653131380,-0.112234496
20241101_133501_910792201,-0.12102636
20241101_133502_157881461,0.014330277
20241101_133502_417468057,0.436564
20241101_133502_657135938,1.1122558
20241101_133502_915316499,1.5128822
20241101_133503_161888240,1.0347619
20241101_133503_400531649,0.2405356
20241101_133503_645108049,0.076477535
20241101_133503_899164337,0.13377176
20241101_133504_144941916,0.13812532
20241101_133504_650114599,0.15544917
20241101_133504_917036313,-0.13645153
20241101_133505_165307031,-0.1528685
20241101_133505_415928972,-0.15200283
20241101_133505_656556022,-0.4521734
20241101_133505_907574458,-0.15565895
20241101_133506_155523651,-0.21575643
20241101_133506_414795406,-0.16980542
20241101_133506_646737148,-0.14909934
20241101_133506_902859349,-0.1175903
20241101_133507_147706214,-0.09365346
20241101_133507_398860674,0.079159416
20241101_133507_641899357,0.050213046
20241101_133507_898044956,0.022731105
20241101_133508_148637213,0.00820283
20241101_133509_143087637,-0.075453185
20241101_133509_396095924,-0.1629376
20241101_133509_640701661,-0.07009079
20241101_133509_895310687,-0.07090586
20241101_133510_647817330,-0.1585619
20241101_133510_895774234,-0.13130315
20241101_133511_144148579,0.20588206
20241101_133511_642087290,0.057017572
20241101_133511_890208250,-0.06360691
20241101_133512_142401507,-0.06348767
20241101_133512_391697352,-0.107755475
20241101_133512_638695103,-0.095448785
20241101_133512_890511111,-0.122686975
20241101_133513_149052518,0.029554883
20241101_133513_401341085,-0.031373404
20241101_133513_643813882,0.029377917
20241101_133513_898535649,-0.17182322
20241101_133514_148817261,-0.050322257
20241101_133514_405955535,-0.07380956
20241101_133514_659306623,-0.039665453
20241101_133515_664203387,-0.07209631
20241101_133515_921317055,-0.06462937
20241101_133516_407595049,0.15437196
20241101_133516_652400483,-0.21472038
20241101_133516_895792053,0.03958229
20241101_133517_143268189,-0.0057689752
20241101_133517_394076646,0.02470673
20241101_133518_145263481,-0.17148472
20241101_133518_401297064,-0.560133
20241101_133518_648593637,-0.19106354
20241101_133518_898702920,-0.09099429
20241101_133519_163655350,-0.10383841
20241101_133519_411391681,-0.1415116
20241101_133520_148671836,-0.20589833
20241101_133520_399353747,-0.17288251
20241101_133520_644227747,-0.22036318
20241101_133520_899630473,0.05658648
20241101_133521_399368443,-1.1161875
20241101_133521_644492661,-0.2657141
20241101_133521_894425665,-0.33240592
20241101_133522_144092138,-0.3329476
20241101_133522_398342237,-0.2409295
20241101_133522_649052156,-0.30285516
20241101_133522_894025089,-0.5084762
20241101_133523_148306573,-0.46375194
20241101_133523_639968777,-1.0526618
20241101_133523_900473263,-1.0270756
20241101_133524_457453351,-0.58872074
20241101_133524_651882041,-0.8452557
20241101_133525_163892236,-1.2715045
20241101_133525_413244269,-0.83081585
20241101_133525_907562819,-1.0593727
20241101_133526_404279676,-0.6613628
20241101_133526_660225515,-1.2565093
20241101_133526_902529103,-0.88390964
20241101_133527_143064085,-0.824668
20241101_133527_392574787,-0.6792007
20241101_133527_644589876,-0.7054489
20241101_133527_896188577,-0.5339681
20241101_133528_139957198,-0.67972714
20241101_133528_395501660,-0.5074811
20241101_133528_639736107,-0.53224355
20241101_133528_890112301,-0.77292305
20241101_133529_139748817,-0.84292585
20241101_133529_643569972,-0.6262695
20241101_133529_890587146,-0.61997354
20241101_133530_135210121,-0.62168044
20241101_133530_390036891,-0.59011006
20241101_133530_640557268,-0.48786393
20241101_133530_895562225,-0.739194
20241101_133531_150267595,-0.6497151
20241101_133531_396395788,-0.1552263
20241101_133531_645332998,1.0828803
20241101_133531_898275439,0.3554555
20241101_133532_138355190,0.2337989
20241101_133532_390347563,0.18333124
20241101_133532_641890553,0.21681027
20241101_133532_891228797,0.20754819
20241101_133533_146416354,0.06485049
20241101_133533_394576674,0.10959027
20241101_133533_642799306,-0.0752007
20241101_133534_137361222,0.046439804
20241101_133534_389791373,0.1465921
20241101_133534_636453848,0.031586625
20241101_133534_889108241,0.06620733
20241101_133536_640926501,0.07140551
20241101_133536_886569716,0.33525774
20241101_133537_139916560,0.28287143
20241101_133537_390677872,0.22077255
20241101_133537_896031435,0.1463504
20241101_133538_144717737,-0.13102062
20241101_133538_393899022,-0.06626176
20241101_133538_639464035,-0.036916725
20241101_133538_894780505,0.038464762
20241101_133541_138215775,0.05172188
20241101_133541_388416263,0.13710047
20241101_133541_641114951,0.17883028
20241101_133541_893957849,0.080795236
20241101_133542_136797533,0.094764985
20241101_133543_403792339,0.07507191
20241101_133543_653447951,-0.022235205
20241101_133543_913543359,-0.14558388
20241101_133544_171180039,-0.041616313
20241101_133544_418564243,-0.043152623
20241101_133544_650888121,-0.2978221
20241101_133544_909924829,-0.3181478
20241101_133545_157598559,-0.17315923
20241101_133545_413036801,-0.07596298
20241101_133545_646745272,-0.112569265
20241101_133545_897767293,-0.13313417
20241101_133546_144086967,-0.117045484
20241101_133546_650317735,-0.079176985
20241101_133546_912742312,-0.025051376
20241101_133547_150501165,0.10019884
20241101_133547_400891749,0.15600206
20241101_133548_142059228,0.07166443
20241101_133548_399070436,0.06348584
20241101_133548_892904216,0.022554496
20241101_133549_897223591,0.665071
20241101_133550_145624092,0.19027592
20241101_133550_399652211,0.08471454
20241101_133551_141165136,0.2414306
20241101_133551_391163800,0.32191303
20241101_133551_641731111,0.0027235541
20241101_133551_895019417,-0.11615416
20241101_133552_138188203,-0.04874932
20241101_133552_389605332,0.039457895
20241101_133552_637548649,0.013418207
20241101_133552_889368263,-0.03713479
20241101_133553_136880450,-0.021600714
20241101_133553_390434047,-0.03258743
20241101_133553_890617782,-0.06254517
20241101_133554_391309812,-0.0658971
20241101_133555_391688897,-0.47572753
20241101_133555_645404092,-0.102746986
20241101_133555_896398593,0.05269561
20241101_133556_147419438,0.9209623
20241101_133556_392618058,0.103492044
20241101_133556_640008336,0.030974725
20241101_133556_907344172,-0.8022049
20241101_133557_162252852,-0.7002832
20241101_133557_410518550,-0.45116135
20241101_133557_653612617,-0.20416294
20241101_133557_895283025,-0.6727804
20241101_133558_142950412,-0.61674285
20241101_133558_396028605,-0.56962615
20241101_133558_648166295,-0.5191098
20241101_133558_897333474,-0.6321613
20241101_133559_143628839,-0.019941173
20241101_133559_395155063,-0.13669305
20241101_133559_646969777,0.06848735
20241101_133559_903565772,0.23446704
20241101_133600_156150492,0.019480804
20241101_133600_414625430,0.016782442
20241101_133600_665307782,-0.1656173
20241101_133600_900975410,-0.27274597
20241101_133601_146579946,-0.32034868
20241101_133601_407773864,-0.5521534
20241101_133601_653950545,-1.622547
20241101_133601_910706650,0.314607
20241101_133602_163991387,0.3105452
20241101_133602_414098411,0.187331
20241101_133602_656525749,0.22580896
20241101_133602_909145543,0.15930395
20241101_133603_154140277,0.21998532
20241101_133603_399246300,0.19190173
20241101_133603_652853645,0.14786975
20241101_133603_895745435,0.14700942
20241101_133604_138759636,0.18240671
20241101_133604_390076555,0.1652277
20241101_133604_640085084,0.1839901
20241101_133604_893398427,0.34304014
20241101_133605_401252674,1.4236114
20241101_133605_662021787,-0.5717619
20241101_133605_908891258,-0.060601674
20241101_133606_156562154,0.009538548
20241101_133606_404927554,0.10009297
20241101_133606_652586628,-0.16424672
20241101_133606_895393732,-0.12029352
20241101_133607_138686585,-0.2648615
20241101_133607_392299922,-1.3206221
20241101_133607_640670687,-1.1021652
20241101_133607_893554255,-0.5799368
20241101_133608_156374350,-0.6559068
20241101_133608_402525854,-0.7276333
20241101_133608_641752963,-0.7058363
20241101_133608_890888689,-0.60433924
20241101_133609_142957669,-0.57149106
20241101_133609_395560863,-0.079045266
20241101_133609_641137312,0.16107072
20241101_133609_892981804,0.09547698
20241101_133610_143355875,0.13103653
20241101_133610_398608862,0.14443529
20241101_133610_643086721,0.2233937
20241101_133610_901063316,0.15542512
20241101_133611_155462308,0.3953519
20241101_133611_401047730,0.60808897
20241101_133611_646678108,1.1397364
20241101_133611_896005398,0.3719518
20241101_133612_142785218,0.32862058
20241101_133612_390607968,0.32639027
20241101_133612_641177268,-0.02847155
20241101_133612_890957718,0.02967603
20241101_133613_142367945,0.02533696
20241101_133613_387165382,-0.054168455
20241101_133613_637685902,-0.041014723
20241101_133613_889922298,-0.101706885
20241101_133614_138322576,0.06779019
20241101_133614_406430676,0.069304265
20241101_133614_643609413,0.110701896
20241101_133614_899321817,-0.0016015377
20241101_133615_148114568,-0.014463624
20241101_133615_402627164,-0.14056514
20241101_133615_645438916,-0.1468619
20241101_133616_145875150,-0.12663092
20241101_133616_405331239,-0.13926737
20241101_133616_650356546,-0.07763829
20241101_133616_897409325,-0.088188194
20241101_133617_150496009,-0.060967766
20241101_133617_396729187,0.003900716
20241101_133617_646076795,-0.07716017
20241101_133617_894341465,-0.09864088
20241101_133618_148802463,-0.08993434
20241101_133618_392123473,-0.1262977
20241101_133618_645352184,-0.11422055
20241101_133619_397439216,-0.21921356
20241101_133619_643208134,-0.15293677
20241101_133619_893672203,0.10797695
20241101_133620_150866357,0.10799912
20241101_133620_395039379,0.1636958
20241101_133620_640097565,0.17988609
20241101_133620_888863055,0.17116614
20241101_133621_136053540,0.12035582
20241101_133621_385214587,0.14276876
20241101_133621_637378751,0.090097375
20241101_133621_889936103,0.06278799
20241101_133622_142077820,-0.00892522
20241101_133622_392469115,0.06724725
20241101_133622_642434534,-0.4092263
20241101_133622_906800353,0.31334502
20241101_133623_144009136,-0.20251562
20241101_133623_393955631,-0.3045997
20241101_133623_639002668,-0.267098
20241101_133623_891618998,-0.06926399
20241101_133624_422464419,-0.28466538
20241101_133624_640525341,-0.24634247
20241101_133625_391005484,-0.09494672
20241101_133625_650367159,-0.14997698
20241101_133625_905536041,-0.07346844
20241101_133626_163464271,-0.09230705
20241101_133626_405443397,-0.002906343
20241101_133626_655228583,0.099103145
20241101_133626_908533208,0.10324181
20241101_133627_407021649,-0.14728253
20241101_133627_661816645,-0.39469618
20241101_133627_901523853,-0.5326455
20241101_133628_395437787,-0.23892437
20241101_133628_638173849,-0.21867321
20241101_133628_888984881,-0.287978
20241101_133629_139274908,-0.37283084
20241101_133629_389520602,-0.23578717
20241101_133629_638357523,-0.23872192
20241101_133629_887360795,-0.24470298
20241101_133631_140020982,-0.2474779
20241101_133631_890996239,-0.32981366
20241101_133632_140142229,-0.31713778
20241101_133632_642826301,-0.20186053
20241101_133632_891106599,-0.25610492
20241101_133633_140554756,-0.31922272
20241101_133633_391174428,-0.25415868
20241101_133633_637819639,-0.2990035
20241101_133633_889778973,-0.29516935
20241101_133634_138588538,-0.4176685
20241101_133634_395294539,-0.28833374
20241101_133634_645592345,-0.3090254
20241101_133635_397191055,-0.29210922
20241101_133635_641452274,-0.284308
20241101_133635_893013506,-0.28613916
20241101_133636_141876177,-0.2066902
20241101_133636_405356237,0.60605913
20241101_133636_657310067,0.17351179
20241101_133636_907316084,0.26181963
20241101_133637_154007421,0.28012997
20241101_133637_400063136,0.27658728
20241101_133637_640976689,0.28930455
20241101_133638_138123152,0.30838588
20241101_133638_399243532,0.44181794
20241101_133638_643880182,0.51283956
20241101_133638_889464028,0.9209732
20241101_133639_140759548,1.5736703
20241101_133639_392901741,-0.5657806
20241101_133639_645449057,-0.26207158
20241101_133639_894386301,-0.3220909
20241101_133640_138244913,-0.37195012
20241101_133640_392793986,-0.4776265
20241101_133640_638549529,-0.5354172
20241101_133640_893628885,-0.48513034
20241101_133641_641956485,-0.6613398
20241101_133642_136922013,-0.39313957
20241101_133642_390700204,-0.25591952
20241101_133642_641909553,-0.39201584
20241101_133642_902535335,-0.2651967
20241101_133643_142663145,-0.35468817
20241101_133643_396111821,-0.14039679
20241101_133643_640995538,-0.13809665
20241101_133643_890648430,-0.17106958
20241101_133644_391643910,-0.1716014
20241101_133644_637409128,-0.20950778
20241101_133644_899884068,-0.1907471
20241101_133645_390381488,-0.20731242
20241101_133645_896287541,-0.21342073
20241101_133646_140478600,-0.24648638
20241101_133647_394484709,-0.15159906
20241101_133647_890963623,-0.22236253
20241101_133648_134598563,-0.27647808
20241101_133648_388786875,-0.36435315
20241101_133648_637346764,-0.31303307
20241101_133648_896993305,-0.39658102
20241101_133651_143798260,-0.3072299
20241101_133651_394759259,-0.17675914
20241101_133651_902658311,-0.27082142
20241101_133652_142858833,-0.27508974
20241101_133652_637269436,-0.30486128
20241101_133653_147273168,-0.26097146
20241101_133653_647969018,-0.24315573
20241101_133653_896829079,-0.2285756
20241101_133654_149672861,-0.015724739
20241101_133654_395866305,0.07589817
20241101_133654_888228065,0.036406733
20241101_133656_136254146,0.0023887549
20241101_133656_387889507,-0.041151457
20241101_133656_641707985,-0.04700371
20241101_133656_886517971,-0.058015965
20241101_133657_134981899,-0.07879459
20241101_133657_386580542,-0.07709154
20241101_133657_632657138,-0.26353124
20241101_133657_887328159,-0.26427522
20241101_133658_137657735,-0.43487653
20241101_133658_392079619,-0.29800102
20241101_133658_637311231,-0.2440926
20241101_133659_386686455,-0.26526043
20241101_133659_887447900,-0.23251493
20241101_133701_145141719,-0.28860256
20241101_133701_388992981,-0.2757631
20241101_133701_899135314,-0.3870941
20241101_133702_143922675,-0.37480518
20241101_133702_641406453,-0.2460757
20241101_133702_889239647,-0.13240136
20241101_133703_134152837,-0.63629687
20241101_133703_387030445,-0.16934176
20241101_133703_636215416,-0.12769587
20241101_133703_884362470,0.6580285
20241101_133704_137050210,-0.046324216
20241101_133704_387213901,0.05288998
20241101_133704_638062452,0.121653415
20241101_133704_885470728,-0.02667292
20241101_133705_134412881,0.035548814
20241101_133705_385157136,0.0051220153
20241101_133705_892772615,-0.007224193
20241101_133706_139462005,0.04493595
20241101_133706_393884389,-0.006301513
20241101_133706_638234629,-0.003145596
20241101_133707_134563997,-0.1976804
20241101_133707_396504571,-1.5688772
20241101_133707_653370820,0.067501046
20241101_133707_901718979,-0.031311892
20241101_133708_144278462,0.0001436267
20241101_133708_397186972,-0.04662957
20241101_133709_152351021,-0.049571417
20241101_133709_399607400,-0.12660219
20241101_133709_642944580,-0.093744956
20241101_133709_901933007,0.005201081
20241101_133710_154705984,0.008689025
20241101_133710_402652222,-0.011151275
20241101_133710_650451779,-0.07930162
20241101_133710_893547566,-0.10111114
20241101_133711_141317141,-0.05970552
20241101_133711_391328498,-0.058409654
20241101_133711_644367547,0.5011402
20241101_133711_893285908,0.5177476
20241101_133712_140261499,-0.013029816
20241101_133712_386235673,-0.8797903
20241101_133712_636362430,-0.76003677
20241101_133712_886776276,-0.61511207
20241101_133713_143594428,-0.5148912
20241101_133713_385532486,0.019991556
20241101_133713_636053533,-0.06147071
20241101_133713_888507613,0.561524
20241101_133714_135327373,0.5920053
20241101_133714_384863948,0.47592154
20241101_133715_149030439,0.82307065
20241101_133716_153919956,-0.043275498
20241101_133716_406404404,0.026108155
20241101_133716_647142099,0.0017287228
20241101_133716_889800886,-0.17472751
20241101_133717_138110589,-0.17448284
20241101_133717_389113069,-0.21384616
20241101_133717_647026951,-0.19106634
20241101_133717_896367335,-0.36766776
20241101_133718_140055606,-0.39744526
20241101_133718_387657912,-0.30784136
20241101_133718_644470371,-0.56588256
20241101_133718_918436301,-1.8485578
20241101_133719_163606091,-1.5262469
20241101_133719_406856628,0.49924585
20241101_133719_647533082,0.7913666
20241101_133719_894307909,0.51419705
20241101_133720_141793091,0.42408738
20241101_133720_391648348,0.21308784
20241101_133720_643889816,0.08148844
20241101_133720_890009786,0.11091862
20241101_133721_386921195,0.12909816
20241101_133721_638742351,0.17590247
20241101_133721_894419625,0.5199913
20241101_133722_139229482,0.4280412
20241101_133722_387735604,0.19781788
20241101_133722_634547964,0.2680437
20241101_133722_886690311,0.069197334
20241101_133723_388014703,-0.04711967
20241101_133723_640962677,0.050115146
20241101_133723_896956427,0.015660265
20241101_133724_142592687,0.37267622
20241101_133724_429922615,0.25599658
20241101_133724_644165867,-0.07050308
20241101_133724_894595315,-0.17547704
20241101_133725_141651111,-0.1191399
20241101_133725_390184200,-0.15138914
20241101_133725_639301876,-0.15583451
20241101_133725_886777606,-0.15462716
20241101_133726_137814284,-0.12701656
20241101_133726_389180916,-0.7906377
20241101_133726_641551509,-1.6516296
20241101_133726_894575012,-0.44903854
20241101_133727_143435441,-0.11331647
20241101_133727_394676580,-0.5152319
20241101_133727_648248828,-0.58593166
20241101_133727_895863580,-0.6336432
20241101_133728_138778356,-0.5037739
20241101_133728_388573068,-0.5224122
20241101_133729_134986977,-0.5176787
20241101_133729_386504869,-0.5182517
20241101_133729_634805546,-0.49735126
20241101_133729_885836579,-0.15003313
20241101_133730_133357021,-0.20891394
20241101_133730_885679704,-0.2966313
20241101_133731_144753663,-0.70058566
20241101_133731_395833951,-0.66442364
20241101_133731_640165126,-0.5561236
20241101_133731_887112821,-0.8422505
20241101_133732_141310856,-0.7286889
20241101_133732_384209038,-0.49896753
20241101_133732_637855573,-0.55606765
20241101_133732_894671735,-0.555481
20241101_133733_144936259,-0.8726321
20241101_133733_392767115,0.16179155
20241101_133733_643903314,0.030768203
20241101_133734_148138541,0.337471
20241101_133734_401145880,0.4029623
20241101_133734_653015708,0.38146618
20241101_133734_900101693,0.14129777
20241101_133735_141379271,0.15517753
20241101_133735_389929875,-0.052140802
20241101_133735_637182960,0.11764226
20241101_133735_885737150,0.13762014
20241101_133736_636513347,-0.028970798
20241101_133737_389823632,0.089889504
20241101_133737_636058288,0.09981982
20241101_133737_882729819,0.13854532
20241101_133738_133665520,0.09326806
20241101_133738_388336812,0.762093
20241101_133738_636995824,0.24104075
20241101_133738_897921705,0.17225425
20241101_133739_151199490,0.0033057127
20241101_133739_399300836,0.5202612
20241101_133739_640766640,2.0997427
20241101_133739_895258600,-0.08399522
20241101_133740_152819839,0.4268177
20241101_133740_400803617,0.36999166
20241101_133740_637537487,0.22613148
20241101_133740_882774128,0.13506888
20241101_133741_136541009,0.15251215
20241101_133741_634630852,0.13704678
20241101_133741_891047793,0.12089414
20241101_133742_149768724,0.11337916
20241101_133742_390087699,0.0705804
20241101_133742_888603723,0.06805346
20241101_133743_393662020,1.099724
20241101_133743_647741559,0.63642454
20241101_133743_902975575,0.61435205
20241101_133744_139988285,0.19683851
20241101_133744_398484446,0.29842052
20241101_133744_637584571,0.36788464
20241101_133744_889356697,0.85916287
20241101_133745_134741378,0.6657392
20241101_133745_386471074,0.06672744
20241101_133745_634131503,-0.047831528
20241101_133745_893373712,-0.09991803
20241101_133746_148348082,0.00839279
20241101_133746_392967493,0.16780956
20241101_133746_634824578,0.051407136
20241101_133747_133089441,0.061589338
20241101_133747_385073529,0.029757598
20241101_133747_634907956,-0.023005208
20241101_133748_392260059,0.02343283
20241101_133749_138532774,-0.00036807917
20241101_133749_400086526,-0.026006361
20241101_133749_636470363,-0.064058326
20241101_133749_896351775,-0.46309647
20241101_133750_136988422,-0.20610373
20241101_133750_891781204,-0.07246586
20241101_133751_139119185,0.098776795
20241101_133751_392523314,0.104108565
20241101_133751_902576810,-0.01723281
20241101_133752_145960898,-0.03680376
20241101_133752_400211350,-0.294658
20241101_133752_648986861,-0.16543157
20241101_133752_897570686,-0.20674364
20241101_133753_390668259,0.27460688
20241101_133753_642041395,0.0001665745
20241101_133753_894723950,0.014695564
20241101_133754_145802303,-0.14100851
20241101_133754_398938955,-0.055573784
20241101_133754_648581267,-0.17997904
20241101_133754_898197165,-0.1610019
20241101_133755_894328819,-0.08626618
20241101_133756_399727495,-0.04033061
20241101_133756_643509013,-0.051354848
20241101_133756_893709243,-0.062415026
20241101_133757_147934999,-0.029162606
20241101_133757_400653632,-0.023002049
20241101_133757_636418228,-0.02647086
20241101_133758_138354559,-0.029793223
20241101_133758_635947719,-0.052993678
20241101_133758_893107282,-0.17139281
20241101_133759_138253516,-0.19110401
20241101_133759_402920476,-0.07082506
20241101_133759_642047943,-0.12593268
20241101_133759_893302506,-0.11761447
20241101_133800_136030303,-0.09802713
20241101_133800_388828319,-0.053850196
20241101_133800_639643048,-0.019479414
20241101_133800_888518221,0.0047293697
20241101_133801_390663250,-0.025609812
20241101_133801_641368451,0.000784019
20241101_133801_897266931,-0.0011633243
20241101_133802_397948472,0.097376205
20241101_133802_648565697,0.05252067
20241101_133802_900190090,-0.249465
20241101_133803_157170802,0.05689746
20241101_133803_402851789,1.3342279
20241101_133803_656001591,0.80138105
20241101_133803_907371760,0.7536953
20241101_133804_168039641,0.52308804
20241101_133804_418294332,-0.13176526
20241101_133804_665830007,-1.1153951
20241101_133804_914400435,-1.3311523
20241101_133805_151146507,0.8448014
20241101_133805_396168220,1.1285609
20241101_133805_650373850,0.8024955
20241101_133806_395522399,0.60925806
20241101_133806_645417469,0.6192432
20241101_133806_896612358,0.11831651
20241101_133807_146033540,0.16113274
20241101_133807_395707025,0.17671035
20241101_133807_641306933,0.4620066
20241101_133807_897495303,0.37615493
20241101_133808_144531361,0.51618457
20241101_133808_398100259,0.8786946
20241101_133808_644726771,0.50607497
20241101_133808_895485809,0.3464292
20241101_133809_396774527,0.22019182
20241101_133809_883303470,0.22249775
20241101_133810_131623503,0.26910916
20241101_133810_385215035,0.21259637
20241101_133810_632764521,0.23098888
20241101_133810_887640276,-0.03938117
20241101_133811_139438279,-0.081752144
20241101_133811_388593688,-0.035453938
20241101_133811_636340230,0.047639884
20241101_133811_888530821,0.039652802
20241101_133812_898326274,0.25236413
20241101_133813_142611996,0.25172392
20241101_133813_392570218,1.1555924
20241101_133813_639795629,-0.69675136
20241101_133813_898981731,-0.07089459
20241101_133814_148862997,0.1365601
20241101_133814_406535142,0.1709445
20241101_133814_655780319,0.52102965
20241101_133814_902379557,0.37424976
20241101_133815_143247537,0.78117466
20241101_133816_397725565,0.3495335
20241101_133816_646999223,0.76964587
20241101_133816_892830138,0.46718383
20241101_133817_140794987,0.72389114
20241101_133817_390618342,0.37051117
20241101_133817_887390909,0.31094182
20241101_133818_140793440,0.14442877
20241101_133818_637085946,0.58622134
20241101_133818_884524493,1.3673407
20241101_133819_137791819,0.5904063
20241101_133819_400651663,0.2967421
20241101_133819_636559035,-0.022627559
20241101_133820_635563628,0.010867158
20241101_133820_884474879,0.013408342
20241101_133821_891498525,-0.011281511
20241101_133822_151550008,0.011839071
20241101_133822_394432520,0.03407953
20241101_133822_636717360,0.011195997
20241101_133823_135000453,-0.25354224
20241101_133823_382599546,-0.0052513015
20241101_133823_645191097,-0.21750577
20241101_133823_882399939,-0.15397942
20241101_133824_139840208,0.4024502
20241101_133824_424699486,0.33843097
20241101_133824_641430790,0.13391289
20241101_133825_399761258,0.07776982
20241101_133825_644744262,0.11193804
20241101_133825_898641017,0.13122015
20241101_133826_887290143,-0.06859984
20241101_133827_141288867,-0.014062783
20241101_133827_398116769,-1.1272596
20241101_133827_640547944,-0.49343732
20241101_133827_898848049,0.018728608
20241101_133828_139972281,0.014651397
20241101_133828_390336017,-0.064439945
20241101_133829_138667102,-0.07862326
20241101_133829_396167913,-0.34124324
20241101_133829_639979332,-0.019944208
20241101_133829_885351018,-0.051766597
20241101_133830_134791983,-0.039986752
20241101_133830_905472121,-0.099802874
20241101_133831_148216814,-0.60367143
20241101_133831_393988317,-0.63058656
20241101_133831_891316570,-0.69682705
20241101_133832_387943178,-0.8651009
20241101_133832_651800161,0.69076407
20241101_133832_911104406,-0.20145805
20241101_133833_173590377,-0.20077313
20241101_133833_414002511,-0.5958033
20241101_133833_656363214,-0.33701524
20241101_133833_915741995,-0.3336068
20241101_133834_161505205,-0.30775094
20241101_133834_418275781,-0.36864796
20241101_133834_650851734,-0.30875823
20241101_133834_896725324,-0.23592891
20241101_133835_146873533,0.05781617
20241101_133835_405991827,0.07311601
20241101_133835_902417300,0.19420314
20241101_133836_141983979,0.15075861
20241101_133836_396273405,0.5124179
20241101_133836_644814875,0.49415448
20241101_133837_143364074,0.107963
20241101_133837_392957043,0.0629515
20241101_133837_639848189,-0.078805946
20241101_133837_892584046,-0.18260847
20241101_133838_138916218,-0.28085658
20241101_133839_138125239,-0.0736564
20241101_133839_387266016,-0.017344436
20241101_133841_132032367,0.0104889665
20241101_133841_383330483,0.32471254
20241101_133841_635602644,0.21929733
20241101_133842_139584274,0.31964493
20241101_133842_391291112,0.3428771
20241101_133842_638528847,-0.06738939
20241101_133842_891740040,0.7237226
20241101_133843_150104408,0.42956427
20241101_133843_396827002,-0.09948638
20241101_133843_890770477,-0.13246502
20241101_133844_134863844,-0.04302766
20241101_133845_383983516,-0.055421256
20241101_133845_634187162,-0.21822973
20241101_133845_890101950,-0.5493651
20241101_133846_137332254,-0.07029941
20241101_133846_394032534,-0.70656914
20241101_133846_638214972,-0.05853679
20241101_133846_888837614,-0.013041338
20241101_133847_133363237,-0.003453454
20241101_133847_380557292,-0.020952364
20241101_133847_633590773,-0.021714231
20241101_133848_636895404,-0.2780254
20241101_133848_890173100,0.08093492
20241101_133849_139897825,0.20675986
20241101_133849_399019760,0.043994404
20241101_133849_637393044,0.031490423
20241101_133849_892339714,0.057144143
20241101_133851_386397169,-0.104611
20241101_133851_639055076,0.3006741
20241101_133851_888312021,-0.03860774
20241101_133852_145026691,-0.05902817
20241101_133852_396960377,-0.18460126
20241101_133852_632578160,-0.17182373
20241101_133852_885160843,-0.0967802
20241101_133853_132570479,0.099731795
20241101_133853_384601946,0.4857988
20241101_133853_646175687,0.50650936
20241101_133853_885581299,0.07525275
20241101_133854_133879234,-0.11810189
20241101_133854_387780202,0.02373747
20241101_133854_637958075,0.20127256
20241101_133854_886990193,-0.15242015
20241101_133855_134562033,-0.18972369
20241101_133855_390390993,-0.12297141
20241101_133855_635054601,-0.26850387
20241101_133855_882917077,-0.12945797
20241101_133856_131359316,-0.11553516
20241101_133856_382415619,0.13556558
20241101_133856_641666319,0.14387093
20241101_133856_897973120,-0.024865767
20241101_133857_141865601,0.2846904
20241101_133857_391285158,0.50793535
20241101_133857_638983377,0.73380136
20241101_133857_899698840,0.3678276
20241101_133858_392109527,0.34215492
20241101_133858_903303383,1.1906474
20241101_133859_141126944,0.4231973
20241101_133859_395745838,0.08961589
20241101_133859_634576514,0.07464055
20241101_133859_894305358,-0.19484027
20241101_133900_141433517,-0.22067825
20241101_133900_404101120,-0.2467507
20241101_133900_646318221,-0.17924924
20241101_133900_894638265,-0.12237116
20241101_133901_142033579,0.018155137
20241101_133901_394931805,-0.093582
20241101_133901_650580031,0.006801108
20241101_133901_897841234,-0.10246851
20241101_133902_140916133,-0.1321028
20241101_133902_386217206,0.057028383
20241101_133903_145809219,0.026729206
20241101_133903_390583940,-0.0149195995
20241101_133904_130111068,0.11941265
20241101_133904_392598846,0.28011188
20241101_133904_885794426,0.09702246
20241101_133905_136458740,0.09222589
20241101_133906_887736364,0.028598586
20241101_133907_145071602,0.24765234
20241101_133907_400729847,0.36281523
20241101_133907_654066723,0.39891326
20241101_133907_899479903,0.34858933
20241101_133908_389983298,0.2542278
20241101_133908_640835306,0.12751614
20241101_133908_886668784,0.06701062
20241101_133909_397291817,0.11880807
20241101_133910_134503547,0.17141221
20241101_133910_636480510,0.6087974
20241101_133910_888297653,0.45687827
20241101_133911_640072941,1.1759434
20241101_133911_895506962,1.8766233
20241101_133912_143443813,-0.44152063
20241101_133912_388047470,0.023444878
20241101_133912_641769724,-0.5194778
20241101_133912_894309866,-0.42165095
20241101_133913_143105613,-0.4780785
20241101_133913_386325247,-0.2083497
20241101_133913_631190306,-0.59825057
20241101_133913_883171084,0.5178035
20241101_133914_131930689,0.743038
20241101_133914_386791007,0.5916568
20241101_133914_639204575,0.21756403
20241101_133914_888904355,0.101611175
20241101_133915_139791215,-0.0689046
20241101_133915_393754459,0.04658977
20241101_133916_636155421,0.054253913
20241101_133917_132441239,-0.12313815
20241101_133917_383394027,-0.040811203
20241101_133917_632944647,-0.037481748
20241101_133918_132581938,-0.20687594
20241101_133918_395823721,-0.14392729
20241101_133918_882351964,-0.14459689
20241101_133919_398987900,-0.15111776
20241101_133921_134690926,-0.13109131
20241101_133922_140510907,-0.15572603
20241101_133922_390086755,-0.16568579
20241101_133923_646006421,-0.26118156
20241101_133923_890485366,-0.22807331
20241101_133925_131859912,-0.15016602
20241101_133925_631845779,-0.1570759
20241101_133926_383854739,-0.19225429
20241101_133926_633807762,-0.30988848
20241101_133926_888575961,-0.49473011
20241101_133927_132150426,-0.8480773
20241101_133927_384004476,0.10492671
20241101_133927_643468825,-0.0035692658
20241101_133927_889534464,-0.03838005
20241101_133928_393125099,-0.021509727
20241101_133928_636405057,-0.07017311
20241101_133928_887537286,-0.030937573
20241101_133929_133760136,-0.051473282
20241101_133929_395283656,-0.020310244
20241101_133929_635428050,-0.0071735587
20241101_133929_884218922,-0.0030573811
20241101_133930_382703075,7.245876e-05
20241101_133930_888376836,0.00040093996
20241101_133931_145557143,-0.15809883
20241101_133931_399530446,-0.12497213
20241101_133931_661271318,-0.07623782
20241101_133931_899000406,-0.10378101
20241101_133932_141670555,-0.076713584
20241101_133932_394523017,-0.06158998
20241101_133932_636588562,-0.05151596
20241101_133932_885114269,-0.048961006
20241101_133933_146784640,-0.06312599
20241101_133933_385970294,-0.19494988
20241101_133933_637073426,-0.13801153
20241101_133933_891600260,-0.09151723
20241101_133934_138973980,-0.16108562
20241101_133934_400797628,-0.77663755
20241101_133934_639603070,-0.7804193
20241101_133934_886336556,-0.3882832
20241101_133935_133864237,-0.19345081
20241101_133935_383450387,0.0014492888
20241101_133935_635640046,-2.816413
20241101_133935_899671406,0.092598796
20241101_133936_135297423,-0.0060010757
20241101_133936_390159073,0.15893386
20241101_133936_641912651,0.13350634
20241101_133936_893943920,-0.04236164
20241101_133937_133908994,0.074326314
20241101_133937_386152215,0.049082257
20241101_133937_633501894,-0.015723366
20241101_133937_884588931,0.030543895
20241101_133938_884275778,0.11750705
20241101_133939_129035250,0.30076027
20241101_133939_381023186,0.2206838
20241101_133939_634256307,0.65454465
20241101_133939_891155657,0.5435762
20241101_133940_882857775,0.29960853
20241101_133941_131918170,0.2854172
20241101_133941_384115621,0.26398835
20241101_133941_628796339,0.21844591
20241101_133941_880709539,0.23350035
20241101_133942_380229907,-0.06839701
20241101_133942_638264227,0.2104501
20241101_133942_891115940,0.37027374
20241101_133943_132754741,0.4683291
20241101_133943_389935868,0.27568448
20241101_133943_635800751,0.7893626
20241101_133943_887449180,1.2337146
20241101_133944_137883857,0.87790155
20241101_133944_387597260,0.24888258
20241101_133944_634525848,-0.56379104
20241101_133944_884561116,-0.48402378
20241101_133945_133981468,-0.38827232
20241101_133945_383397183,-0.49988744
20241101_133945_630800017,-0.65820426
20241101_133945_882922197,-0.36586657
20241101_133946_133462815,0.5723663
20241101_133946_385847047,0.3257098
20241101_133946_631444469,0.45647255
20241101_133946_886331810,0.5180612
20241101_133947_381601768,0.52778363
20241101_133947_629111782,0.49011615
20241101_133949_636441050,0.6117033
20241101_133949_889018466,0.53418314
20241101_133950_132383027,0.6973807
20241101_133950_380433593,0.35306594
20241101_133950_630877766,0.41286787
20241101_133951_133869981,0.44516805
20241101_133951_384205405,0.98985523
20241101_133951_638214398,0.38435844
20241101_133951_891047535,-0.024744412
20241101_133952_141742811,-0.06187328
20241101_133952_634851157,-0.032055102
20241101_133952_882841420,-0.017668327
20241101_133953_132533494,-0.18892111
20241101_133953_390788153,-0.40556458
20241101_133953_640354878,-1.3684362
20241101_133953_895578687,-0.729181
20241101_133954_140915835,-0.2576075
20241101_133954_388656963,-0.19575906
20241101_133954_634003142,-0.41613874
20241101_133954_887980336,-0.316012
20241101_133955_138312110,-0.3777762
20241101_133955_397535263,-0.40571225
20241101_133955_639610565,-0.8987879
20241101_133955_894288663,-0.44325987
20241101_133956_133424495,-0.3452051
20241101_133956_382805672,-0.13938911
20241101_133956_631734804,-0.18945111
20241101_133956_890920889,-0.49054813
20241101_133957_142315670,-0.42578048
20241101_133957_394763042,-0.13374993
20241101_133957_638832821,0.3802211
20241101_133957_890838147,0.5495195
20241101_133958_136216312,0.2222321
20241101_133958_395027484,0.18452384
20241101_133958_638111579,-0.2538977
20241101_133958_900042472,-0.092585735
20241101_133959_401814710,-0.04105731
20241101_133959_642667173,-0.03918328
20241101_134000_399260679,-0.26655158
20241101_134000_650483528,-0.8759935
20241101_134000_898281453,-1.0877746
20241101_134001_148741821,-0.60013217
20241101_134001_394131478,-1.0367106
20241101_134001_642058684,-0.96514136
20241101_134001_890263853,-0.8995077
20241101_134002_133787578,-0.73033196
20241101_134002_387651911,-0.70722437
20241101_134002_643714700,-0.6386546
20241101_134003_155598200,-0.6665677
20241101_134003_398219441,-0.3221944
20241101_134003_645235650,-0.7373727
20241101_134003_902399838,-0.67720985
20241101_134004_402305804,-0.6472913
20241101_134004_642344897,-0.26460075
20241101_134004_899005645,0.06626945
20241101_134005_141330350,0.20707323
20241101_134005_404181295,0.09141747
20241101_134006_651782026,0.042845912
20241101_134007_641567564,-0.065662436
20241101_134007_896731586,-0.24934639
20241101_134008_146240605,-0.25678498
20241101_134008_390569905,-0.20130797
20241101_134008_636997332,-0.6609889
20241101_134008_889236247,-0.47649038
20241101_134009_142763149,-0.36351857
20241101_134009_396638287,-0.70733637
20241101_134009_637477366,-0.02941241
20241101_134009_887040789,0.13549557
20241101_134010_140610523,-0.06965873
20241101_134010_392937685,0.15028922
20241101_134010_638611059,0.0961191
20241101_134010_892170854,0.043005206
20241101_134011_137898628,0.03834585
20241101_134011_387818282,0.121403374
20241101_134011_635278093,0.056829907
20241101_134011_892163025,0.06706122
20241101_134012_135484220,0.14897047
20241101_134012_385501347,0.31084955
20241101_134012_634566950,0.25056395
20241101_134012_887121604,0.16908209
20241101_134013_138819380,0.18052776
20241101_134013_385528975,0.2538886
20241101_134013_633849573,0.033687808
20241101_134013_883874070,0.076769866
20241101_134014_131913536,-0.027776828
20241101_134014_384233262,0.05015398
20241101_134014_632789166,0.040962078
20241101_134014_885981181,0.056469716
20241101_134017_630817854,0.020838598
20241101_134017_886027741,0.059075095
20241101_134018_131064138,0.058654524
20241101_134018_386426433,0.030142376
20241101_134018_633900127,-0.0013269391
20241101_134018_885328690,-0.011073282
20241101_134019_136490620,0.025232116
20241101_134019_385899440,0.017591903
20241101_134019_887158760,0.011776248
20241101_134020_134732968,0.02600635
20241101_134020_387346816,0.016992131
20241101_134020_882605008,0.013694385
20241101_134021_382174288,0.13952442
20241101_134021_887265959,0.1376471
20241101_134022_135035872,0.13020475
20241101_134022_382177738,0.11434553
20241101_134022_630034782,0.11983649
20241101_134022_885374533,0.097400434
20241101_134023_134079424,0.042230703
20241101_134023_385226245,0.054977037
20241101_134023_886316548,0.12740587
20241101_134024_139126831,0.07583622
20241101_134024_422725709,0.10368786
20241101_134024_644246436,0.13186131
20241101_134024_896795864,0.15648289
20241101_134025_391305846,0.086468495
20241101_134025_634103896,0.08051703
20241101_134025_890507192,0.06544385
20241101_134026_141438891,0.05491186
20241101_134026_391266539,0.03127653
20241101_134026_888874767,0.05317787
20241101_134027_641044904,0.0716039
20241101_134027_890534579,0.082651325
20241101_134028_144763392,-0.0046900418
20241101_134028_393072429,0.010275612
20241101_134028_646503010,0.017113844
20241101_134030_133341258,0.018305162
20241101_134030_886397787,0.0063170586
20241101_134031_147235410,-0.018009594
20241101_134031_394446748,-0.024924865
20241101_134031_636717446,-0.029516986
20241101_134031_887937064,0.0012672935
20241101_134032_138349305,0.052742183
20241101_134032_391392575,0.13013776
20241101_134032_636272865,0.121881105
20241101_134032_894929600,0.11440159
20241101_134033_137561285,0.08208317
20241101_134033_384837508,0.08293117
20241101_134033_636468573,0.07627062
20241101_134033_902590521,0.04248444
20241101_134034_140784124,0.036907025
20241101_134034_387332367,-0.43695983
20241101_134034_647571339,-0.1981286
20241101_134034_893901190,-0.10056447
20241101_134035_132533485,-0.15308298
20241101_134035_380332327,-0.14404272
20241101_134035_629947677,-0.15579902
20241101_134036_386470811,-0.2923507
20241101_134036_630461687,-0.4812299
20241101_134036_880717311,-0.6356742
20241101_134037_129808177,-0.37611088
20241101_134037_383165255,-0.27936417
20241101_134037_630040456,-0.2214102
20241101_134037_888958778,-0.1300891
20241101_134038_141432339,-0.04863002
20241101_134038_392766619,-0.055400215
20241101_134039_132504252,-0.07097759
20241101_134040_134876094,0.13139804
20241101_134040_389446117,0.13522814
20241101_134041_146285956,-0.19564171
20241101_134042_388096024,-0.13222335
20241101_134043_636826320,-0.07271298
20241101_134043_888530517,-0.061273716
20241101_134044_639350016,-0.0048645046
20241101_134044_897153430,-0.19084914
20241101_134045_144891370,-0.106494
20241101_134045_636889315,-0.05866664
20241101_134045_884195159,-0.001061162
20241101_134046_134306449,-0.0059275534
20241101_134046_385641306,-0.2014222
20241101_134046_635557539,-0.109335266
20241101_134046_883285101,-0.08013665
20241101_134047_131859139,-0.075819574
20241101_134047_883483633,-0.08147251
20241101_134048_142697344,-0.10632237
20241101_134048_386058360,-0.10878929
20241101_134049_635308707,-0.10766848
20241101_134049_892639115,-0.08258753
20241101_134050_881951965,-0.091774665
20241101_134051_388968401,-0.08702766
20241101_134051_634735446,-0.0738857
20241101_134052_882956613,-0.06333115
20241101_134053_129426846,-0.10070913
20241101_134053_381364647,-0.14258097
20241101_134053_631547816,-0.105061255
20241101_134053_884712508,-0.18438788
20241101_134054_639185015,-0.13603108
20241101_134054_885297061,-0.12496721
20241101_134056_130554306,-0.19040199
20241101_134056_382876428,-0.14373614
20241101_134056_631318703,-0.1314602
20241101_134057_397122064,-0.1097646
20241101_134057_647107221,-0.35668722
20241101_134057_893486277,-0.6128815
20241101_134058_138777642,-1.4310044
20241101_134058_397590301,-3.0414085
20241101_134058_655801805,0.25358763
20241101_134058_903995982,-0.32267883
20241101_134059_144437584,-0.30598274
20241101_134059_391456847,0.045820482
20241101_134059_637307430,0.27753592
20241101_134059_888158191,0.15231608
20241101_134100_136501068,0.041605033
20241101_134100_386259271,0.07860843
20241101_134100_635854011,0.15804504
20241101_134100_887553067,0.21341501
20241101_134101_137738565,0.07450638
20241101_134101_391146017,0.03051106
20241101_134101_633305110,0.43261513
20241101_134101_888407938,0.3202959
20241101_134102_138029689,0.67838997
20241101_134102_395036423,1.0852957
20241101_134102_647996695,0.6552482
20241101_134102_903830752,0.44946495
20241101_134103_392079810,0.26974648
20241101_134103_644245571,0.59829485
20241101_134103_901011320,0.30253622
20241101_134104_149113499,0.18954645
20241101_134104_400043266,0.11784283
20241101_134104_638446533,0.15645038
20241101_134104_891414415,0.12950079
20241101_134105_392401788,0.14064316
20241101_134105_634659949,0.20909695
20241101_134105_892637704,-0.12643243
20241101_134106_142237452,-0.18931784
20241101_134106_391172453,0.12814313
20241101_134106_633340122,0.13522674
20241101_134106_881790800,0.029712895
20241101_134107_133734925,-0.044120513
20241101_134107_386307177,-0.18725969
20241101_134107_886015865,-0.09558787
20241101_134108_135852440,-0.05689802
20241101_134108_384968321,-0.41697064
20241101_134108_630963288,-0.1887158
20241101_134108_881377317,-0.13861676
20241101_134109_385610485,-0.13548563
20241101_134109_630244522,-0.1846693
20241101_134109_878098568,-0.18714868
20241101_134110_129366278,-0.015563985
20241101_134110_386295276,-0.04242321
20241101_134110_634733785,-0.31130305
20241101_134110_885805374,-0.15190978
20241101_134111_385574280,-0.10803517
20241101_134111_640406852,-0.027403971
20241101_134111_890158184,-0.066512786
20241101_134112_631992269,-0.2001477
20241101_134112_881177873,-0.15921278
20241101_134113_133924882,-0.59759337
20241101_134113_383806996,-0.30124247
20241101_134113_633795011,-0.2735507
20241101_134113_886570178,-0.45233408
20241101_134114_134595109,-0.23120178
20241101_134114_385238624,-0.26922238
20241101_134114_634465777,-0.25365824
20241101_134114_890364367,-0.33677074
20241101_134115_146469616,-0.2627235
20241101_134115_646505208,-0.9937523
20241101_134115_891825828,-1.3790399
20241101_134116_139971324,-0.77055126
20241101_134116_391603568,-0.70441794
20241101_134116_887131812,-0.5062625
20241101_134117_382407212,-0.93689096
20241101_134117_629663925,-0.78678256
20241101_134117_884391073,-0.55216825
20241101_134118_138042472,-0.38393825
20241101_134118_390056570,-0.08959967
20241101_134118_639703217,-0.017841598
20241101_134118_893638563,-0.111581616
20241101_134119_138825879,-0.12386172
20241101_134119_895031406,-0.104506455
20241101_134120_142676876,-0.098103754
20241101_134121_641981541,-0.12308871
20241101_134121_884252039,-0.29142052
20241101_134122_132881508,-0.47269723
20241101_134122_389953534,-0.8491076
20241101_134122_637343334,-0.58068
20241101_134123_136598151,-0.48763296
20241101_134123_389175113,-0.1981489
20241101_134123_884341673,-0.26361817
20241101_134124_633574528,-0.44622436
20241101_134124_890677631,0.35093966
20241101_134125_139755086,0.37165308
20241101_134125_389045279,0.44848996
20241101_134125_637515539,0.6924555
20241101_134125_892113186,0.53395635
20241101_134126_133886956,0.61841494
20241101_134126_380812698,0.058452226
20241101_134126_628179475,0.04093323
20241101_134126_880394425,0.15453936
20241101_134127_129279386,0.3677703
20241101_134127_385254416,0.25975853
20241101_134128_387866541,0.27796105
20241101_134128_633404360,0.2718176
20241101_134129_628446888,0.17675404
20241101_134130_134696441,0.21101917
20241101_134130_388676120,0.30598658
20241101_134130_636278297,0.79081625
20241101_134130_883810005,0.66174364
20241101_134131_135038171,0.35666776
20241101_134131_386770283,0.17241545
20241101_134131_633043306,0.19250573
20241101_134131_881311304,0.22463213
20241101_134132_130887838,0.23249443
20241101_134132_381157503,0.1718951
20241101_134132_629953684,0.18566518
20241101_134132_878699729,0.20106362
20241101_134133_132350434,0.13250892
20241101_134133_385070836,0.2087095
20241101_134133_881302424,0.23178782
20241101_134134_140172793,0.23587506
20241101_134134_382571340,0.33616304
20241101_134134_633845467,0.55392295
20241101_134134_888700149,1.0784913
20241101_134135_142192078,1.5051291
20241101_134135_391334879,-0.09104818
20241101_134135_670559330,0.05679795
20241101_134135_925502168,0.15288848
20241101_134136_162386907,0.04573045
20241101_134136_653121029,0.037464716
20241101_134136_903156163,-0.05375304
20241101_134137_152472764,-0.22606845
20241101_134137_397784921,-0.1513307
20241101_134137_638066233,-0.13629557
20241101_134137_887643662,-0.119508676
20241101_134138_395949017,-0.13268723
20241101_134138_892518779,-0.12036791
20241101_134139_387091269,-0.13328625
20241101_134139_636996579,-0.27551022
20241101_134139_887954005,-0.16636665
20241101_134140_134754334,-0.15133084
20241101_134140_386061524,-0.14292206
20241101_134141_140563212,-0.15207614
20241101_134141_387712749,-0.142182
20241101_134141_633994259,-0.14079742
20241101_134141_888975179,-0.14558603
20241101_134142_140416359,-0.14328144
20241101_134142_389520414,-0.13751976
20241101_134142_639447432,0.053443648
20241101_134142_888148271,0.08471095
20241101_134143_134549987,0.0494102
20241101_134143_388493369,0.16573633
20241101_134143_644801005,0.3938428
20241101_134143_900509075,0.14595236
20241101_134144_165432592,1.0412669
20241101_134144_411036544,0.23215173
20241101_134144_648699121,0.23159741
20241101_134144_904242047,0.1122018
20241101_134145_138080023,-0.014843663
20241101_134145_388446097,0.0490785
20241101_134145_635310470,-0.023777923
20241101_134145_883461512,0.009333471
20241101_134146_135913350,0.10380641
20241101_134146_390388433,0.13890694
20241101_134146_638866142,0.12346027
20241101_134146_891471162,-0.5072957
20241101_134147_147442463,-0.21591835
20241101_134147_399198835,-0.16369966
20241101_134147_652990247,0.2044532
20241101_134147_899469999,0.07749017
20241101_134148_150313486,0.016036538
20241101_134148_399738231,-0.057829164
20241101_134148_639485186,-0.00215598
20241101_134148_890628993,-0.0009936299
20241101_134149_143541236,0.007170776
20241101_134149_392267985,-0.00229319
20241101_134149_649665372,-0.009156784
20241101_134149_895611611,-0.012726387
20241101_134150_140295605,-0.04061254
20241101_134150_384865513,-0.0024109986
20241101_134150_633401467,-0.0038365927
20241101_134150_895167860,0.032464422
20241101_134151_143444233,0.018642703
20241101_134151_395403760,0.053892232
20241101_134151_639071154,0.006434599
20241101_134151_889030450,0.024755696
20241101_134152_144063800,0.023211459
20241101_134152_407162580,-0.053684376
20241101_134152_658888261,-0.041704915
20241101_134152_897699932,-0.03638395
20241101_134153_388342906,-0.011437556
20241101_134153_634924305,0.027111212
20241101_134153_884088039,0.022227684
20241101_134154_134231079,0.029503206
20241101_134154_380161031,-0.03006198
20241101_134154_642126756,-0.08034774
20241101_134154_891653117,-0.38022017
20241101_134155_134524853,-0.40544742
20241101_134155_388151787,-0.19573973
20241101_134155_644932461,-0.20232664
20241101_134155_889116348,-0.29806894
20241101_134156_143037466,-0.30175385
20241101_134156_384528158,-0.14643385
20241101_134156_629812766,0.0071269628
20241101_134156_880829766,0.31916496
20241101_134157_138321664,-0.0989662
20241101_134157_386342411,-0.12656413
20241101_134157_635658730,-0.08713051
20241101_134157_883882945,-0.05033096
20241101_134158_383357261,-0.039306603
20241101_134158_633573855,-0.07983091
20241101_134158_882707700,-0.08548384
20241101_134159_139465896,-0.08134695
20241101_134159_388758342,-0.0578812
20241101_134200_137754840,-0.15212761
20241101_134201_141560717,-0.6698063
20241101_134201_402050948,-0.8782218
20241101_134201_646693663,0.5916436
20241101_134201_902807392,0.467403
20241101_134202_143065071,0.45950794
20241101_134202_396334069,0.1613097
20241101_134202_643019986,0.22415112
20241101_134202_899943728,0.2986612
20241101_134203_133709184,0.2890986
20241101_134203_383855751,0.64783186
20241101_134204_133894981,0.5252
20241101_134204_379605687,0.72628313
20241101_134204_880574683,0.49003795
20241101_134205_130615939,0.5764499
20241101_134205_380957804,0.45445395
20241101_134205_634393186,0.24819519
20241101_134205_882328452,0.09880573
20241101_134206_130883860,0.23126353
20241101_134206_383733187,0.6570461
20241101_134206_630385300,0.54139864
20241101_134206_879948025,0.15778641
20241101_134207_136605566,0.24463935
20241101_134207_386427146,0.14295958
20241101_134207_629594850,0.25898746
20241101_134207_881376390,0.14265876
20241101_134208_129844626,0.52498764
20241101_134208_381778744,0.6551156
20241101_134208_881513996,0.46876836
20241101_134209_130911208,0.47921553
20241101_134209_381007082,0.33194774
20241101_134209_887482068,0.3583663
20241101_134210_132070679,0.37127858
20241101_134210_389086574,0.2888938
20241101_134210_877118686,0.34912664
20241101_134211_128132184,0.36955613
20241101_134211_378140716,0.38531047
20241101_134211_879900400,0.5462072
20241101_134212_376729906,0.43529722
20241101_134212_888973346,0.5022325
20241101_134213_387832645,0.4129132
20241101_134213_634466383,0.260395
20241101_134213_887762542,-0.38260213
20241101_134214_138477486,-0.35915035
20241101_134214_382274196,-0.22095153
20241101_134214_630744776,-0.10393133
20241101_134214_882278486,-0.16021486
20241101_134215_137477576,-0.67197955
20241101_134215_393482276,0.46065298
20241101_134215_636997253,0.3133917
20241101_134215_888511897,0.36128616
20241101_134216_134161881,0.20676999
20241101_134216_392574021,0.52572715
20241101_134217_134896462,0.4225658
20241101_134217_382341909,0.54469264
20241101_134217_629653923,0.5236728
20241101_134217_879735585,0.4656949
20241101_134218_885570216,0.47211736
20241101_134219_139419385,0.39254093
20241101_134219_385815893,0.384256
20241101_134219_888704867,0.45876682
20241101_134220_135179506,0.61484194
20241101_134220_382403797,0.29485217
20241101_134220_640210836,0.33267888
20241101_134220_882132612,0.30950522
20241101_134221_130922295,0.38865978
20241101_134221_389021138,0.3732523
20241101_134221_637483847,0.3815542
20241101_134221_884978103,0.3466054
20241101_134222_380428227,0.3946555
20241101_134222_878773233,0.9608597
20241101_134223_131540847,-0.6672468
20241101_134223_381689045,-0.5703917
20241101_134223_634929710,-0.51877797
20241101_134223_887627835,-0.65240866
20241101_134224_130846845,-0.74825585
20241101_134224_396905113,-0.6929167
20241101_134224_882078339,-0.68420446
20241101_134225_136436920,-0.6401607
20241101_134225_381373462,-0.5101253
20241101_134225_630303040,-0.3158835
20241101_134225_879509356,0.40983966
20241101_134226_127869944,0.46109468
20241101_134226_378851632,0.48540506
20241101_134226_876529739,0.459928
20241101_134227_378528972,0.439595
20241101_134227_881722616,0.40552136
20241101_134228_130434427,0.4381021
20241101_134228_389666041,0.3806483
20241101_134228_883015809,0.3059514
20241101_134229_146896690,0.30604008
20241101_134229_391827556,0.31421965
20241101_134229_882655988,0.5409632
20241101_134230_629117159,0.6962177
20241101_134230_877766175,0.45708472
20241101_134231_130168090,0.39801252
20241101_134231_378130126,0.3932961
20241101_134231_626251134,0.43704262
20241101_134232_135588404,0.44613817
20241101_134232_384848968,0.5002342
20241101_134232_881593423,0.45653927
20241101_134233_131703122,0.38609704
20241101_134233_379279316,0.41609773
20241101_134234_382438910,0.4547699
20241101_134234_631560820,0.49745235
20241101_134234_884689632,0.33275184
20241101_134235_132852682,0.4351172
20241101_134235_386550357,0.39965707
20241101_134235_882985301,0.33556196
20241101_134236_382168351,0.32245046
20241101_134236_631011682,0.31680918
20241101_134236_884616772,0.37744388
20241101_134238_128289643,0.3799723
20241101_134238_627360437,1.3915075
20241101_134238_882198585,-0.49294293
20241101_134239_129464273,-0.654965
20241101_134239_382208199,-0.6254304
20241101_134240_629811141,-0.60456866
20241101_134240_880250408,-0.61656386
20241101_134241_131969545,-0.5967589
20241101_134241_380468822,-0.67179894
20241101_134242_405415053,0.1541826
20241101_134242_643690590,0.049190857
20241101_134242_891183095,0.06605653
20241101_134243_138770159,0.06962214
20241101_134244_628220975,0.04912255
20241101_134244_876992592,-0.08728691
20241101_134245_377774602,0.06831042
20241101_134245_627231793,0.14429271
20241101_134246_126532963,0.13787095
20241101_134247_126311374,1.3350896
20241101_134247_379366999,-0.7997808
20241101_134247_629066752,-0.3570976
20241101_134247_885393283,-0.19099358
20241101_134248_130782229,-0.25301823
20241101_134248_378481030,-0.29558355
20241101_134248_629207650,-0.5481049
20241101_134248_875530099,-0.5722639
20241101_134250_128714945,-0.405708
20241101_134250_885486313,-0.40596107
20241101_134251_140456438,-0.5293179
20241101_134251_396757196,-0.7482073
20241101_134251_647411346,-0.58574903
20241101_134251_895252984,-0.82736593
20241101_134254_129842924,-0.5951034
20241101_134254_384653960,-0.22162999
20241101_134254_629906853,-0.25872317
20241101_134255_140552838,-0.03947419
20241101_134255_395816370,0.15012532
20241101_134255_642102199,0.021787161
20241101_134256_888488535,-0.040078007
20241101_134257_138246211,-0.079972945
20241101_134257_397336721,-0.021339258
20241101_134257_648721431,-0.054135762
20241101_134257_892938876,0.24240606
20241101_134258_138433375,0.30721375
20241101_134258_384592218,0.15801866
20241101_134258_633390817,0.07642964
20241101_134258_883943489,-0.010528406
20241101_134259_130032199,-0.00416114
20241101_134259_391168199,-0.4178421
20241101_134259_633522861,-0.352164
20241101_134259_883433199,-0.18529393
20241101_134300_392295580,-0.1278937
20241101_134300_885535171,-0.066362105
20241101_134301_135213838,-0.16277342
20241101_134301_384067364,-0.073761664
20241101_134301_635067226,-0.42631656
20241101_134301_891376354,-0.5701777
20241101_134302_137934255,-0.28396633
20241101_134302_385274606,-0.25326905
20241101_134303_138718252,-0.2883377
20241101_134303_380631444,-0.2839894
20241101_134304_388757779,-0.22660623
20241101_134304_638462055,0.04004807
20241101_134304_889711071,0.23076437
20241101_134305_136384243,0.19294788
20241101_134305_396195605,0.1616025
20241101_134306_138250229,0.29320663
20241101_134306_391603902,0.5153463
20241101_134306_634607935,0.3828656
20241101_134306_883141632,0.27591008
20241101_134307_138778331,0.14277194
20241101_134307_634290148,0.046558775
20241101_134307_882553762,0.132201
20241101_134308_129091042,0.11751325
20241101_134308_384494027,-0.1022382
20241101_134308_631132965,-0.17224707
20241101_134308_881761505,-0.38854578
20241101_134309_133013019,-0.23017015
20241101_134309_387058976,-0.14895795
20241101_134309_630422137,-0.3049128
20241101_134309_883184360,0.0062014554
20241101_134310_131501403,0.08546697
20241101_134310_384175830,-0.23565556
20241101_134310_639110455,-0.35550892
20241101_134310_891111890,-0.15229024
20241101_134311_135379220,0.06235627
20241101_134311_385854003,0.019161524
20241101_134311_640686059,0.058595277
20241101_134311_886826337,-0.010600766
20241101_134312_132808561,0.0062493477
20241101_134312_385380987,-0.028214416
20241101_134312_631509138,-0.05395951
20241101_134312_887944504,-0.0152476635
20241101_134313_147101287,-0.027796289
20241101_134313_388870003,-0.013961395
20241101_134313_634838969,-0.030142268
20241101_134314_139357639,0.021447698
20241101_134314_389297479,-0.0052491035
20241101_134315_131185273,-0.058644615
20241101_134315_381765887,-0.2578799
20241101_134315_879832933,-0.17779203
20241101_134316_383021295,-0.09596815
20241101_134316_629610557,0.24785595
20241101_134316_880647436,0.12840508
20241101_134317_132235549,0.07159336
20241101_134317_379632546,0.01093184
20241101_134318_132707383,-0.016552528
20241101_134318_390672369,0.00043026544
20241101_134320_639422766,-0.026732644
20241101_134320_892350656,-0.04059442
20241101_134321_382836665,-0.037133537
20241101_134322_146615528,-0.1133882
20241101_134322_396398726,0.2431897
20241101_134322_638615715,0.25332752
20241101_134322_890158833,0.114433505
20241101_134323_899993809,-0.18792196
20241101_134324_137375658,-0.0695787
20241101_134324_632381170,-0.15960099
20241101_134324_882622422,-0.23037525
20241101_134325_136954829,-0.24062465
20241101_134325_394453273,-0.18788274
20241101_134325_651586613,-0.08314265
20241101_134325_894646059,-0.088570796
20241101_134326_888615960,-0.0880241
20241101_134327_133094390,0.040867515
20241101_134327_381196628,0.034523107
20241101_134328_888937210,-0.005396923
20241101_134329_140559175,-0.03180369
20241101_134329_397140782,-0.07417794
20241101_134330_147011862,-0.0847046
20241101_134331_142235317,-0.11560511
20241101_134332_884147230,-0.095649146
20241101_134333_137818837,-0.1587431
20241101_134333_390691769,-0.12957282
20241101_134334_132765390,-0.12837954
20241101_134334_640389084,-0.05997529
20241101_134334_885395190,-0.090777
20241101_134335_132601187,-0.115014665
20241101_134335_382576467,-0.11610239
20241101_134336_138804520,-0.07549759
20241101_134336_407147567,-0.083828114
20241101_134336_889498319,-0.08559086
20241101_134337_136378650,-0.06389346
20241101_134337_389551234,-0.110402934
20241101_134337_880239321,-0.0964069
20241101_134338_135458232,-0.060283266
20241101_134338_379934323,-0.09910794
20241101_134338_628028904,-0.0734392
20241101_134339_632328193,-0.08065846
20241101_134339_882612778,-0.0748718
20241101_134340_129412604,-0.081048094
20241101_134340_382945171,0.116753824
20241101_134340_632965040,0.21996933
20241101_134340_883011373,0.103765495
20241101_134341_128976645,1.3781168
20241101_134341_387800502,0.7094944
20241101_134341_633424805,0.45450553
20241101_134341_885190984,0.36301056
20241101_134342_137937798,1.8219208
20241101_134342_386019778,-0.121300496
20241101_134342_632504698,-0.09220049
20241101_134342_884773069,-0.2610513
20241101_134343_131775584,-0.38232997
20241101_134343_382482268,-0.39253333
20241101_134343_627618200,-0.27530023
20241101_134343_878014059,-0.38691157
20241101_134344_129015131,-0.35207778
20241101_134344_381544309,-0.30646488
20241101_134344_626315224,-0.29687157
20241101_134346_134667754,-0.2744315
20241101_134346_384752854,-0.362842
20241101_134346_638124556,-1.0783001
20241101_134346_885076322,-0.086796485
20241101_134347_134634253,-0.092325285
20241101_134347_410711736,0.6691226
20241101_134347_635983140,0.05101832
20241101_134347_886266566,-0.58407736
20241101_134348_132995859,-0.0537986
20241101_134348_388750690,0.43135348
20241101_134348_633480002,0.14894868
20241101_134348_880785133,0.15405744
20241101_134349_132296357,0.091538
20241101_134349_382414034,-0.04138717
20241101_134349_635094466,0.055737592
20241101_134349_886320949,0.032651998
20241101_134351_381482120,-0.22313108
20241101_134351_626879987,-0.095911704
20241101_134351_879718434,-0.01368483
20241101_134352_127401478,0.011933545
20241101_134353_133679940,-0.012815496
20241101_134353_884469689,-0.01578494
20241101_134354_378165576,-0.02099677
20241101_134354_879419921,-0.08769711
20241101_134356_138659061,-0.08853575
20241101_134356_381585155,-0.03197118
20241101_134357_383994963,-0.07823526
20241101_134358_137995418,-0.05270966
20241101_134358_387732285,-0.061225437
20241101_134359_895392905,-0.079822324
20241101_134400_150110833,-0.09456267
20241101_134400_400730208,-0.04428854
20241101_134400_893888924,-0.081017755
20241101_134401_133590686,-0.070167445
20241101_134401_384814173,-0.03966274
20241101_134401_632866158,0.041705698
20241101_134401_892594296,0.045909263
20241101_134402_135540065,0.979629
20241101_134402_390178847,0.14168939
20241101_134402_635952390,-0.08011039
20241101_134402_889672620,-0.112445764
20241101_134403_134266618,-0.047991835
20241101_134403_393900228,-0.046159588
20241101_134403_637342583,-0.10251152
20241101_134403_897671673,-0.087340854
20241101_134404_146524570,-0.09482374
20241101_134404_389642729,-0.11024355
20241101_134404_637465536,-0.16953065
20241101_134404_894423063,-0.08783259
20241101_134405_137727018,-0.055354856
20241101_134405_399119139,-0.4429225
20241101_134405_642549886,-0.19753285
20241101_134405_897229261,-0.18032236
20241101_134406_631606327,-0.15926085
20241101_134406_889444181,-0.12942718
20241101_134407_135995484,-0.11003991
20241101_134407_393219712,-0.10931366
20241101_134407_630638181,-0.10516115
20241101_134407_888366611,-0.15524264
20241101_134408_395398994,-0.15165205
20241101_134408_640033436,-0.16767506
20241101_134408_898800717,-0.18284737
20241101_134409_137431465,-0.19152404
20241101_134409_387515206,-0.22904252
20241101_134409_637902868,-0.22637348
20241101_134409_896363002,1.2914937
20241101_134410_148131660,0.41256955
20241101_134410_383535957,0.05020044
20241101_134410_635228695,0.085298575
20241101_134410_887799345,-0.16313185
20241101_134411_132609863,-0.33487764
20241101_134411_389462422,-0.3644897
20241101_134411_638618636,-0.18219651
20241101_134411_885134712,-0.48979735
20241101_134412_132909510,-0.39201084
20241101_134412_386959924,-0.19799043
20241101_134412_636219554,0.17928852
20241101_134412_886079751,0.14960687
20241101_134413_132206105,0.058230676
20241101_134413_390703908,0.051976122
20241101_134413_630613388,0.026181677
20241101_134413_883957252,0.03946481
20241101_134414_131786350,0.114947654
20241101_134414_382842817,-0.068157576
20241101_134414_631130662,-0.5048257
20241101_134414_884345207,0.18531494
20241101_134415_151962759,0.36649856
20241101_134415_417593435,0.09158567
20241101_134415_649022332,0.09233651
20241101_134415_914480181,-0.4954096
20241101_134416_166319725,-0.46255016
20241101_134416_406750340,-0.25361916
20241101_134416_644050192,-0.25236222
20241101_134416_892131275,-0.019062184
20241101_134417_135542579,0.6372729
20241101_134417_386235156,0.40047845
20241101_134417_633694099,0.28138998
20241101_134417_882128353,0.31395188
20241101_134418_130821931,-0.045739084
20241101_134418_380971492,-0.011184296
20241101_134418_627492480,0.084212996
20241101_134418_881153618,0.0345634
20241101_134419_629510665,0.0917056
20241101_134419_885553927,0.09327934
20241101_134420_139456989,-0.029412767
20241101_134420_627437071,0.083905615
20241101_134420_883972278,0.10686556
20241101_134421_135740908,0.14888416
20241101_134421_387814782,0.12726758
20241101_134421_633831873,0.007818798
20241101_134421_885785121,0.024409274
20241101_134422_127896019,-0.20911627
20241101_134422_382097369,-0.56825155
20241101_134422_635967907,-0.35650614
20241101_134422_881594522,-0.319271
20241101_134423_129191327,-0.5497123
20241101_134423_390082449,-0.5749897
20241101_134423_630984420,-0.48098105
20241101_134423_878484563,-0.4227269
20241101_134424_129903965,-0.15979776
20241101_134424_394671621,-0.13820125
20241101_134424_627702598,-0.16363962
20241101_134424_876850996,-0.028411757
20241101_134425_126450708,0.14944284
20241101_134425_378340062,0.12488932
20241101_134425_884037038,0.039401338
20241101_134426_129617736,0.06228719
20241101_134426_881319083,0.039150953
20241101_134427_134403368,0.06559324
20241101_134427_383800110,0.026001373
20241101_134427_631646889,0.02218453
20241101_134428_887404976,0.021657566
20241101_134429_877600282,0.023387352
20241101_134430_629607430,0.02214698
20241101_134430_881540689,0.030418614
20241101_134431_129922933,-0.24583091
20241101_134431_379320291,-0.3845882
20241101_134431_628284294,-0.065672025
20241101_134431_877980686,-0.062150903
20241101_134432_126033939,-0.079077326
20241101_134432_378252971,0.0050779376
20241101_134432_626657243,-0.0035051312
20241101_134433_127564206,0.0020217095
20241101_134433_376514764,-0.1808968
20241101_134433_626675277,-0.29144654
20241101_134433_881864544,-0.78704953
20241101_134434_132160726,-0.4152524
20241101_134434_381072875,-0.654598
20241101_134434_880598291,-0.40765032
20241101_134435_626257438,-0.36803675
20241101_134436_126380535,-0.3250116
20241101_134436_377677121,-0.09384269
20241101_134436_626247556,-0.7312891
20241101_134436_887390939,-0.5327695
20241101_134437_137705982,0.47795817
20241101_134437_395000946,0.1459202
20241101_134437_643518226,0.0076706205
20241101_134437_895474766,-0.026213845
20241101_134438_382841668,0.031381287
20241101_134439_127918349,0.019828716
20241101_134439_379930471,0.009931067
20241101_134439_879112864,-0.00048949383
20241101_134440_128273253,0.035754956
20241101_134440_377634549,0.00824664
20241101_134440_627765387,0.26472983
20241101_134440_879255656,0.17200284
20241101_134444_135987264,0.13887666
20241101_134444_893300630,0.11359803
20241101_134445_136582896,0.08073286
20241101_134445_382485183,0.15060006
20241101_134445_627211422,0.18162863
20241101_134445_881944350,0.14213394
20241101_134446_130587821,0.1543905
20241101_134446_381589748,0.13815074
20241101_134446_886613074,0.1593967
20241101_134447_132504283,0.25009426
20241101_134447_634132164,0.19814543
20241101_134447_885351706,0.19124638
20241101_134448_380802353,0.1991476
20241101_134448_878890545,0.1601833
20241101_134449_130713009,0.041137047
20241101_134449_384451958,-0.12970948
20241101_134449_629329394,0.30670914
20241101_134449_883565025,0.0946788
20241101_134450_129253759,0.19371943
20241101_134450_379589571,0.0247008
20241101_134450_630420269,0.08650837
20241101_134450_880682273,-0.0060440507
20241101_134451_128356341,0.009697059
20241101_134451_382183536,0.07188479
20241101_134451_636124589,0.03982363
20241101_134451_877952971,-0.10172214
20241101_134452_126587505,-0.12113192
20241101_134452_381209908,-0.012988111
20241101_134452_627980429,0.12390853
20241101_134452_881738177,-0.31286824
20241101_134453_127179583,-0.1044875
20241101_134453_887252145,-0.1077935
20241101_134454_881664393,-0.10283091
20241101_134455_131360681,0.052373566
20241101_134456_127913110,0.076200284
20241101_134456_376487812,0.14973037
20241101_134456_623770541,-0.0030831303
20241101_134456_885801364,-0.46900132
20241101_134457_381732511,-0.17573024
20241101_134458_391685240,-0.12925534
20241101_134458_636873831,-0.006939402
20241101_134458_885400836,-0.053832673
20241101_134459_140929310,-0.14606677
20241101_134459_385396165,-0.28481278
20241101_134459_633606657,-0.5504172
20241101_134459_881167165,-0.49349925
20241101_134500_133102528,-0.9790684
20241101_134500_389331420,0.10845361
20241101_134500_655954882,-0.08332797
20241101_134500_899506479,-0.06735488
20241101_134501_147446617,-0.16805916
20241101_134501_402154068,-0.14854865
20241101_134501_648163033,-0.108715735
20241101_134501_899598076,-0.15667455
20241101_134502_136845952,0.02108846
20241101_134502_385788785,0.20226748
20241101_134502_633729482,0.09594277
20241101_134506_388245429,0.00869594
20241101_134506_639716985,-0.22554131
20241101_134506_893845693,0.16149043
20241101_134507_154896207,0.75452584
20241101_134507_403118291,0.80865425
20241101_134507_649102647,0.08743254
20241101_134507_905829303,0.05541403
20241101_134508_389489248,0.08226902
20241101_134508_631444333,0.09128115
20241101_134509_131792631,0.07867608
20241101_134509_390450150,0.4496195
20241101_134509_634318151,1.3748133
20241101_134509_897431370,-0.3563756
20241101_134510_149939290,-0.16209674
20241101_134510_394715134,-0.24770918
20241101_134510_645349139,-0.2575289
20241101_134510_896379500,0.033659674
20241101_134511_149124576,0.10934565
20241101_134511_396355947,-0.10521885
20241101_134511_639969519,-0.39017788
20241101_134511_892925165,-0.50192344
20241101_134512_135978094,-0.5345188
20241101_134512_380284183,-0.2797067
20241101_134512_878576058,-0.11203941
20241101_134513_638734807,0.3516504
20241101_134513_912150163,0.23205842
20241101_134514_143618293,0.11338357
20241101_134514_389587028,0.26529512
20241101_134514_895860853,-0.14181454
20241101_134515_142265079,-0.03616496
20241101_134515_403186565,-0.14795066
20241101_134517_394974730,-0.052035592
20241101_134517_637197014,0.0838569
20241101_134517_894176237,0.018755237
20241101_134518_390273109,-0.0050823893
20241101_134518_634540484,0.25419974
20241101_134518_896539551,0.23472394
20241101_134519_148966939,0.1783552
20241101_134519_640334466,0.13335328
20241101_134519_895370162,0.102643885
20241101_134520_394578340,0.22491647
20241101_134520_646329119,1.5816407
20241101_134520_898978365,-0.08688882
20241101_134521_138952695,-0.15430205
20241101_134521_395431754,-0.12781447
20241101_134522_635995710,0.3905582
20241101_134522_886757226,0.00621436
20241101_134523_137905976,-0.08719423
20241101_134523_389489680,-0.2323861
20241101_134523_635974581,-0.28329262
20241101_134523_890264264,-0.493508
20241101_134524_129550087,-0.2749198
20241101_134524_394350133,-0.26062384
20241101_134524_631293012,-0.25994068
20241101_134525_638665436,-0.2706194
20241101_134525_886379710,-0.21592228
20241101_134526_134217722,-0.15557267
20241101_134526_382951804,-0.33090675
20241101_134527_384225896,0.06744851
20241101_134527_630324743,0.1842009
20241101_134527_883676515,0.3040577
20241101_134528_132634528,0.37285
20241101_134528_383807914,0.21893229
20241101_134528_628787378,0.037923805
20241101_134529_628618105,-0.10156133
20241101_134529_881305174,-0.034718536
20241101_134530_376227801,0.07913224
20241101_134530_878193429,0.17684887
20241101_134531_386187125,0.105289854
20241101_134532_627849404,-0.02863445
20241101_134534_131020440,0.05975423
20241101_134534_376439732,0.018139044
20241101_134535_384681460,0.07486964
20241101_134535_881173017,0.1264892
20241101_134536_132424691,0.119272985
20241101_134536_382371082,0.79527014
20241101_134536_634165057,0.8162033
20241101_134536_885638152,0.6418765
20241101_134537_380240943,0.6672949
20241101_134537_629692843,0.4040159
20241101_134538_881606788,0.5165583
20241101_134539_127326971,0.4022509
20241101_134539_378763859,-0.36605555
20241101_134539_629279515,-0.4221546
20241101_134539_880550869,-0.033065096
20241101_134540_132398705,-0.223695
20241101_134540_390375326,0.36851516
20241101_134540_655023114,0.14861916
20241101_134540_894897953,0.017578764
20241101_134541_134552956,-0.15171118
20241101_134541_379040628,-0.044593655
20241101_134541_629786262,-0.044147037
20241101_134541_883206778,0.0024928842
20241101_134542_147010120,0.029376486
20241101_134542_406568770,-0.02347978
20241101_134542_649122177,0.14279197
20241101_134542_900977246,0.09550802
20241101_134543_149057374,0.0013754163
20241101_134543_413001580,-0.25008604
20241101_134543_650743350,-0.39540383
20241101_134543_907007230,-0.22262104
20241101_134544_158343447,-0.18365236
20241101_134544_398237081,-0.15365739
20241101_134544_640683718,-0.020198097
20241101_134544_885494636,0.053974964
20241101_134545_148127729,0.09337669
20241101_134545_390466834,-0.141526
20241101_134545_905928724,-0.12923606
20241101_134546_156810935,-0.1352079
20241101_134546_403569820,-0.092035316
20241101_134546_893028495,-0.15837623
20241101_134547_138285395,-0.34771413
20241101_134547_400354178,-0.60776573
20241101_134547_647611915,0.25055513
20241101_134547_906503646,-0.56822795
20241101_134548_156738365,-0.35727838
20241101_134548_418418132,-0.4100371
20241101_134548_660471708,-0.02995081
20241101_134548_903381593,-0.32741898
20241101_134549_139573288,-0.4174309
20241101_134549_633939653,-0.30699214
20241101_134549_884595844,-0.39407015
20241101_134550_138350895,-0.3337218
20241101_134550_399108156,-0.122977234
20241101_134550_638198070,0.14716697
20241101_134550_889647968,0.04573457
20241101_134551_151814210,0.45144612
20241101_134551_409445159,0.41393992
20241101_134551_653098544,1.1663983
20241101_134551_908987069,-0.5581884
20241101_134552_157443226,-0.6784042
20241101_134552_411931534,-0.18853408
20241101_134552_642784691,-0.32415858
20241101_134552_894313852,-0.3841704
20241101_134553_384945675,-0.7893287
20241101_134554_384112695,-0.45227447
20241101_134554_633559606,-0.5862979
20241101_134554_887018851,-0.5634715
20241101_134555_637069049,-0.6927916
20241101_134557_147165448,-1.938052
20241101_134557_397682481,0.26048437
20241101_134557_635670400,0.07811884
20241101_134557_886198274,-0.052381955
20241101_134558_129161708,0.03833715
20241101_134559_133667253,0.059663214
20241101_134559_382929749,0.13392673
20241101_134559_646672480,-0.20736893
20241101_134559_894479376,-0.14486177
20241101_134600_138643131,0.10615603
20241101_134600_394256567,0.0367497
20241101_134600_892548107,0.12603079
20241101_134601_141356410,0.0876498
20241101_134601_395619360,0.24747427
20241101_134601_638035064,0.5739798
20241101_134601_897016045,0.84802425
20241101_134602_141131420,0.5207317
20241101_134602_390868274,0.68250585
20241101_134602_657639847,1.2111136
20241101_134602_900516572,-0.30225483
20241101_134603_153605597,-0.17479104
20241101_134603_394026839,-0.19029208
20241101_134603_632131513,-0.27044055
20241101_134604_134373541,-0.76838714
20241101_134604_389099955,-0.17585842
20241101_134604_643935981,-0.20406069
20241101_134604_883366152,-0.91209114
20241101_134605_130197859,0.7541402
20241101_134605_385763857,0.06927308
20241101_134605_640689960,0.90339065
20241101_134605_897257298,0.86317605
20241101_134606_138311722,0.47664753
20241101_134606_394907016,0.5920063
20241101_134606_886986072,0.67232907
20241101_134607_132747874,0.79113555
20241101_134607_392600489,0.65496963
20241101_134607_632959948,0.6238014
20241101_134608_389701186,0.45176628
20241101_134608_630270799,0.4882684
20241101_134608_880471780,0.5174352
20241101_134609_134411757,0.5215222
20241101_134610_133465044,0.21487455
20241101_134610_385822584,-0.19541392
20241101_134610_644346124,-0.017617075
20241101_134610_908222215,0.14391077
20241101_134611_150679090,-0.028674325
20241101_134611_392540451,-0.19176413
20241101_134611_636603009,-0.21479844
20241101_134611_891286103,-0.13622732
20241101_134612_138411826,-0.09578886
20241101_134612_388223543,-0.13283135
20241101_134612_630758947,-0.14334114
20241101_134612_886065725,-0.25220922
20241101_134613_133146871,-0.23306514
20241101_134613_381058987,-0.1924956
20241101_134613_639798499,-0.18008395
20241101_134613_895972143,-0.10537865
20241101_134614_143422255,-0.44620177
20241101_134614_402544375,0.6377131
20241101_134614_652257732,-0.6698243
20241101_134614_895267288,-0.3645998
20241101_134615_140915665,-0.3312384
20241101_134615_395531784,-0.25550115
20241101_134615_891565011,-0.11688866
20241101_134616_139046414,0.083338775
20241101_134616_387356848,0.13456796
20241101_134616_641283182,-0.1348951
20241101_134616_888923460,-0.23932923
20241101_134617_134612287,-0.27705404
20241101_134617_383362270,0.0003366638
20241101_134617_637163358,0.3511863
20241101_134617_884693436,0.24697118
20241101_134618_132723444,0.56488645
20241101_134618_380364974,0.5537694
20241101_134618_627192563,0.14155816
20241101_134618_876683017,0.1866477
20241101_134619_125768996,0.17774574
20241101_134619_390793948,-0.06202676
20241101_134619_648063690,-0.058424614
20241101_134619_897096300,-0.3220503
20241101_134620_139406098,-0.050945602
20241101_134620_394053121,0.010264853
20241101_134620_635128268,0.11795623
20241101_134620_885843282,0.069512345
20241101_134621_144193569,-0.11783313
20241101_134621_391307320,-0.34134337
20241101_134622_634996261,-0.1701444
20241101_134622_885220526,0.10424019
20241101_134623_131205425,0.19017993
20241101_134624_134056129,0.16497992
20241101_134625_387059192,0.07042704
20241101_134625_632574878,0.13639943
20241101_134625_886112106,0.07851068
20241101_134626_395584688,0.04168377
20241101_134626_638070426,0.038929917
20241101_134627_879822837,0.034131326
20241101_134628_132486138,0.36154327
20241101_134628_384075539,0.311183
20241101_134628_638765921,0.15734129
20241101_134629_631633762,-0.019612333
20241101_134629_883996303,0.018148283
20241101_134630_135018963,0.07217751
20241101_134630_629093979,0.290571
20241101_134630_884886970,0.82825464
20241101_134631_136882165,0.12999748
20241101_134631_385025767,-0.052980445
20241101_134631_630316686,0.20482375
20241101_134631_880670059,0.30752465
20241101_134632_375282038,0.6197249
20241101_134632_624411411,0.52592134
20241101_134632_876814243,0.22866611
20241101_134633_131229918,0.96618897
20241101_134633_381072481,0.673467
20241101_134633_629144349,0.29856768
20241101_134633_880713762,0.43598568
20241101_134634_127599100,0.74356925
20241101_134634_625824837,0.66763335
20241101_134634_889375954,0.20278527
20241101_134635_137947805,0.0084746275
20241101_134635_390673871,-0.2825445
20241101_134635_635117484,-0.1970431
20241101_134637_624650331,-0.052945457
20241101_134637_877023611,0.034294017
20241101_134638_127652995,0.5550312
20241101_134638_380628070,-0.01792659
20241101_134638_630009998,0.17809872
20241101_134638_880462829,-0.06412498
20241101_134639_130649873,-0.034077592
20241101_134639_378122102,-0.052450255
20241101_134639_632848376,-0.04984185
20241101_134639_882368923,-0.042674724
20241101_134640_131090154,-0.12902333
20241101_134640_393415441,-0.07991026
20241101_134640_626618507,-0.05747392
20241101_134640_879282270,-0.2437525
20241101_134641_124290294,-0.24385883
20241101_134641_377458622,-0.20446016
20241101_134641_624397893,-0.146311
20241101_134641_876370589,-0.117711626
20241101_134642_123152243,-0.12580684
20241101_134642_375578423,0.0010686964
20241101_134642_626296069,0.7656449
20241101_134642_882195443,0.31659624
20241101_134643_131222959,0.22601186
20241101_134643_391339203,0.16285913
20241101_134643_632986294,0.40331298
20241101_134643_884387081,0.5389185
20241101_134644_127515997,-0.050662592
20241101_134644_385531439,-0.03031158
20241101_134644_630054914,-0.0907982
20241101_134644_883683660,0.4423547
20241101_134645_130871160,0.25748762
20241101_134645_394901629,0.319274
20241101_134646_377975321,0.2909581
20241101_134646_624421857,0.26342708
20241101_134646_875622394,0.007864097
20241101_134647_130200388,0.24920456
20241101_134647_379699198,0.19093226
20241101_134647_624548977,-0.060189925
20241101_134647_875361475,-0.15774824
20241101_134648_122313428,-0.3882717
20241101_134648_378182010,-0.17128618
20241101_134648_878763969,-0.13962425
20241101_134649_386410914,-0.24762689
20241101_134649_627349093,-0.2083614
20241101_134649_879554847,-0.31709227
20241101_134650_875803939,-0.120545715
20241101_134651_624271274,-0.017359154
20241101_134651_879376237,0.07285109
20241101_134652_130046279,0.31958026
20241101_134652_380653928,0.31585526
20241101_134652_624192388,0.46170634
20241101_134653_378240394,0.3161239
20241101_134653_624669011,0.031021336
20241101_134653_876137572,0.34038645
20241101_134654_126414088,0.22968952
20241101_134654_380178514,0.39273873
20241101_134654_628839880,0.52136135
20241101_134654_877656222,0.54287595
20241101_134655_130878662,0.8103373
20241101_134655_378141537,0.061609663
20241101_134655_624925740,-0.2522568
20241101_134655_874527883,-0.18188374
20241101_134656_125936175,-0.13029788
20241101_134656_380554612,-0.077482454
20241101_134656_637699947,-0.913178
20241101_134656_913691923,-0.16064842
20241101_134657_174024785,0.30593452
20241101_134657_415601772,0.34510446
20241101_134657_646035529,0.26014945
20241101_134657_888418196,0.8130791
20241101_134658_135739965,0.6402927
20241101_134658_386939279,0.1841719
20241101_134658_635041243,-0.2386551
20241101_134658_883874236,-0.08565863
20241101_134659_382497706,-0.011197856
20241101_134659_632640892,0.27804053
20241101_134659_880716915,0.31285256
20241101_134700_128801860,0.055416502
20241101_134700_381485337,0.15359528
20241101_134700_636680938,0.18851613
20241101_134700_891791377,0.16567437
20241101_134701_139684678,0.24364384
20241101_134701_393993586,0.1935245
20241101_134701_639764278,0.41399062
20241101_134701_896412626,1.8206612
20241101_134702_142340903,-0.42244413
20241101_134702_408936973,-0.32027683
20241101_134702_660749528,-0.09712459
20241101_134702_908422914,-0.18310662
20241101_134703_151647050,-0.17566301
20241101_134703_403268443,0.04357914
20241101_134703_640703543,0.16166694
20241101_134703_888817348,0.79201144
20241101_134704_158726827,0.6423119
20241101_134704_407816707,0.49317846
20241101_134704_656793331,-0.9222924
20241101_134704_909039666,-0.6034451
20241101_134705_393065088,-0.65075696
20241101_134705_639210091,-0.7239165
20241101_134706_384293945,-0.84646946
20241101_134706_632548910,-0.6983856
20241101_134706_884065873,-0.6397791
20241101_134707_395648187,-0.5279166
20241101_134708_392301093,-1.005206
20241101_134708_636704585,-1.0285277
20241101_134708_890664948,-0.7611886
20241101_134709_131737691,0.093089595
20241101_134709_384302451,0.40281639
20241101_134709_637728483,0.18616669
20241101_134709_888282448,0.07806921
20241101_134710_137746467,0.08397589
20241101_134710_385751222,0.07721285
20241101_134710_633857450,0.15452413
20241101_134710_887054275,-0.18990935
20241101_134711_128802706,-0.052950762
20241101_134711_376451264,0.102000155
20241101_134711_627057867,0.035328604
20241101_134711_880369295,0.05140338
20241101_134712_381450938,0.1725084
20241101_134712_625186837,0.100243546
20241101_134712_877556781,0.05256269
20241101_134713_382501824,0.16745718
20241101_134714_128305834,0.053550042
20241101_134714_388003055,0.06662861
20241101_134714_884225676,0.06259427
20241101_134715_130588211,-0.004742464
20241101_134715_626686683,0.008978704
20241101_134716_129945408,0.01238201
20241101_134716_376558133,-0.012591621
20241101_134716_633013029,-0.016192397
20241101_134716_880001703,-0.022915801
20241101_134717_126686279,-0.02259793
20241101_134717_376262911,-0.024997732
20241101_134717_625466216,-0.031627916
20241101_134717_880021886,-0.03647151
20241101_134718_124883345,-0.0039705243
20241101_134718_376245381,-0.01681902
20241101_134718_627465027,-0.02543517
20241101_134719_377816830,-0.024460217
20241101_134719_626538781,0.008354107
20241101_134720_128528392,-0.107407235
20241101_134720_386092990,-0.06990602
20241101_134720_643455760,-0.2747787
20241101_134720_896407784,-0.46194175
20241101_134721_142395756,-0.5291335
20241101_134721_392044063,-0.43659243
20241101_134721_641303396,-0.6045914
20241101_134721_899801564,-0.38989815
20241101_134722_136682250,-0.50589466
20241101_134722_386226663,-0.40629363
20241101_134722_635916898,-0.3890148
20241101_134722_880058080,-0.26148194
20241101_134723_133889558,-0.08176177
20241101_134723_379521080,-0.084932946
20241101_134723_878703566,-0.24216066
20241101_134724_131832717,-0.5770263
20241101_134724_388743373,-0.44448647
20241101_134724_879363236,-0.3779176
20241101_134725_127793523,-0.2965132
20241101_134725_380840420,-0.097194485
20241101_134725_632344553,-0.09258159
20241101_134725_881628772,0.022481384
20241101_134726_131113079,-0.024440905
20241101_134726_388176613,-0.030682644
20241101_134726_639011382,-0.035764597
20241101_134726_885200671,-0.49079055
20241101_134727_139759743,-0.069612175
20241101_134727_382028178,-0.06955572
20241101_134727_628207519,0.1807139
20241101_134727_881654809,0.20787266
20241101_134728_126204191,0.162538
20241101_134728_386599967,0.18754293
20241101_134728_626320678,0.1826232
20241101_134728_877317561,0.18477182
20241101_134729_130634845,0.22719066
20241101_134729_382708681,0.2167226
20241101_134729_628075780,0.0063954387
20241101_134729_877253244,-0.02695652
20241101_134730_125878413,0.0872793
20241101_134730_379122521,0.16231202
20241101_134730_628158204,0.1568575
20241101_134730_879383013,0.12992065
20241101_134731_128197038,0.13099967
20241101_134731_380654842,0.15388863
20241101_134731_633218989,-0.045172475
20241101_134731_879139850,1.0044166
20241101_134732_127066525,1.3060366
20241101_134732_383383938,-0.110204026
20241101_134732_629004557,0.1463672
20241101_134732_880763071,0.071766295
20241101_134733_133362122,0.18271968
20241101_134733_383975635,0.09023676
20241101_134733_628460460,0.07608474
20241101_134733_887398578,0.25055373
20241101_134734_134481911,0.14083304
20241101_134734_378539044,0.11484782
20241101_134734_625977174,0.08713008
20241101_134734_878534107,0.077577986
20241101_134735_125066402,0.09400786
20241101_134735_373585940,-0.13378935
20241101_134735_626495312,0.014078656
20241101_134735_873624600,0.02558891
20241101_134736_128587053,0.1633558
20241101_134736_383286497,0.06306002
20241101_134736_640795436,-0.060955904
20241101_134736_886913695,-0.03475713
20241101_134737_375230623,-0.03997322
20241101_134737_631348110,-0.26089147
20241101_134737_880292014,-0.28925171
20241101_134738_127558004,0.027403573
20241101_134738_378888914,-0.09493079
20241101_134738_628923807,-0.118919455
20241101_134739_125134995,-0.2650037
20241101_134739_378816170,0.14434376
20241101_134739_628589376,0.7614156
20241101_134739_885644286,0.07770413
20241101_134740_132734039,-0.08918255
20241101_134740_396325847,0.0071019325
20241101_134740_651441429,-0.03491827
20241101_134740_897577192,-0.42205706
20241101_134741_136233760,-0.2644311
20241101_134741_384761754,-0.29136986
20241101_134741_880882490,-0.6235953
20241101_134742_127581768,-0.464577
20241101_134742_377102915,-0.77733743
20241101_134742_626339036,-0.50981355
20241101_134742_883489963,-0.25374177
20241101_134743_133878326,-0.85182434
20241101_134743_379958838,-0.4140784
20241101_134743_625211929,-0.3014823
20241101_134743_883704780,0.12703858
20241101_134744_140494409,0.055088826
20241101_134744_382830144,0.045984335
20241101_134744_630815379,0.021542707
20241101_134744_878691256,0.013604561
20241101_134745_126178535,-0.067158304
20241101_134745_378924488,-0.06459733
20241101_134745_636530923,-0.0053588953
20241101_134745_883303571,-0.3165999
20241101_134746_127172536,-0.16070844
20241101_134746_375439256,-0.16699366
20241101_134746_637173050,-0.15901046
20241101_134746_886132691,-0.1456692
20241101_134747_132287383,-0.06563305
20241101_134747_386293367,-0.18888478
20241101_134747_630932250,-0.10870328
20241101_134747_879776236,-0.6348696
20241101_134748_122273539,-0.64192456
20241101_134748_377088089,-0.48627362
20241101_134748_624130274,-0.8039125
20241101_134748_874675528,-0.8142383
20241101_134749_127182053,-0.23460664
20241101_134749_379662391,0.4841096
20241101_134749_629280375,0.62167925
20241101_134749_874616342,0.14675085
20241101_134750_127817707,0.11265225
20241101_134750_379303571,0.05153338
20241101_134750_630985475,0.16843234
20241101_134750_882558768,0.14650302
20241101_134751_125751813,-0.0061342325
20241101_134751_377474806,0.21496151
20241101_134751_625106787,0.015437106
20241101_134751_874329937,0.37549368
20241101_134752_122957773,0.48607507
20241101_134752_374353777,0.549111
20241101_134752_623987712,0.7336651
20241101_134752_877895484,1.283075
20241101_134753_125914124,1.3397229
20241101_134753_376067805,-0.6965764
20241101_134753_626534487,-0.22921182
20241101_134753_876610398,-0.07344808
20241101_134754_128309755,0.14364071
20241101_134754_384512916,-0.077043734
20241101_134754_634929969,0.024642328
20241101_134754_883452419,-0.42974287
20241101_134755_126080431,-0.2744549
20241101_134755_374820441,-0.31524727
20241101_134755_875196710,-0.39975414
20241101_134756_124349006,-0.26862687
20241101_134756_875019714,-0.2598565
20241101_134757_126567399,-0.046225555
20241101_134757_377318555,-0.06621366
20241101_134757_623715299,-0.15080793
20241101_134758_126200882,-0.14175124
20241101_134758_379318851,-0.09242719
20241101_134758_627014003,-0.33125296
20241101_134758_873941730,-0.54113287
20241101_134759_125236710,-1.4234539
20241101_134759_388264490,-0.20999153
20241101_134759_640693104,-0.75507534
20241101_134759_891448385,-0.1511801
20241101_134800_138040161,-0.19564529
20241101_134800_384902482,-0.13606389
20241101_134800_876993103,-0.15560545
20241101_134801_127034002,-0.19937952
20241101_134801_376480168,-0.23350306
20241101_134801_626409819,0.41092476
20241101_134801_879992086,0.118692674
20241101_134802_127968824,-0.54946923
20241101_134802_381681534,-0.26749358
20241101_134802_636667337,-0.17121677
20241101_134802_883778673,-0.10418065
20241101_134803_126991455,-0.36469924
20241101_134803_376879827,-0.43130335
20241101_134803_628401658,-0.47699687
20241101_134803_875667420,-0.21418573
20241101_134804_123731457,-0.44525012
20241101_134804_376590437,-0.3890712
20241101_134804_626450898,-0.3107864
20241101_134804_875315887,-0.3975459
20241101_134805_124461933,-0.33627823
20241101_134805_374675294,-0.41346303
20241101_134805_627086377,-0.6640455
20241101_134805_883025145,-0.3517555
20241101_134806_132849354,-0.120483845
20241101_134806_382411765,0.019377107
20241101_134806_630159830,0.042918213
20241101_134806_876243145,-0.031991087
20241101_134807_135578965,-0.21863414
20241101_134807_383943424,-0.277256
20241101_134808_122280585,-0.1296172
20241101_134808_376448801,-0.1777304
20241101_134809_131453780,0.115782954
20241101_134809_381344491,-0.052368425
20241101_134809_630464934,0.4321726
20241101_134809_881889323,0.06504146
20241101_134810_142190535,0.10239417
20241101_134810_400450257,0.06987742
20241101_134810_893609055,0.0658756
20241101_134811_139981075,-0.18979806
20241101_134811_404035667,-0.6466634
20241101_134811_644461195,-0.364293
20241101_134811_890292797,-1.1739451
20241101_134812_138133890,0.3356829
20241101_134812_390357957,-0.15242739
20241101_134812_647740996,-0.20629509
20241101_134812_908905781,-0.3259156
20241101_134813_155371540,-1.6418241
20241101_134813_410995132,-0.88640463
20241101_134813_648046423,-0.50617737
20241101_134813_893662605,-0.20513278
20241101_134814_139762195,-0.086304426
20241101_134814_386444886,-0.10523897
20241101_134814_629036031,0.02325414
20241101_134814_884149554,-0.030574163
20241101_134815_130789338,-0.010141334
20241101_134815_388570893,-0.09356465
20241101_134815_634056163,-0.12819387
20241101_134816_131774760,-0.241764
20241101_134816_382642643,-0.5442923
20241101_134816_632033073,-0.94084793
20241101_134816_882388470,-0.73841274
20241101_134817_127860873,-0.6670662
20241101_134817_378921423,-0.54321414
20241101_134818_124734589,-1.3479322
20241101_134818_382419589,0.39802262
20241101_134818_649114346,-0.22351135
20241101_134818_897141429,-0.5996017
20241101_134819_139851290,-0.5919993
20241101_134819_392633794,-0.3707352
20241101_134819_647233406,-0.71266484
20241101_134819_905103451,-0.5297589
20241101_134820_144485579,-0.5085258
20241101_134820_398630397,-0.529175
20241101_134820_640265093,-0.57882863
20241101_134820_889541541,0.68602014
20241101_134821_134228124,0.64046896
20241101_134821_391144250,0.60357666
20241101_134821_649398771,0.76639086
20241101_134821_886624134,1.3004024
20241101_134822_130250972,0.86633545
20241101_134822_376189224,0.5823611
20241101_134822_626125586,0.5103599
20241101_134822_879250442,0.5298604
20241101_134823_128661460,0.45533347
20241101_134823_377282082,0.6597554
20241101_134823_627304252,0.07292498
20241101_134823_888572005,0.09896035
20241101_134824_135529151,0.14842282
20241101_134824_400251460,0.37852654
20241101_134824_630341143,0.7901351
20241101_134824_882184650,0.8612185
20241101_134825_383969319,0.8426689
20241101_134825_628389079,0.5246361
20241101_134825_884650938,0.25193483
20241101_134826_129288390,-0.026260665
20241101_134826_385153406,0.15235938
20241101_134826_881225715,0.13256387
20241101_134827_121533196,0.29182178
20241101_134827_378168410,0.2190185
20241101_134827_631392499,0.11490635
20241101_134827_895891171,0.018713633
20241101_134828_157035095,0.06530837
20241101_134828_418558634,0.10709331
20241101_134828_661190948,-0.35318577
20241101_134828_918630084,0.12269562
20241101_134829_143346878,-0.029532393
20241101_134829_387747056,-0.13538505
20241101_134829_636239077,-0.19659902
20241101_134829_902052673,-0.13607393
20241101_134830_138629713,0.04104557
20241101_134830_391277599,0.08566777
20241101_134830_637958641,0.09997932
20241101_134830_889518272,0.06557939
20241101_134831_131135944,-0.2571251
20241101_134831_638727826,0.096616074
20241101_134831_892207151,0.40141568
20241101_134832_149171507,0.14524864
20241101_134832_390773934,0.17428662
20241101_134832_631059227,0.18934058
20241101_134832_879920041,0.12716214
20241101_134833_126232756,0.13180895
20241101_134833_381240120,0.12073425
20241101_134833_875070897,0.4247617
20241101_134834_127954052,0.26769614
20241101_134834_377980269,0.31754646
20241101_134834_624223102,0.42157036
20241101_134834_876434908,0.62699467
20241101_134835_127882661,0.48231497
20241101_134835_377988851,0.19770117
20241101_134835_626573902,0.17253505
20241101_134835_879774854,0.16942845
20241101_134836_133225901,0.18744658
20241101_134836_382723782,0.11270139
20241101_134836_634163406,0.17734273
20241101_134836_882706413,0.3138816
20241101_134837_125211238,0.32494795
20241101_134837_382683583,0.25052541
20241101_134838_124656827,0.11093322
20241101_134838_625606916,0.13711415
20241101_134838_881494134,0.059245475
20241101_134839_132834573,0.38103527
20241101_134839_384486600,0.040276624
20241101_134839_633724616,0.08345521
20241101_134839_889924793,0.18813168
20241101_134840_131937517,0.1960171
20241101_134840_632072143,0.13520874
20241101_134840_877549168,0.17757064
20241101_134841_127835721,0.5433557
20241101_134841_382879774,0.81846416
20241101_134841_630493196,0.17116223
20241101_134841_885736364,0.13385166
20241101_134842_385226865,0.2758711
20241101_134842_638637164,0.033661373
20241101_134843_124727173,0.15933843
20241101_134843_375021702,0.12752695
20241101_134843_627404167,-0.26497817
20241101_134843_882767639,-0.28361627
20241101_134844_128524510,-0.22236116
20241101_134844_377246020,-0.15393753
20241101_134844_882363767,-0.018666288
20241101_134845_128805374,-0.081491165
20241101_134845_375533223,-0.05758982
20241101_134845_879301498,-0.010772636
20241101_134846_124460341,0.0014319215
20241101_134846_387465378,0.006772915
20241101_134846_894191150,-0.25959066
20241101_134847_139021276,-0.1863427
20241101_134847_389217596,-0.034762524
20241101_134847_638006926,0.009668866
20241101_134848_626227212,-0.087187074
20241101_134849_631379572,-0.098926924
20241101_134849_878551628,-0.10549315
20241101_134850_129921102,-0.15479125
20241101_134850_636323226,-0.14784385
20241101_134850_880094144,-0.49006078
20241101_134851_129285201,-0.47268063
20241101_134851_881256546,-0.1676646
20241101_134852_627125486,0.28201488
20241101_134852_885265375,-0.14696528
20241101_134853_160744750,-0.7108781
20241101_134853_415159234,-0.5339162
20241101_134853_648947434,-0.12998916
20241101_134853_889271677,-0.02915438
20241101_134854_129368998,0.09846363
20241101_134854_393845579,0.012055913
20241101_134854_885636266,-0.13141446
20241101_134855_132197089,-0.26009953
20241101_134855_381788701,-0.16051008
20241101_134855_626854239,-0.2413115
20241101_134855_877672337,-0.17709412
20241101_134856_129457434,-0.025387038
20241101_134856_894109911,-0.15366282
20241101_134857_375651894,-0.1363713
20241101_134857_628627654,-0.17617454
20241101_134857_885905122,-0.2918631
20241101_134858_382914956,-0.28601226
20241101_134858_885538767,-0.2627118
20241101_134859_126504410,-0.12842317
20241101_134859_382205279,-0.12888046
20241101_134859_626826979,-0.16713138
20241101_134900_130174623,0.015110621
20241101_134900_383059526,-0.018916627
20241101_134900_633479480,0.11019971
20241101_134900_881567738,-0.14343663
20241101_134901_135868639,-0.44454587
20241101_134901_382325714,-0.30128595
20241101_134901_637506884,0.0023044068
20241101_134901_887278203,-0.23865657
20241101_134902_131676068,-0.5917788
20241101_134902_378943576,-0.30654758
20241101_134902_626792290,-0.2270223
20241101_134903_130042014,-1.0548602
20241101_134903_387072946,-0.08251151
20241101_134903_640321334,0.18850963
20241101_134903_894078113,-1.0608515
20241101_134904_138584910,-0.7931083
20241101_134904_398041406,-0.47156113
20241101_134904_638638108,-0.3035112
20241101_134904_881531024,0.054917686
20241101_134905_130068027,0.18141264
20241101_134905_379099793,0.18451165
20241101_134906_643396782,0.037764467
20241101_134907_130752996,1.0958313
20241101_134907_384919715,0.51477796
20241101_134907_641160589,-0.8426881
20241101_134907_889865548,-0.57794183
20241101_134908_133209308,-0.35174093
20241101_134908_387784556,-1.2118056
20241101_134908_629261010,-0.26289114
20241101_134908_874124832,0.32304764
20241101_134909_123029435,0.46015322
20241101_134909_373158489,0.5102706
20241101_134909_635223543,0.69701225
20241101_134909_886310103,0.60473007
20241101_134910_125199587,-0.6875952
20241101_134910_377849275,-0.4670549
20241101_134910_627459257,-0.1873557
20241101_134910_884252469,-0.05859963
20241101_134911_136278222,0.36155394
20241101_134911_392948096,0.5653287
20241101_134911_640195298,0.5646666
20241101_134911_892888098,0.40180135
20241101_134912_134891467,-0.19599728
20241101_134912_387989115,-0.35554245
20241101_134912_630103790,-0.84757704
20241101_134912_880868803,-0.5601447
20241101_134913_123657507,-0.70728904
20241101_134913_883027196,-0.53478104
20241101_134914_134056372,-0.37801984
20241101_134914_379215010,-0.2974924
20241101_134915_127049950,-1.2953695
20241101_134915_377449773,-0.36422655
20241101_134915_628511049,0.28849116
20241101_134915_876013733,0.3105918
20241101_134916_124131188,0.15743421
20241101_134916_379417924,0.18280737
20241101_134916_629170923,0.25427857
20241101_134916_880649253,0.44341698
20241101_134917_126515303,0.5670679
20241101_134917_376872154,0.48354134
20241101_134918_123111685,0.65786505
20241101_134918_382518409,0.44642875
20241101_134918_627110380,0.036852695
20241101_134918_875746612,-0.06195911
20241101_134919_124277009,0.09103561
20241101_134919_374526708,0.07361863
20241101_134919_625351202,0.05473707
20241101_134919_873472726,0.09742714
20241101_134920_126032682,0.15335648
20241101_134920_382126984,0.23038952
20241101_134920_623497730,0.3970542
20241101_134920_873730539,0.355447
20241101_134921_128168172,0.3507474
20241101_134921_382376012,0.62746966
20241101_134921_886468150,0.4552528
20241101_134922_389654276,0.58889186
20241101_134922_638838677,1.3638242
20241101_134922_887435266,0.72441643
20241101_134923_135304419,0.7302434
20241101_134923_390083824,0.036290206
20241101_134923_624485234,0.0062097404
20241101_134923_874186150,0.024464825
20241101_134924_124301856,-0.13777323
20241101_134924_387779247,-0.18862616
20241101_134924_628596770,-0.092979155
20241101_134924_882398749,-0.22616287
20241101_134925_124316543,-0.093570046
20241101_134925_375786842,-1.2003802
20241101_134925_624820859,-0.43988442
20241101_134925_879127714,-0.21453609
20241101_134926_125372488,-0.26263854
20241101_134926_380169440,-1.6618916
20241101_134926_628999170,-0.18490411
20241101_134926_878234317,0.72508645
20241101_134927_128470729,0.21922396
20241101_134927_375357247,0.059517063
20241101_134927_631786652,0.0070091877
20241101_134927_874975665,-0.58806854
20241101_134928_122895091,-0.47473112
20241101_134928_373473168,-0.23152971
20241101_134928_622529926,-0.2352127
20241101_134928_871893358,-0.45066702
20241101_134929_379518022,-0.422711
20241101_134930_122805580,-0.32745197
20241101_134930_372139797,-0.42476574
20241101_134930_621769795,-0.3796408
20241101_134930_869539509,-0.015877238
20241101_134931_120442138,-0.04545798
20241101_134931_373782088,-0.18533523
20241101_134931_625564054,-0.2241415
20241101_134931_879215693,0.08178078
20241101_134932_123915470,0.07312856
20241101_134932_377356179,0.35162628
20241101_134932_624561599,0.20325077
20241101_134933_389245668,0.12101493
20241101_134933_622761581,0.10381446
20241101_134933_872778139,0.079209484
20241101_134934_124222185,0.058387257
20241101_134934_630422004,0.11113087
20241101_134935_126260561,0.4699108
20241101_134935_376928701,0.39486587
20241101_134935_877966609,1.2459775
20241101_134936_131888629,1.6832383
20241101_134936_380798745,0.57046926
20241101_134936_626105809,0.13570987
20241101_134936_877328826,0.39529958
20241101_134937_124593281,0.79728997
20241101_134937_385798884,0.89012355
20241101_134937_628593008,0.5207326
20241101_134937_877592003,0.15010269
20241101_134938_879323126,-0.017512998
20241101_134939_125236732,0.55243415
20241101_134939_375236941,0.2466558
20241101_134939_624397839,0.0015710387
20241101_134939_876175980,-0.014692506
20241101_134940_121089717,-0.1269824
20241101_134940_374472310,0.03158032
20241101_134940_624008585,0.022221724
20241101_134940_872740249,0.0052326713
20241101_134941_120789542,0.03638766
20241101_134941_370451289,0.17631105
20241101_134941_626148100,0.6246699
20241101_134941_892280787,-0.37595382
20241101_134942_156636211,0.08037647
20241101_134942_411632514,1.2078586
20241101_134942_664528397,0.5460256
20241101_134942_915077220,0.22307509
20241101_134943_144163639,0.22879653
20241101_134943_397256644,0.37184784
20241101_134943_642354498,0.19470565
20241101_134943_905671910,0.18053715
20241101_134944_152797399,-0.56407297
20241101_134944_387446440,-0.14881787
20241101_134944_634246094,-0.16490054
20241101_134944_901621507,-0.44001204
20241101_134945_136283812,-0.8708253
20241101_134945_376831543,-0.96837837
20241101_134945_628590222,0.43073556
20241101_134945_886673583,-0.0958248
20241101_134946_137705295,-0.15038832
20241101_134946_391933433,0.018238107
20241101_134946_639484248,0.055753626
20241101_134946_886715586,-0.3057122
20241101_134947_131590975,-1.944994
20241101_134947_390632764,-1.0274876
20241101_134947_637381322,-0.12477972
20241101_134947_889942778,-0.74845374
20241101_134948_133687050,-0.7942235
20241101_134948_379508893,-0.2406437
20241101_134948_880169595,-0.12537326
20241101_134949_127741912,-0.8350296
20241101_134949_380292609,-0.86685884
20241101_134949_627757607,-0.8137146
20241101_134950_625404532,-0.7143045
20241101_134951_136887668,-0.9308283
20241101_134951_385591449,0.8273844
20241101_134951_629866108,0.5488955
20241101_134951_884346013,0.7304988
20241101_134952_379774084,0.7581245
20241101_134952_628714135,0.7347061
20241101_134952_879047696,0.27314803
20241101_134953_125094618,0.18088622
20241101_134953_395986941,0.22721879
20241101_134955_392281020,0.00049973466
20241101_134955_652011310,0.07165185
20241101_134955_901645661,0.1180175
20241101_134956_141803415,0.18586881
20241101_134956_397807348,0.12444184
20241101_134956_884400468,-0.2513725
20241101_134957_128680357,-0.032933198
20241101_134957_381548826,-0.18603168
20241101_134958_139366275,-0.11305114
20241101_134958_384892355,-0.25158188
20241101_134958_635564303,-0.47943953
20241101_134958_883381002,-0.4690724
20241101_134959_128491936,-0.08440659
20241101_134959_390784593,0.089930825
20241101_134959_630326481,0.13357298
20241101_135000_130051619,1.5317539
20241101_135000_393571389,-0.74297166
20241101_135000_631978769,-0.6278431
20241101_135000_881890604,-0.24319279
20241101_135001_133063045,0.050053068
20241101_135001_380710885,0.028604241
20241101_135001_629126374,0.054492183
20241101_135001_882622505,-0.09906904
20241101_135002_131853214,-0.113192104
20241101_135002_379746444,-0.015643796
20241101_135002_627707849,-0.12092789
20241101_135002_881624485,0.19239679
20241101_135003_143702565,0.1772642
20241101_135003_387129909,0.23802505
20241101_135003_626120033,0.14122956
20241101_135003_877088232,-0.042591415
20241101_135004_131584858,0.42310822
20241101_135004_388519102,0.6409998
20241101_135004_639907782,0.47208744
20241101_135005_147882740,0.46356836
20241101_135005_638747509,0.5673564
20241101_135005_886496059,0.34815192
20241101_135006_127092565,0.25020662
20241101_135006_382914939,0.027134696
20241101_135006_628557885,0.7996568
20241101_135006_880567084,0.27213624
20241101_135007_134675006,-0.63709366
20241101_135007_397715484,-0.1929575
20241101_135007_641769659,0.57325613
20241101_135007_884473451,-0.028141698
20241101_135008_131550376,-0.11720195
20241101_135008_397650077,-0.2410927
20241101_135008_634502311,-0.3986434
20241101_135008_882241998,-0.6874117
20241101_135009_128422123,-0.904554
20241101_135009_381923891,-0.51772535
20241101_135009_626374774,-0.27660188
20241101_135009_880387230,0.026619049
20241101_135010_125479970,0.45437387
20241101_135010_375974738,0.3387415
20241101_135010_640283494,0.6750704
20241101_135010_895758292,0.5411078
20241101_135011_135744100,0.20069039
20241101_135013_878138936,0.44041795
20241101_135014_124272077,0.29578158
20241101_135014_378361625,0.07272748
20241101_135015_122565306,-0.23435535
20241101_135015_377705955,-0.46120375
20241101_135015_622216500,-0.29561117
20241101_135016_118758166,-0.14492925
20241101_135016_369436274,-0.07374605
20241101_135016_621387537,-0.1439782
20241101_135017_619319115,-0.5187843
20241101_135017_874547089,-1.890937
20241101_135018_132103654,-1.6740643
20241101_135018_387868429,-1.4650933
20241101_135018_627076295,0.62276554
20241101_135018_878002106,-0.36454985
20241101_135019_126476333,-0.45120782
20241101_135019_380064120,-0.45132276
20241101_135019_625872270,-0.5339823
20241101_135019_883708710,-0.69525254
20241101_135020_128517127,-0.670901
20241101_135021_875541070,-0.4460304
20241101_135022_121588026,-0.42984518
20241101_135022_384724722,0.041895524
20241101_135022_624852044,0.06719081
20241101_135022_876602321,0.06649185
20241101_135023_129971344,0.10466879
20241101_135024_870050048,0.047487177
20241101_135025_121898244,0.09301857
20241101_135026_381196524,0.038512863
20241101_135026_623468953,-0.24407043
20241101_135026_878293070,-0.90599805
20241101_135027_123070324,-1.7337137
20241101_135027_371928651,0.76142234
20241101_135027_630534418,0.094748005
20241101_135027_893747793,0.15276179
20241101_135028_131521653,0.08633242
20241101_135028_380197765,-0.32729775
20241101_135028_632016521,0.5621616
20241101_135028_879057490,0.37950224
20241101_135029_127688512,0.28340748
20241101_135029_382928497,0.20323691
20241101_135029_633144897,0.8730094
20241101_135029_894484872,0.6578341
20241101_135030_132252405,0.25608128
20241101_135030_394965703,0.019290665
20241101_135030_639326355,-0.040815942
20241101_135030_886481411,-0.27333465
20241101_135031_126653785,-0.07157179
20241101_135031_630446191,0.19124521
20241101_135032_375724679,0.13664792
20241101_135032_627992228,-0.012219271
20241101_135033_130664556,-0.008700153
20241101_135033_384134479,0.04420934
20241101_135034_629661538,0.31960222
20241101_135034_874071160,0.028747002
20241101_135036_122582202,0.08623061
20241101_135036_373013359,-0.10176616
20241101_135036_870748046,-0.049672745
20241101_135037_119255096,0.037528314
20241101_135037_368713423,0.039314546
20241101_135039_388326732,-0.090217195
20241101_135039_639468605,-0.55168116
20241101_135039_892763544,-0.26151958
20241101_135040_127680445,-0.3034996
20241101_135040_381726601,-0.104863755
20241101_135040_627114882,-0.16908635
20241101_135041_372549146,-0.26795495
20241101_135045_370743913,-0.23790942
20241101_135045_621985941,-0.034018025
20241101_135045_875575834,0.11108347
20241101_135046_127083398,0.6768436
20241101_135046_378605798,0.3320603
20241101_135046_876790172,0.24112494
20241101_135047_121986483,0.287767
20241101_135047_376125533,0.17418347
20241101_135047_623087801,0.22090568
20241101_135047_878993085,0.15762176
20241101_135048_121495426,0.12762527
20241101_135048_623120270,-1.1508325
20241101_135048_884098530,-0.7493848
20241101_135049_130849907,-1.6289508
20241101_135049_377048993,0.2647917
20241101_135049_621904129,-0.8666865
20241101_135049_873030232,-0.62394613
20241101_135050_120663157,-0.29468068
20241101_135050_874616646,-0.93602043
20241101_135051_121864433,-1.0492839
20241101_135051_370370651,0.15911074
20241101_135051_622505901,0.17680253
20241101_135051_874384389,0.9399577
20241101_135052_121711191,0.37396154
20241101_135052_382307705,0.03752149
20241101_135052_622831968,0.15463926
20241101_135052_872708845,-0.5135604
20241101_135053_124350773,-0.19180883
20241101_135053_379372601,-0.041868027
20241101_135053_619352933,-0.022017619
20241101_135053_873502439,0.15337235
20241101_135054_382647524,0.040401734
20241101_135054_629091659,-0.2552097
20241101_135054_881639949,-0.18809147
20241101_135055_126764859,-0.03670039
20241101_135055_872600590,-0.296452
20241101_135056_373317351,-0.79954225
20241101_135056_618308313,-0.7617456
20241101_135056_868614581,-0.34350994
20241101_135057_624402732,-0.4562504
20241101_135057_876417919,-0.08370507
20241101_135058_131285361,-0.1686144
20241101_135058_383838067,-0.14105628
20241101_135058_626938076,-0.57687354
20241101_135059_130002618,-1.1155261
20241101_135059_383281140,-0.1275334
20241101_135059_644275487,0.8681532
20241101_135059_892011760,0.5997009
20241101_135100_127443260,1.394802
20241101_135100_385201070,-0.8694966
20241101_135100_633156155,-0.9568988
20241101_135100_873904411,-0.9519071
20241101_135101_126349579,-0.47557214
20241101_135101_376014963,0.27860546
20241101_135101_626043547,0.327386
20241101_135101_880733819,0.07674984
20241101_135102_132951412,0.07941643
20241101_135102_379668766,0.13197897
20241101_135102_623416671,0.13769607
20241101_135103_126932512,0.11302305
20241101_135103_382266675,0.89181834
20241101_135103_625998998,-0.29606003
20241101_135103_877496421,0.16381642
20241101_135104_130404763,-0.39394292
20241101_135104_386344028,-1.6819785
20241101_135104_631871034,-0.38812414
20241101_135104_880069924,-0.8828705
20241101_135105_126515112,-0.7658176
20241101_135105_381984641,-0.89137274
20241101_135105_631828010,-0.55040926
20241101_135105_881692002,0.14069605
20241101_135106_128349315,-0.0053375512
20241101_135106_378923511,0.07252317
20241101_135106_623520624,0.19637243
20241101_135106_874731002,-0.10184728
20241101_135107_123752158,-0.047813796
20241101_135107_375651519,0.03586153
20241101_135107_623507300,0.29955673
20241101_135107_870846374,0.20794521
20241101_135108_377919505,-0.08373987
20241101_135108_625249550,-0.13518162
20241101_135108_877566000,-0.029087326
20241101_135109_122395551,0.036985733
20241101_135109_375687822,0.063361324
20241101_135109_876626051,0.29054776
20241101_135110_122227916,-0.052063905
20241101_135110_374121911,0.068862535
20241101_135110_622738663,0.056616522
20241101_135111_130635551,0.050811805
20241101_135111_373808696,0.41910896
20241101_135111_630633284,0.49865773
20241101_135111_888469042,0.3286838
20241101_135112_129873379,0.49411055
20241101_135112_383823554,0.27277756
20241101_135112_627416664,0.44509423
20241101_135112_873733824,0.42730898
20241101_135113_375256657,0.3925862
20241101_135113_872152900,0.34331375
20241101_135114_121416150,0.25934932
20241101_135114_886143658,0.26875737
20241101_135115_392619149,0.33077177
20241101_135116_372511328,0.2861468
20241101_135116_873814453,0.26003283
20241101_135117_123211953,0.1641048
20241101_135117_374531719,0.2556211
20241101_135117_624252300,0.15437646
20241101_135117_876853553,0.023467222
20241101_135119_376003208,0.05639229
20241101_135119_622954009,0.102904774
20241101_135119_876046937,-0.19438572
20241101_135120_124281722,-0.11096879
20241101_135120_372233605,-0.093037985
20241101_135120_625839365,-0.05427339
20241101_135120_873166421,-0.031655572
20241101_135121_119708017,0.094873756
20241101_135121_369717971,0.051401593
20241101_135121_868527563,0.017537156
20241101_135122_370795080,0.040160574
20241101_135122_622986701,0.026396373
20241101_135123_874955305,-0.52542627
20241101_135124_124107695,-0.16029136
20241101_135124_620340974,-0.18255632
20241101_135125_125078605,-0.4541889
20241101_135125_376691292,-0.26157486
20241101_135125_622964294,-0.71623474
20241101_135125_876612942,-1.6089981
20241101_135126_132028364,-2.2200544
20241101_135126_377175407,-0.26431832
20241101_135126_627520736,-0.78162706
20241101_135126_875399707,-0.63193864
20241101_135127_126998058,-0.14394571
20241101_135127_372979438,0.7358027
20241101_135127_620884057,0.33355743
20241101_135127_879036311,0.27818742
20241101_135128_129838090,0.11585037
20241101_135128_380206619,0.59745777
20241101_135128_635731209,1.3042489
20241101_135128_883913181,-0.15628968
20241101_135129_135494145,-0.14311725
20241101_135129_381646286,-0.055726595
20241101_135129_631122526,-0.08329465
20241101_135129_882118759,-0.16650917
20241101_135130_128084862,-0.47760817
20241101_135130_374090500,-0.45565125
20241101_135130_623582000,-0.35497782
20241101_135130_869367808,-0.32980776
20241101_135131_120899910,-0.252933
20241101_135131_372034155,-0.26180422
20241101_135131_621026273,-0.23572059
20241101_135131_873446861,-0.38068232
20241101_135132_121073252,-0.23138149
20241101_135132_376004790,0.06576927
20241101_135132_627588137,0.20339344
20241101_135132_883196531,0.29090112
20241101_135133_132107402,0.12253798
20241101_135133_624318282,0.122107185
20241101_135133_873132528,-0.5892752
20241101_135134_119629708,-0.35242036
20241101_135134_370142106,0.4038588
20241101_135134_618269747,0.3876715
20241101_135134_869584595,0.36090258
20241101_135135_121934686,0.30691156
20241101_135135_375099931,0.13433431
20241101_135135_628502284,0.2001736
20241101_135135_873620201,0.20582412
20241101_135136_135699349,0.5237858
20241101_135136_386154103,1.3018923
20241101_135136_625252844,0.7222258
20241101_135136_875144185,0.0042855237
20241101_135137_125693770,-0.092281304
20241101_135137_373433960,0.16061853
20241101_135137_623188634,0.051682957
20241101_135137_876409147,0.17795016
20241101_135138_122903517,0.033591487
20241101_135138_376030725,0.094074704
20241101_135138_622755513,-0.008334657
20241101_135139_121690610,-0.033590995
20241101_135139_374885191,-0.15372004
20241101_135139_621920478,-0.037405215
20241101_135139_869906199,0.018967727
20241101_135140_618707383,0.061445035
20241101_135140_871351396,0.3606348
20241101_135141_120423937,0.35684446
20241101_135141_368393611,0.15895768
20241101_135141_615733759,0.28750244
20241101_135141_867152719,0.25008228
20241101_135142_115835736,0.6267537
20241101_135142_369418020,0.13380073
20241101_135142_620983008,0.14559288
20241101_135142_868030500,0.16238697
20241101_135143_118786819,0.1861765
20241101_135143_370584772,0.18189351
20241101_135143_870280710,0.18212776
20241101_135144_121456813,0.18580408
20241101_135144_367799372,0.07276923
20241101_135144_885266180,0.06466652
20241101_135145_131556921,0.015524009
20241101_135145_384118857,-0.09115692
20241101_135145_623152092,-0.19373013
20241101_135145_869138746,-0.09618046
20241101_135146_120702562,0.024188975
20241101_135146_372106062,0.30849174
20241101_135146_630887199,0.7762176
20241101_135146_878753984,0.84382737
20241101_135147_122352940,0.62320876
20241101_135147_374008897,0.4307216
20241101_135147_624310682,0.43153846
20241101_135147_879649655,0.3929053
20241101_135148_126295825,-0.28568447
20241101_135148_384471021,0.20429756
20241101_135148_631669615,0.09451439
20241101_135148_891160479,0.429531
20241101_135149_132113159,0.15319146
20241101_135149_380920539,0.09465085
20241101_135149_631028284,0.06575232
20241101_135149_900831200,-0.11951288
20241101_135150_166599532,0.38898075
20241101_135150_405228497,0.5472223
20241101_135150_646877699,0.25267074
20241101_135150_898505479,0.017043153
20241101_135151_155860583,-0.05116459
20241101_135151_387761447,-0.46311504
20241101_135151_629671309,-0.24311008
20241101_135151_877857103,0.05434116
20241101_135152_122864118,0.10100641
20241101_135152_377770590,0.05686114
20241101_135152_625201267,-0.7646808
20241101_135152_872755137,-0.03891496
20241101_135153_132246628,-0.06546894
20241101_135153_377214292,0.027032325
20241101_135153_629878556,0.040002443
20241101_135153_886120880,-0.11110004
20241101_135154_125804137,-0.34055778
20241101_135154_377918894,-0.3548762
20241101_135154_625041121,-0.48593798
20241101_135154_876499577,-0.34337464
20241101_135155_630211141,-0.45015797
20241101_135155_872643570,-0.34080973
20241101_135156_122636735,-0.30334345
20241101_135157_372648199,-0.17648639
20241101_135157_627006397,-0.16551109
20241101_135157_874203163,-0.06383862
20241101_135158_120452833,0.1116801
20241101_135158_370948747,0.19004329
20241101_135158_620290589,0.07775716
20241101_135158_873470380,0.12186376
20241101_135159_129239929,-0.044816278
20241101_135159_375280410,-0.069066785
20241101_135159_624153684,-0.079961024
20241101_135159_874036159,-0.07484224
20241101_135200_124140944,-1.0082831
20241101_135200_376741326,-0.27854237
20241101_135200_631905584,-0.42469978
20241101_135200_892491135,-0.4820393
20241101_135201_132400717,-1.1779579
20241101_135201_379779992,-0.47658673
20241101_135201_627607163,-0.41483304
20241101_135201_882967502,0.022037702
20241101_135202_131266080,-0.011867352
20241101_135202_386950816,0.08279543
20241101_135202_629839825,-0.007616181
20241101_135202_877493682,-0.08591183
20241101_135203_129347781,-0.14532815
20241101_135203_380241569,-0.27607697
20241101_135203_634731056,-0.32012683
20241101_135203_884267149,-0.32560068
20241101_135204_135315149,-0.18464728
20241101_135205_127426728,-0.197266
20241101_135205_632408493,-0.440761
20241101_135205_891346971,-0.20709465
20241101_135206_887059555,-0.21763285
20241101_135207_132113764,-0.1904191
20241101_135207_375168902,-0.15640648
20241101_135207_624416192,-0.0914379
20241101_135207_875794670,-0.7937251
20241101_135208_120531704,-0.4503789
20241101_135208_369879390,0.6837601
20241101_135208_620673549,1.3161318
20241101_135209_119176234,0.6009808
20241101_135209_869916605,0.9596951
20241101_135210_372294023,0.68674886
20241101_135210_869723287,0.6713715
20241101_135211_116622332,-0.004444292
20241101_135211_375291403,-0.29339263
20241101_135211_625759530,-0.14997055
20241101_135211_879208695,-0.09230443
20241101_135212_128677289,-0.10107755
20241101_135212_377262817,-0.11198863
20241101_135212_638370407,-0.45130524
20241101_135212_892388683,0.095844574
20241101_135213_167805815,-0.09329935
20241101_135213_417001066,-0.01990529
20241101_135213_657382115,0.01570169
20241101_135213_892994208,-0.13729377
20241101_135214_140478362,0.3163415
20241101_135214_393809451,1.2521118
20241101_135214_643840867,1.0586172
20241101_135214_895418271,0.35901195
20241101_135215_140412874,0.30009827
20241101_135215_386593279,0.3728056
20241101_135216_126493825,0.5188523
20241101_135216_379566342,0.63630617
20241101_135216_630919580,0.4690568
20241101_135216_879770996,0.3906923
20241101_135217_126653696,-0.8503637
20241101_135217_376751424,-0.5584041
20241101_135218_122429331,-0.9064303
20241101_135218_368699605,0.42103705
20241101_135218_619006176,0.37431285
20241101_135218_867643013,0.5129057
20241101_135219_370482589,0.43903008
20241101_135219_622789532,0.52400535
20241101_135219_873023198,0.529291
20241101_135220_121384163,0.58875656
20241101_135220_373219030,1.6452296
20241101_135220_623176078,-0.28142917
20241101_135220_874759774,0.14578037
20241101_135221_124811565,0.22858976
20241101_135221_388823078,0.15870593
20241101_135221_636429012,0.13816279
20241101_135221_879832538,0.31627893
20241101_135222_385203318,0.20324485
20241101_135222_626947019,0.56934434
20241101_135222_878329033,1.205295
20241101_135223_131000634,0.86240524
20241101_135223_374565134,0.6165961
20241101_135223_623914508,0.043635346
20241101_135223_875404461,0.05614809
20241101_135224_123184094,0.18842892
20241101_135224_616909367,0.111600615
20241101_135225_121785326,0.14065997
20241101_135225_372926729,0.035809554
20241101_135225_629460306,0.059605338
20241101_135225_889101188,0.33735743
20241101_135226_129403734,0.32203466
20241101_135226_373767214,0.3961632
20241101_135226_624726462,0.58445203
20241101_135226_878426136,0.7056137
20241101_135227_121734285,0.35926527
20241101_135227_888862061,0.32391906
20241101_135228_124589622,0.66407293
20241101_135228_378395906,0.78442776
20241101_135228_642455985,1.7879289
20241101_135228_889598479,-0.084026985
20241101_135229_140578298,-0.70938236
20241101_135229_391717574,-0.45965895
20241101_135229_644960780,-0.43619204
20241101_135229_897377000,-0.45509866
20241101_135230_137990251,-0.21275358
20241101_135230_380647387,-0.1974775
20241101_135231_373481848,-0.24700984
20241101_135231_626145959,-0.3867952
20241101_135231_876133269,-0.11178857
20241101_135232_119426564,-0.16917284
20241101_135232_381142257,-0.18789072
20241101_135232_630411689,-0.4149182
20241101_135232_874790434,-0.5097305
20241101_135233_123484269,-1.105962
20241101_135233_374861733,-1.0272719
20241101_135233_623371506,0.30323544
20241101_135233_872427161,0.23944192
20241101_135234_119206517,0.358902
20241101_135234_375585611,0.16662084
20241101_135234_628544320,-0.1823812
20241101_135234_885849371,-0.0068786945
20241101_135235_138768836,-0.2950293
20241101_135235_394384149,-0.114316605
20241101_135235_634861852,-0.121247105
20241101_135236_373062747,-0.21027191
20241101_135236_622192133,-0.15943389
20241101_135236_876758314,-0.1824639
20241101_135237_376503830,-0.52184415
20241101_135237_623556035,0.06692449
20241101_135237_878355576,0.083609305
20241101_135238_135602209,0.28846842
20241101_135238_382593367,0.36671907
20241101_135238_630793723,0.06654159
20241101_135238_877260237,0.013843754
20241101_135239_120433293,0.08823917
20241101_135239_372191578,0.05787281
20241101_135239_619204774,0.03733877
20241101_135240_118060347,0.0010176096
20241101_135240_370399965,-0.01626428
20241101_135241_619238318,0.044761933
20241101_135241_866548186,0.09641663
20241101_135242_373699270,0.04452894
20241101_135242_634901904,0.025272885
20241101_135242_876822102,0.03339938
20241101_135243_867236744,-1.7549562
20241101_135244_120180461,-0.5734747
20241101_135244_369847460,-1.0320833
20241101_135244_623707101,-0.7321525
20241101_135244_876234296,0.35879567
20241101_135245_124785544,-0.6670439
20241101_135245_371418847,-0.32432118
20241101_135245_619605823,-0.21427967
20241101_135245_868888207,-0.33631298
20241101_135246_120380174,-0.38118768
20241101_135246_370468685,-0.34963766
20241101_135246_618028978,-0.26862422
20241101_135246_870446886,-0.36460683
20241101_135247_366589600,-0.3032981
20241101_135248_122534109,-0.25399992
20241101_135248_373923900,-0.32107845
20241101_135248_623807386,-0.8474962
20241101_135248_870350740,-0.6492992
20241101_135249_118306345,-0.61783826
20241101_135249_371063765,-0.36358285
20241101_135249_623652226,-0.41638118
20241101_135249_885520487,-0.4288557
20241101_135250_127904360,-0.51120096
20241101_135250_390483993,0.60144186
20241101_135250_636245520,-0.28742567
20241101_135250_888460316,-0.06788745
20241101_135251_130232534,-0.022830209
20241101_135251_376027683,0.0038909707
20241101_135251_621980738,-0.0145188775
20241101_135252_370040772,-0.027602633
20241101_135252_619243415,0.017695645
20241101_135252_870816808,0.17266135
20241101_135253_874243665,0.08352957
20241101_135255_372022381,-0.009925386
20241101_135255_870571818,-0.016102334
20241101_135256_123761892,-0.13264985
20241101_135256_371363538,-0.39421484
20241101_135256_620990472,-1.7898949
20241101_135256_883478286,0.35875946
20241101_135257_127745881,1.4190172
20241101_135257_375674292,-0.8123206
20241101_135257_624989515,-0.80611736
20241101_135257_870540297,-0.9709177
20241101_135258_125754384,-0.94982463
20241101_135258_374021611,-0.34603873
20241101_135258_627377433,-0.055987485
20241101_135258_875775761,-0.58787125
20241101_135259_119914327,-0.45402396
20241101_135259_382343337,-0.114071764
20241101_135259_629948872,-0.1299097
20241101_135259_880201529,-0.17721064
20241101_135300_124034529,-0.0027615484
20241101_135300_373364957,-0.05131205
20241101_135300_619413158,-0.096565925
20241101_135301_119773433,-0.34472194
20241101_135301_376353177,-0.51103246
20241101_135301_636455150,-0.48862705
20241101_135301_892433022,0.8602656
20241101_135302_147056877,0.17355607
20241101_135302_400584267,-0.27142212
20241101_135302_641409762,-0.026702007
20241101_135302_891017911,0.035163917
20241101_135303_132596152,-0.28697082
20241101_135303_377862461,-0.1929151
20241101_135304_119367600,-0.14438297
20241101_135304_370360051,-0.22985317
20241101_135304_619127479,-0.096823
20241101_135305_123641361,-0.22937919
20241101_135305_378134106,-0.45451373
20241101_135305_631606147,-1.3418785
20241101_135305_884912946,-0.95740616
20241101_135306_127354661,0.7961503
20241101_135306_379600115,0.4776527
20241101_135306_623935094,0.24204044
20241101_135306_874866072,0.23903202
20241101_135307_121882745,0.35929668
20241101_135307_370429552,0.46713027
20241101_135308_383389339,0.32648668
20241101_135308_627700387,0.51961684
20241101_135308_889008437,0.43206364
20241101_135309_384165638,0.34767213
20241101_135309_621258655,0.344904
20241101_135309_869068256,0.29949406
20241101_135310_118032467,0.1488602
20241101_135310_377476860,0.24976794
20241101_135310_620167601,-0.020305416
20241101_135310_873155369,0.030774543
20241101_135311_117434103,0.06469006
20241101_135311_617339506,-0.009660086
20241101_135311_870532669,0.021034399
20241101_135312_369228405,0.01306496
20241101_135312_616300133,-0.14928086
20241101_135312_868401086,-0.15533046
20241101_135313_117129433,-0.08405688
20241101_135313_870162117,0.004694769
20241101_135314_119186881,0.25773782
20241101_135314_372409603,0.2541125
20241101_135316_372821248,0.13459931
20241101_135316_624763153,-0.20603229
20241101_135316_875547875,-0.3227109
20241101_135317_140681058,-0.6848175
20241101_135317_391240352,-0.060480557
20241101_135317_637111319,0.24891157
20241101_135317_882743597,-0.041086636
20241101_135318_126705049,-0.21384142
20241101_135318_385958876,-0.3971751
20241101_135318_623206527,-1.5773317
20241101_135318_870233410,-0.67142177
20241101_135319_122288467,-0.4886501
20241101_135319_371096064,-0.4799284
20241101_135319_867781584,-0.2963679
20241101_135320_120801103,-0.19084631
20241101_135320_369843656,-0.3287039
20241101_135320_619260693,-1.8209311
20241101_135320_871066570,0.80375284
20241101_135321_124657500,0.1827739
20241101_135321_379595339,-0.9844671
20241101_135321_625161346,-0.46447217
20241101_135321_875389620,0.4490086
20241101_135322_120452821,-0.9994295
20241101_135322_369910809,0.006575564
20241101_135322_619925259,-0.28139704
20241101_135322_871008851,-0.25868925
20241101_135323_120473366,-0.3170252
20241101_135323_876667192,-0.6162111
20241101_135324_122096795,0.43441963
20241101_135324_387636557,0.39618853
20241101_135324_624689889,0.19657783
20241101_135324_874225536,0.6894295
20241101_135325_122282577,0.63571006
20241101_135325_376885932,0.16381858
20241101_135325_632253429,-0.026655784
20241101_135325_874055896,0.026025156
20241101_135326_370886616,0.07225073
20241101_135326_621953736,0.10475487
20241101_135326_871196186,0.12099192
20241101_135327_117999716,0.39690593
20241101_135327_370174769,0.79123646
20241101_135327_620706586,0.55666375
20241101_135327_872470805,0.6089122
20241101_135328_125283897,0.02589024
20241101_135328_371160284,0.26951766
20241101_135328_620325547,-0.08870693
20241101_135328_871254045,0.027639816
20241101_135329_117780183,0.32335016
20241101_135329_371699619,-1.0288881
20241101_135329_621524301,-0.2739662
20241101_135329_871264752,-0.7239507
20241101_135330_121232112,-0.5075528
20241101_135330_371751456,-0.32404843
20241101_135330_628107775,-0.3341206
20241101_135330_876093240,0.4611145
20241101_135331_122419406,0.20703654
20241101_135331_370898793,0.058387555
20241101_135331_623283382,0.2023881
20241101_135331_879341131,0.4772353
20241101_135332_123725759,0.37205344
20241101_135332_368670398,0.3252634
20241101_135333_372894974,0.33978584
20241101_135333_619366608,0.28563485
20241101_135333_870651340,0.29857162
20241101_135334_116012175,0.31674197
20241101_135334_370562801,0.12511633
20241101_135334_617160339,0.14154373
20241101_135334_870375820,-0.07331749
20241101_135335_118237817,-0.20174547
20241101_135335_368650465,-0.089249484
20241101_135335_873766089,-0.13441916
20241101_135336_117075944,-0.74558026
20241101_135336_370370176,-1.3968818
20241101_135336_626396948,-0.40868884
20241101_135336_885613295,-0.30253372
20241101_135337_138126649,-0.8933574
20241101_135337_391361922,-0.33146003
20241101_135337_626052904,-0.24036999
20241101_135337_880363653,-0.15581156
20241101_135338_124376837,-0.078596815
20241101_135339_121648675,0.35122737
20241101_135339_374847591,0.13115822
20241101_135339_623052835,-0.07156541
20241101_135339_873416381,-0.017582854
20241101_135341_126308045,0.13816164
20241101_135341_377157487,0.5263727
20241101_135341_616729619,0.16644792
20241101_135341_872131756,-0.17094298
20241101_135342_118677611,-0.037191115
20241101_135342_372451112,-0.021500012
20241101_135343_117746276,-0.25962362
20241101_135343_369562964,-0.44059107
20241101_135343_618980386,-0.82086015
20241101_135343_872569176,-0.18988012
20241101_135344_124126668,-0.20738573
20241101_135344_386114211,-1.0694299
20241101_135344_639186550,0.29827598
20241101_135344_883915612,0.12508152
20241101_135345_135342388,0.13759051
20241101_135345_383175726,0.032064773
20241101_135345_623133310,0.034532703
20241101_135345_873076865,0.4631074
20241101_135346_120722407,0.1868294
20241101_135346_619897675,0.16404502
20241101_135346_867699496,0.13320388
20241101_135347_383095899,0.12150542
20241101_135347_622161242,0.6761183
20241101_135347_874029946,0.36417368
20241101_135348_130352614,0.24434404
20241101_135348_373348955,0.23800896
20241101_135349_381971489,0.14916597
20241101_135349_631817791,0.21694611
20241101_135349_884368279,0.016293148
20241101_135350_135406102,0.019967476
20241101_135350_381957679,0.056029357
20241101_135350_627103099,0.42423305
20241101_135350_884098351,0.2964695
20241101_135351_127532346,0.20043848
20241101_135351_386374284,-0.048304044
20241101_135351_636525541,-0.23291756
20241101_135351_884258538,-0.32126325
20241101_135352_126470551,-0.28274176
20241101_135352_379500506,-0.33141068
20241101_135352_630349231,-0.19939126
20241101_135352_877679880,-0.0287415
20241101_135353_121261554,0.29494253
20241101_135353_373313436,-0.022804251
20241101_135353_626894283,0.088739194
20241101_135353_886794278,0.06348727
20241101_135354_124949007,0.23936634
20241101_135354_373253823,0.1842296
20241101_135354_634228396,0.16954343
20241101_135354_886184889,0.19432877
20241101_135355_143866573,0.3361172
20241101_135355_395784930,0.36809993
20241101_135355_883929027,-0.07822754
20241101_135356_130841812,-0.0940946
20241101_135356_377725641,-0.13125576
20241101_135356_874510191,0.12695561
20241101_135357_126817864,-0.39397505
20241101_135357_376698353,-0.15778978
20241101_135357_620735673,-0.10015502
20241101_135357_876337132,-0.0793783
20241101_135358_122683124,0.15361221
20241101_135358_375087309,0.068541445
20241101_135358_625589508,0.032025255
20241101_135358_875780631,-0.08585604
20241101_135359_373858624,0.15591036
20241101_135359_624038042,0.92320234
20241101_135359_871642088,0.8552235
20241101_135400_123010034,0.11665804
20241101_135400_373481012,0.14180245
20241101_135400_623851336,-0.15753369
20241101_135400_869960896,-0.1977952
20241101_135401_119329533,-0.44704893
20241101_135401_372013424,-0.58009076
20241101_135401_622901365,-0.4917714
20241101_135401_873781396,-0.24695398
20241101_135402_385056097,-0.32177475
20241101_135402_632895826,-0.20533668
20241101_135402_878386655,0.17620696
20241101_135403_126877061,0.13801663
20241101_135403_381977018,0.039071627
20241101_135403_625196659,0.04580251
20241101_135403_880798031,0.0768624
20241101_135404_126705911,0.050812997
20241101_135404_372762806,-0.16094463
20241101_135404_621669393,-0.14225055
20241101_135404_870593398,-0.075710975
20241101_135405_125012867,0.15442567
20241101_135405_376633891,0.0107686315
20241101_135405_627309955,-0.071106784
20241101_135405_892264814,-0.02173086
20241101_135406_146017295,-0.114955835
20241101_135406_387894010,-0.08066895
20241101_135406_628201363,-0.21195321
20241101_135406_879000875,-0.5219017
20241101_135407_125123397,-0.2397788
20241101_135408_368797550,-0.17159308
20241101_135408_619716749,0.43763503
20241101_135408_870192673,0.2757127
20241101_135409_120840918,0.13620286
20241101_135409_378165412,0.10758171
20241101_135409_623619435,0.02292935
20241101_135409_871564931,0.21575429
20241101_135410_119304397,0.40779075
20241101_135410_371898626,0.01829628
20241101_135410_620040249,0.036090977
20241101_135410_871345342,0.030600766
20241101_135411_870787545,-0.027762076
20241101_135412_119288537,-0.097541116
20241101_135412_378488262,-0.11565205
20241101_135412_620718289,-0.13988264
20241101_135413_127477268,0.06859589
20241101_135413_370546670,0.03363947
20241101_135414_121632657,-0.1286527
20241101_135414_373671818,-0.07410251
20241101_135414_621186371,-0.4984667
20241101_135415_367429661,-0.19395088
20241101_135415_617526328,-0.13160564
20241101_135415_871650396,-0.17212592
20241101_135416_119912577,-0.07973408
20241101_135416_371018203,0.006897131
20241101_135417_369350844,0.021294424
20241101_135417_619974652,0.07199109
20241101_135417_874171462,0.014419267
20241101_135418_371039677,0.114312924
20241101_135418_875395671,-0.27195162
20241101_135419_122254060,-0.032061897
20241101_135419_631208656,0.6692462
20241101_135419_880717714,-0.22749044
20241101_135420_133291161,0.49647555
20241101_135420_385392400,-0.028370984
20241101_135420_625806650,0.3734133
20241101_135420_876484301,-0.00088389777
20241101_135421_121535237,0.0331221
20241101_135421_372730993,-0.017400177
20241101_135421_618305372,-0.023525318
20241101_135421_865646391,0.20717195
20241101_135422_115102976,0.007520953
20241101_135422_373448562,-6.2843785e-05
20241101_135422_636116154,-0.038479947
20241101_135422_879656506,-0.058953427
20241101_135423_374378770,0.13590024
20241101_135424_130286007,0.1121426
20241101_135424_629341726,0.21015185
20241101_135424_872764499,0.4417703
20241101_135425_117442286,0.6953402
20241101_135425_369164870,0.5267555
20241101_135425_633161112,0.62992334
20241101_135425_881795544,0.13970838
20241101_135426_123850418,-0.6336327
20241101_135426_382265010,-0.23412035
20241101_135426_624309438,-0.1861792
20241101_135426_878218456,-0.09905525
20241101_135427_123739738,-0.1125721
20241101_135427_373843918,0.14941664
20241101_135427_878817828,-0.00898247
20241101_135428_629837628,-0.103096925
20241101_135428_880451852,-0.3612353
20241101_135429_127014129,0.124231316
20241101_135429_379534959,0.22570299
20241101_135429_622475248,-0.58873147
20241101_135429_873427121,-0.3064269
20241101_135430_124969308,0.16516754
20241101_135430_382782321,-0.05109191
20241101_135430_646733168,-0.043949924
20241101_135430_896714270,0.07558677
20241101_135431_128329788,-0.23795791
20241101_135431_379591840,0.1413532
20241101_135431_632629406,0.119869985
20241101_135431_875472041,0.28235027
20241101_135432_122069990,0.15504844
20241101_135432_624706875,0.07089547
20241101_135434_371302055,0.15996306
20241101_135434_616504231,0.15780284
20241101_135435_118149497,0.10823453
20241101_135435_618001310,0.08706281
20241101_135436_370199195,0.01565651
20241101_135436_615637848,0.06681905
20241101_135437_870468973,0.031173984
20241101_135438_372591575,0.069238104
20241101_135438_867749523,0.059334256
20241101_135439_117635362,-0.095650755
20241101_135439_369897504,-0.54168606
20241101_135439_621410749,-0.72047025
20241101_135439_876595084,-0.75292146
20241101_135440_119886504,-0.75787705
20241101_135440_369390821,-0.61040723
20241101_135440_891030498,-2.3809037
20241101_135441_132081045,0.38898817
20241101_135441_376452584,-0.4051964
20241101_135441_626177767,-0.36107013
20241101_135441_883276875,-0.15921737
20241101_135442_132483075,-0.48467562
20241101_135442_382969524,-0.3144497
20241101_135442_626679081,-0.28002673
20241101_135442_878928443,-2.271802
20241101_135443_127802546,-0.7638175
20241101_135443_381865823,-0.44702777
20241101_135443_629659592,-0.3850236
20241101_135443_873926440,-0.36868942
20241101_135444_120898190,-0.38806033
20241101_135444_381571786,-0.36178502
20241101_135444_620736515,-0.34719768
20241101_135444_879865128,-0.07729532
20241101_135445_122939010,-0.16314872
20241101_135445_380643437,-0.6854668
20241101_135445_638422313,-1.8130754
20241101_135445_882205522,-0.93409306
20241101_135446_127137191,-0.5350893
20241101_135446_376167067,-0.53019506
20241101_135446_870809406,-0.52883416
20241101_135447_123826817,-0.49866548
20241101_135447_625222990,-0.44219083
20241101_135447_892392784,-0.21710457
20241101_135448_132990719,-0.006449489
20241101_135448_382173541,0.08968292
20241101_135448_622477946,0.09786348
20241101_135448_874925536,-0.0032786932
20241101_135449_122877778,-0.08663603
20241101_135449_375858532,-0.016377172
20241101_135449_626590697,0.1049268
20241101_135449_882517964,0.34981602
20241101_135450_123689443,0.17608513
20241101_135450_369871774,0.21135317
20241101_135450_622137720,-0.61481553
20241101_135450_882685136,-0.04041051
20241101_135451_124116562,0.17499475
20241101_135451_376139407,0.5011382
20241101_135451_630973763,0.514734
20241101_135451_880757849,0.3926674
20241101_135452_131512663,0.37643585
20241101_135452_378925994,0.35707378
20241101_135452_871139332,0.2641453
20241101_135453_372499341,0.26916432
20241101_135453_622421740,0.26392302
20241101_135453_869531891,0.2515627
20241101_135454_375292585,0.25197133
20241101_135455_120298401,0.23998846
20241101_135455_373849154,0.003548095
20241101_135455_625322349,0.037741728
20241101_135455_875693525,-0.5680504
20241101_135456_135144611,-0.5504324
20241101_135456_380529684,-0.21462266
20241101_135456_622615519,-0.5730645
20241101_135456_878064472,-1.096995
20241101_135457_130535486,-0.52530795
20241101_135457_372990459,-0.70747346
20241101_135457_883441741,-1.6431972
20241101_135458_127750468,-0.800551
20241101_135458_384739353,-0.6829105
20241101_135458_642561844,0.67150456
20241101_135458_890050249,0.758878
20241101_135459_133683119,0.57036334
20241101_135459_390981709,-0.5809155
20241101_135459_628644287,-0.5708692
20241101_135459_879873273,-0.50221705
20241101_135500_128510974,-0.93683326
20241101_135500_383018233,0.63691634
20241101_135500_629446266,0.02106879
20241101_135500_888142264,0.1484432
20241101_135501_130301064,0.23990326
20241101_135501_389085938,0.13000064
20241101_135501_640956367,0.14018922
20241101_135501_901059288,0.42476416
20241101_135502_134708596,0.23838489
20241101_135502_379339569,0.20043997
20241101_135502_626729517,0.18246971
20241101_135502_880142635,0.20653616
20241101_135503_130079542,0.1735798
20241101_135503_378390924,0.18333654
20241101_135503_624954201,0.415546
20241101_135503_874946716,0.7794798
20241101_135504_123879204,1.9018134
20241101_135504_373465675,-0.74519813
20241101_135504_624596729,-1.3129267
20241101_135504_876910382,0.09684781
20241101_135505_122704763,-0.027341982
20241101_135505_375351167,0.09908096
20241101_135505_622723900,0.0671579
20241101_135505_873616242,0.32778925
20241101_135506_122438224,0.9441913
20241101_135506_372930200,-0.5389896
20241101_135506_623840550,-0.55945706
20241101_135506_885052953,0.71838313
20241101_135507_149328732,-0.47790042
20241101_135507_411618303,0.3209662
20241101_135507_659740903,0.34269488
20241101_135507_906931119,9.0638176e-05
20241101_135508_137678603,-0.11219116
20241101_135508_384693020,-0.13812537
20241101_135508_625753190,-0.019058576
20241101_135508_885893972,-0.03240668
20241101_135509_131839502,-0.1414869
20241101_135509_383158156,-0.10296633
20241101_135509_630496887,-0.16729872
20241101_135509_882402649,-0.3699324
20241101_135510_122356184,-0.79896635
20241101_135510_370901904,-0.57538074
20241101_135510_619408705,-0.8415841
20241101_135510_871306796,-0.53907794
20241101_135511_121975495,-0.94812566
20241101_135511_378336531,0.45557335
20241101_135511_627780699,0.045055546
20241101_135511_876588925,0.7609877
20241101_135512_118135533,0.43838945
20241101_135512_370596877,0.336287
20241101_135512_619620401,0.2570171
20241101_135512_874776551,0.07049177
20241101_135513_128487557,0.026689092
20241101_135513_379899664,0.0864769
20241101_135513_873991330,0.012428859
20241101_135514_127233457,0.20455791
20241101_135514_389664562,0.70709556
20241101_135514_632509140,0.5366589
20241101_135515_124250401,0.3168965
20241101_135515_375772701,0.45943782
20241101_135515_625082014,1.033776
20241101_135515_875304433,-0.64067966
20241101_135516_125205244,-0.64017695
20241101_135516_369859200,0.5264951
20241101_135516_619117908,0.10542897
20241101_135516_873069824,-0.7624723
20241101_135517_120175543,-0.6180135
20241101_135517_370975845,-0.0804527
20241101_135517_622474714,0.4064223
20241101_135517_881567581,0.5087629
20241101_135518_127198558,0.24225841
20241101_135518_386574526,-0.1267844
20241101_135518_634005008,-0.23716709
20241101_135518_880721588,0.07400312
20241101_135519_377459725,-0.009168355
20241101_135519_622029103,0.2289202
20241101_135519_877345897,0.8650118
20241101_135520_117903746,0.79382354
20241101_135520_373932857,0.75472647
20241101_135520_624363087,0.5015807
20241101_135520_876361926,0.5893842
20241101_135521_127145966,0.9068906
20241101_135521_372928961,0.716443
20241101_135521_628537342,0.16100357
20241101_135521_876903231,0.060003944
20241101_135522_119303488,0.53271914
20241101_135522_372648909,0.7712695
20241101_135522_620877076,0.8395442
20241101_135522_874268643,-0.6766624
20241101_135523_125783001,-1.0046148
20241101_135523_384082454,-0.37696788
20241101_135523_633276442,-0.28339878
20241101_135523_875638430,-0.7580596
20241101_135524_130715021,-0.6147588
20241101_135524_393542846,-0.59110886
20241101_135524_873191000,-0.5940094
20241101_135525_132339888,-0.52703685
20241101_135525_384499503,-0.47119078
20241101_135525_626766687,-0.44848338
20241101_135525_876951978,-0.10539209
20241101_135526_136188338,-0.14701356
20241101_135526_380151479,-0.8334975
20241101_135526_622102085,-0.43843636
20241101_135527_125568982,-0.48340723
20241101_135527_381509557,-0.25656512
20241101_135527_624112084,-0.3196346
20241101_135528_119986846,-0.5305059
20241101_135528_379617029,-0.37698677
20241101_135528_621315887,-0.5712713
20241101_135528_875331769,-0.44424075
20241101_135529_121043449,-0.55200386
20241101_135529_378823910,-0.7884633
20241101_135529_624326594,-0.5203299
20241101_135529_878688305,-0.49438986
20241101_135530_128568788,-0.45221084
20241101_135530_381796299,-0.5955644
20241101_135530_627911804,-0.4964126
20241101_135531_128728104,-0.49634695
20241101_135531_373378121,-0.56889796
20241101_135531_626611376,-0.75195056
20241101_135531_870934920,-0.39022663
20241101_135532_119691455,-0.5172535
20241101_135532_369071139,-0.48313978
20241101_135532_616064488,-0.48120868
20241101_135532_867480109,-0.4813664
20241101_135533_129351548,-0.33780017
20241101_135533_377701955,-0.46980146
20241101_135533_624278286,0.8118327
20241101_135533_875848783,0.81774914
20241101_135534_123713430,0.17229928
20241101_135534_372898868,-0.3137049
20241101_135534_628621882,0.25480336
20241101_135534_873011720,1.0229175
20241101_135535_120002529,0.22676747
20241101_135535_378736238,0.15261725
20241101_135535_621488946,0.06663356
20241101_135535_873842887,0.14724384
20241101_135536_123936041,0.18822943
20241101_135536_382587136,-0.5525642
20241101_135536_622381975,-0.6302386
20241101_135536_874723009,-0.12485751
20241101_135537_120987886,-0.027143082
20241101_135537_374643753,0.27302018
20241101_135537_626186499,0.35246018
20241101_135537_877819138,0.56823796
20241101_135538_125526623,0.40311927
20241101_135538_375441031,0.28423458
20241101_135538_875941627,0.35827658
20241101_135539_125705803,0.39386767
20241101_135539_379433192,0.4533036
20241101_135539_625749001,0.10328934
20241101_135539_879770937,-0.16983332
20241101_135540_129816587,-0.6320186
20241101_135540_376628494,-0.19177894
20241101_135540_627355999,-0.07821356
20241101_135540_872900537,0.23689903
20241101_135541_131667251,0.9516075
20241101_135541_380657781,1.5041151
20241101_135541_628646611,0.237125
20241101_135541_874548893,0.01754758
20241101_135542_124688619,0.163985
20241101_135542_382130256,0.16211526
20241101_135542_622926983,0.21177755
20241101_135542_869730074,-0.033419095
20241101_135543_117087940,-0.007679781
20241101_135543_367035377,0.026519397
20241101_135544_120242882,-0.017231366
20241101_135544_371729293,-0.0021954384
20241101_135544_629969101,0.0093743
20241101_135544_887641842,0.2906236
20241101_135545_126594025,0.5324989
20241101_135545_379763878,0.78434116
20241101_135545_633554323,1.5063461
20241101_135545_890741780,-0.17592466
20241101_135546_128231998,-0.09362646
20241101_135546_379076627,-0.45338437
20241101_135546_625495810,0.2523537
20241101_135546_872567637,0.21079724
20241101_135547_120215478,0.13122879
20241101_135547_369772933,0.37463394
20241101_135547_617054126,0.32329836
20241101_135547_867612604,0.37043878
20241101_135548_114962076,0.3849082
20241101_135548_365289052,0.5156444
20241101_135549_112745862,0.35757488
20241101_135549_364982437,0.42154977
20241101_135550_115848251,0.5255955
20241101_135550_367524089,1.0079272
20241101_135550_617744495,1.0562432
20241101_135550_865692159,0.4100491
20241101_135551_115526317,-0.65625095
20241101_135551_368412610,-0.04042895
20241101_135551_618292400,-0.05495964
20241101_135551_874213869,-0.04154555
20241101_135552_118465996,-0.8770534
20241101_135552_370246284,0.64787024
20241101_135552_619726543,0.49716857
20241101_135552_873395228,0.41593665
20241101_135553_119836523,0.5545414
20241101_135553_372806397,0.67423403
20241101_135553_635599516,0.49930242
20241101_135553_882626754,0.33959353
20241101_135554_126517276,0.22666328
20241101_135554_370381507,0.35874748
20241101_135554_627207730,0.08541361
20241101_135554_881387704,-0.09732159
20241101_135555_124249021,-0.019108256
20241101_135555_373918494,-0.044079356
20241101_135555_624335325,-0.3827723
20241101_135555_876698040,-0.25648394
20241101_135557_368414252,-0.13702144
20241101_135557_614160775,0.10873907
20241101_135557_864879223,0.26736307
20241101_135558_115475035,0.23988105
20241101_135558_616487774,0.2048548
20241101_135559_367418794,0.14895613
20241101_135559_617533130,0.13364758
20241101_135559_870234967,0.12458671
20241101_135600_365953422,0.3053304
20241101_135600_617735938,0.9839774
20241101_135600_871444539,2.0636315
20241101_135601_125817342,-0.41847375
20241101_135601_375190047,-0.11527934
20241101_135601_617674800,0.4162182
20241101_135601_872410993,-0.8374989
20241101_135602_119754430,-1.07219
20241101_135602_372763118,-1.1167313
20241101_135602_618624254,-0.7616074
20241101_135602_870871153,-0.55474645
20241101_135603_114237055,-0.54187065
20241101_135603_368095853,-0.3600442
20241101_135603_620912538,-0.01202362
20241101_135603_873322464,-0.13984908
20241101_135604_123582022,-0.15397578
20241101_135604_374626626,-0.10111847
20241101_135604_619411176,-0.16531111
20241101_135604_871771635,-0.5184229
20241101_135605_123132321,-0.75487316
20241101_135605_369891244,-0.86387
20241101_135605_617496321,-0.90247935
20241101_135605_869378181,-0.8728448
20241101_135606_122012336,-1.0368505
20241101_135606_376661981,-0.7035528
20241101_135607_117545077,-0.8323297
20241101_135607_368349016,-0.7147857
20241101_135607_620328221,-0.635778
20241101_135607_869568785,0.05315385
20241101_135608_121341981,-1.1320925
20241101_135608_367997730,-0.83411545
20241101_135608_616053650,-0.5016372
20241101_135608_865901086,-0.70469666
20241101_135609_115258900,-0.25787744
20241101_135609_366279261,0.71206045
20241101_135609_616527564,0.43133473
20241101_135609_867573987,0.14546023
20241101_135610_114779706,0.23060529
20241101_135610_365713188,-0.04322838
20241101_135610_616920568,0.3247285
20241101_135610_867777191,0.30346322
20241101_135611_116862522,0.271383
20241101_135611_368538626,0.41206565
20241101_135611_620439577,0.21114893
20241101_135611_870646600,0.36774582
20241101_135612_127168486,0.26623154
20241101_135612_378053457,0.3101688
20241101_135612_618901642,0.44007432
20241101_135612_866016295,0.4479493
20241101_135613_114198020,0.29511672
20241101_135614_128848775,0.50001
20241101_135614_377584939,0.1957375
20241101_135614_617954469,0.5074168
20241101_135614_872703598,0.5210735
20241101_135615_115393867,0.4241444
20241101_135615_365194437,0.4462239
20241101_135615_871283023,0.39958274
20241101_135616_626487356,0.19930278
20241101_135616_884047936,-0.008142045
20241101_135617_122086621,0.008351574
20241101_135617_369474112,-0.1662953
20241101_135617_617602620,-0.2841302
20241101_135617_868587422,-0.38296756
20241101_135618_115315045,-0.06968831
20241101_135618_365678008,-0.8611937
20241101_135618_616298961,-0.6418376
20241101_135618_868212678,-0.3212414
20241101_135619_113926683,-0.24612571
20241101_135620_370364473,-0.21306063
20241101_135620_618309671,-0.12805317
20241101_135620_865034991,-0.16388379
20241101_135621_115817446,-0.06522211
20241101_135621_390258766,-0.20835574
20241101_135621_626069166,-0.38613006
20241101_135622_119115289,-0.4036998
20241101_135622_374298352,-0.33126384
20241101_135622_617222020,-0.4631888
20241101_135622_866676182,-1.5908784
20241101_135623_119459957,0.15366529
20241101_135623_374892174,0.44834822
20241101_135623_620367997,0.8252611
20241101_135623_872259913,0.35178438
20241101_135624_119943472,0.35513857
20241101_135624_387309177,1.0560505
20241101_135624_624195284,0.14770254
20241101_135624_877402105,0.11028781
20241101_135625_122220750,0.031995043
20241101_135625_373791145,-0.040688418
20241101_135625_619361092,0.01238207
20241101_135625_871377042,0.039887734
20241101_135626_118713810,0.14985587
20241101_135626_367130386,0.9678943
20241101_135626_615972695,0.3529555
20241101_135626_866040887,0.3707982
20241101_135627_116285930,0.5508141
20241101_135627_364685622,0.60287744
20241101_135627_618167140,0.61559325
20241101_135628_115570268,0.47803393
20241101_135628_365869407,0.12026284
20241101_135628_615581262,-0.2166981
20241101_135628_867971414,-0.19675387
20241101_135629_116586797,-0.03523644
20241101_135630_616095863,-0.014564475
20241101_135630_864958671,0.10906816
20241101_135631_113882357,0.19661123
20241101_135631_366810663,0.20637356
20241101_135631_616421694,0.26085553
20241101_135631_867851137,0.49592397
20241101_135632_115185059,0.34956664
20241101_135632_364850855,0.3254539
20241101_135632_614957892,0.3178073
20241101_135632_868228892,0.61180097
20241101_135633_116525890,0.49745294
20241101_135633_366569898,0.5050158
20241101_135633_617574960,0.14710525
20241101_135633_869642458,-0.17712082
20241101_135634_121634373,-0.016153608
20241101_135634_375280712,-0.7891652
20241101_135634_627317137,0.009136947
20241101_135634_882591349,-0.15001917
20241101_135635_125695347,-0.29114872
20241101_135635_381404470,-0.25258395
20241101_135635_622666317,-0.31779572
20241101_135635_873223454,-0.41782883
20241101_135636_117173166,-0.35527793
20241101_135636_370160192,-0.15638945
20241101_135636_623407927,0.1641713
20241101_135636_873667434,0.35135275
20241101_135637_120207163,0.33671317
20241101_135637_870798401,0.19695145
20241101_135638_367592035,0.085583195
20241101_135638_619390273,0.012205163
20241101_135638_873115726,0.019690135
20241101_135639_383795290,0.07609633
20241101_135639_623902044,0.11924628
20241101_135639_873724248,0.36182368
20241101_135640_120072979,0.28394127
20241101_135640_369887676,0.08437387
20241101_135640_623123064,0.13644396
20241101_135641_615565236,0.13432328
20241101_135641_866944493,-0.32403728
20241101_135642_120279245,-0.40702942
20241101_135642_369436393,-0.76141614
20241101_135642_616834691,-1.8396937
20241101_135642_869333382,0.8713801
20241101_135643_118679870,1.2424029
20241101_135643_370894049,0.3827685
20241101_135643_616725416,0.8874457
20241101_135643_865636905,0.698182
20241101_135644_116072788,0.80247843
20241101_135644_373883740,0.5564585
20241101_135644_614284082,0.47679034
20241101_135645_115973923,0.4301703
20241101_135646_614363763,0.3851118
20241101_135647_113353448,0.41416833
20241101_135647_367972548,0.70951813
20241101_135647_619076510,1.1392133
20241101_135648_364215779,0.87448907
20241101_135650_116952819,0.77307516
20241101_135650_369291312,0.7756395
20241101_135651_373865500,0.9689889
20241101_135651_616837407,0.21629508
20241101_135651_869211881,0.14231609
20241101_135652_118958629,0.18367271
20241101_135652_369255009,0.5922426
20241101_135652_616133322,0.604065
20241101_135652_867426871,0.6710693
20241101_135653_363384641,0.60692155
20241101_135653_615146848,1.3809218
20241101_135653_863936035,-0.58414596
20241101_135654_112009995,-0.638493
20241101_135654_367114307,-0.9439969
20241101_135654_623881878,-0.7355255
20241101_135654_893167762,-0.72899735
20241101_135657_115777579,-0.7403165
20241101_135657_615001626,0.71840435
20241101_135657_872272104,1.0871878
20241101_135658_121802449,0.44535983
20241101_135658_367847488,0.5209756
20241101_135658_617674263,0.58878505
20241101_135658_865952169,1.1479009
20241101_135659_368387521,0.60486794
20241101_135659_616428813,0.23923613
20241101_135659_866883575,0.12819208
20241101_135700_373931168,0.17350227
20241101_135700_624231365,-0.2758514
20241101_135700_870203857,-0.20034237
20241101_135701_123751638,0.073757775
20241101_135701_377792772,0.286097
20241101_135701_622065272,0.16549091
20241101_135701_872556071,-0.032256864
20241101_135702_115370527,-0.28826135
20241101_135702_366009467,-1.521032
20241101_135702_616541240,-0.6330127
20241101_135702_866878910,-0.53455544
20241101_135703_116733545,-1.0253067
20241101_135703_368461430,-1.3346437
20241101_135703_614695317,0.8240675
20241101_135703_865340864,0.492541
20241101_135704_114380875,0.36557037
20241101_135704_366805256,0.45159686
20241101_135704_614925676,0.84432894
20241101_135704_873602835,0.4056525
20241101_135705_619024569,0.54118437
20241101_135705_870153143,0.36426046
20241101_135706_119184624,0.20325224
20241101_135706_365426785,-0.13644429
20241101_135706_617590806,-0.24265952
20241101_135706_871436705,0.20659633
20241101_135707_115295602,0.21922298
20241101_135707_370676969,0.15922041
20241101_135708_114114588,0.15485044
20241101_135708_616919829,0.008516649
20241101_135708_864033020,0.07883141
20241101_135709_364808079,0.04173336
20241101_135710_111617811,-0.39024854
20241101_135710_363303981,-0.4402076
20241101_135710_863966422,-0.16271414
20241101_135711_113580072,0.111399
20241101_135711_366646814,0.18417363
20241101_135711_618236199,0.54532886
20241101_135711_869616068,1.0562999
20241101_135712_117847708,-0.8110146
20241101_135712_370908491,-0.2832742
20241101_135712_615477734,-1.8683269
20241101_135712_869376804,0.81407315
20241101_135713_117632745,0.11023108
20241101_135713_370249190,0.1933106
20241101_135713_615371622,0.6957999
20241101_135713_867291870,0.41163108
20241101_135714_118802219,0.2556654
20241101_135714_368325284,0.2304314
20241101_135715_116403339,0.255457
20241101_135715_870141919,0.25087565
20241101_135717_123835312,0.34966877
20241101_135717_373151860,0.7664167
20241101_135717_617453880,0.04543156
20241101_135717_875768608,0.30155703
20241101_135718_119981195,0.12228695
20241101_135718_368211865,-0.064078666
20241101_135718_618179332,-0.1959988
20241101_135718_868554636,-0.38999793
20241101_135719_118015901,-0.76506656
20241101_135719_366775542,-1.4356467
20241101_135719_614182330,-0.7264093
20241101_135719_866514964,-0.21851178
20241101_135720_123220241,-0.12103393
20241101_135720_377221007,-0.076986395
20241101_135722_374802326,-0.099905215
20241101_135722_618583194,-0.106742404
20241101_135723_117537278,-0.24945523
20241101_135723_368421400,0.41693273
20241101_135723_621145648,0.012410561
20241101_135723_875730414,0.21363817
20241101_135724_124461220,0.20668517
20241101_135724_390254946,-0.05796548
20241101_135724_624586711,-0.05892857
20241101_135724_877672181,-0.016988417
20241101_135725_121882503,0.02604554
20241101_135725_374201166,0.08711492
20241101_135725_871026802,-0.21251799
20241101_135726_621569300,-0.042386673
20241101_135727_372962740,-0.052241705
20241101_135727_616419884,0.1402996
20241101_135727_890359904,1.2983963
20241101_135728_134735017,-1.1371049
20241101_135728_384321140,-0.59073454
20241101_135728_628358933,-0.6017431
20241101_135728_872318024,-0.02225232
20241101_135729_120797328,0.1922511
20241101_135729_374119569,0.15030429
20241101_135729_617888708,-0.057349287
20241101_135729_867142533,-0.020201465
20241101_135730_113575833,-0.1583382
20241101_135730_369271480,0.57418954
20241101_135730_614798990,0.15853511
20241101_135730_863877605,0.3807077
20241101_135731_116123937,0.38727513
20241101_135731_373768502,0.19121741
20241101_135731_615797730,0.4814712
20241101_135731_871322070,1.0034614
20241101_135732_130767607,0.40775728
20241101_135732_387603338,2.2367954
20241101_135732_638103416,0.09914137
20241101_135732_882892687,0.49013832
20241101_135733_125269345,0.16006117
20241101_135733_374381010,0.029902855
20241101_135733_617743772,0.09462742
20241101_135733_867024680,0.10103569
20241101_135734_119107940,0.72712153
20241101_135734_382664462,0.064481355
20241101_135734_629173235,0.70770043
20241101_135734_876677544,-0.7845798
20241101_135735_125091959,-0.8339996
20241101_135735_376465258,0.06842104
20241101_135735_622458182,-0.7360953
20241101_135735_871826988,1.0446203
20241101_135736_115402110,-0.31022364
20241101_135736_367278033,-0.43560353
20241101_135736_614801005,-0.34992942
20241101_135736_866263641,0.24886934
20241101_135737_114433300,0.17694186
20241101_135737_363340401,-0.42116523
20241101_135737_613402325,-0.54733646
20241101_135737_865709477,0.0456665
20241101_135738_117029974,1.068997
20241101_135738_372670093,1.4741282
20241101_135738_620520444,0.25431198
20241101_135738_872279784,0.65649813
20241101_135739_117463690,0.87352264
20241101_135739_368356171,-0.6182897
20241101_135739_620379305,-0.44139218
20241101_135739_878928443,-0.14025536
20241101_135740_126347606,0.13728167
20241101_135740_388243125,0.17046012
20241101_135740_631806662,0.5572694
20241101_135740_882933638,0.15076247
20241101_135741_128672932,-0.073556446
20241101_135741_374002559,-0.041068576
20241101_135741_616837423,0.016202727
20241101_135741_879517451,0.11426584
20241101_135742_133551678,-0.009187242
20241101_135742_387835558,0.053947724
20241101_135742_633555482,0.022083322
20241101_135742_885818817,-0.054412507
20241101_135743_128802715,0.10590819
20241101_135743_377586220,0.03595016
20241101_135743_619477708,-0.059039794
20241101_135743_866771337,-0.3219758
20241101_135744_115178761,-0.2514454
20241101_135744_374178939,-0.039567076
20241101_135745_376094664,-0.022298178
20241101_135746_862617333,0.06722609
20241101_135747_110705308,0.09443862
20241101_135747_611654931,-0.48341617
20241101_135747_863684709,0.6698593
20241101_135748_116551467,0.76133525
20241101_135748_370422806,0.40204757
20241101_135748_627298964,0.5979407
20241101_135748_870581899,1.0300957
20241101_135749_120904350,1.2192972
20241101_135749_372840015,-0.64678925
20241101_135749_616107031,-0.45050213
20241101_135749_870349356,-0.72872335
20241101_135750_116365346,-0.6127307
20241101_135750_364715479,-0.5507215
20241101_135750_862875342,-0.58911467
20241101_135751_862757098,-0.61206615
20241101_135752_112749331,-0.2407204
20241101_135752_368051099,0.012165843
20241101_135752_613631680,0.05754675
20241101_135752_864901907,0.04986316
20241101_135754_115975487,-0.025605818
20241101_135754_367112779,-0.081937276
20241101_135754_866459450,-0.063546024
20241101_135755_116015419,0.05326215
20241101_135755_373904389,0.037093855
20241101_135755_626465901,-0.10624745
20241101_135755_872844517,-0.33306167
20241101_135756_118068240,-0.23599313
20241101_135756_366339289,-0.13371785
20241101_135756_612938770,0.034892954
20241101_135756_863767368,0.046391077
20241101_135757_616416727,0.0066962633
20241101_135759_115272550,-0.07313471
20241101_135801_115738633,0.27935177
20241101_135801_372901517,-0.20673902
20241101_135801_615635508,-0.38874653
20241101_135801_870620840,-0.046174727
20241101_135802_129512289,-0.04917126
20241101_135802_886343465,-0.070928656
20241101_135803_382643906,-0.07904055
20241101_135803_633074275,-0.083354495
20241101_135803_879741502,-0.0059470143
20241101_135804_130206290,1.0920229
20241101_135804_388622072,0.03183523
20241101_135804_626635060,-0.34286115
20241101_135804_881381936,-0.12774874
20241101_135805_372513853,0.3206737
20241101_135805_622376040,0.4654539
20241101_135805_870301476,0.44955567
20241101_135806_366855310,0.22345673
20241101_135806_620968688,0.20882134
20241101_135806_879284365,0.2179247
20241101_135807_128036106,0.2522237
20241101_135807_382491055,0.18443167
20241101_135807_636330790,-0.2737714
20241101_135807_883213535,-0.23938842
20241101_135808_125799102,-0.43918967
20241101_135808_376290152,-0.43445638
20241101_135808_620900523,-0.73340434
20241101_135808_866766963,-0.3284867
20241101_135809_117276702,0.38176528
20241101_135809_366923269,0.6514302
20241101_135809_613522941,0.49676427
20241101_135809_869260090,0.3505406
20241101_135810_114572830,0.4270852
20241101_135811_365921373,0.43936762
20241101_135811_615328386,0.35549393
20241101_135811_865475066,0.39274785
20241101_135812_116775002,0.21599899
20241101_135812_864348448,0.19770579
20241101_135813_114471313,0.10020486
20241101_135813_374106733,-0.22883286
20241101_135813_628595065,-0.08287128
20241101_135814_615312021,-0.08038654
20241101_135815_867434500,-0.16475661
20241101_135816_113751420,-0.007873317
20241101_135816_363369017,-0.32465193
20241101_135816_614170887,-0.30871835
20241101_135817_614289332,-0.26564375
20241101_135817_864184112,-0.21952792
20241101_135818_113549912,-0.13811894
20241101_135818_363458736,-0.109412335
20241101_135820_363483227,-0.11412563
20241101_135820_615965837,0.16830929
20241101_135820_865803917,0.1988892
20241101_135821_112843063,0.28296146
20241101_135822_369531200,0.18144624
20241101_135822_615310322,0.1909586
20241101_135822_865296397,0.47900417
20241101_135823_113658145,0.35632002
20241101_135823_363161629,0.018453518
20241101_135823_614225296,0.33689097
20241101_135823_863361272,0.08633334
20241101_135824_112954319,0.3723718
20241101_135825_115014660,-0.025333663
20241101_135825_362056474,0.027357617
20241101_135825_613321933,0.03630308
20241101_135826_615080301,0.054268874
20241101_135826_868858480,0.14320515
20241101_135827_115016300,0.10012833
20241101_135828_115770615,0.103740044
20241101_135828_363628998,0.115116455
20241101_135828_621162716,0.083953
20241101_135829_614733094,0.10234056
20241101_135831_117502521,0.0689942
20241101_135831_617577120,0.07520906
20241101_135831_869327581,0.5702607
20241101_135832_117471048,0.4862927
20241101_135833_369186472,0.27074054
20241101_135833_617667379,0.27463686
20241101_135834_114974943,0.24426349
20241101_135834_364013702,0.48039308
20241101_135834_613561241,0.25862837
20241101_135834_864626028,0.28786826
20241101_135835_113901484,0.39629558
20241101_135835_363842970,0.36275628
20241101_135835_612823342,0.43948457
20241101_135835_863455983,0.17786379
20241101_135836_113548429,0.10891438
20241101_135836_362128728,0.40220276
20241101_135836_611722913,0.13017227
20241101_135836_865430909,0.08870689
20241101_135837_113910157,0.36135665
20241101_135837_365873004,0.34573904
20241101_135837_625000651,0.58941096
20241101_135837_878275107,-0.54203176
20241101_135838_120262182,-0.17232244
20241101_135838_372967438,-0.45393503
20241101_135838_633286690,-0.22746128
20241101_135838_892374664,0.17745554
20241101_135839_140958359,0.6229121
20241101_135839_388767307,0.056252517
20241101_135839_623558511,-0.018321952
20241101_135839_883204865,-0.1559924
20241101_135840_123371651,-0.2841381
20241101_135840_377138593,-0.4607465
20241101_135840_620646017,-0.26409686
20241101_135840_871645293,-0.26736557
20241101_135841_120250118,-0.23026596
20241101_135841_611421684,-0.1034126
20241101_135841_865768227,-0.15735458
20241101_135842_612963338,-0.088114075
20241101_135842_866490281,-0.112042986
20241101_135843_111827977,-0.12144347
20241101_135843_614933283,-0.09819349
20241101_135844_120484849,-0.28841034
20241101_135844_615761862,-0.07539491
20241101_135844_870324585,-0.03929978
20241101_135845_869249233,-0.016021362
20241101_135846_115089952,0.06111993
20241101_135846_376653518,-0.018104753
20241101_135846_628008355,-0.038761936
20241101_135846_871216293,-0.041646563
20241101_135847_614111046,0.15104641
20241101_135848_113724215,-0.010922244
20241101_135848_368366481,-0.0018165018
20241101_135848_625647826,0.023953805
20241101_135849_617558674,0.031776913
20241101_135849_865776593,0.0046154056
20241101_135850_113901009,-0.16078405
20241101_135850_364674131,-0.06593742
20241101_135850_620920491,-0.042731933
20241101_135850_864871644,-0.1032848
20241101_135851_121422465,-0.07428964
20241101_135851_373364455,-0.15847634
20241101_135851_619913417,-0.07044824
20241101_135851_866381106,-0.07665213
20241101_135852_367537532,-0.0667186
20241101_135852_617421631,0.35995176
20241101_135852_868519633,0.6170899
20241101_135853_115169267,0.32611015
20241101_135853_371551621,0.20275031
20241101_135853_614632100,0.20633052
20241101_135854_122392076,0.20426063
20241101_135854_376068516,0.19519423
20241101_135854_617203037,0.18116347
20241101_135855_120889951,0.1770408
20241101_135855_615941767,0.15200083
20241101_135855_869523929,0.11293409
20241101_135856_118497140,0.085159875
20241101_135856_624434116,0.07102523
20241101_135856_877539296,0.061122216
20241101_135857_121725380,0.043131627
20241101_135857_373528749,0.08411787
20241101_135857_620209319,0.07511554
20241101_135857_870858761,0.10934428
20241101_135858_123557268,0.0747231
20241101_135858_368120160,0.15445997
20241101_135858_613992912,0.17362107
20241101_135858_865057446,0.14637206
20241101_135859_113085498,0.16779007
20241101_135859_368535642,0.16190676
20241101_135859_617203921,0.19263007
20241101_135859_866797459,0.2757507
20241101_135900_111719461,0.3995135
20241101_135900_364944664,-0.6569196
20241101_135900_620179024,-0.06394534
20241101_135900_872092099,-0.12805302
20241101_135901_117169347,-0.3463455
20241101_135901_367707177,-0.34660217
20241101_135901_613841233,-0.30088884
20241101_135901_867747821,-0.05045695
20241101_135902_115922106,0.040968925
20241101_135902_365006566,-0.031273864
20241101_135902_866148280,-0.024495235
20241101_135903_112509150,-0.009769192
20241101_135903_361450659,-0.05228316
20241101_135903_864437225,-0.12366148
20241101_135904_369528209,-0.059611224
20241101_135904_629605253,-0.02852573
20241101_135904_884946786,-0.114850365
20241101_135905_617112076,-0.13378169
20241101_135906_363866628,-0.15675797
20241101_135906_614403346,-0.08368837
20241101_135908_114686129,0.040768646
20241101_135908_377842077,0.0122071
20241101_135908_625884713,0.10334345
20241101_135909_374766678,0.12031422
20241101_135909_615211407,0.03397075
20241101_135909_867398114,0.044605084
20241101_135910_125870436,0.024265746
20241101_135910_616223718,0.023896286
20241101_135911_362649608,0.16089217
20241101_135911_612524767,0.050131984
20241101_135911_865146652,-0.094057135
20241101_135912_118569645,-0.18731679
20241101_135912_370074332,-0.34127817
20241101_135912_615766288,-0.19439842
20241101_135913_119620452,-0.28001493
20241101_135914_621749263,-0.19506179
20241101_135915_620659292,-0.76567715
20241101_135915_871052766,-0.77083576
20241101_135916_119464479,-0.4753513
20241101_135916_366284723,-0.9076267
20241101_135916_612808418,-0.5641206
20241101_135916_866815343,-0.65745425
20241101_135917_116311293,-1.2090312
20241101_135917_368052545,-1.7094185
20241101_135917_619125946,0.43194297
20241101_135917_866799716,0.65494096
20241101_135918_111657211,0.42442825
20241101_135918_364297617,0.3793265
20241101_135918_618097862,0.038824
20241101_135918_868321507,-0.31232676
20241101_135919_116469107,-0.15935577
20241101_135919_365237332,-0.1548111
20241101_135919_612851361,-0.13753472
20241101_135919_863325091,-0.064313434
20241101_135920_112483479,0.12512462
20241101_135920_611639193,-0.011763653
20241101_135921_112576390,0.0012811814
20241101_135921_363554468,0.050060548
20241101_135921_615060254,0.027612755
20241101_135921_874812584,0.11048243
20241101_135922_124767450,0.4556927
20241101_135922_374850935,1.4664431
20241101_135922_620976809,-0.97080684
20241101_135922_880422647,-0.5203002
20241101_135923_120600439,-0.79620075
20241101_135923_377548893,-0.038608372
20241101_135923_623250654,-0.095103346
20241101_135923_869866328,-0.09683212
20241101_135924_390898080,-0.12556411
20241101_135925_862992354,-0.12834744
20241101_135926_618041165,-0.13702463
20241101_135926_872461713,-0.0628063
20241101_135931_116388134,-0.09416216
20241101_135931_368997350,-0.084052764
20241101_135931_866150676,0.4328995
20241101_135932_114985966,0.52923805
20241101_135932_372170342,0.36569285
20241101_135932_618930185,0.32276395
20241101_135932_867765702,0.2406136
20241101_135934_371960291,0.1882806
20241101_135935_125170539,-0.07338525
20241101_135935_398710296,1.2738183
20241101_135935_644042199,-0.03928878
20241101_135935_908134687,0.013164798
20241101_135936_151343983,-0.027041337
20241101_135936_398862931,-0.16633464
20241101_135936_639518052,-0.10875752
20241101_135936_882176680,0.028599778
20241101_135937_123007500,-0.13008024
20241101_135937_381132319,-0.533069
20241101_135937_631063966,-0.80512506
20241101_135937_891596998,-0.49836275
20241101_135938_147692473,-0.6961533
20241101_135938_398564987,-0.63665354
20241101_135938_639194501,0.18514358
20241101_135938_889452400,0.18199353
20241101_135939_124855043,0.33576235
20241101_135939_375784651,0.26424053
20241101_135939_619987231,0.43776056
20241101_135939_873693290,1.662879
20241101_135940_131337463,0.13727145
20241101_135940_383600350,-0.4393048
20241101_135940_625067127,-0.5104685
20241101_135940_874465037,-0.20315093
20241101_135941_120999250,-0.15006594
20241101_135941_371119367,-0.17130513
20241101_135942_116630924,-0.17032678
20241101_135942_371218948,-0.56156325
20241101_135942_625158946,-0.5536494
20241101_135942_870306791,-0.57195026
20241101_135943_367799964,-0.49799582
20241101_135943_615281412,-0.3033355
20241101_135943_872559855,-0.18933158
20241101_135944_121430779,-0.36444274
20241101_135944_367242627,-0.08954402
20241101_135944_612220826,-0.07899936
20241101_135944_867237364,-0.61764896
20241101_135945_112138949,-1.5195706
20241101_135945_365508341,-0.70108896
20241101_135945_615451018,-0.4957737
20241101_135945_871431751,-0.4908817
20241101_135946_114655815,-0.44334194
20241101_135946_868916962,-0.48182926
20241101_135947_114236266,-0.21277402
20241101_135948_370945991,-0.34823537
20241101_135948_619882037,-0.10490787
20241101_135948_866754184,-0.12767418
20241101_135949_367164130,0.003253622
20241101_135949_614010428,0.06815568
20241101_135949_867021934,0.1383547
20241101_135950_113984252,-0.11828991
20241101_135950_374131526,-0.17479227
20241101_135950_614905291,-0.06841131
20241101_135951_115409766,-0.100632094
20241101_135951_364917407,-0.039181016
20241101_135951_618355112,0.103088416
20241101_135951_865524570,0.094345845
20241101_135952_614080568,-0.12513317
20241101_135952_868536285,0.025162438
20241101_135953_117947268,-0.009630462
20241101_135953_615493922,0.00013760664
20241101_135953_877112765,-0.21031968
20241101_135954_121188571,-0.14209838
20241101_135954_866739240,-0.109116934
20241101_135955_114826714,-0.16638006
20241101_135955_364397789,-0.3311611
20241101_135955_613784269,-0.20707984
20241101_135955_861732902,-0.19413795
20241101_135956_112910449,0.088586874
20241101_135956_361962882,0.07493565
20241101_135956_612507776,0.117877714
20241101_135956_862185000,0.0386459
20241101_135957_366885026,0.114679135
20241101_135957_614051271,0.07313637
20241101_135957_866745805,-0.22109263
20241101_135958_124164063,-0.8786704
20241101_135958_375492758,-0.7642616
20241101_135958_616176552,-0.43103978
20241101_135958_867316352,-0.43447477
20241101_135959_118243109,-0.47880432
20241101_135959_369634514,0.38958618
20241101_135959_630658831,0.19187795
20241101_135959_885188520,0.016682187
20241101_140000_140140631,0.10582066
20241101_140000_386847601,0.68369204
20241101_140000_649901122,0.36041567
20241101_140000_901953408,0.22842251
20241101_140001_391944448,0.19537
20241101_140001_644814271,0.6565946
20241101_140001_890693539,0.7039692
20241101_140002_131521786,0.40309894
20241101_140002_386006012,0.68034583
20241101_140003_120927851,0.9562364
20241101_140003_367814549,0.65058404
20241101_140003_870071317,0.12246341
20241101_140004_114679218,0.22950013
20241101_140004_371955685,0.7248199
20241101_140004_614169481,0.48908564
20241101_140004_884332792,0.42796212
20241101_140005_122330662,0.07921966
20241101_140005_380920395,0.70374304
20241101_140005_622634168,0.065713525
20241101_140005_870269597,0.22339235
20241101_140006_149893796,0.044235207
20241101_140006_383738553,0.0248426
20241101_140006_616030456,0.042944886
20241101_140006_864719496,-0.6509452
20241101_140007_116173256,-0.56705475
20241101_140007_365058725,-0.43530196
20241101_140007_622625588,-0.66937226
20241101_140007_871991015,-0.30447054
20241101_140008_122319818,-0.37136823
20241101_140008_368797416,-0.3878988
20241101_140008_619149898,-0.18989028
20241101_140008_888606381,-0.07768354
20241101_140009_123551097,-0.08598622
20241101_140009_373489854,0.21331687
20241101_140009_619176415,0.17469297
20241101_140009_874007616,0.14409955
20241101_140010_127624539,0.09181122
20241101_140010_374042872,0.1231359
20241101_140010_620985130,0.13880382
20241101_140010_877606330,0.12028275
20241101_140011_403779952,0.14418106
20241101_140011_619485567,0.14322893
20241101_140012_116090555,-0.4891747
20241101_140012_374617418,-0.67427665
20241101_140012_618764958,-0.40057182
20241101_140012_863477788,-0.4156886
20241101_140013_115198324,-0.05687578
20241101_140013_370657170,-0.009435818
20241101_140014_116329698,-0.07951101
20241101_140014_613557796,-0.032802425
20241101_140014_865571065,0.031417944
20241101_140015_131817384,-0.0039208736
20241101_140015_368658203,0.039892413
20241101_140015_616093389,-0.18477495
20241101_140016_118496798,-0.21086751
20241101_140016_379603338,-0.17218228
20241101_140016_626504640,-0.16960312
20241101_140016_874258125,-0.031260096
20241101_140017_115350491,-0.0077659693
20241101_140017_367638331,-0.088584624
20241101_140018_126267658,-0.19597812
20241101_140018_368251867,-0.23879518
20241101_140018_627155410,-0.15341736
20241101_140018_875531032,-0.53402793
20241101_140019_133842374,-0.7494977
20241101_140019_379293494,-1.3374094
20241101_140019_623844911,0.4876298
20241101_140019_877285591,0.25842097
20241101_140020_120050354,0.12963323
20241101_140020_368842330,0.45313743
20241101_140020_612479799,0.43289608
20241101_140020_863310083,0.16892199
20241101_140021_112145731,0.29104388
20241101_140021_363783250,0.30915174
20241101_140021_608666096,0.38443667
20241101_140021_861188153,0.6746159
20241101_140022_114943725,0.9969602
20241101_140022_612549571,0.51819134
20241101_140022_863884809,0.36342743
20241101_140023_117044047,-0.3852335
20241101_140023_368292217,-0.0089079775
20241101_140023_618161290,-0.40359646
20241101_140023_871934628,-0.4428974
20241101_140024_128326338,-0.13986883
20241101_140024_398317769,-0.07362624
20241101_140024_618027098,-0.18137933
20241101_140024_882040718,0.0051899124
20241101_140025_121860706,-0.06279012
20241101_140025_371688057,0.017311016
20241101_140026_110808680,-0.06953325
20241101_140026_365663165,-0.4495353
20241101_140026_622288170,-0.7738276
20241101_140026_873498240,-0.7831476
20241101_140027_120459960,-0.82838446
20241101_140027_369260662,-0.57023627
20241101_140027_620389520,-0.50703496
20241101_140029_373494232,-0.5604779
20241101_140029_618309657,-0.3960575
20241101_140029_879091089,-0.117514744
20241101_140030_121250430,-0.091954485
20241101_140030_372816472,-0.1850722
20241101_140030_864418455,-0.18833251
20241101_140031_132206134,-0.7406366
20241101_140031_886281907,0.1837012
20241101_140032_135829306,0.21276607
20241101_140032_376838107,0.12127858
20241101_140032_623291397,0.09497894
20241101_140032_874545336,0.27831608
20241101_140033_116972802,0.23029964
20241101_140033_367606591,0.16684471
20241101_140033_618530822,0.33247563
20241101_140033_863333597,0.2410997
20241101_140034_115099427,0.15615557
20241101_140034_363807210,0.18237822
20241101_140034_872741183,0.19789343
20241101_140035_115977986,0.2301075
20241101_140035_611952641,0.40024042
20241101_140035_861957271,0.23276268
20241101_140036_110609636,0.9796209
20241101_140036_371639850,0.6242966
20241101_140036_616781305,1.4356406
20241101_140036_869271898,-0.14848834
20241101_140037_110750723,-0.23640169
20241101_140037_362941552,-0.25790814
20241101_140037_615422139,-0.35283843
20241101_140038_108813609,-0.38302788
20241101_140038_611292099,-0.47334215
20241101_140039_111542485,-0.3524944
20241101_140039_367078091,-0.35210183
20241101_140039_617432089,-0.45991006
20241101_140039_867891407,0.7314802
20241101_140040_113392063,0.50158614
20241101_140040_362403342,0.27884492
20241101_140040_611121419,0.36806288
20241101_140040_862249636,0.38700363
20241101_140041_111173176,0.23157303
20241101_140041_367751827,-0.35319963
20241101_140041_614967419,-0.27992964
20241101_140041_868916273,-0.16564097
20241101_140042_126132830,-0.14312072
20241101_140042_616542757,0.17971082
20241101_140043_365408536,-0.059670888
20241101_140043_864716450,-0.0632826
20241101_140044_113191415,-0.025459787
20241101_140044_360053020,-0.02567335
20241101_140045_111121585,-0.033035688
20241101_140045_367107803,-0.018604478
20241101_140045_612575891,-0.051623635
20241101_140045_864040272,-0.046134345
20241101_140046_371298944,-0.027944168
20241101_140047_368328882,-0.07166642
20241101_140047_627218996,-0.04718048
20241101_140047_890388007,-0.040226832
20241101_140048_146744480,-0.05161476
20241101_140048_401947191,-0.10434338
20241101_140048_639025169,-0.05561503
20241101_140048_888542955,-0.031221887
20241101_140049_616877549,-0.04906448
20241101_140049_868353001,-0.021946033
20241101_140050_126386833,-0.18861933
20241101_140050_383970190,-0.17652865
20241101_140051_117390271,-0.117117666
20241101_140051_862708299,-0.24132995
20241101_140052_113856963,-0.23367421
20241101_140052_359264842,-0.17425103
20241101_140053_611570388,-0.11000272
20241101_140053_863981971,-0.10595461
20241101_140054_622138760,-0.10118588
20241101_140054_867684171,-0.089400135
20241101_140055_114934552,0.2751838
20241101_140055_364422630,0.12556301
20241101_140055_862715012,0.3700371
20241101_140056_118835410,0.38381976
20241101_140056_369760487,0.2805016
20241101_140056_618127676,0.24631329
20241101_140057_116579754,0.23457275
20241101_140058_111041842,0.23171978
20241101_140059_364953252,0.19750911
20241101_140059_611800297,-0.037306093
20241101_140059_865201277,0.10713176
20241101_140100_117985362,-0.44159973
20241101_140100_372424816,-0.05075272
20241101_140100_620610664,-0.21289967
20241101_140100_871129552,-0.25339696
20241101_140101_115444497,-1.3682016
20241101_140101_367995150,0.38468918
20241101_140101_613499242,0.28628436
20241101_140101_868345277,0.08313761
20241101_140102_118556847,-0.07988163
20241101_140102_369800585,0.001194993
20241101_140102_614524926,-0.29935542
20241101_140102_865834978,-0.22307326
20241101_140103_113573039,-0.25160852
20241101_140103_364763891,-0.50624084
20241101_140103_620285129,-0.21205963
20241101_140103_871152834,-0.23307239
20241101_140104_120486466,-0.08397665
20241101_140104_371157417,0.12944262
20241101_140104_617696246,0.6114264
20241101_140104_874358141,0.32718486
20241101_140105_113311663,0.24067305
20241101_140105_367421251,0.15678239
20241101_140105_614937972,0.18101233
20241101_140105_863940719,0.017851451
20241101_140106_117450252,-0.21774895
20241101_140106_363083458,0.007533947
20241101_140106_612819546,0.0705081
20241101_140106_861170248,0.044350423
20241101_140107_371901316,0.24535926
20241101_140107_626861877,0.34273335
20241101_140107_876288066,0.3773826
20241101_140108_863859815,0.1280127
20241101_140109_113572189,-0.00017174147
20241101_140109_364052730,0.045702018
20241101_140109_614011632,-0.06343385
20241101_140109_866061350,0.027646402
20241101_140110_367571063,0.20816486
20241101_140110_871199374,0.28934532
20241101_140111_114538340,0.25804257
20241101_140111_869767424,0.116117395
20241101_140112_115311194,0.1406792
20241101_140112_363563798,0.04518584
20241101_140112_612922628,0.16709052
20241101_140112_864758667,0.17677908
20241101_140113_368636086,0.11247138
20241101_140113_615042873,-0.030285558
20241101_140115_368693855,0.18100707
20241101_140115_617029952,0.16649185
20241101_140116_612063784,0.024687568
20241101_140116_862951194,0.021669308
20241101_140117_362260620,0.13569163
20241101_140117_610761112,0.14131455
20241101_140118_107940316,0.17605008
20241101_140118_360046834,0.09073988
20241101_140119_118430893,0.038848735
20241101_140119_371312765,0.0653036
20241101_140119_615775380,-0.06285008
20241101_140119_867472458,-0.0056894626
20241101_140120_622385765,-0.39952126
20241101_140120_875556714,-1.2978612
20241101_140121_123347086,0.37272033
20241101_140121_377351219,0.31060645
20241101_140121_626349679,0.9899538
20241101_140121_882134211,0.27066416
20241101_140122_128596633,0.31587163
20241101_140123_120367519,-0.024349412
20241101_140123_388255666,-0.16769089
20241101_140123_624013106,-0.25062966
20241101_140123_876611858,-0.23438494
20241101_140124_117527782,-0.16362618
20241101_140124_616096037,-0.10655876
20241101_140124_866766577,-0.10838615
20241101_140126_609646715,-0.0035945382
20241101_140126_862443257,0.13408595
20241101_140127_367119629,-0.079342954
20241101_140127_870813078,-0.089936756
20241101_140128_613331985,-0.0921089
20241101_140128_861111273,-0.26805425
20241101_140129_109482146,0.07641282
20241101_140130_108159708,0.14646818
20241101_140130_361210115,0.27479255
20241101_140130_612404207,0.06386427
20241101_140130_864319217,0.07223127
20241101_140131_111309533,-0.030344268
20241101_140131_363155272,-0.3180697
20241101_140131_610310035,-0.2630879
20241101_140131_860601111,-0.20869924
20241101_140132_110716679,-0.33741814
20241101_140132_362311729,-0.102248125
20241101_140132_612524397,-0.35348478
20241101_140132_862258676,-0.31428924
20241101_140133_113880865,-0.24377434
20241101_140134_112703607,-1.0269008
20241101_140134_361627635,0.07168899
20241101_140134_612751965,0.22321449
20241101_140134_863934137,0.119652726
20241101_140135_111792334,0.12291775
20241101_140135_367867786,0.14051472
20241101_140136_118290670,0.20780794
20241101_140136_374243106,0.17360453
20241101_140136_618035578,0.16392694
20241101_140137_861111639,0.19989847
20241101_140138_371014894,0.21949
20241101_140138_611561096,0.21452592
20241101_140139_864885035,0.16125076
20241101_140140_110562868,0.15076278
20241101_140140_616175705,0.16753952
20241101_140142_118179097,0.14717637
20241101_140142_893050623,0.06852559
20241101_140143_128851052,0.07211468
20241101_140143_375659741,0.10572461
20241101_140143_624721968,0.089039005
20241101_140143_867510743,0.3555763
20241101_140144_122083008,0.20315401
20241101_140145_132349411,0.8450786
20241101_140145_876276813,0.2729563
20241101_140146_127183432,0.1352155
20241101_140146_627996674,0.17093764
20241101_140146_870540937,0.14945321
20241101_140147_123914143,0.16134639
20241101_140147_381001302,-0.007808825
20241101_140147_619293737,-0.31242424
20241101_140147_872357503,-0.17945336
20241101_140148_115411693,-0.1937638
20241101_140148_379835310,-0.1577201
20241101_140148_621034429,-0.33293065
20241101_140149_130082959,-1.6325344
20241101_140149_382247393,-1.3926054
20241101_140149_624054301,-0.5149463
20241101_140149_866411740,-0.9970382
20241101_140150_118369627,-0.7921931
20241101_140150_370303176,-0.7599199
20241101_140150_867146127,-0.3754324
20241101_140151_113173495,-0.3008051
20241101_140151_365633084,-0.22708641
20241101_140151_614198381,-0.33017242
20241101_140151_865728536,-0.51413566
20241101_140153_111774565,-0.49425477
20241101_140153_370831621,-0.4056741
20241101_140153_628909257,0.1226308
20241101_140153_878501795,0.04412806
20241101_140154_124156163,-0.11231367
20241101_140154_382326110,0.004193375
20241101_140154_616223596,0.5761889
20241101_140154_866972986,0.5122776
20241101_140155_130368300,0.30957872
20241101_140155_391213437,0.5063386
20241101_140155_877487368,0.33697256
20241101_140156_120603165,0.20002078
20241101_140156_367417568,0.17583378
20241101_140157_865454888,0.20100932
20241101_140159_113173667,0.5228284
20241101_140159_374289367,-0.11419734
20241101_140159_622415821,-0.33498785
20241101_140159_872117667,-0.40044597
20241101_140200_119912134,-1.053673
20241101_140200_385248516,-0.81788206
20241101_140200_638021559,0.2760541
20241101_140200_892339747,-0.5343699
20241101_140201_132826790,-0.837147
20241101_140201_381502297,-0.2765422
20241101_140201_622688433,-0.31953782
20241101_140202_118601183,-0.08549967
20241101_140202_367025272,0.29996523
20241101_140202_619730467,0.9225839
20241101_140202_867202742,0.54159147
20241101_140203_113189403,-0.916376
20241101_140203_369690395,-0.9056928
20241101_140203_625678783,-0.8724581
20241101_140203_874708656,-1.2576989
20241101_140204_122592276,-0.97687584
20241101_140204_365843966,-0.886859
20241101_140204_612426516,-0.8308396
20241101_140204_859917941,-0.80136174
20241101_140205_116545184,-0.77211505
20241101_140205_369587719,-0.7536302
20241101_140205_613333268,0.9389785
20241101_140205_871337839,-0.61530507
20241101_140206_117963384,-0.07432255
20241101_140206_369801374,-0.72992975
20241101_140206_609659971,-0.6334217
20241101_140206_865194919,-0.7473132
20241101_140207_119040590,-0.74454504
20241101_140207_373604926,-0.6683188
20241101_140208_618900241,-0.4859176
20241101_140208_868586834,-0.5781681
20241101_140209_135147441,-0.41945636
20241101_140209_383128956,0.21428542
20241101_140209_620444447,0.39706588
20241101_140209_870052758,-0.30353096
20241101_140210_116852802,-0.38019168
20241101_140210_367348416,-0.33699247
20241101_140210_614202737,-0.25778773
20241101_140210_860766438,-0.23064403
20241101_140211_111656950,-0.068011425
20241101_140211_863437778,0.27110124
20241101_140212_121778432,0.39875087
20241101_140212_377516578,0.14569607
20241101_140212_869216661,0.17763938
20241101_140213_364930858,0.16710357
20241101_140213_610496126,-0.34097886
20241101_140213_869519098,-0.13501377
20241101_140214_123211273,-0.069305144
20241101_140214_371631933,-0.042676114
20241101_140214_615288142,-0.37639216
20241101_140214_878139520,-0.096341275
20241101_140215_130806400,-0.075137995
20241101_140215_389609896,-0.41413647
20241101_140215_629986757,-0.08882199
20241101_140215_874254671,-0.13166918
20241101_140216_865621369,-0.12907846
20241101_140217_369886712,-0.12906267
20241101_140217_624585653,-0.5533239
20241101_140217_884263621,-0.93032867
20241101_140218_123402110,-0.4759471
20241101_140219_120535736,-1.23779
20241101_140219_615770402,-0.5674564
20241101_140220_369599704,0.76042825
20241101_140220_619882816,0.24858122
20241101_140220_877623377,0.015019277
20241101_140221_120271809,-0.25340775
20241101_140221_373196068,-0.17014472
20241101_140221_623338141,-0.27362227
20241101_140221_866843524,-0.173611
20241101_140222_119995039,-0.018612763
20241101_140222_371864918,-0.04848229
20241101_140223_863714185,-0.17712326
20241101_140224_115319039,-0.13606496
20241101_140224_382774567,-0.29440406
20241101_140224_625482076,-0.33258316
20241101_140224_872244029,-0.093588136
20241101_140225_116450556,-0.12785698
20241101_140225_369529583,-0.09581699
20241101_140225_612230148,-0.14245619
20241101_140226_113580353,-0.22697146
20241101_140226_365754770,-0.7457565
20241101_140226_620778257,-0.75083834
20241101_140226_867449702,-1.1535743
20241101_140227_112907702,-0.7226269
20241101_140227_372840637,-0.7274256
20241101_140227_624009580,-0.43433654
20241101_140227_871717883,-0.19984464
20241101_140228_115286631,-0.023460409
20241101_140228_371469926,0.11908496
20241101_140228_612489911,0.7113173
20241101_140228_864629576,0.3454856
20241101_140229_113429262,0.4660459
20241101_140229_363123379,0.50087756
20241101_140229_612105493,-0.04651036
20241101_140229_862711985,0.053293683
20241101_140230_110215900,-0.06547775
20241101_140230_363339214,-0.06287017
20241101_140230_618969569,-0.04628464
20241101_140230_877502846,-0.37913483
20241101_140231_122659935,-0.20361711
20241101_140231_367722863,-0.377498
20241101_140231_614736482,-0.28859162
20241101_140231_875326217,-0.31112227
20241101_140232_118450427,-0.21065237
20241101_140232_612037909,-0.25255817
20241101_140232_865872173,-0.18820582
20241101_140233_114778800,-0.18064769
20241101_140233_362835145,0.051251687
20241101_140233_861212248,0.2413934
20241101_140234_109749125,0.49599656
20241101_140234_365683814,0.24057351
20241101_140234_611597072,0.0711805
20241101_140234_862575254,0.108344235
20241101_140235_370916250,0.16243349
20241101_140235_634845146,0.56579906
20241101_140235_883615504,0.40372255
20241101_140236_121171173,0.5824512
20241101_140236_377605531,0.4402354
20241101_140237_117573699,1.0660148
20241101_140237_367273302,1.1722152
20241101_140238_119779382,0.45713767
20241101_140238_363221812,0.1313148
20241101_140238_618089892,0.11673138
20241101_140238_868871011,0.13998847
20241101_140239_363796109,0.14616345
20241101_140239_617399224,0.0063580666
20241101_140239_868528848,-0.116154246
20241101_140240_117908355,-0.4879549
20241101_140240_369155358,-0.59735656
20241101_140240_624209147,-0.60400563
20241101_140240_875260018,0.265367
20241101_140241_130836637,0.5617789
20241101_140241_375996928,0.14743076
20241101_140241_617796983,-0.79749775
20241101_140241_869154604,0.09975607
20241101_140242_113299949,0.34155977
20241101_140242_369004815,0.20093127
20241101_140242_612632837,0.9818776
20241101_140242_874897852,0.7070526
20241101_140243_116325689,0.27865553
20241101_140243_370672695,0.30284068
20241101_140243_619602962,0.96915215
20241101_140243_878112828,0.7754871
20241101_140244_122614760,-0.35888848
20241101_140244_385446554,0.11479085
20241101_140244_632132441,0.02512137
20241101_140244_883993133,0.09627626
20241101_140245_132388429,0.07689933
20241101_140245_376777944,0.06933565
20241101_140245_613945124,0.06813962
20241101_140246_114082957,-0.07214432
20241101_140246_365298055,0.026742319
20241101_140246_611723868,0.026605705
20241101_140247_373358063,0.03374786
20241101_140247_624200694,0.14794935
20241101_140247_881286386,0.3005138
20241101_140248_131630970,0.3329752
20241101_140248_374067496,0.07326845
20241101_140248_632914559,0.0936119
20241101_140248_876444302,0.11831308
20241101_140249_125579460,0.5591762
20241101_140249_376206948,0.90947187
20241101_140249_614264617,0.5305111
20241101_140249_868110718,0.2895459
20241101_140250_118468055,0.3786628
20241101_140250_370528198,0.22422646
20241101_140250_612871499,1.0605812
20241101_140250_866534458,1.4617043
20241101_140251_112156061,0.66140044
20241101_140251_368322916,-0.71373236
20241101_140251_613392293,-0.25658908
20241101_140251_865248638,-1.128167
20241101_140252_112657476,-1.1828984
20241101_140252_372585328,-0.86023015
20241101_140252_619024377,-0.8401603
20241101_140253_121921121,-0.8879175
20241101_140253_373703216,-0.22500804
20241101_140253_626899628,0.3755272
20241101_140253_888340216,-0.04500652
20241101_140254_136893306,0.06746032
20241101_140254_396563308,-0.08351569
20241101_140254_640086237,0.038705282
20241101_140254_887040831,0.05545172
20241101_140255_122610902,-0.2617295
20241101_140255_369974273,-0.16279401
20241101_140255_615740412,-0.073708735
20241101_140255_865767425,0.42117247
20241101_140256_130648661,0.099286
20241101_140256_380808288,-0.66159105
20241101_140256_629091925,-0.62953836
20241101_140256_881239307,-0.05324229
20241101_140257_121681678,0.34999153
20241101_140257_378070743,0.22910587
20241101_140257_623526510,0.4827297
20241101_140257_873136115,0.2915316
20241101_140258_121623518,0.7739651
20241101_140258_375497377,0.37091887
20241101_140258_616811065,0.36343068
20241101_140259_619978826,-0.017454227
20241101_140259_884442139,-0.56401443
20241101_140300_131522233,0.1694761
20241101_140300_389361875,0.18995522
20241101_140300_630287867,0.1806957
20241101_140300_874725950,0.1283919
20241101_140301_119090037,0.29177973
20241101_140301_376761731,0.5675932
20241101_140301_618254299,0.89823383
20241101_140301_868729788,0.40520105
20241101_140302_612919902,0.6799955
20241101_140302_872765288,1.569459
20241101_140303_120743367,-0.71440655
20241101_140303_372740150,0.09958904
20241101_140303_620633576,0.114770286
20241101_140303_867754722,-0.061184295
20241101_140304_116131311,-0.1832069
20241101_140304_361517096,-0.505495
20241101_140304_610273853,-0.4189797
20241101_140304_868289135,-0.2824236
20241101_140305_118455476,-0.7569634
20241101_140305_363934272,-0.7472592
20241101_140305_609840954,-0.2942101
20241101_140305_862603955,0.2354434
20241101_140306_135690911,0.18891369
20241101_140306_380057618,0.16822647
20241101_140306_629278374,0.1772614
20241101_140306_870950905,0.01890687
20241101_140307_114109829,0.16478072
20241101_140307_362485534,0.0074372683
20241101_140307_873631009,0.09427772
20241101_140308_373839166,0.13981505
20241101_140308_613758094,0.120626576
20241101_140308_866738029,0.11104835
20241101_140309_116089043,0.11161805
20241101_140309_363769252,0.10304869
20241101_140309_610303113,0.107704826
20241101_140310_609369853,0.104739316
20241101_140310_859492036,0.06079776
20241101_140311_108462020,0.11581264
20241101_140311_362390251,0.1184668
20241101_140311_617977717,0.10790966
20241101_140311_869795892,0.2550059
20241101_140312_115051161,0.48176125
20241101_140312_362671880,0.3449463
20241101_140312_613883911,1.0099247
20241101_140312_880576061,0.31910014
20241101_140314_113870789,0.38514018
20241101_140314_365157505,0.05096335
20241101_140314_617096439,0.101574816
20241101_140314_866600482,0.11547176
20241101_140315_126191782,0.17196564
20241101_140315_370945836,0.3132488
20241101_140315_612802966,0.5294123
20241101_140315_863863349,0.33441454
20241101_140316_112116145,0.09380443
20241101_140316_362381293,-0.25135916
20241101_140316_612568429,-0.3545573
20241101_140316_868923445,-0.5847278
20241101_140317_113883269,-1.2863287
20241101_140317_370627878,-1.1441364
20241101_140317_620661886,-1.5100724
20241101_140317_879559376,0.7796523
20241101_140318_121947432,0.5861035
20241101_140318_377359712,0.30613992
20241101_140318_626450629,0.32418492
20241101_140318_876859067,0.22169255
20241101_140319_131908085,0.06918088
20241101_140319_387356250,0.06414542
20241101_140319_626291776,0.05038003
20241101_140319_884252491,0.0108640585
20241101_140320_123495417,0.061466314
20241101_140320_373155215,0.3709553
20241101_140320_622005950,0.29160023
20241101_140320_869317187,0.23326217
20241101_140321_116703862,0.22482432
20241101_140321_364915410,0.21703209
20241101_140321_613629535,0.18864213
20241101_140321_862329363,0.19339149
20241101_140322_110853634,0.27296412
20241101_140322_628608989,-0.04714801
20241101_140322_868487049,0.018381635
20241101_140323_118663332,-0.19979592
20241101_140323_370270655,-0.23062374
20241101_140323_617872936,-0.15712123
20241101_140324_111585197,-0.09343373
20241101_140324_373431861,0.10467563
20241101_140324_616942093,0.11922882
20241101_140324_865987105,0.13381653
20241101_140325_360869363,0.66005844
20241101_140325_623407602,0.22727238
20241101_140325_865297101,0.21292765
20241101_140327_112644918,0.2087457
20241101_140327_361764820,-0.049612276
20241101_140327_609900148,0.0033009741
20241101_140327_859836274,-0.014827004
20241101_140328_609399579,0.013847599
20241101_140329_117784358,0.002933452
20241101_140329_613483783,-0.22530986
20241101_140330_110196560,-0.16782902
20241101_140330_362627238,-0.1523232
20241101_140330_609722988,-0.118599944
20241101_140330_862037014,-0.079772525
20241101_140331_363394335,-0.010701051
20241101_140331_610688046,-0.03151282
20241101_140331_864691284,-0.025040587
20241101_140333_610013113,0.1971396
20241101_140333_862346291,0.35966504
20241101_140334_115578139,0.26940978
20241101_140334_372783746,0.08085861
20241101_140334_619791327,-0.5707782
20241101_140334_869120713,-0.17669019
20241101_140335_116959128,0.6915336
20241101_140335_363534013,0.7541846
20241101_140335_614630872,0.15017556
20241101_140335_861648807,0.23832552
20241101_140336_365775450,0.21108226
20241101_140336_619073663,0.25897053
20241101_140337_612112296,0.27656588
20241101_140337_859963566,0.2766365
20241101_140338_109838405,0.26802298
20241101_140338_619862413,0.41663447
20241101_140338_882283026,-0.030119915
20241101_140339_120346852,-0.68303317
20241101_140339_373724380,-0.45169485
20241101_140339_612618335,-0.28287587
20241101_140339_866979856,-0.35979155
20241101_140340_109012767,-0.38564986
20241101_140340_361082175,0.54760695
20241101_140340_616140843,0.39215985
20241101_140340_867668069,0.21973322
20241101_140341_121506399,0.22430407
20241101_140341_371064757,-0.13468458
20241101_140341_614262924,-0.023668965
20241101_140341_867773864,0.0116386805
20241101_140342_112244883,-0.07622238
20241101_140342_364215388,-0.00925382
20241101_140342_612790915,0.0941448
20241101_140343_613393845,0.057319976
20241101_140344_120228869,0.063757755
20241101_140344_371973774,0.065848984
20241101_140344_612499307,0.050854184
20241101_140344_862428595,0.17058681
20241101_140345_110966532,0.19402586
20241101_140345_368955892,0.26949582
20241101_140345_611033070,0.23731081
20241101_140346_114249078,0.16675954
20241101_140346_620641739,0.1491736
20241101_140347_613921918,0.06536291
20241101_140347_864971746,-0.093214475
20241101_140348_111319972,-0.01717194
20241101_140348_360443280,-0.030675253
20241101_140348_608533057,-0.018542787
20241101_140348_859030864,0.09126953
20241101_140349_109134085,0.113349296
20241101_140349_361430228,0.15872584
20241101_140349_614556104,0.1538497
20241101_140351_612843174,0.66632944
20241101_140351_862512050,0.28481722
20241101_140352_609300381,0.22061782
20241101_140352_859247388,0.18791051
20241101_140353_621299438,0.16183774
20241101_140355_132261001,0.14655693
20241101_140355_371282401,0.37587497
20241101_140355_870043371,1.0366716
20241101_140356_119628693,0.55468816
20241101_140356_371342944,-0.017620483
20241101_140356_614060048,0.22741283
20241101_140356_863538619,0.25171563
20241101_140357_113938308,0.24512304
20241101_140357_368387704,0.2695677
20241101_140357_614233541,-0.26555994
20241101_140357_866042649,-0.29916078
20241101_140358_119222585,-0.29841968
20241101_140358_376566253,-0.26412857
20241101_140358_618141764,-0.21042128
20241101_140359_114707290,-0.23477353
20241101_140359_366730968,-0.18417357
20241101_140359_860910780,0.41824707
20241101_140400_113704869,0.5411096
20241101_140400_370469743,0.7455085
20241101_140400_619452030,0.66626084
20241101_140400_868439710,0.33636335
20241101_140401_111070634,0.25032434
20241101_140401_367416988,0.1283869
20241101_140401_867391692,0.17578469
20241101_140402_116612272,0.2929012
20241101_140402_365212391,0.33253005
20241101_140402_609370190,-0.058720164
20241101_140402_861492056,-0.052407198
20241101_140403_113595320,-0.06643089
20241101_140403_387671817,-0.09917327
20241101_140403_636526101,-0.12562878
20241101_140406_860314492,-0.0894466
20241101_140407_112081617,-0.1078177
20241101_140407_362373449,-0.035586976
20241101_140408_109856138,-0.04662373
20241101_140408_370375971,-0.17694826
20241101_140408_617219229,-0.09182211
20241101_140408_871606278,-0.07829174
20241101_140409_116604506,-0.019614002
20241101_140409_373523910,0.07476521
20241101_140409_612434062,0.39119038
20241101_140409_866218473,1.1683336
20241101_140410_109927123,-0.95423865
20241101_140410_365438751,-0.70420086
20241101_140410_614191476,-1.0171175
20241101_140410_866216251,-0.5895281
20241101_140411_121673452,-0.6225316
20241101_140411_376821953,-0.48767668
20241101_140411_626697881,-0.47621474
20241101_140411_876862303,-0.75864846
20241101_140412_115455139,-0.600174
20241101_140412_367367928,-0.27914432
20241101_140412_617022415,-0.3455648
20241101_140412_871409398,-0.34358564
20241101_140413_111280882,-0.3637583
20241101_140413_366216614,-0.7983017
20241101_140413_612681786,-0.7939567
20241101_140413_869402086,-0.61038935
20241101_140414_111713437,-0.29855892
20241101_140414_380709214,-0.29304495
20241101_140415_375033552,-0.32323125
20241101_140416_864227384,-0.3080263
20241101_140417_115036738,-0.3551785
20241101_140417_866775466,-0.2936228
20241101_140418_109962722,-0.21160737
20241101_140418_618989685,-0.24513747
20241101_140419_872678970,-0.22787501
20241101_140420_114973902,-0.5538173
20241101_140420_366622409,-0.1600642
20241101_140420_610805773,0.02665721
20241101_140420_870266588,0.5471407
20241101_140421_124793152,0.73702556
20241101_140421_378706922,0.31053004
20241101_140421_615539825,0.21412474
20241101_140421_873121139,0.18307666
20241101_140422_122285455,0.030950168
20241101_140422_369515957,0.083617754
20241101_140423_109465385,0.027991334
20241101_140423_365241796,-0.09267115
20241101_140423_610997332,-0.3579726
20241101_140423_862794326,-0.54629654
20241101_140424_107950840,-0.13395038
20241101_140424_372983225,-0.3493019
20241101_140424_608774756,-0.46095994
20241101_140424_868445927,-0.06377713
20241101_140425_120052427,-0.23217018
20241101_140425_370184123,-0.10564985
20241101_140426_120418990,-0.12286129
20241101_140426_371082973,-0.5301548
20241101_140426_618079066,-0.7850544
20241101_140426_871954353,-0.28102276
20241101_140427_124799176,-0.37383127
20241101_140427_377486730,-0.1742232
20241101_140427_626817618,-0.20958145
20241101_140427_885427431,-0.14775963
20241101_140428_131200539,-0.14640398
20241101_140428_613771671,-0.14507215
20241101_140428_872700078,-0.1227194
20241101_140429_367340453,-0.12604873
20241101_140429_622487884,-0.14309467
20241101_140430_114679729,-0.06246253
20241101_140430_858626901,-1.0132195
20241101_140431_115453799,-0.0024104323
20241101_140431_374589162,0.37945303
20241101_140431_618331073,0.29180393
20241101_140431_868003853,0.14707725
20241101_140432_123816619,0.1842321
20241101_140433_118159597,0.1691278
20241101_140433_364410346,0.1650167
20241101_140433_862188456,0.20419024
20241101_140434_110235226,0.1975163
20241101_140434_362170101,0.11849002
20241101_140434_610443589,0.1090968
20241101_140436_620551350,0.15594284
20241101_140436_871547896,0.10430912
20241101_140437_119551905,-0.004491171
20241101_140437_370254363,0.00931249
20241101_140437_617987204,0.020658592
20241101_140437_873237612,-0.06000068
20241101_140438_115524846,-0.012231788
20241101_140438_610397856,0.03388921
20241101_140438_871513148,0.12876682
20241101_140439_117514100,0.09123061
20241101_140439_362700332,0.07189802
20241101_140439_618474254,0.08519856
20241101_140439_863747202,0.105531074
20241101_140440_358442794,-0.024313053
20241101_140440_609516085,-0.112662695
20241101_140440_864455891,-0.034123264
20241101_140441_361449686,-0.98758805
20241101_140441_615349435,-1.6709605
20241101_140441_864779706,0.08791561
20241101_140442_115098852,0.34380034
20241101_140442_373644242,0.20465344
20241101_140442_628301803,0.18170664
20241101_140442_883305256,0.36056763
20241101_140443_124066244,0.29706427
20241101_140443_372186985,0.24459122
20241101_140443_616241786,0.2582892
20241101_140443_878324978,0.29334122
20241101_140444_866575143,0.24183868
20241101_140445_115210072,0.9843587
20241101_140445_366397807,-0.5363659
20241101_140445_616872127,0.36423627
20241101_140445_873984028,-0.04277029
20241101_140446_116753647,-0.11202028
20241101_140446_363128456,0.04743526
20241101_140446_613909791,-0.19826509
20241101_140446_877640699,-0.15840979
20241101_140447_116055419,-0.5000241
20241101_140447_375622055,-0.26697117
20241101_140447_643234494,-0.05006536
20241101_140447_894877545,0.08350238
20241101_140448_154354025,0.706886
20241101_140448_398290000,0.20290518
20241101_140448_632651387,0.12893365
20241101_140448_881686380,0.16871841
20241101_140449_122916113,0.18865485
20241101_140449_381775585,0.19147985
20241101_140449_622175479,0.25981095
20241101_140449_885143783,0.25056887
20241101_140450_129441515,0.2311758
20241101_140450_403802734,0.24026702
20241101_140450_867731747,0.2319413
20241101_140451_110244672,0.20130412
20241101_140451_371567835,0.22818054
20241101_140451_613701175,0.2115909
20241101_140451_868622688,0.18446015
20241101_140452_115826039,0.18208022
20241101_140452_366828899,0.16937567
20241101_140452_613168263,0.16593714
20241101_140452_864126829,-0.31090024
20241101_140453_108537684,-0.10091948
20241101_140453_363840564,-0.012384495
20241101_140453_613842254,-0.16706114
20241101_140454_367580480,-0.07122388
20241101_140454_859910488,-0.0491414
20241101_140455_362003243,-0.0061470773
20241101_140455_862359326,-0.027007451
20241101_140457_108246912,0.88604295
20241101_140457_364347446,0.2105398
20241101_140457_613821096,0.28010485
20241101_140457_864512469,0.28483003
20241101_140458_114827428,0.2782825
20241101_140458_365383477,0.53017336
20241101_140458_618410860,0.5981065
20241101_140458_869160427,0.902925
20241101_140459_116657900,0.5948135
20241101_140459_368264592,0.48194113
20241101_140459_618871876,0.43516332
20241101_140459_873668691,0.3663235
20241101_140500_121937179,0.40119216
20241101_140500_396412828,0.2215436
20241101_140500_638782145,0.842549
20241101_140501_124477174,0.3125679
20241101_140501_616501016,0.30400646
20241101_140501_874125754,0.29876238
20241101_140502_124583767,0.022476861
20241101_140502_618199523,0.08360291
20241101_140502_867661093,-0.07174831
20241101_140503_122380514,0.02014033
20241101_140503_374245437,-0.020179829
20241101_140503_624413428,-0.08086511
20241101_140503_882453892,-0.053720735
20241101_140504_615219011,-0.105813496
20241101_140506_119166602,-0.4297621
20241101_140506_368121303,-0.18051039
20241101_140506_613957611,-0.15828104
20241101_140506_862870140,-0.1279911
20241101_140507_380088215,-0.6508532
20241101_140507_624432155,-0.41956487
20241101_140507_872573867,-0.6215631
20241101_140508_119167479,-0.3368051
20241101_140508_368348363,-0.2524316
20241101_140508_615740841,-0.14118375
20241101_140508_869763179,-0.34938002
20241101_140509_121060605,-0.23071282
20241101_140509_369481987,-0.24921784
20241101_140509_614810944,-0.13564172
20241101_140509_875897085,-0.19070464
20241101_140510_120281667,-0.15225874
20241101_140510_378170036,-0.13287088
20241101_140510_651092467,-0.1467351
20241101_140510_894040862,-2.7498388
20241101_140511_160025349,-1.7234905
20241101_140511_413268835,-0.1944307
20241101_140511_653271917,0.5752013
20241101_140511_885491691,0.92494106
20241101_140512_124489573,0.33590037
20241101_140512_375008491,0.06673122
20241101_140512_623356675,0.014002034
20241101_140512_870764249,0.10729299
20241101_140513_116190154,0.6156068
20241101_140513_369202563,-0.23891576
20241101_140513_612978499,-0.033765458
20241101_140513_860986221,-0.15505339
20241101_140514_108375640,-0.112700336
20241101_140514_359975660,0.023191312
20241101_140514_612566190,0.67225456
20241101_140514_873681672,0.3785066
20241101_140515_119203825,0.24218328
20241101_140515_366151175,0.22879781
20241101_140515_613085633,0.30346182
20241101_140516_611497935,0.17266588
20241101_140516_856924327,0.32639492
20241101_140517_106220591,0.7834432
20241101_140517_358245272,0.36099595
20241101_140518_356848058,0.30206218
20241101_140518_609817038,0.41296256
20241101_140518_868214227,-0.13323154
20241101_140519_125423748,-0.28141096
20241101_140519_372692093,0.07582719
20241101_140519_613580987,1.9397084
20241101_140519_869223297,-0.093182705
20241101_140520_113569771,-0.66700315
20241101_140520_360573395,-0.60614544
20241101_140520_609308382,-0.51254743
20241101_140520_857919254,-0.54024273
20241101_140521_110647017,-0.36939037
20241101_140521_360379624,-0.18016519
20241101_140521_607596256,-0.16213773
20241101_140521_872611279,-0.4722776
20241101_140522_120889817,-0.3859412
20241101_140522_370904142,-0.04554002
20241101_140522_626372843,0.60621256
20241101_140522_885184395,0.45922032
20241101_140523_136719411,0.2626201
20241101_140523_625503424,0.20154719
20241101_140523_868364165,0.08760582
20241101_140524_118684061,0.0015447531
20241101_140524_385417174,0.035067655
20241101_140524_619454516,0.07197688
20241101_140524_865027504,-0.015281459
20241101_140525_116846920,-0.119516514
20241101_140525_367258608,-0.30838582
20241101_140525_616160077,-0.37389937
20241101_140525_874687714,-0.20892103
20241101_140526_625000864,-0.14517881
20241101_140526_872323158,-0.021074137
20241101_140527_118243292,0.03781096
20241101_140527_369255108,0.120402075
20241101_140527_620269452,0.14686541
20241101_140528_122341510,0.07121501
20241101_140528_614641127,0.047273792
20241101_140528_869279554,-0.20358549
20241101_140529_120109583,-0.41670862
20241101_140529_368654972,0.020852285
20241101_140529_612612781,0.03820751
20241101_140529_869495220,-0.041766725
20241101_140530_113444191,-0.14345105
20241101_140532_109035290,-0.12620236
20241101_140532_361443204,-0.2265232
20241101_140532_865116322,-0.12458532
20241101_140533_113591435,0.3150522
20241101_140533_364293712,0.25454605
20241101_140533_613476809,0.19341448
20241101_140534_109681385,-0.098212115
20241101_140534_358041644,-0.035558425
20241101_140534_857706542,0.0062285755
20241101_140535_110759801,-0.074726574
20241101_140535_362969374,0.009525785
20241101_140535_874516704,0.0051171575
20241101_140536_118313207,-0.0049216356
20241101_140536_368649227,0.1563627
20241101_140536_614059986,0.16916327
20241101_140536_866843219,0.09713719
20241101_140537_376681527,0.086248375
20241101_140537_614681300,-0.069122724
20241101_140537_871797898,-0.037370108
20241101_140538_119225001,-0.07476672
20241101_140538_368287763,-0.14043315
20241101_140538_619148141,-0.16690342
20241101_140538_873019598,-0.0875838
20241101_140539_361365318,-0.08667766
20241101_140539_863914490,-1.0126424
20241101_140540_121742214,0.37835133
20241101_140540_368967610,0.07288672
20241101_140540_611082169,-0.020020863
20241101_140540_861776453,-0.56213146
20241101_140541_109945367,-0.33564612
20241101_140541_358811958,-0.3359201
20241101_140541_607841369,-0.7187603
20241101_140541_856458881,-0.7105902
20241101_140542_106954282,-1.0158587
20241101_140542_359718803,-0.8965357
20241101_140542_609543020,-0.7143431
20241101_140542_865755989,-0.682309
20241101_140543_112118781,-0.14921626
20241101_140543_362894558,-0.013044569
20241101_140543_870472997,-0.033091985
20241101_140544_366840123,-0.19843887
20241101_140544_870419152,-0.55557567
20241101_140545_109746002,-1.0117038
20241101_140545_373081962,-1.0647647
20241101_140545_619709807,-0.26476398
20241101_140545_865147011,-0.052208923
20241101_140546_118611221,-0.24354127
20241101_140546_380731004,0.046721958
20241101_140546_615705852,-0.057436906
20241101_140546_874937133,-0.09078791
20241101_140547_123480949,-0.049326144
20241101_140547_376124914,-0.027314028
20241101_140547_866778033,-0.015025517
20241101_140548_108263329,-0.010706445
20241101_140548_369139213,-0.0052067246
20241101_140548_608641053,-0.00028564595
20241101_140548_861084276,0.012746492
20241101_140549_116659968,0.027051846
20241101_140549_620621573,0.029458085
20241101_140550_611020306,0.026079753
20241101_140550_864620895,0.022241274
20241101_140551_112867878,0.022021988
20241101_140551_358356822,-0.2961058
20241101_140551_609464623,-0.7468778
20241101_140551_865990933,-0.7180404
20241101_140552_365236908,0.70744634
20241101_140552_622865429,-0.17967944
20241101_140552_875661227,-0.10667773
20241101_140553_114079193,0.0009798836
20241101_140553_364244697,0.096078776
20241101_140553_614970747,0.0498055
20241101_140554_111875102,0.01171569
20241101_140554_360697157,-0.007387718
20241101_140554_609601039,-0.070345126
20241101_140554_857174060,-0.032326184
20241101_140555_108963545,0.036435343
20241101_140555_361492794,0.022538045
20241101_140555_618795427,0.013002375
20241101_140555_869344147,0.1652713
20241101_140556_110947323,0.10843191
20241101_140557_110589897,0.22717743
20241101_140557_872357761,0.099198796
20241101_140558_130032516,0.083830215
20241101_140558_377731418,0.08692954
20241101_140558_626988918,0.076055564
20241101_140559_127167697,0.070643164
20241101_140559_374187027,0.069611765
20241101_140559_616392858,0.048802532
20241101_140559_867329402,0.046596088
20241101_140600_113028957,0.03619788
20241101_140600_365546669,-0.31057775
20241101_140600_616348158,-0.08986088
20241101_140601_613072030,0.6882863
20241101_140601_866941328,0.29660836
20241101_140602_118909866,0.26429453
20241101_140602_367068506,0.27594212
20241101_140602_616951826,0.2303939
20241101_140603_110192970,0.23165949
20241101_140603_361032797,0.24796878
20241101_140603_607975619,0.239114
20241101_140604_618855232,0.08991764
20241101_140604_865378000,0.09057174
20241101_140605_117815561,-0.2757283
20241101_140605_366227054,-1.7066692
20241101_140605_619358167,0.5967691
20241101_140605_869937229,0.38958642
20241101_140606_119375383,0.30626127
20241101_140606_372098176,0.32271388
20241101_140606_616585013,0.30486956
20241101_140606_863668641,0.3283997
20241101_140607_611768361,0.3362932
20241101_140607_860355771,0.57718056
20241101_140608_356073447,0.467649
20241101_140609_113343779,-0.26180276
20241101_140609_368202341,-0.4328311
20241101_140609_608394197,-0.45282382
20241101_140609_860995751,-0.36099744
20241101_140610_110135435,-0.4489791
20241101_140610_361432533,-1.106643
20241101_140610_613223163,-0.730926
20241101_140610_862883587,-0.6301496
20241101_140611_107642625,-0.6145101
20241101_140611_360384985,-0.58245313
20241101_140611_864414729,-0.5583415
20241101_140612_110881276,-0.0594982
20241101_140612_359723121,0.09942842
20241101_140612_610721036,0.057416655
20241101_140612_859918435,0.14591895
20241101_140614_106862892,0.08500398
20241101_140614_363719007,0.08382941
20241101_140614_610480035,-1.9151162
20241101_140614_861676029,-0.6012517
20241101_140615_108750588,-0.47368655
20241101_140615_356430790,-0.41267726
20241101_140615_608434030,-0.13883586
20241101_140615_870428013,0.09212566
20241101_140616_119166098,0.0333767
20241101_140616_378229735,-0.077040695
20241101_140616_625328510,-0.069030814
20241101_140616_875740349,-0.34138727
20241101_140617_119576339,-0.46170068
20241101_140617_366153298,-0.56737894
20241101_140617_608065600,-0.5760184
20241101_140617_858598564,-0.62333685
20241101_140618_104311960,-0.62417215
20241101_140618_868888006,-0.4355397
20241101_140619_115534924,-0.72454846
20241101_140619_370449637,-1.5200051
20241101_140619_620046860,-1.8827573
20241101_140619_870911747,-0.97917044
20241101_140620_117228790,-0.68652976
20241101_140620_371101257,-0.53920287
20241101_140620_615693105,-1.1797229
20241101_140620_868202309,-0.36531806
20241101_140621_112059858,-0.31599653
20241101_140622_107171360,-0.40272853
20241101_140622_358548885,-0.42351753
20241101_140622_608360412,-0.2787792
20241101_140623_116347907,-0.15756617
20241101_140623_362215270,-0.050460212
20241101_140623_612903589,-0.04845979
20241101_140623_862111416,-0.055219136
20241101_140625_365191560,0.018628875
20241101_140625_615322951,-0.91547936
20241101_140625_863848468,-0.2547474
20241101_140626_107584196,-0.28731364
20241101_140626_361049831,-0.33313224
20241101_140626_610878393,-0.28367266
20241101_140626_861792697,-0.28008828
20241101_140627_107770972,-0.27388474
20241101_140627_362916186,-0.27152944
20241101_140627_859911189,-0.27806634
20241101_140628_110507456,-0.22925593
20241101_140628_365413896,-0.3155497
20241101_140628_611013901,-0.31918976
20241101_140628_860567632,-0.3186539
20241101_140629_373067326,-0.42666376
20241101_140629_612492654,-0.7277593
20241101_140629_860138009,-0.4993722
20241101_140630_106891944,-0.4935449
20241101_140630_369286944,-0.47291514
20241101_140630_616971099,-0.4885349
20241101_140630_875451854,-0.5667531
20241101_140631_127440192,-0.8331874
20241101_140631_377474484,-0.46473885
20241101_140631_623449184,-0.57718384
20241101_140631_875044290,-0.6893513
20241101_140632_120740597,-1.0436207
20241101_140633_613223072,-0.676399
20241101_140634_608114895,-0.6016113
20241101_140634_859056534,-0.7806536
20241101_140635_364441085,-0.8375894
20241101_140637_614115486,0.8211455
20241101_140637_877093813,0.45567638
20241101_140638_111772094,0.447661
20241101_140638_368687188,0.25434142
20241101_140638_613928963,0.3340068
20241101_140638_865900585,0.56356233
20241101_140639_121010280,1.278154
20241101_140639_370244824,0.46834168
20241101_140639_612351043,0.45069903
20241101_140639_857859365,1.1162405
20241101_140640_109057109,0.83908963
20241101_140640_359468875,-0.59233785
20241101_140640_609724269,-0.5903379
20241101_140640_857608768,-0.6196956
20241101_140641_117943738,-0.63418967
20241101_140641_365103930,-0.66991264
20241101_140641_613809151,-0.6044256
20241101_140641_859889707,-0.63944334
20241101_140642_110323772,-0.576371
20241101_140642_359613413,-0.53924304
20241101_140643_366616819,-0.5227873
20241101_140643_619082041,-0.5600583
20241101_140643_867030603,-0.5310082
20241101_140644_111542527,-0.51494235
20241101_140644_363343174,0.05574172
20241101_140644_612645177,-0.59712046
20241101_140644_869607215,-0.08626988
20241101_140645_129752987,0.78736323
20241101_140645_374878314,-0.7357645
20241101_140645_614585953,-0.40220916
20241101_140645_863470227,-0.09253979
20241101_140646_115473931,-0.20972972
20241101_140646_367266118,-0.2451662
20241101_140646_613936194,-0.22997819
20241101_140646_866844321,-0.23909892
20241101_140647_110614246,-0.21208556
20241101_140647_362292934,-0.19400041
20241101_140647_604517574,-0.18392892
20241101_140647_856700668,-0.16665058
20241101_140648_361335162,-0.17423598
20241101_140649_622159810,-0.17986237
20241101_140649_864387412,-0.22416063
20241101_140650_110360482,-0.23050149
20241101_140650_366963060,-0.22677796
20241101_140650_871364304,-1.36071
20241101_140651_117621920,-0.13766463
20241101_140651_366093776,-0.05495306
20241101_140651_610645950,0.94141895
20241101_140651_870117297,-0.80262405
20241101_140652_114591679,-0.34683987
20241101_140652_363587700,0.07373915
20241101_140652_612471488,0.00212566
20241101_140652_862528068,0.053318955
20241101_140653_109491252,0.03640542
20241101_140653_361535682,0.020700553
20241101_140653_613250460,-0.1556743
20241101_140653_861872986,0.6242314
20241101_140654_109012323,0.31984857
20241101_140654_358890448,0.32254764
20241101_140654_609830523,0.33952388
20241101_140655_607595830,0.25074473
20241101_140655_859850019,0.23875825
20241101_140656_105641403,0.52195686
20241101_140656_358919502,0.60327923
20241101_140656_616930013,0.32287887
20241101_140656_864151556,0.30786112
20241101_140657_108876742,0.6343088
20241101_140657_611918708,-0.7597556
20241101_140657_864786096,-0.5508781
20241101_140658_118810373,-0.6453679
20241101_140658_376716894,-0.13443513
20241101_140658_616298715,-0.0688444
20241101_140658_867981712,-0.011043152
20241101_140659_116781056,-0.5962828
20241101_140659_370607631,-0.6259329
20241101_140659_621760650,-0.47039542
20241101_140659_871192570,-0.4817542
20241101_140700_113509201,-0.35611668
20241101_140701_869761431,-0.41671386
20241101_140702_112379679,-0.5999052
20241101_140702_365074084,-0.16828163
20241101_140702_607049462,-0.09916093
20241101_140702_856772287,0.5705315
20241101_140703_115486372,-0.025098762
20241101_140703_378352607,-0.056961857
20241101_140703_624082002,0.096379556
20241101_140703_868904454,-0.21552505
20241101_140704_120406571,-0.086987786
20241101_140704_369974511,0.32976615
20241101_140704_610872641,0.34227026
20241101_140704_859881905,0.34172913
20241101_140705_107240461,0.28479064
20241101_140705_862001715,0.27467093
20241101_140706_116622631,0.22775833
20241101_140706_609738771,0.14005648
20241101_140707_380756078,0.18729858
20241101_140707_623410532,0.40955988
20241101_140707_868607301,0.33151525
20241101_140708_114236915,0.27153683
20241101_140708_366769684,0.3503894
20241101_140708_618527378,0.5340911
20241101_140708_874722181,0.5229185
20241101_140709_118991045,0.830869
20241101_140709_375941507,1.0845332
20241101_140709_639693288,0.31445137
20241101_140709_888034241,0.31437996
20241101_140710_134906972,0.3288191
20241101_140713_375870339,0.42931157
20241101_140713_618122059,-0.33351234
20241101_140713_874874707,-0.3970612
20241101_140714_114599438,-0.24058194
20241101_140714_366468347,-0.39721897
20241101_140714_620831683,-0.6194783
20241101_140714_869866157,-0.921099
20241101_140715_122171669,-0.99666613
20241101_140715_385152214,-0.82411706
20241101_140715_641788668,-1.0648631
20241101_140715_882370959,-0.2591851
20241101_140716_115859832,0.44815764
20241101_140716_371375853,0.4187564
20241101_140716_622429643,0.3586557
20241101_140716_865306077,0.22168665
20241101_140717_109491699,0.31503707
20241101_140717_367630296,0.4788153
20241101_140717_612805746,0.52641404
20241101_140719_361860633,0.58923626
20241101_140719_868348126,0.5640832
20241101_140720_113343636,0.6388127
20241101_140720_361729670,0.33032054
20241101_140720_614489506,0.26748815
20241101_140720_867504641,0.40902364
20241101_140721_113365006,0.36881566
20241101_140721_379775676,0.3741911
20241101_140721_613825928,0.39902058
20241101_140721_867767437,0.39978433
20241101_140722_110944606,0.40252122
20241101_140722_371112226,0.24571465
20241101_140722_622586504,-0.08283534
20241101_140722_862638641,0.06685493
20241101_140723_111583810,0.35736164
20241101_140723_365913191,-0.08717244
20241101_140723_617879333,0.25554377
20241101_140723_865569327,0.082432725
20241101_140724_110990035,0.08003367
20241101_140724_365777931,0.04420737
20241101_140724_607505892,0.05717761
20241101_140724_863582104,0.08135385
20241101_140725_357456208,0.09901235
20241101_140726_379455674,0.089617826
20241101_140726_621829715,-0.23240392
20241101_140726_868598791,-0.18929996
20241101_140727_120710372,-0.15970288
20241101_140727_371354480,-0.1542012
20241101_140727_622828468,-0.16634797
20241101_140729_118234003,-0.11871477
20241101_140729_366035248,-0.121518694
20241101_140729_863265587,-0.033796303
20241101_140730_118362963,0.039683968
20241101_140730_371744890,0.12691246
20241101_140730_867061418,0.093497254
20241101_140732_118874339,0.08530999
20241101_140732_382789342,0.03049604
20241101_140733_374484530,0.18361962
20241101_140733_616377844,0.30797043
20241101_140733_884944290,0.20179881
20241101_140734_135449572,0.005033532
20241101_140734_386152849,-0.2607396
20241101_140734_619179874,-0.07818391
20241101_140735_363620714,-0.037424646
20241101_140735_862223658,0.027518848
20241101_140736_115263444,0.04747314
20241101_140736_362324735,0.31719738
20241101_140736_611085452,0.31189927
20241101_140736_861980673,0.2683809
20241101_140737_121878757,0.3435343
20241101_140737_615412740,0.4162824
20241101_140737_868746806,0.29780206
20241101_140738_118179831,-0.100356065
20241101_140738_364294593,-0.28125092
20241101_140738_608554591,-0.08304777
20241101_140738_860945057,-0.053283267
20241101_140739_105847781,-0.10552012
20241101_140739_359441390,0.021223316
20241101_140739_611583147,-0.17540361
20241101_140739_860740141,-0.1211456
20241101_140740_113357437,-0.116421066
20241101_140742_117413329,-0.1554379
20241101_140742_368248034,-0.16345762
20241101_140742_616415948,-0.32092896
20241101_140742_867986548,-0.5511419
20241101_140743_118635977,-0.1967667
20241101_140743_371645907,-0.27309072
20241101_140743_628027240,-0.16587786
20241101_140743_878457907,-0.1872528
20241101_140744_117548993,-0.7738798
20241101_140744_365882079,-0.29795405
20241101_140744_616438971,-0.1966617
20241101_140744_877926594,-0.22201602
20241101_140745_615269513,-0.16504781
20241101_140745_869098223,-0.04294093
20241101_140746_376224323,-0.07042613
20241101_140746_615220722,-0.057571582
20241101_140747_111291740,-0.37531278
20241101_140747_366472276,-0.28974488
20241101_140747_869549217,-0.26185885
20241101_140748_115174833,-0.12993877
20241101_140748_362316795,-0.08226373
20241101_140748_860970457,-0.09380364
20241101_140749_112139670,0.0058796946
20241101_140749_614716192,-0.1147187
20241101_140750_111735083,-0.14046295
20241101_140750_864129357,-0.13125165
20241101_140751_108764886,0.023780214
20241101_140751_365530986,0.084400535
20241101_140751_619908881,0.022215823
20241101_140751_869741100,-0.027884742
20241101_140752_112685395,-0.12800743
20241101_140752_863159829,-0.066368215
20241101_140753_107182365,-0.024225315
20241101_140753_359994126,-0.045832835
20241101_140753_611202433,-0.011785945
20241101_140753_861006796,0.2334361
20241101_140754_107234883,0.17237659
20241101_140754_358348731,0.096338876
20241101_140755_605876133,0.080623515
20241101_140755_858242880,0.02040119
20241101_140756_608059280,0.04925663
20241101_140757_105933640,0.05991242
20241101_140757_357675235,0.07019181
20241101_140757_619362734,-0.0033690538
20241101_140757_874071860,0.037224777
20241101_140759_358610226,0.9873598
20241101_140759_608032584,0.5751456
20241101_140759_861000414,-0.49628982
20241101_140800_116331074,-0.82052034
20241101_140800_368197291,-0.9206006
20241101_140800_613373718,-0.09808632
20241101_140800_869276479,-0.82740295
20241101_140801_112858109,-0.46905452
20241101_140801_364644192,-0.25903448
20241101_140801_619243315,-0.45428997
20241101_140801_871881707,-0.8893249
20241101_140802_115345486,-1.1007605
20241101_140802_369359268,-0.72040445
20241101_140802_625924417,-0.6172741
20241101_140802_871364194,0.758115
20241101_140803_122048519,-0.099394165
20241101_140803_378224437,-0.1945105
20241101_140803_619835188,-0.066345416
20241101_140804_134767917,-0.14833792
20241101_140804_863563718,-0.15181924
20241101_140805_113409685,-0.058070324
20241101_140805_881495578,-0.051672243
20241101_140806_118640756,0.14204171
20241101_140806_377215327,-0.36073145
20241101_140806_619364100,0.56627077
20241101_140806_867922561,-1.2070946
20241101_140807_120119341,-0.4110997
20241101_140807_373558558,-0.28005496
20241101_140807_613065371,-0.9158583
20241101_140807_863323324,-0.73137355
20241101_140808_111048481,-0.7962861
20241101_140808_362747632,-1.0965865
20241101_140808_619013396,-1.011847
20241101_140808_867078656,-0.21120027
20241101_140809_112176136,-0.22451437
20241101_140809_359403830,-0.2454067
20241101_140809_614533129,0.13703105
20241101_140809_877250003,0.16959439
20241101_140810_127597395,0.117190994
20241101_140810_394979485,0.19326095
20241101_140810_636529076,0.2893343
20241101_140810_878516275,1.4785144
20241101_140811_120276919,2.189308
20241101_140811_368668200,2.0345242
20241101_140811_621043151,-0.06775414
20241101_140811_867552666,-0.030898707
20241101_140812_111800389,-0.09944031
20241101_140812_360146185,-0.13653655
20241101_140812_611887575,0.27152625
20241101_140812_856656585,0.21689616
20241101_140813_106364274,0.4335597
20241101_140813_356238224,0.57124996
20241101_140813_605945141,0.37021664
20241101_140814_105138933,0.4755284
20241101_140814_358450019,0.38340655
20241101_140814_609140253,0.48045078
20241101_140815_112569744,0.3769207
20241101_140815_363262827,1.0181465
20241101_140815_618198872,0.9053224
20241101_140815_881974609,-0.6714797
20241101_140816_140121139,0.14285178
20241101_140816_421306454,0.104719706
20241101_140816_658600133,0.036493964
20241101_140817_141910525,-0.22976397
20241101_140817_387231097,-0.20908637
20241101_140817_624207755,-0.14668043
20241101_140817_871712218,-0.14996476
20241101_140818_121103755,-0.48208454
20241101_140818_375070195,-0.2541103
20241101_140818_630734775,-0.23807932
20241101_140818_873894976,-0.39689654
20241101_140819_113283464,-1.1815451
20241101_140819_365893883,-1.3718959
20241101_140819_615290427,0.5232539
20241101_140819_873925979,0.3637357
20241101_140820_113884684,0.43653372
20241101_140820_361326089,0.395419
20241101_140821_112418700,0.3688058
20241101_140821_361842232,0.16025029
20241101_140821_611583316,0.027288178
20241101_140821_863364149,0.20860864
20241101_140822_112813467,0.41209707
20241101_140822_365002061,0.35568455
20241101_140822_618965022,0.047317065
20241101_140822_868548634,-0.06768068
20241101_140823_115268283,-0.4846518
20241101_140823_366062504,-0.25147265
20241101_140823_616455759,-0.20755182
20241101_140823_885912149,-0.15067561
20241101_140824_127182269,-0.09129342
20241101_140824_392882376,-0.40122762
20241101_140824_617152645,-0.50084627
20241101_140824_877943659,0.5010256
20241101_140825_128177310,0.6853379
20241101_140825_370683829,0.24381559
20241101_140825_616184234,0.3813108
20241101_140826_111736264,-0.004831096
20241101_140826_364940278,0.09125564
20241101_140826_621659821,0.14054932
20241101_140826_867318723,0.13259654
20241101_140827_114426555,0.19917102
20241101_140827_370157011,0.177967
20241101_140827_616630071,0.15902202
20241101_140827_868484517,0.15356658
20241101_140828_114354735,0.1463462
20241101_140828_372301104,0.17363839
20241101_140828_613908888,0.12557952
20241101_140828_862626590,0.13916968
20241101_140829_114214112,0.1287037
20241101_140829_371469085,0.1217464
20241101_140829_612846867,-0.16665493
20241101_140829_858876588,-0.038452588
20241101_140830_105643456,-0.018716177
20241101_140830_355634327,0.0023787413
20241101_140830_603246667,-0.35667256
20241101_140830_858226970,-0.4031331
20241101_140831_107413882,-0.27367532
20241101_140831_360154767,-0.21368138
20241101_140831_620415940,-0.22416653
20241101_140831_881392750,-0.21381988
20241101_140832_117841694,-0.20983307
20241101_140832_377480787,-0.12767954
20241101_140832_620648935,-0.30441508
20241101_140832_863105236,-0.21815242
20241101_140833_108728191,-0.16967084
20241101_140833_362600825,-0.18080424
20241101_140833_860811859,-0.022388954
20241101_140834_113992110,-0.07475378
20241101_140834_364100585,-0.09252801
20241101_140835_107262893,-0.07047393
20241101_140835_357873757,-0.08234488
20241101_140835_861511947,-0.089374624
20241101_140836_106567343,0.09522796
20241101_140836_867559195,0.018683413
20241101_140837_110650837,-0.0050695743
20241101_140838_610427301,-0.012063703
20241101_140838_867969064,-0.013838908
20241101_140839_371019754,-0.025444707
20241101_140839_862520136,-0.00386413
20241101_140840_118616854,-0.01161178
20241101_140840_610671863,0.013192842
20241101_140840_863636734,0.028265873
20241101_140841_356090766,0.18778388
20241101_140841_606673574,0.15585564
20241101_140841_866099869,-0.14237992
20241101_140842_112944204,-0.19901894
20241101_140843_607046834,-0.10535099
20241101_140844_108276330,-0.08063214
20241101_140844_611233156,-0.03822332
20241101_140844_873148390,0.11350853
20241101_140845_113585384,0.053115197
20241101_140845_603766841,0.04569561
20241101_140845_856188016,0.016655961
20241101_140846_106605631,0.013410727
20241101_140846_362274557,-0.14487205
20241101_140846_605965194,-0.07516437
20241101_140847_107779472,-0.048993222
20241101_140847_361771586,-0.041210704
20241101_140847_615369953,-0.032413147
20241101_140848_107755292,-0.036945067
20241101_140848_358471422,-0.035989426
20241101_140848_608337108,0.027840951
20241101_140849_111829154,0.0106302295
20241101_140850_107343626,-0.003254136
20241101_140850_361299175,0.005009571
20241101_140851_104955453,-0.06195595
20241101_140851_357463630,-0.0351161
20241101_140851_603582787,-0.11319079
20241101_140852_109010289,-0.07108598
20241101_140853_108343647,-0.004429808
20241101_140853_363491503,-0.0054913964
20241101_140853_858809097,-0.04316642
20241101_140854_106497556,-0.04750862
20241101_140854_604293024,-0.03194853
20241101_140855_104463176,-0.015310666
20241101_140855_603249138,0.45021015
20241101_140855_855933165,-0.048998795
20241101_140856_100835735,-0.05798372
20241101_140856_356653723,-0.12763573
20241101_140856_611590416,0.056918398
20241101_140856_862648352,0.06772152
20241101_140857_112102050,0.18614073
20241101_140857_359004173,0.16840161
20241101_140857_605672108,0.07260794
20241101_140857_855894379,0.15361713
20241101_140858_106073745,0.12579109
20241101_140858_355427007,0.1414259
20241101_140858_855952863,0.13794695
20241101_140859_106355923,0.12610309
20241101_140859_358977707,0.13490011
20241101_140859_614121740,0.13728838
20241101_140859_857687969,0.13545294
20241101_140900_605492715,0.08690775
20241101_140900_862448200,0.055477984
20241101_140901_106876068,-0.07494374
20241101_140901_363831400,0.08902205
20241101_140901_616146360,0.11272553
20241101_140901_869843635,0.05595518
20241101_140902_126794880,0.06466109
20241101_140902_362215022,0.077106394
20241101_140902_857775671,0.050640382
20241101_140903_106376240,0.057889916
20241101_140903_358361113,0.07039679
20241101_140903_602562482,0.07645131
20241101_140903_857293551,0.041792102
20241101_140904_113874286,-0.018502375
20241101_140904_358825248,-0.36455145
20241101_140904_606919088,-0.2226396
20241101_140904_856694522,-0.123455785
20241101_140905_101922408,-0.16404809
20241101_140905_353658381,-0.0055124965
20241101_140905_610243075,-0.030905506
20241101_140905_858174590,-0.0420812
20241101_140906_110425605,-0.56912136
20241101_140906_357239784,-0.21518008
20241101_140906_606474495,-0.1963814
20241101_140906_861296954,-0.16509052
20241101_140907_110358798,-0.009671887
20241101_140907_358877756,-0.05450555
20241101_140908_118420090,-0.08019399
20241101_140908_362358936,-0.18514632
20241101_140908_613083643,-0.3033382
20241101_140908_859916941,-0.1141059
20241101_140909_106465910,-0.094526015
20241101_140909_358911288,-0.13354032
20241101_140909_606563058,-0.07310661
20241101_140909_859172979,-0.08207967
20241101_140910_355385571,-0.14320661
20241101_140910_604122497,-0.32170102
20241101_140910_858479211,-0.22097872
20241101_140911_108798469,-0.17537244
20241101_140911_356807794,-0.120427154
20241101_140911_610319098,-0.06315746
20241101_140911_857904890,-0.21469788
20241101_140912_106792327,-0.15765099
20241101_140912_357843916,-0.19971763
20241101_140912_607915655,-0.22283761
20241101_140912_854987761,-0.18472399
20241101_140913_103935846,-0.15371324
20241101_140913_352043248,-0.1367252
20241101_140913_601230306,-0.27217275
20241101_140913_850228576,-0.06794148
20241101_140914_100905670,-0.07631915
20241101_140914_352832714,-0.04563748
20241101_140914_600338564,-0.093426906
20241101_140914_868097099,-0.124675296
20241101_140915_103788364,-0.083147846
20241101_140915_356198641,-0.05755817
20241101_140915_606145596,-0.06519856
20241101_140915_854651389,-0.066163026
20241101_140916_606423709,-0.06438144
20241101_140916_859044371,-0.06456631
20241101_140917_116970632,-0.034965895
20241101_140917_371227895,-0.15163095
20241101_140917_627597534,-0.0077283587
20241101_140917_872204755,-0.02936717
20241101_140918_107437636,-0.04611259
20241101_140918_366245110,-0.41510844
20241101_140918_611736906,-0.9975285
20241101_140918_857198843,-0.21041204
20241101_140919_116604331,0.018980006
20241101_140919_363672742,-0.04951545
20241101_140919_611657101,-0.15169801
20241101_140919_864681073,-0.0794908
20241101_140920_109808250,-0.03324493
20241101_140920_360657933,0.0130790565
20241101_140920_606661338,0.01471583
20241101_140922_108221952,0.04349459
20241101_140922_359881327,0.27662846
20241101_140922_610305776,0.3537703
20241101_140922_861733811,0.611837
20241101_140923_108131595,0.34647167
20241101_140923_618811117,0.89476407
20241101_140923_865907673,0.6594828
20241101_140924_105699802,0.37624115
20241101_140925_111766379,0.3470954
20241101_140926_105762116,0.18452127
20241101_140926_355553823,0.11756203
20241101_140926_610245437,0.7327978
20241101_140927_121041220,0.6073081
20241101_140928_371754055,0.014261702
20241101_140928_619655548,0.050044753
20241101_140928_868532414,0.107059844
20241101_140929_120082203,-0.005379131
20241101_140929_366792031,-0.029011091
20241101_140929_612794406,-0.3288042
20241101_140929_862435160,-0.24715759
20241101_140930_115162640,-0.041907094
20241101_140930_369315281,-0.06554886
20241101_140930_611736797,-0.07108738
20241101_140930_854169176,-0.067388885
20241101_140931_105657123,-0.022320023
20241101_140931_358029706,-0.009423336
20241101_140931_608013379,-0.024370035
20241101_140931_854650071,0.0028133783
20241101_140932_106453187,0.010858664
20241101_140932_361936073,-0.0049715545
20241101_140932_612025822,-0.013915231
20241101_140932_854054999,-0.093983434
20241101_140933_859266374,-0.04556387
20241101_140934_104671021,0.18998016
20241101_140934_354231557,0.16549437
20241101_140934_602932538,0.23497714
20241101_140934_857892034,0.4955578
20241101_140935_114287187,0.69956917
20241101_140935_364263689,0.48399213
20241101_140935_617603302,0.44404984
20241101_140935_864707285,-0.59418744
20241101_140936_115239951,-0.1741211
20241101_140936_372194585,-0.11295637
20241101_140936_620419567,-0.060580306
20241101_140936_863408494,-0.10214507
20241101_140937_108061228,-0.20223553
20241101_140937_857547318,-0.2003311
20241101_140938_609761476,-0.13318999
20241101_140939_359068075,-0.17662843
20241101_140939_607940592,-0.3588776
20241101_140939_861826038,-0.55302495
20241101_140940_117799467,-0.9320571
20241101_140940_374861413,-0.6821937
20241101_140940_617927835,0.31318736
20241101_140940_872570623,0.2997346
20241101_140941_111161699,0.37811017
20241101_140941_363725041,0.42915225
20241101_140941_611095957,0.7096135
20241101_140941_860487793,0.5618076
20241101_140942_358613177,0.5546488
20241101_140942_606555247,0.5510911
20241101_140942_856488824,0.5060489
20241101_140943_359694826,-0.7662663
20241101_140943_605690470,-0.4604335
20241101_140943_856407089,0.61668366
20241101_140944_107385862,0.31554595
20241101_140944_355564416,0.4752703
20241101_140944_608113595,0.7023323
20241101_140944_856796332,0.57741326
20241101_140945_357836583,0.53828466
20241101_140945_614612701,0.7207686
20241101_140946_610353182,0.85920995
20241101_140947_109225709,0.48812917
20241101_140947_363965662,0.54930586
20241101_140947_612398589,0.99326414
20241101_140947_855174099,0.7859578
20241101_140948_369217448,0.9382517
20241101_140948_611917625,0.13017763
20241101_140948_860727905,0.101840235
20241101_140949_605453261,0.26689515
20241101_140949_855014103,0.30902886
20241101_140951_358713988,0.28624266
20241101_140952_365600166,-0.023781708
20241101_140952_614611030,-0.22831173
20241101_140952_859908668,-0.29576448
20241101_140953_113207594,-0.20034386
20241101_140953_360664995,-0.1266336
20241101_140955_114928024,-0.109028034
20241101_140955_369188919,-0.035426687
20241101_140955_867922005,-0.008378079
20241101_140956_359135175,0.021423498
20241101_140956_606286115,0.0430787
20241101_140956_856700429,-0.005047163
20241101_140957_109330523,-0.017925372
20241101_140957_357586118,-0.036724083
20241101_140957_617199732,-0.05745604
20241101_140957_871464723,-0.11743169
20241101_140958_117743682,-0.080526166
20241101_140958_371561954,0.022983471
20241101_140958_611428410,0.1082185
20241101_140958_862240600,0.06904415
20241101_140959_112543075,0.06041006
20241101_140959_360340153,0.029120037
20241101_140959_606988123,0.050085194
20241101_140959_868964743,0.0790324
20241101_141000_124937745,0.03431899
20241101_141000_370072797,0.0059440527
20241101_141000_620869298,0.04798118
20241101_141000_867890466,0.11205689
20241101_141001_111962283,0.082120426
20241101_141001_359099260,0.05914671
20241101_141002_109257066,-0.2612724
20241101_141002_358965172,-0.07281103
20241101_141002_607824721,0.005585978
20241101_141003_104204729,-0.0037035253
20241101_141003_358634267,-0.03335976
20241101_141003_607726524,0.0047324095
20241101_141003_854147195,0.08023543
20241101_141005_106417307,0.040907986
20241101_141005_604454147,0.028984824
20241101_141005_856599635,0.007980803
20241101_141006_110432322,0.0067221615
20241101_141006_360426000,-0.02787464
20241101_141006_619558962,-0.74004126
20241101_141006_869206855,-0.2835169
20241101_141007_116657486,0.04259474
20241101_141007_383436907,-0.94489676
20241101_141007_642572194,-0.43040353
20241101_141007_896283740,0.16186413
20241101_141008_140559973,-0.07554554
20241101_141008_403986427,-0.08310386
20241101_141008_639702710,-0.11955451
20241101_141009_126890274,0.16256507
20241101_141009_374480527,0.19373415
20241101_141009_610321288,-0.18875666
20241101_141009_862560603,-0.17178737
20241101_141010_109468063,-0.09016993
20241101_141010_362929589,-0.0826427
20241101_141010_617820196,-0.5343258
20241101_141010_872865006,-0.31044927
20241101_141011_112238091,-0.34479734
20241101_141011_362570745,-0.5403439
20241101_141011_615267019,-0.6353698
20241101_141011_868589740,-0.35272774
20241101_141012_358377660,-0.5960534
20241101_141012_607837762,-0.32638246
20241101_141012_868286781,-0.32306758
20241101_141013_117592846,-0.19112544
20241101_141013_364552312,-0.19287778
20241101_141013_614292254,-0.15070833
20241101_141013_874011843,-0.09094603
20241101_141014_122466545,-0.17842926
20241101_141014_621970824,-0.16344072
20241101_141014_868685464,-0.29313633
20241101_141015_106810342,-0.19988094
20241101_141015_359579565,-0.13771884
20241101_141015_865411290,-0.124948345
20241101_141016_124797239,0.015875736
20241101_141016_381248861,0.11205434
20241101_141016_623663065,0.25135815
20241101_141016_876122785,0.15719958
20241101_141018_108359502,0.10129026
20241101_141018_356762969,0.090367325
20241101_141019_103579243,0.103406675
20241101_141021_358521001,0.024226347
20241101_141021_604317431,-0.0021917429
20241101_141022_354122237,-0.13766839
20241101_141022_602130127,-0.08917748
20241101_141022_848971704,-0.108207814
20241101_141023_100082222,-0.09694987
20241101_141023_357753584,-0.013338348
20241101_141023_859450659,0.18111272
20241101_141024_112221821,0.20094152
20241101_141024_375204271,0.10386265
20241101_141024_611424976,0.11130933
20241101_141024_859073980,0.10481555
20241101_141025_104442579,0.093144365
20241101_141025_357957557,0.0796581
20241101_141025_607365701,0.09117181
20241101_141025_855764179,0.15202229
20241101_141026_101817983,0.049833454
20241101_141026_604127464,0.047397472
20241101_141026_854573405,-0.028763225
20241101_141027_103090552,0.3158145
20241101_141028_619588680,0.14734156
20241101_141028_868995295,0.09506748
20241101_141029_115203257,0.22978114
20241101_141029_358546638,0.4055917
20241101_141029_607359123,0.25345695
20241101_141030_861377269,0.17724825
20241101_141031_350515541,0.15548204
20241101_141031_852216703,0.14659758
20241101_141032_604813723,0.12224681
20241101_141032_853959367,0.1024361
20241101_141033_102418907,0.03542558
20241101_141034_111776925,0.053258456
20241101_141035_351552255,0.045201994
20241101_141036_354415250,0.01627026
20241101_141036_603793371,0.11623313
20241101_141036_856029156,-0.06532159
20241101_141037_107519691,-0.13580121
20241101_141037_361514491,-0.12491482
20241101_141038_854756838,-0.07183903
20241101_141039_357780614,-0.10468867
20241101_141039_612320462,0.30043286
20241101_141039_873715908,0.25753796
20241101_141040_118985081,0.18637355
20241101_141040_369824376,0.21283846
20241101_141040_863473910,0.5965086
20241101_141041_109317813,0.36214578
20241101_141041_359999017,0.3229342
20241101_141042_849347035,0.46287674
20241101_141043_101501920,0.32186356
20241101_141043_354213392,0.27696925
20241101_141043_862246919,0.30766955
20241101_141045_112015704,0.26408085
20241101_141045_355042708,0.23100851
20241101_141045_606348976,0.23044409
20241101_141045_854735197,0.2246307
20241101_141046_102080653,0.21945558
20241101_141046_351720121,0.1771969
20241101_141047_106221918,0.19372566
20241101_141047_358278063,0.17524193
20241101_141047_606830658,0.18998946
20241101_141047_853071547,0.16120918
20241101_141048_101737772,0.1717412
20241101_141048_359070449,0.22625037
20241101_141048_611981351,0.20141749
20241101_141049_603015291,0.13927548
20241101_141049_861296343,0.18533675
20241101_141050_107214743,0.30165324
20241101_141050_357861191,0.29124874
20241101_141050_850100105,0.2403252
20241101_141051_598656035,0.47716567
20241101_141051_849223518,0.6531264
20241101_141052_098777869,0.0029894505
20241101_141052_351579811,-0.2933039
20241101_141052_603452871,-0.15822779
20241101_141053_362664057,-0.044513278
20241101_141053_604743129,-0.09043314
20241101_141053_857161921,-0.16820987
20241101_141054_104828841,-0.11311766
20241101_141054_356600064,-0.083093815
20241101_141054_603441278,-0.08241584
20241101_141054_853957898,-0.07967218
20241101_141055_108426437,0.03964723
20241101_141055_363360054,0.00877882
20241101_141055_605003719,-0.013932666
20241101_141055_856047384,0.23827387
20241101_141056_107366777,0.18199843
20241101_141056_354762203,-0.022936245
20241101_141056_603352910,-0.05106052
20241101_141056_853542633,-0.25337094
20241101_141057_098811465,-0.27501157
20241101_141057_354281229,-0.1901934
20241101_141057_600718811,-0.119841
20241101_141057_856814647,0.38279197
20241101_141058_101640814,-0.19808252
20241101_141058_353948111,-0.13144799
20241101_141058_850377240,-0.076321624
20241101_141059_101270790,-0.07736718
20241101_141059_358817212,-0.04167106
20241101_141059_601437896,-0.035989843
20241101_141059_850864669,-0.0523208
20241101_141100_102682298,-0.081174575
20241101_141100_355526132,-0.07898819
20241101_141100_602557630,-0.052403174
20241101_141101_380116106,0.39800182
20241101_141101_623375900,-0.51207435
20241101_141101_877964713,-0.2838381
20241101_141102_115808272,-1.0377452
20241101_141102_359279916,-1.173488
20241101_141102_603738785,0.5076783
20241101_141102_854304724,0.30137596
20241101_141103_103032134,0.13257466
20241101_141103_355493122,-0.039658867
20241101_141103_613781480,-0.62218404
20241101_141103_866498049,-0.23283733
20241101_141104_116914085,-0.4949886
20241101_141104_367662170,-0.34899315
20241101_141104_622709017,-0.19287093
20241101_141104_878167833,-0.119127
20241101_141105_123866755,-0.15612166
20241101_141105_368015258,-0.26879442
20241101_141105_613507707,-0.20749469
20241101_141105_861274622,-0.26403224
20241101_141106_110357941,-0.22212274
20241101_141106_369112397,-0.19114043
20241101_141106_865103816,-0.25525895
20241101_141107_108369201,-0.22186323
20241101_141107_355290099,-0.1918311
20241101_141108_107613663,-0.18018703
20241101_141108_357448027,-0.21165846
20241101_141108_606843172,-0.16584717
20241101_141108_862160335,-0.16882814
20241101_141109_104636129,-0.18147637
20241101_141109_370968017,-0.23624732
20241101_141111_104353691,-0.2401198
20241101_141111_361723527,0.17123769
20241101_141111_612161086,0.21965979
20241101_141111_869314619,0.4946958
20241101_141112_125435378,0.27487412
20241101_141112_382367937,0.043669023
20241101_141112_628759449,0.022918204
20241101_141112_893398424,0.06687678
20241101_141113_126732861,0.10818497
20241101_141113_378598904,0.08225394
20241101_141113_620155985,0.09770397
20241101_141113_871321854,0.09439526
20241101_141114_109114799,0.08001167
20241101_141114_358384688,0.08002696
20241101_141114_606779584,0.06972877
20241101_141115_853715138,0.09030921
20241101_141116_101533829,0.2306254
20241101_141116_352462089,0.12448741
20241101_141117_353730917,0.08835352
20241101_141117_602310041,-0.078038566
20241101_141117_853104102,-0.059424333
20241101_141118_105795401,-0.53606915
20241101_141118_355244774,-0.43300208
20241101_141118_605280962,-0.5531975
20241101_141118_854384729,-0.5503045
20241101_141119_100586397,-0.5271265
20241101_141119_353580276,-0.5721035
20241101_141119_600611785,-0.55446714
20241101_141119_853272826,-0.279115
20241101_141120_102746820,-0.19889073
20241101_141120_356833141,-0.06742778
20241101_141120_602626334,-0.13426568
20241101_141120_854864458,-0.5273289
20241101_141121_100320181,-0.21638222
20241101_141121_351452522,-0.28803813
20241101_141121_604270612,-0.3868148
20241101_141121_860601319,-0.43062457
20241101_141122_108351735,-0.25856918
20241101_141122_365519365,-0.3763921
20241101_141122_608740625,-0.18500204
20241101_141123_116396725,-0.57969207
20241101_141123_365814178,-2.3631573
20241101_141123_625199190,-0.58783853
20241101_141123_874660346,-2.1755693
20241101_141124_120257500,0.5832579
20241101_141124_381489941,0.4971476
20241101_141124_610371320,0.3176287
20241101_141124_863636316,0.46196967
20241101_141125_105940837,0.5825506
20241101_141125_357399999,0.42737508
20241101_141126_104276401,0.41743106
20241101_141126_610290604,0.5803321
20241101_141126_859699342,0.53484434
20241101_141127_116161030,0.47557285
20241101_141127_855934299,0.49806312
20241101_141128_605338644,0.38041437
20241101_141128_859493522,0.115252234
20241101_141129_113640515,0.07169
20241101_141129_367609305,0.050534256
20241101_141129_606202676,0.1223462
20241101_141129_854106849,0.2719342
20241101_141130_101982239,0.38970208
20241101_141130_604305966,0.30269793
20241101_141131_103999477,0.28558183
20241101_141131_600913183,0.46386632
20241101_141131_850333047,0.27081412
20241101_141132_099397852,0.051478423
20241101_141132_355848446,-0.25813785
20241101_141132_605780974,-0.21367098
20241101_141132_860916658,-0.075450234
20241101_141133_106711747,0.021747293
20241101_141133_358048262,0.0213931
20241101_141133_603627123,0.19406277
20241101_141133_854089827,0.2688289
20241101_141134_105471746,0.09684489
20241101_141134_364119343,-0.08228972
20241101_141134_609632203,-0.13395281
20241101_141134_861682077,-0.10935753
20241101_141135_104080564,0.01138855
20241101_141135_357196932,-0.03082641
20241101_141135_608229498,-0.12657554
20241101_141136_857621514,-0.021728655
20241101_141137_103664787,-0.06563368
20241101_141137_355868909,-0.101346694
20241101_141137_602929938,0.06611822
20241101_141137_856065417,0.060826756
20241101_141138_103963406,0.27557057
20241101_141138_357512741,0.19359706
20241101_141138_854658690,0.38355723
20241101_141139_103538987,0.27346683
20241101_141139_854196277,1.9510133
20241101_141140_107390569,0.3810117
20241101_141140_361744520,-0.0054814536
20241101_141140_608037191,-0.03887167
20241101_141140_857516630,0.109705366
20241101_141141_105190532,0.10139654
20241101_141141_356381176,0.092031635
20241101_141141_609528068,0.25744227
20241101_141141_858162240,0.18570445
20241101_141142_100081966,0.23576419
20241101_141142_349533134,0.15503553
20241101_141142_849519340,0.16184194
20241101_141143_353501691,0.15214773
20241101_141143_600191708,0.097759
20241101_141143_849348359,0.11942131
20241101_141144_353468450,0.26314697
20241101_141144_607687319,0.16376339
20241101_141144_857190802,0.10687166
20241101_141145_100052674,0.120201595
20241101_141145_351301781,0.029910652
20241101_141145_600986138,0.10917414
20241101_141145_850928063,0.08390672
20241101_141146_099764467,0.07802857
20241101_141147_109541748,-0.010136092
20241101_141147_355377127,-0.08438921
20241101_141147_607863477,0.034203373
20241101_141147_861977003,0.037871845
20241101_141148_123779856,-0.024175944
20241101_141148_374971511,-0.24094944
20241101_141148_613813198,-0.1869706
20241101_141148_863111527,-0.046616264
20241101_141149_110845870,-0.032061838
20241101_141149_372172506,-0.022239259
20241101_141149_605804572,0.044204444
20241101_141149_855471888,0.047844887
20241101_141150_103447661,0.04078091
20241101_141150_850013131,0.11555306
20241101_141151_101564400,0.40846193
20241101_141151_353871920,0.33290327
20241101_141151_598250344,0.2100287
20241101_141151_853114780,0.2886516
20241101_141152_106919931,0.21345669
20241101_141152_353406670,0.27031258
20241101_141152_848892029,0.038818724
20241101_141153_101251769,0.05458168
20241101_141153_350544857,0.113622524
20241101_141153_607239666,0.11964444
20241101_141153_860684407,0.06435836
20241101_141154_117309768,-0.13920383
20241101_141154_377548935,-0.38193837
20241101_141154_626126517,-0.5004261
20241101_141154_870793922,-0.26689366
20241101_141155_114057043,-0.19589008
20241101_141155_370488875,-0.2297516
20241101_141155_613619781,0.004307376
20241101_141155_868922949,-0.06442844
20241101_141156_110476610,0.01986874
20241101_141156_353890415,-0.09327125
20241101_141156_604539600,0.057644792
20241101_141156_855165752,0.39575014
20241101_141157_106394711,-0.7303782
20241101_141157_360533853,0.17278086
20241101_141157_617805015,0.06343007
20241101_141157_863057627,-0.17938179
20241101_141158_106622070,-0.18754376
20241101_141158_357005672,-0.13356568
20241101_141158_600743579,-0.957828
20241101_141158_851995255,0.4694734
20241101_141159_109661850,0.31513226
20241101_141159_356058617,0.7869387
20241101_141159_608584749,1.0709565
20241101_141159_858816978,0.69665426
20241101_141200_114684967,0.62476313
20241101_141200_366845485,0.60635483
20241101_141200_614877387,0.5334374
20241101_141200_861366305,0.5167607
20241101_141201_113434326,0.33190835
20241101_141201_366069547,0.48947886
20241101_141201_610719964,0.1123722
20241101_141201_857317520,0.0813481
20241101_141202_111300484,0.61736774
20241101_141202_361346527,0.655763
20241101_141202_610663157,0.501726
20241101_141202_866601642,0.46291107
20241101_141203_111318127,0.41802743
20241101_141203_354094040,0.38290483
20241101_141203_607288077,0.45584685
20241101_141203_863772293,0.3823801
20241101_141204_104188667,0.22745328
20241101_141204_358931303,0.90733147
20241101_141204_615373261,0.89126766
20241101_141204_864567606,-0.66569805
20241101_141205_111128928,0.008715639
20241101_141205_361474070,-0.09119465
20241101_141205_868014052,-0.1591094
20241101_141206_356898784,-0.4275827
20241101_141206_611540543,-0.2683349
20241101_141206_869597577,0.20901398
20241101_141207_113107125,0.12885056
20241101_141207_357119879,0.32138523
20241101_141207_605210297,0.46893197
20241101_141207_865258077,0.53115124
20241101_141208_105954732,0.62149626
20241101_141208_353527313,0.710416
20241101_141208_605423515,0.56733847
20241101_141208_855482230,0.484498
20241101_141209_103374252,-0.18733825
20241101_141209_357155182,-0.15999769
20241101_141209_604741372,-0.029535642
20241101_141209_853555651,-0.032297008
20241101_141210_100425077,-0.04058268
20241101_141210_351126753,-0.060490243
20241101_141211_110579845,-0.13850574
20241101_141211_363303016,-0.123579465
20241101_141211_614503433,-0.7313445
20241101_141211_861921146,0.11694714
20241101_141212_114368037,0.067778476
20241101_141212_361995007,0.0795679
20241101_141212_607376478,-0.20331787
20241101_141212_856728146,-1.3304359
20241101_141213_110062674,-1.4209366
20241101_141213_358135591,-0.87694824
20241101_141213_602333183,-0.25038707
20241101_141213_854886099,-0.2651674
20241101_141214_113073559,-0.2087423
20241101_141214_369832324,-0.10655909
20241101_141214_617786719,-0.036857147
20241101_141215_860664008,-0.060369425
20241101_141216_109949196,-0.0405012
20241101_141216_352092890,-0.039151184
20241101_141216_849901195,-0.8413293
20241101_141217_101576894,-1.2520934
20241101_141217_350173009,-0.24509771
20241101_141217_600788608,-0.20699213
20241101_141217_852945508,-0.5243224
20241101_141218_105886408,-0.75997424
20241101_141218_355961155,-0.32522875
20241101_141218_602829804,-0.8595601
20241101_141218_850861303,-0.2622999
20241101_141219_100290331,-0.14963233
20241101_141219_352234757,-0.067975715
20241101_141219_601067655,-0.08484312
20241101_141219_850263931,-0.095690124
20241101_141220_353969511,-0.09814682
20241101_141221_355498994,-0.14478528
20241101_141221_601956138,-0.26691654
20241101_141221_852127982,-0.3276603
20241101_141222_100385283,-0.28520873
20241101_141222_352198623,-0.38675871
20241101_141223_598882089,-0.16992696
20241101_141223_856523756,-0.26304293
20241101_141224_101534136,-0.123567246
20241101_141224_362971389,-0.5770891
20241101_141224_600256937,-0.21750231
20241101_141224_852034258,-0.7467918
20241101_141225_100895528,-0.74690527
20241101_141225_353658243,-1.1537298
20241101_141225_608418383,-1.0593231
20241101_141225_854713089,-1.5852529
20241101_141226_102118690,-2.1390004
20241101_141226_355193680,-0.23974097
20241101_141226_610065758,0.1790269
20241101_141226_854671464,-0.3843286
20241101_141227_104914636,-0.29316783
20241101_141227_352284214,-0.30864653
20241101_141227_600142020,-0.31678817
20241101_141227_853845494,-0.17770882
20241101_141228_100162150,-0.12864877
20241101_141228_351032191,-0.116180085
20241101_141228_602196799,0.029586246
20241101_141229_355097207,0.033493735
20241101_141229_600812664,-0.07178589
20241101_141229_850516533,-0.27986425
20241101_141230_100395394,-0.20452781
20241101_141230_357475375,-0.03242144
20241101_141230_611889688,-0.009200415
20241101_141230_859613199,0.024123648
20241101_141231_110448435,0.12916745
20241101_141231_369578740,0.6357754
20241101_141231_611634027,0.40784296
20241101_141231_855055181,0.18583302
20241101_141232_103108168,0.19961612
20241101_141232_352111706,0.1764505
20241101_141232_609884323,0.20574813
20241101_141232_865867736,0.2497781
20241101_141233_113760564,1.0689284
20241101_141233_370337204,0.83418
20241101_141233_607708078,0.6630258
20241101_141233_858920056,0.5682039
20241101_141234_101222710,0.59898055
20241101_141234_600266082,-0.5377161
20241101_141234_854773648,-0.9175771
20241101_141235_102520125,-0.15905909
20241101_141235_355835794,-0.17410803
20241101_141235_601325771,-0.07782412
20241101_141235_851664501,-0.2033142
20241101_141236_101023462,-0.23045899
20241101_141236_356894280,-0.18601958
20241101_141236_856441676,-0.18941654
20241101_141237_357308271,-0.18309923
20241101_141238_098681754,-0.18113698
20241101_141238_350331245,-0.25634605
20241101_141239_352554116,-0.21738054
20241101_141239_850681905,-0.2135558
20241101_141240_372954685,-0.21137346
20241101_141240_615330903,-0.19665973
20241101_141240_861301971,-0.2009321
20241101_141241_103121602,-0.23059921
20241101_141241_356985053,-0.20001651
20241101_141241_614076200,-0.2164311
20241101_141242_606970514,-0.23184998
20241101_141242_858242153,-0.3738937
20241101_141243_105024838,-0.2539464
20241101_141243_355857332,-0.640652
20241101_141243_603154914,-0.9879738
20241101_141243_849815434,-0.114584796
20241101_141244_100175805,-0.07698503
20241101_141244_354048039,1.1896734
20241101_141244_602711026,-0.55280656
20241101_141244_854297679,-0.02321044
20241101_141245_101971029,0.06548399
20241101_141245_352255233,0.057705604
20241101_141245_599096510,-0.7679596
20241101_141245_854637346,-0.5075072
20241101_141246_107127981,-0.6575507
20241101_141246_358632173,-0.8575817
20241101_141246_604530621,-0.80172974
20241101_141246_855275986,-0.59977424
20241101_141247_104121388,-0.5697122
20241101_141247_353114698,-0.51772916
20241101_141247_603277372,-0.08075061
20241101_141247_851339590,-0.012038849
20241101_141248_100334277,-0.03152989
20241101_141248_351196630,-0.03077091
20241101_141248_851207938,-0.036427446
20241101_141249_100360274,0.6739001
20241101_141249_350343852,0.51117253
20241101_141249_605488845,0.47000116
20241101_141249_855086712,0.41896895
20241101_141250_099939204,0.3627772
20241101_141250_353518768,0.28346664
20241101_141250_606954148,0.37823886
20241101_141250_853437791,0.40333942
20241101_141251_103485947,-0.80824524
20241101_141251_351089766,-1.0083435
20241101_141251_598674596,-1.2771523
20241101_141252_348970021,-0.4417334
20241101_141252_597824109,-1.1867667
20241101_141252_850074190,-0.9743554
20241101_141253_101664384,-0.024309365
20241101_141253_350582076,0.58643615
20241101_141253_600694177,0.46034682
20241101_141253_850288092,0.20469747
20241101_141254_097786029,0.2811211
20241101_141254_348195959,0.31557652
20241101_141254_600057417,0.3789082
20241101_141254_849357485,0.7955879
20241101_141255_099196044,0.67644244
20241101_141255_348676762,0.12001745
20241101_141255_599346007,-0.22140975
20241101_141255_849212562,-0.03506177
20241101_141256_099456694,-0.14374514
20241101_141256_349730374,-0.05635967
20241101_141256_603210692,-0.037181817
20241101_141257_105167267,-0.027255258
20241101_141257_359576420,-0.39634308
20241101_141257_603237473,-0.30519834
20241101_141257_850943682,-0.20198573
20241101_141258_098943911,-0.16714711
20241101_141258_353275646,-0.11459639
20241101_141258_862857312,-0.11149984
20241101_141259_115199784,-0.31935626
20241101_141259_369368750,-0.5992095
20241101_141259_611913083,-0.5408156
20241101_141259_862444581,-0.8772692
20241101_141300_106717371,-1.2681876
20241101_141300_362589929,-0.65826726
20241101_141300_626666823,-0.48517555
20241101_141300_869092051,-0.25304902
20241101_141301_114985233,-0.39339828
20241101_141301_358618569,-0.48208132
20241101_141301_605644293,-1.2961205
20241101_141301_856927413,-0.4891669
20241101_141302_363472018,-0.9864577
20241101_141302_619451990,-0.6015653
20241101_141302_863925171,-0.65664417
20241101_141303_114020038,-0.991208
20241101_141303_357026723,-0.7350109
20241101_141303_602888962,-0.5866728
20241101_141303_851909737,-0.57132083
20241101_141304_372354131,-0.5724357
20241101_141304_879374142,0.5672858
20241101_141305_122953000,0.13414276
20241101_141305_371248497,0.32726964
20241101_141305_627587320,0.026994089
20241101_141305_869817449,0.09618441
20241101_141306_111032194,0.09423069
20241101_141306_360562015,0.056420363
20241101_141306_617858667,0.09642983
20241101_141306_868596638,0.10162107
20241101_141307_108355652,0.11839829
20241101_141307_354445187,0.10208184
20241101_141307_603650855,-0.28204533
20241101_141307_857681229,-0.22167574
20241101_141308_108155298,-1.3690709
20241101_141308_365657753,-1.6750662
20241101_141308_607666080,-0.9618748
20241101_141308_859218507,-0.4612886
20241101_141309_102284120,-0.5499961
20241101_141309_356980763,-0.7794077
20241101_141309_600061976,-0.72813785
20241101_141309_850404398,-0.44114387
20241101_141310_356886967,-0.3583991
20241101_141310_606119859,-0.12623489
20241101_141310_853767904,-0.19082753
20241101_141311_103035012,-0.24980046
20241101_141312_100169703,-0.25572965
20241101_141312_351806544,-0.24596213
20241101_141312_846632997,-0.34253564
20241101_141313_097982110,-0.03325237
20241101_141313_355427049,0.0032176767
20241101_141313_851023119,-0.03894981
20241101_141314_097695139,-0.020683011
20241101_141314_346274465,-0.0433807
20241101_141314_598502003,-0.09041079
20241101_141314_847936791,-0.119917594
20241101_141315_599387180,-0.20424028
20241101_141315_850203116,0.029399889
20241101_141316_100624063,0.19267274
20241101_141316_351781763,0.29592964
20241101_141316_597213241,0.1572964
20241101_141316_848157502,0.11476991
20241101_141317_101039092,-0.29088083
20241101_141317_350109474,-0.21417047
20241101_141317_598143565,-0.26068673
20241101_141319_110464934,-0.29458076
20241101_141319_364431830,-0.8876306
20241101_141319_602791380,-0.32338735
20241101_141319_859036570,-0.2589065
20241101_141320_101419132,-0.38112602
20241101_141320_351151428,-0.28787324
20241101_141320_598918731,0.19086379
20241101_141320_850868237,0.3224383
20241101_141321_102245680,0.4373999
20241101_141321_354106151,0.2596989
20241101_141321_610727485,0.32494122
20241101_141322_352054726,0.26287964
20241101_141322_600748690,0.5243845
20241101_141323_357264344,0.4625349
20241101_141324_102822577,0.29757255
20241101_141324_371014756,0.26478383
20241101_141325_098969534,0.23197128
20241101_141326_350472374,0.21444438
20241101_141327_102032903,0.186314
20241101_141327_855029418,0.16557936
20241101_141328_100451928,-0.07103457
20241101_141328_853258069,0.13664536
20241101_141329_105320426,0.0027423892
20241101_141330_110464731,0.19149573
20241101_141330_358812171,0.16498981
20241101_141331_350907435,0.13476722
20241101_141331_851963004,0.15800013
20241101_141332_359283616,0.18048541
20241101_141332_861492104,0.20946656
20241101_141333_111852807,0.4671189
20241101_141333_358059512,0.7462023
20241101_141334_110766154,0.24912311
20241101_141334_362691214,0.116301276
20241101_141334_609467066,0.15112488
20241101_141334_857819093,0.0027273688
20241101_141335_108705758,-0.01669242
20241101_141335_611154306,0.009305218
20241101_141335_864879407,0.043961562
20241101_141336_105756579,0.21359242
20241101_141336_355853242,0.16084395
20241101_141337_103753534,0.1457542
20241101_141337_355128432,0.14407311
20241101_141338_598026043,0.35863337
20241101_141339_350690750,0.14462055
20241101_141340_099657223,0.11626271
20241101_141340_348451631,-0.0077810492
20241101_141340_598496170,-0.2220413
20241101_141340_854622019,-0.105980836
20241101_141341_102071925,-0.114731036
20241101_141341_355080347,-0.10604837
20241101_141341_600849195,-0.12916978
20241101_141341_849087189,-0.3575712
20241101_141342_113158183,-0.341844
20241101_141342_359788623,0.39101955
20241101_141342_616248832,-0.026348015
20241101_141342_875190314,-0.1431761
20241101_141343_119729887,-0.064097784
20241101_141343_361227526,-0.1636398
20241101_141343_614037823,-0.023224017
20241101_141343_856101386,-0.20849456
20241101_141344_857704400,-0.034460746
20241101_141345_101865877,-0.047460698
20241101_141345_353179745,0.114520706
20241101_141345_599971540,0.17842792
20241101_141346_603357242,0.115311064
20241101_141347_355053290,0.07668457
20241101_141347_605688174,0.060111262
20241101_141347_854354485,0.07703731
20241101_141348_105206382,-0.03328105
20241101_141348_355646362,-0.0066471305
20241101_141349_102109756,0.021107713
20241101_141349_352621186,0.3097423
20241101_141349_601460361,0.6450647
20241101_141349_855546820,0.42569673
20241101_141350_358105584,0.19117306
20241101_141350_853290696,-0.013524434
20241101_141351_099526042,-0.0013712253
20241101_141351_350972172,-0.10780754
20241101_141351_605232738,0.12718324
20241101_141351_855592258,0.07197211
20241101_141352_102427263,0.18017744
20241101_141352_352127495,0.28423768
20241101_141352_853440583,0.7291298
20241101_141353_101754071,0.46356905
20241101_141353_352292787,0.18555091
20241101_141354_360448108,0.2287383
20241101_141354_862786318,0.08027784
20241101_141355_101527588,-0.19676773
20241101_141355_349620499,0.07155303
20241101_141355_599157494,0.061764397
20241101_141355_853454598,-0.15508498
20241101_141356_108145891,-0.060711406
20241101_141356_349945512,-0.016163012
20241101_141356_599221830,-0.003596386
20241101_141357_101255956,-0.0058464017
20241101_141357_355430706,-0.047131382
20241101_141357_603337612,0.01325188
20241101_141357_854480915,0.014650444
20241101_141359_097187212,0.046144523
20241101_141359_351565630,0.040538825
20241101_141359_601372303,0.25063127
20241101_141401_355307027,0.8281067
20241101_141401_608714974,-0.27064395
20241101_141401_859229008,-0.14860785
20241101_141402_106019439,-0.6297086
20241101_141402_362648640,-1.2159911
20241101_141402_610248043,-0.79354423
20241101_141402_857033593,-0.24812894
20241101_141403_108259630,0.20713015
20241101_141403_366669700,0.14604288
20241101_141403_618091207,-0.11070155
20241101_141403_867606090,-0.057581775
20241101_141404_115929024,-0.015440395
20241101_141404_359082905,-0.11308529
20241101_141404_600151353,-0.21413375
20241101_141404_852706082,-0.7769847
20241101_141405_107573233,0.68398076
20241101_141405_365055414,-0.07650306
20241101_141405_619338708,-0.15983178
20241101_141405_871057164,-0.06855043
20241101_141406_376568919,0.17634685
20241101_141406_618176773,0.4063301
20241101_141407_370439392,0.39601955
20241101_141407_613672351,1.172244
20241101_141407_860822160,0.6446896
20241101_141408_359374297,0.56312615
20241101_141408_611327331,0.7256205
20241101_141408_859693049,0.5545253
20241101_141409_106683793,0.24056478
20241101_141409_356541750,0.24213357
20241101_141409_602677923,0.3079296
20241101_141409_858434832,0.30838484
20241101_141410_103215426,0.51130384
20241101_141410_356944168,0.44631785
20241101_141410_865932053,0.5890518
20241101_141411_106427740,0.47657886
20241101_141411_362131739,0.19380663
20241101_141411_601833296,0.66593605
20241101_141411_853665426,0.8442571
20241101_141412_100279583,0.21372105
20241101_141412_357792300,-0.18244539
20241101_141412_601062597,-0.06995892
20241101_141413_375122793,0.018162766
20241101_141413_620147595,-0.07867839
20241101_141413_859333444,-0.055552922
20241101_141414_850122317,-0.071168356
20241101_141415_349946383,-0.08203896
20241101_141415_601174728,0.116762824
20241101_141415_855208200,0.63392884
20241101_141416_110577112,0.4469441
20241101_141416_365568574,0.46838593
20241101_141416_612124966,0.4806446
20241101_141417_112675177,0.71277875
20241101_141417_357066632,0.68241316
20241101_141417_607908603,0.5281907
20241101_141417_856060700,0.55061454
20241101_141418_111662647,0.44364956
20241101_141418_354403468,0.28313273
20241101_141418_602621144,0.09282375
20241101_141418_856931634,0.26010886
20241101_141419_112094597,0.37317884
20241101_141419_355767141,-0.43557215
20241101_141419_605159632,-0.22782241
20241101_141419_854251203,-0.20962985
20241101_141420_105428944,-0.20716219
20241101_141420_352478250,-0.22077365
20241101_141422_350862683,-0.22882117
20241101_141422_599131833,-0.35169122
20241101_141422_852126489,-0.24808894
20241101_141423_350962778,-0.23409112
20241101_141423_601152902,-0.29357174
20241101_141423_849270940,-0.16631873
20241101_141424_357753825,-0.10972246
20241101_141424_853981777,-0.12836741
20241101_141425_354211208,-0.10898011
20241101_141425_599802169,-0.02861478
20241101_141425_850308344,-0.08187925
20241101_141426_098925597,-0.103832714
20241101_141426_348870226,-0.10940441
20241101_141426_605033010,-0.14673848
20241101_141426_851533523,-0.1384447
20241101_141427_604241010,-0.15455846
20241101_141427_858070652,-0.13350566
20241101_141428_107433904,0.0048219357
20241101_141428_607417878,-0.07843163
20241101_141428_855160298,-0.16823907
20241101_141429_105978744,0.68567204
20241101_141429_357848895,-0.04742112
20241101_141429_609837142,0.36856714
20241101_141429_861327062,0.7342661
20241101_141430_110373715,0.6806184
20241101_141430_361858610,0.60141116
20241101_141430_606141609,0.4954389
20241101_141431_354048562,0.49489537
20241101_141431_602395288,0.82648915
20241101_141432_101597372,0.95625925
20241101_141432_354102493,0.7660454
20241101_141433_097789086,0.68056124
20241101_141433_348452046,0.6339965
20241101_141433_597941601,0.5117016
20241101_141433_852578773,0.563332
20241101_141434_098586017,0.3158907
20241101_141434_347006323,0.7462126
20241101_141434_598075152,-0.7909536
20241101_141434_850027942,-0.7811587
20241101_141435_098947773,-0.71635914
20241101_141435_351139488,-0.21867256
20241101_141435_600437864,-0.14928631
20241101_141435_853185706,-0.05185224
20241101_141436_105640141,-0.031165782
20241101_141436_355178152,-0.12761562
20241101_141436_600396221,-0.12717707
20241101_141437_354387550,-0.073025934
20241101_141437_602926581,-0.27635077
20241101_141438_100535561,-0.1558124
20241101_141438_597186801,-0.15586875
20241101_141438_850206271,0.7088815
20241101_141439_101596800,0.31911343
20241101_141439_350362610,0.2762728
20241101_141439_603744397,0.32837018
20241101_141439_851481967,0.31033474
20241101_141440_354444523,0.15259303
20241101_141440_603758714,0.2139685
20241101_141440_854251257,0.14165662
20241101_141441_103566761,0.040754206
20241101_141441_358073128,0.47549233
20241101_141441_606128220,0.36376393
20241101_141441_857140541,0.2861664
20241101_141442_102697137,0.34262887
20241101_141442_351346379,0.30962825
20241101_141442_599789532,0.35240337
20241101_141442_851433463,0.747939
20241101_141443_102103353,0.77962863
20241101_141443_352474748,0.5119994
20241101_141443_851992591,0.953232
20241101_141444_098585816,0.64091283
20241101_141444_348310201,0.3853814
20241101_141444_598140055,0.3243741
20241101_141444_851095403,0.3528267
20241101_141445_356782753,0.33424705
20241101_141445_607765659,0.016840765
20241101_141445_858200493,0.085541196
20241101_141446_102908892,-0.048144512
20241101_141446_351080455,-0.04824456
20241101_141446_853284976,-0.0027363207
20241101_141447_101452034,0.016468773
20241101_141447_350484836,-0.05581101
20241101_141447_598195417,-0.051830016
20241101_141447_849015161,-0.052892976
20241101_141448_103145085,-0.054875188
20241101_141448_352946964,-0.049852423
20241101_141449_101958363,0.014135698
20241101_141449_350216044,-0.59775513
20241101_141449_604795598,-0.7963519
20241101_141449_857232935,-0.14351226
20241101_141450_104104768,-0.1355821
20241101_141450_353978562,-0.14760764
20241101_141450_599309880,-0.13485546
20241101_141450_851408972,-0.14395691
20241101_141451_099933127,-0.15479554
20241101_141451_352324764,-0.13295414
20241101_141452_097846446,-0.15241505
20241101_141452_598755124,-0.14624603
20241101_141452_850309156,-0.16382296
20241101_141453_098433380,-0.16755535
20241101_141453_856073674,-0.69473153
20241101_141454_105425169,-0.12204792
20241101_141454_356128040,-0.028511843
20241101_141454_602201308,0.14194833
20241101_141454_857828910,0.3284298
20241101_141455_103864569,0.063585795
20241101_141455_356109487,-0.14143302
20241101_141455_602388204,-0.12852092
20241101_141455_859154905,-0.052701056
20241101_141456_101071318,-0.09970898
20241101_141456_350576501,-0.022912165
20241101_141456_598039149,-0.012726506
20241101_141456_850846375,-0.034883283
20241101_141457_099613686,-0.26422736
20241101_141457_351104044,-0.10235407
20241101_141457_849882072,-0.06595536
20241101_141458_096684528,-0.22411568
20241101_141458_353838941,-0.08552875
20241101_141458_605892436,0.07749017
20241101_141458_851555225,0.25884545
20241101_141459_104748050,0.4163236
20241101_141459_369408815,0.21796405
20241101_141459_621428853,-0.31172687
20241101_141459_870565801,-0.7370496
20241101_141500_122227249,-1.2336749
20241101_141500_379041528,-0.88875073
20241101_141500_617886980,0.062153623
20241101_141500_873259280,0.5157822
20241101_141501_121258036,0.55393803
20241101_141501_369422944,0.79192924
20241101_141501_620762682,1.2799494
20241101_141501_871857985,-0.4815852
20241101_141502_110155761,0.1236726
20241101_141502_362614777,-0.011582918
20241101_141502_610577822,0.09146616
20241101_141502_866588324,2.3189504
20241101_141503_118614581,-0.24829479
20241101_141503_367423328,-0.5878768
20241101_141503_613550643,-1.0128022
20241101_141503_863651275,-0.6202826
20241101_141504_120443339,-0.00038727187
20241101_141504_368264336,0.22437952
20241101_141504_606816856,0.2362213
20241101_141504_855472490,0.20345668
20241101_141505_110275543,0.14938568
20241101_141506_609539954,0.22249787
20241101_141507_372729075,0.21523304
20241101_141507_624252841,0.45336267
20241101_141507_879170624,0.63826346
20241101_141508_362003098,0.39580798
20241101_141509_355904545,0.3339956
20241101_141509_609549665,0.13625048
20241101_141509_853508027,0.19292955
20241101_141510_106987947,0.95063233
20241101_141510_357337937,0.24035959
20241101_141510_605923897,0.055190243
20241101_141510_855756599,0.1986693
20241101_141511_104360294,0.1980822
20241101_141511_366422200,0.18284427
20241101_141511_863462377,0.10987077
20241101_141512_107695070,0.1387736
20241101_141512_366860827,0.14821066
20241101_141513_355874684,0.122526385
20241101_141513_854923760,0.14831837
20241101_141514_349854386,0.14156584
20241101_141514_600693895,0.110732414
20241101_141514_849826305,0.122304894
20241101_141515_099206505,0.053184427
20241101_141515_603163602,-0.0043587293
20241101_141515_857893835,-0.2657511
20241101_141516_106025592,-0.5844332
20241101_141516_354528137,-0.03961397
20241101_141516_603364130,0.070902
20241101_141516_854804039,0.12309884
20241101_141517_111432305,0.18630154
20241101_141517_368645119,0.17387687
20241101_141517_615063600,-0.120796524
20241101_141517_867397855,-0.13409068
20241101_141518_112452023,-0.010229012
20241101_141518_361702257,0.14132687
20241101_141518_619119169,-0.06809368
20241101_141518_871696261,-0.11965912
20241101_141519_359144910,-0.14474149
20241101_141519_608337717,-0.55172944
20241101_141519_858480956,-1.6997067
20241101_141520_119188455,0.40649346
20241101_141520_365995964,0.053488113
20241101_141520_622044478,0.1272612
20241101_141520_868114562,0.17309402
20241101_141521_108294954,0.2052208
20241101_141521_358630185,0.35760245
20241101_141521_605927764,0.26143047
20241101_141521_860631486,0.098896064
20241101_141522_115286034,-0.21738143
20241101_141522_358521311,-0.62618417
20241101_141523_609721303,-0.1830873
20241101_141524_112183684,-0.13651602
20241101_141524_378771813,0.1375672
20241101_141524_608952006,0.0838973
20241101_141524_856992940,0.05727244
20241101_141525_109202649,-0.007756045
20241101_141525_606590294,-0.17312755
20241101_141525_856066351,-0.28159863
20241101_141526_104838136,-0.19220038
20241101_141526_360675666,-0.0926288
20241101_141526_602677628,-0.06973537
20241101_141526_863848575,0.16139771
20241101_141527_366768832,0.039590307
20241101_141527_870570584,0.017651478
20241101_141528_362704615,-0.03667318
20241101_141529_600923765,-0.027610322
20241101_141529_855083026,-0.0689558
20241101_141530_102954996,-0.19615416
20241101_141530_368724119,-0.52154815
20241101_141530_612885853,-0.61300665
20241101_141530_862739631,-0.22572245
20241101_141531_112063174,-0.37046394
20241101_141531_363295434,0.08561625
20241101_141531_605963473,0.22156294
20241101_141531_859156462,0.1313685
20241101_141532_104493532,0.068661965
20241101_141533_354174729,0.063640155
20241101_141533_603760963,-0.19454156
20241101_141533_854197938,-0.32408157
20241101_141534_105315710,-0.19368516
20241101_141534_363450188,-0.22471921
20241101_141534_607141395,-0.08857649
20241101_141534_855912224,-0.10320743
20241101_141535_097893912,-0.08046361
20241101_141535_598583088,0.013305167
20241101_141535_850126883,0.260173
20241101_141536_102153240,0.2281843
20241101_141536_350408149,0.15794231
20241101_141536_599102215,0.06317327
20241101_141536_855435109,0.09893546
20241101_141537_108681686,0.25013444
20241101_141537_356688708,0.07354904
20241101_141537_609084773,0.094142474
20241101_141537_861845276,0.043681033
20241101_141538_365481713,1.5320393
20241101_141538_619742042,-0.54689366
20241101_141538_866524599,0.33088174
20241101_141539_112618574,0.4128398
20241101_141539_369991752,0.14168979
20241101_141539_609336167,-0.7003434
20241101_141539_859375512,-0.032070678
20241101_141540_106334755,0.0075393487
20241101_141540_354892010,-0.6235237
20241101_141540_602778312,-0.4999464
20241101_141540_853767502,-0.41131806
20241101_141541_100465645,-0.14566293
20241101_141541_353198564,-0.015637815
20241101_141541_598516849,-0.13324119
20241101_141542_108193387,-0.35153148
20241101_141542_359518695,-0.79984313
20241101_141542_601327093,0.023242889
20241101_141542_854043852,0.7387395
20241101_141543_102112943,0.055672504
20241101_141543_353204809,0.9692268
20241101_141543_600415921,0.495631
20241101_141543_853704059,0.6666154
20241101_141544_099545157,0.6342687
20241101_141544_350045527,0.6263405
20241101_141544_847801439,0.57128614
20241101_141545_351831092,0.4771832
20241101_141545_598373707,0.59844655
20241101_141546_864086202,0.42894468
20241101_141547_113400890,0.09428585
20241101_141547_358711702,0.025765756
20241101_141547_876804644,0.13897099
20241101_141548_118470770,0.1710252
20241101_141548_368053738,0.15535368
20241101_141548_608244392,0.11115987
20241101_141549_108274236,0.086057045
20241101_141549_368295409,0.4894776
20241101_141549_614796409,1.5848584
20241101_141549_862682642,-0.3526008
20241101_141550_111897826,-0.2866049
20241101_141550_373820769,-0.24660195
20241101_141550_618795019,-0.28115568
20241101_141550_871496025,-0.41871768
20241101_141551_112931922,-0.3229248
20241101_141551_359996536,-0.32482827
20241101_141551_863105851,-0.3081983
20241101_141552_115303881,-0.2284623
20241101_141552_370475325,-0.22640978
20241101_141552_859871500,-0.64463264
20241101_141553_100704816,-0.79194134
20241101_141553_353183931,-0.4425171
20241101_141553_604432741,-0.38183704
20241101_141553_855169265,-0.4283434
20241101_141554_107439913,-0.7136224
20241101_141554_355907086,-0.62782496
20241101_141554_601664118,-0.100432895
20241101_141554_856994659,-0.016098568
20241101_141555_358450872,3.1577423e-05
20241101_141555_604187011,-0.047475792
20241101_141556_103089853,-0.031524144
20241101_141556_354540585,-0.033926092
20241101_141556_859416350,-0.115532
20241101_141557_101089404,-0.35187072
20241101_141557_352060292,-0.24946211
20241101_141557_606503731,-0.22447737
20241101_141557_856892699,-0.18932287
20241101_141558_100383759,-0.22392698
20241101_141558_354442835,-0.52262974
20241101_141558_606833426,-0.6067182
20241101_141558_858822672,-0.15879385
20241101_141559_104393107,-0.20823623
20241101_141559_352533678,-0.013170703
20241101_141559_608093316,0.18617447
20241101_141559_864352708,0.0739177
20241101_141600_111501818,-0.13155665
20241101_141600_357621122,-0.0779986
20241101_141600_605361694,0.028896252
20241101_141600_864836677,0.15153833
20241101_141601_117377007,0.32293427
20241101_141601_361336396,0.40783122
20241101_141601_606783820,0.46835
20241101_141601_855430095,0.6202389
20241101_141602_110704795,0.19894056
20241101_141602_355406905,0.047413923
20241101_141602_606132404,0.012394765
20241101_141602_861300412,-0.12527587
20241101_141603_104874646,-0.48113725
20241101_141603_349435710,-0.64530665
20241101_141603_599944093,-0.72423726
20241101_141603_850176482,-1.8686137
20241101_141604_103688708,-1.3469204
20241101_141604_355472867,-0.019541036
20241101_141604_610748942,0.45776853
20241101_141604_864438812,0.2458088
20241101_141605_111243850,0.24998896
20241101_141605_358534730,0.26596522
20241101_141605_603670741,0.20874253
20241101_141605_853078030,0.43510747
20241101_141606_105219701,2.2658186
20241101_141606_365257925,-0.4787872
20241101_141606_613794909,-0.19825405
20241101_141606_871504472,-0.7957086
20241101_141607_111174987,0.4834253
20241101_141607_364802208,0.4603971
20241101_141607_606558573,0.508966
20241101_141607_853544451,0.3644082
20241101_141608_100911640,1.4971752
20241101_141608_352593791,1.0897478
20241101_141609_100888902,1.1933066
20241101_141609_349358210,0.39540312
20241101_141609_596826440,-0.413349
20241101_141609_849126984,0.5077895
20241101_141610_104197102,0.24467145
20241101_141610_357148052,0.31052813
20241101_141610_605660249,0.16655956
20241101_141610_868772928,0.5362821
20241101_141611_113558950,1.4850281
20241101_141611_362506264,-0.20564725
20241101_141611_611328937,-0.5064344
20241101_141611_864733439,-0.20874666
20241101_141612_116881762,-0.18237148
20241101_141612_372657811,-0.19796307
20241101_141612_616850313,0.030238701
20241101_141612_869301573,0.22680573
20241101_141613_123592413,1.3327019
20241101_141613_368990981,0.7051935
20241101_141613_608057048,0.7296861
20241101_141613_867509977,-0.7921573
20241101_141614_115895562,-0.2448957
20241101_141614_371393905,-0.41627148
20241101_141614_615483508,-0.4100308
20241101_141614_862174043,-0.41578266
20241101_141615_108993863,-0.8704817
20241101_141615_362081798,-1.100847
20241101_141615_614738662,-0.6963554
20241101_141615_860464239,-0.5221148
20241101_141616_105886375,-0.5481948
20241101_141616_358746344,-0.44843748
20241101_141616_616715826,-0.28272033
20241101_141616_869167486,-0.080398336
20241101_141617_354513270,-0.12954147
20241101_141617_601587793,-0.41427028
20241101_141617_853216842,-0.38051835
20241101_141618_104699465,-0.39364165
20241101_141618_353925172,-0.40278482
20241101_141618_607288107,-0.32267338
20241101_141618_857735260,-0.10293436
20241101_141619_107653196,-0.16021784
20241101_141619_360547141,0.10149444
20241101_141619_608814755,0.16029817
20241101_141619_853415964,0.05431501
20241101_141620_106118826,0.03757844
20241101_141620_362650668,-0.14683728
20241101_141621_099572648,-0.13738574
20241101_141621_351131549,-0.10030683
20241101_141621_604833969,-0.114453875
20241101_141622_102508916,-0.046047233
20241101_141622_359179229,-0.058465622
20241101_141622_606811717,0.15627538
20241101_141622_859168551,0.11825607
20241101_141625_362852900,-0.11410018
20241101_141625_615035699,-0.14981805
20241101_141625_860816390,-0.5123175
20241101_141626_360969653,-0.33396915
20241101_141626_604830347,-0.5623532
20241101_141626_854464025,-0.6830067
20241101_141627_101207836,-0.4061117
20241101_141627_353132684,-0.15379699
20241101_141627_848172268,0.01064227
20241101_141628_095894782,-0.02335157
20241101_141628_347670265,-0.02802219
20241101_141628_600770334,-0.23311473
20241101_141628_858872329,-0.33974645
20241101_141629_097669504,-0.028639847
20241101_141629_352525383,-0.1267999
20241101_141629_857007180,-0.09615531
20241101_141630_102641401,0.32823887
20241101_141630_351560705,0.20106192
20241101_141630_598916502,0.12645023
20241101_141631_604523500,0.07284746
20241101_141631_854606321,0.08229474
20241101_141632_104362485,0.12192009
20241101_141632_354261716,0.12752424
20241101_141633_353858233,0.113336004
20241101_141633_599177603,0.097652115
20241101_141633_848142464,0.087906934
20241101_141635_602113479,0.031029621
20241101_141637_104029232,0.03091208
20241101_141637_361525746,0.357858
20241101_141637_605407191,0.5282003
20241101_141637_857263027,0.48818985
20241101_141638_099458708,0.43462077
20241101_141638_354365895,0.3001085
20241101_141638_599147522,0.33887845
20241101_141639_097635838,0.26286092
20241101_141639_347009914,0.16230343
20241101_141639_597100645,0.14703558
20241101_141639_850290928,0.09773234
20241101_141640_098464278,0.09681449
20241101_141640_352362666,0.11167476
20241101_141640_596001555,0.12749259
20241101_141640_850085789,0.14397712
20241101_141641_103584709,0.73335475
20241101_141641_354846886,1.4188228
20241101_141641_601688118,1.2495731
20241101_141641_851248895,-0.3658913
20241101_141642_103284685,-0.54869217
20241101_141642_350925784,0.83478266
20241101_141642_599922501,0.18410759
20241101_141642_846951054,-0.071943544
20241101_141643_098751683,-0.34037393
20241101_141643_355206160,0.50760573
20241101_141643_603130943,0.3657821
20241101_141643_851316012,0.41337243
20241101_141644_349543972,0.31003025
20241101_141644_848864798,0.40697387
20241101_141645_110024574,0.381053
20241101_141645_353417464,1.0681249
20241101_141645_607449807,1.209686
20241101_141645_856211662,0.7474162
20241101_141646_102120292,0.6778105
20241101_141646_352893449,0.7695797
20241101_141647_097846128,-0.88131815
20241101_141647_349638555,-0.31178436
20241101_141647_597948494,-0.9192916
20241101_141647_852984115,-0.6812386
20241101_141648_100185105,-0.23572168
20241101_141648_346565953,-0.26323178
20241101_141648_597238765,0.0052135345
20241101_141648_850200597,-0.04038974
20241101_141649_599101189,-0.13196953
20241101_141650_356737524,-0.105978005
20241101_141650_599785323,-0.2588231
20241101_141651_102584324,-0.24546386
20241101_141651_358241734,-0.38453
20241101_141652_098996426,-0.27628332
20241101_141652_354245564,-0.63360673
20241101_141652_603486044,-1.6563226
20241101_141652_850913264,-0.5370894
20241101_141653_101317862,-0.49686095
20241101_141653_354195661,-0.5547486
20241101_141653_604076089,-0.90872896
20241101_141653_852998296,0.19956082
20241101_141654_104108523,0.05180268
20241101_141654_357443051,-0.543911
20241101_141657_353783915,-0.40496153
20241101_141657_600784695,-0.38180083
20241101_141657_872213725,-0.078958
20241101_141658_129360135,0.19583118
20241101_141658_370996226,0.14905035
20241101_141658_612193704,0.0076935086
20241101_141658_859464435,0.035271443
20241101_141659_101435670,0.009376625
20241101_141659_355327439,0.014257887
20241101_141659_603612704,-0.31242955
20241101_141659_871234250,-0.92323834
20241101_141700_124484943,-1.5155102
20241101_141700_388029295,0.54145914
20241101_141700_620967340,0.8378578
20241101_141701_120942764,0.58032674
20241101_141701_866711987,0.60217273
20241101_141702_113288659,0.19149195
20241101_141702_370166576,-0.14146577
20241101_141702_616217391,-1.0410118
20241101_141702_868427394,0.9930634
20241101_141703_126587230,0.7137654
20241101_141703_375896977,1.7512777
20241101_141703_617025878,-0.31826857
20241101_141703_881628045,0.25630268
20241101_141704_114944667,0.01086889
20241101_141704_361195795,-0.1427951
20241101_141705_109799287,-0.09167578
20241101_141705_379939827,-0.079326235
20241101_141705_636275207,0.016994933
20241101_141705_878318335,0.11138735
20241101_141706_113763848,0.17601658
20241101_141706_369080474,0.083885945
20241101_141706_859262192,0.04660771
20241101_141707_112085614,-0.0036959257
20241101_141707_362682701,0.38112727
20241101_141707_615369943,0.47191447
20241101_141707_860555870,0.4318482
20241101_141708_105980737,0.29415712
20241101_141709_099138912,0.10542128
20241101_141709_597681242,0.13059525
20241101_141710_099628611,0.01694695
20241101_141711_854907162,0.013646761
20241101_141712_098788043,-0.3853193
20241101_141712_352645984,-0.4961715
20241101_141712_601042852,-0.5602402
20241101_141712_858497800,0.9067171
20241101_141713_107075121,0.8966876
20241101_141713_360115560,0.38792613
20241101_141713_612873963,0.25959173
20241101_141713_863304045,0.31682578
20241101_141714_114510932,0.4663402
20241101_141714_376217488,1.4011197
20241101_141714_610745156,-0.32820106
20241101_141714_857166369,-0.36976507
20241101_141715_105286753,-0.35604575
20241101_141715_353371974,-0.4060262
20241101_141715_850816614,-0.37762436
20241101_141716_349525551,-0.36642233
20241101_141716_599770018,-0.43093532
20241101_141716_849054989,-0.47509158
20241101_141717_097122756,-0.5004487
20241101_141717_347302886,-0.59450084
20241101_141717_596688055,-0.33557984
20241101_141717_846889463,-0.0888078
20241101_141718_097136352,-0.047745597
20241101_141718_349156727,-0.55126536
20241101_141718_597437109,-0.5598701
20241101_141718_846895717,-0.469515
20241101_141719_344678721,-0.5895995
20241101_141719_848374271,-0.60027
20241101_141720_346058074,-0.56900555
20241101_141720_602567425,-0.73361325
20241101_141720_845357261,-0.6730163
20241101_141721_848204440,-0.56262654
20241101_141722_097562694,0.4484544
20241101_141722_349442281,0.45251185
20241101_141722_595699962,0.40048245
20241101_141722_844297562,0.2573851
20241101_141723_346916071,0.29052857
20241101_141724_848092821,0.2914767
20241101_141725_100689547,0.5216853
20241101_141725_349934321,0.4204073
20241101_141727_097496206,1.3426274
20241101_141727_350019241,0.41649747
20241101_141727_602164650,0.33734933
20241101_141727_852945119,0.3372849
20241101_141728_101391943,0.37038037
20241101_141728_599955798,0.36560854
20241101_141728_848049516,-0.4952712
20241101_141729_099725093,-0.725289
20241101_141729_349481989,-0.5067294
20241101_141729_597502240,-0.5010198
20241101_141730_845926376,-0.50641084
20241101_141731_595571055,-0.36179355
20241101_141731_848160994,-0.66403174
20241101_141732_109157115,-0.547835
20241101_141732_352665736,-0.8550659
20241101_141732_598776327,-0.676755
20241101_141732_848002984,-0.6120727
20241101_141733_845102337,-0.7638587
20241101_141734_096811492,0.4517019
20241101_141734_353419592,0.035307623
20241101_141734_594586551,0.05737547
20241101_141734_863448632,0.06953857
20241101_141735_101836326,0.08811561
20241101_141735_596448407,0.07446823
20241101_141735_854434769,0.07126329
20241101_141736_354889166,0.08533517
20241101_141736_856677928,0.10391084
20241101_141737_107900609,0.19355737
20241101_141737_854185616,0.15392582
20241101_141738_101175044,0.22096185
20241101_141738_348918202,0.089571096
20241101_141738_600338047,0.08002869
20241101_141739_099440780,0.20427798
20241101_141739_348829580,0.12689511
20241101_141739_598868511,0.07949237
20241101_141739_848681240,0.11997447
20241101_141740_096599551,0.08912609
20241101_141740_346514802,0.09753362
20241101_141740_603286432,0.094060816
20241101_141740_871470422,0.0766469
20241101_141741_110962986,0.024955133
20241101_141742_600528914,-0.02409043
20241101_141745_097009562,0.016037026
20241101_141745_357205621,0.10037831
20241101_141745_595921663,0.06635282
20241101_141745_847487668,0.08090464
20241101_141746_354066675,-0.02557691
20241101_141746_594410836,-0.60894686
20241101_141746_848865768,-0.30020067
20241101_141747_107327046,-0.20015062
20241101_141747_350427588,-0.20401664
20241101_141747_604442372,-0.2504525
20241101_141747_857807880,-0.08654889
20241101_141748_100333469,0.055781327
20241101_141748_361289298,-0.008887788
20241101_141749_360077100,-0.046470188
20241101_141749_603547467,-0.016482076
20241101_141749_858661678,-0.014151594
20241101_141750_104091628,-0.015323004
20241101_141750_599894345,0.09615693
20241101_141750_855808880,0.57882077
20241101_141751_105436278,0.3217005
20241101_141751_367031245,-0.024294456
20241101_141751_602990521,-0.044481598
20241101_141751_864777957,0.21394882
20241101_141752_112980167,0.14932977
20241101_141752_374915999,0.14427845
20241101_141752_613704886,0.26263693
20241101_141752_865112014,0.4362594
20241101_141753_106298630,0.531294
20241101_141753_356507550,0.39263687
20241101_141753_601816440,0.5879777
20241101_141753_853226854,0.28974885
20241101_141754_104593490,0.17619704
20241101_141754_354454167,0.23101048
20241101_141754_600513781,0.3225095
20241101_141754_849003989,0.3255587
20241101_141755_099258542,0.33316112
20241101_141755_360344114,-0.04270371
20241101_141755_601798477,-0.5495144
20241101_141755_851258713,-0.12165489
20241101_141756_355234358,-0.2319387
20241101_141756_601708488,-0.11447384
20241101_141756_858221299,-0.09969451
20241101_141757_104198887,-0.030388972
20241101_141757_358579282,-0.120719574
20241101_141757_607364889,-0.16261418
20241101_141757_851503824,-0.23430581
20241101_141758_100649277,-0.2525078
20241101_141758_350893522,-0.26046786
20241101_141758_598982077,-0.19381888
20241101_141758_851317976,-0.15990795
20241101_141759_104881276,-0.102403544
20241101_141759_363094503,-0.10957607
20241101_141759_610347536,-0.23746403
20241101_141759_862417262,-0.2954347
20241101_141800_112422452,-0.2911796
20241101_141800_357784284,-0.20630373
20241101_141800_602921365,-0.19864543
20241101_141800_852811033,-0.19264956
20241101_141801_364744712,-0.43797085
20241101_141801_605602719,-0.43299714
20241101_141801_851751034,-0.1925046
20241101_141802_101084793,-0.3090978
20241101_141802_356106959,-0.2734563
20241101_141802_599770410,-0.23432507
20241101_141802_849731043,-0.21170373
20241101_141803_102000729,-0.19415955
20241101_141803_347408080,-0.23809503
20241101_141805_101692061,-0.31913736
20241101_141805_353891965,0.7303949
20241101_141805_614315130,0.3303649
20241101_141805_862836936,0.122936256
20241101_141806_108825021,0.06993983
20241101_141806_355684398,0.20483269
20241101_141806_600809647,0.26972854
20241101_141806_850173001,0.40796587
20241101_141807_099255522,0.3153889
20241101_141807_358774293,0.5239945
20241101_141807_610004332,0.3768482
20241101_141807_860041703,1.7251482
20241101_141808_109082878,-0.26652062
20241101_141808_379625231,0.43445528
20241101_141808_621236911,0.341365
20241101_141808_863103590,-0.11843773
20241101_141809_109344363,-0.014246365
20241101_141809_353522017,0.022214988
20241101_141810_348576880,-0.021542033
20241101_141810_600974651,0.19957213
20241101_141810_857806116,0.07329003
20241101_141811_099749496,-0.21458383
20241101_141811_347671429,-0.09736969
20241101_141812_348007031,-0.39232424
20241101_141812_599806417,-0.94571203
20241101_141812_860978459,-0.4990331
20241101_141813_101010655,0.0051461477
20241101_141813_350712861,0.42798313
20241101_141813_607580484,0.28653714
20241101_141813_856615607,0.29508594
20241101_141814_105486931,0.11676023
20241101_141814_355890148,0.1129745
20241101_141814_596331061,0.1412109
20241101_141816_102709925,0.21173577
20241101_141816_357717919,-0.25132293
20241101_141816_613501186,-0.052237533
20241101_141816_855590486,0.22845535
20241101_141817_102366974,0.20703854
20241101_141817_348484148,0.12174926
20241101_141817_603947531,0.12210999
20241101_141817_857843486,0.22913854
20241101_141818_098953936,0.19744466
20241101_141818_355914162,-0.20276336
20241101_141818_602663346,-0.31838515
20241101_141818_854029314,-0.11094027
20241101_141819_098644638,-0.0792624
20241101_141820_359653338,-0.07953825
20241101_141820_609032017,0.049219824
20241101_141820_853253566,0.30403554
20241101_141821_102750484,0.52285814
20241101_141821_352718710,0.21074025
20241101_141821_600635685,0.087531604
20241101_141821_854661157,-0.0004096236
20241101_141822_104624037,-0.099296115
20241101_141822_357132523,-0.19381158
20241101_141822_603835248,-0.074117266
20241101_141822_853398566,-0.047776066
20241101_141823_105165281,-0.04290732
20241101_141823_360423829,-0.018160125
20241101_141824_104631773,0.2082713
20241101_141824_369123594,0.51577914
20241101_141824_603587167,0.26225284
20241101_141825_345990896,0.17912684
20241101_141825_846598324,0.2466347
20241101_141826_095374559,0.13662998
20241101_141826_346748657,0.05861602
20241101_141826_594470640,-0.028940102
20241101_141826_844981066,0.028417328
20241101_141828_095593092,-0.120276056
20241101_141828_348207774,-0.13521548
20241101_141828_599608828,-0.055357717
20241101_141829_097755439,-0.03418591
20241101_141829_349127814,-0.12060978
20241101_141829_597474403,-0.091151975
20241101_141829_846536669,-0.05275043
20241101_141830_096631160,-0.031309865
20241101_141830_347887238,0.075080946
20241101_141830_594217509,0.071829714
20241101_141831_595164076,0.057946518
20241101_141831_847467501,-1.0930426
20241101_141832_097237746,0.28940028
20241101_141832_351488298,0.02133278
20241101_141832_600583653,0.124751456
20241101_141832_855924043,0.24016799
20241101_141833_100298031,0.22445278
20241101_141833_354146649,0.19817959
20241101_141833_598089662,0.2007515
20241101_141833_850811543,0.2504844
20241101_141834_100391776,0.23062746
20241101_141834_368709790,0.19590159
20241101_141834_619961609,0.14410459
20241101_141834_884215754,0.07638837
20241101_141835_147270481,-0.005122682
20241101_141835_394114950,-0.07476621
20241101_141835_629234484,0.0045953784
20241101_141835_872714489,-0.0018550958
20241101_141836_128869104,0.07112066
20241101_141836_378838140,0.095052995
20241101_141836_613986003,0.08296911
20241101_141836_864247535,0.1322911
20241101_141837_110036286,0.15745397
20241101_141837_365764353,0.14691027
20241101_141837_623854878,0.13709517
20241101_141838_107344499,0.088512994
20241101_141838_374170102,0.046793617
20241101_141838_862378718,0.08400769
20241101_141839_358459743,0.08904023
20241101_141839_608274144,0.14141642
20241101_141839_863557183,0.16533352
20241101_141840_122433661,0.15873002
20241101_141840_384365230,0.10552666
20241101_141840_613980008,0.09877912
20241101_141840_862596667,0.10403938
20241101_141841_103315610,0.12043143
20241101_141841_357122519,0.08570606
20241101_141841_607673866,0.07420323
20241101_141841_857147413,0.05464933
20241101_141842_111729495,0.08512504
20241101_141842_361396013,-0.08262601
20241101_141842_603672554,0.06852085
20241101_141842_857446820,0.09276015
20241101_141843_104161003,0.08449904
20241101_141843_362264075,0.020026991
20241101_141843_866233792,0.020631382
20241101_141844_104244146,0.08835635
20241101_141844_351106564,0.08702297
20241101_141844_607599077,-0.18564929
20241101_141844_859623790,-0.061916612
20241101_141845_103490551,-0.01990818
20241101_141845_357770754,-0.007946512
20241101_141845_863539456,0.036335923
20241101_141846_103763746,0.037966736
20241101_141846_354216035,-0.21964757
20241101_141846_601293782,-0.19076924
20241101_141847_347916657,-0.10685711
20241101_141848_354881888,0.05927206
20241101_141848_603087437,0.0048724506
20241101_141848_848623647,0.16506809
20241101_141849_100641381,0.09579558
20241101_141849_348391482,0.04420314
20241101_141849_595644830,0.060210682
20241101_141849_846581661,0.050981797
20241101_141850_098326050,0.047420718
20241101_141850_348068151,0.04396615
20241101_141850_597508520,0.033799388
20241101_141851_596066476,0.12620826
20241101_141851_847343882,0.117141016
20241101_141852_096876571,0.08476869
20241101_141852_346007003,0.121936835
20241101_141852_597194056,0.16252135
20241101_141853_358247766,0.021890143
20241101_141853_602331736,0.025343934
20241101_141854_101602386,0.049190946
20241101_141854_352977254,0.005245069
20241101_141855_099328151,0.03261427
20241101_141855_353728132,0.032651044
20241101_141855_599135484,0.027508626
20241101_141855_851801671,0.06200204
20241101_141856_101498075,0.05135847
20241101_141856_349468567,0.048473217
20241101_141856_598208612,0.04546926
20241101_141856_853533258,0.1304469
20241101_141857_100134691,0.09894375
20241101_141857_350345523,0.03332106
20241101_141857_601717534,0.072058715
20241101_141857_874773762,0.069780596
20241101_141858_121827496,0.07198734
20241101_141858_367826146,0.079358764
20241101_141858_614871693,0.08348519
20241101_141858_867792451,0.1005374
20241101_141859_350680980,0.06462196
20241101_141859_861832713,0.008578816
20241101_141900_110153319,-0.03950735
20241101_141900_359531236,-0.04624989
20241101_141901_117395827,-0.018834045
20241101_141901_372799768,-0.084846966
20241101_141901_616004205,-0.05120387
20241101_141901_869484569,0.112355
20241101_141902_124456898,0.092075
20241101_141902_372557161,0.55228394
20241101_141902_615081760,0.047003068
20241101_141902_864661251,-0.24502666
20241101_141903_117734977,-0.4932907
20241101_141903_380113970,-0.17604937
20241101_141903_611375400,0.10211032
20241101_141903_856751484,0.008031437
20241101_141904_104776191,0.12237743
20241101_141904_363826610,-0.016546449
20241101_141904_607183994,-0.020217886
20241101_141904_859616520,-0.0026717093
20241101_141905_355356156,-0.02829959
20241101_141905_601775801,-0.039638184
20241101_141905_852392565,-0.047133707
20241101_141907_367487418,0.100416236
20241101_141907_863344295,0.03905738
20241101_141908_373338933,-0.024680248
20241101_141908_607982433,0.027038077
20241101_141908_857556508,-0.22283809
20241101_141909_102942243,-0.2324024
20241101_141909_352619643,-0.16754304
20241101_141909_601806634,-0.07504707
20241101_141909_852880684,-0.04559367
20241101_141910_101740861,-0.088281386
20241101_141910_351125629,-0.12145566
20241101_141910_599829066,-0.097708754
20241101_141911_101252492,-0.100778125
20241101_141911_357446973,-0.09182801
20241101_141911_613258903,-0.028942427
20241101_141911_854616490,-0.24486135
20241101_141912_103645336,-0.16844286
20241101_141912_355569719,-0.13408174
20241101_141912_602456030,-0.05785983
20241101_141912_867247061,-0.07603928
20241101_141913_106668277,-0.09014746
20241101_141913_358739475,-0.109499924
20241101_141913_609511709,-0.016963204
20241101_141913_864771138,-0.04601141
20241101_141914_111549014,-0.04637634
20241101_141914_362308835,-0.049065135
20241101_141914_602104514,0.0014991555
20241101_141914_854940588,0.0001421962
20241101_141915_102708782,-0.017605772
20241101_141915_358409699,-0.0991246
20241101_141915_602708839,-0.08259364
20241101_141915_856467448,-0.049905054
20241101_141916_354736008,0.17517394
20241101_141916_604095229,0.19251595
20241101_141916_862915842,1.4821341
20241101_141917_108721984,-0.5846256
20241101_141917_366619698,-0.6459666
20241101_141917_615211765,-0.3028799
20241101_141917_872718159,-0.13924418
20241101_141918_112100120,-0.09266748
20241101_141918_360447245,-0.3571113
20241101_141918_612446716,-0.6191795
20241101_141918_858068774,-0.76037896
20241101_141919_104214602,-0.8785736
20241101_141919_361445448,-0.42007336
20241101_141919_602421629,0.18680416
20241101_141919_853258289,-0.014209947
20241101_141920_097347211,0.07725296
20241101_141920_350708461,0.15195249
20241101_141920_601860970,0.09840623
20241101_141920_860120071,0.0941344
20241101_141921_107136995,0.15274496
20241101_141921_359913476,0.12558298
20241101_141921_605604329,0.25564277
20241101_141921_852249541,0.29112482
20241101_141922_108574020,0.12276191
20241101_141922_354646810,0.13781132
20241101_141922_611040288,0.18132098
20241101_141923_118264275,0.21363659
20241101_141923_356955299,0.36349416
20241101_141923_599933368,0.2962588
20241101_141924_379435582,0.20885359
20241101_141924_605314793,0.16999428
20241101_141924_850478020,0.20146076
20241101_141925_097919489,0.11686797
20241101_141925_350688466,0.33483252
20241101_141925_601691774,0.42946458
20241101_141925_852378632,0.41865328
20241101_141926_101686930,0.6146473
20241101_141926_347250764,0.3826368
20241101_141926_597421241,0.42990783
20241101_141926_859953123,0.37539554
20241101_141927_103187696,0.38243034
20241101_141927_349880790,0.48733237
20241101_141927_600979251,0.37413615
20241101_141927_850241947,0.3740175
20241101_141928_097965045,0.20530783
20241101_141928_347859279,0.17363565
20241101_141928_599637705,0.23811112
20241101_141929_364555558,0.2645649
20241101_141930_098837640,0.2730904
20241101_141930_348493215,0.2710018
20241101_141930_597421466,0.20656468
20241101_141931_096265205,0.19100018
20241101_141931_599740105,0.38855156
20241101_141931_861084469,0.27385843
20241101_141932_358022246,0.23691101
20241101_141932_609533338,0.19627528
20241101_141933_358249513,0.23440374
20241101_141933_606456054,0.283206
20241101_141933_855406731,0.25454375
20241101_141936_104125266,0.21484067
20241101_141936_349413134,0.21230908
20241101_141936_595664755,-0.20230727
20241101_141936_852026795,-0.024719795
20241101_141937_104615663,-0.011162898
20241101_141937_348465271,-0.004112592
20241101_141938_351352611,-0.6530082
20241101_141938_592298507,-0.25969654
20241101_141939_599375293,-0.18961765
20241101_141939_848220502,-0.32921088
20241101_141940_349409492,-0.1346208
20241101_141940_852861891,-0.020115813
20241101_141941_099514686,0.013884196
20241101_141941_349865847,0.19629999
20241101_141941_598710829,0.36449227
20241101_141941_846317024,0.08900408
20241101_141942_348343388,0.14220302
20241101_141942_847249603,0.036881633
20241101_141943_105345088,0.48333892
20241101_141943_362477683,-0.18414085
20241101_141943_609872117,-0.12403723
20241101_141943_865240771,-0.016403487
20241101_141944_109067213,0.11945576
20241101_141944_360599261,0.10387985
20241101_141944_852546951,0.043961294
20241101_141945_107978736,-0.06582191
20241101_141945_603443942,-0.31137797
20241101_141945_852326886,-0.25667253
20241101_141946_101252561,-0.20424049
20241101_141946_346018239,-0.1019819
20241101_141946_599269272,0.07187835
20241101_141946_857132597,0.03078104
20241101_141947_105245292,0.035332657
20241101_141947_353862912,1.8099323e-05
20241101_141948_100767598,-0.09343486
20241101_141948_849210650,-0.12808736
20241101_141949_094889845,-0.09591343
20241101_141949_352539393,0.042646565
20241101_141949_599839458,-0.00031994842
20241101_141949_848965524,-0.15653409
20241101_141950_100466240,-0.24610908
20241101_141950_347699355,-1.307151
20241101_141950_603570069,-2.2204037
20241101_141950_867930413,-0.036857985
20241101_141951_112232259,-0.11841705
20241101_141951_367033876,-0.105097614
20241101_141951_609339683,-0.32860324
20241101_141951_865971759,-0.274085
20241101_141952_108618918,-0.32449558
20241101_141952_359089500,-0.22165461
20241101_141952_601714370,-0.25460723
20241101_141952_862038527,-0.18675695
20241101_141953_365091565,0.15155546
20241101_141953_608828861,0.34890983
20241101_141953_861497569,0.8955002
20241101_141954_105759661,0.46164644
20241101_141954_365990190,0.8987859
20241101_141954_616579022,0.064580955
20241101_141954_857766790,-0.12887807
20241101_141955_109832167,0.005137572
20241101_141955_354933682,0.0134537015
20241101_141955_599113182,0.04500351
20241101_141955_852178696,0.046076395
20241101_141956_098750941,0.03540305
20241101_141956_607993360,-0.07376709
20241101_141956_859431942,0.13926016
20241101_141957_100695691,0.27013293
20241101_141957_352492817,0.43256155
20241101_141957_600191010,0.4215068
20241101_141957_849098978,0.5874398
20241101_141958_099490809,0.6057851
20241101_141958_350618356,0.65031046
20241101_141958_612355241,0.53805315
20241101_141958_858530636,0.7048106
20241101_141959_103778251,0.44790712
20241101_141959_353044905,0.48804787
20241101_141959_606086426,0.41528443
20241101_141959_857144139,0.37923884
20241101_142000_103803031,0.11858552
20241101_142000_360119045,0.17138505
20241101_142000_609843454,0.39529172
20241101_142000_860688172,0.34547073
20241101_142001_106108559,0.36566308
20241101_142001_355924878,0.19870496
20241101_142001_607320112,0.34032065
20241101_142001_867704324,0.37466693
20241101_142002_114942039,-0.100120686
20241101_142002_372972792,-0.26994506
20241101_142002_620062450,-0.17755897
20241101_142002_887479976,-0.10517377
20241101_142003_116711598,-0.16539267
20241101_142003_364440277,-0.36119318
20241101_142003_604347334,-0.31748474
20241101_142003_855081922,-0.19660246
20241101_142004_101856209,-0.2777488
20241101_142004_360443114,-0.28873274
20241101_142004_610770154,-0.38640913
20241101_142005_107768029,-0.17842636
20241101_142005_365276483,-0.12739773
20241101_142005_611260509,-0.09286196
20241101_142005_862968098,0.020707877
20241101_142006_116692387,0.12635064
20241101_142006_372275134,0.33078152
20241101_142006_634559830,0.09460384
20241101_142006_874509782,0.16950513
20241101_142007_116703280,-0.13225216
20241101_142007_362271003,-0.10846257
20241101_142007_603152615,-0.022384783
20241101_142008_351800346,-0.057051666
20241101_142008_849860376,0.19436146
20241101_142009_099380822,0.3294826
20241101_142009_357099062,0.20515649
20241101_142009_607900912,0.15534405
20241101_142009_855277807,-0.20192139
20241101_142010_103049523,-0.45431116
20241101_142010_351142868,-0.27489558
20241101_142010_603218227,-0.16142732
20241101_142010_853054063,-0.11845446
20241101_142011_095299835,0.013754481
20241101_142011_357247365,0.053623654
20241101_142011_604583778,0.26694888
20241101_142011_849678467,0.35404405
20241101_142012_098188965,-0.7866591
20241101_142012_350488297,0.6314833
20241101_142012_608227650,-0.5291734
20241101_142012_874027491,0.04230576
20241101_142013_112632893,0.13568272
20241101_142013_370795081,0.099161424
20241101_142013_610588480,0.200434
20241101_142013_871106175,0.6036394
20241101_142014_112868381,0.38713697
20241101_142014_353997589,-0.41504315
20241101_142014_598767818,-0.36873874
20241101_142014_849305186,-0.24283393
20241101_142015_097911561,-0.35444668
20241101_142015_349225243,-0.23303618
20241101_142015_848830027,-0.20409967
20241101_142016_352846632,-0.26736715
20241101_142016_602319990,0.0020764861
20241101_142016_849727400,0.019967536
20241101_142017_102326184,0.10233814
20241101_142017_351234075,0.0669711
20241101_142017_604935070,0.6070846
20241101_142017_852908659,0.5794471
20241101_142018_101179511,0.5996292
20241101_142018_357633630,0.8005837
20241101_142018_603365766,-0.46881515
20241101_142018_855561124,-0.41218022
20241101_142019_097156226,0.04150609
20241101_142019_351564043,1.0331796
20241101_142019_599125150,0.40238586
20241101_142019_851494299,0.38731328
20241101_142020_101114161,0.31578264
20241101_142020_347543261,0.25075063
20241101_142020_605012441,0.38725874
20241101_142020_852261225,0.45224896
20241101_142021_101255877,0.45826116
20241101_142021_352554612,0.69054997
20241101_142021_596176162,0.75381774
20241101_142021_845340437,0.4255443
20241101_142022_096902289,0.4432074
20241101_142022_349886066,0.43703124
20241101_142022_599883165,0.51856565
20241101_142022_859448251,-0.64402646
20241101_142023_105441911,0.06681991
20241101_142023_358828062,0.049959756
20241101_142023_606429334,-0.04463198
20241101_142023_854684602,-0.03959217
20241101_142024_100744536,-0.032764934
20241101_142024_369377160,0.029240767
20241101_142024_604163444,-0.0004263725
20241101_142024_853845819,-0.05962207
20241101_142025_099127500,-0.21805342
20241101_142025_355796209,-0.10905566
20241101_142025_606656838,-0.09316661
20241101_142025_860811235,-0.079424165
20241101_142026_108110136,-0.074289285
20241101_142026_356352785,-0.07616194
20241101_142026_598040367,-0.076301
20241101_142026_847441379,0.09651596
20241101_142027_097770377,0.03173057
20241101_142027_344484187,0.06590042
20241101_142027_596883548,0.05716435
20241101_142027_846436509,-0.018456778
20241101_142028_095958062,0.0061573777
20241101_142028_851133620,0.030766824
20241101_142029_096846930,-0.08313539
20241101_142029_347656760,-0.081306
20241101_142029_596023590,-0.0442188
20241101_142029_844461959,-0.17331351
20241101_142030_097519105,-0.10361873
20241101_142030_349827502,-0.25413233
20241101_142030_599923011,-0.1647395
20241101_142030_857645148,-0.18107755
20241101_142031_105534330,-0.112281166
20241101_142031_363432685,-0.17270108
20241101_142031_603855026,-0.11841779
20241101_142031_854994667,-0.466037
20241101_142032_102674650,-0.25932845
20241101_142032_848890072,-0.2539395
20241101_142033_096585269,-0.16034342
20241101_142033_347114628,-0.190365
20241101_142033_850339231,-0.17106171
20241101_142034_096685307,-0.19823892
20241101_142034_600555219,-0.84403133
20241101_142034_850986638,-0.5038209
20241101_142035_101441405,-0.5816049
20241101_142035_354294823,-0.16416769
20241101_142035_601609049,-0.07451161
20241101_142035_850247629,-0.27559933
20241101_142036_097455833,-0.74676394
20241101_142036_348643786,-0.49612015
20241101_142036_849036742,-0.5018798
20241101_142037_096526388,-0.46793327
20241101_142038_102783163,0.006868543
20241101_142038_353959061,0.19876617
20241101_142038_598318633,0.34510985
20241101_142038_847181499,0.288793
20241101_142039_094905370,0.28611845
20241101_142039_342392767,0.21302016
20241101_142039_594110816,0.21688722
20241101_142040_349189655,0.22167568
20241101_142040_847269549,0.22755192
20241101_142041_097859066,0.22873612
20241101_142041_346573138,0.2690094
20241101_142041_596333255,0.33262467
20241101_142042_092796694,0.2342888
20241101_142042_354381931,0.020356992
20241101_142042_601535391,0.06881986
20241101_142042_850971784,0.10001395
20241101_142043_101497525,0.1254854
20241101_142043_349330261,0.11851344
20241101_142043_605773844,0.15519227
20241101_142043_854815313,0.13748525
20241101_142044_096239773,0.13279383
20241101_142044_345784064,0.12852277
20241101_142044_594371566,0.13138019
20241101_142044_847993416,0.13505678
20241101_142045_094881450,0.13566424
20241101_142045_343794620,0.13492154
20241101_142045_606407847,0.11064083
20241101_142045_858589497,0.1286255
20241101_142046_109137061,0.10953418
20241101_142046_603241395,0.10857547
20241101_142046_849359475,-0.3264653
20241101_142047_098687891,-0.19507997
20241101_142047_351800080,-0.17942576
20241101_142047_605638648,-0.14357482
20241101_142047_864583070,-0.048391216
20241101_142048_349209195,-0.12586488
20241101_142048_600196205,-0.05248647
20241101_142048_857018143,-0.10084554
20241101_142049_103004171,0.06303216
20241101_142049_355923273,-0.03183209
20241101_142049_601211907,-0.01631107
20241101_142049_847056084,0.11941332
20241101_142050_349635606,0.0032292698
20241101_142050_602681479,0.008978883
20241101_142050_848977224,-0.19580378
20241101_142051_593821287,-0.13424776
20241101_142051_849295623,-0.0718255
20241101_142052_091810704,-0.069000475
20241101_142053_343722293,-0.06901514
20241101_142053_594789995,-0.066362225
20241101_142053_846643840,-0.06713631
20241101_142054_345959345,-0.07168364
20241101_142054_594076471,0.18218935
20241101_142054_844609395,0.42686144
20241101_142055_101778162,0.22977446
20241101_142056_105597759,0.17449774
20241101_142056_350237148,0.34808886
20241101_142056_601382048,-0.5159158
20241101_142056_853553511,0.20144539
20241101_142057_107718013,-0.16694291
20241101_142057_352524693,-0.13367242
20241101_142057_594746947,-0.14856924
20241101_142059_101239617,-0.43506262
20241101_142059_347583539,-0.2469296
20241101_142059_597428366,-0.06499493
20241101_142059_847527959,0.10052771
20241101_142100_096563104,0.6748401
20241101_142100_349807045,0.9336809
20241101_142100_595635335,0.7985631
20241101_142100_850571167,0.38543603
20241101_142101_100288124,-0.14980246
20241101_142101_356298378,0.11631443
20241101_142101_604558612,0.11318741
20241101_142101_857819966,0.5106521
20241101_142102_101365204,0.19908653
20241101_142102_354150955,-0.0138077345
20241101_142102_612941381,-0.08081444
20241101_142102_866034083,-0.028209945
20241101_142103_119825632,0.03928534
20241101_142103_365119548,0.801467
20241101_142103_608866852,-0.770507
20241101_142103_857332273,0.0974677
20241101_142104_107170299,-0.021505032
20241101_142104_360414399,0.10284106
20241101_142104_604422893,0.17410126
20241101_142104_850880356,0.08642355
20241101_142105_099875515,0.076519765
20241101_142105_348254530,0.042815484
20241101_142105_607076570,-0.009835085
20241101_142105_858543181,0.045952477
20241101_142106_107909863,-0.0028857198
20241101_142106_363800519,0.04662011
20241101_142106_604381687,-0.08804589
20241101_142106_860516593,-0.020735225
20241101_142108_347172124,0.002519587
20241101_142108_601543393,0.07837669
20241101_142108_851051600,0.04715053
20241101_142109_350898394,0.0056776796
20241101_142109_599145941,0.031499125
20241101_142110_356857397,0.067023404
20241101_142110_848470361,0.110165454
20241101_142111_350949288,0.08040882
20241101_142112_105077299,0.24754982
20241101_142112_353086044,0.48667482
20241101_142112_597764516,0.44902447
20241101_142112_855017327,0.89682
20241101_142113_115487990,0.1857142
20241101_142113_360696768,0.021543344
20241101_142113_614811005,-0.0010072701
20241101_142113_860841660,0.17463131
20241101_142114_098320967,-0.010234138
20241101_142114_347727903,-0.16244523
20241101_142114_595924803,-0.074420236
20241101_142114_852758874,-0.07658776
20241101_142115_112115703,-0.06497421
20241101_142115_597931275,-0.058963858
20241101_142115_852484433,-0.033411585
20241101_142116_113194134,-0.041094206
20241101_142116_363903177,-0.035162173
20241101_142117_352100072,-0.057482444
20241101_142117_598492604,-0.041172586
20241101_142117_848582479,-0.10135772
20241101_142118_100693857,-0.07872846
20241101_142118_851396481,-0.36867973
20241101_142119_097529817,-0.15964736
20241101_142119_346047610,-0.16324998
20241101_142119_595248773,-0.17936386
20241101_142119_846174735,-0.15423347
20241101_142120_092497500,-0.14929242
20241101_142120_349922678,-0.11062642
20241101_142120_860699960,-0.15602554
20241101_142121_102641870,-0.08855083
20241101_142121_348753473,-0.03037556
20241101_142121_848358333,-0.018734774
20241101_142122_096806920,-0.058537267
20241101_142122_605534136,-0.06863608
20241101_142122_854347334,-0.06991228
20241101_142123_095233580,-0.08325412
20241101_142123_597237445,-0.083834134
20241101_142123_849699834,-0.05816301
20241101_142124_094791373,0.1676243
20241101_142124_360708082,0.12541156
20241101_142124_596056339,0.046073474
20241101_142125_093799112,0.095360674
20241101_142125_348030646,0.26149592
20241101_142125_597678938,0.18416761
20241101_142125_862307986,0.4556912
20241101_142126_107521860,1.4601581
20241101_142126_366276321,0.9049023
20241101_142126_609306348,-0.12923343
20241101_142126_855108401,-0.3144721
20241101_142127_098625097,-0.3712944
20241101_142127_351627222,0.6707199
20241101_142127_596694829,0.52653474
20241101_142127_850108540,0.43680567
20241101_142128_344841115,0.40853927
20241101_142129_346205158,0.47469983
20241101_142129_595500567,0.5123101
20241101_142129_845614942,0.4948316
20241101_142130_846266944,0.5340622
20241101_142131_098498523,0.8853169
20241101_142131_346696525,0.6893401
20241101_142131_846557664,0.6650087
20241101_142132_094281243,0.67028815
20241101_142132_848862058,0.84239876
20241101_142133_100440815,0.27292496
20241101_142133_348853449,-0.6001353
20241101_142133_598814839,-0.9136186
20241101_142133_852773897,-0.78442407
20241101_142134_345371504,-0.5203054
20241101_142135_093345949,-0.6654239
20241101_142135_345338411,-0.21634929
20241101_142135_603610275,-0.5476188
20241101_142135_847497131,-0.6284146
20241101_142136_099381196,-0.79771316
20241101_142136_350263464,-0.695537
20241101_142136_597222542,-0.64809895
20241101_142136_846462485,-0.613774
20241101_142137_099071171,-0.34584248
20241101_142137_361023472,-0.22648986
20241101_142138_103533963,-0.27493414
20241101_142138_850656582,0.04941859
20241101_142139_112313155,0.23156758
20241101_142139_361975676,0.12688053
20241101_142139_614125613,0.12905233
20241101_142139_864962119,0.11800704
20241101_142140_111306984,0.23972498
20241101_142140_361584528,0.2922348
20241101_142140_606579076,0.4071024
20241101_142140_858949876,0.43106475
20241101_142141_110546360,2.161551
20241101_142141_363353256,-0.31265703
20241101_142141_606314770,-0.6244697
20241101_142141_861313262,-0.8537365
20241101_142142_102576956,-0.70636827
20241101_142142_355138046,-0.43894246
20241101_142143_349140440,-0.4576212
20241101_142143_603418413,-0.21162438
20241101_142143_851512161,-0.10744167
20241101_142144_097435761,0.14780982
20241101_142144_352247950,0.024951914
20241101_142144_855309840,-0.026024481
20241101_142145_600494197,-0.20261373
20241101_142145_848578786,-0.26480603
20241101_142146_343347838,-0.20792021
20241101_142146_843241164,-0.17393546
20241101_142147_843813456,-0.11452835
20241101_142148_858492631,-0.17263402
20241101_142149_101660715,-0.16615452
20241101_142149_355350692,0.74665725
20241101_142149_602622920,0.25497314
20241101_142149_852653267,0.19183128
20241101_142150_098772513,0.18955319
20241101_142150_356552448,0.20856558
20241101_142151_099259718,0.177271
20241101_142151_350721900,0.08262018
20241101_142151_599886761,0.11562619
20241101_142151_849901829,0.13963787
20241101_142152_099068581,0.092979886
20241101_142152_351914306,-0.28301245
20241101_142152_601213287,-0.033451878
20241101_142152_857505857,0.44734234
20241101_142153_107164782,0.46823087
20241101_142153_349031382,0.46135277
20241101_142153_601331077,0.7132004
20241101_142153_849083524,0.8590051
20241101_142154_608271834,0.6721273
20241101_142154_859163496,0.5802682
20241101_142155_350857951,0.5640481
20241101_142155_600974636,0.20346098
20241101_142155_844632514,0.22055958
20241101_142156_101674417,0.23273344
20241101_142156_351670923,0.20518945
20241101_142156_609354763,0.811029
20241101_142156_852726013,0.22502814
20241101_142157_095127186,0.0069306884
20241101_142158_096202282,0.1386496
20241101_142158_592744829,0.27931476
20241101_142158_844657124,0.20929332
20241101_142159_097041761,0.5544544
20241101_142159_345829746,0.47864285
20241101_142159_599264032,0.38301435
20241101_142200_104038371,0.43331966
20241101_142200_358662551,0.31568706
20241101_142200_602598163,-0.10479566
20241101_142200_857920638,-0.28803554
20241101_142201_112053005,-0.1236596
20241101_142201_353314695,-0.516109
20241101_142201_611256182,-1.7120088
20241101_142201_867462900,0.13411947
20241101_142202_115037380,0.36128917
20241101_142202_368658409,-0.02489253
20241101_142202_609077027,-0.11701747
20241101_142202_861788201,-0.024960956
20241101_142203_110244176,0.16953675
20241101_142203_359605604,0.56486255
20241101_142203_619010091,1.8865486
20241101_142203_871123602,0.04375212
20241101_142204_112429250,-0.23061265
20241101_142204_358498652,-0.14067407
20241101_142204_602873758,0.07632716
20241101_142204_868672748,0.27085584
20241101_142205_105728982,0.7049088
20241101_142205_353797049,0.40704653
20241101_142205_601528329,0.39900938
20241101_142205_851898152,0.5042198
20241101_142206_098736701,0.4936315
20241101_142206_346750232,0.47140193
20241101_142206_594019203,0.4916813
20241101_142206_856807294,0.05549345
20241101_142207_103291313,-0.094589315
20241101_142207_353272081,0.08482245
20241101_142207_594755390,0.08794931
20241101_142207_853928392,0.07926039
20241101_142208_349622457,-0.107307754
20241101_142209_344410928,-0.060288094
20241101_142209_855364768,-0.32324973
20241101_142210_106275273,-0.31293917
20241101_142210_359539076,-0.23093368
20241101_142210_860301581,-0.17852135
20241101_142211_108323431,0.05081997
20241101_142211_363001886,-0.06196346
20241101_142212_847206518,-0.05649271
20241101_142213_346121989,-0.08433028
20241101_142213_595041156,-0.058445178
20241101_142214_101546262,-0.080684684
20241101_142214_593296422,-0.056939386
20241101_142214_842907538,0.041942514
20241101_142215_104143269,0.012157718
20241101_142215_348568930,-0.0050721373
20241101_142215_849495992,-0.0018794741
20241101_142216_109150513,-0.0004993286
20241101_142216_608744886,0.16014807
20241101_142216_856904023,0.015602926
20241101_142217_097294367,-0.22310667
20241101_142217_356271824,0.26408362
20241101_142217_609632333,0.30846426
20241101_142217_861426975,0.23408194
20241101_142218_107830419,0.21213388
20241101_142218_353789062,0.22889523
20241101_142218_598730014,0.49675134
20241101_142218_844973091,0.32935667
20241101_142219_093288489,0.30111873
20241101_142219_847147525,0.27383003
20241101_142220_349304697,0.26506445
20241101_142221_345599497,0.38925958
20241101_142222_842132440,0.2914115
20241101_142223_096087475,0.3146102
20241101_142223_342848135,0.18029533
20241101_142223_596302815,0.19311415
20241101_142224_842673284,0.32370797
20241101_142225_097619633,-0.05473616
20241101_142225_351114470,-0.13859384
20241101_142225_595810209,-0.02077212
20241101_142225_846021579,0.020163694
20241101_142226_098998279,0.0052647386
20241101_142226_357244339,-0.0011376049
20241101_142226_605060770,0.018989751
20241101_142227_105570079,0.024292836
20241101_142227_592100860,0.023475567
20241101_142227_846000013,0.020045647
20241101_142228_099931519,-0.081745856
20241101_142228_352372673,-0.22629713
20241101_142228_609482615,-0.9773659
20241101_142228_864541321,-1.0504256
20241101_142229_111459235,0.34873822
20241101_142229_365029099,0.11364321
20241101_142229_602439132,0.13561784
20241101_142229_855061201,0.13574283
20241101_142230_101032058,0.13027821
20241101_142230_356472871,0.12378416
20241101_142231_594336302,0.1433612
20241101_142232_099800038,0.17056642
20241101_142232_353380946,0.3977043
20241101_142232_599867553,0.33749476
20241101_142232_848059717,0.28940442
20241101_142233_095456265,0.4280192
20241101_142233_356340478,0.31935376
20241101_142233_599646530,1.4898866
20241101_142233_843345488,0.21258582
20241101_142234_091713831,-0.05400636
20241101_142234_350835075,-0.03456723
20241101_142234_597696098,0.03834144
20241101_142234_851977079,-0.023475906
20241101_142235_096700023,-0.017243167
20241101_142235_347990200,0.07436303
20241101_142235_594948211,0.14105354
20241101_142235_844491226,0.14736669
20241101_142236_342571327,0.16613965
20241101_142236_591959551,0.12441895
20241101_142236_855738557,0.13617115
20241101_142238_101888869,0.17502372
20241101_142238_344659759,0.25016236
20241101_142238_603520295,1.2936677
20241101_142238_856992100,-0.4882168
20241101_142239_100357727,-0.5922568
20241101_142239_356601840,-0.28195634
20241101_142239_599483580,-0.61559814
20241101_142239_848964663,-0.6670728
20241101_142240_092743390,-0.31279972
20241101_142240_344040031,1.1008043
20241101_142240_602390721,-0.81720555
20241101_142240_852430792,0.043018363
20241101_142241_098095417,-0.059601024
20241101_142241_346359016,-0.05469986
20241101_142241_594376595,-0.06194862
20241101_142241_843251357,0.0248319
20241101_142242_090258764,0.14421552
20241101_142242_343334500,0.18925397
20241101_142242_844186150,0.26138446
20241101_142243_091860071,0.059026457
20241101_142243_342218074,0.04687009
20241101_142243_847711094,0.10154865
20241101_142244_092610434,-0.008433303
20241101_142244_343721801,-0.06563007
20241101_142244_594445811,0.20530355
20241101_142244_845306091,0.46009088
20241101_142245_090904502,0.20224859
20241101_142245_344124008,0.1583993
20241101_142246_092677706,0.12479106
20241101_142246_347659183,0.09079204
20241101_142246_595998175,-0.01688542
20241101_142246_853241070,0.008917341
20241101_142247_098684926,0.011551747
20241101_142247_840929295,0.010893056
20241101_142248_092324503,0.008781144
20241101_142248_341432806,0.00603495
20241101_142248_592338618,-0.011642715
20241101_142248_845484006,-0.029526105
20241101_142249_591611785,-0.039668195
20241101_142250_095142655,-0.0315096
20241101_142250_342443160,-0.12349977
20241101_142250_590914555,-0.07693129
20241101_142250_840777307,-0.05457925
20241101_142251_088572086,0.08277475
20241101_142251_341726754,0.13483714
20241101_142251_592130026,0.24087225
20241101_142251_851323595,0.13962947
20241101_142252_099164744,-0.26820126
20241101_142252_354933013,-0.0072820224
20241101_142252_601415314,-0.11996188
20241101_142252_848177821,-0.12741674
20241101_142253_096892470,-0.1319033
20241101_142254_345139527,-0.13962378
20241101_142256_105020699,-0.03253462
20241101_142256_347621521,-0.12128612
20241101_142256_596210523,0.019807408
20241101_142256_852689190,0.3202116
20241101_142257_100869282,0.61472535
20241101_142257_369620658,1.3855722
20241101_142257_613264372,-0.77168703
20241101_142257_869606038,-0.33223832
20241101_142258_110731358,0.746726
20241101_142258_355434100,0.7858356
20241101_142258_601551591,0.5764186
20241101_142258_850645837,0.6583496
20241101_142259_092418166,0.66390026
20241101_142259_345935503,0.5678569
20241101_142259_593969132,0.596286
20241101_142259_852174915,0.5932032
20241101_142300_101511549,0.35514134
20241101_142300_357517693,-0.16075338
20241101_142300_607090905,-0.33210918
20241101_142300_849421788,-0.11590158
20241101_142301_095596219,-0.21437226
20241101_142301_348402648,-0.19345342
20241101_142301_601498978,-0.21428598
20241101_142301_848334136,-0.16946216
20241101_142302_095549078,-0.17199893
20241101_142302_351794440,-0.16281928
20241101_142302_602312878,-0.04673972
20241101_142302_857362487,-0.03625091
20241101_142303_103453374,-0.037946068
20241101_142303_351716011,-0.074267946
20241101_142304_095598656,-0.07457032
20241101_142305_113653134,-0.04805716
20241101_142305_367832403,0.05969534
20241101_142305_613314093,-0.47062004
20241101_142305_861310337,-0.6114357
20241101_142306_119523905,0.001401484
20241101_142306_366553587,0.07610638
20241101_142306_615001130,0.08840982
20241101_142306_865282701,-0.0070924964
20241101_142307_118486626,0.41151643
20241101_142307_367809411,0.35271364
20241101_142307_615963589,0.310755
20241101_142307_856365280,0.39904818
20241101_142308_100822423,0.30900052
20241101_142308_350593546,0.18114595
20241101_142308_594927538,0.07263938
20241101_142308_854507446,0.12514971
20241101_142309_110384795,0.12426088
20241101_142309_359886122,0.068279065
20241101_142309_594667030,0.0883945
20241101_142309_854946752,0.10407851
20241101_142310_350239015,-0.1396953
20241101_142310_609409408,-0.16693683
20241101_142310_857623405,-0.08466359
20241101_142311_097726529,-0.106538914
20241101_142311_347610975,-0.10524138
20241101_142311_599722595,-0.09345313
20241101_142311_847868520,-0.19745345
20241101_142312_348518767,-0.14406379
20241101_142313_094538193,-0.4197949
20241101_142313_351079377,-0.7046592
20241101_142313_601134626,-0.25684497
20241101_142314_862973223,-0.26818076
20241101_142315_097686041,-0.09526118
20241101_142315_352385893,-0.120347105
20241101_142315_599606190,-0.14820172
20241101_142316_357324492,-0.112500034
20241101_142316_858216843,-0.124426626
20241101_142318_097715915,0.005589498
20241101_142318_344061732,-0.050979577
20241101_142318_591704611,0.0820235
20241101_142318_843248528,-0.050723575
20241101_142319_097025001,-0.24329479
20241101_142319_350266556,-0.1350726
20241101_142319_595617840,-0.093577944
20241101_142319_844710217,0.02079139
20241101_142321_097003886,0.09613488
20241101_142321_355765392,0.09070758
20241101_142321_612355458,0.06340323
20241101_142321_857396240,0.018643001
20241101_142322_357888585,0.012283364
20241101_142322_846756002,-0.014726242
20241101_142323_352926602,-0.04036423
20241101_142323_601685096,-0.02627202
20241101_142323_854368298,-0.016380152
20241101_142324_108124529,0.12011949
20241101_142324_364570298,0.09472833
20241101_142324_595958671,0.17588638
20241101_142324_853135382,0.15651356
20241101_142325_104185820,0.12460307
20241101_142325_358090790,0.10670368
20241101_142325_604848370,0.22816114
20241101_142325_855021895,0.16369496
20241101_142326_345819463,0.07128737
20241101_142326_599655482,0.05730007
20241101_142326_855776799,0.07007352
20241101_142327_345862961,0.020188013
20241101_142327_602451238,-0.13397266
20241101_142327_852887522,-0.20490272
20241101_142328_098952807,-0.06219741
20241101_142328_354790914,0.017756859
20241101_142328_598429842,0.12585984
20241101_142328_853161398,0.07219652
20241101_142329_094986590,0.05256597
20241101_142329_350273956,0.04711727
20241101_142329_606387624,0.041770734
20241101_142330_844926192,0.040587105
20241101_142331_094807285,-0.004110595
20241101_142331_358224007,0.009829203
20241101_142331_605528857,0.03808228
20241101_142331_855685419,0.070602216
20241101_142332_098774740,0.050513424
20241101_142332_346160303,0.03325001
20241101_142332_595841445,-0.14398809
20241101_142332_849803033,-0.075456165
20241101_142333_097999103,-0.034762047
20241101_142333_344767798,-0.031111619
20241101_142333_592584136,-0.028499087
20241101_142334_094420490,0.035238363
20241101_142334_344778445,0.13118418
20241101_142334_594387330,0.31014147
20241101_142334_860387509,0.48872003
20241101_142335_105182245,0.239924
20241101_142335_348410290,0.007603267
20241101_142335_594988740,0.031474747
20241101_142335_850431322,-0.12989773
20241101_142336_106458958,-0.36079094
20241101_142336_361148860,-0.75317925
20241101_142336_606047605,-0.3904417
20241101_142336_850626817,-0.5277596
20241101_142337_093671799,-0.39361182
20241101_142337_345176560,-0.36827946
20241101_142337_589971846,-0.28375432
20241101_142337_845175776,0.059211947
20241101_142338_097150104,0.030928584
20241101_142338_350402664,-0.023722788
20241101_142338_596009761,0.18033896
20241101_142338_849126674,0.18769507
20241101_142339_348557654,0.12083522
20241101_142340_103011202,0.10735033
20241101_142340_357968431,0.09565572
20241101_142340_844945510,0.07607172
20241101_142341_094089652,0.004892627
20241101_142341_346520155,0.014188925
20241101_142341_844673477,0.028381148
20241101_142342_094076063,0.019431869
20241101_142343_346219609,0.010211686
20241101_142343_593776855,0.0038983617
20241101_142343_843684898,0.0032191668
20241101_142344_096069592,0.009130219
20241101_142345_353174853,0.007348636
20241101_142345_595223329,0.0022169147
20241101_142346_095242962,0.016763369
20241101_142346_351980687,0.020010749
20241101_142346_612372654,-0.0037621465
20241101_142347_096076442,-0.02748855
20241101_142347_348851939,-0.56681615
20241101_142347_595929321,-0.49209324
20241101_142347_845129952,-0.35519323
20241101_142348_348000095,-0.18669467
20241101_142348_597676021,-0.120229565
20241101_142348_845827370,-0.10519072
20241101_142349_600504923,-1.505935
20241101_142349_853733211,-0.47128156
20241101_142350_097098842,-0.49038208
20241101_142350_344656986,-0.443835
20241101_142350_593743253,-0.42821705
20241101_142351_346128401,-0.42051104
20241101_142351_595405016,-0.38342986
20241101_142351_844517918,-1.7322009
20241101_142352_102096224,0.44495812
20241101_142352_357024623,-0.38008025
20241101_142352_604591940,-0.3512291
20241101_142352_864764118,-0.3574603
20241101_142353_103657146,-0.22175802
20241101_142353_365147078,0.13485505
20241101_142353_605928474,0.24093957
20241101_142353_852691368,0.16946076
20241101_142354_096648554,0.061836757
20241101_142355_090354374,0.08327339
20241101_142355_342348873,-0.011992952
20241101_142355_844225223,0.021751622
20241101_142356_094789780,0.020091573
20241101_142356_345935667,-0.005717417
20241101_142356_593730275,0.0032136831
20241101_142356_845556506,0.18159668
20241101_142357_095627819,-0.7003459
20241101_142357_349101218,-0.37690052
20241101_142357_593446790,-0.40147507
20241101_142357_845861234,-0.40650332
20241101_142358_091589889,-0.32766205
20241101_142358_339336154,-0.3577104
20241101_142358_588938897,-0.3203305
20241101_142358_840813732,-0.28500617
20241101_142359_092461748,-0.2322401
20241101_142359_349359066,-0.09841909
20241101_142359_598403848,-0.12652205
20241101_142359_843678856,0.120472126
20241101_142400_098147913,-0.27009457
20241101_142400_347182387,-0.33780116
20241101_142400_591794961,-1.3462577
20241101_142400_844118502,-0.06791582
20241101_142401_097982327,0.114844896
20241101_142401_350724635,-0.07406666
20241101_142401_598105397,-0.16723801
20241101_142401_847333193,-0.09459146
20241101_142402_094143785,-0.24240394
20241101_142402_345887949,-0.29087582
20241101_142402_594568565,-0.21609665
20241101_142402_847736793,0.07520501
20241101_142403_094254074,0.6359977
20241101_142403_344464971,0.2864747
20241101_142403_593136899,0.27476096
20241101_142403_842637829,0.26460537
20241101_142404_095806740,0.0026864205
20241101_142404_348236025,-0.015654555
20241101_142404_593894297,0.07633922
20241101_142405_842798345,0.12502195
20241101_142406_092777581,0.12621264
20241101_142406_346695569,0.48723742
20241101_142406_596445688,1.613516
20241101_142406_843911480,1.1859304
20241101_142407_095319567,0.9005772
20241101_142407_345238090,1.0172164
20241101_142407_593870784,2.4383852
20241101_142407_849500001,-0.31764787
20241101_142408_105853736,-0.5685351
20241101_142408_358661425,-0.3634827
20241101_142408_612540727,-0.1434498
20241101_142408_859431029,-0.077761285
20241101_142409_100676471,-0.07186314
20241101_142409_357298454,0.019581823
20241101_142409_602763577,-0.649972
20241101_142409_851623393,-0.68988675
20241101_142410_093757603,-0.807473
20241101_142410_343195125,-0.22976361
20241101_142410_591997950,-0.30736843
20241101_142410_842046451,-0.72934455
20241101_142411_090478448,-0.48236707
20241101_142411_343636964,-0.45701548
20241101_142413_839213911,-0.44787517
20241101_142414_843603508,0.9125686
20241101_142415_090253121,0.4960524
20241101_142415_341335929,0.28266713
20241101_142415_591774116,0.26075324
20241101_142415_842913663,0.24607281
20241101_142416_089650032,0.24954496
20241101_142416_341026433,0.2904881
20241101_142416_591560682,0.26382652
20241101_142416_843893943,1.4006425
20241101_142417_098654287,0.06351953
20241101_142417_342930497,0.74684477
20241101_142417_590387306,0.9368551
20241101_142417_840467041,1.1950995
20241101_142418_091079400,0.06940264
20241101_142418_602938975,0.16478772
20241101_142418_854390744,0.91840595
20241101_142419_099651050,0.6782276
20241101_142419_347553740,0.5393709
20241101_142419_594765756,0.8715936
20241101_142419_845520257,-0.5192025
20241101_142420_099852135,-0.11014498
20241101_142420_343941054,0.0396491
20241101_142420_590655752,0.0043917615
20241101_142421_094198273,0.74885464
20241101_142421_343695434,0.6325867
20241101_142421_597224092,0.9726541
20241101_142422_091924153,0.66611457
20241101_142422_349660199,0.45737758
20241101_142422_597741091,0.5629276
20241101_142423_089930383,0.82637995
20241101_142423_346667208,0.6129102
20241101_142423_844710496,0.827219
20241101_142424_841423182,0.6859228
20241101_142425_093207053,0.89398795
20241101_142425_351156318,0.50162166
20241101_142426_341774041,0.5298194
20241101_142426_591479624,-0.7942048
20241101_142426_849560350,-1.1013781
20241101_142427_097715473,-0.17490302
20241101_142427_344170739,-0.13612252
20241101_142427_595285924,-0.14317645
20241101_142428_091734993,-0.32124668
20241101_142428_346144780,-0.4354616
20241101_142429_355118893,-0.2619249
20241101_142429_602557324,-0.26210365
20241101_142429_853873286,-0.02003712
20241101_142430_099855402,0.03200198
20241101_142430_353341447,-0.074936055
20241101_142430_603906441,-0.04463353
20241101_142430_858062485,-0.17000689
20241101_142431_103237775,-0.31215623
20241101_142431_362768295,-0.28041568
20241101_142431_608069289,-0.22302185
20241101_142431_860096753,0.1168384
20241101_142432_094052352,-0.04866632
20241101_142432_352878582,-0.018123707
20241101_142432_609368294,0.12834972
20241101_142435_595079414,0.03856025
20241101_142435_849148305,0.00694857
20241101_142436_099894074,0.00779132
20241101_142436_347860113,-0.00159516
20241101_142436_592260359,0.0077079926
20241101_142436_843010441,0.005229214
20241101_142437_088845268,-0.004031023
20241101_142437_345112859,-0.010476312
20241101_142437_592534354,-0.022447487
20241101_142437_845272647,-0.1966332
20241101_142438_591834450,-0.10573014
20241101_142439_088448713,-0.11307027
20241101_142439_340783244,-0.16691144
20241101_142439_590658841,-0.14338063
20241101_142439_845324199,-0.45034957
20241101_142440_093168469,-0.47944182
20241101_142440_342102758,-0.31822437
20241101_142440_595910325,-0.3091651
20241101_142440_846493028,-0.20958333
20241101_142441_089728061,-0.18923818
20241101_142441_344472420,-0.22003077
20241101_142441_841611142,-0.17886798
20241101_142442_087707505,-0.16993465
20241101_142442_339008513,0.28600845
20241101_142442_590511809,-0.72096246
20241101_142442_848359061,-0.8570487
20241101_142443_097640120,-1.0955926
20241101_142443_346425068,-0.6543354
20241101_142443_592330607,-0.61408913
20241101_142443_848013520,-0.4440849
20241101_142444_097342636,-0.3852838
20241101_142444_852120629,-0.1219856
20241101_142445_096950034,0.044834204
20241101_142445_348307725,-0.028999219
20241101_142445_591203086,-0.12557566
20241101_142445_842540875,-0.0936568
20241101_142446_091068496,-0.06416615
20241101_142446_346677486,-0.08761092
20241101_142446_850927352,-0.23380719
20241101_142447_346766545,-0.13482971
20241101_142447_591330451,-0.06163331
20241101_142447_839273905,-0.049222015
20241101_142448_088132649,-0.15732588
20241101_142448_345339736,-0.18827046
20241101_142448_591609725,0.20940377
20241101_142448_843250394,0.17047934
20241101_142449_096111039,0.42709774
20241101_142449_342834991,0.5332397
20241101_142449_590389416,0.5534257
20241101_142449_844824368,0.30579355
20241101_142450_344956972,0.29988036
20241101_142450_846483599,0.22730039
20241101_142451_098339395,0.120420195
20241101_142451_346354173,0.17396615
20241101_142451_600561559,0.2320299
20241101_142452_096610872,0.18676643
20241101_142452_591987887,0.53074074
20241101_142453_091103377,0.26731345
20241101_142454_359829122,0.22957103
20241101_142454_598694605,-0.08628329
20241101_142454_850781349,-0.34778127
20241101_142455_101258038,-0.6739187
20241101_142455_359497635,-0.5034943
20241101_142455_606119739,-0.58785295
20241101_142455_852238098,-0.31572646
20241101_142456_100327544,-0.2704484
20241101_142456_351531112,0.047305323
20241101_142456_595266185,0.08857491
20241101_142457_845570211,-0.021074029
20241101_142458_091618866,-0.12332926
20241101_142458_342393243,-0.2860619
20241101_142458_589191794,-0.6289537
20241101_142458_838282713,-0.32901642
20241101_142459_094223080,0.6101488
20241101_142459_347983262,0.4194776
20241101_142459_606122176,0.61583745
20241101_142459_851472485,0.61296904
20241101_142500_101526729,0.22473828
20241101_142500_352278475,0.06779293
20241101_142500_597344216,-0.10504519
20241101_142500_848886128,0.013631383
20241101_142501_350378013,0.046825208
20241101_142501_600547005,-0.001259407
20241101_142501_848059367,0.0133614335
20241101_142502_101543497,-0.037451588
20241101_142502_361280577,-0.028262338
20241101_142502_599925163,-0.1393878
20241101_142502_855642300,-0.060051583
20241101_142503_102020943,-0.061055444
20241101_142503_356376052,-0.17394818
20241101_142503_862464142,-0.20887412
20241101_142504_607660898,-0.48146105
20241101_142504_848631103,-0.9187656
20241101_142505_097394335,-0.41651085
20241101_142505_342921199,-0.31657282
20241101_142505_591096800,-0.35253254
20241101_142505_847512906,-0.32383177
20241101_142507_092825872,-0.30621776
20241101_142507_350813339,-0.0067425314
20241101_142507_598000250,0.13727117
20241101_142507_850214584,0.02426506
20241101_142508_104806473,-0.017462393
20241101_142508_359441526,-0.026867649
20241101_142508_601322660,-0.38323852
20241101_142508_850268870,-0.31868067
20241101_142509_094234785,-0.17468585
20241101_142509_341732681,-0.3983049
20241101_142509_846685775,-0.6913955
20241101_142510_096683577,-0.23214515
20241101_142510_346381760,0.05857522
20241101_142511_090618851,0.2656084
20241101_142511_357128457,0.038292155
20241101_142511_600471132,0.029297808
20241101_142511_845521679,-0.0002619233
20241101_142512_347862829,0.024220208
20241101_142512_602720924,0.0298417
20241101_142512_850829024,-0.0482805
20241101_142513_098078532,-0.042000018
20241101_142513_596359375,-0.029480716
20241101_142513_841474777,-0.04394927
20241101_142514_346173095,0.0018269811
20241101_142516_850988829,0.099358656
20241101_142517_844534956,0.04959456
20241101_142518_100256375,0.05688981
20241101_142518_352181728,-0.25599048
20241101_142518_608001337,-0.13980524
20241101_142518_852187079,-0.59595424
20241101_142519_099619689,-0.4203029
20241101_142519_357122152,0.0008629337
20241101_142519_600166451,0.06891463
20241101_142519_849557338,-0.759169
20241101_142520_095372137,-0.011621779
20241101_142520_347287423,0.32361558
20241101_142520_596883020,0.7399021
20241101_142520_845334904,0.3838512
20241101_142521_093485940,0.19677013
20241101_142521_341827339,0.24185656
20241101_142521_592631630,-0.078788064
20241101_142521_843605943,-0.008146366
20241101_142522_847539907,0.037740268
20241101_142523_096329245,-0.45940787
20241101_142523_350505713,-0.4549503
20241101_142523_607960592,-0.6347883
20241101_142523_858577107,-0.38246182
20241101_142524_099503784,-0.38063613
20241101_142524_361457523,-0.39706826
20241101_142524_844023785,-0.3559315
20241101_142525_841400567,-0.3157469
20241101_142527_100437602,-0.9436671
20241101_142527_353027021,-0.8007429
20241101_142527_596133214,0.71228534
20241101_142527_845734259,0.37504032
20241101_142528_094741830,0.3240287
20241101_142528_349717065,0.3111448
20241101_142528_595484203,0.3666545
20241101_142528_850980677,0.18884318
20241101_142529_093894686,0.18809877
20241101_142529_343605628,0.23685513
20241101_142529_837993027,0.049772717
20241101_142530_346656674,0.07031552
20241101_142530_590441171,0.0769243
20241101_142530_840406040,-0.012343964
20241101_142531_088968711,-0.045047008
20241101_142531_338170250,-0.015599927
20241101_142531_587158735,0.065918066
20241101_142531_838877771,0.09934554
20241101_142532_350288160,0.051875986
20241101_142532_607596294,0.06371675
20241101_142534_091909461,0.04003135
20241101_142534_342416789,-0.14408787
20241101_142534_588281026,-0.23626758
20241101_142534_839527499,-0.08170327
20241101_142535_090746216,-0.025927564
20241101_142536_088748852,-0.010949811
20241101_142536_841388353,0.15692464
20241101_142537_090429300,0.12768404
20241101_142537_590215974,0.060219683
20241101_142537_840028283,0.07561163
20241101_142538_589143493,0.10216657
20241101_142539_087174453,0.10675553
20241101_142540_839206547,0.12781046
20241101_142541_090813593,0.20427959
20241101_142541_347541072,0.094434835
20241101_142541_593486477,-0.06716766
20241101_142542_840736969,-0.17935802
20241101_142543_089355998,-0.11983272
20241101_142544_591011693,-0.01471605
20241101_142544_840753764,0.019538144
20241101_142545_098161626,0.015514115
20241101_142545_358243777,0.027246455
20241101_142545_613775812,-0.22528772
20241101_142545_872575557,-1.8548166
20241101_142546_128393659,-0.21102451
20241101_142546_371694766,-0.037336282
20241101_142546_604612362,0.13011901
20241101_142546_855317171,0.43576238
20241101_142547_099267406,0.65309644
20241101_142547_348808163,1.401403
20241101_142547_602258379,-0.5831177
20241101_142547_847960846,0.008152822
20241101_142548_094314471,-0.352245
20241101_142548_349261641,-0.27413285
20241101_142548_599573344,-0.28349325
20241101_142548_840444238,-0.23305143
20241101_142549_091074496,-0.406491
20241101_142549_589958579,-0.2554209
20241101_142549_844055314,-0.2644824
20241101_142550_087779453,-0.35701582
20241101_142550_338033268,-0.03356566
20241101_142550_589640770,-0.036631964
20241101_142550_842806027,-0.23870404
20241101_142551_087672740,-0.30004048
20241101_142551_589380325,-0.19803305
20241101_142551_846018231,-0.16370441
20241101_142552_589481641,-0.17229368
20241101_142552_838469249,-0.54001325
20241101_142553_088926424,-0.4417633
20241101_142553_340505761,-0.6145767
20241101_142553_588619217,-0.45264035
20241101_142553_838831019,-0.4315938
20241101_142554_088112467,-0.50469756
20241101_142554_339566830,-0.10471728
20241101_142555_348623950,-0.43925312
20241101_142555_598011185,-0.6977685
20241101_142555_850691814,-0.61381257
20241101_142556_093780656,-0.5230342
20241101_142556_345374640,-0.51327354
20241101_142556_839662950,-0.49303624
20241101_142557_088675337,-0.63363266
20241101_142557_339369389,-0.60274696
20241101_142559_096588658,-0.7284437
20241101_142559_343962691,-0.526865
20241101_142559_597575873,-0.08103414
20241101_142559_849476860,0.31901926
20241101_142600_107555078,0.7523064
20241101_142600_361865297,0.44001022
20241101_142600_607402203,0.7601174
20241101_142600_851998404,0.5583964
20241101_142601_102927675,-0.24136509
20241101_142601_364702484,-0.16458042
20241101_142601_612505592,-0.07050893
20241101_142601_884202101,-0.003473943
20241101_142602_131336187,0.042112224
20241101_142602_377539052,-0.005685497
20241101_142602_609029828,0.037459917
20241101_142602_857319751,0.016643943
20241101_142603_100158679,0.18028978
20241101_142603_355533568,0.19844075
20241101_142603_598168736,0.29528323
20241101_142603_843118445,0.22313963
20241101_142604_091609853,0.098014325
20241101_142604_344095364,-0.03540349
20241101_142604_590446957,-0.060602643
20241101_142605_101049086,-0.102152154
20241101_142605_349698218,-0.042524144
20241101_142605_596329200,0.19925106
20241101_142605_852760203,0.20798276
20241101_142606_096867415,0.20639487
20241101_142606_345119548,0.13432276
20241101_142606_592442484,0.20968254
20241101_142606_843135472,0.26634336
20241101_142607_091678214,0.21899046
20241101_142607_340455444,0.17652892
20241101_142607_590824370,0.24245845
20241101_142607_845078276,0.28549117
20241101_142608_593897614,0.38575402
20241101_142608_849837887,0.12812828
20241101_142609_094183506,-0.0018187966
20241101_142609_345675538,0.014602685
20241101_142609_594757496,0.13994512
20241101_142609_843733281,0.0085964
20241101_142610_087650677,-0.16833876
20241101_142610_339131516,-0.075229555
20241101_142611_098585994,-0.041837215
20241101_142611_339924273,0.03912545
20241101_142611_593278981,0.021864502
20241101_142611_840800713,-0.12996055
20241101_142612_098138108,-0.0939297
20241101_142612_347788344,-0.048598416
20241101_142612_608934889,0.05652619
20241101_142612_853289023,0.28687203
20241101_142613_092870125,0.28622422
20241101_142613_345170071,0.17873834
20241101_142613_596517784,0.1703823
20241101_142613_860800399,0.13527237
20241101_142614_104270887,0.037618533
20241101_142614_352580388,0.06274166
20241101_142614_845117049,0.13938454
20241101_142615_094179219,-0.007421097
20241101_142615_341482834,0.009320611
20241101_142615_597071198,0.0197825
20241101_142615_841987435,0.2660834
20241101_142616_093921099,0.16063415
20241101_142616_346327373,0.11072735
20241101_142616_847311380,0.09113473
20241101_142617_099544806,0.08374933
20241101_142617_345939737,0.1756017
20241101_142617_593339689,0.055634573
20241101_142617_845599877,0.17478791
20241101_142618_092330658,0.1566614
20241101_142618_349550915,0.13819608
20241101_142618_605169098,0.13502465
20241101_142618_857715618,0.12776433
20241101_142619_095147000,0.122355916
20241101_142619_351361507,0.118581526
20241101_142619_595556525,0.19042958
20241101_142619_842741062,0.16895209
20241101_142620_091373421,0.16734941
20241101_142620_339320958,0.23180269
20241101_142620_589220948,0.21307434
20241101_142620_838413573,0.15617499
20241101_142621_586904905,0.12349067
20241101_142621_836504512,0.12202854
20241101_142622_089605011,0.19877005
20241101_142622_344613394,0.17667991
20241101_142622_588364878,0.065111265
20241101_142622_841471556,0.07125347
20241101_142623_093054609,-0.044208318
20241101_142623_345847257,0.059171535
20241101_142623_601772636,0.5299424
20241101_142623_858590435,1.31165
20241101_142624_096444333,-0.30478925
20241101_142624_366146777,-0.22519343
20241101_142624_608878088,-0.18456127
20241101_142624_866769182,0.07521488
20241101_142625_103316828,-0.07177528
20241101_142625_370076933,-0.113443516
20241101_142625_603916736,-0.13301553
20241101_142625_859356093,-0.10390272
20241101_142626_101213890,-0.15322538
20241101_142626_353302858,-0.24066968
20241101_142626_597466039,-0.16436376
20241101_142626_848099414,-0.12984051
20241101_142628_099970622,-0.58308226
20241101_142628_356901915,-0.38806668
20241101_142628_599691353,-0.8079191
20241101_142628_853592033,0.4197445
20241101_142629_106394800,-0.26242927
20241101_142629_354925910,-0.23867136
20241101_142629_599057492,-0.112159215
20241101_142629_845664910,-0.06273094
20241101_142630_104333632,-0.09468879
20241101_142630_352723251,-0.14502999
20241101_142630_591155427,-0.12206077
20241101_142630_840663450,0.10322026
20241101_142631_091862264,-0.04385163
20241101_142631_344801958,-0.05328641
20241101_142631_597545801,-0.03815508
20241101_142631_843407492,-0.04050842
20241101_142632_339960997,-0.050479397
20241101_142632_843721404,-0.05793917
20241101_142633_092880110,-0.045028225
20241101_142633_590208016,-0.12231622
20241101_142633_841440966,-0.23503487
20241101_142634_837996263,-0.13087176
20241101_142635_588593322,-0.2070557
20241101_142636_338520252,-0.13263553
20241101_142637_088922400,-0.113412626
20241101_142639_092546197,-0.0938321
20241101_142639_587985123,-0.0912238
20241101_142639_835862852,0.07552179
20241101_142640_089955026,0.1305673
20241101_142640_337322380,0.24663635
20241101_142640_588655728,0.17190625
20241101_142641_341719224,0.2532352
20241101_142641_588230692,0.19330896
20241101_142641_841345464,0.3153938
20241101_142642_099247186,0.23976581
20241101_142642_354473563,0.2148412
20241101_142642_606528863,0.011227315
20241101_142642_848991605,-0.10864343
20241101_142643_344132572,0.036266826
20241101_142643_592002111,0.059423007
20241101_142643_842457182,0.041062392
20241101_142644_344415300,0.124223955
20241101_142644_589401897,0.31522876
20241101_142644_847630602,0.23789401
20241101_142645_103243527,0.18639486
20241101_142645_345676645,0.12607597
20241101_142645_591119485,0.097624354
20241101_142645_840610876,0.11331024
20241101_142646_338045694,0.25950378
20241101_142646_587306673,0.26119226
20241101_142646_838400894,0.22465159
20241101_142647_341439136,0.18597001
20241101_142647_588270872,-0.29427922
20241101_142647_837425496,-0.32475415
20241101_142648_586609133,-0.12304408
20241101_142649_846129646,-0.07319424
20241101_142650_094219968,0.008199902
20241101_142650_343806095,-0.020335501
20241101_142650_595088543,-0.020343503
20241101_142650_843399253,-0.026224764
20241101_142651_093389579,-0.029386709
20241101_142651_340262301,-0.11270223
20241101_142651_838185740,-0.0600643
20241101_142652_598207534,-0.5279262
20241101_142652_846487791,-0.13099681
20241101_142653_089861591,-0.106772974
20241101_142653_588929591,-0.08806628
20241101_142653_836088508,0.07482585
20241101_142654_087372054,0.040597714
20241101_142654_338052314,0.0025483016
20241101_142656_841119075,-0.04174885
20241101_142657_338605854,-0.0406688
20241101_142657_589000879,-0.026579117
20241101_142658_090590797,-0.030155303
20241101_142658_593420072,-0.071026415
20241101_142658_848209104,-0.03285878
20241101_142659_107618684,-0.02898273
20241101_142659_353299214,-0.037468564
20241101_142659_597519202,0.09027478
20241101_142659_845344238,0.1038977
20241101_142700_096142210,0.0727558
20241101_142700_347522311,0.31894085
20241101_142700_598748522,0.20348439
20241101_142700_847117795,0.15656528
20241101_142701_099381685,0.17712022
20241101_142701_346883689,0.2673939
20241101_142701_592553585,0.2186806
20241101_142701_842394176,0.24659963
20241101_142702_093699458,0.14321283
20241101_142702_357261589,0.2609424
20241101_142702_602431782,0.29327387
20241101_142702_844864415,0.2617988
20241101_142703_093040299,0.20373055
20241101_142703_342889432,0.2599312
20241101_142703_589140742,0.24757917
20241101_142703_836402775,0.21597879
20241101_142705_585505731,0.18201028
20241101_142706_336231347,0.06488941
20241101_142706_838991872,-0.021820141
20241101_142707_095917043,0.023188764
20241101_142707_350616017,0.034900427
20241101_142707_599876790,0.032173544
20241101_142707_844824015,0.0366735
20241101_142708_090190839,0.014493333
20241101_142708_589419066,0.011446325
20241101_142709_337804501,0.0072985757
20241101_142709_841364821,0.02171974
20241101_142710_845787909,0.49640182
20241101_142711_095340298,0.18070234
20241101_142711_340417799,0.18371882
20241101_142711_844836413,-0.0796219
20241101_142712_092523322,-0.01673115
20241101_142712_347937084,0.03038525
20241101_142713_339745456,0.033196673
20241101_142713_586670556,0.064754985
20241101_142713_837900077,0.043785192
20241101_142714_088358667,0.08334801
20241101_142715_593981100,0.16305986
20241101_142715_848641355,0.16699862
20241101_142716_099209651,0.13787267
20241101_142716_352417143,0.11867642
20241101_142716_594945028,0.10352365
20241101_142716_842095522,0.10149679
20241101_142717_089443306,0.08527021
20241101_142717_848981932,0.06774258
20241101_142718_088939911,0.06987752
20241101_142718_341098428,0.07167449
20241101_142718_589409299,0.055238873
20241101_142718_838838168,0.0632602
20241101_142719_092510346,-0.055870637
20241101_142719_339746951,0.0027113426
20241101_142719_587851639,0.008568624
20241101_142719_839678316,0.009627776
20241101_142720_588293672,-0.0086169485
20241101_142720_840649930,0.0014389027
20241101_142721_089788610,0.00090321153
20241101_142721_592196728,-0.094284244
20241101_142721_841509251,-0.3309066
20241101_142722_086452957,-0.9772677
20241101_142722_338995948,-2.4042099
20241101_142722_591028318,-2.9823463
20241101_142722_847853484,-2.7241797
20241101_142723_093420748,-0.4613901
20241101_142723_349345209,-0.78809243
20241101_142723_600312857,0.3065713
20241101_142723_847907809,0.3875376
20241101_142724_098945151,0.49654296
20241101_142724_362695825,0.30881867
20241101_142724_591487160,-0.30144325
20241101_142724_843826382,-0.011066547
20241101_142725_089749983,-0.112531744
20241101_142726_091846129,-0.26301554
20241101_142726_341311509,0.20610856
20241101_142726_590206841,-0.29929242
20241101_142726_841843298,1.2074317
20241101_142727_087543553,0.48925892
20241101_142727_336896699,0.61645836
20241101_142727_590075733,0.7324129
20241101_142727_843597611,0.8382634
20241101_142728_097124077,0.5203431
20241101_142728_340348489,-0.107824825
20241101_142728_591126369,0.0012628529
20241101_142728_842527517,0.13433738
20241101_142729_089620536,-0.0068150666
20241101_142729_338936669,0.0730933
20241101_142729_606969672,0.07998774
20241101_142729_859231769,0.067737795
20241101_142730_102383404,0.32296252
20241101_142730_349563211,0.17596625
20241101_142730_594758643,0.48989508
20241101_142730_845914354,0.28669566
20241101_142731_089604280,-0.065695666
20241101_142731_351730308,0.08577926
20241101_142731_596810572,0.08290491
20241101_142731_841128938,0.07254047
20241101_142732_091573519,0.08985881
20241101_142732_339906292,0.1718366
20241101_142732_590732644,0.12946562
20241101_142732_840226355,0.078431554
20241101_142733_089687435,0.08207927
20241101_142733_339897564,0.053159215
20241101_142733_587147021,-0.01385512
20241101_142733_836160229,0.02824209
20241101_142734_088237602,0.10081912
20241101_142734_356822985,-0.049882255
20241101_142734_604052488,-0.057312094
20241101_142734_851475274,-2.5357418
20241101_142735_093234574,-1.1740887
20241101_142735_340906274,-0.6616081
20241101_142735_586060721,-0.5446089
20241101_142735_838199674,-0.36677662
20241101_142736_091353515,0.31883636
20241101_142736_341786410,0.047054686
20241101_142736_595876401,0.054841317
20241101_142736_847584009,-0.4104307
20241101_142737_094757205,0.08378614
20241101_142737_344544265,1.0436902
20241101_142737_592285910,1.6784223
20241101_142737_840527608,-0.11373662
20241101_142738_094431770,-0.5657253
20241101_142738_355954825,-0.48202363
20241101_142738_603232408,-0.28137174
20241101_142738_851464144,0.24653314
20241101_142739_098570750,-0.0818828
20241101_142739_345797918,0.3561368
20241101_142739_600396555,0.65020347
20241101_142739_849724656,0.6517113
20241101_142740_095214441,0.6780742
20241101_142740_343571448,0.21499556
20241101_142740_588566237,-0.22376476
20241101_142740_836747567,-0.19575427
20241101_142741_088491728,-0.0040214565
20241101_142741_338807381,-0.20542546
20241101_142741_589370110,0.20675369
20241101_142741_843486602,0.16244985
20241101_142742_090395994,0.22759394
20241101_142742_337842741,-0.16712196
20241101_142742_587618218,-0.008681854
20241101_142742_836719402,0.08549634
20241101_142743_085937219,0.046294965
20241101_142743_336029833,-0.9141896
20241101_142743_586281466,-0.5410391
20241101_142743_840980397,0.06874195
20241101_142744_100402738,1.2088984
20241101_142744_348114120,-0.34830117
20241101_142744_597157039,-0.47753268
20241101_142744_841410003,-0.86943716
20241101_142745_091904890,-1.3723744
20241101_142745_344027063,-1.0373793
20241101_142745_593510465,-0.5950668
20241101_142745_839713874,1.2532324
20241101_142746_091349291,-0.20960255
20241101_142746_340131631,-0.7603183
20241101_142746_586188928,-1.5679151
20241101_142746_838710232,0.8676463
20241101_142747_089018368,0.50762033
20241101_142747_338509251,0.17815445
20241101_142747_590115641,0.29667595
20241101_142747_847757507,0.15812501
20241101_142748_096996065,0.8340637
20241101_142748_342931075,1.1825621
20241101_142748_590247027,0.78244
20241101_142748_836886570,0.6687896
20241101_142749_084704508,0.6361324
20241101_142749_339033522,0.4672362
20241101_142749_586469461,0.36445326
20241101_142749_838004290,0.6374931
20241101_142750_093478106,0.7189866
20241101_142750_341156366,0.6330002
20241101_142750_588769852,0.33885977
20241101_142750_843884614,0.49671724
20241101_142751_088724683,0.45925072
20241101_142751_343488134,0.49371853
20241101_142751_592619059,0.9493179
20241101_142751_845232461,0.7596614
20241101_142752_090071550,0.7430166
20241101_142752_337902536,0.85523945
20241101_142752_590100848,0.2794798
20241101_142752_848622640,-0.03910374
20241101_142753_096814371,-0.32382283
20241101_142753_343675966,-0.04994168
20241101_142753_597601784,0.22282927
20241101_142753_840852177,-0.019170126
20241101_142754_096549922,-0.07253026
20241101_142754_348724399,-0.05267372
20241101_142754_592087107,0.070100255
20241101_142754_838519840,0.19696914
20241101_142755_089080959,0.0911899
20241101_142755_592767524,0.23526691
20241101_142756_093905870,-0.12121267
20241101_142756_348835710,0.056513213
20241101_142756_611852514,-0.034249976
20241101_142756_860356760,0.22076066
20241101_142757_098683595,0.14351887
20241101_142757_356285247,0.18225805
20241101_142757_610250798,0.27507573
20241101_142757_858346103,0.55476844
20241101_142758_101974376,-0.5977621
20241101_142758_350726633,0.019866696
20241101_142758_601251452,0.016234433
20241101_142758_847532978,0.14144292
20241101_142759_090334044,0.008975843
20241101_142759_342476664,-0.49504456
20241101_142759_588312203,-0.72051805
20241101_142759_842412161,-1.3588303
20241101_142800_093106743,0.6667559
20241101_142800_354204735,1.045266
20241101_142800_598985159,0.15467624
20241101_142800_850871287,0.032779492
20241101_142801_096888649,-0.12125551
20241101_142801_352335128,-0.28488693
20241101_142801_601157214,-0.10692217
20241101_142801_848950044,0.00469462
20241101_142802_097056088,-0.47278067
20241101_142802_353448812,0.32208464
20241101_142802_608321590,0.14570932
20241101_142802_858959641,0.52712744
20241101_142803_111234825,0.42085886
20241101_142803_357358555,0.91522133
20241101_142803_606383035,0.67533183
20241101_142803_864724167,0.44034526
20241101_142804_362480853,0.37555134
20241101_142804_602033998,0.072906055
20241101_142804_853089504,0.7651071
20241101_142805_097180981,0.26509875
20241101_142805_357233958,0.20197578
20241101_142805_599366965,0.28345212
20241101_142805_849780916,0.33982694
20241101_142806_098364147,0.20103036
20241101_142806_347337862,0.052696444
20241101_142806_601959907,0.05433259
20241101_142807_346169127,0.350722
20241101_142807_595918007,0.2259653
20241101_142807_848216369,0.19502415
20241101_142808_094832006,0.42716536
20241101_142808_345124526,0.29462478
20241101_142808_592917580,0.18505089
20241101_142808_847151638,0.21197827
20241101_142809_104156819,-0.036845587
20241101_142809_364941084,-0.04139497
20241101_142809_614070873,-0.101627074
20241101_142809_859681361,0.015548805
20241101_142810_105486426,-0.02843829
20241101_142810_356736980,-0.08860203
20241101_142810_609216040,-0.025668701
20241101_142810_853374102,-0.066146694
20241101_142811_105502036,0.2249481
20241101_142811_351693878,0.18293308
20241101_142811_593476340,0.10248641
20241101_142811_843220342,0.13551466
20241101_142812_100548006,0.09055338
20241101_142812_344335486,0.30325064
20241101_142812_595307904,0.2788726
20241101_142812_843296307,0.19336562
20241101_142813_092569126,-0.69632775
20241101_142813_342132681,-0.2248043
20241101_142813_843109064,-0.7981669
20241101_142814_092238210,-0.20441426
20241101_142814_349900267,-0.33938047
20241101_142814_599640772,-0.2245604
20241101_142814_846572708,-0.10239949
20241101_142815_347121390,-1.5929872
20241101_142815_596780501,-1.4452184
20241101_142815_860246686,-1.0959744
20241101_142816_104019136,-0.7946236
20241101_142816_348106094,-1.0830628
20241101_142816_597102207,-2.0849516
20241101_142816_848832965,0.8000803
20241101_142817_097003199,0.38835743
20241101_142817_349620945,0.10577265
20241101_142817_600079492,0.2796029
20241101_142817_858631916,0.29167232
20241101_142818_110993799,0.9374177
20241101_142818_359834590,1.5624919
20241101_142818_604795105,1.4702401
20241101_142818_849281756,2.0262713
20241101_142819_097944176,-0.29246336
20241101_142819_358272285,-0.6677676
20241101_142819_611797322,-0.7326499
20241101_142819_863042503,0.69612485
20241101_142820_107981340,0.19119884
20241101_142820_353228040,0.2050094
20241101_142820_609863995,0.030458251
20241101_142820_865384850,0.068571426
20241101_142821_104882241,-0.016936203
20241101_142821_369653610,-0.034988306
20241101_142821_622442243,-0.043972872
20241101_142821_867490354,0.12847863
20241101_142822_111502515,0.23442815
20241101_142822_361476025,0.06525502
20241101_142822_604076932,0.015499899
20241101_142822_853847683,0.10593442
20241101_142823_106637972,-0.32308576
20241101_142823_350703649,-0.17430012
20241101_142824_095734386,-0.068480484
20241101_142824_364185946,-0.11114281
20241101_142824_604140818,-0.11855977
20241101_142824_848184157,-0.49020138
20241101_142825_094903395,-0.3024089
20241101_142825_345680924,-1.034867
20241101_142825_610178400,-1.0993534
20241101_142825_857450018,-2.6523376
20241101_142826_103401294,-2.2998793
20241101_142826_358367803,0.046869628
20241101_142826_611709522,1.4102962
20241101_142826_858919937,0.026622275
20241101_142827_109890786,0.01998459
20241101_142827_357401119,-0.04199656
20241101_142828_105069283,-0.06750425
20241101_142828_352517575,-0.11909243
20241101_142828_603476011,-0.36110196
20241101_142828_853842303,-0.6829401
20241101_142829_099697057,-1.1932144
20241101_142829_349125596,-0.67748505
20241101_142829_596530837,-0.66375834
20241101_142829_857382913,-0.71351355
20241101_142830_101911564,-0.45842412
20241101_142830_349793304,-0.40353906
20241101_142830_595035675,-0.13986099
20241101_142830_854850257,-0.34556177
20241101_142831_098427267,-1.2202389
20241101_142831_345795046,-0.16256364
20241101_142831_595101434,-0.0893304
20241101_142831_848057965,-0.95701253
20241101_142832_097524800,-0.53224254
20241101_142832_352004533,-0.13600147
20241101_142832_597907480,-0.29481044
20241101_142832_849298671,-0.29929957
20241101_142833_094719573,-0.7734345
20241101_142833_343824715,-0.6344581
20241101_142833_601181492,-0.41420278
20241101_142833_854704439,-0.15481842
20241101_142834_105045667,-0.26527467
20241101_142834_355277794,-0.28007492
20241101_142834_603420046,-0.35745582
20241101_142834_846844339,-0.8055375
20241101_142835_102885428,-1.0720048
20241101_142835_347278117,-0.4971107
20241101_142835_598001255,-0.26783794
20241101_142835_850825271,-0.08096913
20241101_142836_106263205,0.0775146
20241101_142836_349486958,-0.21376215
20241101_142836_844215409,0.009486953
20241101_142837_096997579,-0.05289062
20241101_142837_362182782,-0.5916986
20241101_142837_612208911,-0.5554211
20241101_142837_851388887,-0.3629839
20241101_142838_099278138,-0.16361174
20241101_142838_356176750,-0.04780864
20241101_142838_597361483,-0.12847851
20241101_142839_598027894,-0.11924555
20241101_142839_853004923,-0.3160062
20241101_142840_094450225,-0.6143261
20241101_142840_348384896,-0.6567177
20241101_142840_605297749,-0.5308127
20241101_142840_852845640,-0.59461385
20241101_142841_101577928,-0.9821567
20241101_142841_349989193,-0.62200755
20241101_142841_600926799,-0.5532159
20241101_142841_858472648,-0.8293937
20241101_142842_117053253,-0.79759926
20241101_142842_367105350,-0.64309615
20241101_142842_603737051,-0.31842393
20241101_142842_870960591,-0.05653215
20241101_142843_119151438,0.54884255
20241101_142843_370020688,2.4172337
20241101_142843_608652023,-0.27114132
20241101_142843_855824153,-1.2496159
20241101_142844_099949153,-0.45492205
20241101_142844_350022945,-0.42752713
20241101_142844_601957032,-0.52463585
20241101_142844_854473201,-0.7748842
20241101_142845_106079131,-0.7987762
20241101_142845_347866058,-0.36383215
20241101_142845_600675195,0.1893345
20241101_142845_850492306,0.2519308
20241101_142846_350015595,0.5271188
20241101_142846_604783522,1.3114285
20241101_142846_854238195,-0.48182634
20241101_142847_102476569,-0.7191946
20241101_142847_350359141,-0.12047553
20241101_142847_596690523,-0.2913437
20241101_142847_848562451,-0.6959487
20241101_142848_106671715,-0.19490041
20241101_142848_355973864,-0.17497362
20241101_142848_611798948,0.577693
20241101_142848_860170147,0.327956
20241101_142849_092086710,0.4364383
20241101_142849_342029578,0.16691624
20241101_142849_596158495,0.018988589
20241101_142849_846375567,-0.12674247
20241101_142850_098338614,-0.28006232
20241101_142850_353108931,-0.2918352
20241101_142850_595653339,-0.019389918
20241101_142850_851820928,-0.14726503
20241101_142851_098429896,-0.1856335
20241101_142851_608035489,-0.14485861
20241101_142851_865721325,-0.06087794
20241101_142852_106609789,0.06380727
20241101_142852_350152346,0.023842195
20241101_142852_596902931,-0.20256723
20241101_142852_854572897,0.37049463
20241101_142853_106319619,0.8212642
20241101_142853_363740991,0.2933351
20241101_142853_610431771,0.025620976
20241101_142853_854535320,0.077644326
20241101_142854_098308386,-0.17837949
20241101_142854_356061645,-0.12763475
20241101_142854_604895647,0.10429112
20241101_142854_861757134,0.07951764
20241101_142855_109277350,0.060019113
20241101_142855_354052944,0.4460535
20241101_142855_604572507,1.0260516
20241101_142855_851333580,0.25506315
20241101_142856_103065067,0.14469253
20241101_142856_359746740,0.20898475
20241101_142856_610473927,-0.08697655
20241101_142856_861610646,0.19350114
20241101_142857_104066413,0.07076774
20241101_142857_353240715,0.069509365
20241101_142857_603721633,0.11411259
20241101_142857_861490347,0.20823829
20241101_142858_101706170,0.13410275
20241101_142858_356117869,0.12970011
20241101_142858_603383428,0.08630804
20241101_142858_847771830,0.07072256
20241101_142859_093118212,-0.15346213
20241101_142859_349718252,-0.19250228
20241101_142859_599101534,-0.17847745
20241101_142859_849649898,-0.28875965
20241101_142900_097243257,-0.37419125
20241101_142900_346130467,-0.2272398
20241101_142900_598434810,0.013860205
20241101_142900_857262186,0.7096074
20241101_142901_107147224,0.106939875
20241101_142901_362611407,0.24460761
20241101_142901_603806835,0.2401428
20241101_142901_852300516,0.4995655
20241101_142902_099077191,1.4361194
20241101_142902_355520420,-0.32805884
20241101_142902_612827505,-0.97320217
20241101_142902_864494066,-0.043257397
20241101_142903_113331833,-0.043035537
20241101_142903_360159135,-0.14825627
20241101_142903_610850300,0.40548515
20241101_142903_856788115,0.23431467
20241101_142904_103693634,0.16992845
20241101_142904_349164566,0.09315077
20241101_142904_598971766,0.11728934
20241101_142904_852107183,0.04886321
20241101_142905_100427882,-0.019012352
20241101_142905_352260778,0.00842444
20241101_142905_596771550,-0.1894206
20241101_142905_850449860,-0.11679568
20241101_142906_090956716,-0.06886151
20241101_142906_353120954,-0.021757206
20241101_142906_600601117,0.06756661
20241101_142906_860587720,-0.043974675
20241101_142907_109101944,-0.3403572
20241101_142907_359514216,-0.03117619
20241101_142907_609436099,0.44313058
20241101_142907_880212238,0.1875193
20241101_142908_119139602,-0.84161294
20241101_142908_367782796,-0.5446743
20241101_142908_619161487,-0.35968223
20241101_142908_868677454,-0.49221858
20241101_142909_105130033,-1.5700631
20241101_142909_354753350,-0.87281066
20241101_142909_599529263,0.67392176
20241101_142909_857237745,0.50645745
20241101_142910_100589502,0.48620042
20241101_142910_360890218,-0.10906505
20241101_142910_607201929,-0.016862592
20241101_142910_854060941,0.045894183
20241101_142911_108595331,0.06915674
20241101_142911_351608260,0.2107142
20241101_142911_601443886,0.5045644
20241101_142911_853809216,0.89230597
20241101_142912_102625820,0.50146025
20241101_142912_348854645,0.33107993
20241101_142912_607438300,-0.2771285
20241101_142912_855896165,0.6225021
20241101_142913_095221532,0.33744767
20241101_142913_597895996,0.22547428
20241101_142913_853226001,0.547075
20241101_142914_104031143,0.29271963
20241101_142914_361553592,0.16983686
20241101_142914_614815755,0.078053124
20241101_142914_867472834,0.112802275
20241101_142915_103580998,0.38252997
20241101_142915_355146466,0.3029253
20241101_142915_599975197,0.22228311
20241101_142915_858358081,0.28497636
20241101_142916_101465051,-0.13776346
20241101_142916_355432468,-0.092332624
20241101_142916_609856742,-0.5154298
20241101_142916_851410275,-0.11010908
20241101_142917_095735516,-0.21405967
20241101_142917_342615832,-0.13065268
20241101_142917_597402313,-0.11850133
20241101_142917_848578966,-0.1976188
20241101_142918_100976544,-0.8122195
20241101_142918_357102823,-0.687931
20241101_142918_591835567,-0.37792957
20241101_142918_846016314,-0.16814096
20241101_142919_097416329,-0.32389683
20241101_142919_349344545,-0.26373813
20241101_142919_601535320,-0.25067636
20241101_142919_850439900,-1.2470535
20241101_142920_096611831,-1.1692585
20241101_142920_350373521,-0.7346095
20241101_142920_604244619,-0.47726437
20241101_142920_850930637,-0.7452085
20241101_142921_099330270,-0.6515306
20241101_142921_345965157,-0.030712
20241101_142921_597174623,0.20119436
20241101_142921_845351321,0.24728166
20241101_142922_099549408,0.09762015
20241101_142922_347395179,0.06871392
20241101_142922_600524982,-0.14159669
20241101_142922_848613701,0.19479154
20241101_142923_094604115,0.17027096
20241101_142923_343622289,0.14519463
20241101_142923_594189882,0.12679939
20241101_142923_846103522,0.5017559
20241101_142924_091785871,0.7440054
20241101_142924_350734813,0.39244524
20241101_142924_593596713,0.5603552
20241101_142925_348888350,0.42966157
20241101_142925_596351804,0.045428492
20241101_142926_096872492,0.12824272
20241101_142926_362426796,0.53227276
20241101_142926_605822173,0.63747054
20241101_142926_853622589,0.7263439
20241101_142927_099366781,0.6972739
20241101_142927_350015853,0.10801811
20241101_142927_598743708,-0.08155977
20241101_142927_851299755,0.06918798
20241101_142928_344550876,0.13683449
20241101_142929_347310448,0.07316444
20241101_142929_847053956,0.04054705
20241101_142930_095239475,0.3278927
20241101_142930_345126804,2.1461523
20241101_142930_596325420,1.5592725
20241101_142930_846022235,1.1770897
20241101_142931_099906760,0.68425685
20241101_142931_350733280,0.3871023
20241101_142931_597903994,0.59253746
20241101_142931_852646883,0.10523132
20241101_142932_097941574,-0.22547139
20241101_142932_351471890,-0.27980787
20241101_142932_597509846,-0.05991938
20241101_142932_848007824,-0.044452034
20241101_142933_095312290,0.06649903
20241101_142933_346240355,0.15387386
20241101_142933_595318522,0.08115635
20241101_142933_847633448,0.05481047
20241101_142934_095617489,-0.1509384
20241101_142934_348557133,-0.06818166
20241101_142934_598297675,-0.386649
20241101_142934_853982452,-0.23354913
20241101_142935_101065870,-0.21812694
20241101_142935_348198645,-0.15422408
20241101_142935_600840934,-0.122976445
20241101_142935_848919325,-0.25319648
20241101_142936_095790349,-0.19936718
20241101_142936_345875077,-0.207447
20241101_142937_352940851,-0.19829597
20241101_142937_601056604,-0.22312735
20241101_142937_853354916,-0.24441956
20241101_142938_098974370,-0.27453363
20241101_142938_351600171,-0.2800268
20241101_142938_598256709,-0.25364113
20241101_142938_851202456,-0.5831534
20241101_142939_097931562,-0.29988107
20241101_142939_343234171,-0.56332606
20241101_142939_599013746,-0.2681766
20241101_142939_847617260,0.08068355
20241101_142940_097643524,-0.05562646
20241101_142940_352042647,0.74525785
20241101_142940_607583906,0.012878643
20241101_142940_860437585,-0.29945987
20241101_142941_115514384,0.07614879
20241101_142941_364071288,0.27763855
20241101_142941_612712385,0.20942584
20241101_142941_861656510,0.11120906
20241101_142942_100464021,0.124150746
20241101_142942_593363878,0.12926404
20241101_142942_842405644,0.1345223
20241101_142943_341279278,0.15481661
20241101_142943_842758042,0.09342948
20241101_142944_092314783,0.15047686
20241101_142944_848945721,0.088176526
20241101_142945_109066818,0.14528035
20241101_142945_360186020,0.048185147
20241101_142945_604887334,0.005319396
20241101_142945_864204918,-0.20421128
20241101_142946_102000887,-0.06985023
20241101_142946_345068163,-0.03243979
20241101_142946_595416173,0.0014673863
20241101_142946_847823310,-0.040168487
20241101_142947_101037887,-0.03353419
20241101_142947_365508776,-0.024359366
20241101_142947_615135872,-0.023992559
20241101_142947_858622628,-0.031825803
20241101_142948_101752920,-0.027373573
20241101_142948_351973899,-0.048044227
20241101_142948_606656498,-0.019096157
20241101_142948_857073821,-0.04951497
20241101_142949_110506720,-0.036239944
20241101_142949_353106788,-0.064103864
20241101_142949_601264086,-0.012798211
20241101_142949_846222313,-0.0069664326
20241101_142950_098746585,-0.030555686
20241101_142950_348155505,-0.03682681
20241101_142950_593959271,-0.015765687
20241101_142950_843094852,-0.0223461
20241101_142951_095668464,-0.06730422
20241101_142951_596025313,-0.06918713
20241101_142951_846295740,-0.0469115
20241101_142952_095542184,-0.29543895
20241101_142952_341836949,-0.5234122
20241101_142952_596013430,-0.34977606
20241101_142952_847442952,-0.7410085
20241101_142953_095999133,-1.1825203
20241101_142953_348647109,-2.3262632
20241101_142953_601213277,-2.3564339
20241101_142953_846835287,0.5558231
20241101_142954_096053177,0.92260593
20241101_142954_343694768,0.44650406
20241101_142954_590978950,0.18969606
20241101_142954_842685904,0.29113933
20241101_142955_096608044,0.3065364
20241101_142955_343863716,0.15679543
20241101_142955_590348424,0.21511252
20241101_142955_856157943,0.0047776494
20241101_142956_105865525,0.13339083
20241101_142956_350312887,0.15654825
20241101_142957_098641954,-0.32812995
20241101_142957_350470460,0.20934229
20241101_142957_606516480,0.48521826
20241101_142957_850364914,0.4015324
20241101_142958_101042889,0.2959823
20241101_142958_357180503,0.25364694
20241101_142958_607659850,0.50150967
20241101_142958_862978229,0.39188296
20241101_142959_110744585,-0.16574402
20241101_142959_361655063,-0.2656094
20241101_142959_609062266,0.41601774
20241101_142959_867500569,1.5825089
20241101_143000_127272862,0.27324027
20241101_143000_367167034,0.06714759
20241101_143000_625580823,-0.16004442
20241101_143000_872553849,-0.31129786
20241101_143001_109555323,-0.15406819
20241101_143001_366096200,-0.066847436
20241101_143001_610240876,-0.06554588
20241101_143001_856309020,-0.23072083
20241101_143002_104814897,-0.46182767
20241101_143002_352191351,-0.40997133
20241101_143002_600391029,-0.42350954
20241101_143002_858480090,-0.29790092
20241101_143003_102839584,0.12636015
20241101_143003_367151571,0.16922249
20241101_143003_625219766,0.057754733
20241101_143003_873235475,0.045968927
20241101_143004_128499519,0.544023
20241101_143004_386519534,0.6806132
20241101_143004_640723973,0.6753156
20241101_143004_882356174,-0.14992894
20241101_143005_110412545,-0.7235821
20241101_143005_361197128,-0.862483
20241101_143005_607035812,-0.46902278
20241101_143005_848054792,-0.084253125
20241101_143006_104939237,-0.21286958
20241101_143006_369988567,-0.17016931
20241101_143006_612179646,-0.17163457
20241101_143006_860863751,-0.44781405
20241101_143007_107727268,-0.89635843
20241101_143007_362098732,0.35779884
20241101_143007_607465740,0.074744135
20241101_143007_862515654,-0.061088942
20241101_143008_109086598,-0.5100012
20241101_143008_357688482,-0.22654332
20241101_143008_605830859,-0.5106688
20241101_143008_863650907,-0.31759542
20241101_143009_111501076,-0.30184102
20241101_143009_367576989,-0.8774393
20241101_143009_614484480,-0.8026677
20241101_143009_856362275,-0.61971384
20241101_143010_106500536,-0.50709057
20241101_143010_603379200,-0.3825187
20241101_143010_855691940,-0.31477448
20241101_143011_100649571,-0.44449937
20241101_143011_350495421,-0.4436651
20241101_143011_848329138,-0.2795189
20241101_143012_099046749,-0.17490238
20241101_143012_352478370,-0.19184066
20241101_143012_607320167,-0.7727359
20241101_143012_853285657,-0.009060908
20241101_143013_099514023,-0.026716132
20241101_143013_353064179,0.008662859
20241101_143013_602023430,0.18667725
20241101_143013_848117501,0.051541664
20241101_143014_100627541,0.47534308
20241101_143014_356932854,0.2924547
20241101_143014_601162837,0.69721067
20241101_143014_853598323,0.9539009
20241101_143015_100650430,0.3017775
20241101_143015_345937730,0.31064954
20241101_143015_603919880,0.39859512
20241101_143015_858767144,0.26469204
20241101_143016_349663440,0.2507427
20241101_143017_846577111,0.24476622
20241101_143018_853844059,0.14736034
20241101_143019_100982990,0.0048968587
20241101_143019_351419562,0.26103467
20241101_143019_603513686,0.011529425
20241101_143020_353540325,-0.065657936
20241101_143020_621834894,0.0063330326
20241101_143020_872866808,-0.0009013023
20241101_143021_130397325,0.0069393907
20241101_143022_106543638,0.1700416
20241101_143022_362204641,-0.21326962
20241101_143022_619614296,-0.27689636
20241101_143022_874556730,-0.18767592
20241101_143023_120809912,-0.16366036
20241101_143023_365457746,-0.19851632
20241101_143023_618508655,-0.47278756
20241101_143023_867681905,-0.012303433
20241101_143024_117473094,-0.32375827
20241101_143024_369345153,-0.2782278
20241101_143024_598657804,0.19010383
20241101_143024_862499074,0.20933236
20241101_143025_106533648,0.05942283
20241101_143025_349446543,0.037353136
20241101_143025_600887819,0.14589228
20241101_143025_848429064,0.071448125
20241101_143026_355080840,0.059988774
20241101_143026_608207001,0.053292073
20241101_143026_857770095,0.053437628
20241101_143027_099302179,0.031003693
20241101_143027_351255657,0.009024421
20241101_143027_598068247,0.011867562
20241101_143027_852132618,0.0021568332
20241101_143028_103783785,0.0006822143
20241101_143028_351384094,-0.0133794155
20241101_143028_599624335,-0.020760795
20241101_143028_849354827,-0.036420785
20241101_143029_099914018,-0.037649892
20241101_143029_354496111,-0.018504402
20241101_143029_604066523,-0.05540373
20241101_143029_851640493,0.05023501
20241101_143030_104434673,0.003433207
20241101_143030_355881875,-0.03126266
20241101_143030_598831458,0.0134962
20241101_143030_850849731,-0.028258583
20241101_143031_098368191,-0.09546613
20241101_143031_354401433,0.0027738605
20241101_143031_600101628,-0.010941526
20241101_143031_845450645,-0.02126505
20241101_143032_095008483,-0.008494338
20241101_143032_347723592,0.04457418
20241101_143032_852665641,0.02033458
20241101_143033_356141144,-0.022792002
20241101_143033_609676708,-0.050596498
20241101_143033_857131968,-0.0026350822
20241101_143034_102769983,0.073589064
20241101_143034_364996812,0.08308164
20241101_143034_627002455,0.049178667
20241101_143034_884743588,0.5261639
20241101_143035_134826564,-0.4817542
20241101_143035_385250072,-0.4030097
20241101_143035_624238708,-0.7476951
20241101_143035_871487042,-0.42783734
20241101_143036_112406497,-1.0887892
20241101_143036_364893980,-0.45464116
20241101_143036_608568399,-0.15408428
20241101_143036_858875909,-0.06555222
20241101_143037_102400151,-0.13755901
20241101_143037_351375031,-0.089098625
20241101_143037_601964616,-0.111580454
20241101_143037_854659903,-0.08025607
20241101_143038_107139057,0.04394394
20241101_143038_356814712,-0.8026221
20241101_143038_600949502,-0.56306297
20241101_143038_851572280,-0.055882417
20241101_143039_100749694,0.556936
20241101_143039_349314068,0.2881963
20241101_143039_598836852,0.12823842
20241101_143039_850598318,0.20413183
20241101_143040_098034892,0.5703179
20241101_143040_352819562,0.54208857
20241101_143040_603563273,0.45465577
20241101_143040_852068668,0.30483207
20241101_143041_102591151,0.28646573
20241101_143041_347784482,-0.014372369
20241101_143041_598096893,0.12920256
20241101_143041_844946177,0.15525459
20241101_143042_092773132,0.14162539
20241101_143042_353410632,0.17433335
20241101_143042_609881261,0.17808585
20241101_143042_853005100,0.33116567
20241101_143043_104494963,0.20104842
20241101_143043_363018915,0.3189846
20241101_143043_605070124,0.29933193
20241101_143043_852862569,0.21754055
20241101_143044_358720576,0.18919216
20241101_143044_604253518,0.13030003
20241101_143044_853737408,0.48206654
20241101_143045_106676798,0.29641488
20241101_143045_356378838,0.113898255
20241101_143045_610719728,-0.29356387
20241101_143045_869863428,-1.3167552
20241101_143046_120811691,-1.7771215
20241101_143046_370847558,0.5309321
20241101_143046_608079850,0.3777239
20241101_143046_858638641,0.19983326
20241101_143047_106609636,0.10369144
20241101_143047_360304924,0.19142579
20241101_143047_602596439,0.4208419
20241101_143047_853006657,0.19568907
20241101_143048_106042528,0.3336008
20241101_143048_352480876,0.8110679
20241101_143048_599122082,0.47925022
20241101_143048_855966559,0.6875689
20241101_143049_108421902,1.3484076
20241101_143049_365131583,-0.45337912
20241101_143049_607585573,-0.027756268
20241101_143049_864890311,-0.45940068
20241101_143050_105730670,-0.5383425
20241101_143050_351981907,-0.43742654
20241101_143050_598797765,-0.35387084
20241101_143050_847090233,-0.44576803
20241101_143051_353066121,-1.0979064
20241101_143051_606306126,0.47687623
20241101_143051_858484916,0.15813456
20241101_143052_101892792,0.1296625
20241101_143052_351797445,0.3265622
20241101_143052_598236737,0.5281658
20241101_143052_850305162,0.99723667
20241101_143053_102359383,0.8503533
20241101_143053_358115702,1.1791552
20241101_143053_610765637,-0.27518606
20241101_143053_862112344,-0.28694668
20241101_143054_110393148,-0.31651062
20241101_143054_358691491,-0.08210656
20241101_143054_612998480,-0.09212371
20241101_143055_111800046,-0.008932969
20241101_143055_357708670,-0.09037068
20241101_143056_351365963,-0.18975832
20241101_143056_601756152,-0.29215857
20241101_143056_857587532,-0.045898423
20241101_143057_103504741,-0.15265848
20241101_143057_350364536,-0.13043709
20241101_143057_596413267,0.14358972
20241101_143057_844940322,0.29375678
20241101_143058_095157148,0.19624397
20241101_143058_348714919,0.08454857
20241101_143058_604315759,0.2773459
20241101_143058_850535551,0.5495957
20241101_143059_099523110,0.14214705
20241101_143059_353509014,-0.3557191
20241101_143059_611926627,-0.20485194
20241101_143100_102040530,-0.2087617
20241101_143100_360109413,0.13257752
20241101_143100_613243749,0.35371634
20241101_143100_856204366,0.4292014
20241101_143101_109629519,0.31633285
20241101_143101_361722408,0.24561046
20241101_143101_606828693,0.08527721
20241101_143101_855195463,0.018363455
20241101_143102_103309643,0.04940591
20241101_143102_350135844,-0.16779505
20241101_143102_597213294,-0.0037070718
20241101_143102_848428056,0.03144232
20241101_143103_597282966,0.03648088
20241101_143103_859565695,0.23535405
20241101_143104_109549253,-0.13415967
20241101_143104_366663118,0.10441933
20241101_143104_627263775,0.085294224
20241101_143104_894833236,0.048488177
20241101_143105_140530369,-0.0292147
20241101_143105_371250751,0.34548557
20241101_143105_627369648,0.14274095
20241101_143105_879879258,0.124097385
20241101_143106_130562019,0.028215447
20241101_143106_378669437,0.11728857
20241101_143106_876862209,-0.10819193
20241101_143107_124739495,0.1876299
20241101_143107_383878106,0.2646325
20241101_143107_628338439,0.6781336
20241101_143107_867128106,1.4618158
20241101_143108_113924898,0.23959811
20241101_143108_365197981,-0.13995567
20241101_143108_617101262,-0.0036565568
20241101_143108_865721173,0.08446897
20241101_143109_113091115,-0.0795513
20241101_143109_372307683,-0.6139773
20241101_143109_615148158,0.019078756
20241101_143109_857113957,-0.0026556682
20241101_143110_115477850,0.014190687
20241101_143110_373002944,0.00882311
20241101_143111_365561164,0.0059915874
20241101_143111_618883559,0.17543495
20241101_143111_860129622,-0.35751566
20241101_143112_117368990,-0.39705628
20241101_143112_381780285,-0.12425283
20241101_143112_614445685,-0.19966717
20241101_143113_109887923,-0.011477849
20241101_143113_356357685,-0.1139495
20241101_143113_607792014,0.12979539
20241101_143114_356068971,0.062312998
20241101_143114_605341669,0.09442107
20241101_143114_852812177,0.04934571
20241101_143115_617301078,-0.004554054
20241101_143115_861333523,-0.2459263
20241101_143116_114741908,-0.15869589
20241101_143116_367403958,-0.32944202
20241101_143116_622810081,-0.74905336
20241101_143116_873667358,-0.41757622
20241101_143117_119251559,-0.036419675
20241101_143117_370245741,0.15760131
20241101_143117_612491160,-0.13325502
20241101_143117_863583332,-0.43610075
20241101_143118_121999271,-0.5096704
20241101_143118_366116849,-0.3531733
20241101_143119_104104026,-0.3529854
20241101_143120_347194037,-0.32650036
20241101_143120_602496590,-0.35391793
20241101_143120_863038330,-0.33042115
20241101_143121_105256913,-0.32455173
20241101_143121_355215992,-0.32962838
20241101_143122_360224692,-0.21151082
20241101_143123_352345523,-0.12428619
20241101_143123_603072593,0.32781425
20241101_143123_852508288,0.21592803
20241101_143124_369742857,1.8824968
20241101_143124_619019099,-0.5937527
20241101_143124_858923002,-0.39810878
20241101_143125_116226231,-0.6999314
20241101_143125_363787316,-1.4512678
20241101_143125_604817597,-0.4972696
20241101_143125_855243415,-0.3754253
20241101_143126_102201014,-0.39866835
20241101_143126_359356600,0.20689218
20241101_143126_613885528,0.10621426
20241101_143126_853766921,0.15113424
20241101_143127_361406691,0.14643876
20241101_143127_617225708,0.1360235
20241101_143128_102468791,0.14111434
20241101_143128_347673378,0.12836014
20241101_143128_859405270,0.15249114
20241101_143129_355396431,0.096764304
20241101_143129_604167540,0.096880354
20241101_143129_864279636,-0.02211388
20241101_143130_112187607,-0.13341467
20241101_143130_369933901,-0.029734632
20241101_143130_624090717,-0.0036362018
20241101_143130_863199196,-0.041334532
20241101_143131_101415762,-0.031689964
20241101_143131_359254385,-0.16625156
20241101_143131_609704908,-0.055329405
20241101_143131_856425770,-0.044762515
20241101_143132_114662964,-0.2338626
20241101_143132_359900299,-0.122365706
20241101_143132_605553115,-1.2376173
20241101_143132_858833952,-0.10815092
20241101_143133_100388075,0.09357074
20241101_143133_352785270,0.06139461
20241101_143133_601765994,0.42111832
20241101_143133_855091311,0.41076735
20241101_143134_097451611,0.123920836
20241101_143134_348516352,0.088229634
20241101_143134_607180519,0.073762216
20241101_143134_857767958,-0.15521802
20241101_143135_104253545,-0.32979944
20241101_143135_600478157,-0.062390886
20241101_143135_850690322,0.24155514
20241101_143136_097665997,0.28962845
20241101_143136_351126528,0.10649488
20241101_143136_619120578,0.0498052
20241101_143136_863963929,-0.033715032
20241101_143137_106409115,-0.12862195
20241101_143137_357498798,-0.054171108
20241101_143137_600289252,-0.039794825
20241101_143138_349434282,-0.0076419916
20241101_143138_600836319,0.08539946
20241101_143138_849292013,-0.031110188
20241101_143139_360479639,-0.055299483
20241101_143139_610574627,-0.38760388
20241101_143139_858976140,0.042408146
20241101_143140_119406860,0.34916234
20241101_143140_361714648,0.120269515
20241101_143140_618042866,-0.031110784
20241101_143140_869278082,-0.15714373
20241101_143141_109623120,-0.05785694
20241101_143141_367231543,-0.520204
20241101_143141_617723588,-1.3835922
20241101_143141_864095772,-1.039306
20241101_143142_106431303,-0.34623706
20241101_143142_353227133,-0.14417894
20241101_143142_605628326,-0.09169497
20241101_143142_861784409,-0.42583996
20241101_143143_110982221,0.43807408
20241101_143143_367567927,0.28165713
20241101_143143_612673491,0.31933758
20241101_143143_857055512,0.15172368
20241101_143144_602402392,0.19605578
20241101_143144_852775112,0.08399782
20241101_143145_095812787,0.1508532
20241101_143145_351666816,-0.0013317671
20241101_143145_597339569,0.0385739
20241101_143145_851348265,-0.14885701
20241101_143146_098238368,-0.046199642
20241101_143146_346879808,0.00438861
20241101_143146_596288968,0.06200794
20241101_143146_845115850,0.022644082
20241101_143147_098779623,0.03853295
20241101_143147_348093664,0.048168756
20241101_143147_595838386,0.015975693
20241101_143148_347242398,-0.008472225
20241101_143148_600073393,0.056961842
20241101_143148_859721029,0.4697335
20241101_143149_119230195,0.43374416
20241101_143149_363676642,0.7281309
20241101_143149_615630006,1.6873167
20241101_143149_868390905,0.07548724
20241101_143150_107670635,-0.5076477
20241101_143150_354813163,-0.1744001
20241101_143150_601932795,-0.10309305
20241101_143150_866864729,0.10968543
20241101_143151_116338217,0.09989529
20241101_143151_366593347,0.010432998
20241101_143151_606654872,0.01537923
20241101_143152_355546390,-0.03407439
20241101_143152_600510332,-0.020164987
20241101_143152_855767973,-0.073565625
20241101_143153_853843030,-0.4790844
20241101_143154_102720833,-0.76139754
20241101_143154_357285219,-0.5610067
20241101_143154_615864830,-0.114984356
20241101_143154_862688705,0.7415615
20241101_143155_109396339,0.2931511
20241101_143155_374648799,0.16632049
20241101_143155_617080748,-0.114287935
20241101_143155_867129216,0.08926175
20241101_143156_111408543,0.11359749
20241101_143156_368229927,0.1110569
20241101_143156_613720479,0.0891994
20241101_143156_852896506,0.08793143
20241101_143157_099076773,0.28576192
20241101_143157_346158969,0.6149239
20241101_143157_608177814,1.1655507
20241101_143157_852967417,0.61434233
20241101_143158_102475749,0.76704425
20241101_143158_354958679,0.66497004
20241101_143158_605040567,0.73669773
20241101_143159_100090650,0.5804852
20241101_143159_348928597,0.16736574
20241101_143159_600913873,0.16850911
20241101_143159_863075214,0.18774481
20241101_143200_110992467,0.13542677
20241101_143200_371586445,0.14746211
20241101_143200_609287803,-0.02416133
20241101_143200_862864696,0.14207096
20241101_143201_107619397,0.36041227
20241101_143201_354562760,0.27665877
20241101_143201_600533105,0.15549736
20241101_143201_848993664,0.09098769
20241101_143202_098668228,-0.10074129
20241101_143202_352271854,-0.5247356
20241101_143202_610580324,-0.58885014
20241101_143202_858304615,-0.14404581
20241101_143203_108285263,-0.27767843
20241101_143203_365441345,-0.24670728
20241101_143203_618540002,-1.2218125
20241101_143203_875644591,0.22481133
20241101_143204_121550906,-0.14221217
20241101_143204_373266383,-0.43112603
20241101_143204_616316518,-0.23128785
20241101_143204_861887246,-0.26668313
20241101_143205_352694225,-0.16830899
20241101_143205_602942922,-0.1642933
20241101_143206_353211945,-0.2111877
20241101_143207_107240993,-0.07946094
20241101_143209_851047197,-0.34874544
20241101_143210_099056115,-0.45655483
20241101_143210_350702076,-0.43702462
20241101_143210_603600840,-0.29488382
20241101_143211_103026054,-0.29458383
20241101_143211_349976588,-0.36458632
20241101_143212_106599466,-0.6034859
20241101_143212_363573328,-1.7279133
20241101_143212_611222847,-1.369282
20241101_143212_864654488,-0.79582566
20241101_143213_110053645,-0.7597267
20241101_143213_367188172,0.80069876
20241101_143213_615013750,0.69208485
20241101_143213_859346330,0.3210751
20241101_143214_108083883,0.17999296
20241101_143214_353458718,0.2528511
20241101_143214_601953222,0.693474
20241101_143214_854651440,0.24141733
20241101_143215_102274883,0.11394773
20241101_143215_353025610,0.17541133
20241101_143215_607069935,-0.6509446
20241101_143215_859823241,-1.6746074
20241101_143216_104341226,0.40492857
20241101_143216_363876490,-0.050693054
20241101_143216_606457137,0.41812488
20241101_143216_863165826,0.2663898
20241101_143217_110416593,-0.10698106
20241101_143217_363770376,-0.1485715
20241101_143217_602682414,-0.06640478
20241101_143217_852731128,-0.052640103
20241101_143218_104210622,0.091742076
20241101_143218_352979658,-0.10778984
20241101_143218_603838186,-0.022987267
20241101_143218_854827038,-0.27217335
20241101_143219_107486165,-0.4097213
20241101_143219_361131075,-0.20525683
20241101_143219_614555864,-1.0376712
20241101_143219_869139259,0.34736666
20241101_143220_124656126,0.33895865
20241101_143220_377376346,0.29321906
20241101_143220_629457544,0.3754367
20241101_143220_879360386,0.29188505
20241101_143221_120500185,0.25344095
20241101_143222_851125359,0.44236735
20241101_143223_109399924,0.41838425
20241101_143223_353925385,0.4262556
20241101_143223_599940731,0.24469356
20241101_143223_852873004,0.22793262
20241101_143224_101162881,0.24906714
20241101_143224_364872003,0.22606497
20241101_143224_605205827,0.35698912
20241101_143224_857200121,0.35589814
20241101_143225_112123772,0.3272884
20241101_143225_617840101,0.24889825
20241101_143226_366556552,-0.14363255
20241101_143226_617113782,-2.348652
20241101_143226_886519048,0.18332823
20241101_143227_139211880,0.15715517
20241101_143227_379274948,0.42173094
20241101_143227_622069379,0.10169763
20241101_143227_863399044,0.04039917
20241101_143228_111600140,0.008027414
20241101_143228_354126282,0.017857024
20241101_143228_601464580,0.034375496
20241101_143229_620602378,0.077658094
20241101_143229_867660853,0.25012192
20241101_143230_114991274,0.23119442
20241101_143230_363989606,0.014603833
20241101_143230_609014924,0.104633726
20241101_143231_355196927,0.32595226
20241101_143231_604484237,0.32441452
20241101_143231_858598303,0.22331895
20241101_143232_106765004,-0.034770988
20241101_143232_367182418,0.03893826
20241101_143232_607143046,0.05554203
20241101_143232_854860701,0.020750025
20241101_143233_854841821,0.23115863
20241101_143234_602786149,0.11095435
20241101_143235_369339352,0.077668734
20241101_143236_355123612,-0.018069228
20241101_143236_603759992,-0.021996578
20241101_143236_855709175,0.0038851295
20241101_143237_108784185,-0.027931591
20241101_143237_363597147,-0.13122042
20241101_143237_856056753,0.002559254
20241101_143238_108130879,0.1717469
20241101_143238_360148117,0.08827642
20241101_143238_620088759,0.06934831
20241101_143239_604029930,0.06280617
20241101_143239_851712705,0.09271685
20241101_143240_855885365,0.21272172
20241101_143241_103920417,0.14061601
20241101_143241_357970433,0.13354711
20241101_143241_605696991,0.06115008
20241101_143241_855931535,0.08357928
20241101_143242_101129239,0.048331387
20241101_143242_350801629,-0.41590938
20241101_143242_602202133,-0.08068173
20241101_143242_851148785,-0.0371243
20241101_143243_105295701,0.04815934
20241101_143243_357317908,0.14829423
20241101_143243_604644338,0.1531146
20241101_143244_102284240,0.032816507
20241101_143244_353812375,0.15072696
20241101_143244_603583415,0.098918565
20241101_143244_851557796,0.107714154
20241101_143245_600952521,0.11217991
20241101_143247_108470781,0.123249985
20241101_143247_858742846,0.11418859
20241101_143248_104842826,0.21265079
20241101_143248_359695127,0.21405722
20241101_143248_852990665,0.18940313
20241101_143249_353804608,0.13330506
20241101_143249_850639851,0.16283931
20241101_143250_102084978,0.1782042
20241101_143250_352002271,0.20037065
20241101_143250_613898067,0.21817647
20241101_143250_859589968,0.75711614
20241101_143251_109711545,0.43817362
20241101_143251_358000088,0.2725826
20241101_143251_602051548,0.177079
20241101_143251_870476615,-0.022883793
20241101_143252_109822393,0.09528152
20241101_143252_353368467,0.11916388
20241101_143252_601174506,0.13826363
20241101_143252_850028507,0.32392812
20241101_143253_353566960,0.39803696
20241101_143253_602120683,0.35777658
20241101_143253_851035063,0.86599576
20241101_143254_099544519,0.4547591
20241101_143255_113374560,0.4173316
20241101_143255_359420349,0.55147856
20241101_143255_602734679,0.19658749
20241101_143255_850660172,-0.083392225
20241101_143256_104137485,0.17270972
20241101_143256_350878567,0.2626867
20241101_143256_605277748,0.21736781
20241101_143256_855598726,0.19314556
20241101_143257_102672805,0.21650185
20241101_143257_356858580,0.2585898
20241101_143257_600799609,-0.007082274
20241101_143258_104895133,-0.27527392
20241101_143258_354637114,0.005462447
20241101_143258_598691243,0.13350041
20241101_143258_855290350,0.23737685
20241101_143259_354575340,0.10260741
20241101_143259_603042523,0.109379895
20241101_143259_854414783,0.13610737
20241101_143300_108661521,0.1488928
20241101_143300_359491302,0.044751264
20241101_143301_362150818,0.47886047
20241101_143301_608033846,0.29180083
20241101_143301_866046905,0.4520416
20241101_143302_113267857,0.28381938
20241101_143302_362008539,0.051984675
20241101_143302_616909621,-0.35304093
20241101_143302_863989303,-0.12070023
20241101_143303_106328233,-0.10607078
20241101_143303_361639714,-0.09149941
20241101_143303_602293740,-0.0793904
20241101_143303_852955377,-0.07346868
20241101_143304_352038254,0.047903754
20241101_143304_602260642,0.0038791988
20241101_143305_364354256,-0.012942782
20241101_143305_610244254,-0.18709315
20241101_143305_861696490,-0.026038608
20241101_143306_102801212,-0.044085644
20241101_143306_356345200,-0.076622956
20241101_143307_617933367,0.1513138
20241101_143307_868829969,1.0394175
20241101_143308_114983982,0.31424364
20241101_143308_361984353,0.43468443
20241101_143308_604379020,0.34364298
20241101_143308_852635681,-0.10097321
20241101_143309_100057870,-0.08202874
20241101_143309_353298330,-0.10929235
20241101_143310_350185300,0.0092267785
20241101_143310_602527258,0.13774636
20241101_143310_851808474,0.14621697
20241101_143311_100251553,0.10772408
20241101_143311_352315420,0.07520745
20241101_143312_349945964,0.028188804
20241101_143313_616618012,0.30036572
20241101_143313_860853402,0.6582488
20241101_143314_112971133,0.31630683
20241101_143314_359514950,0.38616765
20241101_143314_611583073,0.15513717
20241101_143314_864716010,1.2097445
20241101_143315_110610277,-0.6630216
20241101_143315_358502976,0.07569001
20241101_143315_605274894,-0.029497435
20241101_143315_857517306,-0.21910726
20241101_143317_110256884,-0.2566965
20241101_143317_362784305,-0.611434
20241101_143317_615481987,-0.40058294
20241101_143317_856331381,-0.3235946
20241101_143318_351028265,-0.3390626
20241101_143318_597968708,-0.28086385
20241101_143318_856487498,-0.26696652
20241101_143320_099947883,-0.2552541
20241101_143320_348679170,-0.27180237
20241101_143320_601362796,-0.25582063
20241101_143322_101900292,0.2302237
20241101_143322_375965944,0.5505875
20241101_143322_619705694,0.45640582
20241101_143322_860877269,0.34307078
20241101_143323_115197685,1.0081005
20241101_143323_360949941,0.47357866
20241101_143323_612312914,0.48568365
20241101_143324_374388144,0.36549488
20241101_143324_604047029,-0.010130724
20241101_143324_856185886,0.21307047
20241101_143325_103865769,0.24492286
20241101_143325_353457912,0.56263113
20241101_143325_851191767,0.40577704
20241101_143326_104015183,-0.039566062
20241101_143326_357226480,0.049506344
20241101_143327_096892222,0.018176356
20241101_143327_347682879,0.05355618
20241101_143328_097688019,0.074659444
20241101_143328_345758124,0.15662037
20241101_143328_596084554,0.08284954
20241101_143328_849719580,0.2843195
20241101_143329_098471940,0.7736544
20241101_143329_349050718,0.42422602
20241101_143330_374202035,0.3638877
20241101_143330_611848069,0.33368528
20241101_143330_856039549,0.34659302
20241101_143331_106421599,0.4310904
20241101_143331_601028505,0.33116844
20241101_143331_855676577,0.30707216
20241101_143332_109640868,0.8035566
20241101_143332_365805043,0.26183024
20241101_143332_609300850,0.13292406
20241101_143332_849857902,0.16277485
20241101_143333_097984982,0.18120693
20241101_143333_350163189,0.19440688
20241101_143334_348020024,0.22731845
20241101_143335_098191302,0.17519842
20241101_143335_348822020,0.1433766
20241101_143336_100808610,0.11091546
20241101_143336_599240924,0.10380677
20241101_143336_846584992,0.086108394
20241101_143337_094620986,0.017757604
20241101_143337_347952332,0.038942285
20241101_143338_596407155,0.71957725
20241101_143338_847076193,0.2344266
20241101_143339_095569174,0.1663617
20241101_143339_347337145,1.865219
20241101_143339_601174418,-0.11186057
20241101_143339_853724027,-0.26814395
20241101_143340_104591538,-0.11592176
20241101_143340_354693637,-0.79284835
20241101_143340_614190445,0.079964556
20241101_143340_882536824,-1.245506
20241101_143341_122265567,-0.44194514
20241101_143341_364514577,-0.28294018
20241101_143341_606665830,-0.3596079
20241101_143341_855370879,-0.32441884
20241101_143342_101370966,-0.33895358
20241101_143342_349514997,-0.1822265
20241101_143342_599978070,-0.23632433
20241101_143342_858051178,-0.28010786
20241101_143343_104814908,-0.27707776
20241101_143343_353390104,-0.27449027
20241101_143344_112474532,-0.24512817
20241101_143344_368056770,-0.21767525
20241101_143344_603921380,-0.28098586
20241101_143344_875232916,-0.28673324
20241101_143345_135502466,-0.2984546
20241101_143345_361956791,-0.30704555
20241101_143345_861089366,-0.2924861
20241101_143346_109525659,-0.27392632
20241101_143346_854900726,-0.1405332
20241101_143347_119774081,-0.24261089
20241101_143347_365866748,-0.024447486
20241101_143347_622215020,-0.08041271
20241101_143348_123160102,-0.12418159
20241101_143348_377465267,-0.16362365
20241101_143348_609688880,-0.15364368
20241101_143348_852834134,-0.6116872
20241101_143349_103580970,-0.24721806
20241101_143349_358577236,-0.28556377
20241101_143349_605702520,-0.34483925
20241101_143350_103388492,-0.22834297
20241101_143350_353714198,-0.2821668
20241101_143351_361682989,-0.1902649
20241101_143352_866425488,-0.19309981
20241101_143353_108713918,-0.19253327
20241101_143353_609010615,-0.25543246
20241101_143353_856130917,-0.08885803
20241101_143354_102701343,-0.41363096
20241101_143354_367174154,-0.13092934
20241101_143354_600104157,0.029464995
20241101_143354_859893177,0.26172477
20241101_143355_104301821,0.08482722
20241101_143355_361619399,0.30720305
20241101_143355_852965916,0.26345068
20241101_143356_107138640,0.027686993
20241101_143356_360211389,-0.018605312
20241101_143356_608840935,-0.03235873
20241101_143356_861964695,-0.0234467
20241101_143357_109731061,-0.04981669
20241101_143357_356943904,-0.0093732085
20241101_143357_606455772,0.56437206
20241101_143357_859150255,0.21367909
20241101_143358_101808512,0.19464879
20241101_143358_353183726,0.1943856
20241101_143358_601810262,0.34789836
20241101_143358_866362762,0.7450627
20241101_143359_118151286,0.74461776
20241101_143359_370568481,0.5004384
20241101_143359_622250519,1.3969694
20241101_143359_887379120,-0.4465648
20241101_143400_123419785,-0.06798035
20241101_143400_367430147,-1.155705
20241101_143400_613395156,-0.8926554
20241101_143400_863190444,-0.77272564
20241101_143401_108399596,-0.123659834
20241101_143401_362294385,-0.25720096
20241101_143401_604443541,-0.36247042
20241101_143401_852922426,-0.7072683
20241101_143402_106298034,-0.898375
20241101_143402_359227711,-0.88707334
20241101_143402_856387996,-0.53188056
20241101_143403_604622093,-0.709934
20241101_143403_849138510,-0.056354143
20241101_143404_100032579,-0.26166317
20241101_143404_351951868,-0.4416993
20241101_143404_609499839,-0.6841815
20241101_143404_856936639,-0.38488802
20241101_143405_105525765,-0.10344424
20241101_143405_352720289,-0.20707794
20241101_143405_602487559,-0.5933803
20241101_143405_852814987,-0.89233625
20241101_143406_105527631,-0.6371902
20241101_143406_352458760,-0.5627168
20241101_143406_599839066,-0.79992473
20241101_143406_850114278,-0.3896509
20241101_143407_099486232,0.30987093
20241101_143407_355108049,0.35341468
20241101_143407_602650993,0.22564004
20241101_143407_853126025,0.31451055
20241101_143408_101343073,0.07213626
20241101_143408_357276931,-0.0033865776
20241101_143408_608006494,0.07441125
20241101_143408_855690190,0.12033377
20241101_143410_097376506,0.10040871
20241101_143410_350605827,0.48206535
20241101_143410_598290000,0.5093046
20241101_143410_847772878,0.4276201
20241101_143411_098813385,0.5106849
20241101_143411_352788142,1.1166533
20241101_143411_605228655,0.6286002
20241101_143411_862526030,0.09598199
20241101_143412_107220530,-0.20763399
20241101_143412_369703215,-0.36435914
20241101_143412_610878328,-0.17611872
20241101_143412_859549504,-0.26591578
20241101_143413_107809635,-0.16160639
20241101_143413_354710268,0.26307407
20241101_143413_599875740,0.6035716
20241101_143413_853116916,0.5687466
20241101_143414_103983598,0.4796194
20241101_143414_364460626,0.4087782
20241101_143414_605801208,0.3170563
20241101_143414_848687753,0.27287132
20241101_143415_098095588,0.33646175
20241101_143415_345715154,0.053862967
20241101_143415_597949297,0.09452463
20241101_143415_859252194,0.43125853
20241101_143416_108063397,0.91284627
20241101_143416_354756873,1.3500277
20241101_143416_600025961,-0.5614988
20241101_143416_854492837,0.24702467
20241101_143417_115538297,-0.14668056
20241101_143417_366912707,-0.28193912
20241101_143417_604327005,-0.34191003
20241101_143417_854366243,-0.26586667
20241101_143418_109928335,-0.5535312
20241101_143418_359988372,-1.0086558
20241101_143418_606584586,-1.1131618
20241101_143418_858820875,-0.8516728
20241101_143419_100474603,-0.24922292
20241101_143419_350402496,-0.15702865
20241101_143420_109543489,0.5992351
20241101_143420_362664243,0.35399845
20241101_143420_602296591,0.2260084
20241101_143420_853367881,0.09817765
20241101_143421_103109141,0.524381
20241101_143421_350302618,0.60849595
20241101_143421_847536037,0.86654544
20241101_143422_347349914,0.5156733
20241101_143422_603724948,0.5270709
20241101_143422_850186068,0.26597998
20241101_143423_098872726,0.06877614
20241101_143423_349737104,-0.013380012
20241101_143423_601664439,-0.1142854
20241101_143423_847773338,-0.10753309
20241101_143424_099187495,-1.2990597
20241101_143424_364057472,-0.7438048
20241101_143424_606930897,-0.3089597
20241101_143424_849016336,-0.241022
20241101_143425_348002958,-0.14102457
20241101_143425_598821083,-0.06037865
20241101_143425_850836857,-0.14070447
20241101_143426_597626839,-0.2030194
20241101_143427_347221618,-0.20126934
20241101_143427_598829888,-0.16113742
20241101_143428_348080453,-0.08637535
20241101_143428_597833126,-0.15749033
20241101_143428_851051642,-0.16266312
20241101_143429_101779266,-0.17026754
20241101_143429_352666862,-0.47983333
20241101_143429_611842914,-0.9641319
20241101_143429_861338068,-0.38799515
20241101_143430_100856239,-0.294176
20241101_143430_352152772,-0.67886716
20241101_143430_600753716,-1.790495
20241101_143430_847124868,-0.6577929
20241101_143431_097066744,-0.6295466
20241101_143431_351444704,-0.60520965
20241101_143431_601361955,-0.50848305
20241101_143431_855770010,-0.83894616
20241101_143432_361487082,-0.6793039
20241101_143433_347811791,0.61457205
20241101_143433_603483248,0.26910353
20241101_143433_851351117,0.061778188
20241101_143434_097565757,0.049005426
20241101_143434_600126530,0.06906877
20241101_143434_851764550,0.11490045
20241101_143435_095659460,0.16895382
20241101_143435_350187641,0.16457914
20241101_143435_597265811,0.16376181
20241101_143435_844365240,0.23183171
20241101_143436_093453580,0.13760786
20241101_143437_598122670,0.07579128
20241101_143437_851407371,0.08457098
20241101_143438_597525281,-0.035995685
20241101_143438_852700992,-0.11409407
20241101_143439_361987051,-0.060476325
20241101_143439_623706751,-0.0322363
20241101_143439_871129300,0.0050277505
20241101_143440_361780143,-0.03631773
20241101_143440_605165516,-0.10333087
20241101_143440_855547467,-0.053133808
20241101_143441_103063882,-0.057676695
20241101_143441_601408849,-0.04089912
20241101_143441_848778254,-0.17681412
20241101_143442_097564964,-0.08665862
20241101_143442_352914472,-0.5681818
20241101_143442_613036710,-0.25712624
20241101_143442_856847366,-0.16864093
20241101_143443_098624208,-0.08319136
20241101_143443_350493920,-0.079856
20241101_143443_606810413,-0.112968825
20241101_143444_605899725,-0.06157162
20241101_143444_861811001,-0.053934716
20241101_143445_105564589,-0.2787064
20241101_143446_350259593,-0.22608222
20241101_143446_596181089,-0.30470976
20241101_143446_845237503,-0.35513046
20241101_143447_348653735,-0.11851307
20241101_143447_595839719,0.05572684
20241101_143447_845869833,1.4620478
20241101_143448_100440954,0.48136815
20241101_143448_354822433,0.38984898
20241101_143448_604910900,0.3882769
20241101_143448_856357165,0.11266372
20241101_143449_104841720,0.15004887
20241101_143449_354021207,0.21086217
20241101_143449_603041417,0.25344712
20241101_143450_348105709,0.34163633
20241101_143450_603054293,0.24545394
20241101_143450_857594876,0.12137405
20241101_143451_102357316,0.20773397
20241101_143451_349931260,0.06985942
20241101_143452_851287510,-0.010409972
20241101_143453_101444307,-0.33105347
20241101_143453_355355155,-0.57190806
20241101_143453_602205865,-0.340188
20241101_143455_103256950,-0.5914043
20241101_143455_353310255,-0.3282732
20241101_143455_599938541,-0.30545083
20241101_143456_107968646,-0.3483778
20241101_143456_361258925,-0.44763607
20241101_143456_604129314,-0.5685321
20241101_143456_851326494,-0.400896
20241101_143457_098591694,-0.044754088
20241101_143457_350954103,0.113490425
20241101_143457_598147203,0.04822723
20241101_143457_847926112,0.18351942
20241101_143458_101680517,0.08073709
20241101_143458_357195968,0.37156045
20241101_143458_610687008,1.0410941
20241101_143458_855199671,0.40152293
20241101_143459_110776743,0.47942314
20241101_143459_365748275,-0.40156224
20241101_143459_614984012,-0.47675455
20241101_143459_854704076,-0.041448493
20241101_143500_101276704,-0.21999319
20241101_143500_355111382,-0.12444832
20241101_143500_600303559,-0.37461963
20241101_143500_855019907,-0.38244873
20241101_143501_102581689,-0.37727293
20241101_143501_360434681,-0.38186142
20241101_143501_614542103,-0.6676784
20241101_143501_854637675,-0.79450524
20241101_143502_104866468,-0.6083048
20241101_143502_355639895,-0.6066256
20241101_143502_605046861,-0.7568367
20241101_143502_852939917,-0.8058887
20241101_143503_364970089,-0.6645967
20241101_143503_621524454,-0.55887574
20241101_143503_867114723,-0.6753673
20241101_143504_113185522,-0.4822938
20241101_143504_358606669,-0.14553183
20241101_143504_608191816,-0.19761728
20241101_143504_855362105,-0.26443803
20241101_143505_108631259,-0.7850653
20241101_143505_362973859,-0.6651258
20241101_143505_622294047,-0.36170173
20241101_143505_866017971,-0.09521075
20241101_143506_104519378,-0.10019525
20241101_143507_105525600,0.20230469
20241101_143507_357090931,-0.02354853
20241101_143507_606041254,-0.1616352
20241101_143507_860872326,-0.191507
20241101_143508_104369009,-0.48264936
20241101_143508_364202914,0.10499924
20241101_143508_617044815,0.2501306
20241101_143508_865793275,0.17423
20241101_143509_116700582,0.32189873
20241101_143509_376870384,0.0827088
20241101_143509_631088550,0.11485616
20241101_143509_880198411,0.13548522
20241101_143510_124495528,0.13735376
20241101_143510_367294164,0.17249678
20241101_143510_612128810,0.13570903
20241101_143510_860142525,0.13035493
20241101_143511_105866832,0.16459481
20241101_143511_360172882,0.15971969
20241101_143511_613824016,0.17860483
20241101_143511_873713813,0.58604276
20241101_143512_126755443,-0.05747527
20241101_143512_380153370,0.12707075
20241101_143512_628222647,0.30269304
20241101_143512_885369549,0.47663537
20241101_143513_119802225,0.32801425
20241101_143513_369938216,0.05974654
20241101_143513_615556215,-0.085240506
20241101_143513_861780058,-0.020372411
20241101_143514_108569638,-0.07829543
20241101_143514_375309546,-0.15777875
20241101_143514_618138429,-0.42848834
20241101_143514_869803405,0.1595112
20241101_143515_114418244,0.28803483
20241101_143515_364349306,0.28656486
20241101_143515_613586892,0.15009247
20241101_143515_866833829,0.13968842
20241101_143516_363270179,0.12466619
20241101_143516_610686886,-0.08885475
20241101_143516_857855168,0.026096681
20241101_143517_112922830,-0.22523905
20241101_143517_365315770,-0.2417046
20241101_143517_611394219,-0.26248077
20241101_143517_865515466,-0.11357724
20241101_143518_122587436,-1.1673726
20241101_143518_375204655,0.1289966
20241101_143518_638941731,0.31554678
20241101_143518_890579377,-0.15020205
20241101_143519_124829183,-0.026281735
20241101_143519_361423894,0.029296735
20241101_143519_614816639,-0.142927
20241101_143520_111093069,0.0007862244
20241101_143520_367939572,0.027270237
20241101_143520_609232111,-0.004877111
20241101_143520_863599728,-0.23327695
20241101_143521_107461160,-0.145153
20241101_143521_356308736,-0.11212518
20241101_143521_607216851,-0.17992933
20241101_143521_856835456,-0.120359026
20241101_143522_101331459,-0.6883864
20241101_143522_356473950,-0.62358075
20241101_143522_606016649,-0.26463673
20241101_143522_854546691,-0.22908516
20241101_143523_104868406,-0.11234894
20241101_143523_352185305,-0.15746017
20241101_143523_601907606,-0.21026076
20241101_143523_854148598,-0.25064313
20241101_143524_102197909,-0.38674542
20241101_143524_372852207,-0.49517304
20241101_143524_607023096,-0.3485316
20241101_143524_864548057,-0.7899876
20241101_143525_108495526,-0.6624369
20241101_143525_361447243,-0.22858012
20241101_143525_624615204,-0.44504014
20241101_143525_868553072,0.04030793
20241101_143526_118536704,0.14972574
20241101_143526_368033795,-0.05277341
20241101_143526_609306669,0.016648183
20241101_143526_855735555,-0.11192521
20241101_143527_108249205,-0.1333235
20241101_143527_857978262,-0.15234257
20241101_143528_106086184,-0.07932188
20241101_143528_350925964,-0.065686665
20241101_143529_348288552,0.17436095
20241101_143529_597814902,0.06346051
20241101_143529_851520345,0.010028223
20241101_143530_597657820,-0.07314613
20241101_143531_101846818,-0.035653554
20241101_143531_354942459,-0.14134936
20241101_143531_601739984,-0.07754656
20241101_143531_864271793,0.013134399
20241101_143532_604574236,0.29661962
20241101_143532_850491981,1.1567197
20241101_143533_107696819,0.9272437
20241101_143533_364225253,0.59627664
20241101_143533_606404300,0.55330247
20241101_143533_853250071,0.4730325
20241101_143534_102635511,0.4822288
20241101_143534_347985310,0.64474523
20241101_143534_600857429,1.1588253
20241101_143534_851426727,1.3277141
20241101_143535_106346558,1.5177853
20241101_143535_354248695,-0.41862255
20241101_143535_606875704,0.14404008
20241101_143535_867827033,-0.5717985
20241101_143536_115541367,-0.52907944
20241101_143536_369451314,-0.13427728
20241101_143536_610536953,0.057365835
20241101_143537_105725819,0.12696408
20241101_143537_354682333,0.015985528
20241101_143538_355012263,-0.018066129
20241101_143539_107417031,-0.07494601
20241101_143539_359498851,-0.063370906
20241101_143539_604217419,-0.06939813
20241101_143539_851546261,-0.071082674
20241101_143540_598550847,-0.114092134
20241101_143540_852791879,-0.023427924
20241101_143541_108731316,-0.06765755
20241101_143541_356588902,-0.07334872
20241101_143541_602550116,-0.07612952
20241101_143541_871749712,-0.13221885
20241101_143542_114151048,0.17242825
20241101_143542_372929670,1.3473346
20241101_143542_621206020,-0.047942787
20241101_143542_869112707,-0.21730123
20241101_143543_127050667,0.034298144
20241101_143543_386954826,0.15211622
20241101_143543_616655452,0.023206452
20241101_143543_866236247,-0.18354537
20241101_143544_117468117,-0.34152928
20241101_143544_364279374,-0.39407533
20241101_143544_603588389,-0.21125995
20241101_143545_361436789,-0.15689029
20241101_143546_356342427,-0.20987369
20241101_143546_849981810,-0.28259405
20241101_143547_097173477,-0.2000487
20241101_143547_850702647,-0.4039984
20241101_143548_102981435,-0.044695728
20241101_143548_355797729,-0.2850971
20241101_143548_854584467,-0.18263264
20241101_143549_348532200,-0.17124934
20241101_143549_595957723,-0.18664934
20241101_143549_847287522,-0.16135629
20241101_143550_599897676,-0.053125583
20241101_143550_849754563,0.16683413
20241101_143551_099245858,0.14982167
20241101_143551_349755099,0.09260384
20241101_143551_607067167,0.07604364
20241101_143552_607512880,0.07112912
20241101_143552_864318256,-0.19202922
20241101_143553_111920066,-0.35295123
20241101_143553_356105444,-0.23741497
20241101_143553_606349041,-0.5480517
20241101_143553_875127278,-0.36713132
20241101_143554_121689939,-0.1382473
20241101_143554_386765060,-0.26886144
20241101_143554_627338812,-0.120992325
20241101_143554_875818158,-0.04386946
20241101_143555_113165095,0.36185682
20241101_143555_361055345,0.45578444
20241101_143555_608836893,1.0478894
20241101_143555_872735211,0.7221108
20241101_143556_121604961,0.63676137
20241101_143556_375956024,0.91626596
20241101_143556_618580481,0.59907997
20241101_143558_605195226,0.33735776
20241101_143558_854541384,-0.02499052
20241101_143559_107837334,-0.51586515
20241101_143559_353546555,-0.3499162
20241101_143559_599754739,-0.10797029
20241101_143600_361098908,-0.11693742
20241101_143600_612102644,0.12724786
20241101_143600_862752022,0.034933425
20241101_143601_114073750,0.0297725
20241101_143601_362961306,0.33428234
20241101_143601_607136617,-0.020538887
20241101_143601_864826318,-0.2874299
20241101_143602_118460792,-0.8084385
20241101_143602_367537945,-0.9630017
20241101_143602_604947099,-0.44282058
20241101_143602_857155956,-0.39502394
20241101_143603_100650773,-0.401236
20241101_143603_349345339,-1.0114224
20241101_143603_596754823,-0.58841795
20241101_143603_855680772,-0.5049536
20241101_143604_349726784,-0.0970729
20241101_143604_599033737,-0.20086075
20241101_143604_846637516,-0.36854234
20241101_143605_097270609,-0.29666197
20241101_143605_350898892,-0.25069943
20241101_143605_606875888,0.22210018
20241101_143605_860211255,-0.2500734
20241101_143606_113320221,-0.62938315
20241101_143606_356777334,-0.55089474
20241101_143606_602185155,-0.30419308
20241101_143606_856639427,-0.3012791
20241101_143607_112956091,-0.3532208
20241101_143607_367394500,-0.49781123
20241101_143607_622889824,0.70860136
20241101_143607_873838424,0.03396169
20241101_143608_126749658,-0.01719447
20241101_143608_377733897,0.04476873
20241101_143608_622621736,0.061837472
20241101_143608_876441925,0.05713234
20241101_143609_117359051,0.05864892
20241101_143609_369920763,0.8883059
20241101_143609_610540616,-0.7414958
20241101_143609_857554868,-0.23528352
20241101_143610_104059379,-0.21269214
20241101_143610_349517594,-0.3759531
20241101_143611_347426806,0.30635864
20241101_143611_598247119,0.061392076
20241101_143611_865151338,0.007940071
20241101_143612_103686796,-0.030177558
20241101_143612_355376347,-0.066120826
20241101_143612_599756848,-0.26922783
20241101_143612_859845018,-0.42252004
20241101_143613_111045682,-0.45395914
20241101_143613_357542840,-0.25404817
20241101_143613_599294085,0.09587655
20241101_143613_854660147,0.15787658
20241101_143614_101921142,0.265944
20241101_143614_349516293,0.11930809
20241101_143614_597169076,0.08737532
20241101_143614_845921030,0.13491522
20241101_143615_098500112,0.13264869
20241101_143616_094901985,0.11403302
20241101_143616_352409047,-0.32690316
20241101_143616_606317327,-0.52287185
20241101_143616_857272056,-0.804438
20241101_143617_105927770,-0.098617814
20241101_143617_355714945,0.39873794
20241101_143617_614102630,0.119080104
20241101_143617_859284586,0.21017145
20241101_143618_113313033,-0.14922883
20241101_143618_360648616,-0.2757754
20241101_143618_613393560,-0.036087535
20241101_143618_863079698,-0.0027701464
20241101_143619_611075072,-0.15321638
20241101_143620_357650454,-0.4701145
20241101_143620_604242338,-0.562564
20241101_143620_854870221,-1.6860563
20241101_143621_097848916,-1.513693
20241101_143621_350142740,-0.5852768
20241101_143621_608689537,-1.0439646
20241101_143621_862994141,-0.7014488
20241101_143622_110910058,-0.79100585
20241101_143622_368170022,-0.25306302
20241101_143622_610223957,-0.21600662
20241101_143622_857394079,-0.2611025
20241101_143624_611645610,0.39809474
20241101_143624_862980935,-0.08221712
20241101_143625_111934566,-0.08933558
20241101_143625_356454649,0.03422139
20241101_143625_608809966,0.057181455
20241101_143625_859770329,-0.08634188
20241101_143626_364290263,0.1351767
20241101_143626_601680050,0.091284074
20241101_143627_346041807,0.07127986
20241101_143627_598450743,0.030884007
20241101_143627_855283033,0.07811005
20241101_143628_106945800,0.036361553
20241101_143628_355334326,0.04462824
20241101_143628_599581346,0.042812146
20241101_143629_095134206,0.36606756
20241101_143629_347928602,0.25375777
20241101_143630_099830300,0.25254074
20241101_143630_352520781,0.84476894
20241101_143630_604812926,0.68541616
20241101_143630_858770414,0.82990706
20241101_143631_102079538,0.3597498
20241101_143631_351234442,0.47969922
20241101_143631_597648838,0.899425
20241101_143631_852094348,-0.50076
20241101_143632_095626406,-0.4665414
20241101_143632_343647616,-0.58241725
20241101_143632_595561695,-0.5459227
20241101_143633_354884467,-0.5887403
20241101_143633_600384072,-0.61235106
20241101_143634_857147557,0.8333285
20241101_143635_113452000,0.4001079
20241101_143635_366735859,0.095681466
20241101_143635_605680393,0.11317579
20241101_143635_852625102,0.083409704
20241101_143636_101170185,0.1432101
20241101_143636_351776933,0.13454472
20241101_143636_600907858,0.1457759
20241101_143637_595952830,0.1354777
20241101_143637_849960142,-0.05991783
20241101_143638_098460174,0.032969095
20241101_143638_355358829,0.061238684
20241101_143638_852730934,0.07303683
20241101_143639_353845846,0.37557212
20241101_143639_602969787,0.23716925
20241101_143639_849870969,0.34929037
20241101_143640_104141359,0.32078797
20241101_143640_357392400,0.25703284
20241101_143640_614779856,0.22137092
20241101_143641_106108427,0.19390444
20241101_143641_352914046,0.09980599
20241101_143642_105175524,0.13476269
20241101_143642_365095090,-0.10276195
20241101_143642_617156043,-0.75877786
20241101_143642_861438300,-1.4086887
20241101_143643_108295864,-0.35293853
20241101_143643_359665897,-0.45061097
20241101_143643_610128558,-0.49460086
20241101_143643_863378698,0.17687605
20241101_143644_104578516,0.411634
20241101_143644_348584416,0.67839587
20241101_143644_600068630,0.26450524
20241101_143644_850686994,0.1851071
20241101_143645_104915229,0.20487852
20241101_143645_362607862,0.22192885
20241101_143645_852895377,0.16536836
20241101_143646_111750608,0.117906846
20241101_143646_354050637,0.23993953
20241101_143646_602676769,0.22504868
20241101_143646_853298116,0.20135511
20241101_143647_101368285,0.18165891
20241101_143647_359331311,-0.063682936
20241101_143647_613367052,0.04191915
20241101_143647_855662975,0.06387804
20241101_143648_101710841,0.12894131
20241101_143648_357879478,0.12564112
20241101_143648_607038512,0.11529756
20241101_143648_850893423,0.12928252
20241101_143649_361201319,0.13009112
20241101_143649_609221152,0.08847148
20241101_143649_856605007,0.06350777
20241101_143650_600806852,-0.19789727
20241101_143650_851082896,-0.37035063
20241101_143651_104086550,-1.4070534
20241101_143651_356995810,-2.093602
20241101_143651_604972828,0.06315682
20241101_143651_867635422,1.3865858
20241101_143652_106613710,0.416366
20241101_143652_361029507,1.3737664
20241101_143652_618069924,0.9691198
20241101_143652_857756171,0.8576798
20241101_143653_113430808,0.8156741
20241101_143653_364247060,0.80180776
20241101_143654_103033027,0.80115694
20241101_143654_355961231,0.21760772
20241101_143654_611314186,0.12307773
20241101_143654_854475431,1.076088
20241101_143655_105525072,-0.47663486
20241101_143655_351113126,-0.4960291
20241101_143655_603203749,-0.10505463
20241101_143655_854790743,0.030440496
20241101_143656_106715295,0.17554997
20241101_143656_359132291,0.3032954
20241101_143656_607646012,0.23918466
20241101_143656_854645939,0.15070169
20241101_143657_104518103,0.3872464
20241101_143657_350379651,0.19728921
20241101_143657_597268121,0.14653276
20241101_143657_846338501,-0.12696923
20241101_143658_102715193,-0.38469842
20241101_143658_349254686,-0.20777793
20241101_143658_603814663,-0.18268801
20241101_143659_098339110,-0.25447214
20241101_143659_355903273,1.1361706
20241101_143659_602182106,-0.53342855
20241101_143659_850725485,-0.07459422
20241101_143700_102819214,0.23406307
20241101_143700_349244605,-0.034117468
20241101_143700_599268334,-0.07824322
20241101_143701_103453045,-0.11402639
20241101_143701_352836579,-0.178656
20241101_143701_601827189,-0.23394813
20241101_143701_847557541,0.27782434
20241101_143702_097096838,0.08132229
20241101_143702_347973892,0.23555784
20241101_143702_602755277,0.17714791
20241101_143702_848571910,0.16811739
20241101_143703_353871587,0.12508903
20241101_143703_594670810,0.27588046
20241101_143703_846750907,0.2009535
20241101_143704_093738683,0.18517397
20241101_143704_345096506,0.73531806
20241101_143704_601089485,0.39931917
20241101_143704_855324508,0.383686
20241101_143705_100604629,0.35303134
20241101_143705_351245722,0.12321959
20241101_143705_598473087,0.14248423
20241101_143705_852806757,0.004120985
20241101_143706_599821858,0.08397565
20241101_143706_847931336,0.09900818
20241101_143707_098478688,0.09797082
20241101_143707_345511685,0.21283023
20241101_143707_594339079,0.19294165
20241101_143707_855988353,0.21150957
20241101_143708_115463901,0.2306668
20241101_143708_357260803,-0.0022172537
20241101_143708_600657834,-0.34496906
20241101_143708_864520812,-0.2007138
20241101_143709_114186107,0.24358557
20241101_143709_361946060,0.16621523
20241101_143709_604460018,0.13733129
20241101_143709_854766932,-0.07704946
20241101_143710_120454722,-0.18528302
20241101_143710_367793383,-0.18376906
20241101_143710_614569884,-0.096119724
20241101_143710_859816603,0.054814517
20241101_143711_106000822,-0.0056497063
20241101_143711_359589844,-0.027945897
20241101_143711_608764126,-0.038328372
20241101_143711_854251094,-0.15593113
20241101_143712_102571189,0.38540706
20241101_143712_355187479,0.053226627
20241101_143712_607401303,0.115104474
20241101_143714_353282891,0.0116546545
20241101_143714_597620513,-0.052776895
20241101_143714_847923626,-0.22637863
20241101_143715_096250401,-0.15924801
20241101_143715_352606724,-0.07932683
20241101_143715_598150805,-0.15926905
20241101_143715_847074819,-0.034323893
20241101_143716_093419533,-0.06234499
20241101_143716_348293227,-0.052845143
20241101_143716_850885110,-0.075581215
20241101_143717_097023892,0.0009625349
20241101_143717_344255418,0.01480172
20241101_143717_594438591,0.021814564
20241101_143718_591870126,0.17713271
20241101_143718_843500410,0.21605079
20241101_143719_092822228,0.14826034
20241101_143719_344236559,0.07623146
20241101_143719_599335281,0.056327857
20241101_143719_846060623,-0.073779784
20241101_143720_594987609,-0.0077838507
20241101_143720_855126538,0.025984267
20241101_143721_094081560,0.027584711
20241101_143721_343291581,-0.012667855
20241101_143722_341377689,-0.028123638
20241101_143723_104182577,-0.21558113
20241101_143723_349478635,-0.3762288
20241101_143723_604279499,0.017411487
20241101_143723_850633541,0.12074248
20241101_143724_096881051,0.04483775
20241101_143724_358378164,0.28313953
20241101_143724_592667904,0.16282426
20241101_143724_845791860,0.13971578
20241101_143725_594090165,0.14158897
20241101_143726_101613809,0.19342075
20241101_143726_348961892,0.14924477
20241101_143726_594805686,0.13610558
20241101_143727_093692517,0.016092995
20241101_143727_354270626,-0.20194949
20241101_143727_599866416,-0.18533696
20241101_143728_345200907,-0.25728014
20241101_143728_599187080,0.5388467
20241101_143728_862290359,0.045690812
20241101_143729_126106927,-0.3087812
20241101_143729_373828238,-0.18979324
20241101_143729_619668351,-0.17204286
20241101_143729_866693094,-0.14583196
20241101_143730_110996655,-0.45164227
20241101_143730_360298532,-0.35466078
20241101_143730_603844684,-0.2919552
20241101_143730_853264766,-0.58094645
20241101_143731_099327082,-2.0180078
20241101_143731_351869617,0.41725424
20241101_143731_599503199,0.14205877
20241101_143731_848420105,0.28591922
20241101_143732_099507760,0.22627659
20241101_143732_354653021,0.45277694
20241101_143732_595060658,0.30308884
20241101_143732_847156075,0.38649866
20241101_143733_096160594,0.40121394
20241101_143733_357313094,0.4874706
20241101_143733_608376699,0.4702443
20241101_143733_853450025,0.42627126
20241101_143734_097732117,0.6042127
20241101_143734_597146373,1.0039483
20241101_143734_850112930,0.9216923
20241101_143735_097654267,0.65077984
20241101_143735_347284097,0.67801553
20241101_143735_843325649,0.42527378
20241101_143736_096021694,0.27192995
20241101_143736_349793946,0.39300317
20241101_143736_598801371,0.7887626
20241101_143736_845122210,0.4975759
20241101_143737_346491656,0.83464736
20241101_143737_600017694,0.48069194
20241101_143738_601336971,0.06412227
20241101_143738_850758890,0.14631806
20241101_143739_097011918,0.05083058
20241101_143739_349405289,0.0752245
20241101_143739_597870635,0.2567902
20241101_143740_093710627,0.27351794
20241101_143740_340967141,0.13525675
20241101_143740_593645536,0.14592682
20241101_143740_855318333,0.16167055
20241101_143741_359156484,0.13150261
20241101_143741_596105224,0.10901538
20241101_143741_847238527,0.09792683
20241101_143742_096671292,0.22272296
20241101_143742_347866196,0.24248885
20241101_143742_605645373,0.17970018
20241101_143743_096751920,0.17480104
20241101_143743_345316997,0.12840746
20241101_143743_592715783,0.14024918
20241101_143744_091285534,0.12487242
20241101_143745_596070354,0.13417415
20241101_143745_846183241,0.14052294
20241101_143746_597466653,0.115414836
20241101_143746_848364551,0.06095747
20241101_143747_099176489,-0.13103725
20241101_143747_357110593,-0.12480732
20241101_143747_865391489,-0.043787025
20241101_143748_102540931,-0.19379206
20241101_143748_352735145,-0.087363206
20241101_143748_601303855,-0.056519292
20241101_143749_096932046,-0.07749244
20241101_143749_597481460,0.0009162221
20241101_143750_344915561,-0.022438308
20241101_143751_347785088,-0.027166864
20241101_143751_593292438,-0.0023852792
20241101_143751_845754289,0.046273954
20241101_143752_344485709,0.030138442
20241101_143752_597681759,0.033329256
20241101_143753_342648605,0.0009875093
20241101_143753_593993504,-0.054025285
20241101_143753_845390588,-0.016030809
20241101_143754_091800786,0.00052017905
20241101_143754_344082421,-0.03474494
20241101_143754_593889796,-0.028703352
20241101_143755_093566648,0.27200878
20241101_143755_342237435,0.2566776
20241101_143756_100805057,0.10585488
20241101_143756_358340482,0.004448006
20241101_143756_599435042,0.038927622
20241101_143756_847812198,0.09594945
20241101_143757_098451332,1.0807046
20241101_143757_352637645,0.27180493
20241101_143757_616165807,0.19861598
20241101_143757_864405773,0.20922892
20241101_143758_102110631,0.15284993
20241101_143758_348051269,0.12875633
20241101_143758_595506271,0.03677959
20241101_143759_857249671,0.04775671
20241101_143800_106530511,0.091760345
20241101_143800_368400555,0.3452042
20241101_143800_858896863,0.35565057
20241101_143801_102555904,0.109899886
20241101_143801_351599018,0.11758939
20241101_143802_099351356,0.06351773
20241101_143802_348657567,-0.08460399
20241101_143802_597834327,-0.004875263
20241101_143802_852150481,0.034640767
20241101_143803_097099597,-0.3596547
20241101_143803_349357923,-1.0551134
20241101_143803_604095703,-0.075460784
20241101_143803_855168133,0.104529984
20241101_143804_100841501,0.025405506
20241101_143804_351234143,0.22057103
20241101_143804_598024169,0.19737042
20241101_143804_848841203,0.03986136
20241101_143805_110350211,-0.00046288036
20241101_143805_358497265,0.020202825
20241101_143805_603286813,0.01489366
20241101_143805_851162832,-0.015956244
20241101_143806_095927871,-0.03277587
20241101_143806_349241781,-0.03839525
20241101_143806_602828461,0.31793883
20241101_143806_851968973,0.2753543
20241101_143807_102754853,0.19456275
20241101_143807_346884242,0.06982181
20241101_143807_598402464,0.1416633
20241101_143807_846423262,0.1114595
20241101_143808_354371154,-0.0039290395
20241101_143808_856515168,0.08065269
20241101_143809_108339071,0.078815944
20241101_143809_362114269,0.087018944
20241101_143809_601053435,0.054455794
20241101_143809_853299949,0.04326988
20241101_143810_097906920,0.07177285
20241101_143810_346368377,0.0358854
20241101_143810_594676683,0.04367257
20241101_143810_845134101,0.079662
20241101_143811_097991112,0.08153469
20241101_143811_349552735,0.3113275
20241101_143811_605766495,0.19781886
20241101_143811_851441523,0.6231929
20241101_143812_101961707,0.2880026
20241101_143812_356018295,0.27522618
20241101_143812_600123164,0.36999106
20241101_143812_843996693,0.28002495
20241101_143813_092373556,0.2689858
20241101_143813_342892129,0.21938299
20241101_143813_594486444,0.25225633
20241101_143814_095158985,0.16612746
20241101_143814_348541905,0.03150914
20241101_143814_603056390,0.08239133
20241101_143814_850480628,0.07860578
20241101_143815_096486775,0.119544275
20241101_143815_350623812,0.13028102
20241101_143815_600809121,-0.19764538
20241101_143815_850339982,-0.24180098
20241101_143816_599544818,-0.09547015
20241101_143816_849232269,-0.03630697
20241101_143817_093883944,-0.059428506
20241101_143817_344802639,-0.079706125
20241101_143817_843955971,-0.13913013
20241101_143818_092320546,-0.06871795
20241101_143818_344805902,0.0028169248
20241101_143818_603953063,0.0048732553
20241101_143818_866317999,0.03846509
20241101_143819_117745166,0.04996515
20241101_143819_357773758,0.039127298
20241101_143820_102789046,0.057306506
20241101_143820_355263580,0.088460065
20241101_143820_599627555,0.071179874
20241101_143821_101771333,0.092342265
20241101_143821_353777737,0.066530384
20241101_143821_596204509,0.07796515
20241101_143821_846792760,0.07828004
20241101_143822_094830993,0.05771721
20241101_143822_350302589,0.07280297
20241101_143822_614589625,0.06717182
20241101_143822_862531057,0.05568383
20241101_143823_104212787,0.06971411
20241101_143823_854294389,0.047431506
20241101_143824_097129078,0.07061217
20241101_143824_360856328,0.036222436
20241101_143824_846108009,0.017782876
20241101_143825_096629319,0.049681194
20241101_143825_351606810,0.10049782
20241101_143825_596829225,-0.10991859
20241101_143825_846932410,-0.041049898
20241101_143826_098588342,0.01780937
20241101_143826_348995972,0.10392854
20241101_143826_596138940,0.06673712
20241101_143826_848704545,0.08051015
20241101_143827_098283106,0.05826319
20241101_143827_349144113,0.105876006
20241101_143827_600029818,0.16773118
20241101_143827_848467267,0.05552993
20241101_143828_100279415,0.09041578
20241101_143828_597069559,0.08126349
20241101_143828_842264533,0.006940225
20241101_143829_091627515,0.070576526
20241101_143829_344965446,0.02718992
20241101_143829_593988736,-0.18290241
20241101_143829_846753816,0.02780811
20241101_143830_094800398,-0.23905666
20241101_143830_343219432,-0.06578224
20241101_143830_845651596,-0.04962232
20241101_143831_099887478,0.023306647
20241101_143831_351746574,-0.018083086
20241101_143831_592204848,0.008759329
20241101_143831_843693422,0.011010895
20241101_143832_342802821,-0.008582553
20241101_143833_091975993,-0.014871856
20241101_143833_847654111,-0.03654986
20241101_143834_099036520,0.032348253
20241101_143834_358799458,0.04522205
20241101_143835_096237923,0.22994609
20241101_143835_348816035,0.06933404
20241101_143836_844090716,0.08324347
20241101_143837_343886618,0.086450435
20241101_143838_342498398,0.007429013
20241101_143838_593413487,0.13159366
20241101_143838_841964755,0.08732409
20241101_143839_096204439,0.05240012
20241101_143839_345972218,0.07884682
20241101_143839_598177095,0.044191875
20241101_143839_847345560,1.0262398
20241101_143840_099089092,-0.098547846
20241101_143840_363469732,0.60883635
20241101_143840_633799226,0.39935583
20241101_143840_885941432,1.4796219
20241101_143841_133126193,-0.45071486
20241101_143841_373780034,0.18487732
20241101_143841_616084158,-0.066075854
20241101_143841_869610023,-0.07383132
20241101_143842_132611626,-0.041084133
20241101_143842_381930892,0.15394375
20241101_143842_620980849,0.20231085
20241101_143843_364010710,0.06304125
20241101_143843_608248416,-0.06556865
20241101_143843_858435140,-0.17558326
20241101_143844_099762112,-0.509502
20241101_143844_350303385,-0.3298719
20241101_143844_600288731,-0.22736825
20241101_143845_104872999,-0.33048987
20241101_143845_350726465,-0.48391637
20241101_143845_596557429,-0.24047048
20241101_143845_849939970,-0.1250416
20241101_143846_110185215,0.17879042
20241101_143846_360968631,0.32022467
20241101_143846_607851815,0.42012593
20241101_143846_863002793,0.5454154
20241101_143847_354819844,0.7479069
20241101_143847_601246565,0.412457
20241101_143847_849683125,0.50658464
20241101_143848_096726501,0.24078076
20241101_143848_347697634,0.20361088
20241101_143848_593426455,0.25907132
20241101_143848_845737296,0.38160953
20241101_143849_594241974,0.8801491
20241101_143849_844972070,0.36120912
20241101_143850_093572579,0.31750092
20241101_143850_344140136,0.25728622
20241101_143850_592559630,0.23057596
20241101_143851_596039377,0.26507512
20241101_143851_843888908,0.22551583
20241101_143852_094600352,0.25230268
20241101_143852_344143497,0.2203453
20241101_143852_594007345,-0.09907811
20241101_143852_850269521,-0.23068638
20241101_143853_116426912,-0.33740595
20241101_143853_362594398,-0.10854658
20241101_143853_619347303,0.03026549
20241101_143853_863727409,-0.0067221727
20241101_143854_105248341,-0.032750033
20241101_143854_602725327,-0.03065445
20241101_143854_854625662,0.0188692
20241101_143855_100310713,0.16963786
20241101_143855_598657039,0.11786155
20241101_143855_850079013,0.19604091
20241101_143856_097061289,0.3649936
20241101_143856_348009218,0.28339297
20241101_143856_592328221,0.28591803
20241101_143856_848200662,0.23614024
20241101_143857_095262904,0.06675229
20241101_143858_344129136,0.13800852
20241101_143858_595268048,0.51773465
20241101_143858_852202312,0.35449708
20241101_143859_349339853,0.26539293
20241101_143859_849646154,0.19289939
20241101_143900_599060293,0.027748981
20241101_143900_854553014,-0.11927404
20241101_143901_104945323,-0.15356742
20241101_143901_362576498,-0.18390276
20241101_143901_878662199,-0.11595907
20241101_143902_131368287,-0.05231019
20241101_143902_364934997,-0.03585776
20241101_143902_622706138,0.5457457
20241101_143902_883414367,-0.27137536
20241101_143903_126029259,-0.10426119
20241101_143903_371108262,-0.2713326
20241101_143903_608496756,-0.7687823
20241101_143903_861639472,-1.0630711
20241101_143904_102186426,0.4673901
20241101_143904_355352742,0.085648514
20241101_143904_608982114,0.16701774
20241101_143904_850203793,0.22342555
20241101_143905_098457973,0.80124027
20241101_143905_345965874,0.54771274
20241101_143905_850069382,0.2589734
20241101_143906_093738569,0.21871382
20241101_143906_344919304,-1.0667971
20241101_143906_597506313,-0.577024
20241101_143906_860572200,-0.28133827
20241101_143907_106885435,-0.33498138
20241101_143907_349324448,-0.53177917
20241101_143908_100315739,-0.47784922
20241101_143908_345377899,-0.563489
20241101_143908_593746494,-0.49659058
20241101_143908_843583936,-0.43834254
20241101_143909_093413264,-0.3717736
20241101_143909_343015820,-0.3825404
20241101_143909_593839941,-0.89604527
20241101_143909_842441354,-0.7083256
20241101_143910_093915068,-0.21539678
20241101_143910_357875369,0.45114085
20241101_143910_603116618,0.28349367
20241101_143910_849646057,0.098018624
20241101_143911_107269121,0.04685203
20241101_143912_107969468,-0.025505623
20241101_143912_366638196,0.06625853
20241101_143912_606931388,0.11475638
20241101_143912_860723700,0.08394716
20241101_143913_355117425,0.039477564
20241101_143913_599715204,0.05867759
20241101_143913_848125686,0.21600977
20241101_143914_098183880,0.2097492
20241101_143914_346964917,0.378938
20241101_143914_594903925,0.87953514
20241101_143914_855712271,0.67605865
20241101_143915_100584435,0.7394348
20241101_143915_348286190,0.507466
20241101_143916_102307447,0.20831607
20241101_143916_346405625,0.0472003
20241101_143916_599158393,0.25025824
20241101_143916_846895929,-0.1393208
20241101_143917_100642358,-0.20433311
20241101_143917_357061552,-0.4030551
20241101_143917_598554618,-0.80411285
20241101_143917_847406007,-0.7025781
20241101_143918_105132364,0.7462221
20241101_143918_354879971,0.062792934
20241101_143918_603096208,-0.282146
20241101_143918_852092623,0.41316208
20241101_143919_100996889,0.32506832
20241101_143919_356115315,0.17394553
20241101_143919_608784402,0.08225412
20241101_143919_854328281,0.17234008
20241101_143920_100722010,0.16397832
20241101_143920_349628473,0.28828898
20241101_143921_097453946,0.26939127
20241101_143921_598149821,0.2573993
20241101_143921_848080061,0.25770548
20241101_143923_850469534,0.68641347
20241101_143924_099303091,0.572704
20241101_143924_360100846,0.33407483
20241101_143924_596663258,0.9702472
20241101_143924_864874382,-0.025422534
20241101_143925_105563872,-0.91210896
20241101_143925_358994147,-0.0965425
20241101_143925_604508468,0.4927055
20241101_143925_861028193,0.45519933
20241101_143926_108978835,0.53007865
20241101_143926_364579648,0.38677043
20241101_143926_601568902,0.25116313
20241101_143926_847314435,0.19557339
20241101_143927_092572711,0.12816985
20241101_143927_345940848,0.15246232
20241101_143928_093713245,0.16689394
20241101_143928_342308946,0.08941779
20241101_143928_600652307,0.030075947
20241101_143928_848004719,0.036752142
20241101_143929_097708745,0.046715237
20241101_143929_346879733,0.064134754
20241101_143929_599661470,0.110011615
20241101_143929_854563214,0.14125822
20241101_143930_349332812,0.16983168
20241101_143930_591816877,0.18587439
20241101_143930_841813647,1.3690792
20241101_143931_098104645,-0.6554362
20241101_143931_345053345,-0.680126
20241101_143931_594280411,-0.78590673
20241101_143932_343910795,-0.55989987
20241101_143932_841063313,-0.670314
20241101_143933_089361295,-0.586237
20241101_143933_341155687,1.0865753
20241101_143933_605128851,0.937537
20241101_143933_851200328,0.68042165
20241101_143934_107196154,0.2760944
20241101_143934_348716509,0.26487002
20241101_143934_594034438,0.41675094
20241101_143934_848412118,0.35729492
20241101_143935_092965822,-0.004709324
20241101_143935_345584933,0.02195982
20241101_143935_598376212,-1.0833496
20241101_143935_854921540,-0.5720804
20241101_143936_098315209,-0.37028345
20241101_143936_350967142,-0.5138625
20241101_143936_596051945,-0.4856534
20241101_143937_093777092,-0.41876605
20241101_143937_343413352,0.10835802
20241101_143937_592562689,0.1527342
20241101_143937_840628636,0.04039476
20241101_143938_089686708,0.022749284
20241101_143938_350571744,0.027983645
20241101_143938_603019897,0.068538345
20241101_143939_096528102,0.2113093
20241101_143939_595557317,0.1230757
20241101_143939_857838981,0.25061223
20241101_143940_107800505,0.1528847
20241101_143940_350495609,0.14042644
20241101_143941_348801047,0.098427035
20241101_143941_595824113,0.120836236
20241101_143942_095541533,0.4484093
20241101_143942_345086424,0.16377889
20241101_143942_596079591,0.2136031
20241101_143942_852072545,0.16410129
20241101_143943_095387008,0.14667378
20241101_143943_594079392,0.56941986
20241101_143943_850887197,1.7042739
20241101_143944_098708665,0.60101485
20241101_143944_357800164,0.9154185
20241101_143944_603570601,0.28080562
20241101_143944_848119884,-0.7635467
20241101_143945_097769452,0.030635333
20241101_143945_345928057,0.6948084
20241101_143945_605431665,0.096182175
20241101_143945_847010693,0.022725353
20241101_143946_095400562,-0.2849652
20241101_143946_343357692,-0.40545002
20241101_143946_597658785,-0.18317969
20241101_143946_845106847,-0.14380975
20241101_143947_594835677,-0.13820799
20241101_143947_842436148,-0.0018857569
20241101_143948_091836946,-1.078703
20241101_143948_341123703,-0.8040051
20241101_143948_591324801,-0.8364224
20241101_143948_841109008,-0.7920535
20241101_143949_095790384,-0.88471836
20241101_143949_347855116,-0.8186305
20241101_143949_853794728,-0.77840346
20241101_143950_095010861,-0.6740182
20241101_143950_344430654,-0.20272332
20241101_143950_597461924,-0.26914796
20241101_143950_843821539,-0.21455346
20241101_143952_850934315,-0.85362583
20241101_143953_092189951,-1.1955267
20241101_143955_092575171,-1.0398034
20241101_143955_340873444,-0.7550989
20241101_143955_589336811,-0.64788634
20241101_143956_842140912,0.62156373
20241101_143957_098723975,0.40948313
20241101_143957_346496835,0.43262318
20241101_143957_596669387,0.14192085
20241101_143957_855572021,0.093543984
20241101_143958_104562409,0.23386829
20241101_143958_357197969,0.6105467
20241101_143958_599771895,-0.67852604
20241101_143958_853697009,-0.5941834
20241101_143959_102354500,-0.78561854
20241101_143959_354871442,-0.7316452
20241101_143959_608485745,-0.70573944
20241101_143959_851919356,-0.9141661
20241101_144000_106005371,-0.18313546
20241101_144000_356502116,-0.10191622
20241101_144000_593946297,0.37855425
20241101_144000_843625127,0.62588525
20241101_144001_093192415,0.384652
20241101_144001_347450537,0.052876033
20241101_144001_604679764,-0.43265304
20241101_144001_856894572,-0.18864404
20241101_144002_099686432,-0.31749967
20241101_144002_348694990,-0.26790357
20241101_144002_601056681,-0.46274063
20241101_144002_853865938,-0.61611223
20241101_144003_114267621,0.05489681
20241101_144003_364441936,0.32554826
20241101_144003_620313411,0.8600197
20241101_144003_868558959,0.19171123
20241101_144004_118153414,0.07860849
20241101_144004_366272933,-0.0815089
20241101_144004_608602156,-0.12375399
20241101_144004_867160200,-0.13025819
20241101_144005_107018465,-0.015963038
20241101_144005_349829422,0.30548036
20241101_144005_607922359,0.31351888
20241101_144006_598960082,0.22270297
20241101_144006_845259104,0.2082762
20241101_144007_098675668,0.16247271
20241101_144007_352968164,-0.04694303
20241101_144007_596913595,-0.18520351
20241101_144007_852796337,-0.053119563
20241101_144008_095227088,-0.09916427
20241101_144008_345345722,-0.04523232
20241101_144008_598920565,-0.02939715
20241101_144009_353303763,-0.09495928
20241101_144009_595318067,-0.05029019
20241101_144009_845720601,-0.03754016
20241101_144011_105292277,0.012665609
20241101_144011_347009282,0.0320786
20241101_144013_351145400,-0.027594289
20241101_144013_589744086,-0.013076445
20241101_144013_843652634,-0.021579048
20241101_144014_092661798,0.091474034
20241101_144014_342323207,0.0881054
20241101_144014_841494749,0.6923852
20241101_144015_095785539,0.40063384
20241101_144015_597527456,0.22607462
20241101_144015_844649565,0.25066897
20241101_144016_093234469,0.25357848
20241101_144016_343566752,-0.05232235
20241101_144016_603338641,-0.3463907
20241101_144016_849234334,-0.3497117
20241101_144017_093482410,-0.1525264
20241101_144017_346368153,-0.122148864
20241101_144017_591599225,-0.10160478
20241101_144017_847610881,0.06802193
20241101_144018_345770149,-0.0019175019
20241101_144018_842689966,-0.0055661406
20241101_144019_097603148,0.00089249946
20241101_144019_605856604,-0.03072699
20241101_144019_849645112,-0.08699917
20241101_144023_095170711,-0.06526711
20241101_144024_605603079,0.042702712
20241101_144024_853606544,0.058396615
20241101_144025_112320135,0.23434739
20241101_144025_357880835,0.9482303
20241101_144025_613942857,0.21090685
20241101_144026_103442444,0.33791733
20241101_144026_612685491,-0.146361
20241101_144026_868438129,0.0011020247
20241101_144027_109062520,0.16824235
20241101_144027_366927344,0.60022306
20241101_144027_609022618,0.33567035
20241101_144027_853369192,0.1979016
20241101_144028_103690594,0.17560814
20241101_144028_350073236,0.08307616
20241101_144029_349166900,0.082262434
20241101_144032_089492013,0.09051154
20241101_144032_340877871,0.09198729
20241101_144032_590228708,0.11227802
20241101_144032_842518305,0.12612014
20241101_144033_095808068,-0.1721078
20241101_144033_339773544,-0.066459976
20241101_144033_588293529,-0.0038435068
20241101_144034_341531292,0.020574072
20241101_144034_588068070,0.023843149
20241101_144034_842666219,-0.013559183
20241101_144035_093195963,-0.0037343707
20241101_144035_350803391,0.031806685
20241101_144035_854456113,0.5590295
20241101_144036_109920199,1.1994481
20241101_144036_355232159,0.10837192
20241101_144036_613484625,-0.24430598
20241101_144036_858371397,-0.7788506
20241101_144037_111650179,0.7459146
20241101_144037_366071578,-0.5562348
20241101_144037_613664290,-0.33990136
20241101_144037_858745277,-0.39853975
20241101_144038_100327856,-0.8015985
20241101_144038_345094001,-0.78626466
20241101_144039_343641514,-0.6440782
20241101_144039_863972320,-0.77793014
20241101_144040_105593402,-0.84436667
20241101_144040_347244415,-0.72959894
20241101_144040_595308048,-0.84859306
20241101_144040_848109994,0.95676845
20241101_144041_101871367,0.6904664
20241101_144041_352432288,0.771523
20241101_144041_598847748,0.4354603
20241101_144041_855091016,0.59637326
20241101_144042_097636489,0.32819197
20241101_144042_349475475,0.55719405
20241101_144042_850837205,0.44566625
20241101_144043_099072805,0.08720759
20241101_144043_346581188,0.15611129
20241101_144043_593012795,0.20100795
20241101_144043_842946885,0.4209625
20241101_144044_089513608,0.39512342
20241101_144044_591408274,1.6011716
20241101_144044_847254094,0.5981805
20241101_144045_094560972,0.5961818
20241101_144045_845684967,0.1807655
20241101_144046_098390963,0.15265347
20241101_144046_355731183,0.08027417
20241101_144046_598729277,0.2535665
20241101_144046_849542206,0.16276802
20241101_144047_104835813,0.22060399
20241101_144047_359550499,0.41853827
20241101_144047_602040811,0.30994165
20241101_144048_101562219,-0.17609288
20241101_144048_346930402,-0.1938657
20241101_144048_594909436,0.2842603
20241101_144048_851680394,1.3930163
20241101_144049_110147471,0.8334124
20241101_144049_357815802,0.5539649
20241101_144049_606791109,0.54592556
20241101_144049_859278739,0.5491249
20241101_144050_103113820,0.4574215
20241101_144050_356428517,0.5621631
20241101_144050_604269942,0.5283125
20241101_144051_091109596,0.5350314
20241101_144052_340666170,0.4566421
20241101_144052_596732558,0.11202637
20241101_144052_844410783,0.12901594
20241101_144053_093992629,-0.009994796
20241101_144053_347293011,0.040709414
20241101_144053_594566250,0.05842886
20241101_144053_845439942,0.054647394
20241101_144054_339026956,0.07079447
20241101_144054_594857110,0.08413271
20241101_144054_840069342,0.11007471
20241101_144055_087969964,0.27468005
20241101_144055_841039775,0.171625
20241101_144056_340096004,-0.119855724
20241101_144056_591059038,-0.29961118
20241101_144056_840931932,0.2682569
20241101_144057_091249199,0.11820478
20241101_144057_343186546,0.076323666
20241101_144057_609900174,0.07323838
20241101_144057_864755691,0.03635726
20241101_144058_107193067,0.087106116
20241101_144058_606318474,0.36314055
20241101_144059_097988529,0.32242483
20241101_144059_346028379,0.26237735
20241101_144059_594715537,0.25179824
20241101_144100_592171039,0.22494556
20241101_144100_844497156,0.48136213
20241101_144101_098237529,0.3822262
20241101_144101_350113387,0.15814357
20241101_144101_607812526,0.15923063
20241101_144101_852898287,0.10791371
20241101_144102_101977848,0.15914358
20241101_144102_606944116,-0.0058309045
20241101_144102_850740845,-0.34393004
20241101_144103_105661934,-0.11257335
20241101_144103_599606500,-0.098376594
20241101_144104_354338036,-0.055529736
20241101_144104_607260418,0.106813826
20241101_144104_865504456,0.06456948
20241101_144105_104031603,0.027926425
20241101_144105_346495451,0.027396122
20241101_144105_843981851,0.032807983
20241101_144106_092254840,0.025191823
20241101_144106_346387097,0.20758565
20241101_144106_594370314,0.26155472
20241101_144106_850232954,-0.03243812
20241101_144107_093635227,-0.16545059
20241101_144107_342684814,0.32078734
20241101_144107_592715786,0.35877433
20241101_144107_840860427,0.28182963
20241101_144108_340533386,0.13544796
20241101_144108_587864730,0.19206785
20241101_144108_840036755,0.19790898
20241101_144109_089704418,0.20110305
20241101_144109_340160947,0.19924532
20241101_144109_838795968,0.085313894
20241101_144110_090910565,0.016062716
20241101_144110_343535165,0.06511278
20241101_144111_849672330,-0.18716867
20241101_144112_098014480,-0.06617346
20241101_144112_350647276,-0.020813605
20241101_144112_594309810,0.19048493
20241101_144112_846496356,0.15781458
20241101_144113_100171348,0.16106527
20241101_144113_606172314,0.21709768
20241101_144113_862588350,0.29947245
20241101_144114_111314851,0.29415587
20241101_144114_366180397,0.26058543
20241101_144114_597083442,0.2606975
20241101_144114_848195070,-0.11392661
20241101_144115_089372058,0.012201766
20241101_144115_341232166,0.036763765
20241101_144117_345900393,-0.32377937
20241101_144117_588453477,-0.33053127
20241101_144117_843205134,0.14305253
20241101_144118_088237184,0.027369956
20241101_144118_342790768,0.018155346
20241101_144118_594355681,-0.026017567
20241101_144120_107774499,0.073450066
20241101_144120_354691254,0.051711
20241101_144120_598827550,0.034449555
20241101_144120_848894221,0.2059743
20241101_144121_097149523,0.1250339
20241101_144121_351804568,-0.095026456
20241101_144121_602860490,-0.13600959
20241101_144123_092615228,-0.03245213
20241101_144123_344670895,0.12793694
20241101_144123_601143884,0.3449247
20241101_144123_858292736,0.2822625
20241101_144124_376282307,0.59397084
20241101_144124_603556189,0.24572699
20241101_144124_847748479,0.26705763
20241101_144125_107845101,0.18118267
20241101_144125_346904146,0.21996064
20241101_144125_596166181,0.0969084
20241101_144125_843841897,0.102422275
20241101_144126_096749272,-0.13678892
20241101_144126_348623585,-0.06465723
20241101_144126_594316137,-0.0038044658
20241101_144126_842993443,0.021917442
20241101_144127_847489871,-0.33789188
20241101_144128_102221354,-0.1188949
20241101_144128_347405046,0.20027345
20241101_144128_605364850,0.10289354
20241101_144129_093794498,0.07225869
20241101_144129_342100891,0.05510489
20241101_144129_597720461,0.10765413
20241101_144129_842834471,0.09751532
20241101_144130_088775818,0.057440497
20241101_144130_342196500,0.070354916
20241101_144131_090498742,0.074288584
20241101_144131_341191425,0.088410415
20241101_144131_840324166,0.07883594
20241101_144132_089981136,0.063255586
20241101_144132_340759378,0.047050096
20241101_144132_593041511,0.020108024
20241101_144132_846604889,0.04597912
20241101_144133_346065507,0.056427695
20241101_144133_595446635,0.01599131
20241101_144133_840522627,0.011867264
20241101_144134_094825547,0.02435694
20241101_144134_342427189,0.058790185
20241101_144134_595993555,0.07669405
20241101_144134_839561966,0.066863574
20241101_144135_089355180,0.021307627
20241101_144135_341550525,0.013791004
20241101_144135_590266470,0.031210164
20241101_144137_342074059,0.049648084
20241101_144137_591095673,-0.12577416
20241101_144138_344299724,-0.40199736
20241101_144138_593175867,-0.47059897
20241101_144138_846940617,0.14892457
20241101_144139_093575308,0.014838258
20241101_144139_591809463,0.25120592
20241101_144139_842241435,0.15466775
20241101_144140_599530288,0.14494653
20241101_144140_848834640,0.11584256
20241101_144141_840762810,0.12756597
20241101_144142_092692354,0.10712672
20241101_144142_343876370,0.09585098
20241101_144142_589823041,0.085502245
20241101_144142_842530054,0.08922697
20241101_144143_096987450,0.09611679
20241101_144143_344792286,0.08677859
20241101_144143_588691499,0.09394137
20241101_144143_837661407,0.0491238
20241101_144144_090699821,-0.08340799
20241101_144144_337542943,-0.01625081
20241101_144144_587645153,0.001709858
20241101_144144_839205348,0.1882399
20241101_144145_088536188,0.11814756
20241101_144145_340235055,0.083673514
20241101_144145_838344640,0.08095882
20241101_144146_348944837,0.0970803
20241101_144146_593628400,0.079649426
20241101_144147_086992243,0.051500358
20241101_144147_339198488,0.03017036
20241101_144147_586873631,0.044580854
20241101_144147_838129757,0.05170641
20241101_144148_087675567,0.022842446
20241101_144148_341665128,0.0488042
20241101_144148_594580926,0.05030159
20241101_144148_850334499,-0.29317278
20241101_144149_091045554,-0.11047801
20241101_144149_342729893,0.1527326
20241101_144149_593984703,0.082091786
20241101_144149_845814090,0.05192373
20241101_144150_092660189,0.18183543
20241101_144150_340676926,0.15834577
20241101_144150_596653147,0.16476299
20241101_144150_843435173,0.1268471
20241101_144151_089339441,0.13245048
20241101_144151_342164789,0.097388275
20241101_144151_606493808,0.12119279
20241101_144151_848089611,0.10624585
20241101_144152_096587995,0.08094687
20241101_144152_347042737,0.02240924
20241101_144152_609519256,0.038319983
20241101_144152_855626089,0.03984592
20241101_144153_355414899,0.06252173
20241101_144153_595690201,0.07109491
20241101_144153_843491973,0.08052144
20241101_144154_097809389,0.05905757
20241101_144155_598722318,0.08809248
20241101_144155_847028888,0.021300236
20241101_144156_092921823,-0.093678914
20241101_144156_344246343,-0.06128993
20241101_144156_839545255,-0.043894194
20241101_144157_090741610,-0.024584075
20241101_144157_852098442,0.37018487
20241101_144158_095585900,1.5728039
20241101_144158_345412841,0.40583172
20241101_144158_592264559,0.972182
20241101_144158_847205155,0.78327894
20241101_144159_098541354,1.0417163
20241101_144159_346339637,0.1410893
20241101_144159_591469345,0.055709787
20241101_144159_838158472,0.68207914
20241101_144200_093348042,1.2055299
20241101_144200_344390166,0.49633595
20241101_144200_595496540,0.6284936
20241101_144200_845865729,0.7662776
20241101_144201_091007210,0.983419
20241101_144201_345427733,0.26808748
20241101_144201_592261308,0.2695715
20241101_144201_844556106,0.49067685
20241101_144202_092803451,1.2968588
20241101_144202_346283856,0.59948015
20241101_144202_590417078,1.2615765
20241101_144202_839303126,1.5157293
20241101_144203_088171206,0.6223163
20241101_144203_341728949,0.9205443
20241101_144203_588843815,0.16189663
20241101_144203_838555155,0.21937345
20241101_144204_089114546,0.29348537
20241101_144204_342227803,0.5022036
20241101_144204_600102001,0.4818233
20241101_144205_105513201,0.43155724
20241101_144205_349694158,0.62732303
20241101_144205_593348705,0.48930076
20241101_144205_840431447,0.41260993
20241101_144206_088798790,0.069468535
20241101_144206_347553617,-0.16375877
20241101_144206_593289420,-0.21683754
20241101_144206_844744047,-0.15056072
20241101_144207_100512720,-0.10117402
20241101_144207_348353546,-0.09735184
20241101_144207_838795031,-0.09278741
20241101_144208_087782159,-0.073069595
20241101_144208_345698359,0.017595435
20241101_144208_591078982,0.13659663
20241101_144208_848652163,0.21157488
20241101_144209_341451739,0.12761717
20241101_144209_592491438,0.61793053
20241101_144209_846658350,0.00065384246
20241101_144210_089229815,0.024919609
20241101_144210_341184845,0.6294567
20241101_144210_587538108,0.3026479
20241101_144211_339317780,0.22281729
20241101_144211_838933943,0.040174164
20241101_144212_086993767,0.049575396
20241101_144212_340456993,0.1792021
20241101_144212_589116818,0.12373073
20241101_144213_845881353,0.4041531
20241101_144214_093876549,0.26175228
20241101_144214_346781977,0.8209665
20241101_144214_598883550,0.4601642
20241101_144214_843967315,0.67529035
20241101_144215_089366008,0.44424373
20241101_144215_345777230,0.56101817
20241101_144215_601520037,0.41063762
20241101_144215_847169082,0.7119179
20241101_144216_093514718,0.36754334
20241101_144216_341164088,0.2819603
20241101_144216_599673063,0.29873955
20241101_144216_849436493,0.5867046
20241101_144217_090402844,1.3005182
20241101_144217_342989138,-0.35214093
20241101_144217_591432006,-1.4156921
20241101_144217_845027582,-1.6126062
20241101_144218_091168829,0.5580069
20241101_144218_344987984,0.8528955
20241101_144218_596898078,0.71033907
20241101_144218_846658680,0.6152051
20241101_144219_096436164,0.48003396
20241101_144219_346547736,0.24835275
20241101_144219_589227889,0.14444508
20241101_144219_842525989,0.008352974
20241101_144220_101878297,-0.048173063
20241101_144220_346763021,-0.29722074
20241101_144220_597347039,-0.17869854
20241101_144220_847238205,0.3608612
20241101_144221_093001287,0.336878
20241101_144221_344724524,0.4394495
20241101_144221_599083114,0.25287303
20241101_144221_851480761,0.23671158
20241101_144222_097853034,0.4195073
20241101_144222_346286696,0.5310912
20241101_144222_592280763,0.48383436
20241101_144223_351034229,0.41280222
20241101_144223_599389263,0.3265342
20241101_144223_851851367,0.07226301
20241101_144224_102083175,0.08713729
20241101_144224_367572939,0.5981946
20241101_144224_592055891,0.5821452
20241101_144224_853380478,0.4750798
20241101_144225_363196214,0.44186455
20241101_144226_103505793,0.22874211
20241101_144226_361765650,0.0065608714
20241101_144226_602482138,0.3491054
20241101_144226_846870412,0.3744401
20241101_144227_088728175,0.1437354
20241101_144227_342456538,0.23432864
20241101_144227_591342485,0.22694035
20241101_144227_848050352,0.21517454
20241101_144228_351480814,0.20171519
20241101_144228_602526461,0.19084011
20241101_144229_343555515,-0.019449254
20241101_144229_593652446,0.10249633
20241101_144229_850908007,0.023242483
20241101_144230_341845538,-0.24540307
20241101_144230_588646255,-0.06694826
20241101_144230_847803070,-0.37247145
20241101_144231_104946679,-0.117600724
20241101_144231_354859494,0.4188267
20241101_144231_603766701,0.3524506
20241101_144231_851895625,0.23506854
20241101_144232_094266302,0.7652013
20241101_144232_349330002,1.491169
20241101_144232_596668338,-0.5965773
20241101_144232_856981555,-0.15403797
20241101_144233_098663385,-0.15868731
20241101_144233_350614438,-1.1752621
20241101_144233_594534343,0.3896378
20241101_144233_846509038,0.37046087
20241101_144234_094412766,0.3520961
20241101_144235_591134710,0.31652585
20241101_144235_840824570,0.33746573
20241101_144236_090446171,0.25437418
20241101_144237_339150022,0.3821818
20241101_144237_592067678,0.21085475
20241101_144237_838553915,0.30566683
20241101_144238_088034313,0.2895061
20241101_144238_340452437,0.27675003
20241101_144238_589125373,0.26520708
20241101_144239_338529035,0.22877656
20241101_144240_095453647,0.26400188
20241101_144241_344216517,-0.11622008
20241101_144241_593970864,-0.18515973
20241101_144241_841388190,0.27535343
20241101_144242_090159602,0.15452747
20241101_144242_347505139,0.05771122
20241101_144242_841209045,0.08404902
20241101_144243_092661563,0.124400236
20241101_144243_344675958,0.1767085
20241101_144243_608294162,0.19800611
20241101_144243_864022990,0.30831832
20241101_144244_112934850,0.40683445
20241101_144244_352938676,0.25575787
20241101_144244_598611617,0.2975702
20241101_144244_848912052,0.2437322
20241101_144245_101506982,0.014303723
20241101_144245_352475764,-0.25741097
20241101_144245_599952739,-0.28485236
20241101_144245_857733104,-0.019667825
20241101_144246_846147908,0.3122521
20241101_144247_091886650,0.20401882
20241101_144247_592679026,0.10080341
20241101_144249_846289212,0.06461642
20241101_144250_346431468,0.043218352
20241101_144250_592299945,0.03989581
20241101_144251_336620648,0.025791029
20241101_144251_587711805,-0.49537376
20241101_144251_846382912,-0.68051463
20241101_144252_095323638,-0.38899693
20241101_144252_342093071,0.06588806
20241101_144252_594031752,-0.03239643
20241101_144253_839291286,-0.19209538
20241101_144254_086769415,-0.14399995
20241101_144254_336702498,-0.09746035
20241101_144255_335757542,-0.08368506
20241101_144256_094703737,-0.07374861
20241101_144257_589055884,-0.06995078
20241101_144257_852292268,-0.057987474
20241101_144258_601562138,-0.11483004
20241101_144259_094240619,0.07346913
20241101_144259_347165852,-0.15770184
20241101_144259_598728499,-0.23030607
20241101_144259_856001092,-0.120086275
20241101_144300_102812991,-0.07174631
20241101_144300_845311596,0.040511794
20241101_144301_107915454,0.14360513
20241101_144301_349850094,-0.0052374806
20241101_144301_598620629,-0.035085045
20241101_144301_848921435,-0.06353005
20241101_144302_094667663,-0.053043924
20241101_144302_348235593,-0.16147123
20241101_144302_598878631,-0.16849817
20241101_144302_853174715,-0.11671271
20241101_144303_343707424,-0.11043265
20241101_144303_595171124,-0.16509204
20241101_144303_847248531,-0.09740659
20241101_144304_100928077,-0.09971913
20241101_144304_601242038,-0.099415
20241101_144305_342221644,-0.06705227
20241101_144305_589400194,0.055794932
20241101_144306_095624690,0.22329022
20241101_144306_345344138,0.05263225
20241101_144306_591078730,0.025915364
20241101_144307_340618199,0.066926606
20241101_144307_590653314,0.032412685
20241101_144307_843142269,-0.022779843
20241101_144308_343190077,-0.0830585
20241101_144308_594364940,-0.10556
20241101_144308_847683534,-0.11599072
20241101_144309_107944372,-0.29618618
20241101_144309_372373785,-2.213482
20241101_144309_613464107,0.17535542
20241101_144309_866698600,0.21897738
20241101_144310_102969085,0.8960157
20241101_144310_350486086,1.7598932
20241101_144310_611039797,-0.5035901
20241101_144310_866174267,-0.16467804
20241101_144311_114402407,-0.049090244
20241101_144311_361078330,-0.23601879
20241101_144311_601348338,-0.35079226
20241101_144311_858000532,-0.21675731
20241101_144312_107934287,-0.1660925
20241101_144312_351202446,-0.21632142
20241101_144312_595301773,-0.19771765
20241101_144314_363626422,-0.12211963
20241101_144314_611492973,-0.19524743
20241101_144314_856490793,-0.22725828
20241101_144315_107699602,-0.17061724
20241101_144315_358964964,-0.16263835
20241101_144315_600602073,-0.16271318
20241101_144316_094274696,-0.19817974
20241101_144316_344883109,-0.40262303
20241101_144316_596687944,0.6281119
20241101_144316_849718591,0.37415388
20241101_144317_096385128,0.244678
20241101_144317_352575372,0.103138246
20241101_144317_597986775,0.21916343
20241101_144318_350980061,0.2562538
20241101_144318_595923498,0.55764043
20241101_144318_853279035,1.1030321
20241101_144319_097409565,1.092097
20241101_144319_352176394,1.157746
20241101_144319_600639773,0.7458339
20241101_144319_844967725,0.5215745
20241101_144320_091705367,-0.3519457
20241101_144320_345590701,0.006803604
20241101_144320_598262189,-0.4838439
20241101_144320_843679103,-0.119558714
20241101_144321_089652796,0.27506757
20241101_144321_341748629,0.06090615
20241101_144321_595456725,0.016736487
20241101_144321_847837824,0.16618781
20241101_144322_097932688,0.09658734
20241101_144322_346705482,0.43579146
20241101_144322_594249794,0.15791242
20241101_144322_843016514,0.478106
20241101_144323_089871283,0.23369469
20241101_144323_345121207,1.4127063
20241101_144323_600817019,-0.20344198
20241101_144323_849987806,0.7996636
20241101_144324_096435702,0.17518036
20241101_144324_360699703,0.4098619
20241101_144324_594677589,0.08693455
20241101_144324_849806113,0.36646506
20241101_144325_094310354,0.21551399
20241101_144325_340681224,0.13168178
20241101_144325_843512373,0.12596153
20241101_144326_092804900,-0.5242418
20241101_144326_348974971,-0.1486388
20241101_144326_604088408,0.29337814
20241101_144326_854945523,0.40607712
20241101_144327_109067026,0.31631526
20241101_144328_097220240,0.2245992
20241101_144328_345994843,0.21179838
20241101_144328_598357657,0.063909985
20241101_144329_089381230,0.04221926
20241101_144329_344644580,0.057807244
20241101_144329_592337738,-0.20051007
20241101_144329_845115288,-0.08905014
20241101_144330_351465384,-0.082204126
20241101_144330_599845100,-0.14985062
20241101_144330_845940670,-0.36530125
20241101_144331_093003168,-0.5155107
20241101_144331_347205632,-0.38252565
20241101_144331_591432042,-0.40250152
20241101_144331_847075912,-0.29999992
20241101_144332_093922534,-0.74879944
20241101_144332_349436563,-1.4390765
20241101_144332_595481946,-0.6360053
20241101_144332_844548278,-0.85073334
20241101_144333_090816257,-0.8530349
20241101_144333_347647118,-0.85994667
20241101_144333_593958217,-0.61381847
20241101_144333_849336944,-0.3161229
20241101_144334_093108176,-0.43135342
20241101_144335_339336388,-0.57456326
20241101_144335_588891245,0.37467924
20241101_144335_842315260,0.44606206
20241101_144336_099325018,0.36473337
20241101_144336_346764839,0.24328665
20241101_144340_343291879,0.2681034
20241101_144340_600776668,0.6249289
20241101_144341_340676314,0.65593666
20241101_144341_595454981,0.007475177
20241101_144343_096673320,0.16737057
20241101_144344_095492840,0.09854797
20241101_144344_350743757,-0.10136499
20241101_144344_602478019,-0.117661916
20241101_144344_853502355,0.0055266414
20241101_144345_101791728,0.020356694
20241101_144345_356002466,0.01495103
20241101_144345_599356560,0.030672768
20241101_144346_093842936,0.22214486
20241101_144346_352328559,0.2723833
20241101_144346_603143222,0.24970798
20241101_144346_848697113,0.12264512
20241101_144347_099001295,0.16616915
20241101_144347_352227142,0.124555625
20241101_144347_594955508,0.021191517
20241101_144347_839072584,0.055730976
20241101_144348_092642869,0.08832077
20241101_144348_343903972,0.07023219
20241101_144348_590709592,0.060647286
20241101_144349_345714952,-0.09904011
20241101_144349_593054407,-0.030893704
20241101_144349_843285154,-0.1540264
20241101_144350_094763572,-0.037697636
20241101_144350_354489871,-0.018194517
20241101_144350_598543651,-0.03182604
20241101_144351_093033137,-0.022702595
20241101_144351_342839330,-0.024759194
20241101_144351_845177479,0.2541153
20241101_144352_091860800,0.27328008
20241101_144352_343738412,0.6559296
20241101_144352_602474879,0.43237102
20241101_144352_849678588,0.9886622
20241101_144353_097199880,0.54225975
20241101_144353_353783937,0.8689577
20241101_144353_601868452,0.53033984
20241101_144353_858043330,0.53106976
20241101_144354_099374950,0.42953223
20241101_144354_359643625,1.1356022
20241101_144354_606570426,0.34483847
20241101_144354_855068017,0.97100717
20241101_144355_096382340,0.33358932
20241101_144355_353088850,0.04019194
20241101_144355_590798147,-0.085765205
20241101_144355_845574853,0.80509996
20241101_144356_094676403,0.6316112
20241101_144356_345117160,0.48930088
20241101_144356_594811103,0.26666054
20241101_144356_842369795,0.6227528
20241101_144357_098800054,0.04491584
20241101_144357_343941376,0.09138886
20241101_144357_590612616,0.27409485
20241101_144357_841906187,0.1728779
20241101_144358_589538862,0.14851509
20241101_144359_340020765,0.09983883
20241101_144359_849724370,0.08580927
20241101_144400_094480553,0.08020178
20241101_144400_351404189,0.064137734
20241101_144400_610505279,0.058592416
20241101_144400_850385490,0.10121671
20241101_144401_100310788,-0.00594767
20241101_144401_347839804,-0.376232
20241101_144401_599856681,-0.4494653
20241101_144401_847664698,0.0025448147
20241101_144402_102129412,0.12008304
20241101_144402_353851645,0.05437062
20241101_144402_602470496,0.021329382
20241101_144402_848760205,0.06574068
20241101_144403_094259691,0.5213104
20241101_144403_346345616,0.41364595
20241101_144403_591422040,0.40248206
20241101_144403_842220407,-0.026969275
20241101_144404_093681686,-0.1295511
20241101_144404_344565067,0.03289119
20241101_144404_589334327,-0.071658276
20241101_144404_837562798,-0.14195074
20241101_144405_094832566,-0.12397268
20241101_144405_600293054,-0.15405904
20241101_144405_857174209,0.1724797
20241101_144406_093549792,0.117799915
20241101_144406_342977116,0.58991754
20241101_144406_594181633,0.80466825
20241101_144406_858658645,-0.10954348
20241101_144407_102715955,0.22984116
20241101_144407_359882072,-0.007728534
20241101_144407_608367862,-0.03429719
20241101_144407_855448286,-0.007813593
20241101_144408_096935006,-0.2542666
20241101_144408_347368463,-0.3310606
20241101_144408_603348880,-0.25248012
20241101_144408_856626710,-1.7729365
20241101_144409_103904531,0.44582888
20241101_144409_347607764,0.13284783
20241101_144409_596142943,0.06377778
20241101_144409_853198289,0.07299665
20241101_144410_100496453,-0.05902233
20241101_144410_348567101,0.071193196
20241101_144410_595461749,0.06529955
20241101_144411_343013939,0.022819558
20241101_144412_090485486,0.00019816495
20241101_144412_339863329,-0.061720513
20241101_144412_593221527,-0.19461639
20241101_144412_843015324,-0.06219145
20241101_144413_091648010,-0.06238451
20241101_144413_348038746,-0.08902409
20241101_144413_843022431,-0.22575583
20241101_144414_091416162,-0.2698609
20241101_144414_342183476,-0.51837057
20241101_144414_599302273,-0.9178754
20241101_144414_850087425,-0.26462948
20241101_144415_097649537,-0.64451164
20241101_144415_351812328,-0.5467191
20241101_144415_602337720,0.52663803
20241101_144415_856633077,0.13693826
20241101_144416_096028463,0.004239181
20241101_144416_348521250,0.11412562
20241101_144416_591982304,0.36398014
20241101_144416_844388901,0.7751859
20241101_144417_093805593,1.4135957
20241101_144417_337440738,0.9325822
20241101_144417_585178560,0.6651647
20241101_144417_843358968,0.89606977
20241101_144418_089363388,1.0767503
20241101_144418_343615248,0.8569283
20241101_144418_590486055,0.7086907
20241101_144418_848773232,0.28223535
20241101_144419_088848013,-0.43430033
20241101_144419_341985939,-0.51346296
20241101_144419_586383644,-0.5826707
20241101_144419_842938576,-0.3284772
20241101_144420_090443845,-0.36050338
20241101_144420_339897765,-0.3377354
20241101_144420_601324688,-0.39812317
20241101_144420_852443774,-0.15320842
20241101_144421_106347526,-0.08039115
20241101_144421_348181046,-0.20812939
20241101_144421_591734218,-0.13955595
20241101_144421_845325902,-0.22727509
20241101_144422_095795213,-0.22669764
20241101_144422_341509734,-0.17588724
20241101_144422_588341630,0.17782657
20241101_144422_843486909,-0.037039243
20241101_144423_091394595,-0.076825105
20241101_144423_592241347,-0.0900264
20241101_144424_836789963,-0.08046659
20241101_144425_085896649,-0.18315054
20241101_144425_339419692,0.19096048
20241101_144425_587479857,0.3967299
20241101_144425_839135766,0.946875
20241101_144426_086307299,0.9648436
20241101_144426_339911906,0.6781177
20241101_144426_589786824,0.5639762
20241101_144426_839112195,1.8708338
20241101_144427_090957308,-0.088592485
20241101_144427_354511406,-0.8097269
20241101_144427_597793105,-0.4989585
20241101_144428_841091055,0.15347104
20241101_144429_093538122,0.25562438
20241101_144429_340057860,0.24865244
20241101_144429_586582733,0.15388487
20241101_144429_836087564,0.11781184
20241101_144430_335559452,0.07927207
20241101_144430_590515366,0.07415775
20241101_144431_088449293,-1.6821096
20241101_144431_341001952,-0.6537941
20241101_144431_588662789,-0.412618
20241101_144431_838250214,-0.28408793
20241101_144432_088576293,-0.47844604
20241101_144432_341488865,-0.37153158
20241101_144432_588129842,-0.24110557
20241101_144432_835017142,-0.17900135
20241101_144433_833747073,-0.19058086
20241101_144434_085311441,-0.29845372
20241101_144435_088523707,-0.50261694
20241101_144435_587814896,-0.3355129
20241101_144435_837997580,-0.40624598
20241101_144436_084695346,-0.5202528
20241101_144437_085672229,-0.3423407
20241101_144437_336282607,-0.65058655
20241101_144437_588380972,-0.57163036
20241101_144437_844583478,-0.7168426
20241101_144438_090584366,-1.208522
20241101_144438_338953182,0.28678146
20241101_144438_591360239,0.71247154
20241101_144438_861528003,0.34390792
20241101_144439_106724845,0.31728813
20241101_144439_345546105,0.2847329
20241101_144439_591196582,0.25688353
20241101_144439_840515528,1.0066936
20241101_144440_089100062,-0.4312869
20241101_144440_345303976,-1.4559457
20241101_144440_598080144,-0.42006654
20241101_144440_859561620,-0.7148084
20241101_144441_103220340,-0.80436534
20241101_144441_351930156,-0.80490595
20241101_144441_590175734,-0.96669966
20241101_144441_843401264,-0.8420438
20241101_144442_093102004,-0.90356225
20241101_144442_347654628,0.5171245
20241101_144442_604321127,0.27673018
20241101_144442_850153697,0.47410598
20241101_144443_094801257,0.3353482
20241101_144443_348389523,-0.20225996
20241101_144443_597902289,0.013873247
20241101_144443_849571780,-0.6490959
20241101_144444_101618844,-0.44184718
20241101_144444_345079862,-0.38612932
20241101_144444_590496152,-0.37329268
20241101_144445_095755125,-0.45060492
20241101_144445_339624332,-0.45502093
20241101_144445_839410640,-0.7151901
20241101_144446_338311498,-0.44631153
20241101_144446_597267273,0.49307963
20241101_144446_859539319,0.41276458
20241101_144447_095839866,0.27390823
20241101_144447_343326960,0.24322475
20241101_144447_594372851,0.21537618
20241101_144447_856626942,0.3774936
20241101_144448_111450781,0.34481397
20241101_144448_361683636,0.9752415
20241101_144448_601663524,0.75910693
20241101_144449_094020174,0.49904236
20241101_144449_588670959,0.74058
20241101_144449_839611214,0.6294977
20241101_144450_091283893,0.38221037
20241101_144450_355769357,0.43090326
20241101_144450_596202056,0.14769275
20241101_144450_847277580,-0.009295216
20241101_144451_089268346,-0.009122333
20241101_144451_341797613,0.04959724
20241101_144451_590563029,0.021464983
20241101_144451_843212667,0.0022256766
20241101_144452_088739848,-0.015719792
20241101_144452_337653778,-0.040408306
20241101_144452_590188136,0.020665655
20241101_144452_838343443,0.02702109
20241101_144453_090089967,-0.06342833
20241101_144453_342280311,0.025567183
20241101_144453_590488671,-0.001279762
20241101_144453_840703863,-0.025715819
20241101_144454_091233840,-0.03262364
20241101_144454_344559175,-0.034973077
20241101_144454_591133046,-0.04212045
20241101_144455_089297591,-0.1442855
20241101_144455_341712452,-0.08101141
20241101_144455_586323927,-0.025806805
20241101_144455_836672300,0.007237235
20241101_144456_083587869,-0.00744004
20241101_144456_341664677,0.0035919938
20241101_144456_591028963,-0.21517347
20241101_144456_842379405,-0.07356232
20241101_144457_094811413,-1.2928344
20241101_144457_347694519,-0.29052106
20241101_144457_594402937,-2.1621983
20241101_144457_845364800,-2.5003195
20241101_144458_088521382,-0.7879186
20241101_144458_343576106,-0.70885426
20241101_144458_592432789,0.4644643
20241101_144458_848337859,0.3172305
20241101_144459_096141237,-0.23714244
20241101_144459_346385164,-0.31949094
20241101_144459_590422711,0.1793064
20241101_144459_849917954,-0.12527652
20241101_144500_100599649,-0.08518829
20241101_144500_348830610,-0.2833251
20241101_144500_604456912,-0.2107674
20241101_144500_860405905,-0.19559641
20241101_144501_100947739,0.5000098
20241101_144501_353175805,0.011542657
20241101_144501_597366508,0.3240628
20241101_144501_860724662,1.8689911
20241101_144502_098409896,0.09705199
20241101_144502_353506962,0.070018806
20241101_144502_594788415,-0.40872765
20241101_144502_848581552,-0.2472452
20241101_144503_092601956,0.20564261
20241101_144503_345796174,-0.26369992
20241101_144503_600057944,-0.8071713
20241101_144503_859478694,-0.4951929
20241101_144504_111025625,-0.43090996
20241101_144504_366158445,-0.438067
20241101_144504_609772168,-0.11423638
20241101_144504_856536295,0.008437792
20241101_144505_107061183,-0.13536884
20241101_144505_379605419,0.22725026
20241101_144505_611227324,0.5042227
20241101_144505_854366383,0.48196337
20241101_144506_098213961,0.25647703
20241101_144506_357587664,0.0846071
20241101_144506_602656307,0.106159784
20241101_144506_854009662,-0.10190322
20241101_144507_100957054,-0.63292485
20241101_144507_351808945,0.3543636
20241101_144507_599266098,0.12745859
20241101_144507_849654357,-0.054233216
20241101_144508_098494500,-0.23548032
20241101_144508_342731947,-0.15004636
20241101_144508_586852926,-0.15613945
20241101_144508_838409427,-0.15055509
20241101_144509_086305162,-0.022623857
20241101_144509_336438352,-0.023573598
20241101_144509_584078814,-0.04163041
20241101_144509_838744401,-0.4384339
20241101_144510_090473150,0.6450359
20241101_144510_341622266,0.4215733
20241101_144510_591327080,0.39335766
20241101_144510_841040548,0.5676093
20241101_144511_091401117,0.5760659
20241101_144511_351890981,0.30871984
20241101_144511_602998319,0.35892925
20241101_144511_861916861,-0.1304992
20241101_144512_114926974,0.94642043
20241101_144512_363804171,0.20705327
20241101_144512_611717851,-0.1129637
20241101_144512_852677247,-0.34297237
20241101_144513_095089461,-0.40849274
20241101_144513_346804966,-0.35128418
20241101_144513_588499093,-0.5887863
20241101_144513_841473637,-1.6160227
20241101_144514_088687990,-0.78314596
20241101_144514_347154285,-0.7393314
20241101_144514_599246570,0.13672413
20241101_144514_852639189,-0.03400799
20241101_144515_092784803,-0.047341242
20241101_144515_350643384,0.37212187
20241101_144515_603269851,0.35082814
20241101_144515_846176609,0.27985707
20241101_144516_089195736,0.1629151
20241101_144516_338986270,0.21085198
20241101_144516_587335828,0.0696855
20241101_144516_840800353,0.15672202
20241101_144517_091203235,0.22556315
20241101_144517_350884816,0.1974052
20241101_144517_606459853,0.19309194
20241101_144517_849921586,1.8375301
20241101_144518_100366488,0.9703149
20241101_144518_347685780,0.22130631
20241101_144518_590768924,-0.008656135
20241101_144518_840157607,-0.11341979
20241101_144519_091786333,-0.3322309
20241101_144519_342311559,-0.41387364
20241101_144519_591627779,-0.39731374
20241101_144519_844338496,-0.26522255
20241101_144520_091610214,-0.7541388
20241101_144520_338107792,-0.5386675
20241101_144520_588917584,-0.36612853
20241101_144520_835471809,-0.14675398
20241101_144521_089699140,-0.31041992
20241101_144521_338639548,-0.34853593
20241101_144521_591527675,-0.2633412
20241101_144521_864728601,-0.15783764
20241101_144522_358108719,-0.37196922
20241101_144522_610565209,-0.28473297
20241101_144522_851696808,-0.14456464
20241101_144523_095793706,-0.23251434
20241101_144523_346778699,-0.91032404
20241101_144523_593726502,-0.8092148
20241101_144523_848354306,0.25415394
20241101_144524_094915575,0.034427382
20241101_144524_367125750,0.33448675
20241101_144524_613005505,-0.4941784
20241101_144524_856010653,-0.12734006
20241101_144525_099381941,-0.26424366
20241101_144525_350649228,-0.73362094
20241101_144525_597788493,-0.48297948
20241101_144525_853099039,0.043096505
20241101_144526_097475639,0.20288777
20241101_144526_349174475,0.3425158
20241101_144526_593109341,0.15051787
20241101_144526_843434836,0.112934746
20241101_144527_097028046,0.10598747
20241101_144527_343885080,-0.027591905
20241101_144527_589361883,0.0024640355
20241101_144528_346815280,1.2761036
20241101_144528_595938000,0.19562739
20241101_144528_839912988,0.25954497
20241101_144529_092902686,0.32766327
20241101_144529_338641465,0.17720701
20241101_144529_840241441,0.20495789
20241101_144530_093016478,0.25878426
20241101_144530_342809501,0.42050433
20241101_144530_591141651,0.30311728
20241101_144530_848482747,0.2695632
20241101_144531_106856375,-0.29302946
20241101_144531_345106030,-0.07918369
20241101_144531_594948397,-0.18130328
20241101_144531_840626938,-0.037485443
20241101_144532_092134192,-0.2356338
20241101_144532_348846195,0.24507271
20241101_144532_593450777,0.0011385474
20241101_144532_847007812,0.029276112
20241101_144533_092150069,0.010897974
20241101_144533_345159836,-2.0957234
20241101_144533_595416405,-1.0962427
20241101_144533_843309981,-0.45257226
20241101_144534_094207176,-0.65811497
20241101_144534_348700811,-0.16963406
20241101_144534_607708136,-0.7498651
20241101_144534_853385879,-0.5174957
20241101_144535_108056253,-0.62597436
20241101_144535_360511166,-0.46067932
20241101_144535_613561577,-0.5224446
20241101_144535_873909453,-0.7554502
20241101_144536_129487842,0.4553583
20241101_144536_363741325,0.20269118
20241101_144536_603995226,0.5371789
20241101_144536_851096264,0.48451266
20241101_144537_093608578,0.34181866
20241101_144537_590612461,0.29230848
20241101_144539_087248911,0.41472667
20241101_144539_341378039,0.6060786
20241101_144539_595092681,0.5274742
20241101_144539_844681452,0.3358687
20241101_144540_342861283,1.5376425
20241101_144540_591377033,0.77704304
20241101_144540_841471186,1.0417438
20241101_144541_095108407,2.0079324
20241101_144541_352298619,-0.18130949
20241101_144541_599367921,1.4513267
20241101_144541_842745424,0.5710614
20241101_144542_089077481,0.0011187587
20241101_144542_338670592,-0.25686458
20241101_144542_594124042,0.02348105
20241101_144542_851343537,0.16288508
20241101_144543_092481797,0.17035389
20241101_144543_590258087,0.06808237
20241101_144544_086103304,0.0921602
20241101_144544_340007326,0.4434113
20241101_144544_594783802,-0.025792668
20241101_144544_841309782,0.0664443
20241101_144545_088944149,0.008964298
20241101_144545_339404872,0.03103433
20241101_144545_589051232,0.056311347
20241101_144545_837070537,0.055322506
20241101_144546_087631504,0.21936603
20241101_144546_337381174,0.86967564
20241101_144546_588507381,0.4988
20241101_144546_838466031,0.24938746
20241101_144547_090992287,0.25229478
20241101_144547_590645782,0.23940168
20241101_144547_837209024,0.069130994
20241101_144548_089128149,-0.18367703
20241101_144548_342205499,0.06208811
20241101_144548_589190470,0.048763193
20241101_144548_840723428,-0.035350583
20241101_144549_091110282,0.33629093
20241101_144549_343458045,0.41515416
20241101_144549_590800397,0.91628945
20241101_144549_841668221,0.4770762
20241101_144550_087893909,0.30456954
20241101_144550_337922160,0.28734174
20241101_144550_585859644,0.279986
20241101_144550_837421075,0.43787622
20241101_144551_090332922,0.25223812
20241101_144551_339160349,0.90311503
20241101_144551_587643211,1.2598139
20241101_144551_836019232,0.6286097
20241101_144552_090634677,0.7140063
20241101_144552_337950026,0.70661473
20241101_144552_587370937,0.6309201
20241101_144552_835241805,0.43205595
20241101_144553_083320684,0.47893062
20241101_144553_335131966,0.14743367
20241101_144553_589834685,-0.4131653
20241101_144553_840960323,-0.17363833
20241101_144554_088951876,-0.34249043
20241101_144554_340905811,-0.17819388
20241101_144554_593952208,-0.6329143
20241101_144554_846931448,-0.81797177
20241101_144555_105393590,0.87683743
20241101_144555_347434693,0.76155555
20241101_144555_595936674,0.10621924
20241101_144555_852573557,-0.6475763
20241101_144556_092790182,-0.97125965
20241101_144556_341392383,-0.8042846
20241101_144556_592190989,-0.061143413
20241101_144557_085122453,-0.22403754
20241101_144557_338983649,-0.62720937
20241101_144557_589785629,-0.16091983
20241101_144557_848475096,-0.09474098
20241101_144558_094111460,-0.19592907
20241101_144558_348283414,-0.18242611
20241101_144559_089627221,-0.18818696
20241101_144559_343237822,0.12183634
20241101_144559_599510401,0.36636552
20241101_144559_846709753,0.40179116
20241101_144600_091586097,0.06676296
20241101_144600_342757671,0.09432975
20241101_144600_588128093,2.2378442
20241101_144600_841269235,1.7625108
20241101_144601_090850647,0.21716551
20241101_144601_343898621,0.25547877
20241101_144601_593814794,-0.022814235
20241101_144601_843911188,-0.05007585
20241101_144602_092282797,0.3748155
20241101_144602_341490408,1.8303349
20241101_144602_590796383,0.53211397
20241101_144602_844133643,0.8273516
20241101_144603_086952089,0.62207514
20241101_144603_337378086,0.32121268
20241101_144603_588372308,0.52102095
20241101_144603_838415635,0.8521853
20241101_144604_087712695,0.12457762
20241101_144604_337130269,1.3423618
20241101_144604_585337361,1.1660424
20241101_144604_837452971,0.52311957
20241101_144605_094732716,0.4519737
20241101_144605_343325277,0.4310834
20241101_144605_603357033,0.64362705
20241101_144606_103842180,0.47369567
20241101_144606_352943770,0.16476695
20241101_144606_594466363,0.012587586
20241101_144606_843671573,0.14629366
20241101_144607_094376831,0.005007187
20241101_144607_347754892,-0.19460176
20241101_144607_591654609,0.02593396
20241101_144607_846816397,0.01501582
20241101_144608_101882951,0.14714338
20241101_144608_609935631,0.07970194
20241101_144608_857216016,0.16437034
20241101_144609_106558292,0.07958231
20241101_144609_346307546,0.01806877
20241101_144609_592207030,-0.12366652
20241101_144609_839947756,-0.07873186
20241101_144610_089825942,-0.08637675
20241101_144610_340460953,-0.07027265
20241101_144611_090315478,-0.23713778
20241101_144611_339641741,-1.2215179
20241101_144611_590379255,-0.067188405
20241101_144611_848980191,0.07464687
20241101_144612_098269131,-0.045647107
20241101_144612_347849582,-0.32197022
20241101_144612_590477421,0.6661245
20241101_144612_842891768,1.0068486
20241101_144613_099674339,2.1189942
20241101_144613_346917901,0.13014503
20241101_144613_593234642,0.07703571
20241101_144613_843177316,0.028709212
20241101_144614_088972066,-0.013807913
20241101_144614_335432267,-1.8978544
20241101_144614_589232396,-1.3254845
20241101_144614_836815017,-1.5070919
20241101_144615_093993401,0.79812264
20241101_144615_340966459,1.0559161
20241101_144615_585814389,0.69602126
20241101_144615_834177653,0.5294603
20241101_144616_084605080,0.4674842
20241101_144616_334328738,0.12422214
20241101_144616_589375056,-0.124253266
20241101_144616_843920890,-0.27167282
20241101_144617_095860506,-0.6899785
20241101_144617_354594733,0.23539676
20241101_144617_600391328,-0.2732573
20241101_144617_850848073,-0.25280705
20241101_144618_100498790,0.21128725
20241101_144618_352745581,-0.4986314
20241101_144618_599392707,0.15970352
20241101_144618_858264819,0.22966875
20241101_144619_099504822,1.3241005
20241101_144619_351855708,-0.14439727
20241101_144619_605818211,-0.26699933
20241101_144619_847474782,-0.11508509
20241101_144620_091258172,-0.17281128
20241101_144620_349813211,-2.483295
20241101_144620_599563969,-1.1311951
20241101_144620_845532148,0.7124736
20241101_144621_093930507,0.70861876
20241101_144621_345265243,-0.217492
20241101_144621_596458592,0.101859905
20241101_144621_842584623,1.2429957
20241101_144622_093007230,0.3305814
20241101_144622_342043736,0.6527863
20241101_144622_595907195,0.0026600156
20241101_144622_847960247,0.1631803
20241101_144623_099232947,0.11034367
20241101_144623_346778281,0.13910244
20241101_144623_596265383,0.14100002
20241101_144623_857895646,0.20320196
20241101_144624_102772001,0.13362722
20241101_144624_359978986,1.169884
20241101_144624_603887836,2.309815
20241101_144624_850115422,0.4523616
20241101_144625_094693016,-0.0058946814
20241101_144625_345449180,0.10556296
20241101_144625_592576532,0.48041466
20241101_144625_843446729,0.3834503
20241101_144626_089162410,0.8753667
20241101_144626_348465763,-0.21809639
20241101_144626_602575436,-0.54297346
20241101_144626_844256424,-0.2999585
20241101_144627_089079092,-0.43081203
20241101_144627_344249205,-0.9371843
20241101_144627_596396100,-0.34145412
20241101_144627_859380027,-0.32467064
20241101_144628_107568766,-0.35772225
20241101_144628_349987978,-0.01155222
20241101_144628_594976633,-0.08301058
20241101_144629_095037811,-0.12191983
20241101_144629_345449448,-0.1571971
20241101_144629_589605428,-0.09963014
20241101_144629_839438666,-0.11227124
20241101_144630_088720357,-0.3216631
20241101_144630_343374683,-0.5098214
20241101_144630_591008292,-0.27616778
20241101_144630_843831874,-0.28795412
20241101_144631_090358794,-0.76075906
20241101_144631_337285688,-0.053334676
20241101_144631_589426922,-0.0057107415
20241101_144631_839167359,-0.0070903506
20241101_144632_091233099,-0.27911744
20241101_144632_337841848,0.11608858
20241101_144632_591943545,0.038830705
20241101_144632_836953629,-0.030979117
20241101_144633_086203816,-0.11382791
20241101_144633_837422993,-0.12760587
20241101_144634_085222106,0.09959737
20241101_144634_338188527,0.17414454
20241101_144634_588660787,0.0704423
20241101_144634_837723185,0.23346151
20241101_144635_088075660,0.071717836
20241101_144635_340075751,-0.023091754
20241101_144635_842200508,-0.17794771
20241101_144636_090111711,-0.034514986
20241101_144636_339313667,-0.010492882
20241101_144636_584747959,-0.0074996557
20241101_144636_837934750,-0.090258084
20241101_144637_084578075,-0.1396376
20241101_144637_336646025,-0.15401067
20241101_144637_588911623,-0.009710869
20241101_144637_844406730,-0.082121216
20241101_144638_090908284,-0.2910926
20241101_144638_340841571,0.39302287
20241101_144638_587279971,0.18289225
20241101_144638_840812803,0.27122006
20241101_144639_088036508,0.17318468
20241101_144639_346922962,0.7907102
20241101_144639_590996820,0.23986416
20241101_144639_838390786,0.0670381
20241101_144640_088196273,0.13081537
20241101_144640_342384648,0.76630217
20241101_144640_595986453,0.4560347
20241101_144640_843254954,0.40670523
20241101_144641_110268398,-0.560327
20241101_144641_361355698,-0.121729515
20241101_144641_605817697,-1.109459
20241101_144641_850510687,-0.6585216
20241101_144642_089457639,-0.898139
20241101_144642_340152633,-0.23962398
20241101_144642_587956563,-0.15787502
20241101_144642_844599400,-0.07813992
20241101_144643_091514146,-0.10367247
20241101_144643_342408976,-0.27962908
20241101_144643_591455737,-0.37010017
20241101_144643_840915739,0.34649315
20241101_144644_096441391,-0.11063256
20241101_144644_340474088,-0.11709639
20241101_144644_843174148,0.01590083
20241101_144645_092894492,0.061277367
20241101_144645_348689547,0.10012738
20241101_144645_593627935,0.09182409
20241101_144645_844060057,0.082340755
20241101_144646_103390111,-0.20636187
20241101_144646_352426466,-0.25579074
20241101_144646_589046526,-0.32903215
20241101_144646_852467434,-1.1430213
20241101_144647_097995713,-2.3704228
20241101_144647_350950302,0.3704634
20241101_144647_599001489,0.65913725
20241101_144647_855436568,0.13536178
20241101_144648_112654634,-0.4153976
20241101_144648_360741814,-0.10954919
20241101_144648_600481103,-0.040083937
20241101_144648_845179381,-0.16157259
20241101_144649_094025587,-0.14336805
20241101_144649_343466861,-0.16444667
20241101_144649_593218123,-0.09703233
20241101_144649_839969192,-0.09818854
20241101_144650_098160933,-0.11304318
20241101_144650_349206850,-0.0846416
20241101_144650_588713578,-0.0918782
20241101_144650_846510793,-0.8251718
20241101_144651_093929401,-0.5480059
20241101_144651_342356410,-0.5145123
20241101_144651_589244981,-0.46270505
20241101_144651_839080007,-0.29836437
20241101_144652_088855885,-0.103316955
20241101_144652_348833086,0.8868928
20241101_144652_598809828,1.119391
20241101_144652_846945314,0.24518321
20241101_144653_099743797,-0.035772286
20241101_144653_343040845,-0.21609916
20241101_144653_589287642,-0.06089803
20241101_144654_092655071,-0.043818377
20241101_144654_343210030,-0.1461428
20241101_144654_590302622,-0.23257072
20241101_144654_847604502,-0.2921634
20241101_144655_100270313,-0.2578335
20241101_144655_351500821,-0.64387983
20241101_144655_600041769,-0.41052112
20241101_144655_847767997,-0.26351133
20241101_144656_346708234,-0.22384726
20241101_144656_598038999,-0.15298013
20241101_144656_845308444,-0.12764616
20241101_144657_092497952,-0.10243546
20241101_144657_351031372,-0.033305127
20241101_144657_592108958,-0.081364624
20241101_144657_845043035,-0.05571928
20241101_144658_091534827,-0.109766446
20241101_144658_343811142,-0.1158795
20241101_144658_593695583,-0.18981718
20241101_144658_844783729,-0.11153307
20241101_144659_091515593,-0.14086972
20241101_144659_342849537,-0.21957113
20241101_144659_600572362,-0.19353695
20241101_144659_842778781,-0.037671886
20241101_144700_085695397,-0.37979344
20241101_144700_336826696,-0.10014161
20241101_144700_589294449,0.018353017
20241101_144700_846634591,0.017217228
20241101_144701_093369494,-0.25897664
20241101_144701_344738156,-0.1976962
20241101_144701_597099399,0.09704087
20241101_144701_858764978,0.07873247
20241101_144702_104085785,0.03352613
20241101_144702_346703502,0.0016015265
20241101_144702_596545664,0.095411696
20241101_144702_856948813,1.4039972
20241101_144703_102155802,-0.62451255
20241101_144703_349496101,-0.14673029
20241101_144703_595769882,-0.16112067
20241101_144703_844083337,-0.26478705
20241101_144704_087257986,0.031852886
20241101_144704_337130284,-0.27441502
20241101_144704_587961665,-0.4155561
20241101_144704_840619165,-0.04338952
20241101_144705_093514077,-0.2543926
20241101_144705_350039328,-0.30661812
20241101_144705_598447182,-0.21025546
20241101_144705_841305848,-0.20014994
20241101_144706_097700367,-0.26661822
20241101_144706_350340661,-0.2206213
20241101_144706_596375949,-0.08556094
20241101_144706_839087515,-0.11123242
20241101_144707_088945820,-0.12505043
20241101_144707_338980609,-0.16316189
20241101_144707_587580749,-0.05855932
20241101_144707_837453638,0.06842043
20241101_144708_086569790,0.14656837
20241101_144708_336529424,0.1250131
20241101_144708_590188255,0.07827223
20241101_144708_850025697,0.05213002
20241101_144709_099229397,0.033635534
20241101_144709_352895602,0.0011524353
20241101_144709_596907283,-1.2735676
20241101_144709_852603391,0.33945626
20241101_144710_101774765,-0.08410039
20241101_144710_352716048,-0.7049343
20241101_144710_592809306,-1.0313827
20241101_144710_846395534,-0.4812164
20241101_144711_093593659,-0.40093297
20241101_144711_341248652,-0.35332033
20241101_144711_587306999,-0.06465962
20241101_144711_843731437,-0.071700834
20241101_144712_098395749,-0.13348092
20241101_144712_343011650,-0.134472
20241101_144712_590088745,-0.06485703
20241101_144712_839187804,-0.09476648
20241101_144713_087684661,-0.3569016
20241101_144713_336665458,-0.3224984
20241101_144713_586812686,-0.22459148
20241101_144713_844748460,-0.17745383
20241101_144714_090170039,-0.16787304
20241101_144714_337120077,-0.14810969
20241101_144714_849785809,-0.0652202
20241101_144715_089079451,-0.15430446
20241101_144715_343207723,-0.2301466
20241101_144715_592499295,-0.15818156
20241101_144715_841536197,-0.093098216
20241101_144716_103714961,-0.15806653
20241101_144716_346899169,-1.4337342
20241101_144716_588811254,0.08639798
20241101_144716_840084680,-0.07155337
20241101_144717_092067817,-0.22995226
20241101_144717_341860420,-0.6409696
20241101_144717_595519968,-0.77079
20241101_144717_855062334,-0.256748
20241101_144718_088825759,-0.24200527
20241101_144718_337469211,-0.2728888
20241101_144718_589088018,-0.32240307
20241101_144718_836950458,-0.2147298
20241101_144719_095367889,-0.1982248
20241101_144719_340504188,-0.28788647
20241101_144719_840843850,-0.14349794
20241101_144720_094069918,-0.24014147
20241101_144720_341026549,-0.35150975
20241101_144720_606155642,-0.17396982
20241101_144720_840156347,-0.08273157
20241101_144721_086144387,-0.39066628
20241101_144721_341207546,-0.42010137
20241101_144721_593789691,-0.32389113
20241101_144722_345473986,-0.21505626
20241101_144722_590027157,0.074026756
20241101_144722_842835709,-0.11387911
20241101_144723_090154516,-0.24567877
20241101_144723_341940270,-0.34092137
20241101_144723_589058790,-0.46706262
20241101_144723_849069073,-0.10437023
20241101_144724_095429054,-0.11668863
20241101_144724_360374503,-0.19081707
20241101_144724_585324607,-0.19577931
20241101_144725_089232163,-0.08888849
20241101_144725_338118549,-0.16567148
20241101_144725_836327417,-0.18485405
20241101_144726_084683447,-0.20748211
20241101_144726_342250501,-0.32278726
20241101_144726_588333564,0.49225357
20241101_144726_844514568,0.23407649
20241101_144727_092947990,0.17123978
20241101_144727_341464096,-0.035778843
20241101_144727_596966368,0.04080216
20241101_144727_856404819,0.06311569
20241101_144728_098237242,0.087329485
20241101_144728_341159229,1.2201724
20241101_144728_604531858,0.88250285
20241101_144728_849516569,0.889605
20241101_144729_088534236,0.6441935
20241101_144729_339651785,0.5947623
20241101_144729_588791394,0.2772738
20241101_144729_848687680,0.06845305
20241101_144730_103387890,0.50427574
20241101_144730_349203393,1.8703201
20241101_144730_593861920,-0.45071313
20241101_144730_844456365,-0.24811561
20241101_144731_085743309,0.5402006
20241101_144731_336271947,0.062369622
20241101_144731_586236787,0.01648269
20241101_144731_837878545,0.6038655
20241101_144732_091418268,0.3433075
20241101_144732_339187684,0.13037734
20241101_144732_838685548,0.2280005
20241101_144733_084665956,0.57838845
20241101_144733_337922765,0.4475661
20241101_144733_584617006,0.38284403
20241101_144733_836972141,0.35687453
20241101_144734_085563193,0.26336777
20241101_144734_341296767,0.40998632
20241101_144734_586341362,0.5376483
20241101_144734_836174075,-0.8713637
20241101_144735_083470416,-0.41601664
20241101_144735_335290513,-0.3778835
20241101_144735_584733880,-0.3636781
20241101_144735_835893192,-0.59555525
20241101_144736_086352828,0.33853567
20241101_144736_337539991,0.07326249
20241101_144736_588840733,0.09643499
20241101_144736_841245319,-0.98887306
20241101_144737_096056963,0.055023946
20241101_144737_344539235,-0.11321261
20241101_144737_591391140,-0.076591276
20241101_144737_843983365,-0.055195533
20241101_144738_093164485,-0.17662801
20241101_144738_600393740,0.05481998
20241101_144738_850266257,2.5892787
20241101_144739_106548387,1.2585609
20241101_144739_358275983,0.90216416
20241101_144739_599615822,0.28101218
20241101_144739_852448802,0.27019182
20241101_144740_096479931,-0.008396765
20241101_144740_349298785,-0.729623
20241101_144740_599665734,1.0314919
20241101_144740_850817496,-0.37199646
20241101_144741_090481729,0.06672835
20241101_144741_347559307,-0.12371536
20241101_144741_592315432,0.0027385186
20241101_144741_840167497,1.0697602
20241101_144742_092911810,-0.29653218
20241101_144742_338795255,0.9476617
20241101_144742_593817615,0.8770962
20241101_144742_837785982,1.0985447
20241101_144743_097343446,-1.0696188
20241101_144743_345128048,-0.31664377
20241101_144743_594674011,0.10614846
20241101_144743_838434889,-0.0014319066
20241101_144744_086377319,-0.33517057
20241101_144744_334929080,-1.0382019
20241101_144744_585692599,-0.034962334
20241101_144744_834929411,-0.9690165
20241101_144745_084406066,-1.075381
20241101_144745_332570238,-0.061085135
20241101_144745_582488381,-1.0756487
20241101_144745_835711819,-0.10643207
20241101_144746_084437984,-1.5982827
20241101_144746_346429646,0.50020474
20241101_144746_594509215,-0.25358018
20241101_144746_847675733,1.0398002
20241101_144747_094212913,-0.17457457
20241101_144747_338150741,0.6018755
20241101_144747_594616115,1.3722942
20241101_144747_834793044,-0.9798833
20241101_144748_082950761,0.8228606
20241101_144748_334646220,1.4260532
20241101_144748_834270937,-1.046236
20241101_144749_083110190,-0.6876196
20241101_144749_336321166,-0.30218923
20241101_144749_586555971,-0.32032102
20241101_144749_840325751,-0.3533316
20241101_144750_093709672,-0.50181836
20241101_144750_350015103,0.67416066
20241101_144750_604058199,0.5550677
20241101_144750_850878781,0.31437477
20241101_144751_093059349,0.19449942
20241101_144751_348425777,0.20469587
20241101_144751_598152852,0.2580047
20241101_144752_338600431,0.9215743
20241101_144752_590446059,0.26606348
20241101_144752_848556082,0.48467454
20241101_144753_343010010,0.34437644
20241101_144753_591859266,-0.36075476
20241101_144753_840748569,0.59402573
20241101_144754_089665448,0.46094105
20241101_144754_339832832,0.3450692
20241101_144754_589650371,0.36350498
20241101_144754_836579193,0.25376734
20241101_144755_087530345,0.21462248
20241101_144755_336093355,0.2695454
20241101_144755_584505233,0.95454633
20241101_144755_840528369,0.6465047
20241101_144756_091519079,1.7807391
20241101_144756_344122373,-0.38780835
20241101_144756_590962577,-0.4945585
20241101_144756_838510833,-0.2082253
20241101_144757_091001123,0.12725757
20241101_144757_339826705,-0.23040845
20241101_144757_583893364,-0.28079042
20241101_144757_836356031,-0.16985531
20241101_144758_082297781,-0.07981112
20241101_144758_332961968,0.39823163
20241101_144758_584588256,0.2858036
20241101_144758_835288675,0.33089444
20241101_144759_086019471,0.5889362
20241101_144759_336441753,2.7778423
20241101_144759_587896052,-0.30352798
20241101_144759_837519277,-0.72090036
20241101_144800_090608646,0.40560496
20241101_144800_338366170,0.40694514
20241101_144800_587656967,0.43666556
20241101_144800_841224585,0.34343317
20241101_144801_097425934,-0.05105778
20241101_144801_350137593,-0.039239235
20241101_144801_593776289,-0.008010017
20241101_144801_844975447,0.26404816
20241101_144802_088871806,0.102824934
20241101_144802_337602861,0.8293258
20241101_144802_586135629,0.5737079
20241101_144802_836658629,0.7960166
20241101_144803_336625798,0.312582
20241101_144803_586345335,0.35407504
20241101_144803_834649520,0.30335954
20241101_144804_090039339,0.47376695
20241101_144804_340159502,0.40843907
20241101_144804_589152407,0.38410676
20241101_144804_840897238,0.47364303
20241101_144805_088090371,0.31131586
20241101_144805_349325605,0.27864823
20241101_144805_604334351,0.3095975
20241101_144805_849228392,0.29333943
20241101_144806_096848777,0.3065737
20241101_144806_342061990,0.38778502
20241101_144806_588206624,0.9381085
20241101_144806_839587370,-0.49925235
20241101_144807_086266787,-0.2312314
20241101_144807_336974074,-0.838377
20241101_144807_585983167,0.25228447
20241101_144807_844286250,0.55691856
20241101_144808_093402068,0.48118076
20241101_144808_356890932,0.36497337
20241101_144808_597722451,0.31421438
20241101_144808_843832227,0.280051
20241101_144809_088532735,0.28750706
20241101_144809_338834313,0.18190198
20241101_144809_588909323,0.18418126
20241101_144809_842287313,0.18544148
20241101_144810_092402233,0.18779431
20241101_144810_343090622,0.11187539
20241101_144810_591927617,0.10974047
20241101_144810_845530665,0.12131516
20241101_144811_091062226,0.27781156
20241101_144811_339925024,0.21502154
20241101_144811_587767785,0.26010528
20241101_144811_835496624,0.5009708
20241101_144812_084570403,0.4231724
20241101_144812_334246212,0.39494735
20241101_144812_840144306,0.228554
20241101_144813_089121765,0.38801774
20241101_144813_336836317,0.23203404
20241101_144813_589546540,0.23293619
20241101_144813_839704764,0.22920765
20241101_144814_090332503,0.18023233
20241101_144814_340565689,0.17261569
20241101_144814_587757713,0.17918475
20241101_144815_334927226,0.1417722
20241101_144815_586987712,0.15441875
20241101_144815_837640368,0.15348972
20241101_144816_090801661,0.9042217
20241101_144816_347342445,2.7251534
20241101_144816_607381899,0.013538035
20241101_144816_865249693,0.43486568
20241101_144817_107499157,0.40116942
20241101_144817_349173583,0.4681671
20241101_144817_588737194,1.1993395
20241101_144817_839504296,0.5722274
20241101_144818_088425698,0.29978928
20241101_144818_345465409,0.5088297
20241101_144818_841549249,0.9357884
20241101_144819_086046723,3.4103143
20241101_144819_336733016,0.107658066
20241101_144819_587563672,-0.107128166
20241101_144819_836818231,0.10051993
20241101_144820_088084960,0.22022514
20241101_144820_336708267,0.22264917
20241101_144820_588226175,0.6917707
20241101_144820_849569425,0.97796553
20241101_144821_094943913,1.0435902
20241101_144821_348570016,0.5541541
20241101_144821_591755977,1.344153
20241101_144821_838444350,1.333116
20241101_144822_084188693,1.1442548
20241101_144822_335512817,0.8889967
20241101_144822_586800755,0.6992758
20241101_144823_097659964,0.50883466
20241101_144823_346383690,0.46615142
20241101_144823_597556686,0.082812704
20241101_144823_855936194,0.11278892
20241101_144824_097994455,0.024008522
20241101_144824_358019688,0.067348875
20241101_144824_842534147,0.08033536
20241101_144825_092415188,0.0109156165
20241101_144825_339447501,0.086121835
20241101_144825_593527199,-0.01290541
20241101_144825_839882329,-0.048373006
20241101_144826_085650473,-0.066832356
20241101_144826_342923896,0.007516155
20241101_144826_583831615,0.020191142
20241101_144826_835007889,0.043167002
20241101_144827_080782701,0.09605954
20241101_144827_333540364,0.030244747
20241101_144827_585102967,0.04481218
20241101_144828_084206549,0.036692448
20241101_144828_334789436,-0.05279591
20241101_144828_582822282,-0.017760387
20241101_144828_834796736,-0.019398054
20241101_144829_086442645,0.030970136
20241101_144829_336526153,-0.032903276
20241101_144829_585794422,0.026771048
20241101_144829_836356212,0.04491944
20241101_144830_083130977,0.05709625
20241101_144830_582655365,0.08532933
20241101_144831_097759355,0.4958209
20241101_144831_352768290,0.17624043
20241101_144831_591473394,0.19886307
20241101_144831_840590555,0.10421149
20241101_144832_085807709,0.11800576
20241101_144832_346393803,0.0824304
20241101_144832_587212177,-0.05488529
20241101_144832_841590850,0.016104648
20241101_144833_086416217,0.024080912
20241101_144833_336971517,0.03834603
20241101_144833_589971465,0.31764805
20241101_144833_834921008,0.7552937
20241101_144834_086608659,0.27783117
20241101_144834_339142825,0.12697814
20241101_144834_590571898,0.1060066
20241101_144834_838395555,0.11193938
20241101_144835_332427975,0.091199614
20241101_144835_582295811,0.019643525
20241101_144835_832787547,0.11956791
20241101_144836_081695701,0.3118226
20241101_144836_336857165,0.28149116
20241101_144836_834230911,0.2204919
20241101_144837_084675753,0.07753647
20241101_144837_333624698,-0.10391756
20241101_144837_584137123,0.012102047
20241101_144837_833604264,0.033668734
20241101_144839_082880946,0.094902165
20241101_144839_342497818,0.2803785
20241101_144839_589031080,-0.082234494
20241101_144839_838973874,0.046046145
20241101_144840_090041040,0.06799395
20241101_144840_333624265,0.06853739
20241101_144840_838821791,0.071016885
20241101_144841_081781418,0.05458001
20241101_144841_333200042,0.11159218
20241101_144841_583440836,0.13824658
20241101_144841_833609726,0.08512408
20241101_144842_083357155,0.14623444
20241101_144842_334965470,0.20057623
20241101_144842_837072974,0.18066509
20241101_144843_344365196,0.1545925
20241101_144843_603428132,-0.1972727
20241101_144843_839674946,-0.10720899
20241101_144844_085349708,-0.0780473
20241101_144844_340802866,-0.04977622
20241101_144844_592708167,-0.14040191
20241101_144844_845764728,0.061372556
20241101_144845_343898834,-0.023976704
20241101_144845_586833080,0.14767228
20241101_144845_839862689,-0.13157482
20241101_144846_084424287,-0.035728626
20241101_144846_336017782,-0.0027404036
20241101_144846_834776359,0.02326415
20241101_144847_339428021,-0.006623348
20241101_144848_083713886,-0.0011509862
20241101_144848_336612194,-0.1344357
20241101_144849_335936504,-0.1719761
20241101_144849_584436485,-0.11762219
20241101_144850_085849234,-0.086140834
20241101_144850_339902167,-0.048322342
20241101_144851_332389871,-0.08474737
20241101_144851_584549830,-0.073001675
20241101_144851_835906452,-0.49968633
20241101_144852_087411340,-1.0192072
20241101_144852_338673224,-1.7162936
20241101_144852_583412327,-2.5486827
20241101_144852_844913251,-0.36859217
20241101_144853_089840988,-0.71195453
20241101_144853_343130437,-0.50421274
20241101_144853_585575692,-0.47699362
20241101_144853_839876760,-0.27336797
20241101_144854_088090300,-0.3056274
20241101_144854_337663699,-0.23763461
20241101_144854_833417497,0.002322683
20241101_144855_084932458,-0.09256833
20241101_144855_331830452,-0.22730462
20241101_144855_580093202,-0.3241105
20241101_144855_830175659,-0.001343092
20241101_144856_083778252,-0.066784255
20241101_144856_335193524,-0.1497911
20241101_144857_083418060,-0.18694793
20241101_144857_332541792,-0.79606605
20241101_144857_580415114,-0.7112204
20241101_144857_833453310,0.020077372
20241101_144858_083267663,0.05608067
20241101_144858_341770469,0.21966659
20241101_144858_587136902,0.24156182
20241101_144858_836391635,0.8633928
20241101_144859_081836396,0.8065696
20241101_144859_333101995,-0.1537395
20241101_144859_584395690,0.046655245
20241101_144859_837586804,0.15445153
20241101_144900_084138434,0.18275692
20241101_144900_336839613,0.18597907
20241101_144900_841391033,0.10598155
20241101_144901_092347537,-0.069455154
20241101_144901_353392842,0.54505765
20241101_144901_608637390,0.7832493
20241101_144901_857742201,0.5996609
20241101_144902_101494687,0.50682795
20241101_144902_350110562,0.18940228
20241101_144902_594613092,0.025955094
20241101_144902_843820086,0.1893096
20241101_144903_087418374,0.22772254
20241101_144903_343055801,0.1297488
20241101_144903_844408061,0.35204184
20241101_144904_099497436,0.371523
20241101_144904_346743010,0.35446784
20241101_144904_590983743,0.33627018
20241101_144904_851791802,0.2555494
20241101_144905_107943206,0.31804058
20241101_144905_351122824,0.1589996
20241101_144905_596393943,0.22669216
20241101_144906_842716992,0.2277743
20241101_144907_091804959,0.3606606
20241101_144907_345142935,0.18239325
20241101_144907_591508853,0.21461414
20241101_144907_835811801,0.32058725
20241101_144908_081555548,0.2785956
20241101_144908_331838506,-0.10471546
20241101_144908_585947827,0.1876083
20241101_144908_834527764,-0.18018456
20241101_144909_084306967,-0.09913658
20241101_144909_335812770,-0.088206545
20241101_144909_580721695,-0.022444507
20241101_144910_090236415,-0.08377465
20241101_144910_588250974,0.016838053
20241101_144910_844448431,0.05461953
20241101_144911_091310670,0.029170075
20241101_144911_337562552,0.030737916
20241101_144911_585067201,0.015567819
20241101_144911_833568271,-0.027198536
20241101_144912_081825874,-0.030082127
20241101_144912_334208797,-0.020361712
20241101_144912_589307728,-0.9168026
20241101_144912_840912300,-0.80145055
20241101_144913_090408443,-0.35679272
20241101_144913_338847948,-2.7903862
20241101_144913_590675990,-2.8323927
20241101_144913_837580539,-1.5027281
20241101_144914_088308454,-0.4526119
20241101_144914_339396276,0.06540195
20241101_144914_592639831,0.056591608
20241101_144914_837094051,0.0087720845
20241101_144915_083750216,0.000114122406
20241101_144915_333303158,-0.053445153
20241101_144915_583012645,-1.0266223
20241101_144915_837635573,-0.15433635
20241101_144916_086830136,-0.12483566
20241101_144916_335918122,-0.012497237
20241101_144916_583992420,-0.017961403
20241101_144916_847134639,0.96539116
20241101_144917_093409159,0.87554395
20241101_144917_343610560,-0.42270014
20241101_144917_592133187,-0.18764989
20241101_144917_839672696,-0.5474185
20241101_144918_084561215,-1.0946785
20241101_144918_336278709,0.44988027
20241101_144918_582238918,-0.24700107
20241101_144918_834853071,-1.0660768
20241101_144919_084668282,-0.6207959
20241101_144919_336977891,-0.29999638
20241101_144919_588015659,-0.4698208
20241101_144919_835963813,-0.42028698
20241101_144920_082545223,-0.37713122
20241101_144920_331982207,0.024277845
20241101_144920_587963779,-0.06552812
20241101_144920_838718124,0.22565083
20241101_144921_087634944,0.08276359
20241101_144921_338646788,0.057734944
20241101_144921_589537609,-0.035888515
20241101_144921_841120891,-0.043526553
20241101_144922_096395091,-0.043259703
20241101_144922_342365138,-0.054699622
20241101_144922_587542510,-0.043506406
20241101_144922_840889357,0.005225161
20241101_144923_089654475,-0.012413641
20241101_144923_349111565,-0.04349204
20241101_144923_592056542,-0.07714077
20241101_144923_848830766,-0.048424087
20241101_144924_085216351,-0.054660164
20241101_144924_584459566,-0.012763282
20241101_144925_081288998,-0.015169224
20241101_144925_580536431,-0.06751772
20241101_144926_342529591,-0.010924598
20241101_144926_594118915,-0.009783348
20241101_144926_841213809,-0.049739085
20241101_144927_083848794,-0.0378929
20241101_144927_344091046,-0.077596806
20241101_144927_593148525,-0.06861081
20241101_144927_842044609,0.3903523
20241101_144928_093740668,0.20968415
20241101_144928_343487093,0.18854831
20241101_144928_587850939,0.17343806
20241101_144928_844039086,0.28935307
20241101_144929_098043400,0.17188819
20241101_144929_338229288,0.12052814
20241101_144929_587397195,0.08688546
20241101_144929_848782316,0.08151171
20241101_144930_091695785,0.2749083
20241101_144930_341615401,0.12471119
20241101_144930_591828212,0.09441481
20241101_144930_836487997,0.18524547
20241101_144931_084824637,-0.23505642
20241101_144931_335104755,-0.055514894
20241101_144931_584699959,0.004937688
20241101_144931_838854940,0.037942596
20241101_144932_084515034,0.059530742
20241101_144932_335522288,0.115785874
20241101_144932_584231366,0.12627618
20241101_144932_838656382,0.076248206
20241101_144933_085508484,0.080646135
20241101_144933_332930706,-0.071064435
20241101_144933_582794991,0.503983
20241101_144933_839751282,-0.024268528
20241101_144934_083680915,-0.0691575
20241101_144934_335510645,0.007343838
20241101_144934_583245307,-0.044561468
20241101_144934_834665809,0.114190735
20241101_144935_091769880,0.15466137
20241101_144935_349076452,0.20683108
20241101_144935_588725988,0.14412118
20241101_144935_834929629,0.16798492
20241101_144936_083101437,0.13333832
20241101_144936_335845686,0.111837216
20241101_144937_086240096,1.3089656
20241101_144937_343091173,0.14092489
20241101_144937_592168910,0.085238956
20241101_144937_839235897,-0.030939456
20241101_144938_091521249,0.07884077
20241101_144938_335184271,0.16714741
20241101_144938_586470235,0.26529053
20241101_144938_835967948,0.30978587
20241101_144939_081881035,-0.19027965
20241101_144939_338138685,-0.19052626
20241101_144939_583085025,-0.30411324
20241101_144939_835329478,-0.54104537
20241101_144940_087537168,-1.736498
20241101_144940_344348790,0.8163568
20241101_144940_587585408,0.6054114
20241101_144940_836032433,0.7345445
20241101_144941_083130481,0.77922857
20241101_144941_332900306,0.44241944
20241101_144941_582442511,0.6721588
20241101_144941_832059041,0.6748567
20241101_144942_333381392,0.9027293
20241101_144942_833993385,0.29709345
20241101_144943_080619969,-1.1917127
20241101_144943_342380768,-1.5562842
20241101_144943_587741331,-0.061328314
20241101_144943_838782867,0.4911497
20241101_144944_087108157,0.94061774
20241101_144944_340256651,0.23096044
20241101_144944_588844373,0.24934848
20241101_144944_832666274,0.20699637
20241101_144945_081766920,0.4547745
20241101_144945_345173462,0.272996
20241101_144945_838415305,0.27103955
20241101_144946_335689609,0.24610336
20241101_144946_584992209,0.2479866
20241101_144946_839627699,0.23146008
20241101_144947_088981255,0.12085936
20241101_144947_334667332,0.08179227
20241101_144947_580082365,0.017951468
20241101_144947_830132586,0.1075832
20241101_144948_082881019,0.16075821
20241101_144948_331558717,0.15195908
20241101_144948_832492132,0.12129492
20241101_144949_083451604,0.09489537
20241101_144949_330302573,0.11018682
20241101_144949_580872742,0.03735242
20241101_144949_831546242,0.0071450863
20241101_144950_080560667,0.003637353
20241101_144950_333333224,0.024941185
20241101_144951_330625845,0.09245507
20241101_144951_586780396,0.070282735
20241101_144951_840013809,-0.31587717
20241101_144952_088522966,-0.15136035
20241101_144952_340883667,-0.086895905
20241101_144952_591675054,-0.118035994
20241101_144952_835758809,-0.1489302
20241101_144953_086307420,-0.1399631
20241101_144953_343295065,-1.0114675
20241101_144953_586951974,-0.56530184
20241101_144954_084069155,-0.4255108
20241101_144954_332773281,-0.4590477
20241101_144954_583007379,-0.48683602
20241101_144954_830919327,-0.3710866
20241101_144955_332302099,-0.40738615
20241101_144955_582015071,-0.4029729
20241101_144955_838769181,-0.36948445
20241101_144956_336651584,-0.35001245
20241101_144956_586533649,-0.34069923
20241101_144956_834790050,-0.29483682
20241101_144957_084541756,-0.3079944
20241101_144958_333654003,-0.29449114
20241101_144958_584417045,-0.25369912
20241101_144958_846071759,1.1048448
20241101_144959_093551857,0.45755675
20241101_144959_347498334,0.04398457
20241101_144959_595303770,-0.014865598
20241101_144959_846517998,0.83912724
20241101_145000_099311308,0.69814515
20241101_145000_346824847,0.5639086
20241101_145000_589824563,0.28166053
20241101_145000_840456216,0.23242344
20241101_145001_109763058,-0.15525274
20241101_145001_364534021,-0.094456635
20241101_145001_604028583,-0.12542145
20241101_145001_907034403,-0.59226376
20241101_145002_102670227,-0.5217728
20241101_145002_360120963,-0.5486149
20241101_145002_601802415,-0.50350684
20241101_145002_847952672,-0.8960564
20241101_145003_089941154,0.046869792
20241101_145003_356817237,0.20397215
20241101_145003_593410519,0.3256606
20241101_145003_839011200,0.21925648
20241101_145004_083410658,0.53345245
20241101_145004_334348140,0.7664473
20241101_145004_583313393,0.42689928
20241101_145004_832507734,0.3335024
20241101_145005_079204794,0.29973337
20241101_145005_333161367,0.24874566
20241101_145006_083097721,0.36801118
20241101_145006_342940494,1.2390438
20241101_145006_590461599,0.96981066
20241101_145006_844784467,0.4280629
20241101_145007_092656926,0.36532965
20241101_145007_338535143,0.124455966
20241101_145007_595970359,0.12422053
20241101_145007_848579162,0.027182886
20241101_145008_094230179,0.029787222
20241101_145008_344665840,0.07639406
20241101_145008_590733867,0.037915505
20241101_145008_855498243,0.68680984
20241101_145009_088350643,0.06605581
20241101_145009_340885827,-0.26400322
20241101_145009_582670646,-0.14119081
20241101_145009_834978371,-0.072599195
20241101_145010_342460512,-0.02443715
20241101_145010_588681694,-0.0049914327
20241101_145010_836133729,0.012221077
20241101_145011_086910246,-0.0051122513
20241101_145011_340271143,0.018505255
20241101_145011_583769315,-0.07581695
20241101_145011_834775347,-0.55193526
20241101_145012_088613085,-0.84162384
20241101_145012_334019175,-0.64195025
20241101_145012_583482023,-0.30967963
20241101_145012_830990582,-0.32524237
20241101_145013_082382146,-1.1000397
20241101_145013_333423574,-0.53633314
20241101_145013_587996996,-0.56245524
20241101_145013_846899360,-0.42063057
20241101_145014_084137349,-0.38925725
20241101_145014_337518699,-0.79284436
20241101_145014_582068061,0.43109778
20241101_145014_836439582,0.33412942
20241101_145015_086151307,0.2008019
20241101_145015_338201543,-0.019126495
20241101_145015_583238092,0.06430522
20241101_145015_831590335,0.07646374
20241101_145016_079694528,0.09935913
20241101_145016_330010477,0.058429874
20241101_145016_580934420,0.1448655
20241101_145016_832044246,0.1382594
20241101_145017_082472588,0.17983453
20241101_145017_334743623,0.15586887
20241101_145017_585348363,0.1143314
20241101_145017_839913295,-0.1961854
20241101_145018_094739524,-0.27922782
20241101_145018_340432708,-0.4042523
20241101_145018_592322199,-0.30012545
20241101_145018_840563463,-0.21072517
20241101_145019_080927466,-0.27749673
20241101_145019_334177580,-0.44294766
20241101_145019_582813577,-0.22036095
20241101_145019_833163353,0.03607949
20241101_145020_080233815,0.0027893577
20241101_145020_334565995,-0.080725454
20241101_145020_593025381,-0.25441596
20241101_145020_842947224,-0.63789725
20241101_145021_082253639,-0.600372
20241101_145021_336748998,-0.97878265
20241101_145021_584068301,0.06903772
20241101_145021_832197768,0.5374676
20241101_145022_083895812,-0.15820293
20241101_145022_339741728,-0.6936974
20241101_145022_586943284,-1.4835715
20241101_145022_835306601,0.49769154
20241101_145023_086119783,-0.5258345
20241101_145023_343184342,-0.0034731831
20241101_145023_588971753,0.24406342
20241101_145023_835968835,0.015849927
20241101_145024_085235926,0.050152756
20241101_145024_347183246,0.026951471
20241101_145024_586907549,0.2764584
20241101_145024_835859175,0.28562292
20241101_145025_082654099,0.22485815
20241101_145025_336971058,0.45217654
20241101_145025_584499468,-0.041433297
20241101_145025_836550718,-0.093226425
20241101_145026_088879073,-0.026703259
20241101_145026_341104726,-0.004508218
20241101_145026_586085817,-0.17602204
20241101_145027_084360186,-0.09697422
20241101_145027_344342274,-0.66209614
20241101_145027_590266426,0.7262742
20241101_145027_842620596,0.30195928
20241101_145028_088740518,0.29206297
20241101_145028_338603829,0.7595548
20241101_145028_585927369,1.7783278
20241101_145028_839717055,0.56617874
20241101_145029_095658942,0.86791134
20241101_145029_338135619,0.6499057
20241101_145029_585320610,1.6146413
20241101_145029_834497831,-0.39915422
20241101_145030_089389844,-0.3108754
20241101_145030_337397929,-0.14365064
20241101_145030_582230574,-0.47363487
20241101_145030_832783860,-0.6276034
20241101_145031_086096873,-0.87795174
20241101_145031_340451517,-0.7440703
20241101_145031_587751474,-0.20577635
20241101_145031_837014214,0.07497598
20241101_145032_096420052,-0.0063622836
20241101_145032_343583792,-0.10837638
20241101_145032_582781364,0.44565752
20241101_145032_839006549,1.2791625
20241101_145033_088270227,-0.73570657
20241101_145033_335527878,-0.5434274
20241101_145033_582901402,-0.3346254
20241101_145033_834466173,-0.50929505
20241101_145034_582685432,-0.51569515
20241101_145034_842797310,-0.49143386
20241101_145035_090459957,-0.20879297
20241101_145035_335971097,0.011480959
20241101_145035_584217297,-0.05224207
20241101_145035_836090145,-0.22110729
20241101_145036_083791841,-0.5462822
20241101_145036_334294886,-1.4882168
20241101_145036_583168394,-0.8402273
20241101_145036_835848363,-0.14367236
20241101_145037_083613465,-0.952972
20241101_145037_335375459,0.5642993
20241101_145037_583180553,0.49145278
20241101_145037_840545156,0.595058
20241101_145038_085912295,0.076421745
20241101_145038_337772614,0.15538503
20241101_145038_581295835,-0.7159208
20241101_145038_831939115,-0.46098474
20241101_145039_082962612,0.018926611
20241101_145039_353393575,-0.09104199
20241101_145039_596687197,-0.17910351
20241101_145039_847893337,-0.1935338
20241101_145040_085580424,-0.28555673
20241101_145040_342661755,-0.30406037
20241101_145040_591409229,-0.26952937
20241101_145040_834368406,-0.22810616
20241101_145041_094520556,-0.15936746
20241101_145041_341324055,-0.17571993
20241101_145041_591548116,-0.5759521
20241101_145041_836170277,-0.7149213
20241101_145042_083681898,-0.38011518
20241101_145042_335979819,-0.22865058
20241101_145042_585546524,0.078153394
20241101_145042_833996580,0.048619278
20241101_145043_081460415,-0.009217283
20241101_145043_330193373,-0.08549305
20241101_145043_581784502,-0.23636548
20241101_145043_835380381,-0.25296453
20241101_145044_096987380,-0.26248506
20241101_145044_339216143,0.08509518
20241101_145044_600168025,-0.083321415
20241101_145044_853867045,-0.10618981
20241101_145045_348742677,-0.09800228
20241101_145045_598145517,-0.14424028
20241101_145045_850119799,-0.20440261
20241101_145046_093021256,-0.17632844
20241101_145046_339359202,0.21303345
20241101_145046_589983079,-0.08523532
20241101_145046_834949792,-0.16895391
20241101_145047_081571397,-0.070304595
20241101_145047_330220816,-0.06685021
20241101_145047_578832327,0.082383595
20241101_145047_831358307,0.11057887
20241101_145048_081634640,0.07441453
20241101_145048_336692963,0.051799275
20241101_145050_087671503,0.06261269
20241101_145050_834600956,0.076489784
20241101_145052_332562141,0.082373776
20241101_145052_581371564,0.08873383
20241101_145052_831021744,0.004380146
20241101_145053_331280833,0.097412564
20241101_145053_581296033,0.3566002
20241101_145053_831034095,-0.046885036
20241101_145054_083872890,-0.06794097
20241101_145054_332881779,-0.020539006
20241101_145054_589350953,-0.02211835
20241101_145054_837783246,-0.19106413
20241101_145055_339474643,-0.123579286
20241101_145055_595388542,-0.14138396
20241101_145055_836026520,-0.115372024
20241101_145056_086395092,-0.025474092
20241101_145056_344274441,-0.09599539
20241101_145056_606428467,-0.2775252
20241101_145056_848995882,0.32224384
20241101_145057_100984469,0.30871364
20241101_145057_339720150,0.13951443
20241101_145057_585216520,0.18883191
20241101_145057_835548594,0.1971518
20241101_145058_083764614,0.19957851
20241101_145058_584819223,0.19632198
20241101_145058_836262955,0.023516217
20241101_145059_085816953,-0.08003738
20241101_145059_344507056,-0.10244795
20241101_145059_591265531,-0.1088086
20241101_145059_843543727,-0.20014359
20241101_145100_090078209,-0.14209257
20241101_145100_337704967,-0.20893697
20241101_145100_588969118,-0.06230583
20241101_145100_835591133,-0.19108285
20241101_145101_094411425,-0.24492629
20241101_145101_362548574,-0.07540979
20241101_145101_610000396,-0.18933244
20241101_145101_857784042,-2.6221857
20241101_145102_104209023,-0.020937895
20241101_145102_355660162,-0.31370252
20241101_145102_596639373,-0.21850191
20241101_145102_840511774,-0.16185851
20241101_145103_094670628,-0.32495642
20241101_145103_344475213,-0.37181735
20241101_145103_594258113,-0.21658729
20241101_145103_855831614,-0.2284068
20241101_145104_096182070,-0.21446557
20241101_145104_348889477,-0.27606514
20241101_145104_598282708,-0.28025508
20241101_145104_840213812,-0.35785833
20241101_145105_087800257,-0.000789538
20241101_145105_337721864,-0.07789584
20241101_145105_584124770,-0.11924424
20241101_145105_833042209,-0.18521042
20241101_145106_330424440,-0.17198892
20241101_145106_587747112,-0.2031828
20241101_145107_087139963,-0.25162748
20241101_145107_334102369,-0.26415324
20241101_145107_845650307,-0.17201747
20241101_145108_092156145,-0.20484571
20241101_145108_337641046,0.51737237
20241101_145108_585573198,0.9452393
20241101_145108_834436139,0.18035688
20241101_145109_084533915,-0.31221107
20241101_145109_333981381,0.09719407
20241101_145110_081869545,0.042906202
20241101_145110_335284472,0.0040495787
20241101_145110_581455668,0.0058025513
20241101_145110_835424241,0.04124976
20241101_145111_087107267,0.054032363
20241101_145111_340576218,0.18318202
20241101_145111_586542441,0.04477433
20241101_145111_837113235,-0.1037929
20241101_145112_338055196,0.0081382785
20241101_145112_584466866,0.2184662
20241101_145112_832259904,0.12055216
20241101_145113_081415539,0.0780066
20241101_145113_841180429,0.21886788
20241101_145114_091497486,0.29938233
20241101_145114_344334906,0.37208843
20241101_145114_587880393,0.5879488
20241101_145114_836205822,0.52191156
20241101_145115_086332038,0.3022992
20241101_145115_337260879,0.26004007
20241101_145115_585578202,0.48770896
20241101_145116_334058382,0.2576845
20241101_145116_581464541,0.21918844
20241101_145116_832510505,0.03045688
20241101_145117_077966884,0.2477883
20241101_145117_833334482,0.19422801
20241101_145118_582327323,0.3608523
20241101_145119_083731807,0.46840927
20241101_145119_334446412,-0.13325433
20241101_145119_585797346,0.10720921
20241101_145119_844326282,0.21293432
20241101_145120_089961814,0.0071473997
20241101_145120_334967376,-0.026761433
20241101_145120_583719158,-0.007809421
20241101_145120_842711951,0.032764234
20241101_145121_333774395,-0.04627862
20241101_145121_837258305,-0.018121203
20241101_145122_085107775,-0.15614386
20241101_145122_333362941,0.6397361
20241101_145122_584540089,0.4960756
20241101_145122_835003133,0.4152739
20241101_145123_083960001,0.3284001
20241101_145123_338426025,0.31175458
20241101_145123_841913777,0.3872967
20241101_145124_088103095,0.30610496
20241101_145124_369814459,0.30415627
20241101_145124_596268532,0.30175972
20241101_145124_841446962,0.3085994
20241101_145125_085399077,0.26233742
20241101_145125_337563803,0.24165581
20241101_145125_579419253,0.23218422
20241101_145125_830882637,0.0812136
20241101_145126_079978433,0.14366795
20241101_145126_348469519,-0.0075152125
20241101_145126_581985910,0.088280566
20241101_145126_833241377,-0.4003476
20241101_145127_086297670,-0.7853232
20241101_145127_333730966,-0.95260364
20241101_145127_595324806,-0.49223435
20241101_145127_840289283,-0.54914707
20241101_145128_084374432,-1.2857429
20241101_145128_339349734,-0.27376914
20241101_145128_589643775,-0.18254681
20241101_145128_851726294,-0.18254836
20241101_145129_095121650,-0.18259628
20241101_145129_348999304,-0.13210951
20241101_145129_584478526,-0.030216238
20241101_145129_836249115,-0.098029576
20241101_145130_090101653,-0.2258145
20241101_145130_338355618,-1.077073
20241101_145130_585331682,0.27402464
20241101_145130_833869831,-0.19995303
20241101_145131_083223678,-0.025206467
20241101_145131_340556771,-0.040613316
20241101_145131_592883332,-0.06117793
20241101_145131_842258797,0.050843276
20241101_145132_084581839,0.06409637
20241101_145132_336868717,0.03213755
20241101_145132_581523066,0.089871325
20241101_145132_831529322,0.29751536
20241101_145133_081194139,0.21689214
20241101_145133_334720036,-0.027644357
20241101_145133_587913266,-0.020671388
20241101_145133_845885827,0.036623098
20241101_145134_100671160,0.04264132
20241101_145134_353340451,0.53228384
20241101_145134_595490123,0.21088976
20241101_145134_846025321,0.14437424
20241101_145135_091141044,0.16862486
20241101_145135_346499218,-0.043362163
20241101_145135_589193971,-0.018883547
20241101_145135_840901071,-0.16329564
20241101_145136_086268258,-0.07438179
20241101_145136_336199550,-0.1682524
20241101_145136_585767593,-0.89620835
20241101_145136_844361599,-1.4993078
20241101_145137_100877703,-0.39738473
20241101_145137_340841936,-0.5990341
20241101_145137_589768938,-1.424312
20241101_145137_839182088,-1.3266515
20241101_145138_086146353,-2.0674925
20241101_145138_342126008,-3.081913
20241101_145138_598431690,-1.0473661
20241101_145138_854271670,0.6543578
20241101_145139_099104076,0.27127957
20241101_145139_352303757,0.2180316
20241101_145139_605372933,0.012370447
20241101_145139_843427546,-0.35728502
20241101_145140_085102233,-0.5617424
20241101_145140_335068027,-0.4028273
20241101_145140_583207053,-0.44022605
20241101_145140_845257029,-1.752146
20241101_145141_099791882,0.53224957
20241101_145141_337931035,0.11625109
20241101_145141_591488887,0.2785094
20241101_145141_845172669,0.46712956
20241101_145142_089639183,0.35842535
20241101_145142_344388273,0.5266073
20241101_145142_595194254,0.35738656
20241101_145142_840415483,0.32678416
20241101_145143_085312431,0.27400905
20241101_145143_339775967,-0.25819752
20241101_145143_588969909,-0.08577257
20241101_145143_841510245,-0.24668719
20241101_145144_085443922,-0.21018924
20241101_145144_335078059,-0.29557347
20241101_145144_583037822,-0.06724336
20241101_145144_839815420,-0.08411845
20241101_145145_083731468,-0.28261983
20241101_145145_339440832,-0.43050486
20241101_145145_587112395,-0.6216516
20241101_145145_845604524,-0.25272015
20241101_145146_094303673,-0.05051648
20241101_145146_343098660,-0.030688724
20241101_145146_589058019,-0.17717876
20241101_145146_835577177,-0.16008087
20241101_145147_089835417,-0.34161416
20241101_145147_337155310,-0.58431554
20241101_145147_594806511,0.18738423
20241101_145147_845296827,-0.053634837
20241101_145148_092475104,-0.0040258896
20241101_145148_344244201,-0.08261917
20241101_145148_587037558,0.13818994
20241101_145148_834990132,0.072357096
20241101_145149_085615561,0.059682824
20241101_145149_337860081,0.11801676
20241101_145149_584373051,0.08358047
20241101_145149_834681200,0.042527117
20241101_145150_079492362,0.09659467
20241101_145150_336280048,0.11267326
20241101_145150_585566073,0.1416363
20241101_145150_838469780,-0.01924493
20241101_145151_086985790,-0.032269977
20241101_145151_336153133,0.024463812
20241101_145151_584349374,-0.12858362
20241101_145151_835489656,-0.58359945
20241101_145152_085887380,0.6206144
20241101_145152_337262114,0.29498217
20241101_145152_586080583,0.16266857
20241101_145152_834166671,0.21880077
20241101_145153_085721085,0.18879108
20241101_145153_337497459,0.25154328
20241101_145153_583299738,0.21735834
20241101_145154_081858860,0.19484572
20241101_145154_341004766,0.34240183
20241101_145154_592624212,0.6989599
20241101_145154_849441651,1.5119605
20241101_145155_097517288,1.4435996
20241101_145155_347651399,1.2921097
20241101_145155_593471031,0.40202826
20241101_145155_848916908,-0.41087285
20241101_145156_100284789,0.094916806
20241101_145156_352919367,0.31461105
20241101_145156_604714661,1.3982317
20241101_145156_857494638,1.5896502
20241101_145157_095803672,-0.4228458
20241101_145157_340728120,0.40033823
20241101_145157_585530663,0.58339095
20241101_145157_842940625,0.12923227
20241101_145158_091616262,-0.48116058
20241101_145158_345144681,-0.24691488
20241101_145158_591423059,-0.13200139
20241101_145158_843358245,0.12188754
20241101_145159_085724050,0.23908706
20241101_145159_345396604,0.30084565
20241101_145159_594843274,0.4806529
20241101_145159_839937814,0.81733006
20241101_145200_083374100,0.6547142
20241101_145200_343491466,-0.3360506
20241101_145200_599563215,0.31767678
20241101_145200_855489015,0.337205
20241101_145201_124132919,-0.09655627
20241101_145201_379379365,-0.12959597
20241101_145201_609138881,-0.10725542
20241101_145201_857491551,-0.2592232
20241101_145202_097130746,-0.12874706
20241101_145202_346224889,-0.10962077
20241101_145202_587723338,-0.21695538
20241101_145202_839269213,-0.29891062
20241101_145203_085586913,-0.16337372
20241101_145203_337402052,-0.25508416
20241101_145203_582419301,-0.42768374
20241101_145203_839353598,0.41236722
20241101_145204_086888730,0.47075045
20241101_145204_340266672,0.28224817
20241101_145204_583502046,0.14106284
20241101_145204_836647388,0.15718107
20241101_145205_087770831,0.09870992
20241101_145205_589517432,0.12062115
20241101_145205_846619478,0.15425535
20241101_145206_355987348,0.2929127
20241101_145206_594093942,0.16831754
20241101_145206_846245667,0.15405028
20241101_145207_341655264,0.12836169
20241101_145207_586749199,0.112150826
20241101_145207_831586368,-0.09685721
20241101_145208_080639816,0.0003987942
20241101_145208_332676504,0.018336276
20241101_145208_581309110,0.014646629
20241101_145208_833907232,-0.011584481
20241101_145209_086295650,0.0085848365
20241101_145209_341288660,-0.068266414
20241101_145209_602247180,-0.08506402
20241101_145209_844499634,-0.1737601
20241101_145210_087444958,-0.116068505
20241101_145210_340578523,-0.201604
20241101_145210_597011355,-0.17007412
20241101_145210_847392436,-0.1641667
20241101_145211_092767541,-0.11674141
20241101_145211_348165540,-0.2656006
20241101_145211_595625879,-0.09990799
20241101_145211_847521978,-0.7676098
20241101_145212_096552539,-0.26905143
20241101_145212_343344236,0.042619556
20241101_145212_593457220,-0.031484805
20241101_145212_836738715,0.06874878
20241101_145213_085839261,0.019834915
20241101_145213_349440773,-0.019396147
20241101_145213_596719924,0.0030869637
20241101_145213_843888184,0.24537347
20241101_145214_089255592,0.19408059
20241101_145214_339721554,0.119337
20241101_145214_587354845,0.16421364
20241101_145214_836972944,0.17381729
20241101_145215_088405502,0.14528213
20241101_145215_335916399,0.09724445
20241101_145215_587320390,0.12049637
20241101_145215_850797577,0.035739817
20241101_145216_096141229,0.0653548
20241101_145216_340203260,0.10998092
20241101_145216_584459659,0.42736235
20241101_145216_850527430,0.16702144
20241101_145217_096852197,0.15384902
20241101_145217_351492939,0.24162982
20241101_145217_588641879,0.17919119
20241101_145217_838155723,0.12492142
20241101_145218_080839991,0.15706496
20241101_145218_332259872,0.1280203
20241101_145218_589539726,0.1437519
20241101_145218_835621408,0.56468964
20241101_145219_088205791,0.33550417
20241101_145219_339597364,0.14306055
20241101_145219_584103054,0.11776025
20241101_145219_843098434,0.17904566
20241101_145220_097856365,0.05482591
20241101_145220_355225427,0.12753443
20241101_145220_596568923,-0.29661396
20241101_145220_844396285,-0.30585566
20241101_145221_092035224,-0.28565258
20241101_145221_349178346,-0.22311084
20241101_145221_588573512,-0.12520416
20241101_145221_846982197,-0.12657537
20241101_145222_089731465,-0.4948032
20241101_145222_336741966,-1.5188645
20241101_145222_592364323,-0.22542563
20241101_145222_851612430,0.016736964
20241101_145223_096981568,-0.3797857
20241101_145223_348084279,-0.29991186
20241101_145223_597176972,-0.3699453
20241101_145223_851074290,-1.6059896
20241101_145224_098713080,-0.64213526
20241101_145224_351600615,-0.78357244
20241101_145224_583972164,-1.1805305
20241101_145224_836168765,-1.1341234
20241101_145225_089988145,0.68919355
20241101_145225_353044544,0.2416911
20241101_145225_601440729,0.2571614
20241101_145225_855724334,0.13621174
20241101_145226_093414048,0.0077258144
20241101_145226_340002867,0.11153657
20241101_145226_594039580,-0.20205142
20241101_145226_836072905,-0.24243774
20241101_145227_081335448,-0.28496185
20241101_145227_332621906,-0.46945217
20241101_145227_579914194,0.056187816
20241101_145227_833052928,0.22193031
20241101_145228_080629356,0.5802981
20241101_145228_331135487,0.1545865
20241101_145228_585509517,0.13581084
20241101_145228_837816329,0.12938522
20241101_145229_087207750,0.120548345
20241101_145229_344387390,0.023830513
20241101_145229_595613959,0.053564884
20241101_145229_840035551,0.06988511
20241101_145230_081705378,0.02438114
20241101_145230_331859512,0.11358825
20241101_145230_591405611,0.074559845
20241101_145230_834899017,0.06643114
20241101_145231_082154930,-0.19187726
20241101_145231_334012373,-0.21338947
20241101_145231_584723065,-0.33909672
20241101_145231_832909081,-0.32213286
20241101_145232_084229699,-0.42057145
20241101_145232_335931398,-0.85033923
20241101_145232_583940315,-0.54736924
20241101_145232_839854050,-0.54450214
20241101_145233_080901520,-0.34719527
20241101_145233_332791916,-0.23281829
20241101_145233_582638454,-0.19491585
20241101_145233_833313551,-0.5658662
20241101_145234_085855723,-0.8484884
20241101_145234_336479153,-1.1996938
20241101_145234_587188776,-0.61112666
20241101_145234_836071153,-0.5033388
20241101_145235_093476876,-0.3154795
20241101_145235_338903909,0.079076774
20241101_145235_584958432,0.08911468
20241101_145235_834368022,-0.0590258
20241101_145236_085284550,-0.06809368
20241101_145236_341661144,-0.06358262
20241101_145237_080565040,-0.054468714
20241101_145237_332431401,-0.55855864
20241101_145237_582917392,-0.6320711
20241101_145237_835994595,-0.23246457
20241101_145238_088148984,-0.07019278
20241101_145238_336026957,0.05533243
20241101_145238_585340968,-0.0023206081
20241101_145238_834596392,-0.1266851
20241101_145239_084130635,-0.3188487
20241101_145239_332362428,-0.6654927
20241101_145239_580506222,-0.49085423
20241101_145239_832613341,-0.37645686
20241101_145240_331964125,-0.47388068
20241101_145240_591925497,0.471508
20241101_145240_843412660,0.24724285
20241101_145241_088591996,0.1350442
20241101_145241_337856430,-0.07626965
20241101_145241_585375449,-0.08643558
20241101_145241_835213889,0.07031367
20241101_145242_088569064,-0.011540255
20241101_145242_338134409,0.03567473
20241101_145242_590296467,0.0565326
20241101_145242_839077104,0.28990403
20241101_145243_084890759,0.14408801
20241101_145243_343664956,0.11353425
20241101_145243_597592797,-0.20068212
20241101_145243_852279247,-0.12153306
20241101_145244_098757408,0.024842242
20241101_145244_345803286,-0.047681592
20241101_145244_587859864,-0.06497451
20241101_145244_837290040,-0.01941522
20241101_145245_086867278,0.010737458
20241101_145245_340345563,0.071556605
20241101_145245_583684556,0.059673823
20241101_145245_841476505,0.043762304
20241101_145246_087599835,0.040970303
20241101_145246_335217738,0.0063640866
20241101_145246_582038306,-0.3081232
20241101_145246_832529936,-0.14659394
20241101_145247_080594831,-0.15165065
20241101_145247_341738291,-0.09847864
20241101_145247_595773904,-0.08143195
20241101_145247_862690786,-0.0030659046
20241101_145248_360108888,-0.05598875
20241101_145248_604421569,-0.40957734
20241101_145248_854283765,-0.35368457
20241101_145249_098421384,-0.36048177
20241101_145249_349341097,-0.32639983
20241101_145249_594040088,-1.3404326
20241101_145249_842274388,-0.98998046
20241101_145250_087968210,-0.26265687
20241101_145250_338333977,-0.48724285
20241101_145250_588833384,-0.2821475
20241101_145250_845049873,-0.42855468
20241101_145251_088722019,-0.075988375
20241101_145251_338219714,-0.026332458
20241101_145251_607639298,0.023719171
20241101_145251_861339559,0.20301236
20241101_145252_103127691,0.31058922
20241101_145252_352284062,0.061580814
20241101_145252_600229565,0.02948008
20241101_145252_856346433,-0.23594339
20241101_145253_101395291,-0.061904155
20241101_145253_345963181,-0.07366448
20241101_145253_593717779,0.08252648
20241101_145253_850481154,-0.1910908
20241101_145254_092283055,0.23102172
20241101_145254_340270262,0.07344898
20241101_145254_594920579,-0.17014731
20241101_145254_849172668,-0.008792426
20241101_145255_336825516,-0.081856094
20241101_145256_332655846,-0.09662547
20241101_145256_579420184,-0.0045796838
20241101_145256_832143864,-0.10733565
20241101_145257_080534763,-0.13053353
20241101_145257_335177152,-0.40914133
20241101_145257_587616281,-0.19652633
20241101_145257_838834485,-0.6544094
20241101_145258_090665267,0.34863594
20241101_145258_339899338,0.21127574
20241101_145258_583952105,0.47401157
20241101_145258_843010130,0.5023721
20241101_145259_096500968,0.49531224
20241101_145259_352402208,-0.12353786
20241101_145259_590729078,-0.06910875
20241101_145259_839708777,0.18450506
20241101_145300_086617482,0.21023203
20241101_145300_337873070,0.09324882
20241101_145300_591769129,0.19203846
20241101_145300_840092418,-0.08919483
20241101_145301_091738629,0.21515115
20241101_145301_343597209,0.07193316
20241101_145301_585682577,-0.034431957
20241101_145301_837929563,0.000891367
20241101_145302_094050135,-0.19322236
20241101_145302_344973753,-0.08944877
20241101_145302_596164658,-0.07990443
20241101_145302_842847099,-0.028856179
20241101_145303_090155994,-0.028827092
20241101_145303_336721721,-0.10090204
20241101_145303_597146785,0.31581035
20241101_145303_853524410,-0.17587073
20241101_145304_097259228,0.0063794646
20241101_145304_345285239,-0.10369327
20241101_145304_587386887,-0.024403056
20241101_145305_081302107,0.02191026
20241101_145305_583600913,0.06572006
20241101_145305_840905539,0.026874045
20241101_145306_330812040,0.040145494
20241101_145306_582080330,0.039699413
20241101_145306_835016211,0.03947536
20241101_145307_089440701,0.015076796
20241101_145307_336628559,-0.009483447
20241101_145307_852498071,0.04494784
20241101_145308_095740835,0.024342993
20241101_145308_350586728,0.07577414
20241101_145309_107452815,0.024082163
20241101_145309_342003844,0.019377688
20241101_145309_587569667,0.16768524
20241101_145309_837599033,-0.012136539
20241101_145310_090939293,0.009204188
20241101_145310_344293293,-0.031926
20241101_145310_589270504,-1.0831146
20241101_145310_836206709,-0.89525175
20241101_145311_083444846,-0.35491332
20241101_145311_345364268,-0.23299749
20241101_145311_590368539,-0.18572156
20241101_145311_845371590,-0.13454042
20241101_145312_083665329,-0.48719215
20241101_145312_347548010,-0.5550762
20241101_145312_594138991,-1.1478658
20241101_145312_852474113,-0.7939426
20241101_145313_098100848,-0.7442121
20241101_145313_347380641,-0.38014486
20241101_145313_590770960,-0.00797434
20241101_145313_848078443,-0.2779926
20241101_145314_104260729,-0.2739201
20241101_145314_591067259,-0.1903194
20241101_145314_843205647,-0.32356277
20241101_145315_089682755,-0.22601907
20241101_145315_595334031,-0.33162877
20241101_145315_846253455,-0.20662166
20241101_145316_337017377,-0.06986161
20241101_145316_583301926,0.024546692
20241101_145316_850969919,0.11309577
20241101_145317_099551041,1.1147901
20241101_145317_346442383,0.16692604
20241101_145317_834120819,0.075013675
20241101_145318_085929508,0.06592218
20241101_145318_337463581,0.872903
20241101_145318_594058780,0.41028717
20241101_145318_848656303,1.8339128
20241101_145319_114070569,-0.07617923
20241101_145319_355753980,0.0851213
20241101_145319_605080950,0.1910671
20241101_145319_857017425,0.3701056
20241101_145320_107661800,0.10588171
20241101_145320_352232789,-0.010233482
20241101_145320_596797157,0.595249
20241101_145320_854757370,0.6572234
20241101_145321_104301750,0.97187924
20241101_145321_350438700,0.88688815
20241101_145321_590479236,1.365694
20241101_145321_852246072,0.5064917
20241101_145322_096472202,0.61325735
20241101_145322_348066479,1.1242115
20241101_145322_596814126,0.6888564
20241101_145322_841682394,1.0819944
20241101_145323_088287699,0.58810014
20241101_145323_343018369,0.2577757
20241101_145323_588879893,0.46084395
20241101_145323_847404259,1.2154325
20241101_145324_086976910,0.7208015
20241101_145324_347238664,0.51877385
20241101_145324_583653757,0.6576181
20241101_145325_092214620,0.62096214
20241101_145325_339613242,-0.59347934
20241101_145325_595553350,-0.4265145
20241101_145325_852841693,-0.34582666
20241101_145326_100195459,-0.567667
20241101_145326_349623566,-0.0323594
20241101_145326_600628711,0.28923383
20241101_145326_859617429,0.5297216
20241101_145327_107768394,0.18263428
20241101_145327_352255832,-0.27388462
20241101_145327_589579912,-0.16586648
20241101_145327_838882949,-0.20051281
20241101_145328_084093962,0.0955575
20241101_145328_338241325,-0.13122122
20241101_145328_836739799,-0.12689678
20241101_145329_088375701,-0.028304508
20241101_145329_339284748,-0.023610016
20241101_145329_838391787,0.030091235
20241101_145330_088795770,0.20171104
20241101_145330_346739424,-0.015673777
20241101_145330_596548282,-0.062859975
20241101_145330_843518513,0.25617996
20241101_145331_092137353,-0.050969504
20241101_145331_343489977,-0.057201646
20241101_145331_593161501,-0.5483189
20241101_145331_846349754,-0.8551491
20241101_145332_099345420,-0.3702996
20241101_145332_347545255,-0.60382885
20241101_145332_597874218,-1.8701013
20241101_145332_849255924,0.35597917
20241101_145333_090887901,0.07338146
20241101_145333_343594431,0.073398985
20241101_145333_587473797,-0.014431378
20241101_145333_840703863,-0.1150135
20241101_145334_090601872,0.15335913
20241101_145334_338875201,0.067826666
20241101_145334_585279711,0.1850122
20241101_145334_837284104,0.18167637
20241101_145335_086567234,0.286523
20241101_145335_339848831,1.1416382
20241101_145335_587696396,1.8190812
20241101_145335_836038106,-0.4049876
20241101_145336_086652324,-0.45499542
20241101_145336_345348695,-0.6094592
20241101_145336_588838636,-0.14822705
20241101_145336_846371560,-0.14017494
20241101_145337_358980672,-0.2724237
20241101_145337_848023077,-0.07892241
20241101_145338_087179767,-0.1171331
20241101_145338_337714797,-0.08446302
20241101_145338_587106247,-0.13935019
20241101_145338_838256360,-0.09668406
20241101_145339_097531626,0.24967735
20241101_145339_353389000,0.15959445
20241101_145339_598048592,0.08495716
20241101_145339_846543519,-0.036994718
20241101_145340_090766369,-0.015390059
20241101_145340_347210621,-0.013282439
20241101_145340_591572296,-0.0024346318
20241101_145340_835256981,0.68054646
20241101_145341_086181057,0.36004946
20241101_145341_335042045,0.12800331
20241101_145341_833555187,0.16131626
20241101_145342_089109962,-0.13001408
20241101_145342_349640701,0.08790503
20241101_145342_596744992,0.30357674
20241101_145342_841132954,0.59226584
20241101_145343_093745165,-0.073505744
20241101_145343_352686348,1.178241
20241101_145343_597566037,0.004014436
20241101_145343_842076097,-0.053859554
20241101_145344_094161071,-0.17931665
20241101_145344_342653751,0.19788145
20241101_145344_590443725,0.118519165
20241101_145344_836648859,0.07861481
20241101_145345_087947123,0.11317191
20241101_145345_337886133,0.0735412
20241101_145345_591099754,0.5093688
20241101_145345_843830661,0.7374289
20241101_145346_095150344,2.8549323
20241101_145346_347488457,-0.016548885
20241101_145346_592955717,-0.028793873
20241101_145346_842137363,-0.0049368404
20241101_145347_096699551,-0.7011117
20241101_145347_355801359,-0.866668
20241101_145347_599664527,-0.07649601
20241101_145347_850022394,-0.1921571
20241101_145348_097256453,-0.23553257
20241101_145348_343834881,-0.5320673
20241101_145348_594157093,-0.37846002
20241101_145348_843355011,-0.3672097
20241101_145349_089576660,0.056304418
20241101_145349_339191785,0.1259256
20241101_145349_585078026,0.32520452
20241101_145349_847528892,0.7296103
20241101_145350_110054793,0.34575254
20241101_145350_354736345,0.24204083
20241101_145350_607045658,0.21126072
20241101_145350_854321097,0.15920515
20241101_145351_100382023,0.14852704
20241101_145351_347319395,0.14518122
20241101_145351_844699657,0.11180154
20241101_145352_101096093,0.13447826
20241101_145352_344457433,0.4222579
20241101_145352_587743023,0.20423399
20241101_145352_844108944,0.7369258
20241101_145353_101573167,0.20386769
20241101_145353_346432061,0.976155
20241101_145353_594180603,1.4188659
20241101_145353_840159118,0.263747
20241101_145354_087405265,1.0098648
20241101_145354_338116941,-0.8442523
20241101_145354_597981211,0.65753096
20241101_145354_847131796,0.09363609
20241101_145355_105257800,0.13278215
20241101_145355_344281520,0.2070607
20241101_145355_589855800,-1.8392286
20241101_145355_840321013,0.37600255
20241101_145356_082181841,-0.6763906
20241101_145356_336793583,-0.7039985
20241101_145356_581686556,-0.8214781
20241101_145356_838529831,-0.80320764
20241101_145357_096691961,-0.7933902
20241101_145357_335407844,-0.2319382
20241101_145357_585902529,-0.006174667
20241101_145357_836051864,-0.11677756
20241101_145358_080180899,-0.24700375
20241101_145358_333404899,-0.43695042
20241101_145358_586851607,-0.546179
20241101_145358_839022845,-0.44595325
20241101_145359_088723514,-0.33380482
20241101_145359_341576642,-0.22105415
20241101_145359_585396247,-0.13570721
20241101_145359_835779689,-1.7248276
20241101_145400_103215633,-1.7342844
20241101_145400_350068143,-0.10693427
20241101_145400_597780073,-0.8786064
20241101_145400_851784114,-0.500973
20241101_145401_102990031,-0.22827964
20241101_145401_353392253,-0.21160097
20241101_145401_593321830,0.19668606
20241101_145401_842719726,-0.113960735
20241101_145402_094188778,0.50757587
20241101_145402_344166864,0.21492903
20241101_145402_594495246,0.113136776
20241101_145402_850767273,0.099506445
20241101_145403_096198228,0.21021892
20241101_145403_339958251,0.05481998
20241101_145403_581702158,0.052006938
20241101_145403_837165657,0.41543397
20241101_145404_088058544,0.27536887
20241101_145404_338862209,1.4558707
20241101_145404_586152797,1.4332138
20241101_145404_836339292,2.522244
20241101_145405_085363407,-0.4285936
20241101_145405_337542372,-0.17686595
20241101_145405_591467119,-0.04480257
20241101_145405_851696365,0.08962617
20241101_145406_104215392,0.7249592
20241101_145406_344668782,-0.036887728
20241101_145406_583529089,0.14391105
20241101_145406_835468138,0.00929896
20241101_145407_084597899,-0.014316132
20241101_145407_339791666,-0.20004486
20241101_145407_587050451,-0.04703491
20241101_145407_841011901,-0.012968799
20241101_145408_088641093,-0.059413098
20241101_145408_334725642,-0.16505544
20241101_145408_589457113,-0.04716941
20241101_145408_839687059,-0.063405894
20241101_145409_081549850,-0.15515365
20241101_145409_346081841,-0.2095954
20241101_145409_603280126,0.14685863
20241101_145409_862444855,-0.031460285
20241101_145410_099048570,0.5055341
20241101_145410_343105528,0.35574028
20241101_145410_595506930,0.11580356
20241101_145410_847308082,-0.79904395
20241101_145411_103482165,0.597726
20241101_145411_343194711,0.3780863
20241101_145411_589280166,0.30550578
20241101_145411_836274016,0.28434968
20241101_145412_095156546,0.4587702
20241101_145412_343336823,0.33379507
20241101_145412_586363658,-0.055180423
20241101_145412_839866111,0.043196864
20241101_145413_091017636,-0.23888324
20241101_145413_342641169,-0.17431517
20241101_145413_589970937,-0.2701082
20241101_145413_835779036,-0.87954074
20241101_145414_088956482,-0.47671607
20241101_145414_337047007,-0.22871055
20241101_145414_583369734,-0.31575873
20241101_145414_833936152,-0.029529152
20241101_145415_090661578,0.038097456
20241101_145415_339200481,0.5451719
20241101_145415_584335446,0.3627008
20241101_145415_834506762,0.35802937
20241101_145416_081524612,0.05601131
20241101_145416_334678081,-0.17077841
20241101_145416_595841079,-0.009641012
20241101_145417_335435940,-0.006230494
20241101_145417_585872725,0.03752002
20241101_145417_838636296,0.09458164
20241101_145418_330753642,0.021006146
20241101_145418_832016915,0.037354268
20241101_145419_335952038,0.14171664
20241101_145419_591152110,-0.29486075
20241101_145420_086766934,-0.22598316
20241101_145420_333655740,-0.27841055
20241101_145420_843596738,-0.5458081
20241101_145421_091086659,-0.25754955
20241101_145421_346577796,-0.26614055
20241101_145421_587064223,-0.20192255
20241101_145421_840634435,-0.123780034
20241101_145422_090140400,-0.13994108
20241101_145422_341358507,0.042707346
20241101_145422_594406084,-0.003925463
20241101_145422_843624757,-0.0063647833
20241101_145423_095592316,-0.026637217
20241101_145423_339626553,-0.039475642
20241101_145423_581611849,-0.019029995
20241101_145423_840014536,-0.03445389
20241101_145424_359478981,-0.13326599
20241101_145424_836973171,0.10525323
20241101_145425_334122288,0.05809412
20241101_145426_339351565,0.033154942
20241101_145427_087817821,-0.02580144
20241101_145427_337573119,-0.010235807
20241101_145427_847018388,0.024890581
20241101_145428_094553140,0.026595393
20241101_145428_358909390,0.03249947
20241101_145428_856609898,0.017059783
20241101_145429_097829667,0.05224917
20241101_145429_337858163,0.012141565
20241101_145429_829065300,-0.015547117
20241101_145430_086664775,-0.049436472
20241101_145430_338814299,0.34069365
20241101_145430_585643170,0.32021517
20241101_145430_838405105,0.14865582
20241101_145431_086224721,-0.19517343
20241101_145431_350361892,-0.20824514
20241101_145431_591556789,-0.24099328
20241101_145431_852619194,-0.4018147
20241101_145432_354739353,-0.27301493
20241101_145432_598665950,-0.6296531
20241101_145432_839689195,-1.7864239
20241101_145433_086509817,0.3633515
20241101_145433_336364678,0.78018266
20241101_145433_588289523,0.7847489
20241101_145433_832914097,0.6426794
20241101_145434_090242679,0.62723446
20241101_145434_339727871,0.5111942
20241101_145434_585444899,0.37376097
20241101_145434_831671089,0.59069693
20241101_145435_083479835,0.38079885
20241101_145435_330950328,0.49415842
20241101_145435_582614448,0.7972792
20241101_145435_841557561,0.496542
20241101_145436_343695401,0.42141712
20241101_145436_591464344,0.5153995
20241101_145436_833230274,-0.4653969
20241101_145437_083146472,-0.3032727
20241101_145437_337375137,-0.048162892
20241101_145437_588954321,-0.2676937
20241101_145437_841984593,-0.4590403
20241101_145438_091796023,-0.31604958
20241101_145438_585189755,-0.31062537
20241101_145438_847048335,0.06008488
20241101_145439_102915848,0.018329443
20241101_145439_337590909,-0.068370365
20241101_145439_581839610,-0.07263871
20241101_145439_846588076,0.13811651
20241101_145440_088575036,0.08295373
20241101_145440_339572486,0.038429357
20241101_145440_581232671,-0.0039118137
20241101_145441_332593817,0.05517427
20241101_145441_841021619,-0.3586687
20241101_145442_089233881,0.27723837
20241101_145442_345278209,0.28457558
20241101_145442_587032566,0.3800906
20241101_145442_835240814,0.16056558
20241101_145443_331703407,0.24651034
20241101_145443_838425557,0.15234627
20241101_145444_086279572,0.12601806
20241101_145444_338705521,-0.079154395
20241101_145444_584257843,-0.0569823
20241101_145444_840996712,0.01500381
20241101_145445_333143731,0.052466907
20241101_145445_582520497,0.083733656
20241101_145445_836196632,0.08538548
20241101_145446_335734778,0.052847303
20241101_145447_589637902,0.0660784
20241101_145447_836976799,0.09536896
20241101_145448_336075739,-0.2730084
20241101_145448_601076217,-0.12423172
20241101_145448_859367494,0.34764603
20241101_145449_108937162,0.399882
20241101_145449_359518447,0.8183716
20241101_145449_597400476,1.1984507
20241101_145449_850578159,0.8041751
20241101_145450_085190380,0.54538304
20241101_145450_837892684,0.34323874
20241101_145451_097591494,0.075263895
20241101_145451_344886272,0.481594
20241101_145451_602723032,-0.17032818
20241101_145451_861939865,0.0013157558
20241101_145452_106087542,0.19553284
20241101_145452_356973133,0.29837924
20241101_145452_598939463,0.18892983
20241101_145452_856655881,-0.36063313
20241101_145453_106306095,-0.1873367
20241101_145453_356521183,-0.13685717
20241101_145453_597860829,0.04576657
20241101_145453_845117109,0.07500448
20241101_145454_096998121,-0.030800542
20241101_145454_346639235,-0.0074429717
20241101_145454_839527132,-0.00912567
20241101_145455_341167481,-0.089505516
20241101_145455_582172755,-0.05525341
20241101_145456_106354505,0.05073265
20241101_145456_360860065,0.13343082
20241101_145456_593160649,0.08527831
20241101_145456_844512389,0.064707614
20241101_145457_344146644,0.015612701
20241101_145457_597307122,0.020591954
20241101_145457_845109287,0.0314155
20241101_145458_091186418,0.3012377
20241101_145458_340367654,0.36989906
20241101_145458_587593089,0.0016553197
20241101_145458_842495498,-0.14310671
20241101_145459_088379878,-0.29578266
20241101_145459_355701103,-0.3382431
20241101_145459_614281661,-0.68793446
20241101_145459_864837084,-2.0323617
20241101_145500_102399665,0.21853857
20241101_145500_364748336,0.5871353
20241101_145500_609991300,1.4732732
20241101_145500_859657240,1.2476996
20241101_145501_100747555,1.1128302
20241101_145501_347739694,0.16147996
20241101_145501_600733860,0.19792677
20241101_145501_851674984,0.27014765
20241101_145502_345505343,0.6496104
20241101_145502_593266625,1.0911266
20241101_145502_855075775,0.5182506
20241101_145503_094161768,-0.62874275
20241101_145503_347326986,-0.037526272
20241101_145503_608110764,-0.1726696
20241101_145503_868219028,-0.21540259
20241101_145504_109013880,-0.8604501
20241101_145504_367241085,-0.5980838
20241101_145504_610416755,-0.6404248
20241101_145504_849876954,-0.87406814
20241101_145505_103690496,-0.9641838
20241101_145505_343880379,0.40080443
20241101_145505_593627124,0.3758873
20241101_145505_839133034,0.11724589
20241101_145506_082290041,0.27350882
20241101_145506_339542088,-0.05847832
20241101_145506_598140480,-0.020079097
20241101_145506_844510166,0.09916506
20241101_145507_091539944,-0.09633013
20241101_145507_334562078,0.002625445
20241101_145507_582895826,0.03220395
20241101_145507_833608745,-0.07310786
20241101_145508_358712142,0.13472377
20241101_145508_592849915,0.072731115
20241101_145508_853370316,-0.017571112
20241101_145509_093848023,0.111772455
20241101_145509_341911663,0.030288616
20241101_145509_592969695,-0.14235397
20241101_145509_858334205,-0.08582675
20241101_145510_101680631,-0.037191235
20241101_145510_350749557,-0.0325984
20241101_145510_595717820,-0.29066885
20241101_145510_852547414,0.07908505
20241101_145511_100839366,0.10659287
20241101_145511_357951736,-0.032615148
20241101_145511_851146348,-0.025336644
20241101_145512_108571418,-0.0061578956
20241101_145512_362145040,-0.0011036601
20241101_145512_603257579,0.22547235
20241101_145512_847012029,0.27536216
20241101_145513_091226542,0.1359459
20241101_145513_341420761,0.09227685
20241101_145513_587309259,-0.1318096
20241101_145513_844559447,-0.2882308
20241101_145514_084921550,-0.46706542
20241101_145514_336028839,0.19203812
20241101_145514_581233553,0.4109253
20241101_145514_834716345,0.2742149
20241101_145515_586932667,0.72478586
20241101_145515_848031015,0.04241801
20241101_145516_100507578,-0.7872461
20241101_145516_353044038,-0.15941997
20241101_145516_596467583,-0.17002238
20241101_145516_844237196,-0.20299588
20241101_145517_089803388,-0.29301414
20241101_145517_345899213,-0.27668795
20241101_145517_590399935,-1.0804585
20241101_145517_853332278,-0.64509195
20241101_145518_834813435,-0.57787496
20241101_145519_084231308,-0.536105
20241101_145519_339921853,-0.24168359
20241101_145519_595476319,-0.23562811
20241101_145519_846227859,-0.15358312
20241101_145520_836771998,-0.22145702
20241101_145521_078100474,-0.32327655
20241101_145521_334601249,-0.38592306
20241101_145521_836572617,0.009652773
20241101_145522_079838400,0.8858026
20241101_145522_331173674,1.2793951
20241101_145522_584378096,0.36787483
20241101_145522_836661043,0.11187909
20241101_145523_090092215,0.17695753
20241101_145523_342479637,0.08920268
20241101_145523_598590893,0.12899508
20241101_145524_351263756,0.21390973
20241101_145524_587003145,0.15293024
20241101_145524_838902424,0.04861752
20241101_145525_084779131,-0.2506559
20241101_145525_334735361,-0.08805054
20241101_145525_587222506,-0.4046551
20241101_145525_839392505,-0.7810331
20241101_145526_083407675,-0.052453607
20241101_145526_335912091,0.03744155
20241101_145527_334357023,0.2610222
20241101_145527_586897305,0.81237966
20241101_145527_838645100,0.124644704
20241101_145528_083846900,-0.017660817
20241101_145528_340996014,-0.1821148
20241101_145529_349192489,-0.036505602
20241101_145529_603957057,0.08359944
20241101_145529_847514523,-0.34105915
20241101_145530_094067942,-0.044096075
20241101_145530_341076921,-0.17844023
20241101_145530_585815416,-0.18539752
20241101_145530_835586617,-0.2110819
20241101_145531_091723927,-0.34525102
20241101_145531_344076035,-0.2689728
20241101_145531_585053351,-0.12506689
20241101_145531_836364231,-0.19462095
20241101_145532_080840762,-0.12286808
20241101_145532_335168956,-0.08713599
20241101_145532_581929131,-0.14517038
20241101_145532_831594217,1.8339559
20241101_145533_088388806,-0.5019837
20241101_145533_339913028,-0.5191259
20241101_145533_589705608,-0.43362555
20241101_145533_846605961,-0.41823563
20241101_145534_082274240,-0.11162024
20241101_145534_337474490,-0.0049209204
20241101_145534_582836270,-0.19275175
20241101_145534_835153146,-0.18015195
20241101_145535_084351805,0.7860925
20241101_145535_341102790,0.13409257
20241101_145535_594147925,0.06893119
20241101_145535_838982624,0.16708581
20241101_145536_082369200,0.1451786
20241101_145536_337780143,-0.2285768
20241101_145536_584837972,-0.14228208
20241101_145536_848062264,-0.05463504
20241101_145537_099432633,0.03882692
20241101_145537_344675860,-0.3496137
20241101_145537_595177335,-0.39777723
20241101_145537_844577704,-0.25726554
20241101_145538_083773735,-0.23090552
20241101_145538_331771260,-0.29589865
20241101_145538_579379768,-0.20997636
20241101_145538_833445866,-0.18722756
20241101_145539_341028646,-0.17026348
20241101_145539_835865033,0.15716007
20241101_145540_089152241,0.20079984
20241101_145540_340258312,0.13548617
20241101_145540_585419660,0.1050689
20241101_145541_079986853,0.5506324
20241101_145541_337425376,0.06864477
20241101_145541_592569611,0.0991768
20241101_145541_840490192,0.026395837
20241101_145542_081692410,-0.5209778
20241101_145542_336074339,-0.23038389
20241101_145542_583333124,-0.1309572
20241101_145542_831207055,-0.28278664
20241101_145543_081342015,-0.24754734
20241101_145543_334154271,-0.24001159
20241101_145544_334896800,-0.43015382
20241101_145544_583645222,-0.39781812
20241101_145544_838032395,-0.51638776
20241101_145545_337245286,-0.39474043
20241101_145545_831120171,-0.39568645
20241101_145546_085390003,0.35550475
20241101_145546_336059001,0.04916279
20241101_145546_578547011,0.10263828
20241101_145546_828779342,0.05664601
20241101_145548_579372090,0.05731813
20241101_145548_828313027,-0.16693766
20241101_145549_077575214,-0.41940817
20241101_145549_336101566,-0.41188595
20241101_145549_586630959,-0.91082853
20241101_145549_831163061,-0.54656863
20241101_145550_078966392,-0.6485991
20241101_145550_329812601,-0.41339555
20241101_145550_574722532,-0.64083135
20241101_145550_831095943,-1.6829945
20241101_145551_082287198,0.1569963
20241101_145551_335046155,0.26176664
20241101_145551_582379842,0.26955703
20241101_145551_830460908,0.2274413
20241101_145552_075478317,0.09502462
20241101_145552_330724988,0.746974
20241101_145553_330292759,0.26355416
20241101_145553_580167985,-0.0060965028
20241101_145553_831291559,-0.216899
20241101_145554_101092846,-0.018831542
20241101_145554_355986404,-0.12883024
20241101_145554_600135180,-0.07136672
20241101_145554_843440450,-0.061349772
20241101_145555_085026745,-0.0069002714
20241101_145555_829850403,-0.058873855
20241101_145556_079016065,-0.05843713
20241101_145556_334779841,0.03356103
20241101_145557_331590744,0.15043975
20241101_145557_579893717,0.32586926
20241101_145557_829361589,0.3509002
20241101_145558_331928611,0.22421916
20241101_145558_579118099,0.10939527
20241101_145558_835002388,0.1747358
20241101_145559_332283061,0.09121428
20241101_145559_585318665,0.17781483
20241101_145600_080609683,0.19252925
20241101_145600_332148545,0.14948983
20241101_145600_589460431,0.093211
20241101_145600_853584660,0.025591591
20241101_145601_099570887,-0.24217166
20241101_145601_348613698,-0.08170416
20241101_145601_591591885,-0.2451609
20241101_145601_843773858,-0.4242959
20241101_145602_090042989,-0.6084817
20241101_145602_357106027,-2.4255102
20241101_145602_601032209,0.1113612
20241101_145602_862594913,0.012373218
20241101_145603_098668106,-0.060945116
20241101_145603_341278043,0.55132985
20241101_145603_585060102,0.31932274
20241101_145603_838636304,0.074120976
20241101_145604_087104430,0.08240012
20241101_145604_591587379,-0.08747008
20241101_145604_846098394,-0.24732329
20241101_145605_090394290,-0.43207517
20241101_145605_340520086,-0.25882667
20241101_145605_585610486,-0.039624833
20241101_145605_842779030,-0.15925501
20241101_145606_090353233,-0.16624273
20241101_145606_340424197,-0.10262617
20241101_145606_590142356,0.07237648
20241101_145606_837910771,-0.07487204
20241101_145607_082048697,-1.1968836
20241101_145607_352644025,-1.2620033
20241101_145607_601662752,1.5689346
20241101_145607_851377734,-0.109240875
20241101_145608_092869173,-0.24815299
20241101_145608_341346890,-0.41099912
20241101_145608_591602581,-0.4056529
20241101_145608_841082459,-0.30196163
20241101_145609_346952040,-0.44152305
20241101_145609_596833319,-0.5856156
20241101_145609_854471968,-0.040925685
20241101_145610_097299186,1.1800438
20241101_145610_350399412,1.2333719
20241101_145610_608469108,1.2583458
20241101_145610_872165670,-0.4853983
20241101_145611_115990552,0.66776615
20241101_145611_366806194,0.38135776
20241101_145611_601834630,0.3908401
20241101_145611_856800644,0.8306597
20241101_145612_104075253,1.4158846
20241101_145612_339872986,-0.72025037
20241101_145612_584822456,-0.31310788
20241101_145612_833953197,0.93979055
20241101_145613_078246021,0.9558369
20241101_145613_332758374,1.212201
20241101_145613_584736257,-0.04846009
20241101_145613_842204847,-0.007818004
20241101_145614_093721932,0.1671143
20241101_145614_338416544,0.47495922
20241101_145614_594030376,0.56297255
20241101_145614_844656478,0.46113378
20241101_145615_103569068,0.40770897
20241101_145615_337273629,0.2778196
20241101_145615_585105452,0.22020935
20241101_145615_836241202,1.1182373
20241101_145616_089188211,1.3564024
20241101_145616_346812699,1.0468444
20241101_145616_591689879,0.6551559
20241101_145616_846975704,0.98302966
20241101_145617_087082547,0.35500118
20241101_145617_347979562,-0.4130288
20241101_145617_598684369,-0.23065998
20241101_145617_840859409,0.52647763
20241101_145618_087333556,0.13966595
20241101_145618_334431654,0.107759066
20241101_145618_586822356,0.18513967
20241101_145618_834479967,0.115906216
20241101_145619_079391882,0.06413106
20241101_145619_331396069,0.007484833
20241101_145619_577757941,0.0013622437
20241101_145620_078227262,-0.0860888
20241101_145620_330019408,0.20659877
20241101_145620_585537712,0.5432038
20241101_145620_839994064,0.6403721
20241101_145621_092440259,0.4590592
20241101_145621_339700693,0.9397567
20241101_145621_590122181,1.4128964
20241101_145621_847361263,0.5350288
20241101_145622_100997834,0.10996143
20241101_145622_349836861,0.006347159
20241101_145622_590888548,0.67097867
20241101_145622_847408126,1.1724616
20241101_145623_094122617,-0.41951424
20241101_145623_344997003,-0.21670608
20241101_145623_593065082,-0.18858476
20241101_145623_849517666,-0.3033574
20241101_145624_094192574,-0.28356776
20241101_145624_361678440,0.017761389
20241101_145624_587700097,-0.083666705
20241101_145624_833907979,-0.12427648
20241101_145625_081603895,-0.22656177
20241101_145625_344099409,0.031444393
20241101_145625_599912600,-0.5318349
20241101_145625_847231339,-0.5183272
20241101_145626_090944857,-0.7224055
20241101_145626_335573571,-0.122920856
20241101_145626_592228081,-0.06530457
20241101_145626_839942759,-0.332695
20241101_145627_086694715,-0.50841033
20241101_145627_331793029,-0.724122
20241101_145627_595185696,-0.61419845
20241101_145627_837795547,-0.77273583
20241101_145628_079676347,0.3076354
20241101_145628_334588253,0.3410307
20241101_145628_582308060,0.05813483
20241101_145628_838624028,-0.12270882
20241101_145629_083391091,-0.20142992
20241101_145629_339303256,-0.07906624
20241101_145629_587181155,-0.04998698
20241101_145629_832230919,-0.054233633
20241101_145630_079815015,-0.06615128
20241101_145630_580938965,0.032655872
20241101_145630_831376910,-0.027917406
20241101_145631_089092530,-0.18507113
20241101_145631_340582621,0.022650639
20241101_145631_590982491,0.16916212
20241101_145631_843954083,0.11320797
20241101_145632_092658145,0.036484815
20241101_145632_332868405,0.036988236
20241101_145632_583206236,0.0058186445
20241101_145632_832815608,0.15233953
20241101_145633_079010883,0.06332485
20241101_145633_330619422,-0.0014385786
20241101_145633_584916496,0.0050001536
20241101_145634_093498379,-0.26920438
20241101_145634_345421848,-0.8657788
20241101_145634_591057865,-0.29099646
20241101_145634_832826081,-0.0063798334
20241101_145635_076121882,-0.110681616
20241101_145635_328870483,-0.004774412
20241101_145635_580484051,-1.3755058
20241101_145635_831482599,-0.39429504
20241101_145636_089647315,-0.012709895
20241101_145636_342250591,0.077285424
20241101_145636_586661003,0.17448221
20241101_145636_832083084,0.5263588
20241101_145637_076876098,1.254608
20241101_145637_332261296,0.24979167
20241101_145637_583057341,0.07644724
20241101_145637_837050453,0.27325386
20241101_145638_078218157,0.427019
20241101_145638_326782900,0.06285206
20241101_145638_583077170,-0.085786544
20241101_145638_852066340,-0.00079118274
20241101_145639_094246464,-0.19296218
20241101_145639_341565401,-0.40522364
20241101_145639_580704139,-0.3240679
20241101_145639_833875533,-0.15890403
20241101_145640_330332454,-0.08630928
20241101_145640_581488335,-0.019537529
20241101_145640_830814982,0.218799
20241101_145641_081803756,0.30280933
20241101_145641_333083653,0.4345473
20241101_145641_579987023,0.23715444
20241101_145641_835037808,0.18855397
20241101_145642_079624718,0.1739677
20241101_145642_339884755,0.015785674
20241101_145642_589749215,0.054340996
20241101_145642_836788806,0.069399334
20241101_145643_578390216,0.2609694
20241101_145643_828404832,0.18619202
20241101_145644_076495864,-0.12915768
20241101_145644_581509656,0.10071898
20241101_145644_833787384,0.03227053
20241101_145645_087419956,0.056020297
20241101_145645_335973000,0.087438025
20241101_145645_578644814,0.04112909
20241101_145645_841502070,-0.047816657
20241101_145646_089383556,-0.005056938
20241101_145646_343849338,-0.040843688
20241101_145646_585971561,0.018459955
20241101_145647_085695036,0.0007366333
20241101_145647_335564996,-0.18951096
20241101_145648_338446834,0.9939769
20241101_145648_583146742,-0.11152916
20241101_145648_839789248,-0.52285194
20241101_145649_090132787,-0.15234107
20241101_145649_336291302,-0.4167065
20241101_145649_580523548,-0.38282552
20241101_145650_085754173,-0.22925247
20241101_145650_334106641,-0.22261722
20241101_145650_583147896,-0.12801975
20241101_145650_840552030,-0.4548321
20241101_145651_092442915,-0.1878757
20241101_145651_336061744,-0.45244116
20241101_145651_580668889,-0.23223503
20241101_145652_080566757,-0.2372462
20241101_145652_333503081,-0.2859197
20241101_145652_579442593,-0.31878778
20241101_145652_828809483,-0.27971068
20241101_145653_086280129,-0.1771381
20241101_145653_339232490,-0.49252093
20241101_145653_588010340,-0.27946922
20241101_145653_833380175,-0.2486278
20241101_145654_083752032,-0.34272262
20241101_145654_336557775,-0.3288728
20241101_145654_835862176,-0.2138898
20241101_145655_080654843,-0.2072043
20241101_145655_330108599,-0.2147144
20241101_145655_578491086,-0.030642156
20241101_145655_841253256,-0.09610476
20241101_145656_081023702,-0.066318475
20241101_145656_340058270,-0.21037973
20241101_145656_586773116,0.4819496
20241101_145656_833141032,0.1930492
20241101_145657_080850068,0.27016413
20241101_145657_348032511,0.07655034
20241101_145657_580883760,0.046729125
20241101_145658_583309718,0.0851996
20241101_145659_077883093,0.14905287
20241101_145659_335253450,0.09690336
20241101_145659_601606197,-0.05543735
20241101_145659_850725104,-0.32491285
20241101_145700_101848497,0.09169302
20241101_145700_353189102,-0.35100922
20241101_145700_598284768,-0.4263679
20241101_145700_857142462,-0.44207188
20241101_145701_095683415,-0.60081077
20241101_145701_345538721,-1.4688545
20241101_145701_603880037,-2.7355914
20241101_145701_839212891,-0.0917921
20241101_145702_093266167,-0.14132412
20241101_145702_351971401,-0.11093708
20241101_145702_597485315,-0.15753861
20241101_145702_842451533,-0.18937959
20241101_145703_085519098,-0.17410912
20241101_145703_333862473,-0.24501167
20241101_145703_590124566,-0.23415138
20241101_145704_086327705,-0.4313881
20241101_145704_334395492,-0.72595423
20241101_145704_585189186,-0.42716044
20241101_145705_084213284,-0.42695293
20241101_145705_611140914,0.36723885
20241101_145705_841358589,0.34860632
20241101_145706_090089713,0.17357664
20241101_145706_330554955,0.20897676
20241101_145706_578142560,0.2701065
20241101_145706_827890394,0.2237822
20241101_145707_582369869,0.18048997
20241101_145708_088571016,0.14178525
20241101_145708_334756455,0.12411121
20241101_145708_581196011,0.055102177
20241101_145708_831887424,0.16985567
20241101_145709_079862544,0.05245713
20241101_145709_330630561,0.03957478
20241101_145710_083100510,0.03650818
20241101_145710_330542656,0.029342929
20241101_145710_581290359,0.12584491
20241101_145710_833233176,0.20026277
20241101_145711_099224522,0.11074678
20241101_145711_331981570,-0.27470693
20241101_145711_581026800,-0.14710863
20241101_145711_831395544,-0.019696197
20241101_145712_332270369,0.013828436
20241101_145712_582064794,-0.0054338183
20241101_145712_831355972,-0.33363828
20241101_145713_079611378,0.09705775
20241101_145713_332314297,0.16034897
20241101_145713_580812252,0.025819162
20241101_145713_844700455,0.068058856
20241101_145714_577248284,0.037541576
20241101_145714_831339453,0.06872047
20241101_145716_327969218,0.040733106
20241101_145716_584060526,-0.025484344
20241101_145716_826179372,-0.06880983
20241101_145717_084335921,1.3342228
20241101_145717_336873850,0.098469235
20241101_145717_591663028,0.09970037
20241101_145718_330054986,0.24812917
20241101_145718_580902754,0.2251928
20241101_145719_327247235,0.18779965
20241101_145719_829253930,0.22599049
20241101_145720_083782273,1.5151991
20241101_145720_336094369,-0.48220828
20241101_145720_582599440,-0.14564857
20241101_145720_833866851,-0.08264925
20241101_145721_086704541,-0.14933892
20241101_145721_335354500,-0.35026664
20241101_145721_580093176,-0.4354913
20241101_145721_831861271,-0.96763664
20241101_145722_085130613,-0.6127332
20241101_145722_343561159,-0.95693046
20241101_145722_586613823,-0.5058894
20241101_145722_830743177,-0.19821878
20241101_145723_332259504,-0.06659051
20241101_145723_581171717,-0.77410704
20241101_145723_835447389,-0.65475494
20241101_145724_088701106,-0.6114481
20241101_145724_348544040,-0.54167765
20241101_145724_581412534,-0.45174104
20241101_145724_829176091,-0.25851464
20241101_145725_078913724,0.40040505
20241101_145725_334572064,0.75195557
20241101_145725_581570979,0.08002714
20241101_145725_833343031,0.14813496
20241101_145726_083295981,0.15227102
20241101_145726_355196769,0.28874823
20241101_145726_587394806,0.45969164
20241101_145726_836859703,0.24779741
20241101_145727_082027429,0.022029022
20241101_145727_331009370,0.008788684
20241101_145727_578192173,0.04036627
20241101_145727_832430314,0.0015057717
20241101_145728_085147618,0.015472511
20241101_145728_830757221,-0.85616326
20241101_145729_089844015,-0.27422372
20241101_145729_341121109,0.074755944
20241101_145729_578439071,0.2951804
20241101_145729_828055792,-0.09134903
20241101_145730_079091099,-0.22780968
20241101_145730_331365819,-0.4272548
20241101_145730_585288387,-0.2581807
20241101_145730_840979302,0.022996264
20241101_145731_085133979,-0.18519317
20241101_145731_334782676,-0.18758322
20241101_145731_580311815,-0.18072547
20241101_145731_831877510,-0.18353094
20241101_145732_079117732,-0.14867218
20241101_145732_330594170,-0.33574733
20241101_145732_578501530,0.46412125
20241101_145732_829614986,0.24389188
20241101_145733_087145450,0.19228254
20241101_145733_333295558,0.21774523
20241101_145733_584785983,0.24051528
20241101_145733_832512691,0.13582782
20241101_145734_078985270,0.32548836
20241101_145734_576022029,0.2676105
20241101_145734_827040895,0.60098237
20241101_145735_078256717,0.46416324
20241101_145735_329999446,0.27344692
20241101_145735_583690876,0.17118658
20241101_145735_834532163,0.20680852
20241101_145736_080491476,0.22256191
20241101_145736_578649433,-0.3010969
20241101_145736_829893489,0.0541145
20241101_145737_078906937,0.1798154
20241101_145737_328501430,0.122836865
20241101_145737_580169131,0.07595835
20241101_145738_080781240,0.118154205
20241101_145738_330068016,0.14568792
20241101_145738_579907019,0.29271266
20241101_145739_077998374,0.16793339
20241101_145739_330489743,-0.010768553
20241101_145739_580474847,-0.48720056
20241101_145739_831680168,-0.11540609
20241101_145740_078024741,-0.07678219
20241101_145740_335654509,-0.07472249
20241101_145740_581146932,-0.06862279
20241101_145740_833401956,-0.08755257
20241101_145741_081482866,-0.11414363
20241101_145741_331207809,-0.04300853
20241101_145741_578532249,-0.016628882
20241101_145741_828635550,-0.033538185
20241101_145742_076663328,-0.055500172
20241101_145742_329116979,-0.36603692
20241101_145742_580855537,-0.17052726
20241101_145742_828841963,-0.15703584
20241101_145743_074651137,-0.75162053
20241101_145743_325989293,-0.24236111
20241101_145743_579369288,-0.21861391
20241101_145743_828043035,-0.079726145
20241101_145744_076063455,-0.13227607
20241101_145744_327213624,-0.057825945
20241101_145744_574279739,-0.16659848
20241101_145744_826691060,-0.1817012
20241101_145745_326440524,-0.17512615
20241101_145745_575723272,-0.1485733
20241101_145745_826695685,0.37441784
20241101_145746_076979587,0.18539591
20241101_145746_325518025,0.06439177
20241101_145746_573447029,0.13904424
20241101_145747_077457889,1.1110716
20241101_145747_331284218,-0.7140432
20241101_145747_587171612,-0.63808167
20241101_145747_836933322,-0.86748254
20241101_145748_079285813,-0.679103
20241101_145748_340865060,-0.6733073
20241101_145748_583237262,-0.32835972
20241101_145748_835562879,-0.19199365
20241101_145749_079801025,-0.21016456
20241101_145749_335205463,-0.59401506
20241101_145749_581352807,-0.56612754
20241101_145749_830407749,-0.3909996
20241101_145750_336525886,-0.53576106
20241101_145750_582693963,-0.13886626
20241101_145750_836479335,-0.27288935
20241101_145751_081265534,-0.31917045
20241101_145751_329531778,-0.24952815
20241101_145751_833059088,-0.16069336
20241101_145752_078593083,-0.05251827
20241101_145752_328096798,-0.10451593
20241101_145752_584982835,-0.06467601
20241101_145752_828093360,0.41045362
20241101_145753_076636784,0.2161478
20241101_145753_327144738,0.17596836
20241101_145753_583210350,0.1573342
20241101_145753_835386941,1.1551944
20241101_145754_086945560,1.1081808
20241101_145754_342713778,0.23186745
20241101_145754_840184627,0.2124546
20241101_145755_082444915,1.413607
20241101_145755_336666685,0.56309116
20241101_145755_588101303,0.17184572
20241101_145755_838766340,0.09828851
20241101_145756_082928196,-0.12946047
20241101_145756_335867042,-0.4345089
20241101_145756_584273076,-0.27777812
20241101_145756_836748607,0.066017725
20241101_145757_081555437,0.03048245
20241101_145757_332687341,0.24843757
20241101_145757_832957675,0.109572805
20241101_145758_328435072,0.1829196
20241101_145758_580102817,0.17934196
20241101_145758_834169026,-0.9958571
20241101_145759_086305714,-1.104929
20241101_145759_336299786,-0.3473703
20241101_145759_613579567,-0.49825945
20241101_145759_849171765,-0.85405177
20241101_145800_099234958,-0.22502838
20241101_145800_597412616,-0.26183066
20241101_145800_880787440,-0.20978393
20241101_145801_117115650,-0.47820392
20241101_145801_367234492,-0.014068669
20241101_145801_616348939,-0.054349326
20241101_145801_843523748,0.14982764
20241101_145802_090045775,-0.2570053
20241101_145802_405232444,-0.028294047
20241101_145802_589455044,-0.21092068
20241101_145802_842132821,0.15961024
20241101_145803_087605302,0.16446121
20241101_145803_330804135,0.032139458
20241101_145803_579524721,0.0003014002
20241101_145803_835654017,-0.08013841
20241101_145804_086192924,-1.2768815
20241101_145804_333854191,-0.7541072
20241101_145804_849620971,0.03437809
20241101_145805_078984381,0.027791588
20241101_145805_329295882,-0.19575389
20241101_145805_581450534,-0.09143948
20241101_145805_836955726,-0.033779107
20241101_145806_083844061,-0.19115804
20241101_145806_332547722,-0.25818852
20241101_145806_595655865,-0.2880498
20241101_145806_837355148,0.22292112
20241101_145807_086782763,-1.4919028
20241101_145807_340731964,-0.8388217
20241101_145807_587073018,-0.0906715
20241101_145807_836615835,0.26653305
20241101_145808_083798005,0.019307056
20241101_145808_333127653,0.12976633
20241101_145808_606816453,0.068214156
20241101_145808_837742298,-0.1440142
20241101_145809_094609958,-0.3375641
20241101_145809_334261212,-0.3874888
20241101_145809_580146731,-0.11895009
20241101_145810_328864666,-0.13390799
20241101_145810_608476575,-0.09333911
20241101_145810_843504831,-0.0633265
20241101_145811_084597291,-0.10989263
20241101_145811_330490464,-0.16447048
20241101_145811_829551296,0.11360758
20241101_145812_081146831,-0.18071662
20241101_145812_330337866,-0.11689409
20241101_145812_577780198,-0.11151292
20241101_145812_827926056,-0.09502687
20241101_145813_325481762,-0.06544577
20241101_145813_575667012,-0.0439566
20241101_145813_829497669,-0.019718131
20241101_145814_080770236,-0.11972337
20241101_145814_579541821,-0.05426284
20241101_145814_857692923,0.45224246
20241101_145815_086144095,0.12407345
20241101_145815_334240752,-0.012514254
20241101_145815_577228316,0.108905055
20241101_145815_828030442,0.17640589
20241101_145816_333773968,0.1559064
20241101_145816_846179853,0.04885093
20241101_145817_083115223,-0.14830385
20241101_145817_331160402,-0.43844226
20241101_145817_829082514,-0.34309524
20241101_145818_078927377,-0.2785956
20241101_145818_576425432,0.013582507
20241101_145818_824506915,-0.79691285
20241101_145819_076178617,-0.32261428
20241101_145819_326830584,-0.2299601
20241101_145819_577587957,-0.15485041
20241101_145819_827512368,0.00900382
20241101_145820_077823092,0.20002665
20241101_145820_327837020,0.13457648
20241101_145820_582893564,0.07754726
20241101_145820_834588247,0.030737856
20241101_145821_086952282,-0.50279504
20241101_145821_332509544,-0.62520206
20241101_145821_581421072,-0.46707094
20241101_145822_328788548,-0.38913622
20241101_145822_578564869,-0.63459945
20241101_145822_828756181,-0.39863572
20241101_145823_084290418,0.13500859
20241101_145823_330103918,0.18238272
20241101_145823_582267626,-0.24466826
20241101_145823_833300962,-0.10453438
20241101_145824_083619363,-0.44483408
20241101_145824_358142305,-0.3642939
20241101_145824_830616417,-0.2945192
20241101_145825_080522796,-0.29769492
20241101_145825_328467080,-0.3561446
20241101_145825_581062125,-0.55963916
20241101_145825_828958463,-0.28750935
20241101_145826_079991703,-0.53000706
20241101_145826_333122475,-0.2756671
20241101_145826_580774042,-0.22624941
20241101_145827_078882264,-0.25413802
20241101_145828_328186515,-0.18617557
20241101_145829_074939931,-0.28416255
20241101_145829_327851288,0.3382546
20241101_145829_578299708,-0.12473347
20241101_145829_832255784,0.1848117
20241101_145830_080862781,0.005283097
20241101_145830_333470985,-0.08079394
20241101_145830_589085693,-0.20214279
20241101_145830_852532887,-0.024062907
20241101_145831_115696419,-0.057422183
20241101_145831_399279423,-0.07312741
20241101_145831_596729524,0.09242592
20241101_145831_839710949,0.6364546
20241101_145832_085156075,1.9502758
20241101_145832_343096324,-0.6600011
20241101_145832_587583815,-0.14835529
20241101_145832_835946755,-0.35472837
20241101_145833_079087189,-0.29277113
20241101_145833_335668419,-0.23500507
20241101_145833_582071288,-0.21686925
20241101_145833_847284367,-1.496917
20241101_145834_083061343,0.8984803
20241101_145834_333054316,-0.64477533
20241101_145834_578132674,-0.42953417
20241101_145834_828401617,-0.5701265
20241101_145835_080149549,-0.61131126
20241101_145835_328690269,-0.9984197
20241101_145835_828948026,-0.63972944
20241101_145836_076211758,-0.725196
20241101_145836_328196919,-0.47742802
20241101_145836_575584549,-0.50991315
20241101_145836_825345266,-0.59736925
20241101_145837_077162266,-1.1782051
20241101_145837_327148985,-0.9345708
20241101_145837_830120987,-0.15419891
20241101_145838_075282932,0.36733276
20241101_145838_326377691,0.16686688
20241101_145838_577781169,0.14008991
20241101_145838_829427058,0.24510191
20241101_145839_078807561,-0.29139766
20241101_145839_328664564,-0.29274657
20241101_145839_583387820,-0.16710593
20241101_145839_828793802,-0.2978767
20241101_145840_079118837,-0.21484645
20241101_145840_326670823,1.439453
20241101_145840_579791787,-0.4249186
20241101_145840_830736480,-0.21332768
20241101_145841_088764244,-0.26444843
20241101_145841_326734135,-0.1603228
20241101_145841_575617449,-0.27148816
20241101_145841_824494135,-0.8547507
20241101_145842_076756524,-1.1708792
20241101_145842_324914058,-0.4502783
20241101_145842_575591165,-0.00831428
20241101_145842_824581270,0.1779032
20241101_145843_079735883,-0.67910326
20241101_145843_329764143,-0.29306102
20241101_145843_579613392,-0.006205367
20241101_145843_827213528,-0.74088156
20241101_145844_079373354,-0.78971255
20241101_145844_333801319,-0.28675476
20241101_145844_583183955,-1.2633717
20241101_145844_831685648,0.5600538
20241101_145845_079908967,-0.53219014
20241101_145845_333704223,-0.41318652
20241101_145845_581474237,0.03290251
20241101_145845_831238368,0.13686867
20241101_145846_078501343,-0.36770037
20241101_145846_330802641,0.17610161
20241101_145846_584186480,0.09685341
20241101_145847_076073644,0.37390634
20241101_145847_325713119,0.26482922
20241101_145847_576610484,-0.075005494
20241101_145847_826833675,-0.124998175
20241101_145848_327940945,-0.029279312
20241101_145848_576070641,-0.035035215
20241101_145848_823291150,0.026280502
20241101_145849_081809403,0.042973377
20241101_145849_574079920,-0.0028734412
20241101_145849_823231395,0.19840597
20241101_145850_074896916,-1.5559212
20241101_145850_324035514,0.5292414
20241101_145850_575665436,0.69260466
20241101_145850_827057153,0.87296665
20241101_145851_075948462,0.767828
20241101_145851_325354227,1.316895
20241101_145851_574801377,-0.071558155
20241101_145851_828075398,-0.6747166
20241101_145852_077277666,-0.3304479
20241101_145852_328492422,-0.57333773
20241101_145852_575201444,-0.5498755
20241101_145852_827082198,-0.58469003
20241101_145853_077163762,-0.56046826
20241101_145853_328397194,-0.37829512
20241101_145853_823656289,-0.5598419
20241101_145854_074486834,-0.4262724
20241101_145854_326519673,-0.57213837
20241101_145854_576212096,-0.6202411
20241101_145854_829199705,-0.56462127
20241101_145855_075896778,-0.9355945
20241101_145855_326508502,-0.639501
20241101_145855_578491733,-0.6815865
20241101_145855_831355155,0.7883112
20241101_145856_078628782,-0.002890138
20241101_145856_326126869,-0.21245702
20241101_145856_575872660,-0.1229653
20241101_145856_831218613,-0.66730213
20241101_145857_080030124,-0.7943445
20241101_145857_325399019,-1.1604387
20241101_145857_825754509,-0.9825873
20241101_145858_077629097,0.4819722
20241101_145858_325564148,-0.52067786
20241101_145858_576745786,-0.5323232
20241101_145858_826025739,-0.27621767
20241101_145859_081391754,-0.2129607
20241101_145859_332858000,-0.5071787
20241101_145859_581873216,1.0065701
20241101_145859_832512351,-0.5103432
20241101_145900_084353705,0.65754366
20241101_145900_339470217,-0.73744637
20241101_145900_613952463,0.5086738
20241101_145900_848929566,-0.49379733
20241101_145901_098719158,0.20277752
20241101_145901_349330123,1.2009127
20241101_145901_598635546,0.3799127
20241101_145901_833149244,0.7166217
20241101_145902_081489370,0.4977059
20241101_145902_328498958,-0.29589617
20241101_145902_590215636,-0.022282608
20241101_145902_829666308,-0.035720315
20241101_145903_091578784,-0.1177279
20241101_145903_328215522,-0.09400346
20241101_145903_593874139,-0.13874711
20241101_145903_840516517,-0.19331981
20241101_145904_078399164,-0.23527975
20241101_145904_575964739,-0.25767067
20241101_145904_829280880,-0.17658187
20241101_145905_076408329,-0.08478775
20241101_145905_329195689,-0.019904098
20241101_145905_578444837,1.1282591
20241101_145905_827812637,-0.051144734
20241101_145906_076295955,0.12637556
20241101_145906_327883424,0.35291713
20241101_145906_576251842,0.12187234
20241101_145906_827999778,0.9823304
20241101_145907_079231272,0.92208505
20241101_145907_332079823,0.58487123
20241101_145907_579078586,0.71017385
20241101_145907_828609607,0.71706676
20241101_145908_075994215,1.16396
20241101_145908_329197617,0.32645106
20241101_145908_580040578,0.6965864
20241101_145908_830041136,-0.2550341
20241101_145909_079107945,-0.10263752
20241101_145909_329477129,-0.06614711
20241101_145909_580632456,-0.6008539
20241101_145909_829686088,-1.5547467
20241101_145910_078499755,-0.03273394
20241101_145910_330559378,-0.28738704
20241101_145910_580512337,0.5409205
20241101_145910_832308264,0.22424616
20241101_145911_081197161,0.6250219
20241101_145911_329730567,0.22636689
20241101_145911_575553708,-0.01228567
20241101_145911_826841097,0.07171164
20241101_145912_077488445,-0.20381923
20241101_145912_328218181,-0.11517217
20241101_145912_575218621,-0.10884633
20241101_145912_826972450,-0.13752337
20241101_145913_075181571,-0.2835181
20241101_145913_327746397,-1.7979316
20241101_145913_578011886,-1.4095873
20241101_145913_828975324,-1.4595083
20241101_145914_076476967,-2.1805935
20241101_145914_328564757,0.44736978
20241101_145914_577223421,0.9640988
20241101_145914_830349048,0.17668073
20241101_145915_078526632,0.1228166
20241101_145915_579424681,0.27443144
20241101_145915_837741226,0.054146312
20241101_145916_081698994,-0.34513977
20241101_145916_332119073,-0.016726712
20241101_145916_578402760,0.7259057
20241101_145916_837017666,1.1546834
20241101_145917_079590919,0.44210187
20241101_145917_331378662,0.36478654
20241101_145917_579694028,0.43883625
20241101_145917_828473006,0.40307286
20241101_145918_078521213,0.3029035
20241101_145918_577424085,-0.2936994
20241101_145918_829734660,-0.16699536
20241101_145919_078317383,-0.05846265
20241101_145919_330170034,0.010316411
20241101_145919_832107356,-0.051427864
20241101_145920_334379891,-0.47258657
20241101_145920_580349707,1.2673802
20241101_145920_830265695,0.17270495
20241101_145921_080601379,0.22403602
20241101_145921_329500348,0.17572539
20241101_145921_577428994,0.17856176
20241101_145921_830097086,0.20149262
20241101_145922_079654234,1.4821205
20241101_145922_329623563,0.15334277
20241101_145922_578135948,0.17111467
20241101_145923_579497741,0.2224779
20241101_145923_826853373,0.4317327
20241101_145924_076150442,-0.026101908
20241101_145924_344485648,0.11831678
20241101_145924_575538729,0.22306193
20241101_145924_826865644,0.50241077
20241101_145925_074827599,0.3453249
20241101_145925_326724664,0.44887406
20241101_145925_575871644,0.27643883
20241101_145925_829787370,0.27600703
20241101_145926_076568976,0.47067505
20241101_145926_328452187,0.54235166
20241101_145926_578542300,0.8392443
20241101_145926_829547465,0.4334566
20241101_145927_077045401,0.33411616
20241101_145927_325173438,0.109497346
20241101_145927_575549883,-0.8019623
20241101_145927_832848341,-0.0083463695
20241101_145928_079413971,0.01608614
20241101_145928_326986884,-0.15757866
20241101_145928_578755105,-0.34939843
20241101_145928_830173900,-0.30338526
20241101_145929_078752096,-1.6444975
20241101_145929_330899815,-2.2191002
20241101_145929_583435976,-0.22907977
20241101_145929_843928164,-0.45541164
20241101_145930_082752459,-0.4340196
20241101_145930_344312383,-0.71426874
20241101_145930_582904204,-0.21074273
20241101_145930_834134680,-0.6847145
20241101_145931_079630179,-1.4549762
20241101_145931_331284066,-0.4575706
20241101_145931_581141136,-0.4837993
20241101_145931_830684959,-0.59093195
20241101_145932_079516808,-0.47408745
20241101_145932_328489447,-0.48889828
20241101_145932_576152151,-0.37762782
20241101_145932_830398229,-0.37385398
20241101_145933_078446226,-0.5161652
20241101_145933_330226527,-0.9276077
20241101_145934_078720058,-0.52264035
20241101_145934_330539730,-0.40995222
20241101_145934_829321645,-0.408273
20241101_145935_078421079,-0.2695729
20241101_145935_327754263,-0.63393825
20241101_145935_577200603,-0.3933057
20241101_145935_827934107,-0.34581658
20241101_145936_079099116,-0.46229044
20241101_145936_574008632,-1.1714553
20241101_145936_824748025,-0.42957088
20241101_145937_073187641,0.10316191
20241101_145937_326974840,-0.16698147
20241101_145937_574894950,0.12622464
20241101_145937_829824734,0.00622564
20241101_145938_077534181,0.18169966
20241101_145938_328073823,0.013651365
20241101_145938_576640000,0.1544274
20241101_145938_827473820,0.016445497
20241101_145939_077833334,0.075990714
20241101_145939_329048355,0.0065347347
20241101_145939_577737103,0.04317615
20241101_145939_827733289,-0.048598133
20241101_145940_077137861,-0.05007782
20241101_145940_328787652,-0.09371152
20241101_145940_576254059,0.0539938
20241101_145940_830547922,-0.021367928
20241101_145941_075347768,0.0765822
20241101_145941_327556865,0.024034778
20241101_145941_576190940,0.09190992
20241101_145941_827267992,0.081564195
20241101_145942_076335263,0.08852068
20241101_145942_327540157,0.71599656
20241101_145942_580169024,0.3175416
20241101_145942_827966728,0.19630174
20241101_145943_074765639,0.06503514
20241101_145943_325018690,0.46044102
20241101_145943_574270284,0.34948128
20241101_145943_824193991,0.26740697
20241101_145944_335255474,0.33780777
20241101_145944_575305466,0.23122413
20241101_145944_826396156,0.21977459
20241101_145945_081260762,0.18676697
20241101_145945_330179503,0.15069954
20241101_145945_573438187,0.42491105
20241101_145945_827097387,0.2188559
20241101_145946_330431794,0.23013498
20241101_145946_829349198,0.33594403
20241101_145947_072837812,0.2679365
20241101_145947_326032807,0.67258346
20241101_145947_574012763,0.29849395
20241101_145947_827652097,0.49193886
20241101_145948_083439349,0.58998924
20241101_145948_324315922,0.52290875
20241101_145948_576994536,0.16868116
20241101_145949_086707910,0.27045968
20241101_145949_329250190,0.5646774
20241101_145949_578930011,0.68463135
20241101_145949_828313839,0.66303045
20241101_145950_077705712,0.834771
20241101_145950_342513512,0.14924987
20241101_145950_580128629,0.28131488
20241101_145951_090414292,0.44433102
20241101_145951_329309596,0.3946651
20241101_145951_577743737,0.7542693
20241101_145951_829107264,0.8747788
20241101_145952_084856043,1.4624867
20241101_145952_329614157,1.530116
20241101_145952_577996685,0.74308455
20241101_145952_828550093,1.3475139
20241101_145953_091776621,1.0479472
20241101_145953_335721763,1.0304656
20241101_145953_576407535,0.78103197
20241101_145953_830731211,0.9517033
20241101_145954_091289121,-0.698633
20241101_145954_333095370,0.3649499
20241101_145954_584532184,-0.19677801
20241101_145954_831089194,0.30834934
20241101_145955_113642068,-0.9370237
20241101_145955_335448211,1.0751991
20241101_145955_578471603,0.7635129
20241101_145955_833091665,0.40578893
20241101_145956_081811466,-0.29677746
20241101_145956_361785771,-0.042682357
20241101_145956_583648800,-0.5761308
20241101_145956_831934580,0.65815645
20241101_145957_079307820,0.40736815
20241101_145957_331154667,0.291002
20241101_145957_577927414,-2.9533293
20241101_145957_834534364,-1.4656556
20241101_145958_079280284,-0.6316691
20241101_145958_329391501,-0.31507492
20241101_145958_578950795,0.35356554
