trade_date,FW_label
20241106_133000_030764662,1.7952343
20241106_133000_291690442,0.5328173
20241106_133000_536335779,-0.7855771
20241106_133000_785070938,0.4521918
20241106_133001_035160353,-1.9568306
20241106_133001_292943468,-1.2353219
20241106_133001_536579402,0.26347125
20241106_133001_775596470,0.29453683
20241106_133002_024380476,-0.2586308
20241106_133002_285133969,2.409593
20241106_133002_526560217,-0.101106085
20241106_133002_773548041,-0.11988496
20241106_133003_029840910,1.7585145
20241106_133003_279764219,0.49898437
20241106_133003_521810230,0.78004545
20241106_133003_762893388,2.2671013
20241106_133004_012709717,0.6761923
20241106_133004_269622176,2.208901
20241106_133004_521941903,1.4928851
20241106_133004_763424304,1.563973
20241106_133005_008442496,0.46317247
20241106_133005_277405713,1.0548912
20241106_133005_524008550,-1.2002304
20241106_133005_785404070,-0.9664174
20241106_133006_022375378,-0.93300277
20241106_133006_272036073,-0.23042046
20241106_133006_526294890,0.39568102
20241106_133006_760514013,0.2398106
20241106_133007_007182930,-0.38492855
20241106_133007_265880111,-0.06864691
20241106_133007_506861762,0.091562934
20241106_133007_757747357,0.37429473
20241106_133008_011344749,-0.6533482
20241106_133008_258148481,0.061149932
20241106_133008_507494484,-0.6094853
20241106_133008_751947121,-0.21268131
20241106_133009_017615637,0.30024254
20241106_133009_261372180,1.4673808
20241106_133009_510528679,-0.24824426
20241106_133009_750487520,0.3054414
20241106_133010_000712294,-0.7748455
20241106_133010_258661686,0.46155372
20241106_133010_501431966,-0.1543773
20241106_133010_754047370,-0.038489215
20241106_133011_004548758,-0.46013293
20241106_133011_264823116,-0.664676
20241106_133011_507208282,-0.2501128
20241106_133011_756640842,-1.0187085
20241106_133012_002485202,-1.008679
20241106_133012_269542726,0.09852604
20241106_133012_501925118,-0.8751057
20241106_133012_754764054,-0.4921278
20241106_133013_005387253,-0.49832457
20241106_133013_261027918,-0.43520698
20241106_133013_499152892,-0.17710997
20241106_133013_755577172,-0.877698
20241106_133014_017071743,-0.24635495
20241106_133014_265232766,-0.6379532
20241106_133014_502191880,0.021028774
20241106_133014_771836431,-0.020075103
20241106_133014_996312431,-0.13707648
20241106_133015_261085319,-1.10959
20241106_133015_505111309,-0.48744044
20241106_133015_751848910,-0.9783473
20241106_133016_021591813,-0.8686704
20241106_133016_276090093,-1.3573047
20241106_133016_505081665,0.25641683
20241106_133016_752878695,-0.36305407
20241106_133017_001483852,-0.3584567
20241106_133017_267339666,-0.64071715
20241106_133017_503351812,-1.9080039
20241106_133017_752467652,0.6475064
20241106_133018_006887578,0.8177435
20241106_133018_261253321,0.28490782
20241106_133018_505671680,-0.12615551
20241106_133018_763152322,0.067211606
20241106_133018_998355489,-0.3781536
20241106_133019_262827496,-0.40318033
20241106_133019_506451777,-0.87314665
20241106_133019_753302055,-0.88515216
20241106_133019_999756496,-1.1730031
20241106_133020_269609532,-0.36897844
20241106_133020_497877766,-0.107677326
20241106_133020_750556625,-0.020039579
20241106_133020_997281410,-0.5944894
20241106_133021_255172674,-0.48139724
20241106_133021_500413218,0.22217019
20241106_133021_755109530,-0.45846188
20241106_133022_003936907,-0.53251344
20241106_133022_258501546,-0.97813314
20241106_133022_500022419,-0.7518614
20241106_133022_759935527,-0.77818316
20241106_133023_264884569,-0.7783387
20241106_133023_514283283,-0.9794563
20241106_133023_755038496,-1.2227558
20241106_133024_000918194,-0.25780866
20241106_133024_258860532,-1.0287396
20241106_133024_501729234,-0.46706757
20241106_133024_750293344,-1.0121284
20241106_133025_001691079,-0.5459979
20241106_133025_257324683,0.4856859
20241106_133025_504479299,0.12338237
20241106_133025_755540089,0.023810485
20241106_133025_999489269,0.7184174
20241106_133026_252753171,0.7369859
20241106_133026_494093099,0.7014558
20241106_133026_747982323,2.1404896
20241106_133026_995616285,-0.33060226
20241106_133027_251641623,0.56017315
20241106_133027_498500249,0.34626195
20241106_133027_745964928,0.07439659
20241106_133027_996291474,0.601951
20241106_133028_251666255,-0.13248505
20241106_133028_496785330,0.0003309641
20241106_133028_750946864,0.099440016
20241106_133028_992251510,-0.3899995
20241106_133029_252061970,-0.31590092
20241106_133029_500032679,-0.44677356
20241106_133029_749381476,0.069359876
20241106_133029_994683822,-0.65596414
20241106_133030_261960267,-3.1373665
20241106_133030_500112864,-0.9119427
20241106_133030_750599123,0.34809217
20241106_133031_000581459,0.77773845
20241106_133031_251769493,-0.10818454
20241106_133031_495188312,-0.39132157
20241106_133031_747481732,-0.27291766
20241106_133031_996274208,-0.14930086
20241106_133032_252437313,-1.4268438
20241106_133032_494524033,-0.66623336
20241106_133032_746769965,-0.17944278
20241106_133032_994843115,0.10423461
20241106_133033_252575127,0.0132626165
20241106_133033_496876952,0.11567245
20241106_133033_746921815,0.25205702
20241106_133033_995237560,-0.7050139
20241106_133034_291431926,-0.6125544
20241106_133034_495835206,-0.31476432
20241106_133034_749471339,-0.12274697
20241106_133034_995408938,-0.09898593
20241106_133035_248694018,0.48140082
20241106_133035_497924244,0.22354935
20241106_133035_750466124,0.06362835
20241106_133035_996370807,0.0168672
20241106_133036_250787295,0.011777202
20241106_133036_499921590,0.20903097
20241106_133036_748562349,-0.4826589
20241106_133036_999618824,-0.6475285
20241106_133037_247628839,-0.3980017
20241106_133037_495400183,0.059893385
20241106_133037_748058186,-0.24624293
20241106_133037_994270793,-0.2737222
20241106_133038_243608152,-0.18613191
20241106_133038_497581059,-0.74935204
20241106_133038_753102371,-1.5944386
20241106_133038_993683748,-0.038772486
20241106_133039_254085180,-0.44387493
20241106_133039_493662836,-0.37070948
20241106_133039_746825951,-0.7990845
20241106_133039_998262727,-0.09050252
20241106_133040_248302515,-0.12411257
20241106_133040_497212054,-0.064670525
20241106_133040_746234539,-0.051674746
20241106_133040_993591037,-1.2879134
20241106_133041_248879995,-0.17628674
20241106_133041_497454672,-0.4114479
20241106_133041_752448362,-0.8174135
20241106_133041_999176227,-0.122741364
20241106_133042_261564126,-0.82226175
20241106_133042_499211349,-0.028439267
20241106_133042_749752458,-0.685042
20241106_133042_996791314,-0.36072412
20241106_133043_250670552,-0.36811355
20241106_133043_493847885,-0.06719013
20241106_133043_745996457,0.5300565
20241106_133043_991341724,-0.17599459
20241106_133044_257100330,0.02050362
20241106_133044_494106432,-0.10570528
20241106_133044_752901146,0.09386442
20241106_133045_009925777,0.82271636
20241106_133045_251503320,0.66623265
20241106_133045_499127690,1.9174932
20241106_133045_749781211,-0.6883128
20241106_133046_003558729,0.6419772
20241106_133046_245801679,0.42741302
20241106_133046_493023641,0.8217449
20241106_133046_748296649,0.24993224
20241106_133047_002133106,0.13460891
20241106_133047_252596033,-0.19263257
20241106_133047_501395478,0.670837
20241106_133047_758554462,0.55217844
20241106_133047_995676203,0.46712384
20241106_133048_248994487,0.4112402
20241106_133048_497459761,0.22209208
20241106_133048_754238037,0.19557868
20241106_133048_992775415,0.3026561
20241106_133049_243908241,-0.001680335
20241106_133049_489693816,-0.1329759
20241106_133049_755787790,-0.25171036
20241106_133050_006003648,-0.54130954
20241106_133050_256684533,0.71386826
20241106_133050_507567065,-0.27295473
20241106_133050_755935683,-0.20377918
20241106_133051_005623301,-0.6494313
20241106_133051_254826172,-0.36279494
20241106_133051_512414631,-0.65329313
20241106_133051_753659761,0.90383774
20241106_133051_995568395,-0.0016481578
20241106_133052_249444341,-1.1606443
20241106_133052_497681624,0.56138486
20241106_133052_751645064,0.04052136
20241106_133052_999438257,-0.22029729
20241106_133053_264543582,-0.39098626
20241106_133053_499405981,0.30633354
20241106_133053_747897548,-0.41672507
20241106_133054_002708263,-0.4113844
20241106_133054_260731020,-0.7934111
20241106_133054_506249594,-1.5334573
20241106_133054_757254623,1.1363167
20241106_133055_007644740,0.08169953
20241106_133055_259210641,-0.16097774
20241106_133055_496996482,0.3545484
20241106_133055_751434252,0.728455
20241106_133056_000255030,0.35030273
20241106_133056_257570226,0.1591428
20241106_133056_503089059,0.2638967
20241106_133056_748002604,0.24755754
20241106_133056_997728512,0.5707137
20241106_133057_248022565,0.35369974
20241106_133057_499043946,0.18132098
20241106_133057_749600269,0.12711988
20241106_133057_994644735,0.41997427
20241106_133058_253446941,0.37727794
20241106_133058_497242054,0.4279635
20241106_133058_753977484,0.58511025
20241106_133058_999431382,0.5008907
20241106_133059_253847447,-0.30783653
20241106_133059_498590789,0.09175102
20241106_133059_750730406,-0.30874828
20241106_133059_997247134,1.4515407
20241106_133100_252248412,-0.5173647
20241106_133100_500504990,0.7179223
20241106_133100_751580305,0.2780183
20241106_133100_994154948,0.15890172
20241106_133101_258114962,0.116052605
20241106_133101_502697300,-0.033829425
20241106_133101_751518057,-0.2890624
20241106_133102_001878343,0.042834617
20241106_133102_257119123,-0.23369284
20241106_133102_495429737,-0.058700822
20241106_133102_749506824,-0.45444635
20241106_133102_991544938,-1.313987
20241106_133103_248342999,-1.4949392
20241106_133103_496426761,-0.3042199
20241106_133103_747405968,-0.40517017
20241106_133103_993946620,-1.0545447
20241106_133104_249657258,-0.3446779
20241106_133104_494703902,-0.40755746
20241106_133104_750395418,-0.18093552
20241106_133105_012073005,-0.017259141
20241106_133105_262831986,-0.93021363
20241106_133105_501605785,-0.6274105
20241106_133105_751660900,-0.32167992
20241106_133105_999115580,0.22952507
20241106_133106_262700356,0.22779284
20241106_133106_500613181,1.1457856
20241106_133106_750235151,0.99809474
20241106_133106_992783122,0.8661644
20241106_133107_247550801,0.9642985
20241106_133107_490671833,0.8955475
20241106_133107_744816341,0.5040578
20241106_133107_994403608,0.27914557
20241106_133108_251355372,0.058488883
20241106_133108_501438002,-0.30024013
20241106_133108_755386407,-0.09689369
20241106_133109_001993652,-0.23772664
20241106_133109_255011150,-0.124989115
20241106_133109_496670412,-0.1268978
20241106_133109_758740581,-0.173912
20241106_133110_002572322,-0.1928068
20241106_133110_257582665,-0.09139802
20241106_133110_502843895,-0.031787656
20241106_133110_749825642,-0.15337129
20241106_133110_999868576,0.047769643
20241106_133111_254033593,0.5129264
20241106_133111_497047753,0.0052363668
20241106_133111_753756904,0.043376304
20241106_133111_998179203,0.10209081
20241106_133112_258000636,0.01969538
20241106_133112_504211633,-0.014953097
20241106_133112_753984072,-0.0021230783
20241106_133113_251869590,-0.007504424
20241106_133113_499318156,-0.30633393
20241106_133113_750303885,-1.0541016
20241106_133114_004216922,-0.80835956
20241106_133114_251203234,-0.191718
20241106_133114_494924077,0.24798144
20241106_133114_749438542,0.29480243
20241106_133114_999839808,0.1895815
20241106_133115_250264396,-0.06255635
20241106_133115_493108302,-0.40757373
20241106_133115_745248216,-0.81422156
20241106_133115_995501279,-0.11756981
20241106_133116_248799352,0.04123295
20241106_133116_498772523,0.20051515
20241106_133116_750400898,0.4678453
20241106_133116_994749814,0.19799699
20241106_133117_745509272,-0.15977521
20241106_133117_997621509,-0.072196744
20241106_133118_253724117,-0.3041192
20241106_133118_495302180,-0.4593758
20241106_133118_750835272,-0.18954732
20241106_133118_994491497,-0.3042327
20241106_133119_267310394,-0.1745543
20241106_133119_496297859,-0.25679395
20241106_133119_749098886,-0.8636469
20241106_133120_006986206,-0.38796115
20241106_133120_255739462,-0.6163173
20241106_133120_493737785,-0.5349171
20241106_133120_747231967,-0.76560944
20241106_133120_992405409,-0.571538
20241106_133121_249814579,-0.5699746
20241106_133121_491393299,-0.5566867
20241106_133121_759106721,-0.5674304
20241106_133121_995847967,-0.5605056
20241106_133122_245330098,-0.6277243
20241106_133122_498727321,-0.61549366
20241106_133122_747188299,-0.32581645
20241106_133122_991742854,-0.6325957
20241106_133123_262247194,-0.5482468
20241106_133123_492939145,-0.30209523
20241106_133123_742785624,-0.12683126
20241106_133123_990998395,0.23418103
20241106_133124_244763138,0.1637149
20241106_133124_495277009,0.11613371
20241106_133124_744017173,0.56073654
20241106_133124_994400616,1.1729759
20241106_133125_286332639,-0.13034715
20241106_133125_499052546,0.21563049
20241106_133125_751075774,-0.91441655
20241106_133125_997407319,0.22646017
20241106_133126_266250612,0.5941821
20241106_133126_502701804,-0.5023689
20241106_133126_754319860,-0.512946
20241106_133126_999225980,-0.30264643
20241106_133127_269315100,3.298495
20241106_133127_501874452,0.562228
20241106_133127_751373978,0.23727433
20241106_133128_005865506,0.026259283
20241106_133128_260184058,0.033970036
20241106_133128_500918923,-0.05641248
20241106_133128_749220290,-0.08068349
20241106_133129_004360729,0.033962704
20241106_133129_254057778,-0.18041946
20241106_133129_495985176,1.0439907
20241106_133129_748055339,0.21101521
20241106_133130_003970389,-0.12111107
20241106_133130_256200803,0.06838145
20241106_133130_501730254,-0.7235068
20241106_133130_750655239,-0.29400066
20241106_133130_995871994,-0.10349211
20241106_133131_255357059,-0.19222759
20241106_133131_497072323,-0.35693872
20241106_133131_748102124,-0.3098764
20241106_133132_257632319,-0.3067581
20241106_133132_503442348,-0.64477956
20241106_133132_759275485,-0.4308469
20241106_133133_001341632,-0.22032924
20241106_133133_254905904,0.044905104
20241106_133133_510752495,-0.006081244
20241106_133133_757714292,-0.07124456
20241106_133134_010427089,-0.48229975
20241106_133134_282443864,-0.689652
20241106_133134_496669217,-0.5658811
20241106_133134_747861938,-0.3777979
20241106_133135_007686670,-0.15488335
20241106_133135_259679501,-0.16646372
20241106_133135_494352645,-0.3491236
20241106_133135_750730153,-0.6236362
20241106_133135_996717625,-0.12987638
20241106_133136_250798791,-0.18936755
20241106_133136_494745378,-0.29914966
20241106_133136_748675949,-0.042808853
20241106_133136_991632865,-0.12783153
20241106_133137_250179906,-0.35976663
20241106_133137_496282873,-0.72966176
20241106_133137_752945567,0.49514022
20241106_133137_991350132,0.36814883
20241106_133138_251086570,0.3233731
20241106_133138_497639680,0.335035
20241106_133138_749945688,0.2475441
20241106_133139_012823730,0.37511942
20241106_133139_262228658,0.3576061
20241106_133139_501570453,0.32697207
20241106_133139_761292842,0.39122236
20241106_133139_999262281,0.33502576
20241106_133140_250735833,0.28684965
20241106_133140_496778732,0.26095894
20241106_133140_747291866,0.33161834
20241106_133140_991460930,0.36269015
20241106_133141_252405972,0.6104567
20241106_133141_494219289,0.60439473
20241106_133141_758074263,0.469817
20241106_133142_253433712,0.48514894
20241106_133142_492129056,0.4549582
20241106_133142_740873136,0.35903776
20241106_133142_989906526,0.16707326
20241106_133143_244048984,0.20644437
20241106_133143_491070672,0.0023036394
20241106_133143_747062696,-0.08546891
20241106_133143_998763997,0.25131163
20241106_133144_255515139,0.47277376
20241106_133144_504539182,0.46405736
20241106_133144_747566714,-0.58388716
20241106_133144_997154007,0.27876806
20241106_133145_254085248,0.5012669
20241106_133145_496777706,0.48710677
20241106_133145_746890626,0.42305028
20241106_133145_991812199,0.31486484
20241106_133146_248091012,0.607625
20241106_133146_743114452,0.6870689
20241106_133146_988008618,0.8826306
20241106_133147_244338703,-0.6953878
20241106_133147_490206479,-0.65613025
20241106_133147_743988928,-0.27824953
20241106_133147_990012506,-0.087422825
20241106_133148_249481275,-0.13966975
20241106_133148_497909257,-0.17837167
20241106_133148_741280724,-0.10048251
20241106_133148_988487602,-0.17759438
20241106_133149_245303697,-0.15255226
20241106_133149_498452557,-0.2267297
20241106_133149_750191461,-0.44674206
20241106_133149_995848762,-0.42981496
20241106_133150_245152928,-0.057733536
20241106_133150_495919347,-0.19709958
20241106_133150_749472711,1.2218283
20241106_133150_995757803,0.47571686
20241106_133151_251932827,0.30577537
20241106_133151_494274451,0.13184653
20241106_133151_756526680,0.5856603
20241106_133151_992290631,0.854581
20241106_133152_253178915,1.3311145
20241106_133152_498129134,0.24512635
20241106_133152_749947010,0.056753136
20241106_133152_997909601,-0.6617841
20241106_133153_252898165,0.27674773
20241106_133153_500174685,0.22907268
20241106_133153_755429637,0.3191169
20241106_133154_004759464,0.4350187
20241106_133154_255165180,0.7426995
20241106_133154_493152084,1.447206
20241106_133154_750835872,0.484908
20241106_133154_997703339,0.3459653
20241106_133155_254528399,0.10054735
20241106_133155_497395038,0.28066158
20241106_133155_764098375,-0.031461872
20241106_133156_003922081,-0.18223943
20241106_133156_254514044,-0.41151056
20241106_133156_492055112,-0.17773019
20241106_133156_744035994,0.20905003
20241106_133156_989971360,0.051342554
20241106_133157_248688569,-0.10200416
20241106_133157_493790878,0.0024417434
20241106_133157_753286904,-0.14651574
20241106_133157_994096944,-0.021248749
20241106_133158_250040923,-0.032823853
20241106_133158_490358346,0.17210953
20241106_133158_746385986,0.40006974
20241106_133159_003196438,0.17497997
20241106_133159_260948237,0.12963237
20241106_133159_500874269,0.06735561
20241106_133159_756235844,0.056859292
20241106_133200_014068834,0.086191155
20241106_133200_283606135,0.0669126
20241106_133200_518222200,-0.013267478
20241106_133200_761085206,-0.45018026
20241106_133201_006699032,-1.007194
20241106_133201_270921450,-0.14726825
20241106_133201_512762153,-0.10175278
20241106_133201_756308632,-0.0020269956
20241106_133202_001194247,0.12632047
20241106_133202_256235817,-0.047025762
20241106_133202_496124019,-0.03797134
20241106_133202_751522714,0.15856574
20241106_133203_002338822,0.4627342
20241106_133203_249703814,0.76952547
20241106_133203_499013570,-0.468637
20241106_133203_748970146,-0.25570324
20241106_133204_005539147,0.7864345
20241106_133204_267643966,0.76214814
20241106_133204_507200141,0.9674875
20241106_133204_757265678,0.22731052
20241106_133205_012539045,0.022753099
20241106_133205_261605715,-0.16969837
20241106_133205_500023433,-0.50296974
20241106_133205_750861429,-0.33352467
20241106_133205_995801436,-0.21441166
20241106_133206_255922770,-0.46607527
20241106_133206_504470645,0.042708315
20241106_133206_753638661,0.27398628
20241106_133206_998396181,2.1253712
20241106_133207_254280856,1.3424175
20241106_133207_491871482,0.5632295
20241106_133207_747377281,0.91325396
20241106_133208_001788490,0.2149642
20241106_133208_254930438,0.51144475
20241106_133208_499103524,0.43925896
20241106_133208_996571753,0.47177744
20241106_133209_252466683,0.36696997
20241106_133209_509105997,0.43034264
20241106_133209_753946017,0.3077066
20241106_133210_002727521,-0.33832338
20241106_133210_256968291,-0.04868614
20241106_133210_505682559,-0.053568386
20241106_133210_757539188,-0.31873912
20241106_133210_997709555,-0.3421879
20241106_133211_256619285,-0.4071705
20241106_133211_506521853,-0.6771295
20241106_133211_766106961,-0.7346004
20241106_133212_009156564,-0.14188689
20241106_133212_260278730,-0.18322329
20241106_133212_749444745,-0.5480747
20241106_133212_996822014,-0.22554807
20241106_133213_252799422,-0.228128
20241106_133213_492669360,-0.1788566
20241106_133213_742791231,-0.25185865
20241106_133213_994987550,-0.17413716
20241106_133214_256281245,0.10199282
20241106_133214_501139921,0.17826371
20241106_133214_753607021,0.5737301
20241106_133214_994189856,0.74062
20241106_133215_250481052,1.9783093
20241106_133215_499412787,-0.0018658172
20241106_133215_749069787,-0.1802922
20241106_133215_995272099,0.15965651
20241106_133216_254258207,-0.25268248
20241106_133216_494455956,-0.22961892
20241106_133216_742943839,-0.08290162
20241106_133217_248347754,-0.3604819
20241106_133217_491000030,-0.34589574
20241106_133217_743626897,-0.645048
20241106_133218_006037506,0.50564516
20241106_133218_258968709,-0.03741815
20241106_133218_502619280,0.1824836
20241106_133218_753092677,0.31965923
20241106_133218_999203326,0.15437011
20241106_133219_248407755,0.14357169
20241106_133219_495318896,0.16485293
20241106_133219_761975103,-0.13377358
20241106_133220_005519764,-0.46306732
20241106_133220_258780857,-0.13234426
20241106_133220_749861728,-0.07636931
20241106_133220_996726406,0.33373106
20241106_133221_271945373,0.32292205
20241106_133221_503798266,0.23804982
20241106_133221_750809734,0.15548633
20241106_133222_249514915,0.17985539
20241106_133222_739866084,0.19307993
20241106_133222_987995443,0.30476582
20241106_133223_240754599,0.3226104
20241106_133223_492532425,0.23149706
20241106_133223_743131914,-0.28930637
20241106_133223_999383470,-0.30934992
20241106_133224_249109162,-0.14587592
20241106_133224_496709374,-0.013107648
20241106_133224_748979863,0.04060454
20241106_133224_993057316,-0.014137795
20241106_133225_739884914,-0.19098498
20241106_133226_997265607,-0.16820987
20241106_133227_248111814,-0.06508031
20241106_133227_499995162,-0.10383659
20241106_133227_995865947,-0.12603883
20241106_133228_242978935,-0.13430761
20241106_133228_491613373,-0.65459466
20241106_133228_746783063,-0.7298605
20241106_133230_240052728,-0.7319718
20241106_133230_495825856,-0.8442486
20241106_133230_997267887,-0.7183803
20241106_133231_245169549,-0.4464799
20241106_133231_490817155,-0.33095452
20241106_133231_742953264,-0.29203063
20241106_133232_241436300,-0.28710794
20241106_133232_491206034,-0.13087271
20241106_133232_741252000,-0.14152975
20241106_133232_988094748,-0.18216206
20241106_133233_239900505,-0.17264225
20241106_133233_498189185,-0.17164268
20241106_133233_744383691,-0.029946463
20241106_133233_985817370,-0.07510062
20241106_133234_258827185,-0.10221975
20241106_133234_497195942,-0.86175185
20241106_133234_745159194,-0.19691874
20241106_133234_994393314,-0.5776888
20241106_133235_244764278,-0.2080883
20241106_133235_495416930,-1.041216
20241106_133236_250012687,-0.26516864
20241106_133237_245114923,-0.530136
20241106_133237_498988345,-0.58220387
20241106_133237_740667297,-0.1932108
20241106_133238_489251256,0.1439149
20241106_133238_742244005,-0.10423624
20241106_133239_239482962,-0.12696679
20241106_133239_739713686,-0.08107152
20241106_133239_987524671,-0.041105114
20241106_133240_244492883,0.0688136
20241106_133240_494563080,-0.043940924
20241106_133240_992634483,-0.045882635
20241106_133241_261810799,0.017762074
20241106_133241_753232886,-0.0053380933
20241106_133241_993953584,-0.01591744
20241106_133242_740737328,-0.06907412
20241106_133242_987930359,0.00089124776
20241106_133243_240545983,-1.3221384
20241106_133243_492154071,-0.15494476
20241106_133243_743599289,-0.3384686
20241106_133243_992623093,-0.20247148
20241106_133244_242315340,-0.14911954
20241106_133244_494126973,-0.16216706
20241106_133244_742663258,0.0614214
20241106_133244_989877517,0.59996223
20241106_133245_246279413,0.3476454
20241106_133245_493977454,0.48452446
20241106_133245_758711010,0.21488233
20241106_133245_997322897,0.08460493
20241106_133246_247640084,0.15585922
20241106_133246_490704420,1.0953658
20241106_133246_747842421,0.10903082
20241106_133246_992631703,0.3818729
20241106_133247_248199716,0.20039259
20241106_133247_500545692,0.17137273
20241106_133247_749000728,0.15604408
20241106_133247_995709199,0.14845403
20241106_133248_243569779,0.14837606
20241106_133248_747192030,0.21195425
20241106_133248_988127131,0.22561266
20241106_133249_241743040,0.24081399
20241106_133249_490068970,0.1994078
20241106_133249_743507251,0.3271082
20241106_133249_988667880,0.8940621
20241106_133250_241238828,0.36608976
20241106_133250_491139553,0.11345715
20241106_133250_744397194,-0.13945873
20241106_133250_989232766,-0.095014654
20241106_133251_239028936,0.0962678
20241106_133251_488505884,-0.24520658
20241106_133251_747365802,-0.2814501
20241106_133251_997268865,-0.095273696
20241106_133252_249296600,-0.028448949
20241106_133252_491620678,-0.06730767
20241106_133252_745205953,0.034046985
20241106_133252_987213517,-0.036193214
20241106_133253_243294253,-0.057721697
20241106_133253_496675623,-0.2210377
20241106_133253_747639740,-0.17105104
20241106_133253_999098663,-0.27726075
20241106_133254_253571418,-0.4253885
20241106_133254_502142001,-0.35570014
20241106_133254_750318399,-0.31385943
20241106_133254_991015545,-0.033019982
20241106_133255_243443105,0.0086152945
20241106_133255_496506117,-0.00035657547
20241106_133255_746168509,0.11863921
20241106_133255_997530162,-0.21883853
20241106_133256_255548489,-0.07481339
20241106_133256_491741976,-0.118111275
20241106_133256_744939844,-0.05385878
20241106_133256_996095876,0.20922671
20241106_133257_249097351,0.245939
20241106_133257_501279599,0.21255587
20241106_133257_749710474,0.07742486
20241106_133257_994520004,0.114694156
20241106_133258_248423938,0.050828077
20241106_133258_493560645,0.025679627
20241106_133258_749916660,0.008885363
20241106_133258_995244782,0.012505213
20241106_133259_248377087,-0.39900717
20241106_133259_505212558,-0.44518796
20241106_133259_754273552,-0.31270328
20241106_133300_003999338,-0.2612261
20241106_133300_254633966,-0.84207785
20241106_133300_497468143,0.4895074
20241106_133300_740826388,-0.078109704
20241106_133300_997542235,0.13783376
20241106_133301_249655272,0.38310507
20241106_133301_496202400,0.19990967
20241106_133301_751183582,1.132467
20241106_133302_003370066,-0.40038344
20241106_133302_260547645,-0.42043358
20241106_133302_508085910,-0.1297224
20241106_133302_757471709,-0.74569124
20241106_133302_996523617,-0.24914376
20241106_133303_249276139,0.92715794
20241106_133303_490896866,0.24975197
20241106_133303_739909949,0.6350372
20241106_133303_988527290,-0.11132457
20241106_133304_241736745,-0.053585373
20241106_133304_489169893,0.05240921
20241106_133304_746952049,0.1315106
20241106_133304_995048776,0.19239949
20241106_133305_241593004,0.7528766
20241106_133305_487704078,2.2342277
20241106_133305_739952332,1.7093718
20241106_133305_987697423,0.44151577
20241106_133306_241608804,0.29410046
20241106_133306_500667434,0.9978439
20241106_133306_750602966,0.7083594
20241106_133306_997837627,0.19618987
20241106_133307_256200693,-0.065041535
20241106_133307_496511388,0.1355169
20241106_133307_987151540,0.14895861
20241106_133308_242507840,0.36444387
20241106_133308_491913255,0.58935946
20241106_133308_739485235,1.0126896
20241106_133308_986990384,0.7919765
20241106_133309_238734184,0.45012686
20241106_133309_489811376,0.3977932
20241106_133309_736568190,0.53467065
20241106_133309_990733890,0.37706402
20241106_133310_245100961,0.37575343
20241106_133310_494145946,-0.19865315
20241106_133310_744744507,0.40397602
20241106_133310_997117968,0.27079535
20241106_133311_244040072,0.28487784
20241106_133311_499007916,0.17279638
20241106_133311_753941238,0.18792887
20241106_133311_995119987,0.16848542
20241106_133312_243897766,0.1471738
20241106_133312_493811133,0.103391685
20241106_133312_740390497,0.11859197
20241106_133312_993420875,0.120424725
20241106_133313_245202177,0.1757095
20241106_133313_497253691,0.20605741
20241106_133313_744521902,0.16221805
20241106_133313_986987376,0.15222912
20241106_133314_235593420,0.10508675
20241106_133314_485406712,0.06989349
20241106_133314_738079779,0.031330533
20241106_133314_987681098,-0.010204455
20241106_133315_243197497,0.0436771
20241106_133315_494214197,0.06731466
20241106_133315_745957199,0.03589762
20241106_133315_990683950,-0.13885532
20241106_133316_242442910,-0.07797637
20241106_133316_490960089,-0.03429859
20241106_133316_746195928,-0.12371253
20241106_133317_000928826,-0.077863
20241106_133317_253505593,-0.03743749
20241106_133317_503870236,-0.09926685
20241106_133317_748395979,-0.18780477
20241106_133318_242315385,-0.1114149
20241106_133318_498314337,-0.11796787
20241106_133318_994518500,-0.08613252
20241106_133319_239013909,0.32622722
20241106_133319_486825604,0.15489006
20241106_133319_747848735,0.13224833
20241106_133319_989164655,0.41189852
20241106_133320_238648959,0.021036306
20241106_133320_492895599,-0.03661319
20241106_133320_739538188,-0.016833266
20241106_133321_242503726,-0.0073516574
20241106_133321_740102793,-0.029285839
20241106_133322_239236501,0.032681443
20241106_133323_243368029,0.022327157
20241106_133323_489204505,-0.022076001
20241106_133323_736928321,-0.02568092
20241106_133323_992359917,-0.018097242
20241106_133324_493552466,-0.122647755
20241106_133324_751495278,-0.08971783
20241106_133325_250435789,-0.082251064
20241106_133325_504512244,-0.024590483
20241106_133326_746935309,0.00036639906
20241106_133326_992141487,-0.027019462
20241106_133327_245688316,0.12790465
20241106_133327_489235568,0.12154231
20241106_133327_743022755,0.11523799
20241106_133327_987995030,0.06386352
20241106_133328_250178778,1.3311974
20241106_133328_500906697,0.10192493
20241106_133328_754037067,-0.08584162
20241106_133328_985385065,0.05407393
20241106_133329_236594607,0.048767723
20241106_133329_492646871,0.09496126
20241106_133330_247322015,0.15041052
20241106_133330_495426412,0.20131327
20241106_133330_753528713,0.22471382
20241106_133331_001815346,0.10151265
20241106_133331_265772845,0.13058592
20241106_133331_498961525,-0.25658074
20241106_133331_746587213,-0.10121717
20241106_133331_988973198,-0.11066397
20241106_133332_242557086,-0.023507467
20241106_133332_487239484,-0.011012038
20241106_133332_737044477,-0.26857993
20241106_133332_983910347,-0.20670293
20241106_133333_236040804,-0.14196481
20241106_133333_486272175,-0.3868824
20241106_133333_752346318,-0.35804948
20241106_133334_000287571,-0.74793893
20241106_133334_266965565,-0.44372514
20241106_133334_490593094,-0.42842582
20241106_133334_742001493,-0.35488516
20241106_133335_000599791,-0.43427405
20241106_133335_243538688,-0.77890754
20241106_133335_489434094,-0.39243242
20241106_133335_746998540,-0.38331786
20241106_133335_998081236,-0.4368023
20241106_133336_501274367,-0.02314951
20241106_133336_751644324,0.05404172
20241106_133336_993936701,0.12024135
20241106_133337_245315659,-0.05143287
20241106_133337_491756041,0.0033772383
20241106_133337_747570171,-0.04254981
20241106_133337_989032816,-0.039830588
20241106_133338_237217270,-0.03982296
20241106_133338_483020937,-0.028938016
20241106_133338_736770968,-0.03960582
20241106_133338_993758190,-0.046227716
20241106_133339_242647196,-0.07639595
20241106_133339_488549611,-0.06925427
20241106_133339_748981604,-0.0759918
20241106_133340_002890475,-0.02297776
20241106_133340_269892907,-0.43078366
20241106_133340_510275945,-0.08781165
20241106_133340_754846507,-0.30148005
20241106_133341_002094549,-0.096927874
20241106_133341_249675411,-0.4080906
20241106_133341_496232481,-0.28205892
20241106_133341_742071580,-0.25798354
20241106_133341_995766406,-0.12859549
20241106_133342_247024567,-0.3432796
20241106_133342_502127016,-0.13156153
20241106_133342_748838013,-0.5111425
20241106_133342_992054067,-0.23486947
20241106_133343_246218028,-0.025966844
20241106_133343_484805738,0.019369194
20241106_133343_740074909,0.026945809
20241106_133343_988116712,-0.07721528
20241106_133344_247587845,-0.046645038
20241106_133344_988189353,-0.03718143
20241106_133345_239186516,0.21381202
20241106_133345_490030285,0.32147893
20241106_133345_739577355,0.30807903
20241106_133345_991516667,-0.18298985
20241106_133346_245213331,0.1103077
20241106_133346_491697926,0.019665936
20241106_133346_748037881,0.05555389
20241106_133347_496615525,0.074688055
20241106_133347_739726926,0.058694936
20241106_133347_985480262,0.042121716
20241106_133348_736978325,0.041805215
20241106_133348_986654149,0.032892026
20241106_133349_238534307,0.041838653
20241106_133349_486484102,0.091517486
20241106_133350_238711838,0.11198617
20241106_133350_486130989,0.068856366
20241106_133350_736997982,0.09533585
20241106_133350_985153877,0.073809035
20241106_133351_253015000,0.061513998
20241106_133351_989540606,0.10692874
20241106_133352_239855080,0.7101693
20241106_133352_487388131,0.42905128
20241106_133352_745097253,0.45417112
20241106_133352_992023473,0.5191769
20241106_133353_241417745,0.52658087
20241106_133353_487960877,0.4101094
20241106_133353_736621843,0.34410828
20241106_133353_986457831,0.32158056
20241106_133354_491683936,0.24882837
20241106_133354_740848502,0.19280995
20241106_133354_991004705,0.2712115
20241106_133355_242366549,0.42268556
20241106_133355_490678414,0.58311784
20241106_133355_740348812,0.58677477
20241106_133356_237512958,0.5825363
20241106_133356_483528785,0.42929766
20241106_133357_238378206,0.31889656
20241106_133357_490539524,0.13687448
20241106_133357_747040619,0.089414515
20241106_133358_754593832,0.09450442
20241106_133358_999206705,0.19513398
20241106_133359_248319871,-0.5192537
20241106_133359_491267276,-0.44640282
20241106_133359_746525804,-0.11919775
20241106_133359_989430099,-0.09257471
20241106_133400_240444336,-0.06040626
20241106_133400_493599106,0.0021173153
20241106_133400_746783406,0.08361376
20241106_133400_992767358,-0.16326319
20241106_133401_247360533,-0.50793725
20241106_133401_501355429,-0.82360977
20241106_133401_751264764,-0.42858922
20241106_133401_996851737,-0.37061882
20241106_133402_253390802,0.16483337
20241106_133402_506763687,0.15765323
20241106_133402_756558985,0.0632667
20241106_133402_995985374,0.10121886
20241106_133403_239988338,0.7456779
20241106_133403_749742631,0.2382388
20241106_133403_989641159,0.28954896
20241106_133404_236519588,0.2912556
20241106_133404_735330095,0.23421134
20241106_133405_239264447,0.2259592
20241106_133405_487652319,0.20013042
20241106_133405_742241365,0.21637698
20241106_133405_993401055,0.26957065
20241106_133406_238954197,0.22273563
20241106_133406_489479781,0.23425363
20241106_133406_986388151,0.17688392
20241106_133407_236774857,0.23048903
20241106_133407_489330481,0.23053996
20241106_133407_754809887,-0.14582874
20241106_133407_996258422,-0.009327283
20241106_133408_242573168,0.101959
20241106_133408_489698767,0.2658398
20241106_133408_986334169,0.26955155
20241106_133409_241529530,0.21822684
20241106_133409_748978888,0.16388981
20241106_133409_987956044,0.11872735
20241106_133410_239932671,0.015296692
20241106_133410_486330643,0.05510462
20241106_133410_744647534,-0.82900447
20241106_133410_995712374,0.016748616
20241106_133411_245567487,-0.011643222
20241106_133411_489326751,-0.055747144
20241106_133411_742534335,-0.10581564
20241106_133411_988618890,-0.26381704
20241106_133412_240552324,-1.0255507
20241106_133412_496654503,-2.9851027
20241106_133412_752983845,-0.32099688
20241106_133413_014480702,0.46018597
20241106_133413_269154104,0.17000611
20241106_133413_517029329,0.6100917
20241106_133413_756027557,0.092036285
20241106_133413_994546342,0.12837882
20241106_133414_248909319,0.41508338
20241106_133414_489767575,0.28441396
20241106_133414_737449614,-0.08014902
20241106_133414_989843441,0.09953544
20241106_133415_236912171,0.048598446
20241106_133415_484610568,0.12875412
20241106_133415_734935670,0.41122937
20241106_133415_982679381,0.58391994
20241106_133416_236582738,0.27069032
20241106_133416_483601598,0.18936424
20241106_133416_983915757,0.19201843
20241106_133417_483104507,0.13547449
20241106_133417_740348450,0.04904721
20241106_133417_990883418,-0.07785602
20241106_133418_246618422,0.3468043
20241106_133418_489552322,0.26689988
20241106_133418_746255649,1.0009248
20241106_133418_993791472,0.49981263
20241106_133419_248402818,-0.2549375
20241106_133419_489962949,-0.3232412
20241106_133419_744193657,-0.08698078
20241106_133420_244477387,-0.045762442
20241106_133420_750828327,-0.15575801
20241106_133420_987314492,-0.25230846
20241106_133421_243148379,-0.2329293
20241106_133421_488517960,-0.27722043
20241106_133421_737753683,-0.087111495
20241106_133421_986548178,-0.18750353
20241106_133422_236743701,-0.12385275
20241106_133422_491189085,-0.13734278
20241106_133422_747747083,-0.16986848
20241106_133422_994584676,-0.08518698
20241106_133423_242751114,-0.099739335
20241106_133423_485820309,-0.18428372
20241106_133423_741690255,-0.11413502
20241106_133423_994275988,-0.14499177
20241106_133424_251522341,-0.05071848
20241106_133424_500768408,0.10999199
20241106_133424_744600150,0.057644404
20241106_133424_987604287,0.03365401
20241106_133425_236949338,0.05585993
20241106_133425_738074453,0.04133878
20241106_133425_984537428,0.06824661
20241106_133426_237891986,0.19944553
20241106_133426_493853212,0.12759052
20241106_133426_742141158,0.09372823
20241106_133426_989242075,0.053301133
20241106_133427_238674198,0.055392273
20241106_133427_483097334,0.059995987
20241106_133427_737764101,-0.006610712
20241106_133427_984738035,0.014564911
20241106_133428_238121984,0.023243526
20241106_133428_482910026,-0.1148028
20241106_133428_736971658,-0.123291455
20241106_133428_985976795,0.03917078
20241106_133429_237230925,0.0416343
20241106_133429_488302360,0.052823402
20241106_133429_738841726,0.048524298
20241106_133430_240587443,0.16121845
20241106_133430_488462134,0.7477433
20241106_133430_741369604,0.58533305
20241106_133430_989863370,0.21939163
20241106_133431_242226500,0.25490582
20241106_133431_495345160,0.24190144
20241106_133431_759113740,0.23234181
20241106_133432_247203770,0.24637209
20241106_133432_744555684,0.19697718
20241106_133432_992636062,0.61734986
20241106_133433_241464959,0.17805831
20241106_133433_748989887,0.21072961
20241106_133434_267173659,1.5468825
20241106_133434_493964385,0.36456072
20241106_133434_748175588,0.42791268
20241106_133434_996792022,0.3366177
20241106_133435_255586452,-0.5930544
20241106_133435_509755100,0.011073602
20241106_133435_765258411,0.3549161
20241106_133436_016992455,0.2944483
20241106_133436_259155364,-0.1316088
20241106_133436_505140547,-0.07121738
20241106_133436_751952752,0.17067455
20241106_133436_999374947,0.10782162
20241106_133437_496299640,0.026682654
20241106_133438_007599152,-0.0024380293
20241106_133438_257389733,-0.171789
20241106_133438_499096749,-0.09841075
20241106_133439_007619465,-0.018358013
20241106_133439_261917682,-0.08947369
20241106_133439_495346139,-0.07342901
20241106_133439_744038063,-0.050191663
20241106_133440_246686408,-0.062356494
20241106_133440_741737301,-0.10395106
20241106_133441_485742965,-0.053072236
20241106_133442_246179853,-0.17791493
20241106_133442_748149924,0.1506645
20241106_133442_994221604,0.17411743
20241106_133443_251263461,0.2243798
20241106_133443_751718241,0.56906563
20241106_133443_999331926,0.41688287
20241106_133444_252217282,0.7017695
20241106_133444_501190983,1.767368
20241106_133444_754658872,-0.07312458
20241106_133445_009151616,-0.18718073
20241106_133445_257629596,-0.005709594
20241106_133445_495866967,0.010929296
20241106_133445_745116482,0.007076135
20241106_133445_992496424,0.009614686
20241106_133446_238937741,-0.011963269
20241106_133446_484836751,-0.09606465
20241106_133446_740936607,-0.038348638
20241106_133446_997190521,-0.003729524
20241106_133447_260183620,0.07499841
20241106_133447_511916568,0.09734277
20241106_133447_753285450,0.08463148
20241106_133447_990931924,0.1684243
20241106_133448_243408723,0.30444217
20241106_133448_486489950,0.20674756
20241106_133448_741496762,0.40052885
20241106_133448_991941049,0.2339999
20241106_133449_248203792,0.055662073
20241106_133449_492808397,0.1464691
20241106_133449_742674655,0.117683806
20241106_133451_253528486,0.16993396
20241106_133451_505596973,0.36703104
20241106_133451_752515889,0.29875687
20241106_133452_251981488,0.22265361
20241106_133452_499497855,0.156107
20241106_133453_269761560,-0.08220156
20241106_133453_512666005,0.008298317
20241106_133454_017634743,-0.6787234
20241106_133454_270552695,-0.2433192
20241106_133454_504112124,-0.34750688
20241106_133454_751846513,-0.22013511
20241106_133455_989172451,-0.23826681
20241106_133456_247731612,-0.44767147
20241106_133456_492851595,-0.26959175
20241106_133456_990789684,-0.24799623
20241106_133457_237902639,-0.23492886
20241106_133457_491246796,-0.7082152
20241106_133457_750023568,-0.5352273
20241106_133457_996897012,-0.19325966
20241106_133458_245193621,-0.33102486
20241106_133458_743864325,-0.36640933
20241106_133458_989149753,-0.6244279
20241106_133459_247144957,-0.030170357
20241106_133459_508651988,0.08185155
20241106_133459_755063627,-0.23410718
20241106_133500_012510828,-0.16629322
20241106_133500_254581525,-0.3514183
20241106_133500_507993798,-1.1779054
20241106_133500_758733923,-1.1991601
20241106_133501_000061048,0.4493579
20241106_133501_263245332,0.14975242
20241106_133501_504451590,0.12304089
20241106_133501_748751021,0.17590897
20241106_133501_993633233,0.22817983
20241106_133502_242870888,0.3648193
20241106_133502_493360637,0.05714885
20241106_133502_751616364,-0.049264155
20241106_133502_997535931,-0.68955904
20241106_133503_255770073,-0.07030656
20241106_133503_500653145,-0.18261422
20241106_133504_007901351,-0.12869652
20241106_133504_261123828,-0.12777002
20241106_133504_499453596,-0.073548995
20241106_133504_754137224,0.060878016
20241106_133505_002496070,0.43604907
20241106_133505_248733551,0.15140137
20241106_133505_502434677,-0.19583364
20241106_133505_753950859,0.20118739
20241106_133505_997301930,0.38949448
20241106_133506_251785456,-0.06784987
20241106_133506_491889633,-0.02410539
20241106_133506_736062728,-0.05612161
20241106_133506_991919487,-0.19756968
20241106_133507_249984265,-0.8375796
20241106_133507_502066806,-0.25916204
20241106_133507_747371190,-0.73407954
20241106_133507_988082235,-0.3793623
20241106_133508_239195869,-0.09600162
20241106_133508_485886823,-0.4514332
20241106_133508_740706637,-0.45693943
20241106_133508_990203380,-0.35720053
20241106_133509_240565196,-1.2214824
20241106_133509_486008982,-0.7655005
20241106_133509_736109055,-1.3652958
20241106_133509_988872318,-1.4047188
20241106_133510_239075267,0.24513887
20241106_133510_500796265,0.2657458
20241106_133510_750369926,1.3152006
20241106_133510_997927427,0.8608226
20241106_133511_248291574,0.5212144
20241106_133511_496992378,0.4286311
20241106_133511_747054420,0.32253724
20241106_133511_986294308,0.4862236
20241106_133512_237363589,0.42806822
20241106_133512_480529672,0.47258782
20241106_133512_734291962,0.119138874
20241106_133512_980703819,0.04187376
20241106_133513_235817106,0.08440141
20241106_133513_486705298,0.030919353
20241106_133513_749177981,-0.38497743
20241106_133513_998744271,-1.2851197
20241106_133514_245652814,-0.028630337
20241106_133514_486875231,-0.0599251
20241106_133514_737403261,0.22915243
20241106_133514_987336956,0.04533095
20241106_133515_230121576,-0.17255373
20241106_133515_482157536,-0.2211578
20241106_133515_734503167,-0.010740599
20241106_133515_981609268,0.11275814
20241106_133516_233537484,0.22263455
20241106_133516_486025308,0.17565303
20241106_133516_735913681,0.07632164
20241106_133516_989062510,0.06362782
20241106_133517_485647864,0.13707596
20241106_133517_733924700,0.057820417
20241106_133518_740817238,-0.43273073
20241106_133518_987547166,0.749304
20241106_133519_240212308,0.43135658
20241106_133519_482999785,0.46025
20241106_133519_735676521,0.38716432
20241106_133520_236975124,-0.0632449
20241106_133520_493652383,0.09649197
20241106_133520_750761052,-0.28397074
20241106_133521_001576710,-0.31927374
20241106_133521_245295485,-1.0058553
20241106_133521_500038373,-0.6622879
20241106_133521_749558753,-0.35923398
20241106_133521_992174273,-0.28890786
20241106_133522_242353896,-0.36222503
20241106_133522_487035994,-0.51714355
20241106_133522_743776142,-0.31439623
20241106_133522_996406323,-0.19265632
20241106_133523_236449042,-0.31795564
20241106_133523_740317746,-0.27680883
20241106_133523_990448916,-0.23940922
20241106_133524_242864898,-0.23132789
20241106_133524_489170660,0.6567134
20241106_133524_743149598,0.69509774
20241106_133524_991387212,0.44684353
20241106_133525_245364429,0.46280006
20241106_133525_491916208,0.67179304
20241106_133525_746748210,0.5671369
20241106_133525_991593680,0.4137453
20241106_133526_243658913,0.066654064
20241106_133526_504624310,0.20543365
20241106_133526_750033518,-0.10337033
20241106_133527_246554597,-0.14482214
20241106_133527_492454870,-0.14115436
20241106_133527_751516938,-0.1738363
20241106_133528_248782500,-0.02820588
20241106_133528_486612043,0.37941
20241106_133528_734229422,0.28137273
20241106_133528_984830131,0.3628523
20241106_133529_242110389,0.22581063
20241106_133529_737272268,0.20879142
20241106_133529_982115543,0.21048273
20241106_133530_234481610,0.09829936
20241106_133530_485784771,0.063375585
20241106_133530_750594400,-0.02390959
20241106_133531_000209470,-0.24630521
20241106_133531_263370531,-0.35198197
20241106_133531_506445743,-0.2992743
20241106_133531_745601843,-0.2607205
20241106_133532_245386504,-0.12050366
20241106_133532_487048620,0.06172452
20241106_133532_737046447,0.09879864
20241106_133533_240516184,-0.011565913
20241106_133533_485565931,-0.029951712
20241106_133533_736694753,-0.004156312
20241106_133533_986477416,-0.105460286
20241106_133534_267983047,0.18778066
20241106_133534_484296132,0.20472269
20241106_133534_745796005,0.4763508
20241106_133535_242099317,0.26206583
20241106_133535_499018744,0.8463871
20241106_133535_757692114,0.87830514
20241106_133536_006162298,0.2512805
20241106_133536_244638842,0.6908219
20241106_133536_491580058,0.23033606
20241106_133536_743038777,0.18415819
20241106_133537_500179193,-0.7394641
20241106_133537_752885814,-0.28924432
20241106_133538_248290570,-0.119171314
20241106_133538_492849093,-0.18536915
20241106_133538_737019634,-0.09980508
20241106_133538_987313257,-0.15688007
20241106_133539_247734654,-0.21465687
20241106_133539_740328864,-0.21208267
20241106_133539_988608893,-0.34226736
20241106_133540_238987351,-0.332255
20241106_133540_486426083,-0.3141283
20241106_133540_983684545,-0.3114559
20241106_133541_233857253,-0.32291612
20241106_133541_739336031,-0.2642729
20241106_133542_240025941,-0.09418204
20241106_133542_488997834,0.07330664
20241106_133542_743248978,0.096605994
20241106_133543_240100154,-0.00093754195
20241106_133543_732991134,-0.037047975
20241106_133544_240869776,-0.066111706
20241106_133545_736501536,-0.082513
20241106_133545_987802873,-0.10911592
20241106_133546_234699473,-0.15224646
20241106_133546_489585270,0.04560808
20241106_133546_738118524,0.10561562
20241106_133546_988228150,-0.014649978
20241106_133547_242075342,-0.022291502
20241106_133547_498623593,-0.022232434
20241106_133547_749668021,-1.4712304
20241106_133547_991064752,-0.76104105
20241106_133548_252106564,-0.44465217
20241106_133548_509661353,-0.37010786
20241106_133548_775050674,-0.26753405
20241106_133549_019790610,-0.25696826
20241106_133549_252788828,-0.24513383
20241106_133549_489664825,-0.20162208
20241106_133549_736143203,-0.2529577
20241106_133549_984570209,-0.2738973
20241106_133550_245051635,-0.34922156
20241106_133550_493004977,-0.29963157
20241106_133550_978497874,-0.16643323
20241106_133551_234466736,-0.11429744
20241106_133551_480859663,-0.12121143
20241106_133551_733275325,-0.15100653
20241106_133551_984917632,-0.15774827
20241106_133552_235991489,-0.041434728
20241106_133552_480306704,-0.06527119
20241106_133552_732741887,-0.14691214
20241106_133552_978854751,-0.15036164
20241106_133553_480025978,-0.040304475
20241106_133553_738912409,-0.0744411
20241106_133553_981774120,-0.047005706
20241106_133554_234270164,-0.07203855
20241106_133554_482199280,-0.06974902
20241106_133554_731974013,-0.032170795
20241106_133554_979191318,-0.15051652
20241106_133555_487415775,-0.15995546
20241106_133555_977686878,-0.06865477
20241106_133556_235523220,1.1177297
20241106_133556_481381507,1.4898524
20241106_133556_731470082,-0.23215525
20241106_133556_982076781,-1.1951469
20241106_133557_232029980,-0.335136
20241106_133557_478442607,-0.7700787
20241106_133557_738240189,-0.2366445
20241106_133557_981644685,-0.2364131
20241106_133558_238486280,-0.45986345
20241106_133558_491247068,-0.61849755
20241106_133558_749860514,0.24710916
20241106_133558_992932577,0.9052864
20241106_133559_252116892,0.6926749
20241106_133559_495209343,0.4081111
20241106_133559_749776411,0.26300785
20241106_133600_247476481,0.110575296
20241106_133600_499977254,0.22883321
20241106_133600_752817801,0.4237456
20241106_133600_995425042,0.050575055
20241106_133601_487057059,-0.04783281
20241106_133601_740557952,-0.09844261
20241106_133601_993147139,0.29667225
20241106_133602_249151257,0.1393552
20241106_133602_488851638,0.10341648
20241106_133602_740774060,0.067445256
20241106_133603_236781023,0.012109855
20241106_133603_489259476,0.087609924
20241106_133603_987465238,0.019675413
20241106_133604_245189991,-0.07637974
20241106_133604_493642701,-0.13507466
20241106_133604_739652768,-0.26878706
20241106_133604_998379171,-0.91136175
20241106_133605_246292851,-1.5658263
20241106_133605_491623455,-0.26729968
20241106_133605_764533183,-0.22687586
20241106_133606_004923940,-0.28385493
20241106_133606_267187207,0.6097736
20241106_133606_500643914,0.113444485
20241106_133606_752754688,0.17159985
20241106_133606_996406767,-0.09545853
20241106_133607_243993237,0.08902291
20241106_133607_486994020,0.009729246
20241106_133607_747926446,-0.016901484
20241106_133607_991113894,0.037454195
20241106_133608_243204953,0.054617293
20241106_133608_492697254,0.02006189
20241106_133608_747038789,-0.007162234
20241106_133608_989295617,0.08544407
20241106_133609_243455859,-0.11981227
20241106_133609_487308020,-0.3716806
20241106_133609_742136956,-0.91949195
20241106_133609_986899882,-0.065690234
20241106_133610_247206423,0.24319528
20241106_133610_494671832,0.47920683
20241106_133610_742804952,0.52436036
20241106_133610_991331519,0.750711
20241106_133611_244143354,1.6897514
20241106_133611_484865966,1.8059423
20241106_133611_735533931,1.961996
20241106_133611_985425320,-0.45192584
20241106_133612_237102361,0.0143976975
20241106_133612_484204960,-0.011691206
20241106_133612_736336649,-0.13126089
20241106_133613_735081579,-0.20156772
20241106_133613_988591549,-0.23755749
20241106_133614_234701361,-0.21484835
20241106_133614_484758682,-0.21760146
20241106_133614_735773081,-0.3213347
20241106_133614_981725910,-0.15764047
20241106_133615_237337891,-0.31452325
20241106_133616_239965717,-0.2025141
20241106_133616_980215813,-0.16388367
20241106_133617_231555671,-0.17965038
20241106_133617_481775883,-0.17277001
20241106_133617_735927923,-0.053844333
20241106_133617_982773853,-0.13647331
20241106_133618_236129568,-0.18972065
20241106_133619_235845783,-0.14959876
20241106_133619_484666757,-0.16386665
20241106_133619_742278078,-0.19470598
20241106_133619_986780578,-0.16688447
20241106_133620_491761570,-0.1638365
20241106_133620_993910167,-0.15111537
20241106_133621_239575952,-0.18242647
20241106_133621_736202530,0.5487181
20241106_133621_986966985,-0.08976456
20241106_133622_240202315,0.13897906
20241106_133622_482918551,0.90535676
20241106_133622_739986349,-0.9298865
20241106_133622_997121745,0.118078776
20241106_133623_240306979,0.54216576
20241106_133623_483108564,-0.07658683
20241106_133623_734251453,0.25262716
20241106_133623_982106199,-0.0017909892
20241106_133624_983007632,-0.12605436
20241106_133625_232296719,-0.28625414
20241106_133625_479125461,-0.12726058
20241106_133625_734256652,0.44855514
20241106_133625_984435175,-0.26266187
20241106_133626_232088992,-0.35108587
20241106_133626_480823385,-0.20170094
20241106_133626_733116354,-0.11708137
20241106_133626_979704154,-0.1308129
20241106_133627_230898766,-0.16377856
20241106_133627_478710023,-0.12798817
20241106_133627_982586325,-0.12567069
20241106_133628_231674905,0.040621683
20241106_133628_482951381,0.15183121
20241106_133628_737827931,0.8093334
20241106_133628_987861641,0.4707575
20241106_133629_241213499,0.8657862
20241106_133629_483256597,1.3416289
20241106_133629_736752978,-0.77568525
20241106_133629_995820465,-0.6575108
20241106_133630_245694304,-0.66766924
20241106_133630_486429794,-0.22281986
20241106_133630_735320571,0.85098726
20241106_133630_983979518,-0.08970895
20241106_133631_238767279,-0.021729073
20241106_133631_489290174,-0.083829306
20241106_133631_734491394,-0.03268733
20241106_133631_983747963,1.2454714
20241106_133632_233398430,-1.1764718
20241106_133632_478141303,0.30262163
20241106_133632_734097150,0.38768616
20241106_133632_983302860,-0.09850403
20241106_133633_233881225,0.0023379717
20241106_133633_479744004,-0.029990455
20241106_133633_733228578,-0.027377566
20241106_133633_987019264,0.5879014
20241106_133634_251010255,1.3887206
20241106_133634_478144612,0.59730613
20241106_133634_732922831,0.48227087
20241106_133634_981406612,0.2834953
20241106_133635_236906534,-0.6430623
20241106_133635_487964417,-0.18370782
20241106_133635_733565312,-1.0516384
20241106_133635_981987841,0.7852192
20241106_133636_235129794,0.11789016
20241106_133636_480426225,0.23066942
20241106_133636_731167739,0.2723152
20241106_133636_981976785,0.30547142
20241106_133637_238610792,0.14836876
20241106_133637_732113066,0.21865185
20241106_133637_982813740,0.17818327
20241106_133638_233607657,0.25447905
20241106_133638_476842895,0.52232516
20241106_133638_731198677,0.47426787
20241106_133639_231493725,0.37894914
20241106_133639_476376731,0.10852686
20241106_133639_734211110,0.109417535
20241106_133639_977781460,0.08413718
20241106_133640_231202579,0.17447086
20241106_133640_480039401,0.62432927
20241106_133640_738527466,0.6419441
20241106_133641_239723652,-0.15215246
20241106_133641_490410001,-0.61377734
20241106_133641_740545494,-0.35215476
20241106_133641_987421369,-0.21669738
20241106_133642_233287281,-0.417976
20241106_133642_497062780,1.3319732
20241106_133642_742659147,1.0927433
20241106_133642_990696584,-0.8495054
20241106_133643_238668345,-1.368353
20241106_133643_484249601,0.88770825
20241106_133643_733935873,0.6920045
20241106_133643_982163633,0.9195224
20241106_133644_237119382,0.7890029
20241106_133644_487132987,0.74202204
20241106_133644_733320854,0.26300174
20241106_133644_987778838,-0.41137436
20241106_133645_237419002,0.9697301
20241106_133645_498165310,0.52516496
20241106_133645_742609754,0.34077373
20241106_133645_991789477,0.2191667
20241106_133646_257433832,0.23998211
20241106_133646_498524178,0.20953588
20241106_133646_742735021,0.22109239
20241106_133647_234888789,-0.010280928
20241106_133647_730481480,0.4585604
20241106_133647_983574664,0.32429305
20241106_133648_981118710,0.40988263
20241106_133649_234291263,0.4487738
20241106_133649_484736162,0.42573828
20241106_133649_731128530,0.40264025
20241106_133650_730560432,0.48502555
20241106_133651_238480479,1.0669068
20241106_133651_484775108,0.5452189
20241106_133652_240311944,-2.644382
20241106_133652_489527890,-0.8526393
20241106_133652_736945771,-0.20219414
20241106_133652_986563835,-0.2720832
20241106_133653_237937698,-0.13342448
20241106_133653_495605319,-0.12435939
20241106_133653_741669596,-0.11202141
20241106_133654_737861273,-0.115370415
20241106_133654_993469706,-0.26731306
20241106_133655_243447249,-0.2071207
20241106_133655_488844259,-0.10294343
20241106_133655_735561330,-0.03627781
20241106_133656_998170573,-0.049974643
20241106_133659_236851773,-0.11965456
20241106_133659_733760169,-0.19266357
20241106_133659_987519592,-0.1772391
20241106_133700_242232591,-0.15571396
20241106_133700_484585300,0.08129784
20241106_133700_738080465,0.16774909
20241106_133701_003739431,-0.15561582
20241106_133701_483619549,-0.44184896
20241106_133701_731348837,-0.2829689
20241106_133702_234318967,-0.26689282
20241106_133702_486109536,-0.3412501
20241106_133702_735119606,-0.39622465
20241106_133702_985037651,-0.2811623
20241106_133703_238682432,-0.31119904
20241106_133703_488857393,-0.6515907
20241106_133703_738557066,-0.3456333
20241106_133703_988232183,-0.7672941
20241106_133704_241601151,-0.15835707
20241106_133704_488734560,-1.1051031
20241106_133704_744725449,-1.5782603
20241106_133705_000922170,0.8770967
20241106_133705_261925517,0.20249973
20241106_133705_503813966,0.115173735
20241106_133705_754078840,0.13573639
20241106_133705_999731261,0.42381918
20241106_133706_246769717,-0.035782777
20241106_133706_488445014,-0.05726763
20241106_133706_746037726,-0.006741544
20241106_133706_989843345,0.3463562
20241106_133707_242938636,0.13188638
20241106_133707_492470767,0.09567676
20241106_133707_739491524,0.14838313
20241106_133708_236674553,0.12037919
20241106_133708_482999489,0.13995181
20241106_133708_732365945,0.08519278
20241106_133708_983346924,0.81327224
20241106_133709_241541829,0.009047726
20241106_133709_493157374,-0.047308706
20241106_133709_747209413,-0.31886247
20241106_133709_996773983,-0.5488625
20241106_133710_245553105,-0.5528734
20241106_133710_487104334,-0.17521374
20241106_133710_734906314,-0.1375805
20241106_133711_243442927,-0.2885445
20241106_133711_493523505,-0.28842768
20241106_133711_745193650,0.07995256
20241106_133711_992231620,0.20392275
20241106_133712_238799270,0.23558526
20241106_133712_488290452,0.855914
20241106_133712_751314049,0.51509386
20241106_133712_990870821,0.2236893
20241106_133713_241195273,0.13744701
20241106_133714_253914301,0.3112416
20241106_133714_487390138,0.61194843
20241106_133714_740928779,1.0749178
20241106_133714_986099364,0.31713223
20241106_133715_236536457,1.1183921
20241106_133716_477600855,0.6302702
20241106_133716_732815087,0.10548509
20241106_133716_978851636,0.061741598
20241106_133717_227195406,0.16306259
20241106_133717_733461675,0.17295584
20241106_133717_992372769,0.1141429
20241106_133718_233662553,0.15988861
20241106_133718_489879379,0.19127466
20241106_133718_741152224,-0.13941617
20241106_133718_986450414,0.034151472
20241106_133719_231809870,-0.067087494
20241106_133719_477185658,0.0003361497
20241106_133719_730069608,0.0682405
20241106_133720_234864826,0.01742355
20241106_133720_735848173,-0.013983628
20241106_133720_985553761,-0.007798156
20241106_133721_234826322,0.03954152
20241106_133721_481680380,-0.017905733
20241106_133721_977681714,-0.019854566
20241106_133722_234660688,0.020744124
20241106_133722_487802565,0.041128315
20241106_133722_734679536,0.185073
20241106_133722_979281581,0.2526622
20241106_133723_236530247,0.16443054
20241106_133723_484489470,0.13978784
20241106_133724_486329097,0.16656585
20241106_133724_740264846,0.27244633
20241106_133724_993145746,0.21836321
20241106_133725_250687254,0.3068506
20241106_133725_981964593,0.23914497
20241106_133726_728970201,0.18869965
20241106_133727_483156845,0.18304662
20241106_133727_741420534,0.31470546
20241106_133727_991442869,0.44539946
20241106_133728_250637454,0.29084918
20241106_133728_496600747,0.27200347
20241106_133728_742166183,0.29769382
20241106_133728_991403271,0.21684472
20241106_133729_239316772,0.18036558
20241106_133729_982842550,0.64824575
20241106_133730_235543843,1.6927894
20241106_133730_481215816,1.0103507
20241106_133730_741022821,0.3766735
20241106_133730_987720996,0.1829267
20241106_133731_250308242,0.22132193
20241106_133731_496310184,0.27023625
20241106_133731_744468929,0.2593983
20241106_133731_998461528,0.22984414
20241106_133732_241498731,0.12888734
20241106_133732_482232218,-0.14581974
20241106_133732_732482443,-0.015613696
20241106_133732_981801575,-0.082451396
20241106_133733_236217836,-0.92529917
20241106_133733_482282315,-0.20269261
20241106_133733_732298174,-0.27795014
20241106_133733_980862987,-0.33941025
20241106_133734_257031592,-0.38680655
20241106_133734_490896790,-0.24244629
20241106_133734_743205706,-0.18065213
20241106_133734_984481319,-0.15961178
20241106_133735_234461605,-0.16012461
20241106_133735_478124667,-0.12785275
20241106_133736_238314311,-0.19498195
20241106_133736_495421016,-0.55649656
20241106_133736_755274583,-0.0759772
20241106_133737_016490957,-0.5087081
20241106_133737_266447692,-0.13192894
20241106_133737_509387635,-0.035303317
20241106_133737_742632918,-0.116666995
20241106_133737_985481704,-0.14248373
20241106_133738_237613508,-0.07946857
20241106_133738_478456682,-0.09656646
20241106_133738_733837140,0.010138908
20241106_133739_482562348,-0.032188557
20241106_133740_986507077,-0.0506536
20241106_133741_233825712,-0.050384425
20241106_133741_729922229,-0.04078587
20241106_133741_983646562,0.3767236
20241106_133742_237926131,0.25295317
20241106_133742_488625490,0.6326462
20241106_133742_746076475,0.41096222
20241106_133742_990800178,0.3001695
20241106_133743_239250838,0.37543184
20241106_133743_478234386,0.34731752
20241106_133743_979818632,0.28956714
20241106_133744_730979473,0.29099485
20241106_133744_979321419,0.28267702
20241106_133745_236422787,0.19188713
20241106_133745_482163081,0.2245131
20241106_133745_730404841,0.3738756
20241106_133745_977647341,0.33813515
20241106_133746_237330760,0.30756268
20241106_133746_480571104,0.40630618
20241106_133747_228599773,0.39369425
20241106_133747_480620487,-0.30293423
20241106_133747_731865627,-0.11511006
20241106_133747_982236651,0.015440205
20241106_133748_239949120,-0.09137108
20241106_133748_482630423,-0.1445633
20241106_133748_734467162,0.008955965
20241106_133749_237255934,-0.014739385
20241106_133749_736897627,0.034469552
20241106_133749_981075872,0.019166807
20241106_133750_232275395,-0.03814196
20241106_133750_484266175,0.041488685
20241106_133750_731441680,0.1512867
20241106_133750_985835476,0.12247459
20241106_133751_235466288,-0.0061841216
20241106_133751_977588112,-0.011843136
20241106_133752_480754400,0.0449043
20241106_133753_229265582,0.064954706
20241106_133753_483710952,0.09172375
20241106_133753_739379154,0.21231718
20241106_133754_000423110,1.2822118
20241106_133754_252639512,0.30975738
20241106_133754_496657905,0.910538
20241106_133754_742747651,0.32594764
20241106_133754_986289707,0.29842097
20241106_133755_237206930,0.17204085
20241106_133755_739414461,0.23611145
20241106_133756_236389768,0.3118213
20241106_133756_479383524,0.4115146
20241106_133756_736055113,0.2562069
20241106_133756_983390927,0.604216
20241106_133757_242722216,0.471894
20241106_133757_485566077,0.38503847
20241106_133757_748126071,0.39546147
20241106_133757_998610559,0.32618156
20241106_133758_266509241,-0.11734494
20241106_133758_514453097,0.28912112
20241106_133758_764815557,0.38371748
20241106_133759_010386078,0.1127001
20241106_133759_274719826,0.043290958
20241106_133759_506926001,-0.29068515
20241106_133759_750645266,-0.48669842
20241106_133759_992943118,-0.1672031
20241106_133800_246105888,-0.12889989
20241106_133800_484117237,0.2665279
20241106_133800_733357791,0.47308308
20241106_133800_986877349,-0.25882027
20241106_133801_246305985,-0.27395055
20241106_133801_485523886,-0.8231322
20241106_133801_732861008,-0.16077276
20241106_133801_982822768,-0.4004504
20241106_133802_238940318,-0.43051815
20241106_133802_489421253,-0.5566809
20241106_133802_741943616,-1.3977256
20241106_133802_990029498,0.47466746
20241106_133803_245854865,-0.086229466
20241106_133803_499640947,-0.28055725
20241106_133803_748548412,-0.26294586
20241106_133803_998345096,-0.7566746
20241106_133804_253933693,0.55643153
20241106_133804_491521885,0.12535562
20241106_133804_750181275,0.14223416
20241106_133805_000726011,0.23719732
20241106_133805_249761138,0.20084329
20241106_133805_498350084,0.23239566
20241106_133805_748280641,0.21115647
20241106_133805_990497488,0.18935503
20241106_133806_240525929,0.18715675
20241106_133806_493715446,0.18116193
20241106_133806_745049838,0.14754866
20241106_133806_983256118,0.10558016
20241106_133807_239953299,0.012686441
20241106_133807_490289820,-0.060900293
20241106_133807_737597141,-0.021101823
20241106_133808_235987981,-0.25839695
20241106_133808_480715189,-0.48565814
20241106_133808_735598457,-1.8633145
20241106_133808_982506802,-0.18828441
20241106_133809_241411577,0.22489987
20241106_133809_490181163,0.16992463
20241106_133809_744132316,0.09932927
20241106_133809_985628932,-0.007501563
20241106_133810_235302396,0.08172901
20241106_133810_477644938,0.08728049
20241106_133810_734776614,0.09225974
20241106_133810_982378256,0.09374214
20241106_133811_241874302,0.11257682
20241106_133811_748891327,0.1345196
20241106_133811_997507867,0.11341063
20241106_133812_245563771,0.09212325
20241106_133812_495760407,0.12626441
20241106_133812_748351813,0.30872425
20241106_133812_993069504,0.2172011
20241106_133813_249298555,0.17961119
20241106_133813_495443227,0.18479757
20241106_133813_740391072,0.16031997
20241106_133813_987765420,0.22275062
20241106_133814_241548970,0.20031224
20241106_133814_500964316,0.19756104
20241106_133814_753559631,0.11866138
20241106_133814_996835149,0.16828413
20241106_133815_249530298,0.2060567
20241106_133815_493473370,0.1355582
20241106_133815_742233679,0.1395589
20241106_133816_240245250,0.16490333
20241106_133816_488081042,0.1945623
20241106_133816_737573590,0.25537717
20241106_133816_982743008,0.20938168
20241106_133817_233932667,0.11404995
20241106_133817_482607950,0.12684746
20241106_133817_730871252,0.14964782
20241106_133817_980122581,0.16005059
20241106_133818_487270199,0.14770465
20241106_133818_986375462,0.09632737
20241106_133819_234446187,-0.022487303
20241106_133819_734661165,0.065203644
20241106_133819_978834498,0.1277111
20241106_133821_231281765,0.04923422
20241106_133821_982694043,0.15207063
20241106_133822_242885608,0.066739954
20241106_133823_480416613,0.117739536
20241106_133823_729407269,0.043160893
20241106_133824_234521339,0.08841274
20241106_133825_235119541,0.057143845
20241106_133826_487733698,0.071369685
20241106_133826_737413339,0.1461959
20241106_133826_980126668,0.13095231
20241106_133827_231028368,0.18434845
20241106_133828_979920937,0.20632099
20241106_133829_229770229,0.21201177
20241106_133829_745170637,0.07040069
20241106_133829_991310554,0.11024401
20241106_133830_244574279,0.09430111
20241106_133830_491300834,0.079667576
20241106_133830_995649484,-0.14570253
20241106_133831_504866935,-0.8919123
20241106_133831_746424108,-0.1953399
20241106_133831_992302050,-0.6598503
20241106_133832_267398916,0.81837267
20241106_133832_508830558,0.22428928
20241106_133832_760077858,0.18521075
20241106_133833_000533205,0.037451066
20241106_133833_258283415,-0.66896397
20241106_133833_493857181,-0.20829616
20241106_133833_741418693,-0.6528341
20241106_133833_988521945,0.22124352
20241106_133834_293969409,-0.015415808
20241106_133834_485379948,0.13952617
20241106_133834_732249182,-0.06167426
20241106_133834_980264867,0.05480913
20241106_133835_235370892,-0.011496147
20241106_133835_737150990,0.08660651
20241106_133835_993589449,0.2901753
20241106_133836_480716675,-0.09866252
20241106_133836_732632858,-0.32047603
20241106_133836_977925349,-0.050529115
20241106_133837_235129300,0.180315
20241106_133837_486999222,0.26387706
20241106_133837_733556383,0.39974156
20241106_133837_977310404,0.42824978
20241106_133838_230974291,0.31193036
20241106_133838_477238775,0.3042294
20241106_133838_729957094,0.35867348
20241106_133838_978789295,0.28635544
20241106_133839_227408086,0.03568075
20241106_133839_474784317,0.059656776
20241106_133839_728548015,0.11043263
20241106_133839_979725631,0.09452868
20241106_133840_230947071,0.13380109
20241106_133840_478277280,-0.06434994
20241106_133840_730664876,-0.16804005
20241106_133840_980687012,-0.13601406
20241106_133841_480251089,-0.029483637
20241106_133841_729072477,-0.037961207
20241106_133841_978240609,-0.016266664
20241106_133842_228210354,-0.058876924
20241106_133842_478691382,0.05077923
20241106_133842_734023377,0.11585284
20241106_133842_981710483,0.09767807
20241106_133843_974092550,0.04749868
20241106_133844_230363249,0.0378697
20241106_133844_484158051,0.071734406
20241106_133844_738468717,-0.7333796
20241106_133844_994139250,-0.83071345
20241106_133845_236398675,-0.6576221
20241106_133845_488601197,-0.8136656
20241106_133845_733142713,0.62588114
20241106_133845_978091071,0.34892818
20241106_133846_232841698,0.42544928
20241106_133846_481959570,0.27636975
20241106_133846_731083282,0.039522983
20241106_133846_977930149,-0.063269995
20241106_133847_231874898,-0.12530036
20241106_133847_478783690,0.06960819
20241106_133847_730563614,0.03471247
20241106_133847_983013828,-0.044829153
20241106_133848_236513408,-0.08405443
20241106_133848_481188028,-0.0744076
20241106_133848_736040841,-0.22455896
20241106_133848_979432044,-0.9903982
20241106_133849_233320141,0.09546381
20241106_133849_480015946,0.32416877
20241106_133849_729427922,0.10683865
20241106_133849_976265005,0.018341558
20241106_133850_227645813,0.15835063
20241106_133850_492107695,0.49257717
20241106_133850_748144528,0.58726686
20241106_133850_983779304,-0.086819135
20241106_133851_232206168,-1.2902118
20241106_133851_477543366,-0.18742354
20241106_133851_732575186,-0.27040413
20241106_133851_983554354,-1.051921
20241106_133852_230697270,-0.6254858
20241106_133852_482037126,-0.77954644
20241106_133852_732474994,-0.114417695
20241106_133852_981912136,-0.13466544
20241106_133853_238870785,-0.27778968
20241106_133853_978332992,-0.275792
20241106_133854_480880175,-0.48170018
20241106_133854_732561579,-0.34256718
20241106_133854_982572808,-0.5524449
20241106_133855_242074213,-0.5248381
20241106_133855_489721643,-0.36704507
20241106_133855_741501100,0.038968258
20241106_133856_000801353,0.044436373
20241106_133856_254878565,0.2978418
20241106_133856_518625860,-0.098513514
20241106_133856_759388872,-0.106413454
20241106_133857_000246431,-0.36798888
20241106_133857_254669186,-0.24586292
20241106_133857_496182453,-0.59286326
20241106_133857_751576733,-0.09512887
20241106_133857_983746087,-0.16855074
20241106_133858_244303785,-0.14652033
20241106_133858_489406550,0.8462721
20241106_133858_745312537,0.9211131
20241106_133859_000300736,1.6256617
20241106_133859_238502736,1.2168384
20241106_133859_498545150,1.7920527
20241106_133859_747296831,-0.047306903
20241106_133900_004571531,0.22315718
20241106_133900_248347606,0.050139003
20241106_133900_497411772,-0.017835638
20241106_133900_757441397,-0.33525202
20241106_133901_008695934,-1.3001312
20241106_133901_258362670,0.6269071
20241106_133901_498002203,0.27421895
20241106_133901_753015400,0.3113446
20241106_133902_001099620,0.22036092
20241106_133902_259072216,0.11925826
20241106_133902_499182802,0.033353247
20241106_133902_746631837,-0.110793464
20241106_133902_991574588,0.41969782
20241106_133903_246716427,0.26203302
20241106_133903_487610360,-0.142976
20241106_133903_742360085,0.04691077
20241106_133903_992130129,0.041059054
20241106_133904_242493346,0.13114624
20241106_133904_484480504,0.600909
20241106_133904_736474445,0.45821673
20241106_133904_984458119,0.44691837
20241106_133905_240204869,0.46149433
20241106_133905_487420978,0.41618764
20241106_133905_996656229,0.47595736
20241106_133906_241118580,0.3090871
20241106_133906_488337885,0.31043577
20241106_133906_732258049,0.31359178
20241106_133906_980618569,-0.041204683
20241106_133907_234232775,0.023168603
20241106_133907_487327472,0.035185106
20241106_133907_743877088,0.09775398
20241106_133908_489091417,0.10306502
20241106_133908_991334100,-0.9344487
20241106_133909_260673163,-1.1208153
20241106_133909_507343199,-1.3466319
20241106_133909_743240902,-0.5509506
20241106_133909_999869287,-0.63609046
20241106_133910_241057858,-1.1025879
20241106_133910_493092072,-0.14834282
20241106_133910_750477362,-0.26910707
20241106_133911_001920022,0.16020283
20241106_133911_251393914,0.11435018
20241106_133911_497738066,-0.050363824
20241106_133911_749891029,-0.05437442
20241106_133911_996070058,-0.16214819
20241106_133912_242751641,-0.19703223
20241106_133912_485980900,-0.10152682
20241106_133912_744258943,-0.12145772
20241106_133912_989306222,-0.16900928
20241106_133913_239177655,-0.115290724
20241106_133913_484183346,-0.14822145
20241106_133913_734516935,-0.11716678
20241106_133913_990926313,-0.66708875
20241106_133914_249829819,-0.07389357
20241106_133914_488495223,0.1465465
20241106_133914_738551521,1.2367207
20241106_133914_981725034,-0.4523645
20241106_133915_230147887,-0.66191894
20241106_133915_475928307,0.021970024
20241106_133915_731958027,-0.008120719
20241106_133915_987119351,-0.064750955
20241106_133916_233960957,-0.09904524
20241106_133916_477624345,-0.17020912
20241106_133916_733639922,-0.033135675
20241106_133916_981295867,-0.084340714
20241106_133917_484727445,-0.008795103
20241106_133917_728363966,-0.0074816216
20241106_133917_993047912,-0.3813903
20241106_133918_239636607,-0.91091496
20241106_133918_491703329,-0.41723913
20241106_133918_747958030,-0.4168792
20241106_133918_992443414,-0.40274826
20241106_133919_244885540,-0.38834116
20241106_133919_488559156,-0.41309574
20241106_133919_983230872,-0.23858233
20241106_133920_240121028,-0.28944466
20241106_133920_483518668,-0.15675123
20241106_133920_733219399,-0.27778965
20241106_133920_977064882,-0.21851398
20241106_133921_231662873,-1.9403175e-05
20241106_133921_479819242,-0.11556389
20241106_133921_731759948,0.100065805
20241106_133921_973867194,-0.24153657
20241106_133922_481582198,-0.23183365
20241106_133923_226595205,-0.69736403
20241106_133923_475062470,-0.9149038
20241106_133923_724567074,0.96513426
20241106_133923_973789162,0.7273321
20241106_133924_236028585,0.7005932
20241106_133924_476907227,0.6578954
20241106_133924_740453588,0.58065695
20241106_133924_992562118,0.6438423
20241106_133925_236165069,0.3806155
20241106_133925_486111055,0.41732907
20241106_133925_737230508,0.26688024
20241106_133925_982190483,0.16995908
20241106_133926_241711569,0.21780394
20241106_133926_492209461,-0.09572529
20241106_133926_738394516,-0.059997164
20241106_133926_985450847,-0.2375093
20241106_133927_242917191,-0.24251081
20241106_133927_491205856,-0.07653531
20241106_133927_740141752,-0.022786817
20241106_133928_241573264,-0.059355818
20241106_133928_492388259,-0.041649215
20241106_133928_741528323,0.102328874
20241106_133928_989694761,0.029726008
20241106_133929_248531609,0.030991951
20241106_133929_486092170,-0.014424672
20241106_133929_750239553,-0.0023222174
20241106_133930_488551110,0.46575153
20241106_133930_743908587,0.46842808
20241106_133930_985494842,0.18857352
20241106_133931_240071505,0.35477093
20241106_133931_486043756,0.071252026
20241106_133933_249875286,0.058675595
20241106_133933_499213274,-0.004330447
20241106_133933_990947805,0.060831852
20241106_133934_270011825,0.07678456
20241106_133934_494552712,0.07307062
20241106_133934_752329101,0.07158739
20241106_133934_986108648,0.086640604
20241106_133935_236845440,0.06650666
20241106_133935_477384056,0.08101646
20241106_133935_728281665,0.08970872
20241106_133936_478119612,0.26334587
20241106_133936_728434607,0.1450799
20241106_133936_983546170,0.12808003
20241106_133937_232314028,0.15448983
20241106_133938_240142104,0.13463996
20241106_133938_740537552,0.16883485
20241106_133938_993515284,0.16329964
20241106_133939_238889494,-0.84448594
20241106_133939_486171950,-0.39030614
20241106_133939_740584763,-0.17100114
20241106_133939_983806481,0.055619754
20241106_133940_242250902,0.15266888
20241106_133940_751401729,0.05416689
20241106_133941_004269458,0.08820061
20241106_133941_255665337,0.09397022
20241106_133941_501690414,0.05945275
20241106_133941_757838324,-0.026483139
20241106_133942_488742577,-0.0467787
20241106_133943_236687968,-0.015850773
20241106_133943_482891624,-0.073749326
20241106_133943_740258479,0.3665216
20241106_133943_987510609,0.2565212
20241106_133944_238189697,-0.35544774
20241106_133944_486110439,-0.8738778
20241106_133944_738931516,-0.3739464
20241106_133944_987171518,-1.3387502
20241106_133945_252288983,-2.3579388
20241106_133945_491473882,0.24476932
20241106_133945_751987168,0.6713091
20241106_133945_993503747,0.40139803
20241106_133946_247099523,0.31151596
20241106_133946_486926741,0.2853233
20241106_133946_736399428,0.37767568
20241106_133946_982872670,0.3488438
20241106_133947_234535515,0.325319
20241106_133947_477920430,0.08636723
20241106_133947_975278507,0.14847909
20241106_133948_232783593,0.072752215
20241106_133949_228931040,0.15059815
20241106_133949_479680233,-0.011002382
20241106_133949_732657138,-0.0370458
20241106_133949_983410973,0.292729
20241106_133950_486386858,0.23128043
20241106_133950_731748674,0.25552374
20241106_133950_983215558,0.7284414
20241106_133951_240749154,0.16694479
20241106_133951_478290480,-0.23461823
20241106_133951_731316913,-0.052170567
20241106_133951_982998557,-0.11582681
20241106_133952_243890889,-0.030906936
20241106_133952_484006699,-0.17322482
20241106_133952_743108188,-0.42785776
20241106_133952_990931887,-0.3002313
20241106_133953_230840844,-0.648205
20241106_133953_480266707,-0.35856217
20241106_133954_483930916,-0.34774315
20241106_133954_741552122,-0.024034223
20241106_133954_984996417,0.05054892
20241106_133955_230785509,-0.15985231
20241106_133955_482972315,-0.14108355
20241106_133956_480767692,0.08029247
20241106_133956_735258586,0.34141836
20241106_133956_983800869,1.727738
20241106_133957_238205044,-0.2705044
20241106_133957_482644197,-0.94495153
20241106_133957_743472346,-0.56446296
20241106_133957_981873211,-0.5038393
20241106_133958_242175845,0.74763215
20241106_133958_488157277,0.16428189
20241106_133958_731956671,-0.6747517
20241106_133958_988780302,-0.1792162
20241106_133959_238523721,-1.0644386
20241106_133959_489404579,-0.7365755
20241106_133959_739835028,-0.4428163
20241106_133959_994381003,-1.0683573
20241106_134000_245975716,-0.054423355
20241106_134000_742044468,-0.94348395
20241106_134000_990530171,-0.80478245
20241106_134001_241011277,-0.00022755004
20241106_134001_482580848,-0.014516201
20241106_134001_732513823,-0.10576365
20241106_134001_983862323,-0.13758989
20241106_134002_241276003,-0.16259433
20241106_134002_481012176,0.034228303
20241106_134002_735755255,0.20229511
20241106_134002_988502746,0.69592065
20241106_134003_235919337,0.08643565
20241106_134003_487303946,0.13754956
20241106_134003_741623494,0.25236294
20241106_134003_989363845,0.2557203
20241106_134004_244121297,0.010843558
20241106_134004_492732279,-0.70593584
20241106_134004_740845109,0.032585725
20241106_134004_980449428,0.5634816
20241106_134005_235226844,0.8553036
20241106_134005_478846668,0.79530674
20241106_134005_733972405,0.6485069
20241106_134005_983455438,-0.08095839
20241106_134006_238600673,0.054194696
20241106_134006_490833918,0.114243604
20241106_134006_744603415,0.5421868
20241106_134006_988422853,-0.5579493
20241106_134007_241271188,-0.7619742
20241106_134007_491123641,-0.78742844
20241106_134007_742710089,-0.6239102
20241106_134007_988932345,-0.59827316
20241106_134008_242743902,0.051291272
20241106_134008_488350053,0.2891369
20241106_134008_730923875,0.1185497
20241106_134008_981070111,0.10614035
20241106_134009_243204081,0.021264354
20241106_134009_508898506,0.0514094
20241106_134009_766741917,0.55682826
20241106_134010_009504600,-0.3462935
20241106_134010_269020606,-0.103736825
20241106_134010_522588600,0.029867651
20241106_134010_781120507,0.062259026
20241106_134011_014030387,0.065085925
20241106_134011_260650735,-0.295245
20241106_134011_511290288,-0.5232044
20241106_134011_769313130,-0.38435897
20241106_134012_009253146,-0.30609158
20241106_134012_264165696,-0.39577967
20241106_134012_488903585,-0.35668012
20241106_134012_744500543,-0.5753293
20241106_134012_995518801,-0.56284446
20241106_134013_248833736,-1.0884107
20241106_134013_501682321,-0.32204154
20241106_134013_747736401,-1.066262
20241106_134013_997056337,-1.0464844
20241106_134014_247041167,0.70490074
20241106_134014_497441304,0.6732157
20241106_134014_749872470,0.7467564
20241106_134015_003201865,0.94074553
20241106_134015_251391313,0.6264533
20241106_134015_514962485,0.54202074
20241106_134015_769310212,0.18588676
20241106_134016_006265613,0.6806715
20241106_134016_257528008,0.6399327
20241106_134016_492734221,0.56648964
20241106_134016_743144342,0.16804053
20241106_134016_987390220,-0.33150026
20241106_134017_246749782,-0.38065046
20241106_134017_498483334,-0.045418404
20241106_134017_746408190,-0.03738638
20241106_134017_992755293,-0.029571434
20241106_134018_231714074,0.06566844
20241106_134018_486610866,0.38651282
20241106_134018_744750337,0.9281501
20241106_134018_991388251,0.15756977
20241106_134019_237551715,-0.13408148
20241106_134019_495876261,-0.14157547
20241106_134019_740675798,-0.71773124
20241106_134019_991746327,-0.75085896
20241106_134020_241017105,-0.27146447
20241106_134020_494226100,-0.14978099
20241106_134020_747433086,-0.17555138
20241106_134021_246794137,-0.16346933
20241106_134021_486206379,-0.29476252
20241106_134021_995123381,-0.20625974
20241106_134022_245182687,-0.20751782
20241106_134022_481138392,-0.22069843
20241106_134022_731680765,-0.2249796
20241106_134023_976433829,-0.22292061
20241106_134024_230751834,-0.16726021
20241106_134024_481729168,-0.089764856
20241106_134025_233514703,-0.04586395
20241106_134025_484320405,0.14499347
20241106_134025_736116441,0.441215
20241106_134025_991800004,0.03940186
20241106_134026_239118293,0.15637818
20241106_134026_488967234,0.020521024
20241106_134026_740811142,0.013980644
20241106_134027_246623115,0.22480236
20241106_134027_487169388,0.101490654
20241106_134027_739893003,0.12975304
20241106_134027_994431597,0.16985337
20241106_134028_234749747,0.16477107
20241106_134028_481921890,0.2311127
20241106_134028_736018985,0.22079007
20241106_134028_987072698,0.43691963
20241106_134029_246812195,0.19609468
20241106_134029_484614619,0.16534285
20241106_134029_738698684,0.22229724
20241106_134029_977138008,1.493585
20241106_134030_229939628,0.40158147
20241106_134030_480915349,1.117716
20241106_134030_741245830,1.9421062
20241106_134030_984233718,1.2584553
20241106_134031_246999429,0.80006564
20241106_134031_488530150,0.59359413
20241106_134031_751280310,0.07552294
20241106_134032_000704818,0.21049123
20241106_134032_265774645,0.19693266
20241106_134032_495011806,0.48902336
20241106_134032_737483930,0.53872764
20241106_134032_985756999,0.41703835
20241106_134033_240779027,0.38656458
20241106_134033_492218944,0.28348878
20241106_134033_736691993,0.26466474
20241106_134033_980190404,0.7031078
20241106_134034_282277213,0.8370173
20241106_134034_485067088,1.3394562
20241106_134034_732603145,-0.7662593
20241106_134034_990336197,0.85704356
20241106_134035_239080389,0.60094655
20241106_134035_478507052,0.554291
20241106_134035_728955473,0.32878318
20241106_134035_975585312,0.52105755
20241106_134036_231704545,0.53249466
20241106_134036_475798781,0.9803534
20241106_134036_726731976,0.73950005
20241106_134036_991018663,1.035548
20241106_134037_244715936,0.08533095
20241106_134037_495947008,-0.6877979
20241106_134037_749018767,-0.4297171
20241106_134037_994765082,-0.44178694
20241106_134038_239856727,-0.37454927
20241106_134038_482881028,-0.30290726
20241106_134038_736237035,-0.11875133
20241106_134038_984942426,-0.11137871
20241106_134039_252409547,-0.2734961
20241106_134039_494452068,-0.37928748
20241106_134039_740860946,-0.9012499
20241106_134039_994230259,-0.7005427
20241106_134040_245093042,-0.20841442
20241106_134040_496556975,0.1445349
20241106_134040_756711279,0.18066551
20241106_134041_007266517,0.24821429
20241106_134041_278148825,0.64835566
20241106_134041_522867803,-0.5111767
20241106_134041_779916646,-0.19545227
20241106_134042_018713855,-0.7444601
20241106_134042_271805499,-0.88429683
20241106_134042_528547964,-0.20595251
20241106_134042_775960489,-0.21832035
20241106_134043_009419763,-0.32282004
20241106_134043_251618328,-0.30955496
20241106_134043_500850887,-0.21703169
20241106_134043_742435562,-0.41035485
20241106_134043_988188645,-0.2911137
20241106_134044_243269466,0.9246028
20241106_134044_491506440,0.6124429
20241106_134044_748227816,-0.015703341
20241106_134044_992923835,0.043104984
20241106_134045_249246769,0.043691136
20241106_134045_491664623,0.103144445
20241106_134045_749401670,0.12558095
20241106_134046_001464810,0.04689715
20241106_134046_253933048,0.020656506
20241106_134046_502021607,0.15685825
20241106_134046_739261932,0.030012945
20241106_134046_995351141,-1.0078325
20241106_134047_239624336,-0.8978878
20241106_134047_493517480,-0.8847231
20241106_134047_741121605,1.0951022
20241106_134047_990064136,-0.1337495
20241106_134048_233455612,1.0868204
20241106_134048_482514634,0.57054436
20241106_134048_730159261,0.23338069
20241106_134048_983385289,0.05873657
20241106_134049_232986600,-0.09741121
20241106_134049_485330548,-0.023819169
20241106_134049_733306989,0.07891924
20241106_134049_982003003,0.07267926
20241106_134050_233551358,0.10520298
20241106_134050_480443982,0.39660683
20241106_134050_736055901,0.5206918
20241106_134050_983135674,0.32687098
20241106_134051_240367577,0.15843491
20241106_134051_485170518,0.26271614
20241106_134051_739551787,0.49201968
20241106_134051_991217453,0.8911031
20241106_134052_239379133,0.5935866
20241106_134052_490354819,0.6891356
20241106_134052_748416761,1.2568607
20241106_134052_989556894,0.29262665
20241106_134053_242723652,-0.50165915
20241106_134053_489222577,-0.0123412125
20241106_134053_737504416,-0.024944257
20241106_134053_980545274,-0.12750907
20241106_134054_738105749,-0.18615974
20241106_134054_981811034,-0.2246147
20241106_134055_230842730,-0.23089142
20241106_134055_483682863,-0.15271021
20241106_134055_738005654,-0.23716964
20241106_134055_989506417,-0.042933315
20241106_134056_252980429,-0.07955279
20241106_134056_485741022,-0.17367627
20241106_134056_743611237,-0.1445231
20241106_134056_991541380,-0.2820471
20241106_134057_238869259,-2.308822
20241106_134057_490332917,-1.0687238
20241106_134057_741236278,-1.9803897
20241106_134057_989409531,0.6079273
20241106_134058_235891360,1.4183062
20241106_134058_487501176,1.8957165
20241106_134058_735883069,-0.44874495
20241106_134058_980426322,-0.835524
20241106_134059_239284868,-0.70264715
20241106_134059_497688163,-0.15866737
20241106_134059_750303575,-0.27443644
20241106_134100_000620341,-0.24388917
20241106_134100_509326176,0.065381855
20241106_134100_756049007,0.19326493
20241106_134101_005047115,-0.23691316
20241106_134101_248625630,-0.40256968
20241106_134101_491924571,-0.23391117
20241106_134101_740179056,-0.26137432
20241106_134102_238171034,-0.22023843
20241106_134102_477973426,-0.17044108
20241106_134102_734441930,-0.18954487
20241106_134102_986105718,-0.2693477
20241106_134103_240794333,-0.59934264
20241106_134103_493428149,-0.3919035
20241106_134103_738074027,-0.09144334
20241106_134103_984262022,-1.1030108
20241106_134104_244361479,0.19819494
20241106_134104_517641009,-0.305105
20241106_134104_776440165,0.30959395
20241106_134105_020178699,-0.066995166
20241106_134105_268832933,-0.21521981
20241106_134105_507611853,0.36708996
20241106_134105_757912323,0.48040262
20241106_134106_002428919,1.092868
20241106_134106_255286445,1.5298387
20241106_134106_505630117,-0.20542537
20241106_134106_765781423,0.15901107
20241106_134107_013685202,0.28702685
20241106_134107_252181393,0.41517755
20241106_134107_498792132,0.19618319
20241106_134107_747535804,0.1508544
20241106_134107_991131120,0.20250519
20241106_134108_238888509,0.13520186
20241106_134108_485090692,-0.0711148
20241106_134108_737528192,-1.5555906
20241106_134108_999254339,0.10281686
20241106_134109_253892211,-0.45402732
20241106_134109_501427083,-0.054824255
20241106_134109_737896455,-0.16916354
20241106_134109_989895722,-0.3595924
20241106_134110_241654055,-0.16269745
20241106_134110_494558149,-0.07790687
20241106_134110_737220856,-0.44454917
20241106_134110_983046248,-0.42613813
20241106_134111_236902459,-0.34557906
20241106_134111_479493610,-0.21118651
20241106_134111_740364880,-0.5513867
20241106_134112_001701180,-0.44220746
20241106_134112_248115467,-0.3085875
20241106_134112_493728648,-0.23386647
20241106_134112_751507766,-0.73471445
20241106_134112_988882132,-0.25687468
20241106_134113_236923842,-0.10868055
20241106_134113_489384837,-0.34677473
20241106_134113_745436947,-0.3086333
20241106_134114_000025612,-0.70696676
20241106_134114_251684080,-0.041772947
20241106_134114_484411101,0.12177805
20241106_134114_738905178,0.38776422
20241106_134114_987907199,0.4615985
20241106_134115_241106981,0.41310626
20241106_134115_487875960,1.3010355
20241106_134115_745030429,-0.9075144
20241106_134115_986211834,-0.5059387
20241106_134116_236627342,-0.24507023
20241106_134116_486324248,1.4512719
20241106_134116_742183060,1.5730686
20241106_134116_985228048,1.3146774
20241106_134117_235805818,1.3332003
20241106_134117_489752545,0.7074091
20241106_134117_736851271,0.5979817
20241106_134117_996200606,0.74497205
20241106_134118_248619412,0.10053518
20241106_134118_493684738,-0.45813167
20241106_134118_740606824,-0.9173954
20241106_134118_982792719,0.8580169
20241106_134119_243142774,0.5791969
20241106_134119_487344485,0.5684999
20241106_134119_729501231,0.57016486
20241106_134120_231672620,0.5666818
20241106_134120_475993735,1.1508749
20241106_134120_727032998,0.67700434
20241106_134120_981696650,-0.8665472
20241106_134121_230730481,0.018482195
20241106_134121_487616963,-0.34661546
20241106_134121_731429394,-0.22187538
20241106_134121_979906159,-0.1784627
20241106_134122_228142975,-0.22154216
20241106_134122_475828630,-0.23349313
20241106_134122_725548976,-0.253508
20241106_134122_974938562,0.13498726
20241106_134123_233149073,0.061098196
20241106_134123_974621431,-0.045611225
20241106_134124_230372786,-0.0099956
20241106_134124_486402932,-0.10053959
20241106_134124_737464031,-0.13451163
20241106_134125_243013530,-0.13425522
20241106_134125_981249593,-0.31333336
20241106_134126_241759108,-0.15489663
20241106_134126_485923002,-0.14992182
20241106_134126_744910315,-0.021858564
20241106_134126_983213849,0.07913185
20241106_134127_234179510,0.18712567
20241106_134127_486528031,0.12192226
20241106_134127_990140108,0.06551047
20241106_134128_240644624,-0.01906105
20241106_134128_981670068,0.011112312
20241106_134129_241490544,-0.06631624
20241106_134129_988134478,-0.038043104
20241106_134130_238142945,-1.8433341
20241106_134130_483787553,-1.1544635
20241106_134130_734752399,-0.33311144
20241106_134130_983142933,-0.31139997
20241106_134131_245781254,-0.3671321
20241106_134131_495885982,-0.33705312
20241106_134131_748523549,-0.33265585
20241106_134131_984391534,-0.34361726
20241106_134132_235824973,-0.07495921
20241106_134132_485592323,-0.56605834
20241106_134132_733714793,-0.3108754
20241106_134132_988064945,-0.62632865
20241106_134133_236451686,-1.7546962
20241106_134133_488262983,-0.09754773
20241106_134133_742587064,0.69231296
20241106_134133_995628143,0.33177474
20241106_134134_282597230,0.40495846
20241106_134134_495164389,0.59998065
20241106_134134_738785122,0.5307898
20241106_134134_980636868,1.066801
20241106_134135_242061444,0.47279957
20241106_134135_479853228,0.5229806
20241106_134135_732932249,0.50601757
20241106_134135_987246417,0.30890656
20241106_134136_243068872,0.01575301
20241106_134136_488830993,0.006384412
20241106_134136_738537340,0.5797842
20241106_134136_978663767,0.5862673
20241106_134137_225882472,0.3434417
20241106_134137_474599922,0.2637673
20241106_134137_733908901,0.22986113
20241106_134137_986603111,0.07131372
20241106_134138_240122933,-0.03958126
20241106_134138_491206965,-0.50189364
20241106_134138_736571750,-0.041861616
20241106_134138_995782547,-0.53300476
20241106_134139_255640729,-0.54926956
20241106_134139_496537648,-0.57685983
20241106_134139_740932404,-0.37760472
20241106_134139_983098748,-0.36453763
20241106_134140_233928318,-0.5911723
20241106_134140_477876381,-0.6303336
20241106_134140_731966245,-0.49610215
20241106_134140_982446011,-0.46398324
20241106_134141_240084468,-0.5625997
20241106_134142_237181510,-0.4198888
20241106_134142_492254314,-0.22328867
20241106_134142_742327156,-0.22526003
20241106_134142_994114939,-0.04660037
20241106_134143_241355450,-0.061304107
20241106_134143_492314501,-0.055123113
20241106_134143_728692712,-0.10841914
20241106_134143_981643803,0.49123135
20241106_134144_238360046,0.45097995
20241106_134144_488331551,0.10021236
20241106_134144_733947496,0.44191915
20241106_134144_977402191,0.8051413
20241106_134145_224921512,0.4533752
20241106_134145_473831965,0.5492963
20241106_134145_730960233,0.56176573
20241106_134146_725982594,-0.0025159325
20241106_134146_973529355,-0.57134223
20241106_134147_226986576,-0.18136747
20241106_134147_478144069,-0.8204953
20241106_134147_735431083,-0.8234803
20241106_134147_987361335,-0.46887293
20241106_134148_237118242,-0.47416678
20241106_134148_480319810,-2.5447464
20241106_134148_735324543,-1.013082
20241106_134148_980202896,-0.7567274
20241106_134149_234591418,-0.99897754
20241106_134149_474691024,-0.593236
20241106_134149_728246629,-0.8293105
20241106_134149_983144229,-0.16365834
20241106_134150_236770980,0.58641416
20241106_134150_484892514,-0.007176442
20241106_134150_732561070,1.4860151
20241106_134150_980726551,-0.6300194
20241106_134151_238246879,-0.18458265
20241106_134151_484092490,-0.19141296
20241106_134151_735446831,-0.23040451
20241106_134151_979985601,-0.17674418
20241106_134152_234346002,-0.21937151
20241106_134152_479562039,-0.26540238
20241106_134152_726105670,-0.24473374
20241106_134153_475901578,-0.20814104
20241106_134153_727119914,-0.4377209
20241106_134153_978436042,-0.42192557
20241106_134154_245159557,-1.1717111
20241106_134154_502198708,0.9538969
20241106_134154_748806949,0.08527062
20241106_134154_989513318,-0.07880648
20241106_134155_239621094,-0.0066607203
20241106_134155_497260368,-0.078454696
20241106_134155_755854059,-0.26518098
20241106_134156_007421984,-0.322938
20241106_134156_250243736,-0.29983196
20241106_134156_499516689,-0.30656937
20241106_134156_989998761,-0.20996423
20241106_134157_236657263,-0.13719834
20241106_134157_480198965,-0.0027907342
20241106_134157_728381721,-0.0559394
20241106_134157_981946211,0.029154519
20241106_134158_486293280,-0.009347519
20241106_134158_745491405,0.1684682
20241106_134159_001282292,0.07649825
20241106_134159_251912362,0.04881362
20241106_134159_486857735,-0.0975795
20241106_134159_741045053,-0.18821342
20241106_134159_990478899,0.055300966
20241106_134200_245559072,0.13688655
20241106_134200_500943647,0.09089301
20241106_134200_739970564,0.06546924
20241106_134200_988016217,-0.33752075
20241106_134201_240692222,-0.24211107
20241106_134201_483666600,-0.23503385
20241106_134201_735608824,-0.2674609
20241106_134201_984295012,-0.27642876
20241106_134202_489288698,-0.76908785
20241106_134202_737863452,-0.3792797
20241106_134202_993647018,-1.4167854
20241106_134203_245079105,-0.05077835
20241106_134203_485938474,-0.033410583
20241106_134203_977085124,-0.05159559
20241106_134204_233456410,-0.03606405
20241106_134204_483431428,-0.033844613
20241106_134204_738063182,-0.17279805
20241106_134204_982624721,0.23403434
20241106_134205_235383796,0.11600838
20241106_134205_482098842,0.6786761
20241106_134205_732777361,-0.0019928347
20241106_134205_993641997,1.4531645
20241106_134206_237756248,0.23735015
20241106_134206_483527503,0.08429558
20241106_134206_730294009,0.11364179
20241106_134206_979646676,-0.28280923
20241106_134207_237455534,-0.6063041
20241106_134207_484810752,-0.23453613
20241106_134207_981381842,-0.27882436
20241106_134208_238774221,-0.96851486
20241106_134208_486827277,-0.71930826
20241106_134208_736667953,-0.36697817
20241106_134208_987036384,-0.038151406
20241106_134209_233357006,0.49148014
20241106_134209_481055260,0.18137561
20241106_134209_733835526,-0.11164751
20241106_134209_985062307,-0.11643847
20241106_134210_229102855,-0.8763995
20241106_134210_485048131,0.63915855
20241106_134210_736606070,-0.18069191
20241106_134210_985424207,-0.36151204
20241106_134211_232385944,-1.0760673
20241106_134211_480234423,-0.58875746
20241106_134211_730460748,-0.58090454
20241106_134211_981726693,-0.67835534
20241106_134212_737331154,0.10167564
20241106_134212_994188341,-0.10839684
20241106_134213_236457362,-0.04434418
20241106_134213_482714512,-0.37658858
20241106_134213_730150030,-0.2993568
20241106_134213_977271495,-0.8833581
20241106_134214_231921018,-0.8495241
20241106_134214_482022669,-0.65734726
20241106_134214_742563950,-0.6496883
20241106_134215_479447486,-0.65150875
20241106_134215_731795745,-0.11509136
20241106_134215_977755629,-0.17724526
20241106_134216_230566801,-0.23434313
20241106_134216_478894994,-0.2435912
20241106_134216_732353046,-0.18212242
20241106_134216_980258228,-0.6911543
20241106_134217_232039142,-0.40706566
20241106_134217_479677227,0.46501818
20241106_134217_734285505,0.16962437
20241106_134217_984065847,-0.008947214
20241106_134218_239761443,-0.0074105468
20241106_134218_494323073,0.11501811
20241106_134218_748537447,0.062620915
20241106_134218_983796870,0.119006194
20241106_134219_228097008,0.15272312
20241106_134220_477319844,0.14636163
20241106_134221_225910185,0.14244418
20241106_134221_724250173,0.13698198
20241106_134222_222976272,0.19884346
20241106_134222_726607861,0.1585439
20241106_134223_233474270,0.14267986
20241106_134223_483122164,0.13351358
20241106_134223_728572786,0.12839793
20241106_134224_233089751,0.48603198
20241106_134224_723706213,0.16814204
20241106_134224_976329737,0.2943644
20241106_134225_221144796,0.17737956
20241106_134225_474712425,0.317823
20241106_134225_728908509,0.39381385
20241106_134225_984184454,0.6007351
20241106_134226_230435416,0.33022436
20241106_134226_475924706,0.11592925
20241106_134226_725455001,0.15296046
20241106_134227_227293639,0.35361788
20241106_134227_483685261,0.099342085
20241106_134227_731939595,0.17753236
20241106_134227_978143685,0.16447683
20241106_134228_478452174,0.14428912
20241106_134228_726554592,0.1616138
20241106_134228_979558518,0.18825783
20241106_134229_231349698,0.13719396
20241106_134229_482649328,0.15356521
20241106_134229_729855265,0.14564835
20241106_134230_228666952,0.24411039
20241106_134230_728236858,0.20991506
20241106_134230_974277543,0.031082967
20241106_134231_224877060,-0.06889691
20241106_134231_469954857,0.18331797
20241106_134231_725553530,0.13018169
20241106_134231_975360966,0.12212101
20241106_134232_227871777,0.15439667
20241106_134232_475035288,0.13848688
20241106_134232_726502455,0.16476955
20241106_134232_970697845,0.12513562
20241106_134233_220244676,0.06979919
20241106_134233_720444490,0.01240463
20241106_134233_970470477,0.049530692
20241106_134234_280941191,0.20393658
20241106_134234_471149347,0.16422178
20241106_134234_720631768,0.127288
20241106_134234_976765033,0.108544506
20241106_134235_724342612,0.30938366
20241106_134235_970829583,0.28012347
20241106_134236_223634867,0.32303873
20241106_134236_473113981,0.122368135
20241106_134236_722234881,0.030965546
20241106_134236_969471999,0.06245128
20241106_134237_976007981,0.083525516
20241106_134238_490071073,-0.8465858
20241106_134238_742524482,-1.0240992
20241106_134238_994018627,-1.4674088
20241106_134239_241582579,0.4594123
20241106_134239_490133622,0.17279048
20241106_134239_745794026,0.10574005
20241106_134239_991016412,0.7827956
20241106_134240_252614111,1.4607078
20241106_134240_487193262,-0.5393001
20241106_134240_737083703,-0.6738014
20241106_134240_984608718,-0.08557413
20241106_134241_241025205,-0.5761788
20241106_134241_478567208,-0.51883686
20241106_134241_727677400,-0.109514475
20241106_134241_978974726,-0.64916486
20241106_134242_227374067,0.29976222
20241106_134242_478705900,0.016866604
20241106_134242_721937607,0.0682017
20241106_134242_968603267,0.17249434
20241106_134243_225619702,1.4085742
20241106_134243_485414227,2.1412928
20241106_134243_730841558,0.2992405
20241106_134243_981349644,0.2385631
20241106_134244_231420584,0.2640824
20241106_134244_494160329,0.28561863
20241106_134244_734132651,0.24333106
20241106_134244_978336073,0.29619125
20241106_134245_235491651,0.54557496
20241106_134245_485544004,0.42204204
20241106_134245_725653850,0.33021536
20241106_134246_220593596,0.2643884
20241106_134246_471431632,0.28224972
20241106_134246_728975714,-0.07265689
20241106_134246_977787340,-0.14337842
20241106_134247_228231942,-0.11932232
20241106_134247_478165708,-0.15446134
20241106_134247_726997816,-0.001350781
20241106_134247_974499354,0.8109854
20241106_134248_225520713,-0.37820536
20241106_134248_477880192,-0.019141195
20241106_134248_734913606,0.089346826
20241106_134248_972415163,-0.026813598
20241106_134249_224981062,-0.039441608
20241106_134249_473712927,0.08170687
20241106_134249_723831440,0.37460008
20241106_134249_979849878,0.7392706
20241106_134250_238845954,0.5750386
20241106_134250_482696368,0.14249192
20241106_134250_724798327,0.27088657
20241106_134250_973978639,0.23549147
20241106_134251_223735302,0.24505155
20241106_134251_471088404,0.28574234
20241106_134251_724576538,0.31129274
20241106_134252_226126048,0.29636434
20241106_134252_473726782,0.8977201
20241106_134252_738036344,1.1295632
20241106_134252_995921792,0.34744617
20241106_134253_234940401,-0.5970413
20241106_134253_480209436,-0.31646
20241106_134253_732832121,-0.024419783
20241106_134253_982642426,-0.07749279
20241106_134254_232450851,-0.00076072104
20241106_134254_484303524,0.37207228
20241106_134254_732471274,0.44402167
20241106_134254_980189966,0.039648876
20241106_134255_238352404,-0.10111048
20241106_134255_475166502,-0.10751232
20241106_134255_727159082,-0.17085554
20241106_134255_975351437,-0.13259585
20241106_134256_221533348,0.03547185
20241106_134256_470763285,-0.46943542
20241106_134256_728991575,-0.39192137
20241106_134256_982502650,-0.273364
20241106_134257_224000859,-0.34733593
20241106_134257_473628445,-0.27478883
20241106_134257_733176505,-0.49505937
20241106_134257_977321761,-0.1734826
20241106_134258_224207094,-0.28933305
20241106_134258_475139227,-0.27930704
20241106_134258_729336244,-0.3534673
20241106_134258_975496261,-0.3669376
20241106_134259_225649820,-0.37036324
20241106_134259_473924573,-0.21351217
20241106_134259_722626652,-0.26309922
20241106_134259_970953075,-0.20346369
20241106_134300_230050313,-0.24897994
20241106_134300_476300225,-0.24955048
20241106_134300_730819584,-0.22590052
20241106_134300_978339685,-0.33804354
20241106_134301_227506410,-0.4022434
20241106_134301_481655758,-0.5433715
20241106_134301_732394963,-0.4347354
20241106_134301_977245952,-0.31126443
20241106_134302_227044146,-0.2701468
20241106_134302_474219818,-0.15517314
20241106_134302_733425161,-0.21834587
20241106_134303_238940255,-0.5529132
20241106_134303_482097434,-0.56088674
20241106_134303_742633244,0.08931772
20241106_134303_992557825,-0.101815544
20241106_134304_232305429,-0.029838225
20241106_134304_485093991,-0.023462495
20241106_134304_728778843,0.11392494
20241106_134304_977014304,0.08656154
20241106_134305_223575773,0.05162088
20241106_134305_474445955,0.226992
20241106_134305_729648263,0.25058785
20241106_134305_982894192,0.36817142
20241106_134306_482093807,0.2682967
20241106_134306_733725502,0.25648525
20241106_134306_976664065,0.26157942
20241106_134307_227885936,0.12369872
20241106_134307_470320185,0.06548337
20241106_134307_723791157,0.17056952
20241106_134307_973513833,0.07933418
20241106_134308_231035452,0.17753844
20241106_134308_474583037,0.1442964
20241106_134308_724385868,0.31977344
20241106_134309_222651154,0.2998765
20241106_134309_470722651,0.2672116
20241106_134309_720343401,0.24031846
20241106_134310_473138688,0.21371232
20241106_134310_722977887,0.13721149
20241106_134310_973573702,0.2045909
20241106_134311_221996022,0.20112024
20241106_134311_477483491,0.1561415
20241106_134311_970640287,0.16868983
20241106_134312_224974086,0.16989546
20241106_134312_473068758,0.14300834
20241106_134314_978021945,0.14913838
20241106_134315_229388027,0.19534908
20241106_134315_476756084,0.025595764
20241106_134315_723058405,0.15070038
20241106_134315_969882770,0.1445841
20241106_134316_720443134,0.1347823
20241106_134316_970570117,0.4291616
20241106_134317_226715772,0.23628406
20241106_134317_478524864,0.21341823
20241106_134317_726944026,0.25063744
20241106_134317_983316354,0.31475103
20241106_134318_725788634,0.25054842
20241106_134318_977879173,0.26030025
20241106_134320_487499528,0.30222923
20241106_134320_736626397,0.22125272
20241106_134320_973653853,0.04164044
20241106_134321_229814205,-0.37271258
20241106_134321_486130539,-0.33508202
20241106_134321_754824592,-1.0246044
20241106_134321_999305376,-1.4640974
20241106_134322_241636786,0.89213735
20241106_134322_479597477,0.59122235
20241106_134322_742817208,0.60259396
20241106_134322_984484075,0.64524287
20241106_134323_227399966,0.44322857
20241106_134323_474270825,1.1723815
20241106_134323_723804010,0.5461407
20241106_134323_973920966,0.6654807
20241106_134324_472168381,0.4618197
20241106_134324_727693421,0.19092153
20241106_134324_973501147,0.12728415
20241106_134325_227092916,-0.22982751
20241106_134325_477712213,-0.074469976
20241106_134325_726439867,-0.018606981
20241106_134325_970918514,-0.014441183
20241106_134326_225731514,-0.014731636
20241106_134326_724984655,-0.15919597
20241106_134326_986160995,-0.08751955
20241106_134327_240741348,-0.32945862
20241106_134327_972809744,-0.17117514
20241106_134328_229242988,-1.0153621
20241106_134328_474132204,-0.5712271
20241106_134328_720410888,-0.40915012
20241106_134328_967463628,-0.25907663
20241106_134329_217707303,-0.27674717
20241106_134329_468409564,-1.2026922
20241106_134329_723570606,0.18070811
20241106_134329_968043458,0.019787053
20241106_134330_218872416,-0.02870228
20241106_134330_468943842,-0.12555964
20241106_134330_722765299,0.5970628
20241106_134330_979825687,0.29494348
20241106_134331_237041046,0.30423144
20241106_134331_730223477,0.38198084
20241106_134331_977819889,1.1372396
20241106_134332_229776877,0.42120296
20241106_134332_477757984,-0.42285523
20241106_134332_724444210,-0.119707786
20241106_134332_973666278,-0.11749246
20241106_134333_223603990,0.21408214
20241106_134333_474754053,-0.0030692425
20241106_134333_720791063,-0.10346385
20241106_134333_968057311,-0.076614164
20241106_134334_254338279,0.098235466
20241106_134334_466543105,0.076712586
20241106_134334_969085712,0.018531183
20241106_134335_222077127,0.18155141
20241106_134335_470202379,0.030619362
20241106_134335_724900873,-0.14433093
20241106_134335_974872409,-0.3112337
20241106_134336_219717331,-0.1490732
20241106_134336_469223815,-0.08809515
20241106_134337_222305690,-0.1507981
20241106_134339_220716649,-0.13815089
20241106_134339_717219919,-0.10729667
20241106_134340_465993276,-0.09635123
20241106_134341_967798427,-0.11378565
20241106_134342_221334253,-0.15374227
20241106_134345_218810744,-0.26314408
20241106_134345_467373035,-0.19789301
20241106_134345_718112631,-0.21080287
20241106_134346_718483293,-0.24592985
20241106_134346_969658811,-0.11911144
20241106_134347_727611214,0.13586167
20241106_134347_972318196,1.0288036
20241106_134348_235605108,0.270211
20241106_134348_485678837,0.6641614
20241106_134348_732862641,0.65895087
20241106_134348_976334886,-0.029276356
20241106_134349_239716536,-0.31375715
20241106_134349_487590152,-0.45242822
20241106_134349_733792894,-0.28625974
20241106_134349_974416139,-0.22617938
20241106_134350_232262710,-0.2590979
20241106_134350_485030026,-0.24394228
20241106_134350_725204145,-0.29617122
20241106_134350_978311043,-1.4643784
20241106_134351_226191367,0.7504937
20241106_134351_473120821,0.40159938
20241106_134351_731523010,0.20057552
20241106_134351_981961037,0.14505778
20241106_134352_227828059,0.5705593
20241106_134352_474984068,0.613074
20241106_134352_723075523,0.059459366
20241106_134352_970911351,0.20496808
20241106_134353_722824871,0.24942802
20241106_134353_967752933,0.24400096
20241106_134354_224176854,0.23164521
20241106_134354_470482645,0.14303859
20241106_134354_723801724,0.042556025
20241106_134354_972413137,-0.1695763
20241106_134355_222926248,-0.18015398
20241106_134355_477417791,-0.526105
20241106_134355_725485011,-0.3557873
20241106_134356_721678737,-0.3806387
20241106_134357_467683262,-0.14217748
20241106_134358_226815938,-0.17903061
20241106_134358_726312646,-0.19732358
20241106_134358_978388720,-0.21599226
20241106_134359_238547166,-0.02438279
20241106_134359_487021825,0.009325186
20241106_134359_729627912,0.22381057
20241106_134359_979481972,0.2251768
20241106_134400_223151604,0.01881216
20241106_134400_472584931,-0.02629151
20241106_134400_726958267,0.002450982
20241106_134400_982360675,-0.2135721
20241106_134401_233881437,-0.23201706
20241106_134401_486838566,-0.13917615
20241106_134401_733464690,-0.32469246
20241106_134401_983739466,0.4382689
20241106_134402_232379804,-0.5323913
20241106_134402_477638074,-0.68760186
20241106_134402_733155905,0.64121336
20241106_134402_983009001,0.10242591
20241106_134403_235488923,-0.07224747
20241106_134403_488237228,-0.41493675
20241106_134403_737450947,-0.42073837
20241106_134403_982215421,-0.43895662
20241106_134404_233185426,-0.09204074
20241106_134404_485215499,-1.0151905
20241106_134404_737140022,-0.46293887
20241106_134404_975106132,-0.42946467
20241106_134405_229455053,-0.8273762
20241106_134405_481281746,0.015370386
20241106_134405_735193253,-0.79763895
20241106_134405_989022091,0.10199813
20241106_134406_233198803,-1.0509138
20241106_134406_479897022,0.23853521
20241106_134406_728867155,0.6434974
20241106_134406_978225936,0.49100193
20241106_134407_225636970,0.5459446
20241106_134407_478043621,0.59881616
20241106_134407_726586558,0.44280052
20241106_134407_983346757,0.41111612
20241106_134408_230161191,0.571256
20241106_134408_474150112,0.6530448
20241106_134408_730014843,0.909673
20241106_134408_980830496,0.24892701
20241106_134409_229759187,-0.2569362
20241106_134409_473618014,0.4994726
20241106_134409_727224655,0.22637849
20241106_134409_971145600,0.34141546
20241106_134410_222465245,0.26554933
20241106_134410_467872492,0.2506729
20241106_134410_723839093,-0.026025018
20241106_134410_971953209,0.0971703
20241106_134411_224980473,0.109830834
20241106_134411_477283593,0.081606306
20241106_134411_727337690,-0.08350255
20241106_134411_970298614,0.04620824
20241106_134412_717739800,0.07975534
20241106_134412_967172633,0.14306156
20241106_134413_486567176,0.13874356
20241106_134413_735852292,0.022905806
20241106_134413_982197973,-0.10107853
20241106_134414_234640805,-0.28091976
20241106_134414_486264572,-0.08581623
20241106_134414_732539906,-0.11840733
20241106_134415_469831277,-0.053077362
20241106_134415_721118853,-0.058390163
20241106_134415_971591513,-0.011048337
20241106_134416_229049840,-0.31984708
20241106_134416_478947039,-1.7465209
20241106_134416_740828805,-1.6012331
20241106_134416_972266802,0.5865776
20241106_134417_225530395,0.9022197
20241106_134417_472388363,0.078489855
20241106_134417_727011608,0.89044833
20241106_134417_980333022,0.4381839
20241106_134418_228431666,0.18413036
20241106_134418_477664814,0.15418886
20241106_134418_721818637,0.17845783
20241106_134419_223566291,0.16799407
20241106_134419_721783406,0.20194446
20241106_134419_971855615,0.16690724
20241106_134420_226606364,0.17613237
20241106_134420_476676644,0.21082298
20241106_134420_719807455,0.28064233
20241106_134421_981836697,0.31589663
20241106_134422_226708760,0.14684783
20241106_134422_473389394,-0.05604192
20241106_134422_721656635,-0.24184956
20241106_134422_967816977,-0.41893584
20241106_134423_234108503,-0.34353992
20241106_134423_479215930,-0.19658877
20241106_134423_721209315,-0.24189936
20241106_134423_971423163,-0.19036941
20241106_134424_222175244,-0.01982413
20241106_134424_467080124,-0.7905646
20241106_134424_720995696,-1.1327105
20241106_134424_968025077,-0.80577374
20241106_134425_225081427,0.8652682
20241106_134425_481905371,0.4169403
20241106_134425_725447446,0.7301761
20241106_134425_975018208,0.8129862
20241106_134426_220654748,0.3231896
20241106_134426_478104996,0.29466477
20241106_134426_722392586,0.18336745
20241106_134426_971281706,0.29195684
20241106_134427_222639145,0.3113521
20241106_134427_470427654,0.027844796
20241106_134427_733073069,0.11219484
20241106_134427_974812313,0.16429977
20241106_134428_224878255,0.13540344
20241106_134428_484678417,0.15827559
20241106_134428_728520391,0.15356408
20241106_134428_966947519,-0.18539743
20241106_134429_219789776,-0.24894805
20241106_134429_475929168,-0.1150864
20241106_134429_726636937,-0.08019137
20241106_134429_978613294,-0.08797475
20241106_134430_724784460,-0.10480716
20241106_134430_972616698,-0.2273183
20241106_134431_228984051,-0.21235694
20241106_134431_471330224,-0.2661407
20241106_134431_724412252,-0.24676467
20241106_134431_977089395,-0.18207364
20241106_134432_243015616,-0.1673565
20241106_134432_736376516,-0.13081144
20241106_134432_983426315,-0.19884954
20241106_134433_725442807,-0.150117
20241106_134433_975202307,-0.12681256
20241106_134434_250634241,-0.16569476
20241106_134434_481465627,-0.11799883
20241106_134434_725216704,-0.6250312
20241106_134434_979908247,-1.252982
20241106_134435_247550483,-0.117934905
20241106_134435_498287750,0.18081568
20241106_134435_739151616,1.4608086
20241106_134435_978290582,0.3979776
20241106_134436_231771817,0.5984289
20241106_134436_486263023,0.27430034
20241106_134436_735794194,-0.16136153
20241106_134436_973443909,-0.046807885
20241106_134437_235707897,-0.037296165
20241106_134437_477641465,-0.21325053
20241106_134437_731072909,-0.110138975
20241106_134437_976898208,0.2742209
20241106_134438_225482804,0.26749587
20241106_134438_481508219,0.07186488
20241106_134438_723034045,0.08438758
20241106_134438_972088426,0.20716058
20241106_134439_221487250,0.00031445362
20241106_134439_469123535,0.067798115
20241106_134440_220261199,0.09270588
20241106_134440_482358897,-0.21212511
20241106_134440_722403170,-0.30808437
20241106_134440_972273573,-0.07554688
20241106_134441_222499244,-0.19504215
20241106_134442_970082575,-0.11255523
20241106_134443_221107521,-0.0900683
20241106_134443_468866274,-0.05040314
20241106_134443_722902878,0.24077706
20241106_134443_970394484,0.37462124
20241106_134444_222553033,0.29555747
20241106_134444_466843935,0.22598748
20241106_134444_965353163,0.3265038
20241106_134445_217989358,0.17730896
20241106_134445_720229365,0.23162194
20241106_134446_217130313,0.18967603
20241106_134446_467138139,0.21118091
20241106_134446_720159852,-0.05854871
20241106_134446_967750915,0.48972824
20241106_134447_219913105,0.31916746
20241106_134447_468062951,0.24428175
20241106_134447_975426308,0.227841
20241106_134448_227551117,0.16422556
20241106_134448_466851232,1.0438927
20241106_134448_718939440,0.29718533
20241106_134449_222771501,0.3056041
20241106_134449_467933185,0.29989642
20241106_134449_725537190,0.24026014
20241106_134449_967486791,0.22043161
20241106_134450_223034225,0.21620972
20241106_134450_469991617,0.21166961
20241106_134450_722800001,0.18912499
20241106_134451_220895363,0.15905137
20241106_134451_719454804,0.1197362
20241106_134451_966384376,0.1741835
20241106_134452_218731507,0.07706783
20241106_134452_463998324,0.11943204
20241106_134452_716745811,0.9563856
20241106_134452_978914088,-0.20245321
20241106_134453_246653664,-0.5232048
20241106_134453_482042241,-0.09567826
20241106_134453_725543679,-0.0806235
20241106_134453_975542296,-0.13491799
20241106_134454_234568534,-0.115231834
20241106_134454_483324950,0.11432735
20241106_134454_732220396,0.07560704
20241106_134454_988905918,0.062823094
20241106_134455_233295861,0.03558979
20241106_134455_498923169,0.01483939
20241106_134455_743401166,0.026192049
20241106_134455_982197745,1.0673693
20241106_134456_243495665,1.0759243
20241106_134456_500203727,0.32889393
20241106_134456_739288045,-0.93517
20241106_134456_979475588,-0.85072225
20241106_134457_226643073,-1.1560676
20241106_134457_471931561,-0.30696943
20241106_134457_724390934,0.47818628
20241106_134457_980104513,0.20427744
20241106_134458_228452284,0.06541548
20241106_134458_486073295,0.13828658
20241106_134458_730774100,0.091213025
20241106_134458_976026346,-0.19847764
20241106_134459_226295837,-0.9807979
20241106_134459_489287301,0.6243702
20241106_134459_745014058,0.24581622
20241106_134459_998434356,0.1309539
20241106_134500_247377333,0.12386999
20241106_134500_495342822,-0.16144784
20241106_134500_752678191,-0.11096304
20241106_134500_993619933,0.032323368
20241106_134501_251531046,0.27309486
20241106_134501_493078758,0.072067894
20241106_134501_741289177,0.56972873
20241106_134501_982494630,0.50956166
20241106_134502_239454693,-0.036969267
20241106_134502_488511033,-0.08366164
20241106_134502_736578241,-0.5151386
20241106_134502_997464789,-0.19322388
20241106_134503_253551183,-0.46733004
20241106_134503_495612982,-0.20447724
20241106_134503_754812802,-0.38619196
20241106_134504_001947437,-0.5854794
20241106_134504_253470093,-0.4720315
20241106_134504_493432894,-0.941992
20241106_134504_753640094,-0.5321756
20241106_134505_004642012,-0.38170603
20241106_134505_245504145,-0.6821318
20241106_134505_486563580,-1.2682029
20241106_134505_735361361,-0.82887274
20241106_134506_236677793,-0.89664096
20241106_134506_487618951,-0.8145592
20241106_134506_731095334,-0.7945251
20241106_134506_987277867,0.05367451
20241106_134507_248338926,0.42954168
20241106_134507_497863526,0.1576493
20241106_134507_734236781,0.10940794
20241106_134507_981650448,0.9708746
20241106_134508_238846991,0.46256098
20241106_134508_492660586,0.24296479
20241106_134508_737284200,0.14158855
20241106_134508_981360867,-0.103502296
20241106_134509_239467473,-0.07918643
20241106_134509_475282436,-0.099353336
20241106_134509_727057778,0.0038763676
20241106_134509_974486100,0.02596865
20241106_134510_225317198,-0.06287982
20241106_134510_473915775,0.025692025
20241106_134510_735750638,-0.01270487
20241106_134511_230113612,0.03329519
20241106_134511_483293956,-0.0008499827
20241106_134511_729355864,-0.19242312
20241106_134511_977586614,-0.25827122
20241106_134512_235273515,-0.070200525
20241106_134512_475099605,0.23166679
20241106_134512_726017752,0.011343101
20241106_134512_972648254,0.08292959
20241106_134513_235599349,-0.15381588
20241106_134513_477416016,-0.19097371
20241106_134513_732400743,0.1206939
20241106_134513_982562072,-0.031419836
20241106_134514_229010619,-0.014433881
20241106_134514_476271207,0.2019455
20241106_134514_726967728,0.079173245
20241106_134514_972696211,0.09367899
20241106_134515_225390990,-0.80185246
20241106_134515_481787169,-0.08826866
20241106_134515_741356721,0.28189597
20241106_134515_988947440,0.41578367
20241106_134516_248568352,0.25463328
20241106_134516_506998089,0.24288945
20241106_134516_746473516,0.3446589
20241106_134516_989625169,0.30109748
20241106_134517_240962891,-0.0015050378
20241106_134517_484628940,0.2553648
20241106_134517_734976951,0.1837266
20241106_134517_974275162,0.21879308
20241106_134518_231157415,0.2517604
20241106_134518_479574165,0.3979927
20241106_134518_738160055,0.37187964
20241106_134518_973975652,0.5292017
20241106_134519_221980066,0.41226315
20241106_134519_471201582,0.34730253
20241106_134519_725554866,0.108938016
20241106_134519_978964651,0.090456404
20241106_134520_236450520,0.3117189
20241106_134520_471577509,0.8638281
20241106_134520_724765574,0.62546605
20241106_134520_975165071,0.59910154
20241106_134521_232842923,0.5145614
20241106_134521_474848209,0.5818784
20241106_134521_721555955,0.5294461
20241106_134521_968350810,0.56486946
20241106_134522_219563498,0.4272491
20241106_134522_471481587,0.06664852
20241106_134522_720819631,0.10671932
20241106_134522_970911222,0.11515833
20241106_134523_233244268,0.046571948
20241106_134523_479656814,0.03479705
20241106_134523_718859023,0.043664254
20241106_134523_971588852,0.063665606
20241106_134524_218149723,0.14444189
20241106_134525_220548637,0.12331835
20241106_134525_485256293,0.115974285
20241106_134525_721969616,0.013129571
20241106_134526_233648935,0.12968294
20241106_134526_486485901,0.243589
20241106_134526_724765037,0.16957484
20241106_134526_975467029,0.19945125
20241106_134527_231695524,0.20832877
20241106_134527_472241287,0.16874112
20241106_134527_726340596,0.1599646
20241106_134528_229643370,0.14734016
20241106_134528_485257795,0.015198568
20241106_134528_731947410,0.04486183
20241106_134528_983042845,0.0046098623
20241106_134529_236828021,-0.67850834
20241106_134529_486912325,-0.21677513
20241106_134529_726562975,-0.2974616
20241106_134530_230301093,-0.16070668
20241106_134530_478786804,-0.12675484
20241106_134530_725204592,-0.11097067
20241106_134530_973631700,-0.23586093
20241106_134531_233522766,-0.2393461
20241106_134531_477111139,-0.35948077
20241106_134531_729735320,-0.595274
20241106_134531_979400881,0.3216827
20241106_134532_235265603,-0.037858568
20241106_134532_479292342,-0.14574982
20241106_134532_729426347,-0.010056874
20241106_134532_983778504,0.070830025
20241106_134533_247164099,-0.03678786
20241106_134533_493207050,-0.023743888
20241106_134533_731141770,0.01213775
20241106_134533_973035965,0.26826152
20241106_134534_248491549,0.21739163
20241106_134534_489000182,0.20858394
20241106_134535_466017530,0.09219716
20241106_134535_715145061,0.18743394
20241106_134535_974806493,0.10698313
20241106_134536_225713528,0.86446583
20241106_134536_497973916,1.4381992
20241106_134536_728941694,0.7151862
20241106_134536_974916058,0.649067
20241106_134537_487301846,-0.7161942
20241106_134537_732960513,-0.036776096
20241106_134537_973220420,-0.70766664
20241106_134538_229560148,-0.33693618
20241106_134538_482318558,-0.42171153
20241106_134538_721070067,-0.3589644
20241106_134538_970306931,-0.22075565
20241106_134539_222414360,-0.39209214
20241106_134539_469817009,-0.8396357
20241106_134539_721390551,0.23690419
20241106_134539_978576048,0.16192997
20241106_134540_225994876,0.23494248
20241106_134540_470933617,0.4813501
20241106_134540_725388039,0.7742063
20241106_134540_970818697,1.0668664
20241106_134541_221605801,0.77399606
20241106_134541_467840244,0.6669639
20241106_134541_717381537,0.7081
20241106_134541_965200781,0.7175849
20241106_134542_216797122,0.74710417
20241106_134542_468948488,0.30300164
20241106_134542_721759242,0.13438134
20241106_134542_966953092,0.2068056
20241106_134543_217095857,0.2425177
20241106_134543_467558516,0.2474284
20241106_134543_719576702,0.20856442
20241106_134543_967105327,0.27579203
20241106_134544_218450928,0.29504237
20241106_134544_466725458,0.127934
20241106_134544_718520209,0.20241411
20241106_134544_967632912,0.19230007
20241106_134545_219677561,0.17506324
20241106_134545_473865590,0.22842671
20241106_134545_718930490,0.15030323
20241106_134545_968954911,0.112423666
20241106_134546_226206435,0.10914145
20241106_134546_477310902,0.144854
20241106_134546_725508800,0.06748841
20241106_134546_983863163,-0.34228888
20241106_134547_234846196,-0.38839197
20241106_134547_487239461,0.0474488
20241106_134547_738571686,0.048129626
20241106_134547_987477743,-0.12192764
20241106_134548_235844890,0.1846591
20241106_134548_475102577,0.16818117
20241106_134548_971742609,0.049097933
20241106_134549_224887683,0.03256259
20241106_134549_467315909,-0.03523966
20241106_134549_718992866,0.020543972
20241106_134550_237055790,-0.5236333
20241106_134550_488937257,-0.674566
20241106_134550_733967552,-1.1023444
20241106_134550_977689313,-0.014440337
20241106_134551_233276645,-1.4073222
20241106_134551_474410746,-0.60411966
20241106_134551_734041657,-0.26443794
20241106_134551_987132334,-0.18737583
20241106_134552_232302113,-0.077377476
20241106_134552_472940295,-0.1323796
20241106_134552_722477566,-0.1182098
20241106_134552_975563344,-0.10118141
20241106_134553_233398361,-0.0954416
20241106_134553_477076283,-0.08282121
20241106_134553_721776201,-0.14596488
20241106_134553_972830714,-0.14156349
20241106_134554_223928884,-0.113133274
20241106_134554_472829255,-0.119325124
20241106_134554_726082921,-0.49740618
20241106_134554_982814759,-1.0878274
20241106_134555_235901833,-0.6048642
20241106_134555_492652402,-0.565979
20241106_134555_737123802,-0.7251116
20241106_134555_972582465,-0.59856486
20241106_134556_227540997,-0.80163735
20241106_134556_475442618,-0.601744
20241106_134557_485239947,-0.9452248
20241106_134557_728421656,-0.93164444
20241106_134558_230336417,-0.99712944
20241106_134558_475567982,0.01422778
20241106_134558_729121339,0.49260226
20241106_134558_981433112,0.7523194
20241106_134559_232848293,0.56044006
20241106_134559_491207661,0.39452404
20241106_134559_750684264,0.19425598
20241106_134559_985219831,-0.051293336
20241106_134600_227631712,-0.19978873
20241106_134600_480819496,-0.0337772
20241106_134600_726113724,-0.02327164
20241106_134600_971651754,-0.24916555
20241106_134601_234752357,-0.21295805
20241106_134601_483212463,-1.4471178
20241106_134601_736135985,0.05683171
20241106_134601_985016284,0.47605076
20241106_134602_236006393,0.13722412
20241106_134602_483148998,0.024526553
20241106_134602_743750122,0.040552117
20241106_134602_987823071,0.15598989
20241106_134603_234492889,0.15644108
20241106_134603_727448377,0.162419
20241106_134603_969787994,0.17369936
20241106_134604_231699965,0.5435197
20241106_134604_473603927,1.0364218
20241106_134604_742046099,0.33782232
20241106_134604_990751094,0.4122411
20241106_134605_241955454,0.85104495
20241106_134605_497466681,-0.27912405
20241106_134605_761452902,0.031368777
20241106_134605_997185601,-0.13614298
20241106_134606_254505297,-0.04749962
20241106_134606_498468177,-0.071797095
20241106_134606_750039468,-0.07681563
20241106_134606_979826231,-0.13301815
20241106_134607_230900475,0.0354791
20241106_134607_478170203,0.031297542
20241106_134607_728149762,-0.07057717
20241106_134607_984436112,-0.03976556
20241106_134608_236709711,0.04272262
20241106_134608_477616978,0.064484395
20241106_134608_726216757,0.04435817
20241106_134608_977038155,0.041345395
20241106_134609_233429228,0.031250454
20241106_134609_473383166,0.21836677
20241106_134609_723421530,0.14042561
20241106_134609_971003907,0.27079317
20241106_134610_477603592,0.19291954
20241106_134610_728660843,0.10198579
20241106_134610_978507760,-0.06503763
20241106_134611_234015132,0.049842454
20241106_134611_479928125,0.03658954
20241106_134611_730402559,0.084618725
20241106_134611_980053794,0.5488595
20241106_134612_244069649,-0.054357067
20241106_134612_489551399,-0.025724988
20241106_134612_733995932,-0.17077757
20241106_134612_979814377,0.010480354
20241106_134613_238418685,-0.06784483
20241106_134613_488780519,0.08467398
20241106_134613_735093943,0.0123988185
20241106_134613_977836122,-0.0375432
20241106_134614_473082677,-0.052103423
20241106_134614_730397736,-0.25942156
20241106_134614_973941784,-0.2252114
20241106_134615_226366833,-0.62593466
20241106_134615_472703376,-1.1813716
20241106_134615_735356323,0.366307
20241106_134615_989304901,-0.084432326
20241106_134616_233232122,-0.26048514
20241106_134616_471188907,-0.53280383
20241106_134616_731601359,-0.2870711
20241106_134616_975456112,-0.4270621
20241106_134617_225728128,-0.13425088
20241106_134617_469560510,-0.110891365
20241106_134617_719161626,0.003210524
20241106_134617_971654961,0.13271472
20241106_134618_221967570,0.020733515
20241106_134618_469128601,0.010492006
20241106_134618_716314874,-0.23187812
20241106_134619_217418691,-0.19542463
20241106_134619_468301314,-0.32860705
20241106_134619_725011224,-0.33637196
20241106_134619_981557374,-0.48471946
20241106_134620_241102494,-0.30429462
20241106_134620_735885737,-0.73817
20241106_134620_987394754,-1.3696607
20241106_134621_235287462,-0.38682815
20241106_134621_484664686,-0.49147865
20241106_134621_726862318,-0.8793051
20241106_134621_967743361,-0.3910918
20241106_134622_218963259,-0.037248276
20241106_134622_466228417,0.3431978
20241106_134622_720739407,0.28791952
20241106_134622_969619905,0.3580132
20241106_134623_218733607,0.2294753
20241106_134623_467671395,0.24169342
20241106_134623_715063843,0.27955467
20241106_134623_963295243,0.26786408
20241106_134624_219120997,0.24752568
20241106_134624_473764279,0.20039026
20241106_134624_718879756,-0.10899731
20241106_134624_965016931,-0.01768299
20241106_134625_222721258,-0.05526068
20241106_134625_975411779,0.004888693
20241106_134626_219769724,0.024537483
20241106_134626_467851853,0.202292
20241106_134626_718876754,0.30780092
20241106_134626_965391532,0.74986774
20241106_134627_223800428,0.3600509
20241106_134627_467203391,0.3179848
20241106_134627_722269881,0.336557
20241106_134627_972389389,0.89155966
20241106_134628_225294910,0.20452106
20241106_134628_480671433,0.23164783
20241106_134628_730710590,0.258992
20241106_134628_978652907,0.2620023
20241106_134629_237709531,0.28409457
20241106_134629_478471789,0.04661701
20241106_134629_725108999,0.13628171
20241106_134630_220024367,0.26585445
20241106_134630_467402937,1.212309
20241106_134630_716958939,0.091899075
20241106_134630_972922158,-0.04558327
20241106_134631_222829704,0.022424856
20241106_134631_472679787,0.07754407
20241106_134631_723801314,0.24258538
20241106_134631_970319534,1.0208961
20241106_134632_481444058,0.42540157
20241106_134632_725764932,0.3425038
20241106_134632_969814316,0.13768081
20241106_134633_223879980,0.13458864
20241106_134633_470244428,0.28322986
20241106_134633_724932913,0.603446
20241106_134633_970568810,0.6135498
20241106_134634_261932599,0.8894415
20241106_134634_473411069,0.11263464
20241106_134634_723444681,0.13679622
20241106_134634_968466710,-0.33296072
20241106_134635_219732174,-0.23014612
20241106_134635_468177345,-0.22215815
20241106_134635_719706458,-0.4214721
20241106_134635_968257138,-0.2171186
20241106_134636_221346189,-0.228067
20241106_134636_469263846,-0.8739502
20241106_134636_727473395,-0.72875154
20241106_134637_223876848,-0.46349543
20241106_134637_719051131,-0.38939637
20241106_134637_969733810,-0.08847431
20241106_134638_224027070,-0.2509415
20241106_134638_472811024,-0.19229765
20241106_134638_719707958,0.023595573
20241106_134638_969048349,-0.11140909
20241106_134639_221738747,0.56057733
20241106_134639_497573390,-0.07546493
20241106_134639_737469447,0.06285486
20241106_134639_986669239,-0.059258066
20241106_134640_237564323,-1.0080812
20241106_134640_477769112,-0.5393835
20241106_134640_726062904,-0.36898544
20241106_134640_977909938,-0.31146905
20241106_134641_481116838,-0.08766862
20241106_134641_724148795,0.19758603
20241106_134641_976158185,0.07609784
20241106_134642_227706230,-0.03855465
20241106_134642_472055001,-0.04194244
20241106_134642_720173962,-0.08182969
20241106_134642_968716608,-0.065219186
20241106_134643_221852058,-0.009670218
20241106_134643_470776306,0.043664016
20241106_134643_721622573,0.0117466245
20241106_134643_971303576,-0.045165382
20241106_134644_221022925,-0.046369277
20241106_134644_473347779,-0.042849325
20241106_134644_724830891,-0.13760711
20241106_134645_221897344,-0.15006305
20241106_134645_467151123,-0.32391617
20241106_134645_718377870,-0.27743617
20241106_134645_964494838,-0.2518836
20241106_134646_214504824,-0.21465422
20241106_134646_463748044,-0.19140743
20241106_134646_714290640,-0.16516449
20241106_134647_227811312,-0.31478173
20241106_134647_476936580,0.602826
20241106_134647_730090378,0.11480538
20241106_134647_974331705,0.45656398
20241106_134648_229026031,0.19544433
20241106_134648_479819167,0.25784922
20241106_134648_729679366,0.34285894
20241106_134648_976295480,0.6934429
20241106_134649_229713083,0.44111004
20241106_134649_474985931,0.3631984
20241106_134649_965633461,1.2914127
20241106_134650_219530920,-0.8475557
20241106_134650_469271271,-0.06667755
20241106_134650_724063900,-0.724025
20241106_134650_975536625,-0.22412725
20241106_134651_229210505,0.2658277
20241106_134651_473792833,0.64528364
20241106_134651_721678925,0.14428489
20241106_134651_969518362,-0.2372319
20241106_134652_224192891,-0.6203094
20241106_134652_467757202,-0.086184464
20241106_134652_716128070,-0.07094074
20241106_134652_969323445,-0.3964787
20241106_134653_223944990,-0.37785667
20241106_134653_467174359,-0.08356894
20241106_134653_718774128,-0.017421618
20241106_134653_967322691,0.1730527
20241106_134654_225181269,0.21055438
20241106_134654_474373098,0.1846683
20241106_134654_721073358,0.083325066
20241106_134654_966143251,-0.07036128
20241106_134655_220478536,0.07807348
20241106_134655_464681022,-0.11172565
20241106_134655_715255537,-0.34630904
20241106_134655_961537671,-0.3107134
20241106_134656_220440170,-0.35661227
20241106_134656_468145504,-1.5257249
20241106_134656_716766426,0.941801
20241106_134656_972846451,0.22062768
20241106_134657_221356463,0.63704026
20241106_134657_462238296,0.13349605
20241106_134657_712309469,1.236698
20241106_134657_965016934,0.04667507
20241106_134658_232644457,0.24371932
20241106_134658_472530315,0.1864062
20241106_134659_232876249,0.18848994
20241106_134659_488672513,-0.68426317
20241106_134659_737688137,1.1286439
20241106_134659_989983984,0.13704994
20241106_134700_236487762,-0.87310946
20241106_134700_483059666,-0.9550328
20241106_134700_729266821,-0.3671149
20241106_134700_975593890,-0.098276995
20241106_134701_230780315,-0.14919491
20241106_134701_472603612,-0.49875787
20241106_134701_721773795,-0.5864273
20241106_134701_970250276,-1.145346
20241106_134702_231255657,-0.38247052
20241106_134702_478796755,0.3103855
20241106_134702_725608219,0.4704878
20241106_134702_973426791,-0.10307759
20241106_134703_233754264,-0.8631415
20241106_134703_475853919,-0.34424317
20241106_134703_724276903,-0.25629684
20241106_134703_969134223,-0.38041818
20241106_134704_233624440,0.112914585
20241106_134704_482622502,0.71263534
20241106_134704_732040633,0.41333625
20241106_134704_989198404,0.50818735
20241106_134705_243400825,0.5329553
20241106_134705_488487127,0.44437027
20241106_134705_737789400,0.5519273
20241106_134705_979761549,0.4792401
20241106_134706_238638261,1.2647531
20241106_134706_489921973,-0.82121456
20241106_134706_739537815,-0.5171027
20241106_134706_986713149,-0.23578097
20241106_134707_233178695,-0.12263125
20241106_134707_737856532,0.14693253
20241106_134707_989400177,-0.06807176
20241106_134708_238896472,-0.0849944
20241106_134708_478606153,-0.051602982
20241106_134709_230871400,-0.13389392
20241106_134709_482895517,-0.27457336
20241106_134709_731063217,-0.23048411
20241106_134710_226735378,-0.20762359
20241106_134710_721712280,-0.06352278
20241106_134711_222864496,-0.15823378
20241106_134711_467523396,-0.045822073
20241106_134711_717493009,-0.11176028
20241106_134711_965521168,-0.07682773
20241106_134712_220946137,-1.4699327
20241106_134712_469693086,1.0092806
20241106_134712_725472885,0.3581518
20241106_134712_966740681,-0.64863956
20241106_134713_216092138,0.42553732
20241106_134713_467379817,0.27814993
20241106_134713_730763185,0.30037984
20241106_134713_967427670,0.5725837
20241106_134714_220360237,0.35344058
20241106_134714_469206154,0.13179891
20241106_134714_719165107,0.10969398
20241106_134714_968537763,0.081264295
20241106_134715_218813823,0.14078288
20241106_134715_471751677,0.18281965
20241106_134715_721783317,0.41089594
20241106_134715_968813279,0.6073699
20241106_134716_218969928,0.41213885
20241106_134716_467640045,0.08946619
20241106_134716_714330108,0.053567447
20241106_134716_966631383,0.16648208
20241106_134717_233077032,0.13795649
20241106_134717_464938914,0.12360398
20241106_134717_716908791,0.1148747
20241106_134717_975326297,0.38584098
20241106_134718_225024927,0.25805148
20241106_134718_475497875,0.21824609
20241106_134718_730006694,0.2260155
20241106_134718_974703690,0.15798949
20241106_134719_217994965,0.14145593
20241106_134719_723499321,0.1277095
20241106_134719_981442532,0.14575426
20241106_134720_226811788,0.5347559
20241106_134720_475201534,0.57452226
20241106_134720_729408241,0.29308313
20241106_134721_229720467,-0.22897299
20241106_134721_506961976,0.7195642
20241106_134721_749984062,1.4855
20241106_134721_999678795,-0.7110081
20241106_134722_246564490,-1.1834962
20241106_134722_484926417,-0.86922354
20241106_134722_730455249,-0.6675298
20241106_134723_488342834,-0.5569165
20241106_134723_741248075,-0.4428252
20241106_134723_987372223,-0.019957604
20241106_134724_241799511,-0.04980795
20241106_134724_487389560,-0.058328927
20241106_134724_735216198,-0.17379703
20241106_134724_970962181,-0.081978105
20241106_134725_229011714,-0.10712203
20241106_134725_471872094,-0.086258136
20241106_134725_723441935,0.1418934
20241106_134725_972662807,-0.01900979
20241106_134726_224293382,-0.14680453
20241106_134726_487751825,-0.08788016
20241106_134726_732212326,0.037676252
20241106_134726_973563811,-0.0075524654
20241106_134727_218290237,-0.012330672
20241106_134727_722721479,0.074314274
20241106_134727_975876802,0.0028078947
20241106_134728_230176493,-0.025217256
20241106_134728_483270551,-0.06509384
20241106_134728_745252160,-0.007198712
20241106_134729_246942111,-0.2663795
20241106_134729_738513278,-0.1674255
20241106_134729_993245941,-0.108269416
20241106_134730_239099790,-0.084250174
20241106_134730_481106778,-0.09110566
20241106_134730_735079344,0.020985207
20241106_134730_998165555,-0.082112454
20241106_134731_246755548,0.3361319
20241106_134731_486954236,0.1703366
20241106_134731_735553819,0.10689471
20241106_134731_978881634,0.081898905
20241106_134732_231819777,-0.0014886465
20241106_134732_482812347,-0.19845505
20241106_134732_728796318,-0.07385846
20241106_134732_980008530,-0.1327823
20241106_134733_234258825,-0.15608348
20241106_134733_482674676,-0.16214503
20241106_134733_730447216,-0.0068760123
20241106_134733_984048647,-0.046552084
20241106_134734_260127332,-0.065977715
20241106_134734_471623546,-0.0983785
20241106_134734_722050711,-0.18009706
20241106_134734_978691122,-0.0153969135
20241106_134735_229849040,0.23260127
20241106_134735_487605194,0.15124647
20241106_134735_732567255,0.033216037
20241106_134735_970352255,0.063667215
20241106_134736_739460202,-0.06988718
20241106_134736_983515518,-0.18311866
20241106_134737_224965959,-0.1889214
20241106_134737_725368334,-0.32742867
20241106_134737_980637966,-0.3000879
20241106_134738_226098387,-0.31421843
20241106_134738_478625619,-0.37927616
20241106_134738_730661586,-0.27607545
20241106_134738_974663493,-0.17348142
20241106_134739_228237620,-0.24208187
20241106_134739_970496519,-0.23253761
20241106_134740_219247563,-0.02434655
20241106_134740_470144843,0.14045803
20241106_134740_723498388,0.038426496
20241106_134740_974198959,-0.034998976
20241106_134741_219117013,-0.039327405
20241106_134741_471916709,-0.074023984
20241106_134741_720125676,-0.28652415
20241106_134741_965866895,-0.040653966
20241106_134742_221963313,-0.05144664
20241106_134742_475118050,-0.07385375
20241106_134742_975354286,-0.059699498
20241106_134743_227296340,0.000622252
20241106_134743_722814953,-0.0564157
20241106_134743_972899409,0.38917747
20241106_134744_222479420,0.6351826
20241106_134744_473247590,1.801116
20241106_134744_732325059,-0.175593
20241106_134744_980539028,-0.43774587
20241106_134745_254374584,-0.26727116
20241106_134745_493895380,-0.18224497
20241106_134745_737094023,-0.39181143
20241106_134745_979010141,-0.5094332
20241106_134746_233089170,-0.559228
20241106_134746_475791994,-0.3822167
20241106_134746_978109173,-0.32701558
20241106_134747_236323339,-0.43930948
20241106_134747_484354254,-0.36204475
20241106_134747_728290475,0.23154224
20241106_134747_975590774,0.47786346
20241106_134748_233297991,0.4930381
20241106_134748_483497943,0.5156723
20241106_134748_724092530,0.63263094
20241106_134748_971158971,1.0797943
20241106_134749_225831257,-0.6621602
20241106_134749_478251550,-0.28846833
20241106_134749_729628493,0.30646405
20241106_134749_972442710,-0.17869844
20241106_134750_232333152,0.13639884
20241106_134750_479284824,0.33951396
20241106_134750_731379042,0.47250953
20241106_134750_975200188,0.14406753
20241106_134751_230144662,-0.07089051
20241106_134751_477345304,0.012427131
20241106_134751_989531651,0.09166361
20241106_134752_723890266,0.076050736
20241106_134752_973717758,0.085737266
20241106_134753_222855776,0.007207671
20241106_134753_971565284,-0.15973027
20241106_134754_223442495,-0.009459039
20241106_134754_969654713,-0.021980306
20241106_134755_970027932,-0.018226048
20241106_134756_223279222,0.023710767
20241106_134756_476524456,0.1316166
20241106_134756_723924464,0.034143604
20241106_134756_972022820,-0.34115544
20241106_134757_228194630,-0.17983337
20241106_134757_472058752,-0.20147349
20241106_134757_729191427,-0.33713382
20241106_134757_971834797,-0.21377636
20241106_134758_227031403,-0.4214631
20241106_134758_471821712,-1.0926223
20241106_134758_739285521,0.18483974
20241106_134758_985005349,-0.16608359
20241106_134759_240126367,0.07538478
20241106_134759_487113139,-1.1961844
20241106_134759_742329097,-0.31340513
20241106_134759_982710954,-0.16387929
20241106_134800_239514856,0.056553423
20241106_134800_484053587,0.5184311
20241106_134800_735433400,0.43326208
20241106_134800_997571284,-0.28425536
20241106_134801_254195428,-0.13014871
20241106_134801_506433643,-0.16784593
20241106_134801_751985360,0.058125116
20241106_134801_986587725,-0.19644213
20241106_134802_244391642,-0.33586326
20241106_134802_489586961,-0.4645919
20241106_134802_737955749,-0.8100034
20241106_134802_988119706,-1.0254856
20241106_134803_236164951,0.34022278
20241106_134803_495354893,-0.18189164
20241106_134803_748394478,-0.34542617
20241106_134803_982303475,-0.24992569
20241106_134804_227439548,0.09104571
20241106_134804_479836028,0.06574855
20241106_134804_726861157,0.0017658863
20241106_134805_235217853,-0.028204998
20241106_134805_475092391,0.10031632
20241106_134805_724388193,0.15757905
20241106_134805_970280620,0.17918007
20241106_134806_230565582,0.40995723
20241106_134806_483407749,0.7012157
20241106_134806_728780351,0.19787867
20241106_134806_970343238,0.23528619
20241106_134807_225890856,0.064924456
20241106_134807_473361530,0.7811164
20241106_134807_723384598,0.5407223
20241106_134808_220402548,0.24574299
20241106_134808_472518271,0.24016635
20241106_134808_739438996,0.32573646
20241106_134808_998540648,0.30474377
20241106_134809_265054802,0.5483133
20241106_134809_508691889,-0.3984613
20241106_134809_773737825,0.3743734
20241106_134810_006062271,-0.060917474
20241106_134810_252972879,0.017661879
20241106_134810_510700974,-0.33925495
20241106_134810_745420041,-0.24037926
20241106_134810_988483611,-0.3307443
20241106_134811_236947680,-0.22912528
20241106_134811_482357937,-0.22021414
20241106_134811_727178196,-0.20391025
20241106_134812_224398554,-0.27693138
20241106_134812_471779373,-0.7706137
20241106_134812_726674297,-0.5985911
20241106_134812_972835231,-0.45969078
20241106_134814_221528692,-0.34095386
20241106_134814_474349714,-0.3284746
20241106_134814_733634816,-0.55031353
20241106_134814_988436685,-0.08568181
20241106_134815_234666257,-0.094287634
20241106_134815_484926888,-0.14265151
20241106_134815_728514431,-0.1055645
20241106_134815_971442341,-0.22691591
20241106_134816_232203701,-0.41888842
20241106_134816_470863681,-0.22439916
20241106_134816_739272769,-0.07837501
20241106_134816_978830656,-0.117001794
20241106_134817_227651778,0.48457572
20241106_134817_482350292,1.5497785
20241106_134817_728595207,0.4852375
20241106_134817_974480032,-0.07816204
20241106_134818_232134204,-0.54823685
20241106_134818_488585084,-0.30170184
20241106_134818_731205247,-0.25138816
20241106_134818_980025732,-0.092755996
20241106_134819_233169837,-0.16453077
20241106_134819_473567718,-0.1622137
20241106_134819_731257595,-0.17782588
20241106_134820_231910726,-0.13045259
20241106_134820_485585080,-0.11440518
20241106_134820_729820460,-0.20981194
20241106_134821_223007429,-0.23935713
20241106_134821_477410460,-0.2672533
20241106_134821_731145771,-0.3391713
20241106_134822_222900550,0.3538767
20241106_134822_472521822,0.08526295
20241106_134822_723669994,-0.055065833
20241106_134822_971977616,-0.08963492
20241106_134823_228383791,-0.15787376
20241106_134823_730276492,0.06494946
20241106_134824_235357015,-0.0077831354
20241106_134824_496335048,-0.24132316
20241106_134824_735715278,-1.16071
20241106_134824_982731352,-1.0635967
20241106_134825_231328196,-0.98153025
20241106_134825_483860775,-1.0746052
20241106_134825_738957861,-0.17434861
20241106_134825_978330960,0.44459644
20241106_134826_225285905,0.39198145
20241106_134826_476577932,0.26551637
20241106_134826_719900223,0.16213225
20241106_134826_971032054,0.4538985
20241106_134827_226531144,0.15367918
20241106_134827_468473162,0.08593462
20241106_134827_728581847,-0.32532045
20241106_134827_986192693,-0.46112424
20241106_134828_232936473,-0.7103435
20241106_134828_474897992,-0.3327938
20241106_134828_720240718,-0.611919
20241106_134828_965007314,-0.41097066
20241106_134829_470516113,-0.383746
20241106_134829_718488967,0.3996537
20241106_134829_969184661,-0.049671814
20241106_134830_220802367,-0.120057665
20241106_134830_475995220,-0.2568917
20241106_134830_722716819,-0.25090447
20241106_134830_971085804,-0.100440644
20241106_134831_749646885,-0.37569016
20241106_134831_992397729,-0.38985875
20241106_134832_481720601,-0.3208632
20241106_134832_723392701,-0.37807414
20241106_134832_968843071,-0.2758002
20241106_134833_224892172,0.14067905
20241106_134833_471572409,0.26611257
20241106_134833_723737881,0.4998696
20241106_134833_975410219,0.3025362
20241106_134834_251263479,-0.67543286
20241106_134834_474541150,-0.60018927
20241106_134834_724028869,0.8317066
20241106_134834_973992311,-0.062450312
20241106_134835_235060317,0.08366046
20241106_134835_478790834,0.06522135
20241106_134835_721814034,0.20071362
20241106_134835_974074164,-0.039394103
20241106_134836_730161278,0.038155176
20241106_134836_972209617,0.10040287
20241106_134837_965880605,0.10239575
20241106_134838_216521254,0.2560105
20241106_134838_465064599,0.006562451
20241106_134838_965692704,0.066295184
20241106_134839_218151043,0.032266475
20241106_134839_462104689,0.009616235
20241106_134839_717411715,-0.07721182
20241106_134839_966127118,-0.016057631
20241106_134840_218725364,-0.031784676
20241106_134840_472015762,0.042951442
20241106_134840_727979906,0.0006642733
20241106_134840_970472679,-0.1958536
20241106_134841_220290835,-1.759428
20241106_134841_483496906,0.6413871
20241106_134841_729066292,0.09599189
20241106_134841_986691472,0.16796254
20241106_134842_234592255,0.21528052
20241106_134842_474901885,0.23317473
20241106_134842_973602392,0.21960418
20241106_134843_228527120,0.44766858
20241106_134843_482229105,1.1799097
20241106_134843_733543706,0.53517306
20241106_134844_719033964,0.086435355
20241106_134844_969318439,0.17976569
20241106_134845_218909252,0.0761523
20241106_134845_963911811,0.6662159
20241106_134846_216169171,0.53297544
20241106_134846_467596469,0.5377022
20241106_134846_728251806,0.97310203
20241106_134846_974957351,0.27750883
20241106_134847_233848003,-0.6399129
20241106_134847_494133689,-0.35058945
20241106_134847_737493518,-0.5001865
20241106_134847_974987160,-0.6404318
20241106_134848_226172873,-0.6577919
20241106_134848_476516869,-0.18811972
20241106_134848_737031234,0.39921027
20241106_134848_989739929,1.4069463
20241106_134849_236427906,0.9833717
20241106_134849_474899673,1.6358389
20241106_134849_723519664,-0.8849973
20241106_134849_975902327,-0.86963934
20241106_134850_229934478,-1.3149506
20241106_134850_470559405,-0.30340356
20241106_134850_721399446,-0.6757735
20241106_134850_968280550,-0.58327687
20241106_134851_235970020,-0.017902935
20241106_134851_474937390,-0.7578329
20241106_134851_721585261,0.50617665
20241106_134851_969820417,0.5399657
20241106_134852_223201302,0.51086134
20241106_134852_474774028,0.54573476
20241106_134852_725065117,1.0143751
20241106_134852_973446045,0.7286925
20241106_134853_229937662,0.059831955
20241106_134853_474510265,0.0037024505
20241106_134853_728062215,-0.8369217
20241106_134853_973728780,-0.73381007
20241106_134854_227775600,-0.1862068
20241106_134854_468641230,-0.059192866
20241106_134854_720856093,-0.13480312
20241106_134854_975950265,-0.5135107
20241106_134855_222285534,-0.65513694
20241106_134855_468329339,-0.53654474
20241106_134855_723765045,-0.33746833
20241106_134856_468587993,-0.39272347
20241106_134857_474361181,-0.47498667
20241106_134857_725470302,-0.6067347
20241106_134857_990776851,-0.47182414
20241106_134858_233578299,-0.4360156
20241106_134858_472679627,-0.37772658
20241106_134858_727791102,-0.4026036
20241106_134859_226548656,-0.6046929
20241106_134859_471862795,-0.8702684
20241106_134859_725942167,-0.7636453
20241106_134859_972462989,-1.2766947
20241106_134900_227640008,-1.0857723
20241106_134900_473778588,-0.724112
20241106_134900_734174659,-0.7379988
20241106_134900_981834254,-0.5966877
20241106_134901_230463053,-0.5123259
20241106_134901_728487611,-0.4076339
20241106_134901_978537685,-0.23147829
20241106_134902_227123345,-0.06356173
20241106_134902_479793139,0.008980406
20241106_134902_966889251,-0.008076424
20241106_134903_222357885,-0.096965395
20241106_134903_468932310,-0.0644178
20241106_134903_970767015,-0.017330429
20241106_134904_225206197,-0.1180984
20241106_134904_468568236,1.053983
20241106_134904_725002499,0.17930458
20241106_134904_971508393,0.14393382
20241106_134905_218786375,0.75446045
20241106_134905_475449060,0.8449222
20241106_134905_734093157,0.61240166
20241106_134906_233971772,0.483771
20241106_134906_472115739,0.14338572
20241106_134906_726702644,0.26599833
20241106_134906_974491257,0.24084984
20241106_134907_227222466,0.68033284
20241106_134907_472792893,0.83085155
20241106_134907_722218942,0.71758634
20241106_134907_970463583,0.2869828
20241106_134908_225570854,0.8393984
20241106_134908_467028553,0.2549892
20241106_134908_717764131,0.34582397
20241106_134909_969144507,0.51551163
20241106_134910_218020250,1.0440067
20241106_134910_721839810,0.47769484
20241106_134910_966230612,0.24822788
20241106_134911_461691177,0.039561667
20241106_134911_714264215,-0.07380583
20241106_134911_961998531,0.04722119
20241106_134912_218406592,-0.021540126
20241106_134913_224692627,-0.109936826
20241106_134913_717845640,-0.05799105
20241106_134913_962925076,0.18818425
20241106_134914_218686240,0.3648392
20241106_134914_469705805,0.25166917
20241106_134914_737919733,0.24548636
20241106_134914_975859273,0.21631674
20241106_134915_223553453,0.22696693
20241106_134915_474500983,0.20844497
20241106_134915_730107428,0.3413827
20241106_134915_972051513,0.5089524
20241106_134916_219337476,0.7536161
20241106_134916_470518317,1.281911
20241106_134916_727630028,1.8465145
20241106_134916_974428577,-0.5094044
20241106_134917_232857582,-0.2791886
20241106_134917_478244306,0.048919283
20241106_134917_731638294,0.0051503796
20241106_134917_982205220,0.11685506
20241106_134918_235082104,-0.013444452
20241106_134918_497884163,-0.043157995
20241106_134918_746361100,-0.12505098
20241106_134918_977371656,0.3742744
20241106_134919_225286913,0.35704452
20241106_134919_471878411,0.0849154
20241106_134919_732614809,0.3181712
20241106_134919_968374072,0.26466724
20241106_134920_223339388,0.41358846
20241106_134920_477029976,0.45701396
20241106_134920_725545975,0.09164347
20241106_134920_973128040,0.39239922
20241106_134921_223714121,0.43125367
20241106_134921_473269136,0.5883706
20241106_134921_737060170,0.74982667
20241106_134921_970406546,0.47387335
20241106_134922_220780588,0.3919037
20241106_134922_467828258,0.110385545
20241106_134922_723984247,0.06175492
20241106_134922_971030925,0.29234195
20241106_134923_220890945,0.41912955
20241106_134923_479631112,0.2924983
20241106_134923_722262149,0.37344155
20241106_134924_231110892,0.28881463
20241106_134924_474007682,0.29752958
20241106_134924_724956243,0.36735713
20241106_134924_974430521,0.32258067
20241106_134925_222720376,0.24718632
20241106_134926_225157000,0.3535033
20241106_134926_475687306,0.12844728
20241106_134926_726428833,0.19157417
20241106_134928_226358887,0.06021391
20241106_134928_474862547,-0.041529857
20241106_134928_735664871,0.070920385
20241106_134928_972748500,-0.3668177
20241106_134929_223549463,0.025979323
20241106_134929_472469820,-0.013087591
20241106_134929_715118099,-0.44437444
20241106_134929_965048389,-0.42006722
20241106_134930_217158628,-0.2427768
20241106_134930_468875272,-0.28649083
20241106_134930_725427753,-0.43839258
20241106_134930_970518749,-0.43297774
20241106_134931_222206083,-0.32488474
20241106_134931_471140681,-0.30986938
20241106_134932_216414299,-0.32463905
20241106_134932_472065251,-0.46681663
20241106_134932_723675011,-0.35280246
20241106_134932_983513534,-0.45607033
20241106_134933_233571297,-0.67857367
20241106_134933_488671559,-0.38759735
20241106_134933_735551335,-0.3563514
20241106_134934_236215718,-0.21835099
20241106_134934_467603733,-0.23896883
20241106_134935_217235989,-0.23263942
20241106_134935_715547287,-0.23218636
20241106_134936_214364921,-0.23040958
20241106_134936_712007843,-0.24442579
20241106_134937_218447706,-0.279156
20241106_134938_211423912,-0.21686421
20241106_134938_468563073,-0.7428291
20241106_134938_716191775,-0.35249606
20241106_134939_214735530,-0.49999896
20241106_134939_463799363,-0.36743572
20241106_134940_462377539,-0.5545055
20241106_134940_961899768,-0.45027754
20241106_134941_219458422,-0.5190772
20241106_134941_473300299,-0.5261689
20241106_134941_717928167,-0.24957915
20241106_134941_974571735,-0.28812146
20241106_134942_227890187,-0.29886428
20241106_134943_469946247,-0.4234667
20241106_134943_717705597,-0.47242677
20241106_134943_963202633,-0.37685335
20241106_134944_226283393,-0.4255545
20241106_134944_480482965,-0.09675615
20241106_134944_972516664,-0.15853442
20241106_134945_224625928,-0.45344067
20241106_134945_467027054,-0.50647515
20241106_134945_717547446,-0.4719323
20241106_134945_964674575,-0.3331431
20241106_134946_212845819,-0.4939616
20241106_134946_461313800,-0.36438653
20241106_134946_967835404,-0.3288546
20241106_134947_221494796,-0.21814986
20241106_134947_469363061,-0.0033371542
20241106_134947_720154456,-0.0021034684
20241106_134947_970122682,-0.049992584
20241106_134948_216297136,-0.31388643
20241106_134948_716859339,-0.30486476
20241106_134948_967901164,0.03378254
20241106_134949_221320459,-0.045281976
20241106_134949_968413833,-0.04319211
20241106_134950_215271710,-0.024480483
20241106_134950_719521506,0.07603834
20241106_134950_963580553,0.4587012
20241106_134951_219249094,0.107623614
20241106_134951_463079076,0.38708147
20241106_134952_976358993,0.2199115
20241106_134953_220373534,0.21602619
20241106_134953_466696691,0.26643783
20241106_134953_726776245,0.20744999
20241106_134953_965031109,0.04621116
20241106_134954_214197066,-0.0074508395
20241106_134954_460442151,0.09426115
20241106_134954_714264833,0.06888036
20241106_134954_966284736,0.25896657
20241106_134955_224056609,0.2728325
20241106_134955_466293825,0.12210623
20241106_134955_719953894,0.14931558
20241106_134955_964426124,0.037512578
20241106_134956_218309410,-0.15606444
20241106_134956_466913230,-0.023830315
20241106_134956_720324377,0.00052897073
20241106_134957_215678851,-0.1738021
20241106_134957_467656470,-0.13791467
20241106_134957_720432916,-0.08025005
20241106_134957_966092427,-0.46864545
20241106_134958_219672928,-0.15463795
20241106_134958_464276253,0.2674237
20241106_134958_722361958,0.20581234
20241106_134958_972106313,0.32993412
20241106_134959_237805291,0.4883056
20241106_134959_475512154,0.25416875
20241106_134959_731813906,0.04705262
20241106_134959_975375578,-0.07219329
20241106_135000_470045131,0.33674014
20241106_135000_724051351,0.45744953
20241106_135000_978045830,0.38164982
20241106_135001_243711242,0.6989658
20241106_135001_507421321,1.0023223
20241106_135001_746019203,-0.4991137
20241106_135001_996378802,0.055497497
20241106_135002_246848642,-0.11493484
20241106_135002_491657560,-0.34410647
20241106_135002_751490478,-0.29954112
20241106_135003_744813052,-0.15439223
20241106_135003_985737813,-0.030973678
20241106_135004_748991608,-0.07217326
20241106_135004_995338227,-0.21420576
20241106_135005_245684099,-0.4367173
20241106_135005_484931553,-1.0080372
20241106_135005_736356885,-0.17771254
20241106_135006_233261435,-0.23970775
20241106_135006_483477583,-0.15406121
20241106_135006_725888474,-0.14017297
20241106_135006_974354896,-0.12412163
20241106_135007_485104938,-0.1426353
20241106_135007_732052232,-0.08813753
20241106_135008_241693353,-0.19324179
20241106_135008_471037153,-0.1419111
20241106_135008_731950323,0.052995525
20241106_135009_238923721,-0.07687106
20241106_135009_482899298,-0.07882338
20241106_135009_976143991,-0.023398837
20241106_135010_231880527,0.2196367
20241106_135010_481416173,0.18558167
20241106_135010_730677778,0.1283863
20241106_135010_976936417,0.085891016
20241106_135011_234555006,0.007096449
20241106_135012_232230793,-0.00017400645
20241106_135012_483428145,0.037648298
20241106_135012_732640890,0.00729678
20241106_135012_977366657,-0.0128402915
20241106_135013_239192636,-0.27659342
20241106_135013_477350830,-0.124221765
20241106_135013_726876811,-0.14655225
20241106_135013_978722021,-0.21572615
20241106_135014_224149622,-0.24205871
20241106_135014_473911544,-0.34277958
20241106_135014_735500268,-0.62319696
20241106_135014_980319651,0.31123438
20241106_135015_230989371,-0.049247228
20241106_135015_469398647,-0.024371704
20241106_135015_724413755,-0.10345539
20241106_135015_967966929,0.023660103
20241106_135016_224400179,0.014753142
20241106_135016_465966317,0.05422429
20241106_135016_718171747,0.2370856
20241106_135016_966272750,0.079263665
20241106_135017_226740710,-0.03485795
20241106_135017_470236072,-0.040615283
20241106_135017_723334938,0.019116798
20241106_135017_969189409,0.023682335
20241106_135018_222354359,0.029439071
20241106_135018_465218573,0.16360848
20241106_135018_717000846,-0.07609
20241106_135019_717737962,-0.1288838
20241106_135020_222996721,-0.34831518
20241106_135020_478689110,-0.15599032
20241106_135021_231227561,0.97973126
20241106_135021_480238648,1.0257943
20241106_135021_734794932,0.020693818
20241106_135021_985794846,-0.33399153
20241106_135022_247825747,-0.17761342
20241106_135022_494018619,-0.08562883
20241106_135022_734240995,-0.07772388
20241106_135022_971972563,0.09863696
20241106_135023_222584245,-0.001652142
20241106_135023_480664909,-0.046901368
20241106_135023_729086694,-0.029128572
20241106_135024_472758085,-0.05787184
20241106_135024_724122846,0.028427193
20241106_135024_980548888,-0.0034981575
20241106_135025_243885828,-0.06640231
20241106_135025_728412514,-0.05389013
20241106_135026_716699909,-0.098744534
20241106_135026_968393690,-0.056710146
20241106_135028_217517596,-0.071283184
20241106_135028_472129225,-0.32056615
20241106_135028_724185395,-0.7654499
20241106_135028_968511847,-0.28886148
20241106_135029_226838472,-0.25607538
20241106_135029_478663424,-0.34145597
20241106_135029_728637587,-0.5462429
20241106_135030_229000256,-0.35028562
20241106_135030_475910954,-0.34172264
20241106_135030_731494389,-0.3916766
20241106_135031_469293920,-0.31526417
20241106_135031_965740204,-0.2615812
20241106_135032_460285273,-0.25544146
20241106_135032_716969886,-0.22978432
20241106_135033_461054193,-0.26371837
20241106_135033_716715262,-0.21286811
20241106_135034_254451488,-0.19618006
20241106_135034_467294775,-0.1881683
20241106_135034_718359340,-0.09099402
20241106_135034_965624896,-0.15938266
20241106_135035_730889348,-0.15127765
20241106_135035_975418936,-0.16596295
20241106_135036_715842611,-0.47216165
20241106_135037_222510827,-0.6367984
20241106_135037_719246382,-0.7981592
20241106_135037_964598967,-0.41944948
20241106_135038_221938127,-0.37274626
20241106_135038_470590225,-0.678543
20241106_135038_720637638,-1.0543659
20241106_135038_964595996,-0.92805797
20241106_135039_215915572,-1.3604046
20241106_135039_465222446,0.22683774
20241106_135039_722991082,0.00087813474
20241106_135039_963502021,0.2920073
20241106_135040_212455203,0.43690163
20241106_135040_466748330,1.1719607
20241106_135040_717778275,0.6454115
20241106_135040_970604210,0.32764125
20241106_135041_466096283,0.41486365
20241106_135041_713917487,0.27533057
20241106_135041_966316644,0.3412295
20241106_135042_213901313,0.29823473
20241106_135042_964884070,0.37403467
20241106_135043_217489755,0.118360825
20241106_135043_473054555,-0.013253173
20241106_135043_727132241,0.14152156
20241106_135043_969432802,0.13239197
20241106_135044_223136475,0.03374473
20241106_135044_473379719,0.006761113
20241106_135044_724527506,-0.09178402
20241106_135044_975060364,-0.35842857
20241106_135045_232097977,-0.38015142
20241106_135045_478254071,-0.3145372
20241106_135045_733194132,-1.2702416
20241106_135045_978545847,-0.71688
20241106_135046_220226131,0.08073684
20241106_135046_475507541,-0.041775487
20241106_135047_714578985,0.587593
20241106_135047_962441458,0.30406877
20241106_135048_219038505,0.21197377
20241106_135048_464418684,0.32484427
20241106_135048_714260251,0.15201168
20241106_135048_960016651,0.09375707
20241106_135049_215186750,0.19111441
20241106_135049_459951229,-0.08656099
20241106_135049_716506880,-0.08484288
20241106_135049_964117065,-0.028339943
20241106_135050_213051751,-0.34195393
20241106_135050_460867720,-0.5000383
20241106_135050_719309025,-0.19184048
20241106_135050_974851779,-0.039538465
20241106_135051_223867309,-0.2583333
20241106_135051_464483083,-0.19971706
20241106_135051_958861987,-0.21686412
20241106_135052_217547890,-0.32145813
20241106_135052_472614549,-0.24813677
20241106_135052_716061439,-0.08651783
20241106_135052_968259188,-0.03808727
20241106_135053_217130610,-0.08145895
20241106_135053_461246841,-0.12353226
20241106_135053_713671012,0.34633762
20241106_135053_959367254,0.96242535
20241106_135054_217059955,0.35355505
20241106_135054_464318063,0.3939419
20241106_135054_720679874,0.7770116
20241106_135054_969127963,1.3349346
20241106_135055_220651276,1.2844963
20241106_135055_460771270,0.3118541
20241106_135055_714140553,-0.4219987
20241106_135055_959099449,-0.312562
20241106_135056_214424209,-0.609546
20241106_135056_460314688,-0.19255793
20241106_135056_720482491,-0.28209898
20241106_135056_966140547,-0.44233257
20241106_135057_218214917,-0.4392164
20241106_135057_470809210,-0.36819777
20241106_135057_717381186,-0.58949816
20241106_135057_971432774,-0.8249958
20241106_135058_223046499,-0.12723169
20241106_135058_467124340,-0.17048015
20241106_135058_723724190,-0.20535384
20241106_135058_964546342,0.41145122
20241106_135059_230391415,0.36485127
20241106_135059_471175880,0.45743117
20241106_135059_730908032,0.15956531
20241106_135059_983624647,0.16588609
20241106_135100_230041745,0.12075911
20241106_135100_474310737,0.074883796
20241106_135100_736484028,0.05569414
20241106_135101_234376394,-1.2506683
20241106_135101_483405894,-0.9654385
20241106_135101_734484391,-0.3312028
20241106_135101_983561659,-0.21358736
20241106_135102_234918480,0.002907047
20241106_135102_491167044,-0.09817263
20241106_135102_738513007,0.21243587
20241106_135102_983366793,0.55625826
20241106_135103_232338946,0.23985903
20241106_135103_472106830,0.1340411
20241106_135103_724480889,0.15757622
20241106_135103_967254394,0.07250873
20241106_135104_223255257,0.020457724
20241106_135104_467089919,-0.09212162
20241106_135104_725782355,-0.11100098
20241106_135104_970754060,-0.6344277
20241106_135105_225066412,-0.36528307
20241106_135105_471558628,-0.17336972
20241106_135105_730555566,0.24519692
20241106_135105_975393000,2.0128777
20241106_135106_232442619,-0.912859
20241106_135106_481133454,-0.36730906
20241106_135106_730372550,-0.25575483
20241106_135106_977552884,0.58207643
20241106_135107_232291801,0.27869248
20241106_135107_470602947,-0.24252297
20241106_135107_718748400,-0.044795357
20241106_135107_963384616,0.11686296
20241106_135108_221527336,0.14747958
20241106_135108_467096565,-0.06233021
20241106_135108_718118860,0.07422917
20241106_135108_971333449,0.2504542
20241106_135109_228023904,0.2996272
20241106_135109_473900142,1.4393425
20241106_135109_718003618,0.6866183
20241106_135109_971526478,0.07028297
20241106_135110_216796293,-0.035180353
20241106_135110_474734046,0.12987255
20241106_135110_730633783,0.09596143
20241106_135110_981458770,0.12624998
20241106_135111_226697649,0.33738956
20241106_135111_474890095,0.59430176
20241106_135111_726907949,0.43897676
20241106_135111_968948278,0.42228213
20241106_135112_219232660,0.44523898
20241106_135112_466715807,0.9299064
20241106_135112_971410794,0.6062144
20241106_135113_224057852,0.75501615
20241106_135113_467740319,1.1100136
20241106_135113_720837732,-0.25883815
20241106_135113_972823213,-0.1563483
20241106_135114_218197462,-0.070618115
20241106_135114_464980800,0.19375771
20241106_135114_720695639,0.38464537
20241106_135114_962971428,0.12894085
20241106_135115_224883655,0.15577404
20241106_135115_480566355,-0.07109126
20241106_135115_722910592,0.46963373
20241106_135115_976712168,0.4624863
20241106_135116_223187620,0.3860136
20241106_135116_473783726,0.48439685
20241106_135117_473853852,0.6433704
20241106_135117_722764480,1.5349929
20241106_135117_967455667,1.8435235
20241106_135118_220838652,1.0941781
20241106_135118_467068618,1.0501263
20241106_135118_718359547,0.6425203
20241106_135118_971077889,0.27775136
20241106_135119_223241549,0.4286016
20241106_135119_462275567,0.4604682
20241106_135119_715925307,0.4024201
20241106_135119_965422318,0.8507338
20241106_135120_217347727,0.5802107
20241106_135120_476160345,0.2742701
20241106_135120_727832447,0.29329723
20241106_135120_976750052,1.0656999
20241106_135121_223133852,1.1750135
20241106_135121_462791911,0.79084593
20241106_135121_718351442,0.75626206
20241106_135121_961571087,0.71888447
20241106_135122_220498786,0.6329222
20241106_135122_474181528,0.4125866
20241106_135122_716195961,0.4968764
20241106_135122_963185056,1.0179843
20241106_135123_214312532,0.8671151
20241106_135123_469296916,1.3734481
20241106_135124_468325862,0.88180393
20241106_135124_720310672,0.22761567
20241106_135124_967444727,-0.34533826
20241106_135125_219194873,-0.026801785
20241106_135125_468483664,0.2929144
20241106_135125_724017837,0.10920555
20241106_135125_973945755,0.036503352
20241106_135126_220511756,0.06702084
20241106_135126_468152806,0.12791722
20241106_135126_723146647,0.08383811
20241106_135127_466212953,0.029192725
20241106_135127_720010299,0.022688428
20241106_135127_965578286,0.18007423
20241106_135128_214142971,0.20994939
20241106_135128_466453987,0.18648581
20241106_135128_724628785,0.1296439
20241106_135128_973119941,0.07081089
20241106_135129_217379879,0.00947533
20241106_135129_462840115,-0.048501752
20241106_135129_712966319,-0.01932486
20241106_135129_961409984,-0.005338749
20241106_135130_214972994,-0.041325174
20241106_135130_468178282,-0.29830047
20241106_135130_720557012,0.47133693
20241106_135130_966459324,-0.19432725
20241106_135131_230247763,-0.22480698
20241106_135131_470920104,0.05670605
20241106_135131_722072122,0.02088664
20241106_135131_968113955,0.022873381
20241106_135132_218107575,-0.7122806
20241106_135132_474782510,-0.8397779
20241106_135132_725551280,-0.24113204
20241106_135132_969167475,-0.08480479
20241106_135133_221153453,-0.22803216
20241106_135133_467915604,-0.27639255
20241106_135134_719422675,-0.27522448
20241106_135134_966586280,-0.48014727
20241106_135135_223161377,-0.37560618
20241106_135135_468404416,-0.33915418
20241106_135135_720330839,-0.3249726
20241106_135135_970806310,-0.28928295
20241106_135136_221598044,-0.36203855
20241106_135136_465429000,-0.45926705
20241106_135136_723115200,-0.38808313
20241106_135136_977207800,-0.017027212
20241106_135137_229106066,0.2493263
20241106_135137_486461446,0.3289777
20241106_135137_727300065,0.5856856
20241106_135137_978760268,0.77791494
20241106_135138_229607957,0.3922533
20241106_135138_477384939,0.38041076
20241106_135138_718782468,0.28026208
20241106_135139_221413264,0.26336038
20241106_135139_473453382,0.038113333
20241106_135139_719683816,-0.39514676
20241106_135139_972928595,-0.3260264
20241106_135140_224008960,-0.14202623
20241106_135140_467263803,-0.11993461
20241106_135140_969278516,-0.10213258
20241106_135141_222157426,-0.1881644
20241106_135141_468592929,-0.18206693
20241106_135141_971633193,-0.20791341
20241106_135142_224321105,-0.578118
20241106_135142_459764532,-0.349301
20241106_135142_718679240,-0.3573779
20241106_135143_221097644,-0.45359436
20241106_135143_964965087,-0.35860577
20241106_135145_717546106,-0.48268253
20241106_135145_965119764,-0.5191863
20241106_135146_712703196,-0.3885258
20241106_135146_963029481,-0.4089853
20241106_135147_213770277,-0.43876985
20241106_135147_463427384,-0.761452
20241106_135147_714565186,0.35792825
20241106_135147_970547711,-0.096122764
20241106_135148_223453086,-0.15240021
20241106_135148_470219172,-0.052327655
20241106_135148_715678005,-0.013171634
20241106_135149_709904490,-0.08089193
20241106_135150_222790969,-0.09525367
20241106_135150_477533454,-0.060159467
20241106_135150_724895894,-0.24817212
20241106_135150_971232588,-0.00027753972
20241106_135151_224642607,-0.18399386
20241106_135151_473110357,-0.15338774
20241106_135152_220002059,-0.06299134
20241106_135152_712008164,0.023777703
20241106_135153_216775572,-0.054409526
20241106_135153_467050089,-0.20336016
20241106_135153_724583368,-0.14869614
20241106_135154_722534497,-0.09209146
20241106_135154_964453286,-0.0657626
20241106_135155_218076627,-0.121649586
20241106_135155_468399222,-0.10323479
20241106_135155_718854671,-0.048273228
20241106_135155_984842049,-0.004184803
20241106_135156_230913692,0.05338321
20241106_135156_470942698,0.020076314
20241106_135156_721945600,0.005144993
20241106_135157_231107870,-0.018669566
20241106_135157_478874756,-0.08285489
20241106_135157_734363425,-0.090885244
20241106_135157_976889967,-0.4358721
20241106_135158_220198919,-0.15848945
20241106_135158_471562393,0.13366506
20241106_135158_718539336,0.44491878
20241106_135158_964629995,-0.56514513
20241106_135159_214366956,-0.38593432
20241106_135159_460093743,-0.5469621
20241106_135159_714153690,-0.31458887
20241106_135159_965621106,-0.2547812
20241106_135200_222432862,-0.36580256
20241106_135200_469892417,-0.43393007
20241106_135200_729501255,0.9698972
20241106_135200_984119792,0.15540837
20241106_135201_228354775,0.08501045
20241106_135201_476361199,-0.02480652
20241106_135201_738563202,-0.13835533
20241106_135201_979610574,-0.38880986
20241106_135202_230349572,-0.24250521
20241106_135202_463710703,-0.11372795
20241106_135202_715604292,-0.034589253
20241106_135203_222038869,-0.05811324
20241106_135203_721350275,-0.19811423
20241106_135203_975633927,-0.46504828
20241106_135204_239637004,0.05311013
20241106_135204_501215611,-0.32968882
20241106_135204_781128374,-1.1358995
20241106_135205_037381962,0.8406835
20241106_135205_275751094,0.30341467
20241106_135205_503729162,-0.17594275
20241106_135205_747570285,1.102949
20241106_135205_984020180,0.48046395
20241106_135206_245604645,0.46573737
20241106_135206_476112885,0.33184263
20241106_135206_733238716,-0.52074295
20241106_135206_990358585,-0.37664536
20241106_135207_231627645,-0.4330253
20241106_135207_485285555,-0.0062491708
20241106_135207_727664968,0.49646774
20241106_135207_971324993,0.42637616
20241106_135208_227793528,0.76659524
20241106_135208_472216673,0.59223336
20241106_135208_721757060,0.525036
20241106_135208_969170292,0.26403013
20241106_135209_221565479,0.3692175
20241106_135209_469842082,0.27479577
20241106_135209_735686784,0.16865508
20241106_135209_981276270,0.32765543
20241106_135210_223793488,0.23096769
20241106_135210_473710440,0.23673002
20241106_135210_723702754,0.12743841
20241106_135210_967007356,0.135926
20241106_135211_224656387,0.14086656
20241106_135211_476439502,0.15999232
20241106_135211_737922578,0.11797879
20241106_135211_978960109,0.12023691
20241106_135212_226347582,0.12861495
20241106_135212_724232734,-0.02697291
20241106_135212_972439961,0.0372513
20241106_135213_220306291,0.059842624
20241106_135213_478306691,0.005971113
20241106_135213_731271005,-0.31777462
20241106_135213_974294204,-0.8439447
20241106_135214_233441318,-0.5961626
20241106_135214_479931938,-0.9604228
20241106_135214_727489248,-1.4043787
20241106_135214_970645246,0.572676
20241106_135215_221587063,0.3046985
20241106_135215_464337556,0.22663133
20241106_135215_724409082,0.34280506
20241106_135215_969450731,0.42548755
20241106_135216_223261607,0.38354552
20241106_135216_472415205,0.38559353
20241106_135216_716156907,0.40901244
20241106_135216_962359178,0.58593124
20241106_135217_218858082,0.9044359
20241106_135217_465420774,1.4575776
20241106_135217_717727331,-0.09884784
20241106_135217_976418360,1.3183872
20241106_135218_232929949,1.2813467
20241106_135218_483707835,1.5268015
20241106_135218_726917248,-0.5174619
20241106_135218_971273421,0.48790368
20241106_135219_218717232,0.13172045
20241106_135219_468326807,0.07444799
20241106_135219_723203751,0.699428
20241106_135219_967068043,0.5516115
20241106_135220_219040315,0.09729969
20241106_135220_470336346,0.39309883
20241106_135220_714973944,0.10178765
20241106_135220_967192550,-0.20806186
20241106_135221_216196662,-0.68417686
20241106_135221_466277851,-0.95938236
20241106_135221_715456966,-0.5996875
20241106_135221_965605387,-0.18569458
20241106_135222_216274867,-0.6794886
20241106_135222_462430623,-0.43344006
20241106_135222_712890009,-0.4284632
20241106_135223_213358652,-0.5247405
20241106_135223_461488066,0.48812893
20241106_135223_713458832,-0.25767598
20241106_135223_963461095,-0.02057906
20241106_135224_220382070,0.035119988
20241106_135224_468824427,-0.62093383
20241106_135224_725130848,-0.16875504
20241106_135225_714588521,-0.19142394
20241106_135225_965386897,0.007379895
20241106_135226_216437512,-0.07817486
20241106_135226_963285464,-0.022443196
20241106_135227_462856824,0.3272357
20241106_135227_714322336,-0.7222235
20241106_135227_966413641,0.09941343
20241106_135228_222065309,-0.9910265
20241106_135228_466224413,0.042156927
20241106_135228_718251664,0.004467005
20241106_135229_225992359,-0.08392583
20241106_135229_464988156,0.8910496
20241106_135229_711506379,0.5035869
20241106_135229_960969587,0.6333235
20241106_135230_212253911,0.62866956
20241106_135230_720928536,0.36983487
20241106_135230_976946140,0.0021286104
20241106_135231_226788742,-0.23056947
20241106_135231_474673021,0.036071308
20241106_135231_716567476,0.03130562
20241106_135231_971224497,0.07401497
20241106_135232_220962769,0.18384026
20241106_135232_718324887,0.31194797
20241106_135232_959397991,0.214873
20241106_135233_216726265,0.2792594
20241106_135233_726873048,0.18693845
20241106_135233_967869153,0.25284326
20241106_135234_261263024,0.18471089
20241106_135234_472014241,0.24747844
20241106_135234_721060771,-0.16035788
20241106_135234_971592278,-0.5499977
20241106_135235_217987858,-0.24407522
20241106_135235_464444629,-0.17468451
20241106_135235_714052633,-0.16042276
20241106_135236_484118044,-0.14148821
20241106_135236_730531681,-0.0036965627
20241106_135236_974018524,0.6075828
20241106_135237_227116430,-0.59654284
20241106_135237_473086599,-0.0863105
20241106_135237_721154920,-1.0191591
20241106_135237_965108935,-0.5390217
20241106_135238_212079533,-0.83440644
20241106_135238_456883112,-0.96813744
20241106_135238_712631850,-0.91259813
20241106_135239_218300003,-0.7916284
20241106_135239_465861157,-0.66220546
20241106_135239_713095137,-0.56071305
20241106_135240_211359930,-0.7201875
20241106_135240_710274187,-0.8259898
20241106_135240_966075334,0.5235601
20241106_135241_220122637,-0.20534511
20241106_135241_466155084,0.084989645
20241106_135241_724469754,0.11045463
20241106_135241_970874522,0.14227898
20241106_135242_216050439,0.41492382
20241106_135242_470096129,0.5976437
20241106_135242_723696675,0.6492692
20241106_135242_968156610,0.40684217
20241106_135243_225422017,0.3677434
20241106_135243_715555911,0.35876584
20241106_135244_468749180,0.33407286
20241106_135244_713933275,0.40676296
20241106_135244_965150704,0.37935707
20241106_135245_219508312,0.13470595
20241106_135245_460568086,-0.30643883
20241106_135245_717588767,-0.2584462
20241106_135245_969501489,-0.5946395
20241106_135246_225223596,-0.2690567
20241106_135246_480325660,-0.2067587
20241106_135246_719801946,-0.19922967
20241106_135246_963450135,-0.18907009
20241106_135248_210926133,-0.16384076
20241106_135248_454950360,-0.16537182
20241106_135248_708949444,-0.36015242
20241106_135248_958001391,-0.2023351
20241106_135249_208068681,-0.20909454
20241106_135249_717149274,-0.20162947
20241106_135250_208743321,-0.4542306
20241106_135250_715614220,-0.42274323
20241106_135250_963640688,0.025841104
20241106_135251_225407952,0.03242878
20241106_135251_463217328,-0.057868086
20241106_135251_711053430,-0.36352277
20241106_135251_957515477,-0.6228126
20241106_135252_215582063,-0.8628125
20241106_135252_469724892,-0.79302996
20241106_135252_715219750,-0.78928417
20241106_135252_964006924,-0.78022444
20241106_135253_215406411,-0.8679676
20241106_135253_465047965,-0.8580186
20241106_135254_717687586,-0.37932107
20241106_135254_961646216,-0.405159
20241106_135255_211136193,-0.463761
20241106_135255_463799190,-0.33371827
20241106_135255_715275027,-0.30750835
20241106_135255_975750207,-0.39541176
20241106_135256_226011159,-0.84860533
20241106_135256_474934345,-2.2974348
20241106_135256_723929848,-0.13618441
20241106_135256_971828972,-0.19440667
20241106_135257_222507536,0.19508162
20241106_135257_466474752,0.19311394
20241106_135257_710804810,0.047132708
20241106_135257_962922880,0.1717441
20241106_135258_222242586,0.213313
20241106_135258_719197241,0.12604688
20241106_135259_224958685,0.09942541
20241106_135259_724056511,0.58867115
20241106_135259_971735852,0.250814
20241106_135300_228215177,0.11014823
20241106_135300_471719567,0.1260954
20241106_135300_722740061,0.08843277
20241106_135300_974757959,0.003980616
20241106_135301_230938857,-0.19972883
20241106_135301_472507070,-0.15601034
20241106_135301_724566570,-0.53153545
20241106_135301_978820287,-0.95456487
20241106_135302_236484131,-0.300933
20241106_135302_480134765,0.2741381
20241106_135302_732275029,-0.03497704
20241106_135302_981703263,-0.185791
20241106_135303_227487579,-0.04405596
20241106_135303_474390013,0.033311374
20241106_135303_726183942,0.05910871
20241106_135303_972229516,0.057570674
20241106_135304_231066045,0.007428536
20241106_135304_729106619,-0.09836679
20241106_135304_980042656,0.079551764
20241106_135305_228305793,0.023320774
20241106_135305_478300642,-0.26004484
20241106_135305_728953871,-0.22481497
20241106_135306_218211491,-0.15168639
20241106_135306_466591473,-0.16135822
20241106_135306_721383480,-0.14122407
20241106_135306_965082499,-0.39541933
20241106_135307_461389614,-0.19098242
20241106_135307_712592891,-0.15519576
20241106_135307_966621399,-0.1520474
20241106_135308_226144396,-0.13991673
20241106_135308_476073211,-0.12520318
20241106_135308_721630193,-0.07364877
20241106_135308_962961113,-0.103933804
20241106_135309_220761529,-0.011127641
20241106_135309_465441255,-0.029916784
20241106_135309_716892637,0.20273939
20241106_135309_968042317,0.22901331
20241106_135310_217746645,0.12054021
20241106_135310_470610478,0.081209965
20241106_135310_967276777,0.050993927
20241106_135311_231294723,0.10539628
20241106_135311_486551394,1.1535836
20241106_135311_742582960,0.75970435
20241106_135311_998986670,0.0651436
20241106_135312_247010021,0.18042473
20241106_135312_484834122,0.13457862
20241106_135312_739452658,-0.03166034
20241106_135312_981429748,-0.16382428
20241106_135313_222281490,-0.1610517
20241106_135313_470863742,-0.03163948
20241106_135313_717162560,0.0015675817
20241106_135313_963940455,0.09108212
20241106_135314_218293282,0.14181066
20241106_135314_465136754,0.12858753
20241106_135314_714918225,-0.18977119
20241106_135314_971222242,-1.0093322
20241106_135315_218488048,0.62003857
20241106_135315_474128301,0.36311993
20241106_135315_719592968,0.37397578
20241106_135315_971828489,0.41076896
20241106_135316_231645747,0.40415263
20241106_135316_472930477,0.32798484
20241106_135316_725555705,0.6970733
20241106_135316_970094751,0.527098
20241106_135317_216426069,0.5386217
20241106_135317_459648071,0.47480348
20241106_135317_715162896,0.4779332
20241106_135317_959833146,0.13242282
20241106_135318_213398827,0.20023023
20241106_135318_469855756,0.9564059
20241106_135318_717445270,0.92751664
20241106_135318_960832696,0.21227176
20241106_135319_218280919,0.2373166
20241106_135319_462147265,0.24443196
20241106_135319_720246816,0.3502603
20241106_135319_961997978,0.25176096
20241106_135320_214666356,0.27232525
20241106_135320_459073341,0.28601053
20241106_135320_712702682,0.44887802
20241106_135320_960161709,0.25279987
20241106_135321_218186616,0.17760305
20241106_135321_468364339,-0.29767302
20241106_135321_718384746,-0.2198707
20241106_135321_961993986,-0.2648245
20241106_135322_218792952,-0.74279284
20241106_135322_460856425,-0.5071644
20241106_135322_711353291,-0.47539562
20241106_135322_954965598,-0.19407232
20241106_135323_207536818,-0.19821386
20241106_135323_458618286,-0.1483637
20241106_135323_714843371,-0.15589683
20241106_135323_967166997,-0.09545975
20241106_135324_216127559,-0.06236302
20241106_135324_707853565,-0.06724634
20241106_135324_953988876,-0.065927975
20241106_135325_207327225,-0.015792767
20241106_135325_455209946,-0.067002065
20241106_135325_710343174,-0.07296374
20241106_135327_207317716,-0.07440656
20241106_135327_457983299,-0.04569813
20241106_135327_709378088,0.010697285
20241106_135327_959625744,0.0132869575
20241106_135328_216873468,0.011375794
20241106_135328_712303407,0.0347097
20241106_135328_961118151,0.03355039
20241106_135329_208051563,-0.07763334
20241106_135329_457614304,-0.117426805
20241106_135329_710710139,-0.07717132
20241106_135329_964338602,-0.07491099
20241106_135330_219465041,-0.12699665
20241106_135330_465272094,-0.29726014
20241106_135330_710889738,-0.29035196
20241106_135330_962325878,-0.307254
20241106_135331_214466465,-0.29979956
20241106_135331_458708817,-0.079849295
20241106_135331_708496943,-0.061858855
20241106_135331_960687251,-0.05862271
20241106_135332_211089707,-0.18441893
20241106_135332_458866103,-0.522317
20241106_135332_725265119,-1.9046196
20241106_135332_965828894,-0.45453954
20241106_135333_215758781,-1.0889676
20241106_135333_464052547,-0.30547944
20241106_135333_715657826,-0.04466126
20241106_135333_959510000,-0.00054916553
20241106_135334_248325779,0.19948484
20241106_135334_462929114,0.22463812
20241106_135334_713381190,0.32219553
20241106_135334_958675749,0.17809115
20241106_135335_212812707,0.37306297
20241106_135335_710888556,-0.0974723
20241106_135335_961108160,-0.06024047
20241106_135336_212385250,-0.09396615
20241106_135336_714749413,0.19809972
20241106_135336_957402057,0.18863468
20241106_135337_212224076,0.1262223
20241106_135337_712561219,0.86176646
20241106_135337_969924035,1.197747
20241106_135338_218376294,0.446817
20241106_135338_467811689,0.27179587
20241106_135338_719693249,0.21690674
20241106_135338_971685301,0.21694557
20241106_135339_228079766,0.25052908
20241106_135339_717988110,0.27636302
20241106_135339_960168245,0.2034422
20241106_135340_208231465,0.17181255
20241106_135340_457287555,-0.4773625
20241106_135340_714352501,-0.4827048
20241106_135340_960317922,-0.44587567
20241106_135341_212600382,-0.26671544
20241106_135342_716617879,0.06692268
20241106_135342_965015767,0.80738455
20241106_135343_214616210,0.04749903
20241106_135343_454939851,-0.30992255
20241106_135343_720901655,-0.2720391
20241106_135343_964598464,-0.43024066
20241106_135344_213100270,-0.056980062
20241106_135344_456963322,-0.3970175
20241106_135344_956803224,-0.70559925
20241106_135345_207880776,-0.6369743
20241106_135345_456750785,-0.95163333
20241106_135345_707491201,-0.74030226
20241106_135345_955497243,-0.059356436
20241106_135346_216783562,-0.06325938
20241106_135346_467712371,-0.2119958
20241106_135346_720023136,-0.8239595
20241106_135346_965555092,0.7779779
20241106_135347_223208935,0.46012458
20241106_135347_466681464,0.06910346
20241106_135347_710917952,1.5521675
20241106_135347_965313426,-0.3340207
20241106_135348_217468509,0.20372207
20241106_135348_467795647,0.13622342
20241106_135348_713288402,0.009818057
20241106_135349_214528045,0.010886172
20241106_135349_458825124,-0.016708216
20241106_135349_967326991,-0.0008109417
20241106_135350_224184939,0.0049962196
20241106_135350_464818614,0.57409537
20241106_135350_717625345,0.6286641
20241106_135350_958092223,1.3313512
20241106_135351_220634900,0.53940696
20241106_135351_469908479,0.69065654
20241106_135351_721113575,0.5970817
20241106_135351_962961174,0.36249807
20241106_135353_711179371,0.32333323
20241106_135353_957239544,0.20712976
20241106_135354_208253230,0.19374822
20241106_135354_459434631,0.25053042
20241106_135354_956022785,-0.21421231
20241106_135355_206885223,-0.5197382
20241106_135355_455373167,-0.24550678
20241106_135355_706698776,-0.23460872
20241106_135357_456631497,-0.08554401
20241106_135357_704583007,-0.02630057
20241106_135357_953050066,-0.08373728
20241106_135358_214445212,-0.83073926
20241106_135358_472113771,-0.3856108
20241106_135358_728997662,-0.47356653
20241106_135358_965906496,-0.5837559
20241106_135359_218091513,-0.5080663
20241106_135359_472550427,-0.56517684
20241106_135359_720719068,-0.19304432
20241106_135359_983141752,-0.63951224
20241106_135400_236695729,-0.22975521
20241106_135400_491748009,-0.4028128
20241106_135400_743304455,-0.96897423
20241106_135400_982423747,-0.12941726
20241106_135401_226670631,0.62272364
20241106_135401_491830285,0.8219765
20241106_135401_732638858,1.2442249
20241106_135401_978849536,0.6573457
20241106_135402_218686669,0.618526
20241106_135402_458724147,-0.67699736
20241106_135402_718412246,0.19626413
20241106_135402_966490256,0.36778167
20241106_135403_220353967,0.4167134
20241106_135403_463215052,0.050344832
20241106_135403_718663346,-0.13696148
20241106_135403_962083392,-0.34060714
20241106_135404_218144793,-0.28770992
20241106_135404_471994039,-1.8442856
20241106_135404_734587218,1.1103467
20241106_135404_975243193,0.6754562
20241106_135405_221439462,0.6205658
20241106_135405_466624020,0.28449455
20241106_135405_719287558,0.5861261
20241106_135405_966018955,0.74557054
20241106_135406_219600427,0.89383286
20241106_135406_461661391,0.6426524
20241106_135407_213603334,0.49953684
20241106_135407_463692907,0.34831527
20241106_135407_716373623,0.48958948
20241106_135408_214113442,0.39963773
20241106_135408_713932924,0.14420544
20241106_135408_958850772,-0.03719052
20241106_135409_220394347,-0.46342966
20241106_135409_465904296,-0.2462832
20241106_135409_721478966,-0.15617855
20241106_135409_966815392,-0.051060162
20241106_135410_218849907,-0.10554584
20241106_135410_463844613,0.109590955
20241106_135410_717443863,-0.06349739
20241106_135410_955800200,-0.10182967
20241106_135412_457894456,-0.067923985
20241106_135412_709765386,-0.13805415
20241106_135412_957054217,-0.05737885
20241106_135413_215956008,-0.07196512
20241106_135413_717458532,-0.17797036
20241106_135413_958766395,-0.17258169
20241106_135414_207275741,-0.22001795
20241106_135415_213005257,-0.29545063
20241106_135415_464140912,-0.53134114
20241106_135415_708245432,-0.76266974
20241106_135416_961309776,-0.60596615
20241106_135417_206622112,-0.3893231
20241106_135417_460983979,0.5957017
20241106_135417_712500393,-0.028975617
20241106_135417_960455178,-0.4633884
20241106_135418_226991432,0.050048582
20241106_135418_472350051,0.57825166
20241106_135418_715818602,0.9423092
20241106_135418_963738469,-1.3802986
20241106_135419_218627047,-0.38414097
20241106_135419_469089967,-0.11693274
20241106_135419_724611368,-0.18041669
20241106_135419_971376366,-0.27691543
20241106_135420_221769825,-0.47831774
20241106_135420_473733386,-0.43839994
20241106_135420_720682528,-0.3543102
20241106_135421_218738108,-1.4511024
20241106_135421_471527426,0.41607222
20241106_135421_736750927,-0.42559952
20241106_135421_972682236,0.87732905
20241106_135422_218196684,0.46455786
20241106_135422_461736468,1.1543967
20241106_135422_717999640,-0.8410136
20241106_135422_971020940,0.04762029
20241106_135423_236908975,0.17321841
20241106_135423_486292842,0.06725803
20241106_135423_744018060,0.05311612
20241106_135423_983368341,0.05084847
20241106_135424_231996594,-0.18754412
20241106_135424_725713720,0.19136178
20241106_135424_976058774,0.17111258
20241106_135425_232653340,0.005495319
20241106_135425_468136701,-0.11296817
20241106_135425_719807794,-0.13589038
20241106_135425_964491948,-0.10465916
20241106_135426_217596529,-0.11116915
20241106_135426_459232416,0.21618448
20241106_135426_710693809,0.64704955
20241106_135426_960932712,0.34033865
20241106_135427_212186970,0.12900613
20241106_135427_458814593,0.25478774
20241106_135427_963120086,0.26351905
20241106_135428_221866438,0.21005736
20241106_135428_710537161,0.18087597
20241106_135428_962806940,0.55151546
20241106_135429_209306030,-0.07059633
20241106_135429_458515769,-0.1469735
20241106_135429_719576547,-0.22301872
20241106_135429_969233064,0.48765853
20241106_135430_225074487,-1.0350441
20241106_135430_470792196,-0.7161438
20241106_135430_720599554,-0.16516472
20241106_135430_967115367,0.22208253
20241106_135431_224721489,0.035730787
20241106_135431_470010637,0.014285246
20241106_135431_972309742,0.30944517
20241106_135432_219485742,0.57256424
20241106_135432_477211513,0.44558236
20241106_135432_725269752,0.34357095
20241106_135432_971138461,-0.46716163
20241106_135433_216672878,0.16353105
20241106_135433_469029329,0.08687758
20241106_135433_717211632,-0.16100575
20241106_135433_963947074,-0.15141274
20241106_135436_215968563,-0.35215476
20241106_135436_462809554,-0.26708955
20241106_135436_716580338,-0.16971512
20241106_135436_963488915,-1.3478113
20241106_135437_214208340,-1.6416885
20241106_135437_465662493,0.700808
20241106_135437_714591696,0.20856242
20241106_135437_959267099,1.1423131
20241106_135438_212058439,0.4932802
20241106_135438_467699889,0.30233023
20241106_135438_729807743,0.13386653
20241106_135438_985112943,0.399556
20241106_135439_235771840,0.19943835
20241106_135439_471438525,-0.22169976
20241106_135439_722950807,-0.17193414
20241106_135439_961829328,-0.23751517
20241106_135440_211169898,-0.15346579
20241106_135440_455608284,-0.17151548
20241106_135440_970000643,-0.05352532
20241106_135441_221688007,0.31622744
20241106_135441_463967379,0.8535615
20241106_135441_710150098,1.329522
20241106_135441_961936567,-0.9579788
20241106_135442_214916532,-0.6446658
20241106_135442_460272631,-0.1677027
20241106_135442_718753904,-0.2617938
20241106_135442_970483521,-0.10673984
20241106_135443_219610587,-0.22007751
20241106_135443_457875830,-0.65495044
20241106_135443_711136263,-1.0479268
20241106_135443_957700301,-1.581379
20241106_135444_217774985,0.5775243
20241106_135444_465328029,0.25414917
20241106_135444_714711562,0.41410497
20241106_135444_958952264,0.45952472
20241106_135445_707153840,0.54839975
20241106_135445_957582709,0.18462403
20241106_135446_205225543,0.32159024
20241106_135446_453085100,0.051908113
20241106_135446_716553981,-0.058551542
20241106_135446_971713417,-0.6284488
20241106_135447_221722342,-0.19751747
20241106_135447_709374203,-0.30992264
20241106_135447_960839262,-0.23608978
20241106_135448_211992827,-0.31459036
20241106_135448_458399172,-1.1212035
20241106_135448_709783496,-0.5974878
20241106_135448_954983189,-0.49047622
20241106_135449_708961821,-0.5442589
20241106_135449_955087261,-0.48911834
20241106_135450_204162932,-0.55557793
20241106_135451_202747876,-0.29179505
20241106_135451_450647601,0.05451753
20241106_135451_705211204,0.13566217
20241106_135451_954597151,0.0657563
20241106_135452_209662676,-0.11250564
20241106_135452_456550408,-0.21570201
20241106_135452_706580340,-0.21505906
20241106_135452_954739353,-0.33914608
20241106_135453_206858672,-0.91399735
20241106_135453_458574723,-0.722647
20241106_135453_713486391,-1.6284324
20241106_135453_962100572,0.7924441
20241106_135454_212382453,-0.13764484
20241106_135454_457604873,0.07705406
20241106_135454_710927928,0.17739592
20241106_135454_953796640,0.15273605
20241106_135455_208803454,0.12510197
20241106_135455_705291995,0.14611642
20241106_135456_451661892,0.18700074
20241106_135456_706580758,0.1104754
20241106_135456_959468288,-0.083731644
20241106_135457_211601520,-0.2236482
20241106_135457_461049228,-0.29731828
20241106_135457_709002608,-0.19870885
20241106_135457_954760790,-0.1848454
20241106_135458_218925488,0.024226943
20241106_135458_460195194,0.1079183
20241106_135458_716377751,0.2019228
20241106_135458_965188868,0.15831594
20241106_135459_217605492,0.9934167
20241106_135459_465373379,0.26173386
20241106_135459_713277857,-0.07018574
20241106_135459_955803974,-0.9664907
20241106_135500_211020449,-0.50426126
20241106_135500_464188559,-0.58950627
20241106_135500_974557917,-0.14241944
20241106_135501_233756491,0.22041164
20241106_135501_475514628,0.47558853
20241106_135501_721216773,1.0924847
20241106_135501_971068396,0.20609587
20241106_135502_228252567,-1.0051497
20241106_135502_469111345,-1.321541
20241106_135502_963330949,-1.1097509
20241106_135503_222618500,-0.93095136
20241106_135503_459190251,-1.0781939
20241106_135503_731495814,-1.128569
20241106_135503_962504022,-0.28108683
20241106_135504_214922581,-0.11651368
20241106_135504_458111569,0.04609043
20241106_135504_708556610,-0.037497252
20241106_135504_954834274,0.1301624
20241106_135505_209255501,0.7592922
20241106_135505_467629595,0.45760414
20241106_135505_716533730,0.22378851
20241106_135505_964529116,0.24072917
20241106_135506_214028228,0.03843633
20241106_135506_468911692,0.0664582
20241106_135506_709172718,0.07464949
20241106_135506_966217550,0.32368577
20241106_135507_210168150,0.27210063
20241106_135507_467844178,1.5618725
20241106_135507_721726959,-0.88431734
20241106_135507_966470552,-0.80113184
20241106_135508_211083533,-0.35001764
20241106_135508_458334773,1.0284793
20241106_135508_713265075,-0.7637741
20241106_135508_967168354,0.012913546
20241106_135509_228412554,-0.10228492
20241106_135509_464546158,-0.10019811
20241106_135509_719708301,-0.11013123
20241106_135509_965182953,0.18400273
20241106_135510_224737159,0.096066914
20241106_135510_476398151,-0.1830845
20241106_135510_723256085,-0.06554922
20241106_135510_966724851,-0.02991446
20241106_135511_460286530,-0.2742934
20241106_135511_955977872,-0.23641197
20241106_135512_716695989,-0.22245206
20241106_135513_204947183,-0.0060876813
20241106_135513_457103882,-0.21078216
20241106_135513_714865973,-0.110261284
20241106_135513_955921522,-0.096917175
20241106_135514_213181076,-0.06128999
20241106_135514_457015699,-0.06254562
20241106_135514_713377437,0.12872471
20241106_135514_970549974,-0.020784875
20241106_135515_219281758,0.052230366
20241106_135517_954966543,-0.17126547
20241106_135518_210579273,-0.35933205
20241106_135518_460790370,-0.2983142
20241106_135518_707682027,-0.15599932
20241106_135520_462300995,-0.18113269
20241106_135520_705736384,-0.28022447
20241106_135520_956063738,-0.30038306
20241106_135521_711310975,-0.13004084
20241106_135521_958174308,-0.006860506
20241106_135522_461008914,0.14277078
20241106_135522_706083865,0.00069574453
20241106_135523_207319072,-0.045496188
20241106_135523_961766659,-0.0016520824
20241106_135525_219032833,-0.26281053
20241106_135525_468085568,-0.321192
20241106_135525_719565949,-0.31054255
20241106_135525_958563604,-0.17674308
20241106_135526_211781489,-0.14096887
20241106_135527_707592549,-0.16267829
20241106_135527_958140317,0.005329145
20241106_135528_206230111,-0.14531137
20241106_135528_463975764,-0.1393406
20241106_135529_957069841,0.025928298
20241106_135530_215039190,-0.15088291
20241106_135530_465210021,-0.5133431
20241106_135530_726750146,-1.4891814
20241106_135530_972364939,-0.26242474
20241106_135531_215903263,0.48116836
20241106_135531_470468405,-0.4019036
20241106_135531_720754463,-1.1971606
20241106_135531_970958225,-0.4556699
20241106_135532_229512857,-0.3333136
20241106_135532_475294467,-0.25379136
20241106_135532_727629452,-0.5489182
20241106_135532_963312209,-0.46947604
20241106_135533_214126616,-0.62179166
20241106_135533_975361135,-0.2650962
20241106_135534_257472122,0.023964705
20241106_135534_470741124,0.20348898
20241106_135534_716520094,0.29581028
20241106_135534_964004408,0.09779326
20241106_135535_211565507,0.07746111
20241106_135535_719584324,0.01804773
20241106_135535_970696536,-0.16829614
20241106_135536_707720316,-0.074240826
20241106_135537_206380128,-0.1547847
20241106_135537_467172351,-0.22148357
20241106_135537_957432299,-0.0974082
20241106_135538_209837139,0.18844697
20241106_135538_463714197,0.117251076
20241106_135538_712163470,0.030008832
20241106_135539_207220553,0.0029878411
20241106_135539_704073966,0.07930008
20241106_135539_955052542,-0.12978281
20241106_135540_209113208,-0.18623449
20241106_135540_460447003,-0.83664304
20241106_135540_715441850,-0.41244805
20241106_135540_973625817,-0.36666408
20241106_135541_217679047,-0.4950666
20241106_135541_459063565,-0.27518257
20241106_135541_713705237,-0.1860853
20241106_135542_466029514,-0.12910144
20241106_135542_957170487,-0.029346367
20241106_135543_205083286,0.03197793
20241106_135543_454222453,0.24590386
20241106_135543_712122383,0.13148366
20241106_135543_956529521,-0.042464934
20241106_135544_206972822,-0.073378645
20241106_135544_456956803,-0.10066437
20241106_135544_707716375,-0.16562648
20241106_135545_203750001,-0.12699683
20241106_135545_459015776,0.08076011
20241106_135545_708967088,0.14629339
20241106_135546_210033681,0.02422599
20241106_135546_471379271,0.06974659
20241106_135546_716584923,-0.032084905
20241106_135546_968306274,-0.20241602
20241106_135547_217049544,0.0624967
20241106_135547_460473972,0.36629766
20241106_135547_712448162,0.57074225
20241106_135547_960707664,0.44575304
20241106_135548_211450235,0.047923163
20241106_135548_458561583,0.20969853
20241106_135548_707474902,0.55614316
20241106_135548_961798880,0.53095055
20241106_135549_470467972,0.41447866
20241106_135549_721308730,0.22403114
20241106_135549_965823091,0.014075557
20241106_135550_213629485,0.08073679
20241106_135551_462247987,0.16610603
20241106_135551_724467632,0.02665321
20241106_135551_968454934,1.1921015
20241106_135552_215969574,-0.6817822
20241106_135552_460020447,-0.43453312
20241106_135552_707013476,-0.3567788
20241106_135552_953979565,-0.40173498
20241106_135553_206238793,-0.4586844
20241106_135553_453766723,-0.9215627
20241106_135554_705929597,-0.70431274
20241106_135554_957797014,-0.63940084
20241106_135555_210403509,-0.85669094
20241106_135555_461963811,-0.18602985
20241106_135555_715229945,0.0701614
20241106_135555_969467521,0.029976109
20241106_135556_227285637,-0.06802901
20241106_135556_732768837,0.24636568
20241106_135556_967784687,0.3665791
20241106_135557_216333106,0.11179758
20241106_135557_470255839,1.1995125
20241106_135557_726689830,0.23743735
20241106_135557_979960824,-0.027627787
20241106_135558_222617523,-0.15567528
20241106_135558_465819954,-0.014090797
20241106_135558_722371452,0.022614101
20241106_135558_973069061,-0.14078479
20241106_135559_228136141,-0.3763419
20241106_135559_477688792,-0.09158792
20241106_135559_729241973,-0.5528227
20241106_135559_977148870,-0.43513528
20241106_135600_221943982,-0.2376449
20241106_135600_468832579,1.0160915
20241106_135600_731719365,0.39886954
20241106_135600_975879078,0.17570113
20241106_135601_233820803,-0.29558152
20241106_135601_473278375,-0.15009989
20241106_135601_720307151,-0.04079064
20241106_135601_970613695,0.2782481
20241106_135602_225152732,0.28311586
20241106_135602_472899708,0.36185595
20241106_135602_731303581,0.5062185
20241106_135602_972394702,-0.056685053
20241106_135603_222032212,-0.694122
20241106_135603_477299342,-0.34281948
20241106_135603_730135875,-0.9964731
20241106_135603_985024936,-1.3091199
20241106_135604_232620495,-0.37265268
20241106_135604_477888047,-0.1874217
20241106_135604_739353718,0.27549872
20241106_135604_989044126,0.22774772
20241106_135605_248464548,0.18208031
20241106_135605_481222623,0.18796535
20241106_135605_738800391,0.20538004
20241106_135605_985541256,0.23820774
20241106_135606_235489963,0.2616284
20241106_135606_493492702,0.063281365
20241106_135606_738693852,0.1412661
20241106_135606_976133856,0.38428545
20241106_135607_224669728,0.2111262
20241106_135607_471030887,0.18603148
20241106_135607_732755725,0.19387911
20241106_135607_977007049,0.19065867
20241106_135608_229004107,0.2004567
20241106_135608_475482232,0.18895824
20241106_135608_725522316,0.15775438
20241106_135608_971882133,0.15583913
20241106_135609_222518507,0.1356606
20241106_135609_476596924,0.14242963
20241106_135609_715767195,0.21090816
20241106_135610_709443639,0.14802907
20241106_135610_962178697,0.16851456
20241106_135611_209621430,0.14586367
20241106_135611_466889674,0.1393676
20241106_135611_721361023,0.13219483
20241106_135611_972691739,0.021607617
20241106_135612_232175171,-0.37530467
20241106_135612_491593426,-0.14218228
20241106_135612_730085275,-1.2547241
20241106_135612_975701618,-1.8710567
20241106_135613_236947538,-0.002410194
20241106_135613_469778256,0.9058404
20241106_135613_725128468,1.462269
20241106_135613_965469998,0.4032148
20241106_135614_221142193,0.5133894
20241106_135614_476227160,1.002354
20241106_135614_730794176,-0.3638172
20241106_135614_962632271,-0.5058646
20241106_135615_456883412,-0.5569946
20241106_135615_711922324,-0.62670726
20241106_135616_213833336,-0.8693953
20241106_135616_462538052,-0.22298731
20241106_135616_719307517,0.7355889
20241106_135616_966747988,-0.7449948
20241106_135617_211044996,0.12068329
20241106_135617_461425800,0.2682366
20241106_135617_709287805,0.34010544
20241106_135617_953952342,0.49873742
20241106_135618_212250891,0.3261144
20241106_135618_458732386,0.31779408
20241106_135618_708706133,0.3734352
20241106_135618_958004191,0.39065593
20241106_135619_206630395,0.33416706
20241106_135619_460791728,0.338345
20241106_135620_973563387,0.33716977
20241106_135621_224768099,0.31797758
20241106_135621_472941149,0.5184668
20241106_135621_733834976,0.28527805
20241106_135621_985056097,0.3396635
20241106_135622_234178870,0.6615535
20241106_135622_482713211,-0.48211706
20241106_135622_724539571,0.10101385
20241106_135622_969316018,0.96924025
20241106_135623_224140957,-0.9192541
20241106_135623_466742532,-0.812211
20241106_135623_726838702,0.3614104
20241106_135623_966443179,0.63649344
20241106_135624_213379511,0.51074433
20241106_135624_463583897,0.24627481
20241106_135624_714094972,0.34107488
20241106_135624_961030787,0.267835
20241106_135625_209224141,0.32440084
20241106_135625_457363145,0.2948278
20241106_135625_712579579,-0.22992648
20241106_135625_957920537,-0.13976865
20241106_135626_204576078,-0.10361009
20241106_135626_460453971,-0.025412997
20241106_135626_709340783,-0.087645136
20241106_135626_962719277,-0.027751943
20241106_135628_209734270,-0.11993428
20241106_135628_466457034,-0.19848199
20241106_135628_717345364,-0.17977561
20241106_135628_970790716,0.07566652
20241106_135629_223223062,0.18877748
20241106_135629_465915854,1.1343879
20241106_135629_713964656,-0.41679707
20241106_135629_962070299,-0.2579933
20241106_135630_211393657,-0.34670505
20241106_135630_462699297,-0.07584121
20241106_135630_715775125,0.14550033
20241106_135630_967599554,-0.110839926
20241106_135631_226581518,0.11634443
20241106_135631_469527243,0.41953963
20241106_135631_714342452,-0.12925966
20241106_135631_955281245,-0.2317241
20241106_135632_206375175,-0.1804945
20241106_135632_461206280,-0.45713773
20241106_135632_726074746,-0.42149457
20241106_135632_968957417,1.0622082
20241106_135633_214922992,0.72196585
20241106_135633_458476072,0.74843675
20241106_135634_252164262,-0.26108631
20241106_135634_458138427,1.0483234
20241106_135634_721236109,0.8605057
20241106_135634_963868818,0.7439279
20241106_135635_212985991,1.1020395
20241106_135635_470812512,0.83127147
20241106_135635_719832622,0.64354265
20241106_135635_962547089,1.2731932
20241106_135636_215015449,1.0839413
20241106_135636_972933545,0.32191744
20241106_135637_213838360,0.18889429
20241106_135637_461952402,0.07682632
20241106_135637_717830668,-0.2254289
20241106_135637_964856039,-0.1632017
20241106_135638_956296144,1.0839602
20241106_135639_210854418,0.023702672
20241106_135639_460191444,0.7778146
20241106_135639_722460046,0.1265165
20241106_135639_961370016,-0.5791355
20241106_135640_228781105,-0.68663216
20241106_135640_470300189,-0.30886412
20241106_135640_728114288,-0.5621075
20241106_135640_966684185,-0.0917511
20241106_135641_214110905,-0.18422194
20241106_135641_461393717,-0.2747663
20241106_135641_714509635,-0.38432643
20241106_135641_954001125,-0.39887327
20241106_135642_208325021,-0.30790302
20241106_135642_457134019,-0.12684913
20241106_135642_711904621,0.0976377
20241106_135642_966138646,0.2379909
20241106_135643_216424578,0.9408036
20241106_135643_474678425,-0.69123447
20241106_135643_727350987,-0.0747407
20241106_135643_966575065,-0.71440536
20241106_135644_226559311,-0.1702765
20241106_135644_465679235,-0.097209886
20241106_135644_716886022,-0.31736878
20241106_135644_964391680,-0.30360016
20241106_135645_220281747,-0.31554696
20241106_135645_461756010,-0.49658266
20241106_135645_718737441,-1.7830026
20241106_135645_976946425,0.38399476
20241106_135646_225813830,-0.03817506
20241106_135646_468705799,0.039058335
20241106_135646_716392407,0.43146348
20241106_135646_961367799,0.6400911
20241106_135647_207655391,-0.19346292
20241106_135647_460008233,-0.09357872
20241106_135647_718063661,0.024069289
20241106_135647_971327102,0.11529712
20241106_135648_239843390,1.2616178
20241106_135648_499274810,-0.24215506
20241106_135648_759601090,0.12680803
20241106_135648_994877490,0.26676962
20241106_135649_232960375,0.092458084
20241106_135649_477607686,0.10016272
20241106_135649_719161049,-0.009018442
20241106_135649_972639563,-0.1507219
20241106_135650_217761295,-0.4157767
20241106_135650_470873870,-1.6716717
20241106_135650_722884412,-0.23087277
20241106_135650_967707582,-1.2812508
20241106_135651_222867133,-0.5361117
20241106_135651_459330935,-0.5110597
20241106_135651_712147840,-0.45887128
20241106_135652_205186140,-0.30316177
20241106_135652_455470408,1.0546894
20241106_135652_721355820,1.0102236
20241106_135652_968926442,0.31840235
20241106_135653_219162989,-1.4480281
20241106_135653_467308616,-1.2211028
20241106_135653_720073521,-0.98030293
20241106_135653_958782855,-0.7403795
20241106_135654_207480941,-1.442675
20241106_135654_458681780,-0.52878606
20241106_135654_717999689,0.41408157
20241106_135654_964845516,0.15550324
20241106_135655_209693408,0.103571065
20241106_135655_452352573,-0.80768824
20241106_135655_707269763,-0.89122045
20241106_135655_957196622,-0.94232416
20241106_135656_216493597,-1.0463722
20241106_135656_465736835,-0.4936433
20241106_135656_715826893,-0.1066558
20241106_135656_958080977,-0.22219886
20241106_135657_211275957,-0.36898217
20241106_135657_457215444,-0.18300904
20241106_135657_706810167,-0.49943802
20241106_135657_956475249,-0.39303744
20241106_135658_208378516,-0.28153205
20241106_135658_455711944,0.021138275
20241106_135658_717972358,1.1148195
20241106_135658_964992287,1.533836
20241106_135659_218640993,0.8603292
20241106_135659_461952608,0.52243066
20241106_135700_458975623,0.5967678
20241106_135700_961093660,0.6464127
20241106_135701_210230818,0.591492
20241106_135701_456681340,0.37876317
20241106_135701_710860791,0.34957618
20241106_135701_965663908,0.39536732
20241106_135702_221300777,-0.092499726
20241106_135702_479639901,0.29323655
20241106_135702_737773149,-0.628385
20241106_135702_978084691,-0.37355214
20241106_135703_230129754,0.2319827
20241106_135703_494784158,2.3201754
20241106_135703_742750600,0.32036904
20241106_135703_983338047,-0.5571494
20241106_135704_245095468,-1.647768
20241106_135704_488100542,0.5686234
20241106_135704_738105014,0.014027456
20241106_135704_979652190,0.108856596
20241106_135705_228471382,-0.14331849
20241106_135705_464355035,0.11486415
20241106_135705_726627720,-0.23168959
20241106_135705_972573711,0.030108193
20241106_135706_217911258,-0.10149159
20241106_135706_459876671,-0.06361774
20241106_135706_712049821,-0.80287355
20241106_135706_960752538,-0.3364206
20241106_135707_211161328,-0.6962261
20241106_135707_455576056,-1.9890168
20241106_135707_714755451,0.16816022
20241106_135707_963611956,0.23298027
20241106_135708_209603824,0.09842501
20241106_135708_461029150,0.17002787
20241106_135708_713493492,-0.14925654
20241106_135708_962158402,-0.016043922
20241106_135709_235097711,0.015882412
20241106_135709_467088225,0.04682354
20241106_135709_960004029,0.107781745
20241106_135710_474173267,0.036251284
20241106_135710_731006101,0.15500309
20241106_135710_981332558,0.44987008
20241106_135711_228612839,0.39928025
20241106_135711_479892562,0.5011649
20241106_135711_727758851,0.64880973
20241106_135712_206874480,0.6101182
20241106_135712_710100410,0.55024236
20241106_135712_968765853,0.2568992
20241106_135713_734256297,-0.5128431
20241106_135713_970483168,-0.13550219
20241106_135714_217697948,0.006858619
20241106_135714_468804229,2.1668015
20241106_135714_724492224,-0.79312813
20241106_135714_969187341,-0.69147843
20241106_135715_219500995,-0.7920961
20241106_135715_469486044,-0.20430122
20241106_135715_721349279,-0.2917217
20241106_135715_969398889,-0.39376327
20241106_135716_226574167,0.6120234
20241106_135716_462570084,-0.26946718
20241106_135716_713402536,0.14195453
20241106_135716_958072696,0.17349648
20241106_135717_215923637,0.12566294
20241106_135717_480378523,-0.20265561
20241106_135717_728050382,-0.9108106
20241106_135717_968055802,-0.30982146
20241106_135718_217981968,-0.4534822
20241106_135718_468108800,-0.35810706
20241106_135718_741162970,-0.3136036
20241106_135718_988963862,0.2587758
20241106_135719_235018322,0.16325079
20241106_135719_966520694,0.20534627
20241106_135720_220943097,1.4769235
20241106_135720_463553132,0.43045768
20241106_135720_712644818,0.24125056
20241106_135721_214553610,0.22725402
20241106_135721_460206108,-0.17508699
20241106_135721_709790120,-1.3470602
20241106_135721_956660913,-1.3035523
20241106_135722_215511071,0.23351328
20241106_135722_468502323,-0.37850145
20241106_135722_719051998,-1.6299806
20241106_135722_965553540,-1.1033751
20241106_135723_224939201,0.89224666
20241106_135723_481128908,1.309073
20241106_135723_720502934,-0.69182026
20241106_135723_976844051,-0.24856982
20241106_135724_218673414,-0.34922227
20241106_135724_718857431,-0.65984845
20241106_135724_956746044,-0.5901441
20241106_135725_210207496,-0.6802919
20241106_135725_467232405,0.9206357
20241106_135725_717273417,0.61278343
20241106_135725_963773691,1.3329293
20241106_135726_215131971,1.0559644
20241106_135726_467669785,-0.15182088
20241106_135726_718019777,-0.79986376
20241106_135726_961468611,-0.83548445
20241106_135727_209323332,-0.7140671
20241106_135727_462737978,-0.48338646
20241106_135727_961349967,-0.70960486
20241106_135728_216230789,-1.0238324
20241106_135728_461812570,-0.19015649
20241106_135728_710034203,-0.7774949
20241106_135728_953991656,-0.8162628
20241106_135729_221367105,-0.6328984
20241106_135729_472098240,-0.29367164
20241106_135729_711897379,-0.041369326
20241106_135729_962528043,0.47159216
20241106_135730_217686135,0.029340917
20241106_135730_465263546,-0.09326343
20241106_135730_712190114,0.020601837
20241106_135730_956404686,0.09282342
20241106_135731_213286828,0.11267326
20241106_135731_452844450,0.2785585
20241106_135731_712948686,0.20639412
20241106_135731_960035859,0.15941523
20241106_135732_223577182,0.14632122
20241106_135732_463733326,0.15146767
20241106_135732_719633639,0.13584249
20241106_135733_458648782,0.14400367
20241106_135733_710333224,0.11597178
20241106_135733_971369602,0.13091396
20241106_135734_278105181,0.09566633
20241106_135734_475893240,0.1084523
20241106_135734_719007576,0.045400657
20241106_135734_960118364,0.08684597
20241106_135735_210417105,0.15841506
20241106_135735_706984993,0.104318835
20241106_135735_955519472,0.082149185
20241106_135736_207444660,0.06978706
20241106_135736_455671426,0.08976296
20241106_135736_707557996,0.09728829
20241106_135736_962599575,1.3465058
20241106_135737_211686426,-0.082705155
20241106_135737_458117196,-0.84291977
20241106_135737_709270059,-0.94397026
20241106_135737_958628076,-0.18764313
20241106_135738_211196811,-0.8672699
20241106_135738_454638293,-1.2304708
20241106_135738_713139827,-0.14331253
20241106_135738_965593687,-0.124232195
20241106_135739_226184449,-0.91521907
20241106_135739_471216943,-1.1128271
20241106_135739_727434544,-0.3394663
20241106_135739_976380868,0.06456071
20241106_135740_222521011,-0.20024487
20241106_135740_474049849,-0.24680404
20241106_135740_730986448,-0.40890896
20241106_135740_973870594,0.060832664
20241106_135741_219096481,-0.10336674
20241106_135741_469466214,-0.11209615
20241106_135741_727034267,-0.10670587
20241106_135741_965450830,-0.11168649
20241106_135742_216269584,-0.6116586
20241106_135742_464793560,-1.0387774
20241106_135742_725421361,-0.26640674
20241106_135742_979115399,0.16716377
20241106_135743_240120488,-0.098302625
20241106_135743_464311142,-0.105680965
20241106_135743_715573122,-0.014982125
20241106_135743_963653815,0.026858369
20241106_135744_213396954,-0.026478728
20241106_135744_456174929,-0.02399399
20241106_135744_707387461,0.08420823
20241106_135744_957609547,0.3102798
20241106_135745_215091016,-0.07096472
20241106_135745_460903629,-0.050976597
20241106_135745_717469400,-0.06596293
20241106_135746_228255860,-0.049148105
20241106_135746_710327711,0.017138401
20241106_135746_959069105,0.0058083925
20241106_135747_221286794,0.011036912
20241106_135747_714725334,0.04022143
20241106_135747_962260354,0.04887531
20241106_135748_209665120,0.051663853
20241106_135748_710244643,0.015296677
20241106_135748_978196311,0.07546935
20241106_135749_229971202,0.4005772
20241106_135749_468078216,0.3137037
20241106_135749_964532793,0.50659955
20241106_135750_211795119,0.25955623
20241106_135750_462329202,-0.097921155
20241106_135750_710894154,-0.07796075
20241106_135750_962286591,-0.12250324
20241106_135751_221488221,-0.25288725
20241106_135751_462355038,-0.30698726
20241106_135751_710881548,-0.06609442
20241106_135751_963363678,0.04424601
20241106_135752_481111899,-0.02384778
20241106_135752_722864133,-0.17075421
20241106_135752_972668243,-0.18246387
20241106_135753_220745176,-0.26693997
20241106_135753_484386325,-0.15961058
20241106_135753_738243786,-0.14262886
20241106_135753_982218564,-0.087627135
20241106_135754_226857731,-0.4680848
20241106_135754_458235192,-0.2960907
20241106_135754_716503656,-0.37690815
20241106_135754_963605350,-0.7961014
20241106_135755_217276872,-0.51162696
20241106_135755_457226148,-0.09132353
20241106_135755_709342225,0.025075106
20241106_135755_954351809,0.0049574506
20241106_135756_212678002,0.13787563
20241106_135756_470731036,0.06755243
20241106_135756_716722649,-0.026408156
20241106_135757_217688647,0.08748188
20241106_135757_472039802,-0.21874355
20241106_135757_725059526,0.59648603
20241106_135757_970728994,-0.049894296
20241106_135758_222372237,0.0035596285
20241106_135758_471280887,-0.3151027
20241106_135758_721624394,-0.35996142
20241106_135758_973355306,-0.42220685
20241106_135759_222637364,-0.7302818
20241106_135759_486166260,-0.72041523
20241106_135759_742761634,-0.37966546
20241106_135759_981954284,-0.26451397
20241106_135800_224112472,0.110941
20241106_135800_468025413,0.44163683
20241106_135800_729441327,0.6438224
20241106_135800_976782684,0.22879218
20241106_135801_235199545,-0.042688213
20241106_135801_470699451,-0.1789081
20241106_135801_714754453,-0.41003475
20241106_135801_960656391,-0.65669847
20241106_135802_227807249,-0.33268636
20241106_135802_465622511,0.057516575
20241106_135802_730336107,-0.27893853
20241106_135802_969410471,-0.24702282
20241106_135803_216438148,-0.51433766
20241106_135803_466093995,0.23775776
20241106_135803_727484604,-0.6166738
20241106_135803_977845857,-0.2799032
20241106_135804_226854032,-0.19023527
20241106_135804_463320627,-0.09710344
20241106_135804_714891205,-0.3521398
20241106_135804_972521015,-0.09140708
20241106_135805_233141264,-0.12255182
20241106_135805_465162800,-0.1680177
20241106_135805_724826219,0.059785053
20241106_135805_975691856,-0.025599977
20241106_135806_224734415,-0.1908433
20241106_135806_465627740,-0.12933142
20241106_135806_717704011,-0.12703474
20241106_135806_960912382,-0.095233046
20241106_135807_478547765,-0.09806379
20241106_135807_721867024,-0.053689204
20241106_135807_969061552,0.030859092
20241106_135808_219129428,0.028808335
20241106_135808_457534350,0.11604849
20241106_135809_207802916,0.058370627
20241106_135809_455460824,1.5233403
20241106_135809_711691708,-0.98529744
20241106_135809_954279846,-0.5795304
20241106_135810_207948748,-0.84726226
20241106_135810_455228448,-0.35245016
20241106_135810_703403876,-0.12368111
20241106_135810_957961048,-0.12732671
20241106_135811_213080085,0.1836523
20241106_135811_463974137,0.26473713
20241106_135811_716529241,0.02143685
20241106_135811_966289797,0.03801725
20241106_135812_212602442,0.20203225
20241106_135812_459004085,0.061816014
20241106_135812_707183466,-0.023853382
20241106_135813_213274721,-0.013404688
20241106_135813_457575726,-0.0003990736
20241106_135814_209810648,0.012699882
20241106_135814_456707914,0.017114619
20241106_135814_950756050,0.0145937
20241106_135815_204861650,0.028748969
20241106_135815_456359727,0.03475306
20241106_135815_704702323,0.1616519
20241106_135816_206400049,0.03432534
20241106_135816_708963012,-0.07869419
20241106_135816_955854885,-0.23286591
20241106_135817_201305434,-0.25075653
20241106_135817_452383986,-0.14786012
20241106_135817_711247120,-0.13001455
20241106_135818_218303087,-0.122614704
20241106_135818_457973966,-0.005621275
20241106_135818_717483089,-0.087269925
20241106_135818_964845305,-0.11566951
20241106_135819_214527290,-0.12935312
20241106_135819_711638801,-0.21351703
20241106_135819_953213754,-0.19346537
20241106_135820_208763746,-0.22758289
20241106_135820_459133338,-0.19897754
20241106_135820_709764699,-0.18364777
20241106_135820_953381762,-0.18705355
20241106_135821_201957763,-0.6909676
20241106_135821_455439734,-0.846814
20241106_135821_708231775,-0.8132521
20241106_135821_955217656,-0.512393
20241106_135822_202705957,-0.8341955
20241106_135822_453487637,-1.1960607
20241106_135822_701859935,0.5105343
20241106_135822_948991300,0.058279373
20241106_135823_205706491,0.12044261
20241106_135823_456275084,0.28539464
20241106_135823_705342523,0.8088467
20241106_135823_963592242,2.1287572
20241106_135824_217937701,0.26493263
20241106_135824_467578163,-0.071215354
20241106_135824_706397091,0.15688008
20241106_135824_957336883,1.1231413
20241106_135825_207828171,0.30767214
20241106_135825_455646304,0.26688057
20241106_135825_705395622,0.53705376
20241106_135825_947719009,0.40694037
20241106_135826_200413311,0.13410155
20241106_135826_449443907,0.019810835
20241106_135826_706616321,-0.018776258
20241106_135826_961764427,-0.0089702215
20241106_135827_214515332,-0.020162007
20241106_135827_453984824,0.09786055
20241106_135827_703569914,0.06474803
20241106_135827_961141211,0.08700333
20241106_135828_219420213,0.09393833
20241106_135828_461679740,0.1935526
20241106_135828_713053934,0.71844894
20241106_135828_965259314,-0.1432473
20241106_135829_221607171,1.2361066
20241106_135829_463716769,0.34989074
20241106_135829_718187432,0.37411633
20241106_135829_958703174,0.28844443
20241106_135830_218082788,0.22391872
20241106_135830_454338273,0.29336873
20241106_135830_705758707,0.6348554
20241106_135831_209205322,0.47379628
20241106_135831_452275630,0.5231868
20241106_135831_714561546,0.4693832
20241106_135831_967831120,0.44722703
20241106_135832_215035680,0.44676134
20241106_135832_458080028,0.48403546
20241106_135832_717726103,0.4846867
20241106_135832_977555396,0.49474558
20241106_135833_220786897,0.89230585
20241106_135833_470696085,0.64455736
20241106_135833_719516253,0.38834095
20241106_135833_964929080,0.33254722
20241106_135834_262363903,0.28204507
20241106_135834_463194260,0.32873294
20241106_135834_714584404,0.2875002
20241106_135834_968760502,-0.052908503
20241106_135835_217623372,-0.0034503546
20241106_135835_457642598,0.14170353
20241106_135835_713959934,0.15287225
20241106_135835_953596346,0.089388765
20241106_135836_209043621,0.12811764
20241106_135837_951307131,0.13102125
20241106_135838_206319412,-0.02231904
20241106_135838_460707853,-0.31035855
20241106_135838_703589213,-0.114318185
20241106_135838_954063110,-0.02946957
20241106_135839_209540224,0.075144686
20241106_135839_454991586,0.002352396
20241106_135839_704569528,0.026457766
20241106_135839_953864583,0.04040829
20241106_135840_451553141,0.053974427
20241106_135840_697848254,0.04620395
20241106_135840_948797199,0.010139564
20241106_135841_205828731,-0.54822
20241106_135841_453546548,-1.2253425
20241106_135841_707497126,-1.063426
20241106_135841_957405683,-0.5778571
20241106_135842_212208495,-0.32636198
20241106_135842_460226183,-0.4664667
20241106_135842_714162516,-0.21509908
20241106_135842_967157411,-0.09728999
20241106_135843_209322087,-0.25076088
20241106_135843_456938433,-0.4975914
20241106_135843_715694710,-0.6871716
20241106_135843_967246183,0.5886757
20241106_135844_229321115,0.0871437
20241106_135844_466676174,0.17138319
20241106_135844_716818910,0.22954915
20241106_135844_956491593,0.66467714
20241106_135845_208459432,0.36978915
20241106_135845_457664752,0.3773118
20241106_135845_705954518,0.6333108
20241106_135845_957832847,1.0144953
20241106_135846_207964615,0.7792764
20241106_135846_454674242,0.6139708
20241106_135846_706425864,0.5642948
20241106_135846_956331494,0.5248557
20241106_135847_449413642,0.8386929
20241106_135847_700969789,0.123559065
20241106_135847_952508488,0.20849676
20241106_135848_209877007,-0.15775017
20241106_135848_467551402,-0.09841546
20241106_135848_714166764,0.008695105
20241106_135849_202795184,0.014135161
20241106_135849_449720801,-1.3526206
20241106_135849_702400506,-0.2606818
20241106_135849_957343399,-0.26996535
20241106_135850_217538661,-0.21699382
20241106_135850_461761261,-0.27136877
20241106_135850_706988475,-0.34284237
20241106_135850_951232198,-0.36541966
20241106_135851_206008299,-0.4844317
20241106_135851_451593730,-0.42885023
20241106_135851_699581958,-0.42632028
20241106_135851_951242244,-0.45905948
20241106_135852_204317373,-1.5719522
20241106_135852_453399938,-0.87109274
20241106_135852_701673518,-0.75716585
20241106_135853_456997055,-0.70930654
20241106_135853_698284919,-0.88206714
20241106_135855_204401264,-0.7361163
20241106_135855_450747116,-0.6675154
20241106_135855_698800631,0.9657627
20241106_135855_950878936,0.40713817
20241106_135856_209008011,0.28046027
20241106_135856_470457816,0.22779165
20241106_135856_708784723,0.16690318
20241106_135856_954272488,0.19557087
20241106_135857_704356829,-0.36728767
20241106_135857_957183055,-0.050993226
20241106_135858_200628131,-0.19395389
20241106_135858_449722946,0.067437924
20241106_135858_705994391,0.039522365
20241106_135858_959119458,0.12764148
20241106_135859_206851101,0.15144937
20241106_135859_702559977,0.12288789
20241106_135859_954535392,0.15111546
20241106_135900_200663079,0.15367089
20241106_135900_456434131,0.12766795
20241106_135900_709737914,0.076901294
20241106_135900_957286392,0.035196103
20241106_135901_216035447,-0.7468477
20241106_135901_463736351,-0.11728182
20241106_135901_704766842,-0.19826414
20241106_135901_960127810,-0.1244938
20241106_135902_206823928,-0.66861045
20241106_135902_461699125,-0.76361686
20241106_135902_709189119,-0.28520676
20241106_135902_955566930,-0.2487398
20241106_135903_208781122,0.48000547
20241106_135903_465403467,0.43828383
20241106_135903_736089701,1.9511704
20241106_135903_989249608,1.5794967
20241106_135904_223527415,-0.63630915
20241106_135904_463516616,-0.12421262
20241106_135904_712986167,-0.41239646
20241106_135904_963979578,-0.37713492
20241106_135905_206983385,-0.29793826
20241106_135905_460088726,-0.25503278
20241106_135905_710803227,-0.25116795
20241106_135905_960336926,-0.08954217
20241106_135906_214549434,-0.08570727
20241106_135906_467666142,-0.1304834
20241106_135906_958992859,-0.32146546
20241106_135907_208631936,-1.670981
20241106_135907_454861069,1.1170969
20241106_135907_704729464,0.6379922
20241106_135907_951925077,0.53824335
20241106_135908_204864168,0.14187084
20241106_135908_459895786,0.23460619
20241106_135908_718875204,0.43239093
20241106_135908_957644379,1.2027274
20241106_135909_206596292,0.73741186
20241106_135909_453835525,0.3544467
20241106_135909_708731871,0.40123588
20241106_135909_950205479,0.8081782
20241106_135910_200460565,0.2947434
20241106_135910_459213761,0.77192795
20241106_135910_709575737,-0.037633084
20241106_135910_956526905,0.03652797
20241106_135911_211746586,0.08149884
20241106_135911_455787766,0.079779126
20241106_135911_706365316,-0.66262
20241106_135911_957983245,-0.003330281
20241106_135912_210791249,0.049895324
20241106_135912_710968335,-0.035976313
20241106_135912_960172880,0.12326688
20241106_135913_217731966,0.26691732
20241106_135913_460065408,0.33860216
20241106_135913_716564258,0.25823888
20241106_135913_959773842,0.20958625
20241106_135914_206295701,0.36857557
20241106_135914_458119351,-0.6953537
20241106_135914_705449871,-0.020530047
20241106_135914_951826672,-0.19665746
20241106_135915_213663283,-0.2423364
20241106_135915_452356095,-0.29156718
20241106_135915_702025878,0.078036815
20241106_135915_948239727,0.64579475
20241106_135916_206714407,0.39778998
20241106_135916_456201519,0.25315183
20241106_135916_708147433,0.32467744
20241106_135916_953100633,0.6020176
20241106_135917_206218736,0.7434347
20241106_135918_954926769,1.4702417
20241106_135919_205006670,0.4781964
20241106_135919_455163390,-0.14699103
20241106_135919_708915891,-0.9733101
20241106_135919_956504260,-0.29707912
20241106_135920_212905251,0.623207
20241106_135920_470043277,0.3089654
20241106_135920_714543028,0.1676877
20241106_135920_957350714,-0.014050564
20241106_135921_207003836,-0.0057479944
20241106_135921_456781108,0.07533417
20241106_135921_702929114,0.089201845
20241106_135921_951837712,0.48472616
20241106_135922_206614511,0.5503002
20241106_135922_453687397,0.15158449
20241106_135922_698799711,0.1303929
20241106_135922_947348925,0.5733835
20241106_135923_200274529,0.10005636
20241106_135923_698676564,0.17154789
20241106_135923_947574975,-0.06748595
20241106_135924_203543585,0.024989882
20241106_135924_452871626,0.365954
20241106_135924_702549542,0.6400693
20241106_135924_954442563,0.2231998
20241106_135925_202597927,-0.539707
20241106_135925_447668337,-0.8062088
20241106_135925_721555540,-1.0133452
20241106_135925_955248544,-1.0400568
20241106_135926_210582989,-0.42973801
20241106_135926_468886097,-0.25205007
20241106_135926_706171037,-0.21394838
20241106_135927_705760780,0.6767111
20241106_135927_952458987,0.49936375
20241106_135928_204965836,0.71645284
20241106_135928_455317730,-0.08233644
20241106_135928_705676037,-0.74440724
20241106_135928_951922933,-0.7182495
20241106_135929_201762369,-0.3434156
20241106_135929_454111128,-0.21544151
20241106_135929_698141507,-0.30138633
20241106_135929_945576024,-0.7670776
20241106_135930_194655995,-0.7335642
20241106_135930_443735916,-0.9752014
20241106_135930_693912877,-0.656237
20241106_135930_955996704,-0.7024308
20241106_135931_205897547,-0.8216445
20241106_135931_450744703,0.87464494
20241106_135931_703919966,0.42792416
20241106_135931_954104696,0.25932208
20241106_135932_199590292,0.663036
20241106_135932_697347748,0.3305024
20241106_135932_958690826,0.31199256
20241106_135933_448787956,0.28051478
20241106_135933_698497407,0.24167456
20241106_135933_948796976,0.3062016
20241106_135934_240829740,0.23456945
20241106_135934_448142662,0.17430238
20241106_135934_695629250,0.29633266
20241106_135934_954994170,0.41088745
20241106_135935_213378028,-0.06788816
20241106_135935_454840940,0.097433545
20241106_135935_710108766,0.082233645
20241106_135935_952960218,-0.1562411
20241106_135936_201041869,-0.4801157
20241106_135936_449712400,-0.4985794
20241106_135936_705737199,-0.3367941
20241106_135937_195579886,-0.25552565
20241106_135937_448128485,-0.23680477
20241106_135937_705662558,-0.13302848
20241106_135938_194721235,-0.22879525
20241106_135938_443854917,-0.117604576
20241106_135938_695616764,-0.13652201
20241106_135938_945387864,0.06484164
20241106_135939_695137103,-0.033682846
20241106_135940_700388465,-0.03102096
20241106_135941_199881435,-0.07595947
20241106_135943_201545371,-0.05429276
20241106_135944_460446426,-0.08692255
20241106_135944_710014268,-0.22929125
20241106_135945_219372608,-0.4713354
20241106_135945_477024087,0.47405437
20241106_135945_735745768,-0.48258415
20241106_135945_972606903,0.260047
20241106_135946_220126488,0.21434228
20241106_135946_463030711,0.76520705
20241106_135946_708958311,1.3170253
20241106_135946_954119161,0.96918285
20241106_135948_202910493,0.6480076
20241106_135948_450908233,0.19764654
20241106_135949_699665865,0.35725665
20241106_135949_948557656,0.75458384
20241106_135950_195433993,0.46014258
20241106_135950_444380015,0.14477818
20241106_135950_697923770,0.27690363
20241106_135950_946776507,0.27824864
20241106_135951_196403615,0.27821815
20241106_135951_443782291,0.6301535
20241106_135951_691998452,0.616128
20241106_135952_450068644,0.46695524
20241106_135953_465610573,0.57573724
20241106_135953_713475680,1.5351405
20241106_135953_954525895,0.83534867
20241106_135954_203887975,-0.795139
20241106_135954_449634169,-0.6254737
20241106_135954_704264490,-0.69493514
20241106_135954_949845918,-0.19059734
20241106_135955_202023350,-0.13471842
20241106_135955_445625015,-0.2231478
20241106_135955_710661465,-0.50164425
20241106_135955_945166755,-0.48897737
20241106_135956_198411503,-0.84563875
20241106_135956_453892427,-0.56157
20241106_135956_709551550,-0.53185874
20241106_135956_957064981,-0.47578728
20241106_135957_199342770,-0.44770882
20241106_135957_447512841,-0.34831035
20241106_135957_702178786,-0.021377726
20241106_135957_962026198,-0.037120126
20241106_135958_207707882,-0.19548206
20241106_135958_468939981,-0.18495093
20241106_135958_960239855,-0.16463454
20241106_135959_216913977,-0.44695407
20241106_135959_498671680,0.5428294
20241106_135959_744202872,-1.2301558
20241106_140000_000149912,-0.77250475
20241106_140000_242912100,-0.2964876
20241106_140000_478696530,-0.32719874
20241106_140000_723399052,-0.5274495
20241106_140000_966193423,-1.1031616
20241106_140001_218603821,0.10722581
20241106_140001_464097727,-0.015326461
20241106_140001_717375309,-0.062293224
20241106_140001_960448102,-0.042246602
20241106_140002_210769466,-0.87068576
20241106_140002_467698303,-0.77541965
20241106_140002_721128917,-0.87974477
20241106_140002_965782992,-0.5501378
20241106_140003_214284219,0.065512024
20241106_140003_456962396,0.40100327
20241106_140003_710086718,0.27577475
20241106_140003_952381984,-0.55716836
20241106_140004_218526303,-0.45811954
20241106_140004_451306509,-0.009304127
20241106_140004_705846188,1.2913935
20241106_140004_956947339,0.945849
20241106_140005_208609118,-0.42209193
20241106_140005_455584267,0.009551236
20241106_140005_708496045,-0.096583426
20241106_140005_960928674,-0.07303306
20241106_140006_222622866,0.03652505
20241106_140006_461161747,0.10444669
20241106_140006_728625091,0.20459701
20241106_140006_962885784,0.038985766
20241106_140007_206660580,0.030520955
20241106_140007_464466786,-0.012969574
20241106_140007_717108373,-0.0072468724
20241106_140007_960691460,-0.017124375
20241106_140008_211545432,-0.02936264
20241106_140008_459866789,-0.46240264
20241106_140008_712394208,-0.6154727
20241106_140008_952204965,-0.38505483
20241106_140009_207919735,-0.5832787
20241106_140009_457231801,0.6751837
20241106_140009_702038158,-0.4214168
20241106_140009_988125674,-0.58604234
20241106_140010_221488042,-0.7847028
20241106_140010_462563617,-0.5968891
20241106_140010_713172365,-0.008150766
20241106_140010_951322205,-0.12908956
20241106_140011_459746644,-0.16632076
20241106_140011_703871824,-0.0021180715
20241106_140011_953973118,0.15804228
20241106_140012_204420740,0.215175
20241106_140012_460689482,0.06327454
20241106_140012_713018897,-0.16559611
20241106_140012_963811281,-0.0890164
20241106_140013_214517312,0.07023922
20241106_140013_461253720,0.07810352
20241106_140013_704277180,0.05546043
20241106_140013_957426573,0.00792102
20241106_140014_208883035,0.12846462
20241106_140014_460650742,0.16774878
20241106_140014_724955618,-0.09823154
20241106_140014_965352879,-0.19470733
20241106_140015_233430307,-0.16523668
20241106_140015_486019990,-0.02896974
20241106_140015_729826418,-0.0016796794
20241106_140015_976094396,0.13305338
20241106_140016_224972232,0.07254516
20241106_140016_472198634,0.062292434
20241106_140016_714437248,0.067174114
20241106_140016_953690154,-0.001220366
20241106_140017_201742631,-0.21797456
20241106_140017_453879644,-0.24605618
20241106_140017_704674979,-0.48555943
20241106_140017_952975108,-1.0743071
20241106_140018_208889040,-0.045920216
20241106_140018_461157045,0.05958838
20241106_140018_719147836,0.36240175
20241106_140018_958959818,0.37706015
20241106_140019_205255852,0.73257846
20241106_140019_455484106,0.82070285
20241106_140019_704137023,0.72143155
20241106_140019_951605729,0.70092577
20241106_140020_449964805,0.66916364
20241106_140020_700134957,0.909663
20241106_140020_950908396,0.68957925
20241106_140021_202243694,0.8098315
20241106_140021_453814701,0.6760579
20241106_140021_952298061,0.6743742
20241106_140022_207998188,0.6035013
20241106_140022_454400656,-0.91959673
20241106_140022_711622180,0.7440265
20241106_140022_951137264,0.937445
20241106_140023_208129867,-0.0979666
20241106_140023_453200802,-0.10055213
20241106_140023_701721960,1.118268
20241106_140023_954251237,-0.63115263
20241106_140024_204626035,0.4330113
20241106_140024_453916661,0.96719897
20241106_140024_699406724,0.48085108
20241106_140024_947967452,0.9900287
20241106_140025_196479932,0.07248565
20241106_140025_445863003,0.032649323
20241106_140025_702139832,-0.2922539
20241106_140025_948147332,-0.74408513
20241106_140026_201800903,-0.50153106
20241106_140026_466139781,-0.22239448
20241106_140026_701882308,-0.50071925
20241106_140026_950216898,-0.95553166
20241106_140027_201083071,-0.8132304
20241106_140027_448351544,-0.8462412
20241106_140027_703015016,-1.3430163
20241106_140027_946344199,-0.9047552
20241106_140028_199062217,-0.79408574
20241106_140028_450498043,-0.7928066
20241106_140028_960055025,-0.789534
20241106_140029_210168872,-0.75884604
20241106_140029_700841533,-0.85367996
20241106_140029_951000309,0.85526365
20241106_140030_207472867,-0.77984965
20241106_140030_456400049,-0.7924828
20241106_140030_704156211,-0.60274655
20241106_140031_451008784,-0.64890796
20241106_140031_714354349,-0.3226084
20241106_140031_948531320,-0.030868994
20241106_140032_200176761,-0.24961285
20241106_140032_454171021,-0.2153069
20241106_140032_710889756,-0.557902
20241106_140032_951049656,-0.11318984
20241106_140033_224978250,-0.45165518
20241106_140033_948610205,-0.17553808
20241106_140034_228400843,-0.33809042
20241106_140034_461798243,-0.60495603
20241106_140034_711269860,-0.6858769
20241106_140034_951054301,-0.8183562
20241106_140035_202610056,-0.41533312
20241106_140035_703053771,-0.5515703
20241106_140036_202213400,-0.47521934
20241106_140036_952779907,-0.4587693
20241106_140037_199196643,-0.55651337
20241106_140037_447409476,-0.3227011
20241106_140037_711748893,-0.13127884
20241106_140037_948047413,-0.1590326
20241106_140038_198009367,-0.11157449
20241106_140038_448587639,0.019097904
20241106_140038_704212381,-0.12943591
20241106_140038_948583236,-0.39655802
20241106_140039_198408205,-0.50936383
20241106_140039_705182442,-0.37817323
20241106_140040_204759770,-0.19240196
20241106_140040_451856367,-0.22724093
20241106_140040_959915339,-0.2518213
20241106_140041_205795208,0.007098833
20241106_140041_457499778,-0.017901545
20241106_140041_699827699,-0.14848168
20241106_140041_947983702,-0.18507735
20241106_140042_196878198,-0.16746147
20241106_140042_444516007,-0.18179508
20241106_140042_694355191,-0.14988543
20241106_140042_953614321,-0.56054693
20241106_140043_457813229,-0.38027665
20241106_140043_714966261,-0.2262633
20241106_140043_950421442,-0.24420477
20241106_140044_201600916,-0.35467905
20241106_140044_698293419,-0.39367494
20241106_140044_955479069,-0.22209878
20241106_140045_206382009,0.28874967
20241106_140045_452356527,0.008439818
20241106_140045_702830147,0.1306849
20241106_140045_954887247,0.3609751
20241106_140046_200315060,0.62675136
20241106_140046_456008242,0.79797286
20241106_140046_701285884,0.38865277
20241106_140046_945551753,-0.038337193
20241106_140047_196617953,-0.023311755
20241106_140047_453474087,-0.08101001
20241106_140047_702203641,0.017096559
20241106_140047_949460798,0.02641336
20241106_140048_203981180,0.18651898
20241106_140048_453307074,-0.20592825
20241106_140048_702885654,-0.20562439
20241106_140048_948254928,-0.45496035
20241106_140049_203467868,-1.0578353
20241106_140049_462038068,-0.7498744
20241106_140049_710912887,0.9077537
20241106_140049_969712291,0.8946098
20241106_140050_219448330,0.6875231
20241106_140050_469426739,0.17278834
20241106_140050_727730686,0.1767946
20241106_140050_960082895,-0.16924585
20241106_140051_217077435,0.11469708
20241106_140051_711677695,0.12625845
20241106_140052_210861115,-0.243252
20241106_140052_459401329,-0.79033995
20241106_140052_960707225,-0.4713749
20241106_140053_216068955,-0.12681921
20241106_140053_712614116,-0.08892342
20241106_140054_201928371,-0.00603207
20241106_140054_457170240,-0.18719967
20241106_140054_721267216,-0.16070126
20241106_140054_965443002,0.37204322
20241106_140055_213858612,0.15329947
20241106_140055_459304193,0.06773002
20241106_140055_712962661,0.041008033
20241106_140056_209266236,-0.063805126
20241106_140056_453865785,-0.34272748
20241106_140056_702646912,-0.14379342
20241106_140056_951598328,-0.33109704
20241106_140057_208623627,-0.22130914
20241106_140057_452196664,-0.26304963
20241106_140057_704604661,-0.027128562
20241106_140057_948814045,0.07861545
20241106_140058_206885406,0.14931224
20241106_140058_456973409,0.91234905
20241106_140058_708013367,0.39983284
20241106_140058_949337135,0.41539207
20241106_140059_202031430,0.42665914
20241106_140059_452502263,0.11956129
20241106_140059_964341176,0.21131368
20241106_140100_203223944,0.65713185
20241106_140100_454357465,0.5094739
20241106_140100_703936716,0.2544013
20241106_140100_955712868,-0.07549619
20241106_140101_204723102,0.09816725
20241106_140101_701204255,0.0023078118
20241106_140101_955109688,0.06947414
20241106_140102_215680412,0.038795747
20241106_140102_702771414,-0.04054179
20241106_140103_456486440,0.059371747
20241106_140103_950892599,0.074383534
20241106_140104_195847609,0.080495186
20241106_140104_697456869,0.09194172
20241106_140105_206625153,-0.033096395
20241106_140105_457236076,-0.38582942
20241106_140105_715346136,-0.9545138
20241106_140105_961072792,-1.2298291
20241106_140106_204504588,-0.6325273
20241106_140106_453093926,-0.7567525
20241106_140106_713642967,-0.31027403
20241106_140106_972747487,-0.27439734
20241106_140107_231337074,-0.44022572
20241106_140107_468928077,-0.34922796
20241106_140107_712917883,-0.29807606
20241106_140107_959307244,-0.5470131
20241106_140108_703167754,-0.12407399
20241106_140108_957327700,-0.3325817
20241106_140109_215856346,-0.31331596
20241106_140109_702959267,-0.24243282
20241106_140109_954202748,-0.21801628
20241106_140110_198204945,-0.30782667
20241106_140110_952408342,-0.37368083
20241106_140111_207599400,-0.32985604
20241106_140111_472521439,-0.27843854
20241106_140111_719616450,0.09581987
20241106_140111_964687898,0.286128
20241106_140112_211548269,0.06627337
20241106_140112_470322059,0.2367721
20241106_140112_714136608,0.17374192
20241106_140112_959443732,0.19025104
20241106_140113_703710619,0.27305546
20241106_140113_954296003,0.18434732
20241106_140114_214623046,-0.016266843
20241106_140114_711501667,0.13680463
20241106_140114_958483197,-0.12688924
20241106_140115_207757425,-0.06948366
20241106_140115_453334077,0.02262626
20241106_140115_703400867,-0.04526659
20241106_140115_961003104,0.05738441
20241106_140116_218381299,0.34566903
20241106_140116_456976173,0.26766855
20241106_140116_707893133,0.038470246
20241106_140116_950303541,-0.035088085
20241106_140117_197144647,0.045892097
20241106_140117_447653181,0.01767377
20241106_140117_953720787,0.004829088
20241106_140118_205594565,0.040900923
20241106_140118_460934304,0.051015653
20241106_140118_708195437,0.27268022
20241106_140118_956318917,0.33383405
20241106_140119_209088504,0.2642186
20241106_140119_451636178,-0.1722097
20241106_140119_701112495,-0.44223168
20241106_140119_947314040,-0.44361678
20241106_140120_201857004,0.22188379
20241106_140120_448021027,0.1572272
20241106_140120_706433601,0.3817639
20241106_140120_954449689,-0.55695295
20241106_140121_205147121,-0.3331279
20241106_140121_451934465,0.07638104
20241106_140121_703393647,0.044697084
20241106_140121_945932180,0.2939105
20241106_140122_195046682,0.05795411
20241106_140122_446200766,0.009636084
20241106_140122_709574971,0.04132656
20241106_140123_195782404,0.06481973
20241106_140124_198783271,-0.032107316
20241106_140124_448833742,-0.012570819
20241106_140124_696287117,0.009982327
20241106_140124_949040236,0.32760194
20241106_140125_198276398,-0.13963927
20241106_140125_449054018,0.24113767
20241106_140125_699655045,0.4769465
20241106_140125_951496733,0.34688756
20241106_140126_203371589,0.2749797
20241106_140126_447918219,0.20561476
20241106_140126_700594149,-0.56814396
20241106_140126_959842773,0.23041038
20241106_140127_212210808,0.06461359
20241106_140127_454069160,-0.0048046466
20241106_140127_722211873,0.015501818
20241106_140127_967419301,0.49971756
20241106_140128_209908254,0.13616891
20241106_140128_701557588,0.006005088
20241106_140128_946414939,-0.06426545
20241106_140129_198984104,-0.06133785
20241106_140129_698658791,0.009169558
20241106_140130_199627265,0.03238026
20241106_140130_450851146,0.045696057
20241106_140130_702159476,0.026115337
20241106_140130_945225496,0.04378847
20241106_140131_200066807,0.029795269
20241106_140131_703878178,0.05980829
20241106_140131_958535855,0.05879525
20241106_140132_211533625,0.06972442
20241106_140132_459476172,0.08293364
20241106_140132_707275618,0.023720661
20241106_140132_950772682,0.06533644
20241106_140133_205160154,0.05190835
20241106_140133_446128514,0.07411084
20241106_140134_245501393,-0.09911307
20241106_140135_197549193,-0.19294037
20241106_140135_447623290,-0.12265762
20241106_140135_699366158,-0.30795178
20241106_140136_201314263,-0.4251874
20241106_140136_455641344,-0.21340156
20241106_140136_703457416,0.4530783
20241106_140136_948754273,-0.27701804
20241106_140137_201109600,-0.0719563
20241106_140137_448913424,0.024306932
20241106_140137_696897203,-0.053927027
20241106_140137_944824159,-0.115445815
20241106_140138_445527141,-0.09375056
20241106_140138_695050767,-0.13681163
20241106_140138_948472874,-0.36866844
20241106_140139_198497405,-0.417675
20241106_140139_698838265,-0.29424295
20241106_140139_952336109,-0.43134257
20241106_140140_202505298,-0.44378015
20241106_140140_449576090,0.49471703
20241106_140140_697453898,0.4984105
20241106_140140_947311870,-0.6055219
20241106_140141_198810140,-0.5573127
20241106_140141_445616530,-0.61167365
20241106_140141_695543230,-0.6466797
20241106_140141_946749307,-0.6359855
20241106_140142_204129383,-0.72032213
20241106_140142_450382897,-0.54563886
20241106_140142_697886147,-0.18249701
20241106_140142_946461499,-0.2521779
20241106_140143_197760750,-0.39008805
20241106_140143_449121880,-0.6995501
20241106_140143_702675523,-1.0081967
20241106_140143_947684582,-0.78660613
20241106_140144_194766204,-0.6248949
20241106_140144_443769204,-0.59849226
20241106_140144_694561672,-0.43307704
20241106_140144_945790033,-0.30307326
20241106_140145_195198919,-0.04733949
20241106_140145_444192844,-0.11638471
20241106_140145_692964808,-0.26500118
20241106_140145_946247292,-0.8898656
20241106_140146_202939249,-0.5569794
20241106_140146_454461447,0.2441511
20241106_140146_705064282,1.0428846
20241106_140146_947366190,0.43415898
20241106_140147_200849924,0.33744395
20241106_140147_445466147,0.4916707
20241106_140147_694967761,0.7724482
20241106_140147_943443746,0.4794732
20241106_140148_194533565,1.0730464
20241106_140148_442476160,0.3601314
20241106_140148_693594329,-0.4593466
20241106_140148_943768047,-0.6086934
20241106_140149_199356193,-0.64338535
20241106_140149_702778314,-0.21202919
20241106_140149_951895054,-0.17113873
20241106_140150_201990988,-0.30207807
20241106_140150_447139199,-0.35605994
20241106_140150_706126223,-0.5327329
20241106_140150_950393791,-0.48898163
20241106_140151_205794870,-0.94610536
20241106_140151_445396540,-0.96232855
20241106_140151_696437868,-0.7853176
20241106_140151_946817614,0.50491196
20241106_140152_197328925,0.39748892
20241106_140152_448857658,0.43777847
20241106_140152_698309565,0.1319261
20241106_140152_950704128,0.24045657
20241106_140153_201576017,0.16084124
20241106_140153_450006315,0.15713413
20241106_140153_696488433,0.11308805
20241106_140153_947468320,0.2429683
20241106_140154_703345401,0.21839385
20241106_140154_947523287,0.21861716
20241106_140155_194729589,0.3133132
20241106_140155_452264281,0.27192003
20241106_140155_703534030,0.28840014
20241106_140155_946429708,0.36773786
20241106_140156_197621333,0.30715606
20241106_140156_443954530,0.26362866
20241106_140156_695860662,0.19446512
20241106_140156_944851849,0.20011635
20241106_140157_197985060,0.16117619
20241106_140157_444786747,0.1996121
20241106_140157_701988735,0.23592903
20241106_140157_946236656,0.26792163
20241106_140158_196692783,0.22726722
20241106_140158_443079580,0.22557522
20241106_140159_697937402,0.15647598
20241106_140159_944890895,0.21027113
20241106_140200_193736483,0.11962781
20241106_140200_446958037,0.16428812
20241106_140200_696565603,0.07711164
20241106_140201_454767438,0.086069144
20241106_140201_700384573,0.08049963
20241106_140202_200610669,-0.0072913375
20241106_140202_445137559,0.020495186
20241106_140202_696630830,0.010608623
20241106_140202_944124424,0.0595595
20241106_140203_196674902,0.061581507
20241106_140203_452160985,0.15679397
20241106_140203_701873030,-0.047241412
20241106_140203_947576291,-0.09552523
20241106_140204_205318279,-0.13702242
20241106_140204_461184385,-0.12299245
20241106_140204_729065934,-0.1053608
20241106_140204_980422217,-1.6105715
20241106_140205_224208130,-0.40530503
20241106_140205_471047251,0.80471975
20241106_140205_718176747,1.4071425
20241106_140205_954136445,-0.5342446
20241106_140206_209580307,-0.95940185
20241106_140206_459732154,0.4719101
20241106_140206_711884051,-0.25159875
20241106_140206_969031653,-0.15667303
20241106_140207_218942039,-0.44167572
20241106_140207_475980053,-0.21964963
20241106_140207_728178660,-0.558574
20241106_140207_977403321,-0.47476926
20241106_140208_230617691,-0.18761604
20241106_140208_467161481,-0.14022179
20241106_140208_732922251,-0.1213583
20241106_140208_962574061,-0.28810558
20241106_140209_220556069,-0.1628174
20241106_140209_468828625,-1.7472407
20241106_140209_727848428,0.7558252
20241106_140209_971583233,0.23483126
20241106_140210_220121606,-0.118795656
20241106_140210_467945706,-0.09512123
20241106_140210_727637435,0.030281076
20241106_140210_971753604,-0.042488776
20241106_140211_223813634,-0.39142433
20241106_140211_469052709,-0.48796377
20241106_140211_720559656,-0.6518391
20241106_140211_961777310,-0.17131905
20241106_140212_207957047,-0.19271035
20241106_140212_457850513,-0.5614612
20241106_140212_705795092,-0.851816
20241106_140212_950583276,-0.41624355
20241106_140213_209939960,-0.82030016
20241106_140213_455974717,-1.7315665
20241106_140213_707293618,-0.42658874
20241106_140213_957309676,-0.6781543
20241106_140214_207970680,-1.1639246
20241106_140214_456028482,-0.35034722
20241106_140214_703475919,-0.65911305
20241106_140214_950622256,-0.36890763
20241106_140215_200253916,-0.5164048
20241106_140215_451642766,-0.40275726
20241106_140215_701855516,-0.21970002
20241106_140215_951191007,-0.27284324
20241106_140216_205912556,-0.3803031
20241106_140216_457825453,-0.3388199
20241106_140216_704617925,-0.3099959
20241106_140216_953364668,-0.18847372
20241106_140217_206671732,-0.22822346
20241106_140217_456121992,-0.37880382
20241106_140217_698703633,-0.43507084
20241106_140218_211835295,-0.46480697
20241106_140218_462561037,-0.5373979
20241106_140218_954529178,-0.66419035
20241106_140219_208011583,-1.0580132
20241106_140219_460986281,-2.720083
20241106_140219_718154703,0.25566965
20241106_140219_964561995,0.21896257
20241106_140220_205122365,0.15098567
20241106_140220_452636731,-0.24920817
20241106_140220_712023863,0.389231
20241106_140220_949683808,0.3961997
20241106_140221_216668984,-0.11522248
20241106_140221_466639869,-0.2798593
20241106_140221_712015804,-0.16994749
20241106_140221_952121817,-0.30428156
20241106_140222_200391140,-0.26617834
20241106_140222_459466969,-0.25610015
20241106_140222_704827022,-0.20333897
20241106_140222_949973260,-0.56180346
20241106_140223_203468259,-0.3559023
20241106_140223_459043503,-2.2728052
20241106_140223_709550346,-0.07977519
20241106_140223_959323371,0.43463808
20241106_140224_210430464,0.5923739
20241106_140224_461556191,0.6061523
20241106_140224_710018592,1.129643
20241106_140224_963189688,0.4951369
20241106_140225_212375258,1.0567908
20241106_140225_465048029,0.79668105
20241106_140225_719124262,-0.018165631
20241106_140225_980668065,-0.2310185
20241106_140226_218110686,-0.4734312
20241106_140226_475630928,-0.5819885
20241106_140226_727441296,-0.35664487
20241106_140226_966186649,-0.5709573
20241106_140227_212008434,-0.6878429
20241106_140227_452442345,-0.0137629565
20241106_140227_704125399,-0.29106358
20241106_140227_954124661,-0.40931323
20241106_140228_201298883,0.33300114
20241106_140228_454564880,0.18661088
20241106_140228_704334538,0.1054971
20241106_140228_962375503,0.068054475
20241106_140229_218682927,0.46245563
20241106_140229_469358249,0.17116292
20241106_140229_721602352,-0.42933762
20241106_140229_976824746,-0.49127874
20241106_140230_216428056,-0.31484506
20241106_140230_459672673,-0.31481022
20241106_140230_717780709,-0.38628525
20241106_140230_955287179,-0.4564846
20241106_140231_207792307,-0.2333469
20241106_140231_451214377,-0.19836299
20241106_140231_708566329,0.03166315
20241106_140231_953410176,-0.3108086
20241106_140232_201078810,-0.58902156
20241106_140232_457129401,-0.37765697
20241106_140232_968954732,-0.28388706
20241106_140233_217535730,-0.40405843
20241106_140233_717452732,-0.3526274
20241106_140234_458635716,0.6900251
20241106_140234_706802472,1.2620717
20241106_140234_956151656,0.44227153
20241106_140235_207856571,0.046904057
20241106_140235_477208215,0.1530466
20241106_140235_703783854,0.16037467
20241106_140235_952442425,0.22913407
20241106_140236_204717305,0.17505345
20241106_140236_455243734,-0.04672291
20241106_140236_710301555,0.22893761
20241106_140236_947583693,0.30530056
20241106_140237_196968645,-0.0067849364
20241106_140238_442997941,0.055796005
20241106_140238_699486004,0.08126596
20241106_140238_949775298,0.28890955
20241106_140239_201796319,0.46359062
20241106_140239_702091354,0.21786682
20241106_140239_944772284,0.1712154
20241106_140240_199874909,-1.6546714
20241106_140240_451656063,-1.5062326
20241106_140240_700096922,-0.77694803
20241106_140240_954255256,0.07705269
20241106_140241_205040066,-0.24187393
20241106_140241_454860906,0.29596832
20241106_140241_712989516,0.33159444
20241106_140241_954773523,0.14039163
20241106_140242_203418024,0.13877772
20241106_140242_454376939,0.13021515
20241106_140242_703221284,0.16599147
20241106_140242_951324451,0.8279395
20241106_140243_197322166,0.42801067
20241106_140243_708316219,0.19403291
20241106_140243_955035328,0.2902942
20241106_140244_216649217,0.35271615
20241106_140244_461239936,0.06576846
20241106_140244_712578539,0.19565253
20241106_140244_960139295,0.26204965
20241106_140245_212630257,0.20595406
20241106_140245_462228869,0.21569245
20241106_140245_698853984,0.24476229
20241106_140246_708407263,-0.039058827
20241106_140246_959914998,0.13238035
20241106_140247_211679880,0.062658526
20241106_140247_457366422,0.117907025
20241106_140247_711384222,0.54824615
20241106_140247_964005429,1.0625228
20241106_140248_213869219,0.49201337
20241106_140248_452653682,0.3102439
20241106_140248_949082072,0.3651281
20241106_140249_958082330,0.39617825
20241106_140250_207759881,0.3899524
20241106_140250_710084131,0.4058586
20241106_140250_964736328,0.49691567
20241106_140251_453214393,0.36912444
20241106_140251_709956926,0.1883652
20241106_140252_218333219,0.2178999
20241106_140252_466993851,0.1632214
20241106_140252_713334209,0.20391916
20241106_140252_961562315,0.03847269
20241106_140253_210806276,1.0229155
20241106_140253_469261130,0.14688104
20241106_140253_722227395,-0.675181
20241106_140253_969406130,-0.012017509
20241106_140254_210560227,-0.13233466
20241106_140254_457604118,-0.06423565
20241106_140254_709840875,-0.025824806
20241106_140254_951138859,-0.117922954
20241106_140255_205413677,0.406045
20241106_140255_464045139,-0.6569547
20241106_140255_712364420,-0.7378763
20241106_140255_957426885,-0.5358066
20241106_140256_205980572,-0.3682988
20241106_140256_464276015,-0.6335987
20241106_140256_710059252,-0.50625724
20241106_140256_955518882,-0.4067841
20241106_140257_452339007,-0.58004117
20241106_140257_708723153,-0.8685344
20241106_140257_950462548,-0.830876
20241106_140258_203285577,0.85480213
20241106_140258_451793492,0.108634435
20241106_140258_697868541,0.017770236
20241106_140258_946486033,0.100781895
20241106_140259_200325564,-0.39399347
20241106_140259_459093477,-0.65487826
20241106_140259_709744368,0.7001681
20241106_140259_951085852,0.2127017
20241106_140300_217838521,0.2557787
20241106_140300_457073877,0.5155628
20241106_140300_712816950,-0.5353807
20241106_140300_971489880,0.5994483
20241106_140301_227170065,0.15985675
20241106_140301_482697793,0.28977048
20241106_140301_744393781,1.9555582
20241106_140301_985442989,-0.48495847
20241106_140302_235253779,0.15060623
20241106_140302_467249528,-0.4268448
20241106_140302_729663633,-1.0102087
20241106_140302_980127814,-0.52045506
20241106_140303_237035981,-0.9115281
20241106_140303_477383488,-0.068223976
20241106_140303_728948594,0.86831397
20241106_140303_972426148,0.053064622
20241106_140304_232479623,0.03917507
20241106_140304_476705876,0.190374
20241106_140304_717706028,0.3209537
20241106_140304_954294099,0.18296866
20241106_140305_200126660,0.6123369
20241106_140305_457842761,0.0053252894
20241106_140305_709606168,-0.7478043
20241106_140305_965157072,0.0917733
20241106_140306_215907487,0.09127865
20241106_140306_470101530,-0.07857124
20241106_140306_711457334,-0.06397941
20241106_140306_967083774,-0.6086568
20241106_140307_216425956,-0.6164262
20241106_140307_457911590,-0.16244777
20241106_140307_707616663,-0.26759526
20241106_140307_952738334,-0.37204573
20241106_140308_202161513,-0.25516653
20241106_140308_448800791,-0.07052275
20241106_140308_695980406,0.25446293
20241106_140308_947213202,0.12352822
20241106_140309_199090086,0.086981334
20241106_140309_446377995,-0.040045284
20241106_140309_699187455,-0.09354051
20241106_140309_956647568,0.56515217
20241106_140310_208296974,-0.052437402
20241106_140310_465166224,-0.71692157
20241106_140310_712759055,-0.25005114
20241106_140310_968019436,-0.017012501
20241106_140311_221570955,-0.14957644
20241106_140311_717822967,-0.20057495
20241106_140311_963509870,-0.13889189
20241106_140312_946824750,-0.1271285
20241106_140313_197134626,-0.1361791
20241106_140313_446915476,-0.28883848
20241106_140313_694107404,-0.4589259
20241106_140314_194275991,-0.34080166
20241106_140314_446378070,-0.13006134
20241106_140315_197517894,-0.08060869
20241106_140315_696484760,-0.052602135
20241106_140316_199251352,-0.080954336
20241106_140316_449799598,-0.050418817
20241106_140316_699229321,-0.04567685
20241106_140317_701306017,-0.009259066
20241106_140317_950531627,-0.07029297
20241106_140318_202415498,-0.049407326
20241106_140319_209614576,-0.07762065
20241106_140319_456837316,-0.110643946
20241106_140319_704614503,0.098579206
20241106_140319_955026495,-0.092086874
20241106_140320_226374174,-0.13521244
20241106_140320_483613089,0.034971632
20241106_140320_723476505,-0.36870104
20241106_140320_967678055,0.44568858
20241106_140321_206942995,0.679485
20241106_140321_462403900,0.7696172
20241106_140321_701880775,0.4318144
20241106_140322_208778511,0.5861678
20241106_140322_454652438,0.64355236
20241106_140323_699087605,0.47050133
20241106_140323_954768269,-0.052455984
20241106_140324_224200015,-2.0878212
20241106_140324_474362735,0.56378067
20241106_140324_717116273,0.01958255
20241106_140324_971721467,0.13142575
20241106_140325_218095381,0.032590486
20241106_140325_459305205,0.034651853
20241106_140325_706695823,-0.24906062
20241106_140325_965461960,-0.5466383
20241106_140326_221222033,-0.484825
20241106_140326_457000465,-0.491379
20241106_140326_703830691,-0.49870083
20241106_140326_946209391,-0.35218915
20241106_140327_192586021,0.03246644
20241106_140327_443172842,-0.035448812
20241106_140327_696393278,-0.01132836
20241106_140327_948972694,0.0015747938
20241106_140328_203436756,0.36060664
20241106_140328_454477908,0.39941177
20241106_140328_706820204,0.27918223
20241106_140328_948396149,0.30962303
20241106_140329_200019949,0.48447868
20241106_140329_452191319,0.28960487
20241106_140329_703980510,0.6536778
20241106_140329_957371348,0.77123886
20241106_140330_215436945,-0.4087381
20241106_140330_471694952,-0.19149613
20241106_140330_714363644,-0.10085292
20241106_140330_958946520,-0.23203884
20241106_140331_205585795,-0.321308
20241106_140331_450885086,-0.7860719
20241106_140331_700609186,-0.8383563
20241106_140331_955081538,-1.1248438
20241106_140332_203904108,-0.8054717
20241106_140332_448922328,-0.69370806
20241106_140332_708169550,-0.3330379
20241106_140332_946780778,-0.84287214
20241106_140333_201570571,-0.35017025
20241106_140333_448317118,-0.35173225
20241106_140333_698027043,-0.38919455
20241106_140333_948572346,-0.52682424
20241106_140334_235770811,-0.6360436
20241106_140334_451003791,-0.21067356
20241106_140334_699381662,-0.28395948
20241106_140334_954674193,-0.15999742
20241106_140335_205282432,0.026445465
20241106_140335_450308800,-0.08470478
20241106_140335_697505752,-0.048942767
20241106_140336_200279783,-0.025592705
20241106_140336_450019504,0.3367859
20241106_140336_701247342,0.67864954
20241106_140336_949247489,0.4001893
20241106_140337_196328700,0.19928189
20241106_140337_447611737,0.13904598
20241106_140337_703470524,-0.00096497685
20241106_140337_946888106,-0.2792627
20241106_140338_204035575,-0.3843449
20241106_140338_450307108,-0.87957495
20241106_140338_702448057,-0.02666684
20241106_140338_954552825,-0.24566449
20241106_140339_207614067,-0.17862965
20241106_140339_447316239,0.21807173
20241106_140339_699550577,0.097208165
20241106_140339_945715422,0.066934176
20241106_140340_702323406,-0.21962954
20241106_140340_949979704,-0.099225126
20241106_140341_202936972,0.16557948
20241106_140341_446270188,0.14314134
20241106_140341_697991202,0.056006297
20241106_140344_192972041,0.5708455
20241106_140344_440210536,0.44747558
20241106_140344_690795156,-0.0511268
20241106_140344_940673140,-0.7834286
20241106_140345_194159137,-0.48247343
20241106_140345_444236801,-0.79254407
20241106_140345_709115012,-1.4462361
20241106_140345_958810336,-0.86324686
20241106_140346_222929324,-0.73187506
20241106_140346_467838415,-0.72381604
20241106_140346_722226041,-0.78539336
20241106_140348_205475143,-0.8446111
20241106_140348_445777213,-0.21178183
20241106_140348_692304990,0.17601995
20241106_140348_952145518,0.22980691
20241106_140349_206279924,-0.077934735
20241106_140349_452665222,-0.26813957
20241106_140349_697480898,-0.42489555
20241106_140349_947640004,-0.7008659
20241106_140350_200158366,-0.5537421
20241106_140350_444614930,-0.8272863
20241106_140350_700598079,-0.65463257
20241106_140351_195666604,-0.6375306
20241106_140351_697063333,-0.7430287
20241106_140351_945891773,-0.24331431
20241106_140352_196416223,-0.57414734
20241106_140352_440556933,-0.5555838
20241106_140352_691014340,-0.7256303
20241106_140352_942324650,-0.3690072
20241106_140353_196334317,-0.44406912
20241106_140353_448889818,-0.76774037
20241106_140353_701839869,-0.4139292
20241106_140353_949948023,-0.75767297
20241106_140354_213294336,-0.40584835
20241106_140354_463638344,0.661665
20241106_140354_702486599,0.446193
20241106_140354_952281015,0.57844025
20241106_140355_201210093,0.75696445
20241106_140355_454071891,1.090408
20241106_140355_703465149,1.0681473
20241106_140355_947873902,1.2484906
20241106_140356_194471856,-1.154422
20241106_140356_448077286,-0.7342834
20241106_140356_702569608,-1.067676
20241106_140356_947208365,-0.8000138
20241106_140358_445700249,-0.42748794
20241106_140358_702929586,-0.0659161
20241106_140358_951364868,0.025679244
20241106_140359_223935701,0.93019676
20241106_140359_467486663,-0.72081596
20241106_140359_714360470,-0.6209763
20241106_140359_952503010,-0.21392424
20241106_140400_208685978,-0.3877796
20241106_140400_452563093,-0.41501665
20241106_140400_699137889,-0.64947855
20241106_140400_950738314,-0.3043915
20241106_140401_208883426,0.32733354
20241106_140401_449727337,0.40725687
20241106_140401_705056946,0.0042005572
20241106_140401_953159605,-0.03517344
20241106_140402_206348931,-0.08681878
20241106_140402_447853696,0.097362794
20241106_140403_197130114,0.095283784
20241106_140403_445548191,-0.13244022
20241106_140403_698992932,0.15585522
20241106_140403_945089431,0.23361675
20241106_140404_193711403,-0.03844478
20241106_140404_443847322,0.06253312
20241106_140404_692600899,-0.04045614
20241106_140404_944426964,-0.16981502
20241106_140405_690346320,0.00022534467
20241106_140407_195120083,0.045137264
20241106_140407_443542436,-0.0026754346
20241106_140407_690302093,-0.043164276
20241106_140408_439767010,-0.013452372
20241106_140409_192909026,0.00031981803
20241106_140409_442887908,-0.18665962
20241106_140409_696073785,-0.036989354
20241106_140409_944868236,-0.19118316
20241106_140410_194306800,-0.025771009
20241106_140410_449819605,-0.25112477
20241106_140410_706474509,-0.12170919
20241106_140410_947050518,-0.10278102
20241106_140411_195565733,-0.07936289
20241106_140412_709692017,-0.059035085
20241106_140413_201399942,0.033433475
20241106_140413_451537226,0.43308342
20241106_140413_709461531,-0.7285821
20241106_140413_960911209,-0.70235384
20241106_140414_210732631,-0.43215463
20241106_140414_452495500,-1.4440796
20241106_140414_698809504,0.13827173
20241106_140414_945490692,0.17354108
20241106_140415_200612333,-0.07821312
20241106_140415_447293712,-0.19023861
20241106_140415_698818588,-0.51109314
20241106_140415_943278637,-0.1259922
20241106_140416_193329415,0.10406738
20241106_140416_439423971,0.16674061
20241106_140416_699012097,0.36941057
20241106_140417_194579671,-0.9460612
20241106_140417_441802632,-0.52345634
20241106_140417_694353164,-0.9198889
20241106_140417_944695733,-0.37070912
20241106_140418_194362440,-0.5071199
20241106_140418_947259725,-0.46043408
20241106_140419_201222466,-0.5325386
20241106_140419_697438303,-1.7234734
20241106_140419_947137136,-0.93791634
20241106_140420_202567743,-0.7117515
20241106_140420_456431492,-0.26738206
20241106_140420_701385976,-0.07098842
20241106_140420_955086125,0.017725864
20241106_140421_222888506,2.4485762
20241106_140421_480147229,-0.41666493
20241106_140421_738662827,-1.2092556
20241106_140421_976360459,-0.7070775
20241106_140422_220063884,-0.98465186
20241106_140422_457508758,-0.6078556
20241106_140422_702180125,-0.18219857
20241106_140422_949077083,-0.25428835
20241106_140423_207928988,-0.586291
20241106_140423_704044491,-0.46058974
20241106_140423_946435053,-0.18629108
20241106_140424_200470262,-0.19852848
20241106_140424_447259556,-0.4122158
20241106_140424_697145978,-0.90971863
20241106_140424_948102441,-0.53204197
20241106_140425_197172393,-0.5549139
20241106_140425_946881530,-0.536066
20241106_140426_699484981,-0.46396258
20241106_140427_197171829,-1.102445
20241106_140427_452313762,0.75807256
20241106_140427_694183756,-0.8891024
20241106_140427_942565381,-0.21457763
20241106_140428_193233953,-0.2488993
20241106_140428_696060505,-0.12172296
20241106_140428_941876583,-0.20443638
20241106_140429_191764139,-0.4852036
20241106_140429_441587503,-0.47200534
20241106_140429_943702673,-0.43246576
20241106_140430_195151889,1.0294739
20241106_140430_447654748,0.35628313
20241106_140430_700103439,1.2892144
20241106_140430_949560470,0.70545834
20241106_140431_196553305,-0.7080068
20241106_140431_444488617,-0.78871787
20241106_140431_701472547,-0.7540019
20241106_140431_948258725,-0.2421747
20241106_140432_195502087,0.26857027
20241106_140432_442433687,0.29265133
20241106_140432_698878501,0.40370533
20241106_140432_950047521,0.12489996
20241106_140433_201811024,0.0071017537
20241106_140433_445251439,0.08103088
20241106_140433_698542818,-0.6383277
20241106_140433_952685476,-2.0628474
20241106_140434_256357501,0.028735379
20241106_140434_453072051,0.8186124
20241106_140434_697025584,0.95953524
20241106_140434_944243925,0.55240846
20241106_140435_201225578,0.78678954
20241106_140435_446928999,0.39668798
20241106_140435_701680898,0.18125461
20241106_140435_945424067,0.7200336
20241106_140436_196430722,0.53841716
20241106_140436_441872402,0.27405235
20241106_140436_691489873,0.7079864
20241106_140436_946580974,0.9217327
20241106_140437_194644240,0.45653415
20241106_140437_699617699,0.63595307
20241106_140437_947367514,0.9552879
20241106_140438_198091932,0.9708445
20241106_140438_452641787,0.32316998
20241106_140438_702004951,-0.6714872
20241106_140438_946000796,-0.48285553
20241106_140439_195344996,-0.65684927
20241106_140439_446094261,-0.36848643
20241106_140439_693195469,-0.4470977
20241106_140439_941373093,-0.6067905
20241106_140440_191721914,-0.5665149
20241106_140440_441027484,-0.4397171
20241106_140440_691886039,-0.6081183
20241106_140440_942047360,-0.46780014
20241106_140441_198707027,0.035949424
20241106_140441_449829771,1.013591
20241106_140441_702838084,-0.49375597
20241106_140441_959775375,-0.9330965
20241106_140442_207142410,-0.5391266
20241106_140442_456697037,0.17951836
20241106_140442_704020105,0.2276275
20241106_140442_950366219,0.17404136
20241106_140443_230261035,0.11044193
20241106_140443_487197802,0.12631778
20241106_140443_758238155,0.11400936
20241106_140444_006215487,0.11502492
20241106_140444_252740402,0.20030522
20241106_140444_484306401,0.07281665
20241106_140444_725221757,0.15347354
20241106_140444_963726092,0.12790959
20241106_140445_211943455,0.13952242
20241106_140445_455643152,0.042023875
20241106_140445_711739796,-0.7384946
20241106_140445_956890115,-0.36662325
20241106_140446_949134490,-0.2783179
20241106_140447_197037199,-0.24144305
20241106_140447_447189395,-0.23728873
20241106_140447_702179808,-0.22600116
20241106_140447_954930918,-0.23140801
20241106_140448_200770284,-0.2880596
20241106_140448_450492594,-0.23811819
20241106_140448_704377785,-0.24226107
20241106_140448_948429694,-0.24916022
20241106_140449_197970555,-0.2333958
20241106_140449_446179208,-0.2893953
20241106_140449_705498915,-0.28930333
20241106_140449_952128630,-0.28820467
20241106_140450_208198925,-0.37637162
20241106_140450_448585120,-0.5724613
20241106_140450_698744445,-1.0481287
20241106_140450_950810989,-0.81309503
20241106_140451_198426258,-0.78107566
20241106_140451_442043981,-0.93103135
20241106_140451_705014917,-1.2142304
20241106_140451_948888326,-0.6620643
20241106_140452_218790052,-0.9962304
20241106_140452_449361626,-0.7379461
20241106_140452_698587753,-1.0345507
20241106_140453_201461363,0.88870484
20241106_140453_463723360,0.042422965
20241106_140453_715028681,-0.3131005
20241106_140453_950207565,0.44703862
20241106_140454_208471681,0.5107239
20241106_140454_450435979,0.21785156
20241106_140454_697467491,0.13374273
20241106_140454_951803919,0.17221658
20241106_140455_198913432,0.19144593
20241106_140455_446767977,0.22012572
20241106_140455_699197777,0.056608833
20241106_140455_946408719,-0.41287065
20241106_140456_200445924,-0.5664437
20241106_140456_448120437,-0.306735
20241106_140456_692375280,-0.28093472
20241106_140456_943370141,-0.25291547
20241106_140457_196027086,-0.25333348
20241106_140457_705288898,-0.309431
20241106_140457_964136323,-1.1784524
20241106_140458_209203820,-0.5479296
20241106_140458_456588172,-0.72025967
20241106_140458_707822737,-0.6573588
20241106_140458_951830751,-2.0093837
20241106_140459_209607450,-1.9285915
20241106_140459_467551505,0.6486649
20241106_140459_716447441,-0.8580972
20241106_140459_960998380,-0.13343729
20241106_140500_210028521,-0.06672009
20241106_140500_451576652,-0.17162164
20241106_140500_702914544,2.5491045
20241106_140500_964931445,0.5637458
20241106_140501_205506808,0.6118571
20241106_140501_450393829,0.33357665
20241106_140501_695456044,0.3441737
20241106_140501_949533620,0.3319914
20241106_140502_201757100,0.3895426
20241106_140502_449247853,0.4110212
20241106_140502_693718042,0.67255384
20241106_140502_944909662,0.46978962
20241106_140503_194890096,0.40845212
20241106_140503_950120978,-0.11375248
20241106_140504_194870436,-0.12676974
20241106_140504_445809217,-0.88001543
20241106_140504_698715478,0.31125268
20241106_140504_946082226,0.30057624
20241106_140505_192664667,0.4666511
20241106_140505_441100054,-0.855407
20241106_140505_698247613,0.085912794
20241106_140505_951318456,-0.006016759
20241106_140506_207198029,-0.05707389
20241106_140506_455335904,0.16382116
20241106_140506_708506828,0.11869583
20241106_140506_950507977,0.08960382
20241106_140507_198260524,-0.12299421
20241106_140507_445078413,-0.13501169
20241106_140507_692970883,-0.17907651
20241106_140507_939296064,-0.09578427
20241106_140508_191382650,-0.09098061
20241106_140508_444503726,-0.39905724
20241106_140508_695937465,0.62477314
20241106_140508_941733215,0.8137532
20241106_140509_194078018,-0.6222685
20241106_140509_442835386,-0.20955014
20241106_140509_691964601,-0.07127909
20241106_140509_940841586,0.017286377
20241106_140510_191711394,0.48370078
20241106_140510_445833965,0.6608777
20241106_140510_710747105,0.19960819
20241106_140510_954741163,0.18911877
20241106_140511_204400851,0.13401608
20241106_140511_454225483,0.11514399
20241106_140511_705310105,0.13286941
20241106_140512_199296555,0.1278932
20241106_140512_955560894,0.1364945
20241106_140513_456165310,0.13942276
20241106_140513_696418946,0.14241217
20241106_140514_200781520,0.30845258
20241106_140514_450420640,0.5907329
20241106_140514_696273023,-0.10392341
20241106_140514_947751573,0.14671604
20241106_140515_209981778,-0.47012568
20241106_140515_460433122,-0.33632502
20241106_140515_703299675,0.025997894
20241106_140515_951669516,0.05292529
20241106_140516_205305300,-0.08408398
20241106_140516_455634223,0.15675156
20241106_140516_716402972,0.5129284
20241106_140516_957912996,0.6682561
20241106_140517_214266154,1.2576246
20241106_140517_459827851,-1.1255581
20241106_140517_701993125,-0.8284069
20241106_140517_953823320,-0.62493455
20241106_140518_197986472,-0.8091063
20241106_140518_443627710,-1.0794892
20241106_140518_695019808,-1.3950802
20241106_140518_943893860,-0.3421586
20241106_140519_194835130,0.3538853
20241106_140519_444010700,0.19704513
20241106_140519_694636698,0.07609538
20241106_140519_941356403,0.1919925
20241106_140520_443562455,0.2733309
20241106_140520_696508741,0.18300648
20241106_140520_942469572,0.2943109
20241106_140521_193996242,0.20153187
20241106_140521_442129635,0.10177127
20241106_140521_695313307,-0.10887479
20241106_140521_942779555,0.16298185
20241106_140522_191841584,0.18039839
20241106_140522_444370632,0.14226364
20241106_140522_690588291,0.03813169
20241106_140522_942422619,0.053472735
20241106_140523_941038645,0.054423906
20241106_140524_447445724,0.043992557
20241106_140525_200275888,-0.043409012
20241106_140525_700497771,-0.33218682
20241106_140525_955941543,-0.32287958
20241106_140526_216259193,-1.4702406
20241106_140526_460968308,-1.0037929
20241106_140526_705227550,-0.24968
20241106_140526_951926433,-0.32163408
20241106_140527_195353064,-0.29671744
20241106_140527_439651516,-0.3552908
20241106_140527_706257900,-0.33782235
20241106_140527_947219805,-0.37928566
20241106_140528_197062861,-0.5438786
20241106_140528_447842895,-0.9734437
20241106_140528_713946500,-1.398072
20241106_140528_953229741,-1.2035328
20241106_140529_200163818,-0.56743807
20241106_140529_452129816,-0.49557242
20241106_140529_701501899,-0.49562842
20241106_140529_945954004,-0.7954342
20241106_140530_444537963,-0.5330564
20241106_140530_693129634,-0.70334005
20241106_140530_945245995,-0.8014495
20241106_140531_203107153,-0.5311501
20241106_140531_951328960,-0.49518523
20241106_140532_201973182,-0.5467691
20241106_140532_447765488,-1.2092202
20241106_140532_704221988,-0.49054456
20241106_140532_945748538,-0.54033834
20241106_140533_203629999,-0.69766283
20241106_140533_456212713,0.7063781
20241106_140533_714444210,0.7187583
20241106_140533_956377001,0.47538403
20241106_140534_220284750,0.8246201
20241106_140534_454644923,-0.59348816
20241106_140534_699291268,-0.77605563
20241106_140534_950745400,-0.76061946
20241106_140535_201055618,0.978401
20241106_140535_460514550,0.70746034
20241106_140535_706354546,0.8610666
20241106_140535_945617414,0.26452604
20241106_140536_195480242,0.35736126
20241106_140536_448084193,0.94651175
20241106_140536_699192363,0.74979824
20241106_140537_689970667,0.6915678
20241106_140537_953735954,0.55508107
20241106_140539_194337130,0.49642894
20241106_140539_439515208,0.52710336
20241106_140539_693077405,0.44170442
20241106_140540_193935651,0.57689595
20241106_140540_440042602,0.5102702
20241106_140540_697244492,0.5104456
20241106_140540_948527367,0.59978235
20241106_140541_196728891,0.34332824
20241106_140541_443200907,0.065687425
20241106_140541_691818135,0.2165318
20241106_140541_943569793,0.20508952
20241106_140542_189370724,0.26568723
20241106_140542_443593733,0.14376278
20241106_140542_690979442,0.65076005
20241106_140542_939958056,0.4230258
20241106_140543_194202143,0.7643726
20241106_140543_444641499,0.59025407
20241106_140543_692428215,0.43888232
20241106_140544_191788390,0.42607987
20241106_140544_441166962,0.38708618
20241106_140544_691609463,0.27971268
20241106_140545_699406279,0.6112415
20241106_140545_947822307,0.13965268
20241106_140546_197713017,0.09096511
20241106_140547_189084369,-0.01433303
20241106_140547_442074054,-0.45578673
20241106_140547_700288244,-0.27331433
20241106_140547_955352872,-0.17905994
20241106_140548_211291039,-0.059531413
20241106_140548_449050336,-0.037013315
20241106_140548_697019300,-0.16668524
20241106_140548_946587323,-0.15772481
20241106_140549_197209697,-0.1442032
20241106_140549_444608906,-0.14321704
20241106_140549_697768723,-0.2082596
20241106_140549_943822717,-0.18948944
20241106_140550_197266437,-0.23629321
20241106_140550_695330710,-0.21371545
20241106_140550_941525168,-0.22614016
20241106_140551_192799179,-0.16623212
20241106_140551_442077266,-0.14629723
20241106_140551_690107230,-0.047547124
20241106_140551_940369022,0.002553979
20241106_140552_191488388,0.07833997
20241106_140552_691308505,0.096830286
20241106_140552_943287075,0.035361804
20241106_140553_198790960,0.027703801
20241106_140553_444707887,-0.000689229
20241106_140553_693332929,-0.10260608
20241106_140553_946334132,-0.2772552
20241106_140554_202353044,-0.18233766
20241106_140554_446204238,-0.24398299
20241106_140554_695898793,-0.12766473
20241106_140555_202321236,-0.19434358
20241106_140555_695597112,-0.19613682
20241106_140556_195025131,-0.15076976
20241106_140557_450550040,-0.17812182
20241106_140557_697579142,-0.23497815
20241106_140558_454067382,-0.19562037
20241106_140558_695129566,-0.16245382
20241106_140558_951253527,-0.056380592
20241106_140559_198440609,-0.7449265
20241106_140559_454717943,0.06640033
20241106_140559_704958612,-0.44121864
20241106_140559_950360542,-0.68022805
20241106_140600_206332612,-1.0885617
20241106_140600_454458864,-0.7507546
20241106_140600_710222861,-0.67438704
20241106_140600_949054480,-0.94710886
20241106_140601_196472799,0.6424119
20241106_140601_446932370,0.5676023
20241106_140601_711230350,-0.028537473
20241106_140601_969035671,-0.044471703
20241106_140602_220227662,-0.28690466
20241106_140602_470672000,0.29381114
20241106_140602_721862869,0.056196727
20241106_140602_964076225,-0.010284862
20241106_140603_208252284,-0.12340023
20241106_140603_461368531,-0.056490086
20241106_140603_701671378,0.21471943
20241106_140603_944967415,0.12514663
20241106_140604_202788209,0.0986372
20241106_140604_447837734,0.20082338
20241106_140604_696509184,-0.024548193
20241106_140604_943381025,-0.16493012
20241106_140605_193283641,0.16671702
20241106_140605_707969834,0.083353676
20241106_140606_197113565,0.21477988
20241106_140606_453919254,-0.10028561
20241106_140606_703129082,-0.33823365
20241106_140606_948476651,-0.5767598
20241106_140607_195913159,0.7548703
20241106_140607_453119485,1.0444236
20241106_140607_710913298,1.2454028
20241106_140607_945756112,0.7095626
20241106_140608_200007080,0.9428185
20241106_140608_441483683,0.72564536
20241106_140608_696824107,0.6512996
20241106_140608_956859261,0.5617495
20241106_140609_204899085,0.4893429
20241106_140609_443200521,0.51269275
20241106_140609_695366420,0.6374283
20241106_140609_946043514,0.749345
20241106_140610_198439446,0.6301299
20241106_140610_454601488,0.56478363
20241106_140611_959233188,0.47293642
20241106_140612_224761534,0.52077734
20241106_140612_471223127,0.57696486
20241106_140612_716741211,1.1221718
20241106_140612_956944776,0.75588226
20241106_140613_214140724,0.575855
20241106_140613_460768328,0.7241957
20241106_140613_711351564,1.0133722
20241106_140613_954203919,0.5756876
20241106_140614_205623004,0.49613258
20241106_140615_199534819,0.71262544
20241106_140615_945657279,1.1293465
20241106_140616_200355472,-0.6987115
20241106_140616_447928884,0.015393389
20241106_140616_701046318,0.6897933
20241106_140616_959009759,1.4929354
20241106_140617_223042622,-1.210029
20241106_140617_460013939,-1.6756175
20241106_140617_704679400,0.61193603
20241106_140617_945148917,0.43550968
20241106_140618_199536406,2.3994205
20241106_140618_441952471,-0.43182707
20241106_140618_699490108,-0.44470084
20241106_140618_951599133,-0.20925704
20241106_140619_199278249,-0.2971855
20241106_140619_437904424,-0.2034718
20241106_140619_690000875,-0.13193065
20241106_140619_940094664,-0.21104349
20241106_140620_944878331,-0.1956953
20241106_140621_204936953,-0.095960595
20241106_140621_451947915,0.19644372
20241106_140621_701382896,-0.13698025
20241106_140621_950116466,-0.32667276
20241106_140622_202449316,-0.3292328
20241106_140622_456561065,-0.21555932
20241106_140622_704631001,-0.2635031
20241106_140623_199054398,-0.33631513
20241106_140623_454312024,-0.18838342
20241106_140623_710770693,-0.57492954
20241106_140624_201078268,-0.14310749
20241106_140624_696680247,-0.25900486
20241106_140624_939684144,-1.0374397
20241106_140625_203263094,0.40989664
20241106_140625_450364422,0.6800387
20241106_140625_694255136,0.47199336
20241106_140625_944128578,0.59240746
20241106_140626_194761050,0.50697464
20241106_140626_441394009,0.5492487
20241106_140626_695205814,0.5579313
20241106_140626_939189170,0.30767795
20241106_140627_192620837,0.32344264
20241106_140627_440964049,0.1419001
20241106_140627_695322616,0.12182424
20241106_140627_952270153,-0.28675425
20241106_140628_213261496,-0.9234485
20241106_140628_462503537,-0.071946196
20241106_140628_708200028,-0.19878234
20241106_140628_954291197,-0.1026971
20241106_140629_205713253,-0.023307284
20241106_140629_451379105,-0.04197123
20241106_140629_701577019,1.0780498
20241106_140629_950336172,0.556583
20241106_140630_201226365,0.25176588
20241106_140630_450623488,0.1581736
20241106_140630_700575033,0.09220759
20241106_140630_943797734,0.6239053
20241106_140631_201565159,0.6017725
20241106_140631_448587770,0.63607806
20241106_140631_699878215,0.9516676
20241106_140631_951059365,0.664288
20241106_140632_194398641,0.8354784
20241106_140632_704901187,0.34487036
20241106_140633_195343913,0.10962013
20241106_140633_442173403,0.15246509
20241106_140633_695284572,0.14016868
20241106_140633_942939583,0.11978755
20241106_140634_228116820,0.12176309
20241106_140634_699915307,0.079358675
20241106_140634_945297249,-0.099505834
20241106_140635_198819894,-0.0908029
20241106_140635_441626322,-0.28833762
20241106_140635_697691322,-0.47308126
20241106_140635_963152715,-0.1812615
20241106_140636_202295356,-0.42155173
20241106_140636_444114905,-0.3631029
20241106_140636_692649346,-0.21672417
20241106_140637_194694333,-0.2095754
20241106_140637_438388579,-0.20456614
20241106_140637_691502809,-0.1866052
20241106_140637_939532168,-0.27469328
20241106_140638_191011253,-0.19863011
20241106_140638_440958360,-0.1669829
20241106_140638_702928025,-0.15208714
20241106_140638_949351151,-0.11130329
20241106_140639_193412095,-0.097215734
20241106_140639_445807027,-0.041113876
20241106_140639_695402473,0.0022143517
20241106_140639_947120632,-0.0382519
20241106_140640_199770052,0.09015428
20241106_140640_440163896,0.2790214
20241106_140640_691777779,0.20551203
20241106_140640_942903636,0.14160429
20241106_140641_191078962,0.074773945
20241106_140641_689455106,0.05546073
20241106_140641_936418048,-0.67588216
20241106_140642_193393837,-0.17311114
20241106_140642_448650033,-0.16445382
20241106_140642_697409750,-0.14491977
20241106_140642_941553295,-0.09170147
20241106_140643_190829508,-0.08311208
20241106_140643_444208318,-0.17571743
20241106_140643_703609347,-0.25764087
20241106_140643_952660364,-0.40538898
20241106_140644_205342648,-0.4829615
20241106_140644_457126215,-2.9486399
20241106_140644_708684426,-0.26806638
20241106_140644_954853277,-0.509704
20241106_140645_196486057,-0.38136432
20241106_140645_445002665,-0.8439278
20241106_140645_695815452,-0.90366
20241106_140645_939617672,-0.5773676
20241106_140646_193476509,-0.24358803
20241106_140646_438821311,-0.50610673
20241106_140646_698623052,-0.06514963
20241106_140646_942336169,-0.2040822
20241106_140647_193033589,-0.14069559
20241106_140647_450149698,-0.26097968
20241106_140647_707451639,-0.24983735
20241106_140647_943800286,-0.7422945
20241106_140648_199537324,-0.8149261
20241106_140648_444127459,-0.8850749
20241106_140648_693058474,-1.443755
20241106_140648_944377004,0.9589122
20241106_140649_196807581,0.052550852
20241106_140649_441044699,-0.45288143
20241106_140649_694322211,-0.33510697
20241106_140649_935700698,-0.6335197
20241106_140650_191485845,-0.8508116
20241106_140650_440085497,-0.007725494
20241106_140650_694145547,-0.66715854
20241106_140650_946066637,-0.22128095
20241106_140651_204233599,-0.64811397
20241106_140651_451127243,-0.41518474
20241106_140651_700245839,-0.3326694
20241106_140651_950221418,-0.34229863
20241106_140652_209640553,-0.31278566
20241106_140652_455012303,-0.25961468
20241106_140652_701401880,-0.16362162
20241106_140652_950127279,-0.97539717
20241106_140653_191540570,-0.68661094
20241106_140653_441242401,-0.1314259
20241106_140653_702198120,-0.33060133
20241106_140653_958107488,-0.25133675
20241106_140654_206789899,-0.32124144
20241106_140654_451149426,-0.7289422
20241106_140654_699070244,-0.57569146
20241106_140654_952805986,-0.39262012
20241106_140655_213228183,-0.38030204
20241106_140655_453943437,-0.3188124
20241106_140655_704735634,-0.455245
20241106_140655_951121049,-0.7925523
20241106_140656_215440294,-0.24342258
20241106_140656_467919006,-0.22953352
20241106_140656_705716700,-0.08995172
20241106_140656_946317928,-0.4517501
20241106_140657_191495105,-0.8488683
20241106_140657_451833558,0.8793051
20241106_140657_703634829,0.2415614
20241106_140657_952089563,0.054134406
20241106_140658_200782529,-0.19722922
20241106_140658_443797946,-0.19016372
20241106_140658_704103318,-0.22422518
20241106_140658_946392575,-0.040884577
20241106_140659_196277613,-0.17419155
20241106_140659_440474075,0.2127928
20241106_140659_695326625,1.1459142
20241106_140659_942505658,0.6001901
20241106_140700_195084061,0.293979
20241106_140700_441825510,0.16101848
20241106_140700_694012337,0.22491337
20241106_140700_943022040,0.5574607
20241106_140701_192702138,0.43165
20241106_140701_450105075,0.86717266
20241106_140701_700244266,0.42324215
20241106_140701_943013931,0.08429951
20241106_140702_197168192,0.19077624
20241106_140702_448719221,0.49656168
20241106_140702_697379797,0.33286366
20241106_140702_944999172,0.12763645
20241106_140703_942589041,0.15170018
20241106_140704_191915096,0.27746868
20241106_140704_451664716,0.49647173
20241106_140704_948284071,0.46919864
20241106_140705_205963982,0.7885817
20241106_140705_459105294,0.65364385
20241106_140705_705722412,-0.4717888
20241106_140705_949783790,0.3245635
20241106_140706_201072249,0.030317785
20241106_140706_445158651,-0.0032901894
20241106_140706_940297969,-0.02601554
20241106_140707_190606148,-0.160333
20241106_140707_441571299,-0.26155338
20241106_140707_692814669,-0.53742296
20241106_140707_954362431,-0.24826838
20241106_140708_199398678,-1.0635585
20241106_140708_447083358,-0.9533305
20241106_140708_703453109,-0.903018
20241106_140709_205993420,-0.8167134
20241106_140709_449666943,-0.7700862
20241106_140709_702775352,-1.1669489
20241106_140709_948847394,0.79396945
20241106_140710_208221878,0.3278317
20241106_140710_456753692,0.11520968
20241106_140710_701915245,0.18869518
20241106_140710_944295365,0.16101234
20241106_140711_192523596,0.035333075
20241106_140711_436872468,-0.06956806
20241106_140711_690899248,-0.06375744
20241106_140711_945856596,-0.0018258896
20241106_140712_196691468,-0.017739853
20241106_140712_443912857,0.2522254
20241106_140712_691659326,0.39483038
20241106_140712_941610658,0.51441574
20241106_140713_197273989,0.51668346
20241106_140713_449336725,0.5935268
20241106_140713_692830884,0.678115
20241106_140713_949793259,0.5288333
20241106_140714_200400482,0.40439725
20241106_140714_438384516,0.4551897
20241106_140714_687352636,0.41816688
20241106_140715_193496179,0.4024293
20241106_140715_442913883,0.2789418
20241106_140715_692086637,0.15050922
20241106_140715_939399693,0.028489629
20241106_140716_437170750,0.13430662
20241106_140717_689133727,0.1641547
20241106_140718_947584820,0.17435028
20241106_140719_193234470,0.23561083
20241106_140719_693915672,0.039983667
20241106_140719_938919617,0.06340996
20241106_140720_440414831,0.09994865
20241106_140720_697042331,0.1276503
20241106_140720_943652995,0.111991026
20241106_140721_201830239,0.20433675
20241106_140721_450055669,0.15310325
20241106_140721_699952308,0.24765773
20241106_140722_195370032,-0.05568003
20241106_140723_442303490,0.042625703
20241106_140723_698904602,0.082690485
20241106_140723_942974325,0.07778139
20241106_140724_189949647,0.0032046828
20241106_140724_438737348,0.011299232
20241106_140724_695903332,0.04082618
20241106_140724_949269789,0.087985285
20241106_140725_689215014,0.2004108
20241106_140726_447052554,0.12578772
20241106_140726_698921913,0.2320878
20241106_140726_944678465,0.21648465
20241106_140727_189017600,0.17515008
20241106_140727_943686172,0.1040915
20241106_140728_199520851,0.124734916
20241106_140728_439003100,0.099119164
20241106_140729_187241378,0.06508509
20241106_140729_435824668,0.11317814
20241106_140729_684604723,0.117570855
20241106_140729_935326431,0.09955291
20241106_140730_189568562,0.4295987
20241106_140730_442935707,0.251441
20241106_140730_691649983,0.22642823
20241106_140730_940579892,0.28221002
20241106_140731_202129010,0.2770607
20241106_140731_440213416,0.24437876
20241106_140731_688726421,0.39226988
20241106_140731_938382194,0.058666147
20241106_140732_199978305,-0.56767213
20241106_140732_447016921,-0.31110978
20241106_140732_705898822,-0.30421036
20241106_140732_944170341,-1.4235879
20241106_140733_195408475,1.1514629
20241106_140733_445487109,0.70017976
20241106_140733_702330328,0.3016738
20241106_140733_949610005,0.18484609
20241106_140734_240429306,0.15840898
20241106_140734_446720146,0.1979392
20241106_140734_692418277,0.26760814
20241106_140734_946039086,0.4019509
20241106_140736_194020622,0.3228936
20241106_140736_445156999,0.29084936
20241106_140736_694656061,0.300073
20241106_140737_200600263,0.16420929
20241106_140737_692712744,0.013139049
20241106_140737_938512288,0.102682866
20241106_140738_197006871,-0.076740585
20241106_140738_452591959,0.17908327
20241106_140738_704985611,-0.012438735
20241106_140738_950804432,-0.29126748
20241106_140739_205456689,-0.3624747
20241106_140739_441543530,-0.3326755
20241106_140739_698291602,-0.23188563
20241106_140739_947270276,-0.14694323
20241106_140740_197473555,-0.54147196
20241106_140740_445713804,-0.25004378
20241106_140740_694210606,-0.2479551
20241106_140740_949705398,-0.67933184
20241106_140741_205060379,-0.59280735
20241106_140741_447435248,-0.41131184
20241106_140741_700642116,-0.53276986
20241106_140741_947842111,-0.41084072
20241106_140742_195429242,-0.37766317
20241106_140742_442784090,-0.34661362
20241106_140743_442172322,-0.32174766
20241106_140743_691128755,-0.38515714
20241106_140743_938181930,-0.43559054
20241106_140744_197110405,-0.46301058
20241106_140744_442444089,-0.35422733
20241106_140744_940432194,-0.24842845
20241106_140745_201377699,-0.4495891
20241106_140745_446196006,-0.34543473
20241106_140745_696114737,-0.7091611
20241106_140746_196768444,-0.42141238
20241106_140746_451310651,-0.35717842
20241106_140746_708741123,-0.7770185
20241106_140746_951797359,-0.6823225
20241106_140747_209099609,-0.92546713
20241106_140747_449376027,-0.88058496
20241106_140747_694302589,-0.13695826
20241106_140747_942968629,0.61246395
20241106_140748_195572478,0.8889034
20241106_140748_444451467,1.1706555
20241106_140748_693964267,-0.62958336
20241106_140748_937540210,-0.65098226
20241106_140749_191455615,-0.22467394
20241106_140749_444988463,-0.22634079
20241106_140749_694960936,-0.41595772
20241106_140750_696460065,-0.25385472
20241106_140750_951169104,0.38360217
20241106_140751_203433627,0.16105618
20241106_140751_459573118,0.26600435
20241106_140751_711205815,0.31144002
20241106_140751_952077636,0.28348395
20241106_140752_198444682,1.9031914
20241106_140752_450380308,1.4524354
20241106_140752_696878381,0.92528635
20241106_140752_947101099,0.6361814
20241106_140753_192796888,0.68909794
20241106_140753_441372911,0.871328
20241106_140753_708940984,1.3118418
20241106_140753_954941710,0.19129813
20241106_140754_197116737,-0.44467527
20241106_140754_445943644,-0.20690036
20241106_140754_692350751,-0.15403564
20241106_140754_945431995,-0.0687088
20241106_140755_205252269,0.41789567
20241106_140755_451292194,0.0068525095
20241106_140755_704510041,0.05787932
20241106_140755_946858065,0.10494194
20241106_140756_194241078,0.08416835
20241106_140756_436464747,0.088146664
20241106_140756_691655983,0.3873758
20241106_140756_938371545,0.21115927
20241106_140757_199319638,0.18170916
20241106_140757_451912994,0.14194714
20241106_140757_694089910,-0.038996957
20241106_140757_950910795,-0.5877539
20241106_140758_210462371,0.76721716
20241106_140758_448879027,0.5182716
20241106_140758_697425793,1.3275199
20241106_140758_943008728,0.28655928
20241106_140759_200262455,1.5347484
20241106_140759_454588149,0.5985699
20241106_140759_701585452,0.6006866
20241106_140759_953472767,0.3465127
20241106_140800_204740033,0.3586366
20241106_140800_446873912,0.6215286
20241106_140800_704438814,0.51355296
20241106_140800_955601333,0.51831657
20241106_140801_197810239,1.1052521
20241106_140801_694644342,0.522255
20241106_140801_948186703,0.6923314
20241106_140802_200199459,0.8002802
20241106_140802_443158728,0.5431536
20241106_140802_693685757,0.65678734
20241106_140802_947066197,0.91705364
20241106_140803_200399473,0.8672801
20241106_140803_448463739,0.6781396
20241106_140803_703776602,0.8422379
20241106_140803_952114953,0.7577347
20241106_140804_198796986,0.60958916
20241106_140804_441441356,0.625638
20241106_140804_943179104,0.6684409
20241106_140805_208666366,0.19236167
20241106_140805_444864927,0.23718469
20241106_140805_690158033,0.15616754
20241106_140805_938247631,0.7924735
20241106_140806_190136109,0.41275972
20241106_140806_942472430,0.3578461
20241106_140807_198554915,0.51631
20241106_140807_443606531,0.53422165
20241106_140807_695706631,0.37354693
20241106_140807_944249744,0.4231463
20241106_140808_197843726,0.39127347
20241106_140808_440192845,0.41834176
20241106_140808_941140361,0.39962903
20241106_140809_188526138,0.31359947
20241106_140809_440469527,0.34713492
20241106_140809_689728667,0.37427223
20241106_140810_198639320,0.2682825
20241106_140810_448816192,0.34633705
20241106_140810_699191005,0.4832625
20241106_140810_949316279,0.36076736
20241106_140811_208432334,0.30782956
20241106_140811_450165669,0.29191813
20241106_140811_938462523,0.17900592
20241106_140812_188056541,0.28635612
20241106_140812_689830362,0.15327777
20241106_140812_939712336,0.25064245
20241106_140813_188903486,0.10289783
20241106_140813_701545638,0.14068587
20241106_140813_950691844,0.1808606
20241106_140814_197452947,0.19893412
20241106_140814_445409268,0.1604758
20241106_140814_703468630,-0.15315892
20241106_140814_952249905,-0.1461355
20241106_140815_205230118,-0.097107016
20241106_140815_693321988,0.13492315
20241106_140815_943036469,0.22150272
20241106_140816_193936567,0.30032426
20241106_140816_688559096,0.08245925
20241106_140816_938002307,0.24133854
20241106_140817_190434890,0.12116613
20241106_140817_458102035,0.22628804
20241106_140818_698181040,0.14703135
20241106_140818_940349822,0.1523434
20241106_140819_195468684,0.09249063
20241106_140819_445686749,0.05220995
20241106_140819_689276731,0.04786227
20241106_140820_691107996,0.09367383
20241106_140821_215470520,0.045083873
20241106_140821_449168690,0.181623
20241106_140821_694383092,0.099955045
20241106_140822_192893486,0.23689823
20241106_140822_443558757,0.29278982
20241106_140822_691811566,-1.0600486
20241106_140822_955250008,0.20752046
20241106_140823_212994965,0.29056662
20241106_140823_447903202,0.28581724
20241106_140823_695055289,0.41586223
20241106_140823_941729763,0.24301378
20241106_140824_198260138,-0.17291768
20241106_140824_444260400,0.07319305
20241106_140824_691720994,0.038724877
20241106_140825_699356539,0.113708235
20241106_140825_952420410,0.39248815
20241106_140826_203140483,0.23669074
20241106_140826_458578913,0.2609506
20241106_140827_200594754,0.27012572
20241106_140827_441033048,0.3722207
20241106_140827_693694347,0.31953827
20241106_140828_192376867,0.22057913
20241106_140828_446763417,-0.18581976
20241106_140828_695436040,-0.24566497
20241106_140828_944920784,-1.7980794
20241106_140829_193979234,1.2986923
20241106_140829_440308285,1.1855341
20241106_140829_692380816,0.9386183
20241106_140829_938144697,0.8442586
20241106_140830_440360307,0.7986244
20241106_140830_696491540,0.9010183
20241106_140830_944303690,1.0077326
20241106_140831_194525115,-0.7833915
20241106_140831_440581953,-0.1772043
20241106_140831_701389150,0.04602421
20241106_140831_954253991,0.023884991
20241106_140832_197640546,-0.012425337
20241106_140832_438420252,-0.11737182
20241106_140832_944797651,-0.11727329
20241106_140833_199900227,-0.15643592
20241106_140833_445163908,-0.11883386
20241106_140833_688409408,-0.14181931
20241106_140833_937098802,-0.09327843
20241106_140834_213068423,-0.16564597
20241106_140834_449122639,-0.37562844
20241106_140834_692368533,-0.51388764
20241106_140834_940903385,-0.7980475
20241106_140835_201417411,-0.48436508
20241106_140835_447907188,-0.36139393
20241106_140835_697571419,-0.20635693
20241106_140835_943223553,-0.06604089
20241106_140836_194401466,0.3984932
20241106_140836_440166116,0.18246876
20241106_140836_692962263,0.111537166
20241106_140837_195844189,0.09766432
20241106_140837_451553720,0.015808264
20241106_140837_708304742,0.12968126
20241106_140838_193709164,0.060960867
20241106_140838_438679898,0.05953286
20241106_140839_695201362,0.07106314
20241106_140839_938912662,0.01422588
20241106_140840_187422280,0.034038343
20241106_140840_434844088,0.053127266
20241106_140840_688724689,0.121397115
20241106_140840_949831812,0.19028415
20241106_140841_205458248,0.21549954
20241106_140841_455984191,0.13582955
20241106_140841_696248778,0.11915962
20241106_140841_940526023,0.1482933
20241106_140842_194471460,0.1333798
20241106_140842_449642515,0.08920763
20241106_140842_961477567,0.13380425
20241106_140843_207139995,0.11249957
20241106_140843_451263301,0.10215209
20241106_140843_934205229,0.09622315
20241106_140844_186461394,0.13455121
20241106_140844_439415917,0.11966524
20241106_140844_689828519,0.111439325
20241106_140845_186143473,0.100772
20241106_140845_433955508,0.10803381
20241106_140845_687003045,0.11186383
20241106_140845_934066662,0.06411926
20241106_140846_185030258,0.06858114
20241106_140846_438366331,-0.14280118
20241106_140846_686985452,-0.14241941
20241106_140846_934820818,-0.26127592
20241106_140847_189049618,-0.12621243
20241106_140847_438546213,-0.09939148
20241106_140847_690368717,-0.017143985
20241106_140847_937823429,-0.013602873
20241106_140848_198724750,-0.051928364
20241106_140848_449101364,-0.020449182
20241106_140848_701769126,0.5246456
20241106_140848_952954644,-0.10478464
20241106_140849_206588484,0.11932058
20241106_140849_464056331,-0.19031169
20241106_140849_715803088,-0.09885325
20241106_140849_955810684,-0.086552285
20241106_140850_208386190,-0.028896889
20241106_140850_446704065,-0.06491377
20241106_140850_697979768,-0.16912521
20241106_140850_938866745,-0.13475432
20241106_140851_445384509,-0.15453519
20241106_140851_698332030,0.118630655
20241106_140851_943539717,-0.29655775
20241106_140852_194501645,0.057070732
20241106_140852_438955709,0.3427274
20241106_140852_691235211,0.43492964
20241106_140852_944496463,0.63683075
20241106_140853_194822497,1.1442145
20241106_140853_445816873,1.0207397
20241106_140853_705372879,1.5572765
20241106_140853_955439832,1.0568237
20241106_140854_211550466,0.069088265
20241106_140854_452666369,0.13829312
20241106_140854_698306864,0.10359243
20241106_140854_950376921,-0.010219036
20241106_140855_200785991,0.007054353
20241106_140855_447990195,0.4160491
20241106_140855_699387623,0.10521058
20241106_140855_949893734,0.13186
20241106_140856_200242216,-0.009399375
20241106_140856_458397326,-0.14009716
20241106_140856_710831942,-0.21490432
20241106_140856_957619031,-0.026861032
20241106_140857_198461711,0.07962451
20241106_140857_443180271,0.05558244
20241106_140857_692739016,0.11018423
20241106_140857_938615680,0.2393163
20241106_140858_196728772,0.27031472
20241106_140858_452873541,0.20895909
20241106_140858_703544508,0.2087806
20241106_140858_943447813,0.24550562
20241106_140859_195052329,-0.30851755
20241106_140859_451041439,-0.6993579
20241106_140859_699754952,-1.8801594
20241106_140859_951036159,0.43183616
20241106_140900_220840041,-0.07994192
20241106_140900_456464337,0.18291555
20241106_140900_697737123,0.23592786
20241106_140900_944807431,0.10711876
20241106_140901_195757125,0.11823944
20241106_140901_457642082,0.27013007
20241106_140901_704693522,0.6199464
20241106_140901_949949342,0.271275
20241106_140902_202468895,0.36305857
20241106_140902_450744420,0.2814096
20241106_140902_701456895,0.21800597
20241106_140902_940798370,0.61094934
20241106_140903_195232363,0.2792907
20241106_140903_440202143,-0.2119263
20241106_140903_692295489,-0.1650493
20241106_140903_941380454,-0.101209275
20241106_140904_190244973,-0.0999644
20241106_140904_439079886,0.02752749
20241106_140904_689759230,-0.68597895
20241106_140904_936694471,-0.07001706
20241106_140905_190498089,0.0154398475
20241106_140905_440016928,-0.047144435
20241106_140905_692632329,-0.10518517
20241106_140905_941304486,-0.50260043
20241106_140906_195003654,-0.8110194
20241106_140906_449554070,0.47483596
20241106_140906_700631099,0.28461888
20241106_140906_948791690,0.4442372
20241106_140907_199607672,0.4139368
20241106_140907_442809238,0.37042996
20241106_140907_692365113,0.35370904
20241106_140907_940607824,0.4322156
20241106_140908_205343074,0.46983916
20241106_140908_711703058,0.28703338
20241106_140908_950893614,0.33447063
20241106_140909_202460332,-0.088435255
20241106_140909_446916471,-0.30718705
20241106_140909_702696900,-0.66985416
20241106_140909_950726176,-0.26733968
20241106_140910_206967445,-0.17511256
20241106_140910_447741848,-0.08346834
20241106_140910_696315058,-0.052415095
20241106_140910_953262877,-0.04413327
20241106_140911_198300854,-0.0796304
20241106_140911_463879640,-0.17432503
20241106_140911_707160950,-0.6808856
20241106_140911_947654848,-0.7159704
20241106_140912_206756191,-1.9763194
20241106_140912_462969084,0.50283355
20241106_140912_707438684,0.13169192
20241106_140912_956984865,0.19141404
20241106_140913_211265102,0.26310632
20241106_140913_456930845,0.16382138
20241106_140913_699141721,-0.026564738
20241106_140914_190643372,0.09740738
20241106_140914_443313917,-0.040629767
20241106_140914_702136608,0.010239461
20241106_140915_199197175,0.02368764
20241106_140915_444099482,0.058363594
20241106_140916_198938371,0.018687705
20241106_140916_442600227,0.076653756
20241106_140916_693263756,0.02891616
20241106_140916_946634598,0.06037102
20241106_140917_193764539,0.06958095
20241106_140918_452928067,0.043054856
20241106_140918_703200118,-0.08389976
20241106_140918_941629898,-0.06754746
20241106_140919_193985540,-0.0682691
20241106_140919_440850703,-0.1029106
20241106_140919_698476460,-0.046610616
20241106_140919_947105353,-0.009922406
20241106_140920_197348781,-0.0010384526
20241106_140920_446159292,0.020162502
20241106_140920_694676748,-0.0043042507
20241106_140920_941570873,-0.027601382
20241106_140921_194279743,-0.05351474
20241106_140921_440344286,-0.036100708
20241106_140923_455220655,-0.29043886
20241106_140923_724838039,0.23221968
20241106_140923_975710636,-0.1936716
20241106_140924_209173628,-0.18805818
20241106_140924_450639201,-0.14349915
20241106_140924_698378296,-0.070628904
20241106_140924_947883280,0.05763576
20241106_140925_201541488,0.49178037
20241106_140925_455673204,0.8515609
20241106_140925_701976968,0.48242196
20241106_140925_957518945,0.49255607
20241106_140926_203584483,0.41617936
20241106_140926_450537485,0.36876163
20241106_140926_703027342,0.40465587
20241106_140926_944991670,-0.8733063
20241106_140927_200399828,0.059178114
20241106_140927_447988767,-0.15268733
20241106_140927_690901950,-0.21572156
20241106_140927_939078000,-0.1346698
20241106_140928_206031902,-0.19450684
20241106_140928_453009300,-0.21517701
20241106_140928_701705706,-0.16167255
20241106_140929_193705402,-0.14769395
20241106_140929_439605962,-0.09822025
20241106_140929_689917029,-0.05092629
20241106_140929_935116143,0.02343289
20241106_140930_189349204,0.009810904
20241106_140930_696037329,-0.024975857
20241106_140930_949845912,-0.01717343
20241106_140931_192329164,-0.006543001
20241106_140931_440835086,0.23375292
20241106_140931_687174623,-0.018772027
20241106_140931_941948163,0.21636327
20241106_140932_196118705,0.17307238
20241106_140932_450048866,0.11486981
20241106_140932_697091636,0.25459287
20241106_140932_946530834,0.61136204
20241106_140933_195050569,0.40536252
20241106_140933_439915921,0.3135862
20241106_140933_698932148,0.24464943
20241106_140934_229893908,0.08006773
20241106_140934_448834805,0.2117484
20241106_140934_702475188,0.21171384
20241106_140934_952554112,0.20841305
20241106_140935_199478341,0.2040634
20241106_140935_446046308,0.19877772
20241106_140935_697882979,0.20802812
20241106_140935_947080675,0.17257755
20241106_140936_442303948,0.14515887
20241106_140936_693267786,-0.06974133
20241106_140936_938247613,0.016872564
20241106_140937_186997370,0.12701623
20241106_140937_435464409,0.104481734
20241106_140937_687906747,0.11014775
20241106_140938_188172897,0.10380242
20241106_140938_436756670,0.06316481
20241106_140938_688147954,0.03160236
20241106_140938_943679352,0.082663454
20241106_140939_196977684,0.2545248
20241106_140939_444390400,0.37654072
20241106_140939_693238455,0.6430671
20241106_140939_942865993,-0.5992684
20241106_140940_194960605,1.5811864
20241106_140940_443250508,0.5408146
20241106_140940_691895890,0.44404685
20241106_140940_935044039,0.39468032
20241106_140941_185490987,0.48144272
20241106_140941_437563766,0.13484685
20241106_140941_686615669,-0.3111626
20241106_140941_936031059,-0.08679228
20241106_140942_186049478,-0.09711089
20241106_140942_435819098,-0.047718786
20241106_140943_186087669,-0.051638447
20241106_140943_693035309,-0.14410062
20241106_140945_185670191,-0.08343496
20241106_140945_439254951,-0.34001493
20241106_140945_693480418,-0.7394966
20241106_140945_937763210,-1.0206815
20241106_140946_189028965,0.91022223
20241106_140946_436567667,0.64369977
20241106_140946_690225381,0.7604353
20241106_140946_942366791,0.75090754
20241106_140947_209156200,0.728913
20241106_140947_448741363,0.2947711
20241106_140947_690795862,0.3833052
20241106_140947_935656638,0.7852723
20241106_140948_192715256,0.58557373
20241106_140948_438443000,0.600719
20241106_140948_697849435,0.5999521
20241106_140949_193897090,0.63927364
20241106_140949_437336968,0.44111875
20241106_140949_689914925,0.55774397
20241106_140949_952742947,0.53741056
20241106_140950_204034831,0.44059855
20241106_140950_454640300,0.47898808
20241106_140951_194987212,0.57330805
20241106_140951_448980651,0.40254632
20241106_140951_690553566,0.17751764
20241106_140951_943757176,0.28543356
20241106_140952_201318885,0.19771819
20241106_140952_446552669,-0.01277866
20241106_140952_703100660,0.22443853
20241106_140952_942485793,0.6891718
20241106_140953_198441724,0.79611206
20241106_140953_442650020,0.5503687
20241106_140953_690520730,0.49399832
20241106_140953_935493158,0.54638225
20241106_140954_433950896,0.55202615
20241106_140954_682770753,0.20106195
20241106_140954_936527390,0.070869155
20241106_140955_188684079,-0.042655967
20241106_140955_438021228,-0.37175837
20241106_140955_689011093,-0.122870706
20241106_140955_935098849,-0.23400243
20241106_140956_692811442,-0.09185626
20241106_140957_185722351,-0.19948427
20241106_140957_437538905,-0.11359658
20241106_140957_693667776,-0.63035804
20241106_140957_947095566,-0.48439398
20241106_140958_197094115,-0.96876985
20241106_140958_440721510,-0.87507766
20241106_140958_688900946,-0.6127223
20241106_140958_935142405,-0.9025211
20241106_140959_194015264,-1.1600994
20241106_140959_444329179,-0.15365998
20241106_140959_690974471,0.31300268
20241106_140959_951808867,0.16840154
20241106_141000_200446740,0.22982596
20241106_141000_446651527,0.22901617
20241106_141000_699175370,0.3152963
20241106_141000_951568645,0.33829615
20241106_141001_206483978,0.2836836
20241106_141001_452233389,0.24503605
20241106_141001_701010343,0.10010401
20241106_141001_949325085,0.658353
20241106_141002_194516686,0.19880773
20241106_141002_447285234,0.23675047
20241106_141002_694445485,0.22428177
20241106_141002_938608884,0.52173907
20241106_141003_190520713,0.30186594
20241106_141003_436910921,0.3411181
20241106_141003_687810423,0.6882998
20241106_141003_937631600,0.5239002
20241106_141004_189383487,0.38604197
20241106_141004_443583185,0.43710086
20241106_141004_700128887,0.456426
20241106_141005_206319053,0.44388252
20241106_141005_449709098,0.45187417
20241106_141005_944669664,0.43020105
20241106_141006_201507553,0.38355803
20241106_141006_437062817,0.39016154
20241106_141006_692791299,0.44320363
20241106_141006_940052521,0.41672352
20241106_141007_188778581,0.4217823
20241106_141007_687171475,0.38428056
20241106_141007_941913463,0.30010536
20241106_141008_192986128,0.32888022
20241106_141008_442310704,0.41579324
20241106_141008_688649770,0.35351866
20241106_141008_939840958,0.26564538
20241106_141009_185129358,0.29376528
20241106_141009_687468707,0.31955573
20241106_141009_937373089,0.13053556
20241106_141010_185815760,0.21414809
20241106_141010_437444880,0.1664084
20241106_141010_685901388,-0.19479986
20241106_141010_936339927,-0.2446868
20241106_141011_188423327,-0.18302076
20241106_141011_438589534,-0.19131432
20241106_141011_690997179,0.28811365
20241106_141011_939226256,0.17980807
20241106_141012_195555589,0.11680172
20241106_141012_440643471,0.14781456
20241106_141012_686577606,0.12059907
20241106_141012_934577110,0.07072834
20241106_141013_435682794,-0.23138328
20241106_141013_690163965,-0.16091098
20241106_141013_942080763,-0.92136335
20241106_141014_191285010,-1.0656399
20241106_141014_446206576,0.47360495
20241106_141014_693002421,0.33980578
20241106_141014_948752272,0.65492696
20241106_141015_196576907,0.40620217
20241106_141015_438384077,0.40962854
20241106_141015_692642691,0.3913539
20241106_141015_938682787,0.4216197
20241106_141016_197659260,0.41744754
20241106_141016_445145663,0.40397686
20241106_141016_697232203,0.3657032
20241106_141016_942396594,-0.22167462
20241106_141017_191140599,0.24155273
20241106_141017_447002944,-0.10663367
20241106_141017_696734070,-0.4289656
20241106_141017_940338740,-0.3420151
20241106_141018_189863738,-0.35274896
20241106_141018_702304257,-0.42392585
20241106_141018_943361263,-0.36185083
20241106_141019_192245163,-0.24712984
20241106_141019_440664376,-0.22395767
20241106_141019_686849581,-0.29835352
20241106_141019_935949095,-0.13291247
20241106_141020_194249437,0.5002804
20241106_141020_447200520,0.09572818
20241106_141020_696709725,0.11429038
20241106_141020_941513745,0.09311006
20241106_141021_192112495,0.08714376
20241106_141021_440513593,0.077530004
20241106_141021_693284118,0.11388741
20241106_141022_184468436,0.13758056
20241106_141022_687582469,0.14208542
20241106_141023_950020327,0.17106639
20241106_141024_193863988,0.172329
20241106_141024_441440827,0.113723256
20241106_141024_693220707,-0.26617488
20241106_141024_951608642,-0.06890186
20241106_141025_203110870,-0.048207365
20241106_141025_455583865,-0.04006263
20241106_141025_699006673,-0.027834555
20241106_141025_949675768,-0.017194947
20241106_141026_196308098,0.032676615
20241106_141026_450569272,0.019551793
20241106_141026_693997396,0.4127024
20241106_141026_945111515,0.34091893
20241106_141027_202514182,0.24788593
20241106_141027_441860153,0.14409678
20241106_141027_691622296,0.030679027
20241106_141029_440854201,0.12782852
20241106_141029_685675615,0.13860397
20241106_141030_184573858,0.105454065
20241106_141030_440363649,0.11621652
20241106_141030_701467701,0.12982522
20241106_141030_947181778,0.11867658
20241106_141031_201178986,0.103326716
20241106_141031_445952359,0.05903945
20241106_141031_707048683,0.09580753
20241106_141031_944174282,0.105042554
20241106_141032_448130920,0.22606196
20241106_141032_691687821,0.24352719
20241106_141033_186242623,0.20424406
20241106_141034_933580828,0.1401224
20241106_141035_188400625,0.01971654
20241106_141035_439866662,-1.2681636
20241106_141035_691422046,-1.4576343
20241106_141035_938112863,-0.84434193
20241106_141036_206637399,-0.04394414
20241106_141036_450350365,0.38109276
20241106_141036_688721689,0.34061506
20241106_141037_195229056,0.31215885
20241106_141037_443839207,0.5447691
20241106_141037_692701597,0.29340574
20241106_141037_941587684,0.36662266
20241106_141038_193583214,0.36075714
20241106_141038_440669504,0.343766
20241106_141038_693563877,0.29396096
20241106_141038_942309573,0.33754638
20241106_141039_201999048,0.30224997
20241106_141039_693356749,0.53836477
20241106_141039_935301508,0.553682
20241106_141040_188736213,0.5238745
20241106_141040_434780615,0.31029215
20241106_141040_686172251,0.35486802
20241106_141040_932086164,0.4673788
20241106_141041_184945427,0.34215793
20241106_141041_436245623,0.31303087
20241106_141041_689654247,1.2931036
20241106_141041_935363096,-0.61160594
20241106_141042_188048305,-0.065081015
20241106_141042_435404817,-0.001055086
20241106_141042_685677351,-0.028081095
20241106_141042_934425427,-0.6989474
20241106_141043_181861177,-0.14571443
20241106_141043_433399806,-0.18187793
20241106_141043_684806067,-0.34576616
20241106_141043_932449964,-0.23947658
20241106_141044_183207738,-0.30087763
20241106_141044_681721765,-0.38254923
20241106_141044_933304248,-0.29554224
20241106_141045_185457296,-0.29186967
20241106_141046_183092419,-0.26253733
20241106_141046_431978449,-0.24950661
20241106_141046_685254037,-0.0263937
20241106_141046_934414731,0.0232558
20241106_141047_183847394,0.029357055
20241106_141047_434443070,0.055377938
20241106_141047_688450193,0.0435938
20241106_141047_944088574,0.010974446
20241106_141048_449962494,0.03031216
20241106_141048_698914057,0.048556827
20241106_141049_206973417,0.008764068
20241106_141049_440901237,0.0038585458
20241106_141049_695103531,-0.043543242
20241106_141049_943123028,-0.04528185
20241106_141050_195325196,-0.01995947
20241106_141050_437151885,-0.043791436
20241106_141051_436605867,0.79282147
20241106_141051_687729322,-0.08684894
20241106_141051_937424557,1.0363786
20241106_141052_187761403,0.093365245
20241106_141052_435191904,1.4849352
20241106_141052_685888143,-0.009100394
20241106_141052_937144543,1.1931946
20241106_141053_193670467,-0.08299969
20241106_141053_437818353,0.036563367
20241106_141053_683216073,-0.007703094
20241106_141053_934484355,0.13032527
20241106_141054_184620135,-0.75813097
20241106_141054_431811433,0.22906862
20241106_141054_686258309,0.08575568
20241106_141055_188578951,0.08370872
20241106_141055_434777666,0.43549308
20241106_141055_687676225,-0.2470103
20241106_141055_938831535,-0.05041363
20241106_141056_186394708,0.26783684
20241106_141056_430365034,0.66142344
20241106_141056_687296679,0.45534268
20241106_141056_945487396,0.34101978
20241106_141057_191625411,0.09421096
20241106_141057_435558911,0.13590078
20241106_141057_683704761,0.64338976
20241106_141057_932854888,-1.0564117
20241106_141058_186275225,-1.5263487
20241106_141058_433758811,1.2258497
20241106_141058_684964180,-0.05084805
20241106_141058_932059648,-0.05578559
20241106_141059_186882645,0.2514573
20241106_141059_440504830,-0.6606865
20241106_141059_695506224,-0.51903975
20241106_141059_940586097,-2.1536407
20241106_141100_197337639,-0.034887157
20241106_141100_455047451,-0.065080725
20241106_141100_705763586,0.1925997
20241106_141100_946831755,-0.07091709
20241106_141101_203019808,0.0008683
20241106_141101_450925018,-0.11360397
20241106_141101_693855711,-0.1899205
20241106_141101_939332001,-0.10815539
20241106_141102_199744421,-0.108801745
20241106_141102_446317114,-0.091477655
20241106_141102_937960745,0.2081267
20241106_141103_189440655,0.07145933
20241106_141103_436227982,-0.07574173
20241106_141103_690695449,-0.36128578
20241106_141103_934737406,-0.4771249
20241106_141104_196287556,-0.42443275
20241106_141104_435166948,-0.3480935
20241106_141104_687606537,-0.19428091
20241106_141104_934628546,-0.26469168
20241106_141105_189505070,-1.0825772
20241106_141105_441325543,0.4107943
20241106_141105_707794514,0.5117475
20241106_141105_941267379,0.7716353
20241106_141106_196480349,1.5442071
20241106_141106_441603843,0.032767333
20241106_141106_702352676,0.07009382
20241106_141106_941326721,0.4753658
20241106_141107_193677678,1.319174
20241106_141107_435735656,1.3971599
20241106_141107_684597583,-0.2807727
20241106_141107_934624906,-0.35608307
20241106_141108_191100468,0.6899519
20241106_141108_438785424,0.434404
20241106_141108_687547186,0.65028316
20241106_141109_183802722,0.56437224
20241106_141109_685353404,0.42385265
20241106_141109_936833261,0.17632328
20241106_141110_185853540,0.21737944
20241106_141110_432446038,0.182218
20241106_141110_686856937,0.1937009
20241106_141111_189082660,0.22372566
20241106_141111_435486577,0.2235773
20241106_141111_682845451,0.43272743
20241106_141111_931741031,1.217178
20241106_141112_183448096,0.5084538
20241106_141112_689919223,0.46261695
20241106_141112_942407527,0.53224057
20241106_141113_211397814,0.38340056
20241106_141113_470140694,-0.09102347
20241106_141113_719304705,-0.23078252
20241106_141113_954044654,-0.1407172
20241106_141114_203938955,-0.07111155
20241106_141114_452533358,-0.11590662
20241106_141114_704354157,-0.119649254
20241106_141114_940171821,-0.16338904
20241106_141115_192264408,-0.04491862
20241106_141115_692814036,-0.15186228
20241106_141116_194566922,0.22014663
20241106_141116_439346911,0.100186594
20241106_141116_689596433,0.0071034227
20241106_141116_941718552,0.045653023
20241106_141117_190675007,0.036050476
20241106_141117_438386329,-0.009122631
20241106_141117_942266482,0.17134713
20241106_141118_189952937,-0.024639687
20241106_141118_433521414,0.012467185
20241106_141119_189634095,0.010913709
20241106_141119_436925684,-0.16669543
20241106_141120_191302655,-0.08393075
20241106_141120_444910894,0.02418659
20241106_141120_699834687,-0.020760676
20241106_141120_955191765,-0.06792381
20241106_141121_205710248,-0.052878223
20241106_141121_457051615,-0.40990016
20241106_141121_699688102,0.6365008
20241106_141121_944915850,-0.78736395
20241106_141122_209857854,0.42514354
20241106_141122_448666533,0.3697533
20241106_141122_694916896,0.12974976
20241106_141122_938103588,0.0945482
20241106_141123_188594557,0.16137074
20241106_141123_437871291,0.17093663
20241106_141123_687164744,-0.20488705
20241106_141123_937334636,-0.12394311
20241106_141124_189619829,-0.0626237
20241106_141124_434673743,-0.044097744
20241106_141124_686164682,0.08151076
20241106_141124_931948816,0.020711163
20241106_141125_191157546,1.2133976
20241106_141125_444573572,0.79610735
20241106_141125_693601780,-1.0623246
20241106_141125_943162658,0.59512883
20241106_141126_189627253,0.29571685
20241106_141126_437755491,0.4383599
20241106_141126_684940682,1.047518
20241106_141126_930995165,0.7957643
20241106_141127_191576786,0.68471646
20241106_141127_686609696,0.93210155
20241106_141127_933782855,0.70748127
20241106_141128_184780495,0.15151094
20241106_141128_433806506,0.29735348
20241106_141128_683845563,0.8968899
20241106_141128_932988231,0.43288657
20241106_141129_184981082,0.67032677
20241106_141129_431025367,0.17583363
20241106_141129_685023308,0.30550683
20241106_141129_931388989,0.25902495
20241106_141130_181051793,0.19081716
20241106_141130_434072627,0.20080428
20241106_141130_682974052,0.2590225
20241106_141130_934278618,0.4108098
20241106_141131_187169924,1.1779723
20241106_141131_437836429,0.06347742
20241106_141131_685844773,-0.0036864113
20241106_141131_934339795,-0.007751379
20241106_141132_188696579,0.885435
20241106_141132_435879060,0.66143984
20241106_141132_694879433,0.5237753
20241106_141132_933927524,0.29640743
20241106_141133_184943356,0.34128645
20241106_141133_436382642,0.039296903
20241106_141133_683726417,0.1443889
20241106_141133_937051891,0.13913803
20241106_141135_190300356,0.13830821
20241106_141136_681304543,1.0170106
20241106_141136_932257607,-0.29000252
20241106_141137_194201850,0.23360805
20241106_141137_440593798,0.46984142
20241106_141137_696315723,0.2801099
20241106_141137_935690341,0.38760528
20241106_141138_185543420,0.29640362
20241106_141138_429873547,0.11811183
20241106_141138_684728518,0.21389608
20241106_141139_185531720,0.12466351
20241106_141139_439765688,0.3537874
20241106_141139_693321326,0.29690894
20241106_141140_187370834,0.21012764
20241106_141140_436991438,0.08357344
20241106_141140_687185954,0.4509514
20241106_141140_942269627,0.63797116
20241106_141141_198788744,0.4769636
20241106_141141_449967482,0.5256661
20241106_141141_706751152,0.88843834
20241106_141141_947356721,0.75718415
20241106_141142_202329814,1.3060616
20241106_141142_444232111,0.13845651
20241106_141142_693310051,0.056508556
20241106_141142_941211524,0.057565592
20241106_141143_431093929,0.58269554
20241106_141143_687243602,0.6635061
20241106_141143_931526280,0.5545717
20241106_141144_185536178,0.4098984
20241106_141144_443981962,0.4240754
20241106_141144_704394218,0.14953996
20241106_141144_958358989,0.04040519
20241106_141145_210888216,0.13465165
20241106_141145_946890868,0.19060509
20241106_141146_192497425,0.28596207
20241106_141146_442139920,0.31394628
20241106_141146_695201682,0.51194656
20241106_141146_946097151,0.78406674
20241106_141147_191194294,0.8233475
20241106_141147_437411046,0.6830996
20241106_141147_688038018,0.69299346
20241106_141147_946379900,0.6473529
20241106_141148_189478105,0.5471371
20241106_141148_687359556,0.63386893
20241106_141148_937427742,0.067403086
20241106_141149_191780808,-0.08104869
20241106_141149_440159594,-0.059855275
20241106_141149_700613484,0.50197536
20241106_141149_956784584,0.2088025
20241106_141150_212853792,0.11427102
20241106_141150_455208381,-0.16071941
20241106_141150_698614978,-0.20473196
20241106_141150_940222839,-0.098714255
20241106_141151_199336337,-0.08072468
20241106_141151_441796814,-0.08849677
20241106_141151_688834560,0.14807963
20241106_141151_939474601,0.28437096
20241106_141152_197426746,0.48525527
20241106_141152_438937774,0.7431963
20241106_141152_690538305,0.34588364
20241106_141152_941170693,0.35966408
20241106_141153_191061042,0.20204805
20241106_141153_695518568,0.2312902
20241106_141153_944554504,-0.13785692
20241106_141154_201138501,0.033377714
20241106_141154_437994547,-0.006784877
20241106_141154_686114223,-0.0837908
20241106_141155_206259240,-0.015318295
20241106_141155_440146227,-0.013027808
20241106_141155_692084402,-0.010803362
20241106_141156_195889880,-0.013277909
20241106_141156_439395234,0.042204596
20241106_141156_694919544,-0.07958176
20241106_141156_936022706,-0.04304125
20241106_141157_183267759,-0.049595796
20241106_141157_429697101,-0.03831228
20241106_141157_683930478,-0.028154096
20241106_141158_187943787,-0.17368461
20241106_141158_439396713,-0.47017062
20241106_141158_685966301,-1.076709
20241106_141158_932652743,-0.5511312
20241106_141159_192571162,-0.7851426
20241106_141159_445897586,-0.9771502
20241106_141159_701694469,-0.8628675
20241106_141159_954547388,-0.28148198
20241106_141200_202564634,-0.07227697
20241106_141200_447379585,0.57630295
20241106_141200_707189491,-0.04698673
20241106_141200_954292185,0.17418735
20241106_141201_214613060,0.05578593
20241106_141201_449981759,0.27500466
20241106_141201_704298350,-2.0508895
20241106_141201_948248591,-2.2567575
20241106_141202_202343833,0.21048838
20241106_141202_449016556,0.43372992
20241106_141202_702174826,0.3148419
20241106_141202_944946149,1.1940036
20241106_141203_193615404,-0.8712527
20241106_141203_447361172,0.28386706
20241106_141203_704627886,-1.9137683
20241106_141203_944145553,0.4898574
20241106_141204_198191027,-0.3384432
20241106_141204_442203708,-0.8033252
20241106_141204_700633773,0.16348915
20241106_141204_947421768,0.15172164
20241106_141205_191656755,0.369487
20241106_141205_445659675,0.40789515
20241106_141205_698836613,0.33233452
20241106_141205_939597490,0.67147607
20241106_141206_189764476,0.21255262
20241106_141206_443577522,0.23527102
20241106_141206_696726521,0.65475404
20241106_141206_945492067,0.29728457
20241106_141207_203235185,0.28789848
20241106_141207_453388100,1.3401284
20241106_141207_707427816,0.36059472
20241106_141207_961566863,-0.031856045
20241106_141208_204580219,0.18247624
20241106_141208_441321332,-0.48199224
20241106_141208_690722089,0.39304164
20241106_141208_937069808,-0.35762826
20241106_141209_191536787,0.18140616
20241106_141209_434644093,0.17639528
20241106_141209_688158123,0.59825224
20241106_141209_934934411,0.2817029
20241106_141210_186847356,0.06429688
20241106_141210_433835093,-0.7373653
20241106_141210_699333206,-0.47350708
20241106_141210_961632738,-0.39646938
20241106_141211_214836459,0.13566922
20241106_141211_455111775,-0.00034682825
20241106_141211_698564117,-0.40292668
20241106_141211_957931116,-0.06808752
20241106_141212_209621112,0.3814148
20241106_141212_446523959,-0.13872536
20241106_141212_694303667,-0.3920916
20241106_141212_943699025,-0.4098759
20241106_141213_199086199,-1.7182051
20241106_141213_444396070,0.03490136
20241106_141213_693504392,0.123960696
20241106_141213_937255156,0.16475528
20241106_141214_192341458,-0.027631558
20241106_141214_436888419,0.07170335
20241106_141214_689421314,0.16584498
20241106_141214_934092484,0.15399458
20241106_141215_185785936,-0.029030144
20241106_141215_442739133,0.03115297
20241106_141215_695287279,0.10176287
20241106_141216_197745258,0.118463285
20241106_141216_446740235,-0.407799
20241106_141216_693409505,-0.433864
20241106_141216_937964252,0.63505673
20241106_141217_190198264,0.0462654
20241106_141217_435641427,0.19435622
20241106_141217_695651442,0.06450399
20241106_141217_951658613,0.24493508
20241106_141218_205196844,-0.79661244
20241106_141218_450753178,-0.7090707
20241106_141218_702370163,-0.843463
20241106_141218_957199105,-0.48027235
20241106_141219_205379916,0.14007305
20241106_141219_447373354,0.050910585
20241106_141219_705637172,-0.10963779
20241106_141219_961635704,-0.12975352
20241106_141220_208761728,-0.08100321
20241106_141220_456138746,0.027825156
20241106_141220_703917996,-0.051014684
20241106_141220_956479707,-0.037339948
20241106_141221_699310064,0.01580141
20241106_141221_946622736,0.06473241
20241106_141222_193410253,0.048659675
20241106_141222_440618253,0.047870792
20241106_141222_692980514,0.10381184
20241106_141222_936991202,0.12786244
20241106_141223_187724477,0.015071848
20241106_141223_437680440,0.10526905
20241106_141223_946794191,-0.023268899
20241106_141224_214682166,0.26248977
20241106_141224_461073575,0.42987213
20241106_141224_707111416,0.33864155
20241106_141224_962928976,0.22326447
20241106_141225_214201307,0.0377414
20241106_141225_455519740,0.10531903
20241106_141225_718142875,0.06740693
20241106_141225_964517872,0.10854513
20241106_141226_225193692,0.35774472
20241106_141226_471042137,0.27804267
20241106_141226_712645779,0.22594152
20241106_141226_958363209,0.100476004
20241106_141227_211200425,0.15733309
20241106_141227_458194991,0.06294993
20241106_141227_702015318,0.08049295
20241106_141227_952273719,0.009289661
20241106_141228_209340026,0.018674472
20241106_141228_455692993,-0.0047012772
20241106_141228_705212087,-0.19242088
20241106_141228_946141408,-0.17799945
20241106_141229_214860137,1.0096895
20241106_141229_447492387,0.8366187
20241106_141229_708811788,0.79733455
20241106_141229_949119553,-0.92411786
20241106_141230_199321114,-0.082870044
20241106_141230_447885465,-0.27416736
20241106_141230_699914786,-0.40935603
20241106_141230_945817826,-0.3485447
20241106_141231_207383219,0.041984305
20241106_141231_449459802,0.698552
20241106_141231_688515641,0.3399568
20241106_141231_937770305,0.3858091
20241106_141232_193447492,0.23383354
20241106_141232_442448108,0.33414945
20241106_141232_932117675,0.3283693
20241106_141233_190029466,0.7199288
20241106_141233_438197629,0.24111287
20241106_141233_693665084,0.29287276
20241106_141233_943244658,0.29481214
20241106_141234_212675382,0.2891045
20241106_141234_445889592,0.117438115
20241106_141234_692035128,0.23141716
20241106_141234_948701158,0.20408462
20241106_141235_459348163,0.21541218
20241106_141236_190045299,0.19934033
20241106_141236_449367945,-0.01325812
20241106_141236_690867804,0.08513639
20241106_141236_940779809,0.2865112
20241106_141238_444242500,0.23612697
20241106_141238_940446098,0.13758437
20241106_141239_191387720,0.13272755
20241106_141239_442960542,-0.1424234
20241106_141239_701119890,-0.4985429
20241106_141239_951923420,-0.33413383
20241106_141240_205470045,-0.2516718
20241106_141240_441848377,-0.23925664
20241106_141241_189937528,-0.3221059
20241106_141241_434357495,-0.2117761
20241106_141241_683366240,-0.16362111
20241106_141242_195273832,-0.12678166
20241106_141242_441381618,-0.23301525
20241106_141242_690657458,-1.1107421
20241106_141242_940657890,-1.1156558
20241106_141243_191656230,-1.0752132
20241106_141243_435473880,-1.0846134
20241106_141243_684529849,-0.6585434
20241106_141244_193746088,-0.647427
20241106_141244_437215656,-0.40736115
20241106_141244_692933836,-0.5500882
20241106_141244_941909685,-0.48754546
20241106_141245_188893220,-0.38016787
20241106_141245_437456351,-0.8142477
20241106_141246_186887046,-0.34354836
20241106_141246_440550466,-0.43189913
20241106_141246_707739837,-0.86661094
20241106_141246_948841826,-0.8923846
20241106_141247_195786450,0.2428367
20241106_141247_443784214,1.6621526
20241106_141247_691334444,-0.31146032
20241106_141247_945081382,-0.16310039
20241106_141248_195472759,-0.10334226
20241106_141248_437338940,-0.019129476
20241106_141248_695492160,-0.09002628
20241106_141248_946089473,-0.3184087
20241106_141249_198330289,-0.12433907
20241106_141249_443865338,-0.1013312
20241106_141249_952566766,-0.06568726
20241106_141250_439965073,-0.11683812
20241106_141250_938853071,-0.8443418
20241106_141251_191803724,-1.6334358
20241106_141251_436850073,0.2598367
20241106_141251_707398733,-0.27773625
20241106_141251_951491925,-0.3847141
20241106_141252_209065758,0.02489836
20241106_141252_448246708,-0.10461321
20241106_141252_697149679,-0.08328857
20241106_141253_188318020,0.6392447
20241106_141253_438366382,0.42024702
20241106_141253_692913859,0.7397847
20241106_141253_936446403,0.4738529
20241106_141254_189565032,0.098788895
20241106_141254_441687362,0.22836833
20241106_141254_935172444,0.24945195
20241106_141255_184846171,0.18578236
20241106_141255_433680034,0.21106748
20241106_141255_684417619,-0.2502636
20241106_141256_682467317,0.027014503
20241106_141257_180950276,0.0015086327
20241106_141257_687817010,0.040899046
20241106_141257_931449132,0.050820656
20241106_141258_699443308,0.082791604
20241106_141258_937703351,0.07840911
20241106_141259_196546145,-0.107087456
20241106_141259_449700952,0.09060416
20241106_141259_692857066,0.41624066
20241106_141259_944286392,0.6639376
20241106_141300_196521123,0.643293
20241106_141300_458289262,0.64054364
20241106_141300_721747738,-0.26397943
20241106_141300_974359425,0.24672718
20241106_141301_215165177,0.074423574
20241106_141301_456278798,-0.12087101
20241106_141301_706911685,-0.23045821
20241106_141301_954995317,-0.4179626
20241106_141302_205218358,-0.27610466
20241106_141302_448964006,-0.23395349
20241106_141302_706868778,-0.19598205
20241106_141302_954816018,-0.12796059
20241106_141303_209125738,-0.11540767
20241106_141303_462153613,-0.2703386
20241106_141303_699816410,-0.29304138
20241106_141303_944882890,-0.4302843
20241106_141304_205369291,-1.0665294
20241106_141304_451173073,-2.0523021
20241106_141304_697519024,0.548622
20241106_141304_946359744,0.52326375
20241106_141305_199751360,0.28697655
20241106_141305_441543377,0.034174062
20241106_141305_690942603,0.12633573
20241106_141305_943143637,0.20974033
20241106_141306_192133907,0.15532641
20241106_141306_688714341,0.12300805
20241106_141307_188888667,0.15712301
20241106_141307_436954676,0.14867352
20241106_141307_685738851,0.14322756
20241106_141307_931316896,0.15302424
20241106_141308_190566934,0.13671063
20241106_141308_436069916,0.11002097
20241106_141308_689222844,-0.5490665
20241106_141308_940431142,-0.53671104
20241106_141309_197796348,-0.3706678
20241106_141309_444588354,-0.32354268
20241106_141309_690426379,-0.51863277
20241106_141310_698352393,-0.327501
20241106_141311_205753859,-0.6823439
20241106_141311_459932787,-0.5329529
20241106_141311_709055563,-0.5929872
20241106_141311_947709878,0.18020459
20241106_141312_206814234,0.19779234
20241106_141312_448114153,0.2246329
20241106_141312_698311357,0.13390772
20241106_141312_935018687,0.07039676
20241106_141313_189487424,0.065851785
20241106_141313_447355931,0.13261347
20241106_141313_933815875,0.10982714
20241106_141314_192257169,0.12354795
20241106_141314_434449727,0.024379471
20241106_141314_685963362,0.07238374
20241106_141314_934872943,0.08383397
20241106_141315_185867725,0.09369037
20241106_141315_442533799,0.0716025
20241106_141315_696656651,-0.033957444
20241106_141315_937328429,0.098360576
20241106_141316_192099957,0.014084974
20241106_141316_442410295,0.06772838
20241106_141316_691243603,-0.65617293
20241106_141316_946216516,0.2269734
20241106_141317_193341473,-0.061943583
20241106_141317_440797169,-0.043839477
20241106_141317_689717806,-0.052174233
20241106_141318_187094661,-0.6705928
20241106_141318_448362667,-0.7291098
20241106_141318_693709192,-0.3290423
20241106_141318_938596978,-0.14965905
20241106_141319_432952771,-0.27037975
20241106_141319_688585990,-0.21644019
20241106_141319_939718414,-0.2365007
20241106_141320_185888276,-0.29103598
20241106_141320_433228054,-0.2619642
20241106_141320_684359641,-0.18768223
20241106_141320_932093250,-0.1744742
20241106_141321_184923930,-0.05526855
20241106_141321_434761396,-0.0004646387
20241106_141322_178774931,-0.10851332
20241106_141322_429359310,-0.11197253
20241106_141322_683753488,-0.10727253
20241106_141322_935084150,-0.14102693
20241106_141323_191374621,-0.1158246
20241106_141324_187375738,-0.13706346
20241106_141324_441847216,-0.50911677
20241106_141324_686734992,-0.34131822
20241106_141324_933147059,-0.29997513
20241106_141325_182799747,-0.23169716
20241106_141325_444030761,-0.10669812
20241106_141325_686132574,-0.12271228
20241106_141325_931976012,-0.14410271
20241106_141326_436970340,-0.18780215
20241106_141326_685419505,-0.18292831
20241106_141327_182770265,-0.16104706
20241106_141327_434945210,-0.1553606
20241106_141327_931344315,-0.25671807
20241106_141328_183471611,0.00074588694
20241106_141328_430934931,-0.13390316
20241106_141328_681051461,0.03865943
20241106_141328_934125824,0.0006798897
20241106_141329_183875508,-0.021187445
20241106_141329_432082867,-0.25639653
20241106_141329_687463094,-0.0770736
20241106_141329_930628002,0.2017043
20241106_141330_176975573,0.8840925
20241106_141330_431284137,0.26369768
20241106_141330_931064266,0.23684232
20241106_141331_188322796,0.40020376
20241106_141331_438740362,0.46816543
20241106_141331_683502544,0.27439868
20241106_141331_930022044,0.16226833
20241106_141332_185099359,0.17511027
20241106_141332_929659735,2.7727106
20241106_141333_185289504,-0.5464581
20241106_141333_431743128,-0.03622992
20241106_141333_682702216,-0.15468176
20241106_141333_933411135,-0.03776612
20241106_141334_204022707,-0.05172255
20241106_141334_682273286,-0.21028967
20241106_141334_932780276,-0.24575444
20241106_141335_183960028,-0.21251984
20241106_141335_431149277,-0.48924008
20241106_141335_684191316,-0.2708309
20241106_141335_932877541,-0.2006388
20241106_141336_186039898,-0.2859657
20241106_141336_438639716,-0.20609076
20241106_141336_692887081,-0.39333597
20241106_141336_936185362,0.47241518
20241106_141337_184618982,0.40892658
20241106_141337_432995525,0.29836333
20241106_141337_684503243,0.28136554
20241106_141337_934480110,0.21536605
20241106_141338_186711632,0.2317255
20241106_141338_436056941,0.24985264
20241106_141338_685621727,-0.30617705
20241106_141338_935018069,-0.035695683
20241106_141339_190383799,-0.28002623
20241106_141339_440537626,-0.18628033
20241106_141339_696262755,-0.15191247
20241106_141339_947408185,-0.11268874
20241106_141340_198670025,-0.11207875
20241106_141340_448600733,-0.08934911
20241106_141340_689500998,-0.12521137
20241106_141340_933291804,-0.15671743
20241106_141341_185384302,-0.20662196
20241106_141341_432614634,-0.17689098
20241106_141341_691972744,-0.19930764
20241106_141341_936772442,-0.16624208
20241106_141342_440666732,-0.14138888
20241106_141342_683474011,-0.15254654
20241106_141342_933753952,-0.13622035
20241106_141343_197253853,-0.1469561
20241106_141343_435407908,-0.13941015
20241106_141343_686625933,-0.9716501
20241106_141343_937200171,0.035834618
20241106_141344_185239884,0.20976214
20241106_141344_437297778,0.032256126
20241106_141344_685156817,-0.020266375
20241106_141344_932269680,0.032412685
20241106_141345_182426815,-0.0010387506
20241106_141345_433971458,-0.5320654
20241106_141345_691165620,-0.6002442
20241106_141345_939064135,-0.47409183
20241106_141346_195799585,-0.3055985
20241106_141346_440526784,-0.094452344
20241106_141346_691315254,-0.13283958
20241106_141346_936053224,0.079885565
20241106_141347_195002091,0.8019433
20241106_141347_437583713,0.1321517
20241106_141347_694381931,0.13115798
20241106_141347_937391743,0.15173696
20241106_141348_185695742,-0.41264927
20241106_141348_433617403,-0.65974087
20241106_141348_685633200,-1.7658885
20241106_141348_932316356,-1.860374
20241106_141349_193227283,-0.2622005
20241106_141349_441502687,-0.022711
20241106_141349_687303243,0.6003081
20241106_141349_931103222,-0.39646754
20241106_141350_183168380,-0.15614454
20241106_141350_430433998,-0.07787516
20241106_141350_928327052,-0.073930286
20241106_141351_192826360,-0.13145418
20241106_141351_435294514,0.03281577
20241106_141351_686198052,-0.03891816
20241106_141351_936991504,-0.158363
20241106_141352_192416398,-0.4249793
20241106_141352_441194958,-0.14574505
20241106_141352_687026634,0.22499694
20241106_141352_938101740,0.2676308
20241106_141353_193246227,0.16267984
20241106_141353_432605348,0.28128353
20241106_141353_687347144,0.1112505
20241106_141353_931826276,0.15691026
20241106_141354_184729770,0.11205921
20241106_141354_432303646,0.045241274
20241106_141354_686898582,0.06312624
20241106_141354_932868366,0.10187731
20241106_141355_188738204,0.2538099
20241106_141355_432146162,0.81519926
20241106_141355_688673643,1.4467447
20241106_141355_934360937,0.23297696
20241106_141356_194909097,0.46306527
20241106_141356_445936752,0.4243535
20241106_141356_689251387,0.089140214
20241106_141356_934866188,0.22514246
20241106_141357_188406418,0.6659041
20241106_141357_435892409,0.47426417
20241106_141357_688457079,0.41125664
20241106_141357_932291598,-0.05480235
20241106_141358_181940472,-0.017506203
20241106_141358_428621531,0.08128492
20241106_141358_682848676,0.06715027
20241106_141358_936393279,0.060985662
20241106_141359_186402317,-0.26028192
20241106_141359_434949311,0.1417917
20241106_141359_691971792,1.3049283
20241106_141359_942058243,0.42080823
20241106_141400_204254998,0.21064508
20241106_141400_445455956,0.67682695
20241106_141400_698576512,0.06542341
20241106_141400_952281264,0.44588178
20241106_141401_211334048,0.6226635
20241106_141401_445721439,0.5031114
20241106_141401_707355774,1.3579023
20241106_141401_950892013,-0.56834596
20241106_141402_194587098,-0.43789873
20241106_141402_439258232,-0.26037723
20241106_141402_685207076,-0.18786545
20241106_141402_929917958,-0.15111817
20241106_141403_186687971,-0.46043622
20241106_141403_433503131,-0.10279548
20241106_141403_693085170,-0.18718736
20241106_141403_942415305,-0.21756746
20241106_141404_198802191,-0.12955405
20241106_141404_448704353,-0.28801066
20241106_141404_696442880,-0.5305122
20241106_141404_959318630,-1.2155427
20241106_141405_211637786,-0.605327
20241106_141405_447501599,-0.5281968
20241106_141405_693528494,-0.3175077
20241106_141405_946909552,-1.6054858
20241106_141406_213328766,0.66340387
20241106_141406_462888191,0.2510498
20241106_141406_707352627,0.7559911
20241106_141406_954994724,0.56221277
20241106_141407_196651847,0.018616835
20241106_141407_447610335,0.07761482
20241106_141407_691749331,0.3567564
20241106_141407_928480413,0.47345576
20241106_141408_185802433,0.3731447
20241106_141408_436337345,0.31551695
20241106_141408_695343416,0.28577062
20241106_141408_936111369,0.26639634
20241106_141409_194580142,-2.9607232
20241106_141409_448449035,2.2641315
20241106_141409_693429227,-0.7270469
20241106_141409_941862703,-0.40138933
20241106_141410_191528047,-0.6394746
20241106_141410_437345730,-0.53784543
20241106_141410_690616260,-0.39308253
20241106_141410_938948363,-0.39188465
20241106_141411_192341262,-0.3949813
20241106_141411_435369744,-1.9714186
20241106_141411_687760686,0.51886904
20241106_141411_947872532,0.49911234
20241106_141412_199901511,-0.1953605
20241106_141412_454692070,-0.082309924
20241106_141412_701899606,-0.2717487
20241106_141412_948782427,-0.38643858
20241106_141413_192568811,-0.48268157
20241106_141413_443554728,-0.38979146
20241106_141413_689702094,-0.26095122
20241106_141413_938045240,-0.22979291
20241106_141414_186682659,-0.2094874
20241106_141414_431509343,-0.20890732
20241106_141414_684222702,-0.20308156
20241106_141414_931083581,-0.20580532
20241106_141415_185861184,-0.20983781
20241106_141415_436584534,-0.2122071
20241106_141415_686134709,-0.23865117
20241106_141415_938663159,-0.26424974
20241106_141416_209966508,-0.034167416
20241106_141416_447606324,1.3595601
20241106_141416_715745400,-0.27784336
20241106_141416_973119833,-0.0066504534
20241106_141417_205287988,0.3615838
20241106_141417_445859122,-0.22596858
20241106_141417_689646934,0.055985227
20241106_141417_934708263,0.053709097
20241106_141418_194509648,0.049411863
20241106_141418_441506286,-0.018803727
20241106_141418_703542912,-0.558231
20241106_141418_955229797,-0.10396125
20241106_141419_205232815,0.0020802673
20241106_141419_447595076,-0.39245105
20241106_141419_703613902,-0.27157238
20241106_141419_952107640,-0.30707696
20241106_141420_201302611,-0.43096614
20241106_141420_442080410,-0.38095462
20241106_141420_686450637,-0.2877088
20241106_141420_948884739,-0.30371997
20241106_141421_197230376,-0.10067906
20241106_141421_446418988,-0.09478363
20241106_141421_689817055,-0.15499358
20241106_141421_948518300,-0.3395475
20241106_141422_199278538,-0.5289268
20241106_141422_437533620,-0.51401246
20241106_141422_688109859,-0.41698065
20241106_141422_940849748,-0.25343576
20241106_141423_197194418,-0.21252616
20241106_141423_451176211,-0.3684247
20241106_141423_701029873,-0.24950965
20241106_141423_954322358,-0.29257053
20241106_141424_202046050,-0.6653014
20241106_141424_438450521,-0.79831934
20241106_141424_685877036,-0.33474535
20241106_141424_934973855,-0.27631894
20241106_141425_195348215,0.11522085
20241106_141425_440495262,0.16953973
20241106_141425_690652425,0.015089611
20241106_141425_944261563,0.008989373
20241106_141426_213017985,-0.012678226
20241106_141426_447398513,-0.057946347
20241106_141426_701904144,-0.24081858
20241106_141426_942780797,-0.18570031
20241106_141427_191221918,-0.08376261
20241106_141427_439086509,-0.08233424
20241106_141427_689861918,-0.1755835
20241106_141428_189644245,-0.2099488
20241106_141428_442018153,-0.12915681
20241106_141428_694006137,-0.09410807
20241106_141428_929792811,-0.11674031
20241106_141429_183274077,-0.1524025
20241106_141429_430543105,-0.12919767
20241106_141429_687595791,-0.058537506
20241106_141429_936819652,-0.1822382
20241106_141430_185883912,-0.19872518
20241106_141430_434261936,0.03968031
20241106_141430_686854421,-0.0356765
20241106_141430_934179428,-0.118399225
20241106_141431_189310373,-0.1445048
20241106_141431_435054582,-0.20255555
20241106_141431_690256653,-0.13964929
20241106_141431_942272646,0.7107344
20241106_141432_211796504,1.5107743
20241106_141432_451730011,0.80429703
20241106_141432_694308315,0.24949245
20241106_141432_940058509,0.22008951
20241106_141433_188564438,0.22591807
20241106_141433_442324138,0.262044
20241106_141433_680441025,0.197123
20241106_141433_932295693,0.22679101
20241106_141434_202642326,0.18090306
20241106_141434_433832738,0.20706685
20241106_141434_689440622,0.736771
20241106_141434_940083743,0.1765846
20241106_141435_196885314,0.34280804
20241106_141435_451497564,1.1923621
20241106_141435_700870245,0.32628667
20241106_141435_946759924,0.097320534
20241106_141436_197110340,0.1313368
20241106_141436_439961374,0.14137946
20241106_141436_694303117,0.4246382
20241106_141436_946909623,0.3202394
20241106_141437_199349484,0.2821944
20241106_141437_438646740,0.14160423
20241106_141437_692409484,0.11651889
20241106_141437_935326162,0.1647201
20241106_141438_192062229,0.13628732
20241106_141438_436714608,0.2028449
20241106_141438_930197112,0.35815656
20241106_141439_185241428,0.10014651
20241106_141439_429531779,0.17046742
20241106_141439_683564683,0.22265188
20241106_141439_931926518,0.07587115
20241106_141440_435858442,0.03743855
20241106_141440_693961045,0.03793887
20241106_141440_934481504,0.088579334
20241106_141441_191423574,0.094993055
20241106_141441_438845629,0.059321083
20241106_141441_687345930,0.6632737
20241106_141441_935442203,0.27888137
20241106_141442_182830034,0.32167292
20241106_141442_937044335,0.28325918
20241106_141443_192010721,0.61462873
20241106_141443_436482106,0.55650645
20241106_141443_694490775,0.08158212
20241106_141443_948892581,-1.0186588
20241106_141444_195791293,-0.08999997
20241106_141444_444760413,-0.10340785
20241106_141444_693738924,-0.12039729
20241106_141444_949541003,-0.12692474
20241106_141445_199689590,-0.12579192
20241106_141445_696704917,-0.10852068
20241106_141445_936933577,-0.33848852
20241106_141446_187986304,-0.45169237
20241106_141446_439932977,-0.25899348
20241106_141446_690064251,-0.22424208
20241106_141446_932863310,-0.22116973
20241106_141447_184805351,-0.19364567
20241106_141447_436075893,-0.7051208
20241106_141447_683325220,-1.4352363
20241106_141447_938323588,-0.6004593
20241106_141448_183958546,-1.1073605
20241106_141448_438473677,-0.6816048
20241106_141448_679614358,-0.11029195
20241106_141448_930719339,-0.09220262
20241106_141449_191971750,-0.21995471
20241106_141449_445137374,0.07427406
20241106_141449_689222223,0.1162504
20241106_141449_937237080,0.12769939
20241106_141450_192011425,0.17939216
20241106_141450_436603394,-0.048018448
20241106_141450_694748170,0.42789575
20241106_141450_936752837,0.1800937
20241106_141451_188040068,0.068046935
20241106_141451_439387798,0.09830449
20241106_141451_687993992,0.39863136
20241106_141451_939268150,0.201306
20241106_141452_689742068,0.030142108
20241106_141452_935867272,0.07090942
20241106_141453_193775898,0.34414205
20241106_141453_436641165,0.516747
20241106_141453_687202909,0.4078202
20241106_141453_932618343,0.30769715
20241106_141454_194914426,0.19390802
20241106_141454_439088755,0.21195112
20241106_141454_683577994,0.09846962
20241106_141454_932304461,0.2155105
20241106_141455_182726884,0.19015907
20241106_141455_684313756,-0.10373291
20241106_141455_931525205,-0.24343897
20241106_141456_190140552,-0.728155
20241106_141456_442874021,0.5665615
20241106_141456_696495374,0.67873585
20241106_141456_936607367,0.4520834
20241106_141457_186740895,0.45997846
20241106_141457_435785500,0.6708355
20241106_141457_682137730,0.745218
20241106_141457_934434346,0.56751007
20241106_141458_190788438,0.41752827
20241106_141458_438025549,0.9094089
20241106_141458_685561769,1.4591378
20241106_141458_945095955,-0.3506565
20241106_141459_214350421,0.12678246
20241106_141459_462827180,-0.39455405
20241106_141459_715116381,-0.7572183
20241106_141459_955092025,-0.3309661
20241106_141500_199687511,-0.289296
20241106_141500_448699754,-0.3524758
20241106_141500_709856891,-0.19185188
20241106_141500_953012352,0.2017658
20241106_141501_202327781,0.16359465
20241106_141501_446875214,0.5399576
20241106_141501_709828740,0.33830488
20241106_141501_945672667,0.14929812
20241106_141502_201734957,0.054073907
20241106_141502_442683484,0.11064283
20241106_141502_686627507,0.10943673
20241106_141502_934558181,0.12154732
20241106_141503_189133717,-0.08957922
20241106_141503_946909613,0.03688837
20241106_141504_940214048,0.029866079
20241106_141505_689872652,0.015557269
20241106_141506_188623792,0.015424231
20241106_141506_440050009,-0.0004017558
20241106_141506_687754046,-0.12688662
20241106_141506_932101269,-0.14257635
20241106_141507_185666585,-0.24922408
20241106_141507_433192737,-0.09653755
20241106_141507_695055034,-0.18562086
20241106_141507_945813589,-0.15209688
20241106_141508_195944556,-0.13049255
20241106_141508_437745714,-0.114925765
20241106_141508_688961337,-0.12551884
20241106_141508_943901893,-0.3035085
20241106_141509_188275837,-0.049097262
20241106_141509_435097026,-0.08052602
20241106_141509_685799721,-0.119842194
20241106_141509_931570951,0.049872898
20241106_141510_182401999,0.017790535
20241106_141510_436327945,-0.051495038
20241106_141510_688062103,-0.28147483
20241106_141510_942928921,-0.5630302
20241106_141511_193172239,-0.25340387
20241106_141511_441542761,-0.24842297
20241106_141511_701312617,-0.38060018
20241106_141512_191206099,-0.28302976
20241106_141512_685507299,-0.19187225
20241106_141513_187180036,-0.20698066
20241106_141513_928235590,-0.068577036
20241106_141514_184021769,-0.6074465
20241106_141514_438586942,-0.41151494
20241106_141514_696975886,-0.32561266
20241106_141514_935534400,-0.39338452
20241106_141515_182429900,-0.39812914
20241106_141515_445474186,-0.3433305
20241106_141515_691249695,-0.36018643
20241106_141515_931754123,-0.26680052
20241106_141516_186735117,-0.33532566
20241106_141516_438966553,-0.32589152
20241106_141516_685254531,-0.29618704
20241106_141516_930546059,-0.2556555
20241106_141517_182810054,-0.38614038
20241106_141517_433886390,-0.3138191
20241106_141517_943983466,-0.32250413
20241106_141518_191620743,-0.37596884
20241106_141518_442039460,-0.32278058
20241106_141518_688537700,-0.30497384
20241106_141518_941181443,-0.37734094
20241106_141519_191348755,-0.3679949
20241106_141519_437660733,-0.17214204
20241106_141519_691001283,-0.28308108
20241106_141519_943701691,-0.33395854
20241106_141520_192014540,-0.19415225
20241106_141520_441119147,-0.22597598
20241106_141520_692589473,-0.24082203
20241106_141520_942675744,-0.15761746
20241106_141521_195701664,-0.18472542
20241106_141521_436002596,-0.22826512
20241106_141521_685373565,-0.24069329
20241106_141522_432974039,0.009291256
20241106_141522_688017905,0.07463866
20241106_141522_947190155,0.046526946
20241106_141523_194347425,-0.015069386
20241106_141523_441145935,-0.0082408395
20241106_141523_685432555,-0.16247977
20241106_141523_934984394,-1.3821914
20241106_141524_193953216,-1.1131588
20241106_141524_445044145,-0.40131316
20241106_141524_697478767,-0.4683254
20241106_141524_940603882,-0.5723482
20241106_141525_201977372,-0.87828887
20241106_141525_438133508,-1.9722697
20241106_141525_686706238,0.33448264
20241106_141525_937794906,-0.14035143
20241106_141526_202541952,0.028365234
20241106_141526_451664808,-0.24131526
20241106_141526_699648881,-0.8733967
20241106_141526_947881005,-0.19568105
20241106_141527_192229143,-0.18171553
20241106_141527_438565326,-0.18644448
20241106_141527_700199700,-0.11412122
20241106_141527_941092344,-0.11246639
20241106_141528_193552768,-0.05901613
20241106_141528_448695505,-0.111884974
20241106_141528_705593391,-0.12245595
20241106_141528_946587212,-0.12395837
20241106_141529_214471189,-0.15053476
20241106_141529_458128127,-0.14274345
20241106_141529_694832685,-0.11274638
20241106_141529_934369981,-0.13832189
20241106_141530_183144884,-0.12979342
20241106_141530_446138474,-0.114147745
20241106_141530_689665426,-0.118356846
20241106_141530_949832060,-0.3575655
20241106_141531_193867841,-0.36772946
20241106_141531_436304469,-0.6132724
20241106_141531_693485716,-0.98697907
20241106_141531_944944671,-1.387251
20241106_141532_196222407,-2.2508826
20241106_141532_453205706,0.50884867
20241106_141532_702374013,-0.35639733
20241106_141532_942594019,-0.2631673
20241106_141533_193483480,-0.44886628
20241106_141533_438751174,-0.39547923
20241106_141533_697033162,-0.73313075
20241106_141533_951302580,-0.37761357
20241106_141534_218285184,-0.3004264
20241106_141534_442803902,-0.30905536
20241106_141534_692920448,-0.22148766
20241106_141534_935525946,-0.17600597
20241106_141535_189759171,-0.18992849
20241106_141535_684997059,-0.2011678
20241106_141535_932976993,-0.16599976
20241106_141536_193179571,-0.12980892
20241106_141536_435947848,-0.2005157
20241106_141536_697476628,-0.1785853
20241106_141536_938272354,-0.18784396
20241106_141537_188278926,0.27247372
20241106_141537_442008906,1.9307601
20241106_141537_695130500,-0.631885
20241106_141537_938285151,0.56449413
20241106_141538_195352723,-0.15512815
20241106_141538_446139798,0.20625943
20241106_141538_698253226,0.6192112
20241106_141538_947594672,0.417297
20241106_141539_191796789,0.27403
20241106_141539_449162238,0.27168658
20241106_141539_694427339,0.3111354
20241106_141539_933967341,-0.028929373
20241106_141540_190520570,-1.3514389
20241106_141540_442491760,-0.7182887
20241106_141540_684962165,-0.08691837
20241106_141540_932829175,-0.11809932
20241106_141541_185285964,-0.21180059
20241106_141541_431382020,-0.20551433
20241106_141541_689409335,-0.38707906
20241106_141541_936933177,-0.38963285
20241106_141542_184497755,-0.30174416
20241106_141542_438211933,-0.25992292
20241106_141542_702603767,-0.4989927
20241106_141542_948164042,-0.6287262
20241106_141543_192669576,-0.83797854
20241106_141543_438057828,-0.66131693
20241106_141543_697464808,-1.1921331
20241106_141543_948268492,-0.63668424
20241106_141544_205488717,-0.8897945
20241106_141544_461041116,-0.13498822
20241106_141544_705108683,-0.19290535
20241106_141544_944051434,-0.044143006
20241106_141545_194549399,0.13412187
20241106_141545_438269177,0.1661837
20241106_141545_689202520,0.048958756
20241106_141545_936351821,0.12897478
20241106_141546_202923611,-0.0044785347
20241106_141546_454274581,-0.07266875
20241106_141546_707113085,-0.17235552
20241106_141546_954185170,-0.4286767
20241106_141547_210952825,-0.35421228
20241106_141547_447462233,-0.40726438
20241106_141547_699160094,-0.545338
20241106_141547_953443211,-0.79354423
20241106_141548_198898284,-0.7200436
20241106_141548_438143220,-0.48480216
20241106_141548_691294257,-0.36519668
20241106_141548_937816726,-0.9135049
20241106_141549_189942882,-0.97482497
20241106_141549_437175434,-0.5828204
20241106_141549_706916624,-0.9901888
20241106_141549_935717915,-0.5362462
20241106_141550_189735907,-0.5152051
20241106_141550_435949220,0.41767865
20241106_141550_689112481,0.42406803
20241106_141550_935410980,0.4891108
20241106_141551_184993404,0.21029995
20241106_141551_431057554,0.5070447
20241106_141551_683819754,0.30412832
20241106_141551_935439760,0.22632174
20241106_141552_193039019,0.30360392
20241106_141552_436559287,0.3158652
20241106_141552_687223671,0.29623127
20241106_141553_197287313,0.30602118
20241106_141553_930646391,0.35042816
20241106_141554_189180701,0.055494614
20241106_141554_440704597,-0.028897306
20241106_141554_691093856,0.03483943
20241106_141555_190088716,-0.028396329
20241106_141555_437512939,0.019278267
20241106_141555_687937986,0.045925952
20241106_141555_937206499,0.06775186
20241106_141556_684886553,0.07901511
20241106_141556_932765852,0.08301667
20241106_141557_181822137,0.07846109
20241106_141557_433687945,0.07346598
20241106_141557_681275133,-0.48403457
20241106_141557_936812132,-0.28450394
20241106_141558_190165709,-0.07649834
20241106_141558_437613946,0.013434986
20241106_141558_683099053,0.029544631
20241106_141559_179669704,-0.13556404
20241106_141559_432588614,-0.15480097
20241106_141559_689236177,-0.19565742
20241106_141559_931321148,-0.25528654
20241106_141600_182331524,-0.14567961
20241106_141600_435455619,-0.01421543
20241106_141600_690033552,0.10284396
20241106_141600_945264651,-0.13949619
20241106_141601_196392560,-0.3882988
20241106_141601_442951111,-0.22387944
20241106_141601_690757202,-0.120209746
20241106_141601_938564962,0.066810645
20241106_141602_207396200,0.009539189
20241106_141602_454833854,-0.8728018
20241106_141602_717201250,-0.3060291
20241106_141602_960304694,-0.20946778
20241106_141603_201250227,-0.5382548
20241106_141603_437179422,-0.35356882
20241106_141604_181012414,-0.3037207
20241106_141604_930063343,-0.30591217
20241106_141605_189216609,-0.73977417
20241106_141605_437126512,-0.87252283
20241106_141605_685535281,-0.81015015
20241106_141606_185973646,-0.41549212
20241106_141606_436461426,-0.7776628
20241106_141606_684678559,-0.47946745
20241106_141606_945935644,0.023310969
20241106_141607_210159062,1.2412848
20241106_141607_449391797,-0.0990121
20241106_141607_695490799,-0.21884929
20241106_141607_940181251,-0.27284062
20241106_141608_188719562,-0.39310342
20241106_141608_434822280,-0.7693689
20241106_141608_686913709,-1.3747021
20241106_141608_944931977,0.36894062
20241106_141609_203770871,-0.0017070379
20241106_141609_451673382,0.575192
20241106_141609_688777537,0.29345953
20241106_141610_185755616,0.30681872
20241106_141610_435888095,0.24005266
20241106_141610_688567795,0.20785345
20241106_141610_933025084,-0.9727016
20241106_141611_195438897,-1.667719
20241106_141611_441625690,0.7833583
20241106_141611_696559234,-0.083507024
20241106_141611_947155239,0.017720262
20241106_141612_194587828,-0.13632472
20241106_141612_443532733,-0.20352302
20241106_141612_695833443,-0.36045155
20241106_141612_941840186,-0.5233578
20241106_141613_200004921,-0.16051786
20241106_141613_444212422,-0.37895396
20241106_141613_701924815,-0.80469686
20241106_141613_957445452,-1.1704757
20241106_141614_203965897,-1.1837797
20241106_141614_444057123,-0.21461429
20241106_141614_703695734,0.8063925
20241106_141614_945426443,1.231408
20241106_141615_189596314,1.1564584
20241106_141615_440051149,0.74715537
20241106_141615_933617766,0.6485276
20241106_141616_203961703,0.15914296
20241106_141616_443838771,0.26565093
20241106_141616_688073432,0.2619834
20241106_141616_943224738,0.26775932
20241106_141617_192483706,0.012743214
20241106_141617_453664579,-0.9499189
20241106_141617_706557448,-0.54815966
20241106_141617_948734786,-0.21426986
20241106_141618_193369532,-0.050010078
20241106_141618_437906620,-0.063956074
20241106_141618_699280222,-0.3236867
20241106_141618_947744124,-0.29732117
20241106_141619_192168178,-0.33128536
20241106_141619_685178683,-0.30051103
20241106_141619_936870255,-0.36229804
20241106_141620_710446594,-0.37321094
20241106_141620_957105777,-0.27154592
20241106_141621_216929641,-0.20822795
20241106_141621_452871890,0.47979555
20241106_141621_696199069,-0.38813198
20241106_141621_938879734,0.52541703
20241106_141622_184847592,-0.19307622
20241106_141622_429898822,0.9822412
20241106_141622_682049853,1.1223297
20241106_141622_933998196,0.7493307
20241106_141623_183640389,0.46524292
20241106_141623_681987220,0.47144097
20241106_141623_930600374,0.7256025
20241106_141624_182214630,-0.7612417
20241106_141624_430941529,0.69567215
20241106_141624_682620334,1.051808
20241106_141624_927361387,0.8042194
20241106_141625_183759496,0.7490916
20241106_141625_437817148,0.72869885
20241106_141625_683395069,0.6069921
20241106_141625_931225972,0.7445064
20241106_141626_182918505,0.7257764
20241106_141626_679209081,0.7295557
20241106_141626_926826035,-0.8434062
20241106_141627_182437785,-0.7415793
20241106_141627_444245085,-0.7367946
20241106_141627_933077671,-0.70433676
20241106_141628_926818277,-0.7292617
20241106_141629_180882525,-0.8344479
20241106_141629_929893708,-0.7088209
20241106_141630_202336551,-0.24322517
20241106_141630_446417397,0.45605174
20241106_141630_693574077,0.20975599
20241106_141630_933257192,0.25330722
20241106_141631_187072858,-0.063311234
20241106_141631_440837103,-0.17805804
20241106_141631_698408681,-0.27639943
20241106_141631_946758246,-0.9088452
20241106_141632_193118893,-1.0886705
20241106_141632_436854598,-0.5002674
20241106_141632_686167004,-0.4899406
20241106_141632_934264740,-0.2795129
20241106_141633_186573116,-0.27869335
20241106_141633_429641236,-0.24115361
20241106_141633_687157935,-0.29035845
20241106_141633_940185258,0.07552468
20241106_141634_215211078,0.05006127
20241106_141634_432493312,0.08227006
20241106_141634_709626868,-0.8429012
20241106_141634_958159332,-0.69413584
20241106_141635_207387585,0.03517168
20241106_141635_443370852,-0.7864413
20241106_141635_688003837,0.015692884
20241106_141635_933740642,0.80224997
20241106_141636_181734229,0.42139736
20241106_141636_433785985,0.58681655
20241106_141636_689036968,0.68237096
20241106_141636_938915654,0.65350497
20241106_141637_185353071,0.48460332
20241106_141637_432348659,0.42424068
20241106_141637_686302981,0.4436898
20241106_141637_933235549,0.14552094
20241106_141638_185571151,0.2495989
20241106_141638_430983322,-0.0038135257
20241106_141638_682186359,0.022094915
20241106_141638_928622455,0.12642772
20241106_141639_187597962,0.15420894
20241106_141639_431616058,0.096610166
20241106_141639_683125008,0.10204653
20241106_141639_929676731,0.117216446
20241106_141640_178728922,0.14914165
20241106_141640_429531441,-0.097740166
20241106_141640_687230055,-0.06483101
20241106_141640_936707805,-0.063366674
20241106_141641_183901903,-0.052432142
20241106_141641_686680875,-0.055546068
20241106_141642_191092542,0.28526816
20241106_141642_439214161,1.5235248
20241106_141642_691251975,-0.63411975
20241106_141642_937768814,-0.5978766
20241106_141643_190603074,-0.24750076
20241106_141643_437174026,-0.6887955
20241106_141643_684084444,-0.95035297
20241106_141644_182463687,-0.692508
20241106_141644_431276573,-0.6816138
20241106_141644_931967073,-0.7995716
20241106_141645_427482065,-0.52760607
20241106_141645_680768188,-0.7495285
20241106_141646_181282323,-0.6362451
20241106_141646_677317225,-0.62956303
20241106_141647_177413239,-0.56616145
20241106_141647_432757756,0.19125862
20241106_141647_683014235,0.57105863
20241106_141647_934913560,-0.020635305
20241106_141648_179658580,0.75046045
20241106_141648_438090296,-0.0049912147
20241106_141648_690946847,0.21899986
20241106_141648_942390054,-0.4406878
20241106_141649_199421833,-0.79321474
20241106_141649_444183875,-0.86654824
20241106_141649_689059387,-0.3642697
20241106_141649_933585039,-0.32856938
20241106_141650_194622870,-0.3864105
20241106_141650_691169267,-0.1605681
20241106_141650_930427367,-0.19770633
20241106_141651_194953113,-0.16993399
20241106_141651_448014567,0.06179644
20241106_141651_689354751,-0.03007896
20241106_141651_930477730,-0.06065029
20241106_141652_182233892,-0.12024721
20241106_141652_430892187,-0.28126815
20241106_141652_696636378,-0.7180807
20241106_141652_935019872,-0.87921613
20241106_141653_183142210,-0.5916745
20241106_141653_438058038,-0.18414278
20241106_141653_683969417,-0.27490622
20241106_141653_936799638,-0.7928392
20241106_141654_181210558,-0.8287631
20241106_141654_690179253,-0.6495374
20241106_141654_944245478,-0.7777043
20241106_141656_182298536,-0.68365115
20241106_141656_432734686,-0.5035781
20241106_141656_681563158,-0.7195208
20241106_141656_932032470,-0.42454082
20241106_141657_191312301,-0.3492344
20241106_141657_432273935,-0.11090229
20241106_141657_691740019,-0.05301802
20241106_141657_932709638,0.4346147
20241106_141658_181952870,0.39393088
20241106_141658_437913021,0.3206309
20241106_141658_690917867,0.28512168
20241106_141658_947390414,0.51168793
20241106_141659_197816992,1.6487414
20241106_141659_460611746,-0.73529965
20241106_141659_722810923,0.3588446
20241106_141659_963675178,0.26536816
20241106_141700_211436247,-0.2615671
20241106_141700_445967885,-0.075792566
20241106_141700_710204182,0.23132597
20241106_141700_960691577,0.13905874
20241106_141701_218024754,-0.038316008
20241106_141701_469024756,-0.1457835
20241106_141701_715965401,-0.07133158
20241106_141701_957593825,0.37045324
20241106_141702_203500090,0.35592115
20241106_141702_443622255,0.19484036
20241106_141702_693168873,0.07694159
20241106_141702_939722934,0.12578242
20241106_141703_196213533,0.7332253
20241106_141703_438694668,-0.20789175
20241106_141703_688242440,-0.5036152
20241106_141703_940425567,1.2043655
20241106_141704_196118600,0.49205396
20241106_141704_442847221,0.8489663
20241106_141704_694401336,1.2822218
20241106_141704_937227326,1.7566652
20241106_141705_188824417,-0.5357038
20241106_141705_433323511,-0.48089162
20241106_141705_685584585,-0.27075517
20241106_141705_935914116,-0.2875845
20241106_141706_194370387,-0.4998223
20241106_141706_700259820,-0.4201167
20241106_141706_943191600,-0.123202205
20241106_141707_193442955,-0.033215143
20241106_141707_444823277,-0.17117609
20241106_141707_690849316,0.10551614
20241106_141707_938916598,-0.008652063
20241106_141708_184916031,0.15560275
20241106_141708_435392314,0.018140594
20241106_141708_683406349,-0.19528814
20241106_141708_938859562,0.074409954
20241106_141709_186203796,0.08569417
20241106_141709_432067045,0.028507927
20241106_141709_687574361,0.010366658
20241106_141709_931147797,-0.14832206
20241106_141710_181397947,-0.27858657
20241106_141710_434889943,-0.48359242
20241106_141710_685007334,-0.1768889
20241106_141710_930310882,-0.2573112
20241106_141711_187772862,-0.39963925
20241106_141711_436446571,-0.29986688
20241106_141711_680869955,-0.3058103
20241106_141711_933528517,-0.26456696
20241106_141712_180272558,-0.3444607
20241106_141712_429150677,-0.84435946
20241106_141712_683637391,-1.8574733
20241106_141712_933504615,0.29048535
20241106_141713_183466484,0.05753783
20241106_141713_433501683,0.6227849
20241106_141713_681404379,0.31922227
20241106_141713_935456550,0.3014926
20241106_141714_187353180,0.42904004
20241106_141714_688230821,0.32325405
20241106_141714_931719111,0.06430373
20241106_141715_183941783,0.09722624
20241106_141715_433322261,-0.22651093
20241106_141715_682599660,-0.09512284
20241106_141715_931891995,0.02184526
20241106_141716_192182034,-0.02237763
20241106_141716_701252527,-0.050078534
20241106_141716_941222968,-0.06558987
20241106_141717_196859883,-0.022528013
20241106_141717_433657219,-0.02280732
20241106_141717_690257304,-0.0038017835
20241106_141717_935511336,0.33284926
20241106_141718_189534581,0.39587444
20241106_141718_430166128,0.3368392
20241106_141718_690384061,0.10336087
20241106_141719_188773983,0.15496594
20241106_141719_442540093,0.068880714
20241106_141720_178443439,0.122778155
20241106_141720_684710150,0.08764837
20241106_141721_188487741,0.06911645
20241106_141721_697380083,0.08062998
20241106_141721_958765280,0.46793744
20241106_141722_196896765,0.5832849
20241106_141722_448402223,0.7297842
20241106_141722_695262703,0.97075593
20241106_141722_936859605,0.54660726
20241106_141723_184432543,0.9360475
20241106_141723_683669448,0.44807285
20241106_141724_186692166,0.45114052
20241106_141724_445407125,-0.3496762
20241106_141724_701447163,0.21629688
20241106_141724_949894198,0.05070725
20241106_141725_201835237,0.19015771
20241106_141725_450247682,0.09140337
20241106_141725_939849627,-0.08033296
20241106_141726_185671081,-0.22591735
20241106_141726_425361511,-1.5895733
20241106_141726_687697579,0.94892144
20241106_141726_933240031,0.74510133
20241106_141727_194402828,0.5265699
20241106_141727_437431442,0.19543515
20241106_141727_689263805,0.25698757
20241106_141727_932525383,0.24304561
20241106_141728_179966530,0.21521299
20241106_141728_675109175,0.23302282
20241106_141728_929436177,0.83782065
20241106_141729_181001403,1.1932039
20241106_141729_431402236,0.45403242
20241106_141729_678807429,0.114122994
20241106_141730_174575276,-0.24268168
20241106_141730_439847815,-0.34809396
20241106_141730_687324734,-0.9066266
20241106_141730_929457344,-0.7369909
20241106_141731_183276960,-0.45412084
20241106_141731_427289534,-0.8915889
20241106_141731_678600206,0.26501304
20241106_141731_935715907,0.51693445
20241106_141732_186842748,0.711226
20241106_141732_436193212,0.5265422
20241106_141732_683478626,0.46334192
20241106_141733_191226161,0.43336442
20241106_141733_437393540,0.5155381
20241106_141733_933588306,0.5229878
20241106_141734_199272713,0.20638217
20241106_141734_432285022,0.1754557
20241106_141734_693194940,0.19603814
20241106_141734_939641064,0.077529944
20241106_141735_181201161,0.14295541
20241106_141735_428873844,0.45339972
20241106_141735_678850483,0.3362643
20241106_141735_934311286,0.37554368
20241106_141736_181043673,0.48790357
20241106_141736_682324556,0.41799778
20241106_141736_930089650,0.33544144
20241106_141737_185028461,0.30959865
20241106_141737_436255652,0.2732444
20241106_141737_683424823,0.40861192
20241106_141737_934859224,0.58861923
20241106_141738_181278602,1.0742993
20241106_141738_435331050,1.1417601
20241106_141738_682431517,0.6241422
20241106_141738_949363142,0.26671517
20241106_141739_184918978,-0.02514582
20241106_141739_433954787,0.07915423
20241106_141739_686472504,-0.07539459
20241106_141739_932251716,0.07955817
20241106_141740_184205967,-0.21613
20241106_141740_429855052,-0.018808236
20241106_141740_681827882,-0.05081471
20241106_141740_923892685,-0.033020638
20241106_141741_177240298,-0.03929781
20241106_141741_692566643,-0.04676818
20241106_141741_940720638,-0.059648745
20241106_141742_200921027,-0.050800435
20241106_141742_439547255,-0.17856415
20241106_141742_680754924,-0.9223964
20241106_141742_937880567,-0.3050546
20241106_141743_183977704,-0.32777104
20241106_141744_679795181,-0.23453172
20241106_141744_927755789,-0.23144875
20241106_141745_179509349,-0.23179044
20241106_141745_677804892,-0.17579721
20241106_141745_924007915,-0.12575911
20241106_141746_178215458,-0.20425822
20241106_141746_424161362,-0.23347323
20241106_141747_425178372,-0.15441449
20241106_141747_678003612,-0.29989007
20241106_141747_930348702,-0.2605314
20241106_141748_180164054,-0.31276405
20241106_141748_426978064,-0.29017043
20241106_141748_680405028,-0.24862213
20241106_141749_929644979,-1.0315354
20241106_141750_182565778,-1.4183897
20241106_141750_429229169,-0.9008014
20241106_141750_677759343,-0.46224335
20241106_141750_927673796,-0.6112443
20241106_141751_181424725,-0.5126061
20241106_141751_439069505,-0.73629826
20241106_141751_932541402,0.122242264
20241106_141752_178942243,0.31924745
20241106_141752_429431068,-0.017170902
20241106_141752_680468800,0.013735214
20241106_141752_934228052,0.027297901
20241106_141753_193037819,-0.19555913
20241106_141753_434529054,-0.35475177
20241106_141753_678157994,-0.3456309
20241106_141753_922100560,-0.43275484
20241106_141755_173638900,-0.32900682
20241106_141755_430987394,-0.6857598
20241106_141755_686860247,0.13381599
20241106_141755_940339433,-0.76407546
20241106_141756_184310254,-0.6186436
20241106_141756_687834313,-0.36578295
20241106_141757_427798312,-0.39392856
20241106_141758_188508112,0.5670768
20241106_141758_434410938,-0.30420098
20241106_141758_683434562,-0.14401042
20241106_141758_929000928,-0.2075928
20241106_141759_184624791,-0.3798462
20241106_141759_434721057,-0.5439354
20241106_141759_693916252,-0.8796246
20241106_141759_949499911,-0.90566427
20241106_141800_191085090,0.73884386
20241106_141800_444693018,0.4001082
20241106_141800_688154464,0.23913012
20241106_141800_951245565,0.17584531
20241106_141801_206184535,0.5669848
20241106_141801_457566043,0.12225828
20241106_141801_692377262,0.019732634
20241106_141801_949595538,0.02773876
20241106_141802_191512589,0.31201613
20241106_141802_433424457,-0.7195205
20241106_141802_689091375,-0.3882782
20241106_141802_932856257,-0.28384528
20241106_141803_186100078,-0.6679552
20241106_141803_430330775,-0.4845975
20241106_141803_685016276,-0.6984744
20241106_141804_178997796,-0.64609116
20241106_141804_437407863,0.7349191
20241106_141804_687381849,0.12704663
20241106_141804_944863999,0.077065505
20241106_141805_192762143,0.11698351
20241106_141805_439549113,0.17712723
20241106_141805_692024706,0.16388617
20241106_141805_935029936,0.08440552
20241106_141806_184632126,0.12665938
20241106_141806_428139379,0.11173586
20241106_141806_686221602,0.08243755
20241106_141806_932893933,0.12764649
20241106_141807_180264573,0.080783345
20241106_141807_933677076,0.025815586
20241106_141808_184983803,0.045221962
20241106_141808_431782165,-0.26610282
20241106_141808_680198897,-0.9728977
20241106_141808_933217261,0.14930181
20241106_141809_184185578,-0.6547647
20241106_141809_431728308,-0.38201734
20241106_141809_697427727,-0.25398615
20241106_141809_946195588,-0.2499782
20241106_141810_198017376,-0.28705493
20241106_141810_443955263,-0.23248108
20241106_141810_693286997,-0.115489684
20241106_141811_183730830,-0.16959359
20241106_141811_681868612,-0.21308865
20241106_141811_932043683,-0.2719393
20241106_141812_183466150,-0.067411385
20241106_141812_430920496,-0.3644564
20241106_141812_681234494,-0.37720367
20241106_141812_930793141,-0.42640927
20241106_141813_184269424,-0.3082499
20241106_141813_429353522,0.30797008
20241106_141813_690390811,0.2695644
20241106_141813_931189168,0.10604087
20241106_141814_176112834,0.08354307
20241106_141814_436476825,0.08984893
20241106_141814_687008226,0.08101533
20241106_141814_939410791,0.094935216
20241106_141815_184680356,0.10191963
20241106_141815_428137187,-0.03143152
20241106_141815_678244069,-0.026882669
20241106_141816_177700521,-0.0057987776
20241106_141816_424591249,0.0473148
20241106_141816_675549646,0.08997772
20241106_141816_927923266,0.2049328
20241106_141817_186114354,0.11866579
20241106_141817_435781016,0.05867634
20241106_141818_682703614,-0.12828745
20241106_141818_931789247,-0.20688649
20241106_141819_180008212,-0.40037528
20241106_141819_432394882,-0.116083406
20241106_141819_930217246,-0.12366142
20241106_141820_179024869,-0.09422996
20241106_141820_429812389,-0.040408336
20241106_141820_675889968,-0.0918422
20241106_141821_426856183,-0.04289242
20241106_141821_678842187,0.17692314
20241106_141821_928979445,0.14875281
20241106_141822_427300511,0.13346927
20241106_141823_184422009,0.14826219
20241106_141823_431425650,0.44525835
20241106_141823_679070791,0.31502005
20241106_141823_924330744,0.25870198
20241106_141824_178566883,0.21682876
20241106_141824_680442591,0.1515239
20241106_141824_935346197,0.22964717
20241106_141825_437596649,0.15081517
20241106_141825_682123573,-0.09604236
20241106_141825_927463951,-0.20835267
20241106_141826_185775186,-0.00249972
20241106_141826_438074338,-0.36790892
20241106_141826_693630403,0.42544946
20241106_141826_943869572,0.3205836
20241106_141827_203512938,0.20770054
20241106_141827_443637738,0.14157633
20241106_141827_697008779,0.20545428
20241106_141827_937641984,0.23383339
20241106_141828_185410185,0.12495575
20241106_141828_433662753,0.26500595
20241106_141828_692755154,0.2884246
20241106_141828_941139791,0.22067674
20241106_141829_188046418,0.20173548
20241106_141829_679706402,0.2707891
20241106_141830_177778875,0.2644888
20241106_141830_427507126,-0.03328272
20241106_141830_680681005,-0.014918169
20241106_141830_937297606,0.04351864
20241106_141831_187511456,-0.13496919
20241106_141831_433090584,-0.20095445
20241106_141831_683627342,-1.9735413
20241106_141831_931640726,0.1557747
20241106_141832_184289073,-0.16858985
20241106_141832_432076275,-0.19748862
20241106_141832_696286925,-0.18637295
20241106_141832_945529980,-0.34004447
20241106_141833_188350635,-0.19087912
20241106_141834_931277352,-0.12205412
20241106_141835_181536120,-0.31457135
20241106_141837_675567032,-0.2144158
20241106_141837_926825056,-0.41090426
20241106_141838_182004401,-0.10005995
20241106_141838_930267793,-0.11455836
20241106_141839_180943565,-0.56905985
20241106_141839_429116989,-0.4031672
20241106_141839_677675988,-0.25239575
20241106_141840_179465872,-0.2926182
20241106_141840_678308943,-0.30581275
20241106_141840_927956378,-0.36440343
20241106_141841_179567956,-0.2170778
20241106_141841_430762484,-0.08912719
20241106_141843_427274095,0.243721
20241106_141843_681717877,0.32033476
20241106_141843_936295818,1.1539967
20241106_141844_181519977,-0.8793753
20241106_141844_429134933,-0.22272205
20241106_141844_676021568,-0.2121904
20241106_141844_926390359,0.34632805
20241106_141845_177489127,0.46388656
20241106_141845_680829786,0.49743947
20241106_141845_931362972,0.5232216
20241106_141846_179539711,0.6014649
20241106_141846_678868413,0.64006126
20241106_141846_924423070,0.6282131
20241106_141847_175609661,0.8500029
20241106_141847_439602694,0.78678
20241106_141847_686955308,1.1404787
20241106_141847_929304982,0.8183566
20241106_141848_181654940,0.9214504
20241106_141848_428008473,0.79555655
20241106_141848_685665504,0.7540052
20241106_141849_180437136,0.63839835
20241106_141849_428187303,0.69397086
20241106_141849_678726965,0.6173586
20241106_141849_934901560,0.62848103
20241106_141850_180561439,0.21628599
20241106_141850_425848133,0.20828067
20241106_141850_679175335,0.118053116
20241106_141850_929745840,0.24438448
20241106_141851_181093215,0.6415416
20241106_141851_434477835,-0.5650278
20241106_141851_683795230,-0.27486184
20241106_141851_931616790,-0.05925321
20241106_141852_176576770,-0.0989125
20241106_141852_422605621,-0.24160872
20241106_141852_673485104,-0.3832737
20241106_141852_927316888,-0.6705264
20241106_141853_184881544,-0.9139441
20241106_141853_423957156,-1.7453417
20241106_141853_674540902,0.49735072
20241106_141853_928619539,-0.10710771
20241106_141854_185474148,0.46024576
20241106_141854_429685833,0.5565067
20241106_141854_679200693,0.44319412
20241106_141855_181724207,0.4342896
20241106_141855_431079348,0.12293456
20241106_141855_679601709,0.10963694
20241106_141855_929260708,0.018172363
20241106_141856_185536185,0.05517087
20241106_141856_436868343,0.20066588
20241106_141856_678158235,0.46507508
20241106_141856_930352716,0.4156971
20241106_141857_177399013,0.3474748
20241106_141857_429344008,0.0015857611
20241106_141857_681617314,0.041675128
20241106_141857_938948672,0.03643713
20241106_141858_184665387,0.062393405
20241106_141858_437346581,0.060077347
20241106_141858_694296004,-0.13964908
20241106_141858_937309037,-0.2534979
20241106_141859_189538646,-0.15832739
20241106_141859_436150999,-0.1546552
20241106_141859_686897358,-0.13067909
20241106_141859_936418714,0.0048923884
20241106_141900_180654007,0.019605974
20241106_141900_431249404,0.18990977
20241106_141900_686412311,0.21816485
20241106_141900_935230543,0.6224261
20241106_141901_180843368,0.6162522
20241106_141901_430181073,0.32403782
20241106_141901_680305746,0.15678252
20241106_141901_930415055,-0.16802089
20241106_141902_186541305,0.0437899
20241106_141902_423050152,0.023195544
20241106_141902_675210822,-0.06982567
20241106_141902_930596962,-0.26434314
20241106_141903_184648508,-0.37115994
20241106_141903_443759406,-0.22419499
20241106_141903_687684010,-0.0038541723
20241106_141903_928692633,-0.054266654
20241106_141904_682910237,-0.08333864
20241106_141904_928711900,-0.3383924
20241106_141905_182973143,-0.79812646
20241106_141905_431727212,-1.1661035
20241106_141905_677632392,-0.35256967
20241106_141905_926310245,-0.23894845
20241106_141906_176420454,-0.20038374
20241106_141906_677566304,-0.31018677
20241106_141906_927917461,-0.7730288
20241106_141907_181257994,0.4868187
20241106_141907_432812891,0.21803896
20241106_141907_686060826,0.048538066
20241106_141907_936377722,0.03653089
20241106_141908_189028119,-0.12747659
20241106_141908_437266517,-0.52488416
20241106_141908_703770621,0.20856698
20241106_141908_959663863,1.1391209
20241106_141909_221426202,0.3260881
20241106_141909_476321962,0.10010568
20241106_141909_723213761,0.12604247
20241106_141909_964726049,0.080833055
20241106_141910_225641390,-0.064851545
20241106_141910_459593661,0.0025810394
20241106_141910_710882619,-0.07696899
20241106_141910_946879437,0.14013253
20241106_141911_192854824,-0.25660554
20241106_141911_435390084,0.24226622
20241106_141911_689289792,-0.093244515
20241106_141911_930257285,-0.32223335
20241106_141912_183421006,-0.3560982
20241106_141912_430864263,-0.09647363
20241106_141912_692578279,-0.04795467
20241106_141912_936658268,-0.0806646
20241106_141913_185060667,0.057826586
20241106_141913_436887116,0.038633473
20241106_141913_700252086,0.16404976
20241106_141913_949915427,0.14580883
20241106_141914_191661324,-0.009320697
20241106_141914_429416987,0.06810305
20241106_141914_688662574,0.015293041
20241106_141914_934614792,0.09866945
20241106_141915_183224614,-0.06374218
20241106_141915_682013825,-0.14504735
20241106_141916_184964529,-0.053340636
20241106_141916_687944467,0.18560965
20241106_141916_940763349,-0.26280826
20241106_141917_192000266,-0.05789873
20241106_141917_429872814,-0.25487182
20241106_141917_677699161,-0.25239256
20241106_141917_925493138,-1.144897
20241106_141918_185046188,0.7506084
20241106_141918_438855682,-0.042664476
20241106_141918_689514875,0.5629333
20241106_141918_929050295,0.7363806
20241106_141919_180647728,0.5942592
20241106_141919_430161297,0.62732446
20241106_141919_679192515,0.24928094
20241106_141919_936682101,0.3830861
20241106_141920_182499882,0.45058885
20241106_141921_183434844,0.4835159
20241106_141921_427332464,0.44351155
20241106_141921_680542392,0.63232166
20241106_141921_931101820,0.025725493
20241106_141922_182852092,0.058599032
20241106_141922_437250403,0.0686963
20241106_141922_705238115,0.0049615297
20241106_141922_955827511,0.24666034
20241106_141923_198674838,0.34870622
20241106_141923_442664738,1.24117
20241106_141923_695526263,0.46767852
20241106_141923_940330027,-0.6201239
20241106_141924_189201065,-0.3408473
20241106_141924_691990479,-0.37974915
20241106_141924_942686656,-0.4185105
20241106_141925_198499268,0.020427661
20241106_141925_449537457,0.07233349
20241106_141925_689324292,0.41804963
20241106_141925_933544987,0.5494255
20241106_141926_183285395,0.18873845
20241106_141926_677216607,0.19367799
20241106_141927_671385420,0.16782515
20241106_141927_924714817,0.15382755
20241106_141928_177827071,1.9053087
20241106_141928_430532810,-0.29331496
20241106_141928_680499358,0.35067832
20241106_141928_938539037,0.2791761
20241106_141929_193519643,0.14202361
20241106_141929_444941187,0.14652951
20241106_141929_697269746,0.5242117
20241106_141929_944270477,0.2854765
20241106_141930_192895677,0.5244146
20241106_141930_438093298,0.4138288
20241106_141930_682301062,0.34761414
20241106_141930_931966830,0.13860808
20241106_141931_180630583,0.21524654
20241106_141931_429726237,0.24610595
20241106_141931_682410474,-0.08933652
20241106_141931_930547911,0.19087131
20241106_141932_183905815,-0.077636376
20241106_141932_427328673,0.47555974
20241106_141932_680541626,-0.13908076
20241106_141932_926966356,0.35672268
20241106_141933_182212910,-0.17140782
20241106_141933_430921103,-0.015661854
20241106_141933_684125767,-0.10757931
20241106_141934_192382660,-0.084354125
20241106_141934_676969498,-0.090616785
20241106_141934_921784213,-0.0925739
20241106_141935_172491914,0.11272732
20241106_141935_425573729,0.040124215
20241106_141935_677075485,-0.10000082
20241106_141935_929462549,-0.022156307
20241106_141936_188476981,0.0053812657
20241106_141936_682310922,-0.0029472914
20241106_141936_925438002,-0.030127129
20241106_141937_175522689,0.016406277
20241106_141937_428427909,-0.0058128443
20241106_141937_926510817,-0.006129464
20241106_141938_188280385,0.020614484
20241106_141938_426274294,0.20991173
20241106_141938_676954444,0.25815922
20241106_141939_176519116,0.15516798
20241106_141939_680381044,0.13586633
20241106_141940_431649260,0.12812994
20241106_141940_686953456,0.116366245
20241106_141940_933886739,0.10702018
20241106_141941_682247900,0.071217276
20241106_141941_924106456,0.079247214
20241106_141942_678485095,0.08116231
20241106_141943_175317613,0.0150061045
20241106_141943_421802833,0.038126327
20241106_141943_674933209,0.015150586
20241106_141943_925086978,0.016226152
20241106_141944_173263122,0.07320664
20241106_141945_172692808,0.007382551
20241106_141945_421721191,0.02335159
20241106_141945_681456437,0.029396633
20241106_141945_933446040,0.036979057
20241106_141946_176533686,0.021058599
20241106_141946_421392697,0.006243566
20241106_141946_669529306,-0.06627294
20241106_141946_922594344,-0.012021204
20241106_141947_178047372,-0.12358659
20241106_141947_431453636,-0.1506276
20241106_141947_683401701,-0.100752704
20241106_141949_181091737,-0.07838961
20241106_141949_432885857,-0.06454434
20241106_141949_925385554,-0.055770896
20241106_141950_174889589,-0.05417224
20241106_141950_423842725,0.024910549
20241106_141950_672247370,-0.040654026
20241106_141950_923430974,-0.018919071
20241106_141951_175815630,-0.28572616
20241106_141951_427183180,-0.1110402
20241106_141951_678949836,0.63885015
20241106_141951_934337187,0.3524408
20241106_141952_188630278,0.15981208
20241106_141952_446709867,0.04187999
20241106_141952_699140467,0.14259015
20241106_141952_943296160,-0.110954605
20241106_141953_189354126,-0.009377023
20241106_141953_430008829,-0.013034066
20241106_141953_680361177,-0.4422015
20241106_141953_935287893,-1.288695
20241106_141954_199011918,-1.680507
20241106_141954_454486165,-0.7007219
20241106_141954_687223972,-0.75173366
20241106_141954_926713104,-0.73277014
20241106_141955_175603276,-0.68691975
20241106_141955_421242739,0.16670044
20241106_141955_677953917,0.65820324
20241106_141955_921683928,0.64686966
20241106_141956_174691402,0.43312123
20241106_141956_423933577,0.48451707
20241106_141956_679211613,0.6245979
20241106_141956_934579148,1.1201823
20241106_141957_175654324,0.49270752
20241106_141957_423715870,0.46204638
20241106_141957_683456363,0.07242203
20241106_141957_926977135,-0.00016807765
20241106_141958_182003686,-0.5924081
20241106_141958_430799813,0.9344319
20241106_141958_683287280,0.7677348
20241106_141958_929326846,0.76967067
20241106_141959_178524258,0.7590748
20241106_141959_678154035,0.6827623
20241106_141959_922778193,0.011574248
20241106_142000_179285476,-0.42709252
20241106_142000_433424806,-0.42828855
20241106_142000_698686262,-0.6772482
20241106_142000_960416889,1.3087106
20241106_142001_203703605,0.48884156
20241106_142001_452643186,0.14049499
20241106_142001_713534862,0.09273479
20241106_142001_944627545,0.12090621
20241106_142002_193985515,0.050687768
20241106_142002_442602196,0.048321582
20241106_142002_700081751,-0.91189796
20241106_142002_947195832,-1.5170921
20241106_142003_196770191,0.45371863
20241106_142003_457798812,0.23751794
20241106_142003_694368959,0.2559714
20241106_142004_692164581,-0.45826313
20241106_142004_943224105,-0.40385348
20241106_142005_191911350,-0.32121232
20241106_142005_678632629,-0.19037576
20241106_142006_193517810,-0.34959754
20241106_142006_682404201,-0.32912838
20241106_142006_928180295,-0.3041596
20241106_142007_177794489,-0.26486418
20241106_142007_425583004,-0.266714
20241106_142007_677217411,-0.3623929
20241106_142007_932130595,-0.4064081
20241106_142008_191689115,-0.74918777
20241106_142008_440830029,-0.5956827
20241106_142008_687955862,-0.5814526
20241106_142008_945433604,0.33830157
20241106_142009_194048714,0.38840008
20241106_142009_442527836,0.29342142
20241106_142009_685148597,0.34468794
20241106_142009_932678743,0.29581612
20241106_142010_183465495,0.15243773
20241106_142010_428358208,0.10615728
20241106_142010_683809387,0.16202764
20241106_142010_928556571,0.08043335
20241106_142011_177203216,0.06536708
20241106_142011_429906009,0.2793871
20241106_142011_690430624,0.7028262
20241106_142011_935463210,0.5262698
20241106_142012_184457125,0.5071836
20241106_142012_431031609,0.6414218
20241106_142012_680728943,0.6148812
20241106_142012_925027202,0.74916375
20241106_142013_172042212,-0.29127154
20241106_142013_439656111,-0.84366804
20241106_142013_683816591,-0.45840475
20241106_142013_935534031,-0.4276874
20241106_142014_182340117,-0.7711373
20241106_142014_427847748,-0.21414624
20241106_142014_676586846,-0.23373692
20241106_142014_922113863,-0.25486153
20241106_142015_181002815,-0.6918026
20241106_142015_425655245,-0.5128002
20241106_142015_678331619,-0.40705007
20241106_142015_925704241,-0.16130489
20241106_142016_176621892,-0.20533945
20241106_142016_431842349,-0.5709762
20241106_142016_673950858,-0.52703327
20241106_142016_924840650,-0.38713482
20241106_142017_173452628,-0.40347853
20241106_142017_421225075,-0.40658095
20241106_142017_673308262,-0.45889437
20241106_142017_927192772,-0.5033354
20241106_142018_175746390,-0.47440523
20241106_142018_422155655,-1.1555436
20241106_142018_675174131,0.72772676
20241106_142018_921035976,-0.045605097
20241106_142019_180420549,-0.0740595
20241106_142019_438835455,0.73900217
20241106_142019_682150427,0.3431107
20241106_142019_929314377,0.3251694
20241106_142020_187546158,0.19768338
20241106_142020_440690263,0.28049892
20241106_142020_684953541,0.11841092
20241106_142020_931263683,0.073760845
20241106_142021_183096020,0.1863129
20241106_142021_439486709,0.20089774
20241106_142021_683956080,0.19114487
20241106_142021_928086370,0.1845556
20241106_142022_179882739,0.43857443
20241106_142022_433438201,0.68451256
20241106_142022_923585463,0.54031855
20241106_142023_180980882,0.5314449
20241106_142023_423922977,0.37610605
20241106_142023_673931734,0.31816614
20241106_142023_933987623,0.33467954
20241106_142024_179524055,0.2706859
20241106_142024_430605532,0.29619926
20241106_142024_931891483,0.3002157
20241106_142025_175305614,0.26724568
20241106_142025_424377127,0.3333614
20241106_142025_674849839,0.3122381
20241106_142025_929336789,0.3861452
20241106_142026_177495267,-0.20416208
20241106_142026_428869739,-0.6078579
20241106_142026_679329159,-0.2570173
20241106_142026_927931019,-0.26751977
20241106_142027_178219503,-0.3775086
20241106_142027_431096516,-0.09500756
20241106_142027_684576367,0.45995697
20241106_142027_943098263,0.27539828
20241106_142028_187711731,0.16528513
20241106_142028_427304930,0.16814063
20241106_142028_681597129,0.18906645
20241106_142028_942714185,0.45484012
20241106_142029_197035699,1.0004938
20241106_142029_435225259,-0.13809414
20241106_142029_683716940,0.042716958
20241106_142029_923695488,-0.17805722
20241106_142030_180739733,-0.1624846
20241106_142030_431082133,-0.22450538
20241106_142030_679172691,-0.28647164
20241106_142030_927955494,-0.29874352
20241106_142031_178731482,-0.63576597
20241106_142031_428197075,0.6032507
20241106_142031_680475145,0.6273756
20241106_142031_929239942,0.7601965
20241106_142032_178015824,0.59142584
20241106_142032_429585894,1.3140128
20241106_142032_680660002,0.5630327
20241106_142032_923687418,0.56143624
20241106_142033_174943401,0.47268188
20241106_142033_435703693,0.58645487
20241106_142033_677760925,0.14293237
20241106_142033_928893141,0.17874454
20241106_142034_198405327,0.024220208
20241106_142034_429680498,0.06984932
20241106_142034_679197541,-0.16756012
20241106_142034_923653507,-0.09590628
20241106_142035_172897594,-0.031039556
20241106_142035_423639255,-0.027252635
20241106_142035_673263394,0.0046916995
20241106_142035_922792183,0.017967978
20241106_142036_176748257,-0.021054646
20241106_142036_926489369,0.0062728915
20241106_142037_178480882,-0.07424643
20241106_142037_677804436,-0.087321065
20241106_142037_926006789,0.26431364
20241106_142038_179086333,0.20216052
20241106_142038_422463448,0.10118405
20241106_142038_675350496,0.11585281
20241106_142038_921461494,0.13249598
20241106_142039_173772332,0.06919614
20241106_142039_420464611,0.0875018
20241106_142039_669483226,0.040843166
20241106_142039_920613004,0.07187197
20241106_142040_177043748,0.078666426
20241106_142040_423421256,0.09176806
20241106_142040_673437205,0.09401295
20241106_142040_920723046,0.12266723
20241106_142041_178183995,0.07615534
20241106_142041_425756831,0.07970766
20241106_142041_672863306,0.098832764
20241106_142041_919998700,0.11137847
20241106_142042_175228968,0.11266414
20241106_142042_425488030,0.095821954
20241106_142042_689701500,0.103142776
20241106_142042_934894610,0.10195295
20241106_142043_179303240,0.10651884
20241106_142043_425098729,-0.0002169814
20241106_142043_681845217,0.061793663
20241106_142043_931623706,0.077495076
20241106_142044_187831811,-0.22918285
20241106_142044_447571237,-0.122710906
20241106_142044_688581495,-0.043627046
20241106_142044_939213246,0.021664599
20241106_142045_182875583,0.15873705
20241106_142045_431821264,0.27028203
20241106_142045_682690694,0.35155496
20241106_142045_932119760,0.32629097
20241106_142046_178307505,0.3140493
20241106_142046_427061414,0.27284914
20241106_142046_677796942,0.20556997
20241106_142046_932474511,0.22151677
20241106_142047_179571182,0.281113
20241106_142047_429018078,0.7826784
20241106_142047_680931382,-0.32215053
20241106_142047_933257504,0.0116198305
20241106_142048_190628541,-0.119499706
20241106_142048_437316028,0.27725956
20241106_142048_683979363,0.06500593
20241106_142048_933922186,0.04580055
20241106_142049_178203175,0.030255163
20241106_142049_428381641,-0.9346278
20241106_142049_684859035,-0.1773542
20241106_142049_940597484,-0.027634308
20241106_142050_190770812,1.4826344
20241106_142050_437824179,0.21406385
20241106_142050_684992542,-0.053280003
20241106_142050_929542431,0.04967133
20241106_142051_185864499,0.08052675
20241106_142051_428329429,0.108075656
20241106_142051_688593756,0.13405214
20241106_142051_933689605,0.16092853
20241106_142052_178279557,0.17320894
20241106_142052_929796213,0.15962057
20241106_142053_425710913,0.21220212
20241106_142053_685208916,0.3540531
20241106_142053_926470341,0.5842732
20241106_142054_180185068,0.46938264
20241106_142054_431347983,0.35762152
20241106_142054_685222145,0.34354812
20241106_142054_938313291,0.30449563
20241106_142055_200417797,0.30503285
20241106_142055_440264707,0.29456684
20241106_142055_694886439,0.266232
20241106_142055_946835213,0.25829127
20241106_142056_194789428,0.24313794
20241106_142056_439396924,0.19451512
20241106_142056_685543963,0.16873123
20241106_142056_931723867,0.12860821
20241106_142057_180441174,0.12934907
20241106_142057_425266453,0.20285101
20241106_142057_676836812,0.18818136
20241106_142057_932747975,0.184426
20241106_142058_184902890,0.19732292
20241106_142058_430847058,0.18295033
20241106_142058_936583858,0.23688518
20241106_142059_187959309,0.18462949
20241106_142059_435143816,0.14752059
20241106_142059_698525476,0.15647803
20241106_142059_954844468,0.15588321
20241106_142100_199306565,-0.19195835
20241106_142100_434734159,-0.10432341
20241106_142100_676267531,-0.13380493
20241106_142100_923929451,-0.1605029
20241106_142101_181749289,-0.23787494
20241106_142101_425375352,-0.2036102
20241106_142101_679191863,-0.2872343
20241106_142101_925732044,-0.04934661
20241106_142102_433267304,-0.039340816
20241106_142102_687426868,-0.04800477
20241106_142102_938697323,0.06342443
20241106_142103_201463666,0.8758952
20241106_142103_447257460,0.32123485
20241106_142103_703876517,0.18399547
20241106_142103_936184454,0.090737976
20241106_142104_184877462,0.09880177
20241106_142104_431917441,0.17723964
20241106_142104_683461768,0.108710684
20241106_142104_933147177,0.08007578
20241106_142105_430785663,0.09283338
20241106_142105_679855157,0.010960141
20241106_142106_183786039,0.024915615
20241106_142106_424386228,0.033801176
20241106_142106_671807061,0.049221613
20241106_142106_923059210,0.05821971
20241106_142107_428878602,0.061479755
20241106_142107_682761659,0.024390975
20241106_142107_929255439,0.030761639
20241106_142108_181578603,-0.0073926058
20241106_142108_426919338,0.003741959
20241106_142108_923130538,0.035551943
20241106_142109_180181369,-0.005042335
20241106_142109_432232399,-0.0021786299
20241106_142109_687144746,-0.008106252
20241106_142109_937765841,0.048164763
20241106_142110_181230428,0.034936823
20241106_142110_429124307,-0.007606527
20241106_142110_677457084,-0.00895544
20241106_142110_923948352,-0.47493765
20241106_142111_182579553,-0.33565405
20241106_142111_429056590,-0.16353266
20241106_142111_677567261,-1.3240954
20241106_142111_926294990,0.33761865
20241106_142112_175608022,0.264148
20241106_142112_673575592,0.19203398
20241106_142112_922632987,0.08454839
20241106_142113_170207787,0.077454425
20241106_142113_418740792,0.101559706
20241106_142113_669361016,0.20133571
20241106_142114_167502951,0.0130635295
20241106_142114_421392691,-0.12347927
20241106_142114_672750795,-0.3738506
20241106_142114_918890229,-0.15095754
20241106_142115_169258772,-1.5260648
20241106_142115_425370155,-0.72653466
20241106_142115_670616196,-0.39110824
20241106_142115_924283307,-0.43021598
20241106_142116_175026987,-0.4764191
20241106_142116_425954111,-0.559551
20241106_142116_671499426,-0.6073016
20241106_142116_922115020,-0.6308167
20241106_142117_171165896,-0.7772106
20241106_142117_678427971,-0.8394721
20241106_142117_926333223,-0.5367462
20241106_142118_176940521,-0.33619043
20241106_142118_426099770,-0.3898498
20241106_142118_676892444,-0.39398488
20241106_142118_933514465,-0.6150828
20241106_142119_187022001,-0.26030037
20241106_142119_428883009,-0.23961712
20241106_142119_675453792,-0.19804417
20241106_142120_192488289,-0.24228992
20241106_142120_424450557,-0.19854866
20241106_142120_674170949,-0.26788262
20241106_142120_919229494,-0.09151733
20241106_142121_178081212,-0.12443843
20241106_142121_419608066,-0.17365147
20241106_142121_669795533,-0.2835457
20241106_142121_922633845,-0.18961434
20241106_142122_179572261,-0.17937993
20241106_142122_432878007,-0.1505741
20241106_142122_681571898,-0.16832794
20241106_142122_924770307,-0.24243416
20241106_142123_421922755,-0.18227966
20241106_142123_675702533,-0.19777454
20241106_142123_922806306,-0.26635933
20241106_142124_175225096,-0.28728852
20241106_142124_431859855,-1.0353643
20241106_142124_685967912,0.24759297
20241106_142124_930661948,-0.1364773
20241106_142125_182023262,0.010482827
20241106_142125_426107831,-0.18033339
20241106_142125_675723300,-0.029326579
20241106_142125_923814454,0.2575367
20241106_142126_187453152,0.27761224
20241106_142126_426411448,-0.097705305
20241106_142126_677410882,0.14366603
20241106_142126_930822685,-0.12764503
20241106_142127_176655370,-0.1006219
20241106_142127_919491881,-0.099602304
20241106_142128_170258328,-0.082896076
20241106_142128_418665446,-0.035336815
20241106_142128_671570223,-0.07127877
20241106_142128_921410441,-0.21048881
20241106_142129_176012498,-0.2185853
20241106_142129_427178310,-0.13214977
20241106_142129_681071576,-0.11001762
20241106_142129_923212962,0.022782305
20241106_142130_173550712,0.16630985
20241106_142130_423155756,0.106750585
20241106_142130_675044586,0.06328503
20241106_142130_931607991,-0.24524234
20241106_142131_181072153,-0.17940833
20241106_142131_424639175,-0.014977356
20241106_142131_670911100,-0.11236324
20241106_142132_173369910,-0.5465408
20241106_142132_420973569,-0.80812913
20241106_142132_674447809,-0.1548378
20241106_142132_927893008,-0.21112646
20241106_142133_178112469,0.54611796
20241106_142133_427932116,-0.044512294
20241106_142133_688441235,0.09603987
20241106_142133_926630172,0.010659317
20241106_142134_197396393,0.100928165
20241106_142134_427175782,0.154299
20241106_142134_676488276,0.17523406
20241106_142134_931691413,0.061761715
20241106_142135_175904046,-0.22480135
20241106_142135_422360237,-0.48445067
20241106_142135_674452269,0.1687418
20241106_142135_926791111,0.066123106
20241106_142136_176948148,0.16416262
20241106_142136_423151076,0.13816659
20241106_142136_683976081,-0.08443763
20241106_142136_941116157,0.05051122
20241106_142137_191944500,0.32390878
20241106_142137_433488072,0.12033788
20241106_142137_680180649,0.08698592
20241106_142137_922446304,-0.10410943
20241106_142138_171727025,0.2523751
20241106_142138_421447137,0.28354126
20241106_142138_671316942,0.5358555
20241106_142138_923383616,0.13207527
20241106_142139_172272999,0.27615625
20241106_142139_425846132,0.17246969
20241106_142139_674814269,0.1056718
20241106_142139_921968255,0.011605183
20241106_142140_172370363,0.12752663
20241106_142140_423396968,0.043363847
20241106_142140_676606217,-0.114513
20241106_142140_924947489,-0.032110773
20241106_142141_171388115,0.11256757
20241106_142141_420499087,0.051458456
20241106_142141_671374170,0.0199788
20241106_142141_921818924,-0.10481074
20241106_142142_168919820,-0.056369744
20241106_142142_418757188,-0.09526145
20241106_142142_672227276,-0.2173598
20241106_142142_919858962,-0.04724046
20241106_142143_171743761,-0.10806253
20241106_142143_671014263,-0.20018746
20241106_142144_174524256,-0.0985186
20241106_142144_670338962,-0.20891665
20241106_142145_424001914,0.018710176
20241106_142145_670290731,-0.036946677
20241106_142145_924206632,-0.070393644
20241106_142146_172351378,-0.12191119
20241106_142146_421483211,-0.09017279
20241106_142146_671135394,-0.060500108
20241106_142146_920663040,-0.06227114
20241106_142148_192868258,-0.14495994
20241106_142148_432599797,-0.2539737
20241106_142148_692781804,-0.25032392
20241106_142148_934795101,0.555165
20241106_142149_185061364,0.6098516
20241106_142149_431219828,0.29033896
20241106_142149_682833360,0.29253334
20241106_142149_936845164,0.35517472
20241106_142150_188693285,0.63521487
20241106_142150_435588945,0.46680114
20241106_142150_691611991,0.41244006
20241106_142150_944782950,0.7463158
20241106_142151_192483650,0.47863743
20241106_142151_439553512,0.22284098
20241106_142151_683245817,0.61810076
20241106_142151_933283833,0.36869326
20241106_142152_179253760,0.41648278
20241106_142152_693360823,0.5434329
20241106_142152_945731607,0.27822772
20241106_142153_188685983,-0.650131
20241106_142153_429035888,-0.45411584
20241106_142153_678793967,-0.37515035
20241106_142153_923378823,-0.0005996786
20241106_142154_179473790,0.20539768
20241106_142154_430697911,0.6958378
20241106_142154_683338931,0.31843823
20241106_142154_936740401,0.18391624
20241106_142158_181186510,0.18823768
20241106_142158_427107786,-0.1909235
20241106_142158_677673233,-0.6116057
20241106_142158_928792371,-0.65380985
20241106_142159_176579775,1.2733835
20241106_142159_424913341,0.6619777
20241106_142159_681594712,0.35831228
20241106_142159_934925140,0.49232545
20241106_142200_182289761,0.036796726
20241106_142200_425456718,0.064713515
20241106_142200_675873447,-0.15134908
20241106_142200_929258853,0.027522335
20241106_142201_192773675,0.32082713
20241106_142201_448622373,0.08964191
20241106_142201_694301825,0.038063057
20241106_142201_934433350,0.86764526
20241106_142202_191582409,0.120210595
20241106_142202_430339569,0.3636391
20241106_142202_673143413,0.2330894
20241106_142203_172677638,0.364936
20241106_142203_426716273,0.25589177
20241106_142203_930566969,0.1248003
20241106_142204_186700292,-0.032991253
20241106_142204_427904285,-1.8639172
20241106_142204_686643446,0.35860255
20241106_142204_936891168,0.07787166
20241106_142205_187860993,-0.20273943
20241106_142205_440835211,-0.28651297
20241106_142205_689771747,-0.15852119
20241106_142205_931994171,-0.15298887
20241106_142206_182103835,-0.2307833
20241106_142207_685401547,0.22975366
20241106_142207_930088405,0.3016537
20241106_142208_181563765,0.07937495
20241106_142208_427413585,0.06411616
20241106_142208_687621250,-0.00158461
20241106_142208_941259206,-0.018234631
20241106_142209_189419173,1.3789338
20241106_142209_457486130,-0.34324244
20241106_142209_706659412,0.33508483
20241106_142209_941688332,0.093563564
20241106_142210_189871688,0.19519296
20241106_142210_429428343,0.15199937
20241106_142210_677791575,0.20589995
20241106_142210_923604528,0.19231863
20241106_142211_179502306,0.08153897
20241106_142211_428574576,0.14210534
20241106_142211_682435440,0.623701
20241106_142211_932569444,0.44504124
20241106_142212_184340096,0.5123102
20241106_142212_438891404,0.19688754
20241106_142212_685129489,0.92704123
20241106_142212_925603170,0.43517056
20241106_142213_174034383,0.3987509
20241106_142213_923876064,0.44269812
20241106_142214_432586340,0.46463436
20241106_142214_679936850,0.5717367
20241106_142214_923957507,0.47184283
20241106_142215_178198707,-0.6767187
20241106_142215_435460942,-0.117960714
20241106_142215_702269942,-0.046969198
20241106_142215_939877521,-0.14120026
20241106_142216_178001466,-0.15417683
20241106_142216_425859142,-0.27092025
20241106_142216_690153654,-0.2162735
20241106_142217_195267907,-0.19849183
20241106_142217_441091940,-0.17533465
20241106_142217_694676150,-0.14943786
20241106_142217_941148854,-0.16764869
20241106_142219_181332759,-0.18877853
20241106_142219_429994716,-0.27960405
20241106_142219_681411957,-0.6156443
20241106_142219_932827815,-0.6541712
20241106_142220_179890876,-0.59913903
20241106_142220_429815228,-0.49158248
20241106_142220_677569589,-0.448253
20241106_142221_183689146,-0.4441049
20241106_142221_424678747,-0.09334212
20241106_142221_673823483,-0.21043374
20241106_142221_921518381,-0.17541291
20241106_142222_172201091,-0.18136425
20241106_142222_424506389,-0.10838523
20241106_142222_676424759,-0.13827349
20241106_142222_924655943,0.8867152
20241106_142223_180301443,-0.0069330893
20241106_142223_423734896,-0.09604279
20241106_142223_672029519,-0.028669462
20241106_142223_922353044,-0.07109227
20241106_142224_172825492,-0.17253144
20241106_142224_428436971,-0.15257503
20241106_142224_672834151,-0.10339727
20241106_142224_925696067,-0.23148139
20241106_142225_675246499,-0.1615438
20241106_142226_421219992,-0.14784665
20241106_142226_671280141,-0.28504637
20241106_142226_918484129,-0.29185247
20241106_142227_171649398,-0.44004157
20241106_142227_418815922,-0.5144457
20241106_142227_674809451,-0.2961834
20241106_142227_925362810,-0.3089219
20241106_142228_937421190,-0.30952153
20241106_142229_178898882,-0.61706525
20241106_142229_432115473,-0.33772606
20241106_142229_679084338,-0.34249476
20241106_142230_170227613,0.00215579
20241106_142230_422354379,-0.010072371
20241106_142230_672483569,-0.08131268
20241106_142230_919497458,-0.2910439
20241106_142231_175296308,-0.24444927
20241106_142231_421967791,-0.25090286
20241106_142231_673158137,0.09885376
20241106_142231_926687097,0.34078455
20241106_142232_178431108,0.35154796
20241106_142232_421190001,0.18837096
20241106_142232_670203212,0.14620234
20241106_142233_676946578,0.15315376
20241106_142233_929197406,0.14393361
20241106_142234_196130099,0.10587863
20241106_142234_671516128,0.20310287
20241106_142236_424803715,0.14679538
20241106_142238_672142777,-0.0010534134
20241106_142238_922902142,-0.0025552716
20241106_142239_172435765,-0.16376857
20241106_142239_420060121,-0.22974412
20241106_142239_669024491,-0.13747056
20241106_142239_917137253,-0.19920258
20241106_142241_178316798,-0.43387517
20241106_142241_430660163,-0.25910708
20241106_142241_674947266,-0.5785391
20241106_142241_923222255,-0.80702
20241106_142242_422059037,-0.85826296
20241106_142242_667828263,-0.31464037
20241106_142242_916069033,-0.37483144
20241106_142243_168460169,-0.68003076
20241106_142243_416308968,-0.80479604
20241106_142243_669841188,-0.45871744
20241106_142243_919771548,-0.83199793
20241106_142244_169101290,-0.1138876
20241106_142244_419746357,-0.120569386
20241106_142244_669383302,-0.08612183
20241106_142244_923059004,-0.97531223
20241106_142245_173152222,-0.4067224
20241106_142245_424123214,-0.26388747
20241106_142245_666991680,-0.25543696
20241106_142245_921865890,-0.3243679
20241106_142246_172365684,-0.67894536
20241106_142246_424737761,-0.6898043
20241106_142246_669524466,-0.32205412
20241106_142247_168969058,-0.335171
20241106_142247_416372787,-0.5846691
20241106_142247_666566740,0.85293317
20241106_142247_914850358,0.6725956
20241106_142248_169899058,0.18804842
20241106_142248_420833627,0.16268085
20241106_142248_674184874,0.27351892
20241106_142248_918495342,0.35723174
20241106_142249_167133477,0.7713452
20241106_142249_422041810,0.19744281
20241106_142249_670668175,-0.030327223
20241106_142249_919915630,-0.031091174
20241106_142250_168223395,0.038527466
20241106_142250_416796471,-0.7258134
20241106_142250_668145725,-0.75930184
20241106_142250_917782258,-0.3124952
20241106_142251_170638946,-0.24296036
20241106_142251_420306517,-0.2558116
20241106_142251_683336080,-0.3483387
20241106_142251_930236178,-1.0474585
20241106_142252_171480127,-0.009954711
20241106_142252_420001440,-1.0095296
20241106_142252_672371650,-0.7900098
20241106_142252_921030894,-0.18153362
20241106_142253_171878382,-0.35511678
20241106_142253_420416200,-0.4798201
20241106_142253_676361511,-0.7085224
20241106_142253_921516333,-1.0883594
20241106_142254_171378598,-0.36841622
20241106_142254_422456948,-0.14862408
20241106_142254_689542469,0.41892946
20241106_142254_922617020,0.3224601
20241106_142255_173459391,0.14818655
20241106_142255_423643684,0.20976566
20241106_142255_685378776,0.36125863
20241106_142255_927581196,0.40544477
20241106_142256_171081599,0.8216911
20241106_142256_417915189,0.73128885
20241106_142256_916982012,0.8915544
20241106_142257_919045618,0.75408834
20241106_142258_170231336,0.39434072
20241106_142258_418927694,0.48429993
20241106_142258_672114384,0.21239148
20241106_142258_917981034,0.22139661
20241106_142259_415865027,0.15434779
20241106_142259_670420212,0.1616515
20241106_142259_917624125,0.14881371
20241106_142300_166645049,0.0906649
20241106_142300_418408187,0.31750554
20241106_142300_680694957,0.2697125
20241106_142301_180900111,-0.0133281555
20241106_142301_435711046,-0.33653143
20241106_142301_694393392,-1.3804418
20241106_142301_940368276,0.95757395
20241106_142302_193168512,0.15144907
20241106_142302_446049314,0.27148196
20241106_142302_689931957,-0.13597567
20241106_142302_934010686,-0.087307714
20241106_142303_181987040,0.07268766
20241106_142303_431633201,0.079589225
20241106_142303_681184189,-0.08311369
20241106_142303_924047010,0.0046659503
20241106_142304_924467434,-0.2651964
20241106_142305_179773727,-0.68856543
20241106_142305_427240140,-0.48511255
20241106_142305_679676880,-0.22704013
20241106_142305_929660657,-0.23238231
20241106_142306_182775845,-0.20338745
20241106_142306_432585727,-0.18526872
20241106_142306_675185768,-0.18288268
20241106_142306_926999456,-0.012064299
20241106_142307_187681644,0.25881934
20241106_142307_427486479,0.36945084
20241106_142307_676087516,0.43694106
20241106_142307_927337064,0.28787076
20241106_142308_171944301,0.2543371
20241106_142308_429479498,0.26142153
20241106_142308_674847293,0.31027454
20241106_142308_920127440,0.19774298
20241106_142309_173244928,0.83142
20241106_142309_420355814,0.54509324
20241106_142309_669929826,0.22628866
20241106_142309_917640705,0.15280049
20241106_142310_173150096,0.2035472
20241106_142310_416521986,0.19993968
20241106_142310_663792055,0.21379669
20241106_142310_914371668,0.22026713
20241106_142311_416015608,0.12580346
20241106_142311_675640185,0.016433457
20241106_142311_924532345,0.03447149
20241106_142312_175979397,-0.0097066965
20241106_142312_431864043,-0.041100107
20241106_142312_669844604,-0.010436198
20241106_142312_918394628,0.08449242
20241106_142313_169677520,0.18582748
20241106_142313_916388316,0.094050445
20241106_142314_168964996,-0.11070856
20241106_142314_419343310,-0.030824622
20241106_142314_671102650,-0.002040645
20241106_142314_916347703,0.097686045
20241106_142315_167912245,0.06423483
20241106_142315_675405933,0.21622054
20241106_142315_925011948,1.4443634
20241106_142316_177835093,-0.14721496
20241106_142316_420542385,-0.12780207
20241106_142316_675027928,-0.30518326
20241106_142316_925356501,-0.056910977
20241106_142317_177078515,-0.07202604
20241106_142317_423885504,-0.026306769
20241106_142317_687616060,-0.1777444
20241106_142317_934137320,-0.35414612
20241106_142318_175536397,-0.32710412
20241106_142318_423863124,-0.31256303
20241106_142318_668773754,-0.26498926
20241106_142318_917593107,-0.36123738
20241106_142319_170631935,-0.60818714
20241106_142319_422960875,-0.4475446
20241106_142319_672906886,-0.5990754
20241106_142319_919113507,-0.4247094
20241106_142320_426763507,-0.18519822
20241106_142320_686639218,-0.1782413
20241106_142320_931993275,-0.8211893
20241106_142321_188366484,0.6625736
20241106_142321_433363952,0.14704631
20241106_142321_680753027,0.31455
20241106_142321_922235932,0.5514746
20241106_142322_174086419,1.3259625
20241106_142322_420930907,0.93509823
20241106_142322_670274095,1.0455345
20241106_142322_919207825,0.69025296
20241106_142323_173140501,0.97314733
20241106_142323_421516892,-0.6036722
20241106_142323_676175619,0.017522803
20241106_142323_932162026,-0.036420576
20241106_142324_190660577,0.04436355
20241106_142324_439953578,0.19424598
20241106_142324_676135266,-0.29439563
20241106_142324_922959277,-0.17883341
20241106_142325_420029422,-0.16259705
20241106_142325_668363242,-0.1975642
20241106_142326_172222226,-0.20872791
20241106_142326_678750966,-0.23184083
20241106_142326_926208561,-0.21614756
20241106_142327_175341377,0.13708667
20241106_142327_430151924,0.13335523
20241106_142327_678902727,0.06078098
20241106_142328_172037306,0.76470107
20241106_142328_432792000,1.6753782
20241106_142328_683043549,-0.90958714
20241106_142328_923403156,0.5485141
20241106_142329_173968250,-0.0026257243
20241106_142329_420261580,-0.03910222
20241106_142329_670847107,-0.23820938
20241106_142329_921626107,-0.11540606
20241106_142330_175279278,-0.3249983
20241106_142330_420207445,-0.26432654
20241106_142330_668769593,-0.13364072
20241106_142330_919746989,-0.0060000475
20241106_142331_173702340,-0.25839114
20241106_142331_422070451,-0.33514786
20241106_142331_671628981,-0.19209875
20241106_142331_919354212,-0.24248804
20241106_142333_169555371,-0.619094
20241106_142333_419855377,-0.46833938
20241106_142333_674716256,-0.9062062
20241106_142334_196325848,-0.096977405
20241106_142334_424703795,0.16009106
20241106_142334_677933506,0.4915047
20241106_142334_923042633,1.2012058
20241106_142335_175965124,-0.89287853
20241106_142335_429551389,-0.7846722
20241106_142335_678549095,-0.38875118
20241106_142336_187185944,-0.6931352
20241106_142336_429916547,-0.6140212
20241106_142337_173038555,-1.1261584
20241106_142337_421738660,-1.0789355
20241106_142337_674001045,-0.8160501
20241106_142337_926987429,-0.3170078
20241106_142338_173783210,-0.38432363
20241106_142338_425830968,-0.3801962
20241106_142338_669831529,-0.41715524
20241106_142339_175832453,-0.102980524
20241106_142339_423231569,0.10775424
20241106_142339_674272929,0.5164026
20241106_142339_921547427,0.119563036
20241106_142340_186730847,0.15552874
20241106_142340_433363104,0.16919349
20241106_142340_919618404,0.15216023
20241106_142341_178235890,0.22646414
20241106_142341_428374594,0.22790791
20241106_142342_920541127,0.17164718
20241106_142343_177177018,-0.07054623
20241106_142343_425259757,-0.17288195
20241106_142343_672674415,-0.062944256
20241106_142344_167551566,-0.049165867
20241106_142344_919221582,-0.031101963
20241106_142346_167064941,-0.094432615
20241106_142346_670145992,-0.31053987
20241106_142346_924594564,-0.124381445
20241106_142347_419346288,0.022087751
20241106_142348_173829664,0.12512799
20241106_142348_416715336,0.1086115
20241106_142348_673678944,0.03018842
20241106_142348_926328155,0.054144956
20241106_142349_187100088,0.19029635
20241106_142349_437503512,0.2491941
20241106_142350_670776724,0.27199125
20241106_142350_920742672,0.17482473
20241106_142351_178630212,0.16400294
20241106_142351_426438153,0.04434923
20241106_142351_675686195,-0.07174798
20241106_142351_919307641,-0.6982661
20241106_142352_177265275,0.20261495
20241106_142352_422168458,0.5111639
20241106_142352_678545286,0.33561465
20241106_142352_930534096,0.19247453
20241106_142353_183730980,-0.23832242
20241106_142353_425607124,-0.09124871
20241106_142353_674849692,-0.18723394
20241106_142353_923964673,-0.107178114
20241106_142354_420197111,-0.2161075
20241106_142354_667425896,-0.16675706
20241106_142354_916811930,-0.10068437
20241106_142355_420014996,-0.117698334
20241106_142355_920522788,-0.12519725
20241106_142356_417477658,-0.19831781
20241106_142356_670353240,-0.26812282
20241106_142356_922999462,-0.2803246
20241106_142357_174765817,-0.72430456
20241106_142357_422256162,-0.42974994
20241106_142357_669208204,-0.11785959
20241106_142357_915545161,-0.14744489
20241106_142358_426771122,-0.6066583
20241106_142358_675404715,-1.8024653
20241106_142358_928278199,0.78893286
20241106_142359_179282129,1.0358328
20241106_142359_433249125,0.27120537
20241106_142359_689104976,0.18911763
20241106_142359_927854367,0.11080972
20241106_142400_187428319,-0.34746817
20241106_142400_441040561,-0.16570611
20241106_142400_693643145,-0.16051753
20241106_142400_943119016,-0.09652748
20241106_142401_188148131,-0.27033535
20241106_142401_437640065,0.4275249
20241106_142401_696601226,0.8747037
20241106_142401_938441260,0.10365117
20241106_142402_192038637,0.29678687
20241106_142402_433518815,0.5925947
20241106_142402_685567040,0.376429
20241106_142402_940735553,0.47327086
20241106_142403_186737955,0.47002462
20241106_142403_686754685,0.45841834
20241106_142403_929205625,0.5492261
20241106_142404_179436870,0.34788373
20241106_142404_422116648,0.25495765
20241106_142404_674786015,0.048413016
20241106_142404_924202841,-0.9518589
20241106_142405_179738426,-0.73170805
20241106_142405_423054217,-0.20746033
20241106_142405_677462468,-0.28185144
20241106_142406_173713508,-0.26872995
20241106_142406_435328669,-0.13244514
20241106_142406_682939839,-0.24688525
20241106_142406_926168703,-0.3280907
20241106_142407_420977090,-0.16644804
20241106_142407_921527285,-0.53143436
20241106_142408_170782101,-0.4815207
20241106_142408_424948101,0.5560977
20241106_142408_676665216,-0.21473464
20241106_142408_929893355,-0.3376085
20241106_142409_178058440,-0.027858159
20241106_142409_674313031,0.58655494
20241106_142409_930364745,0.25918576
20241106_142410_181296551,-0.43944055
20241106_142410_432861754,-0.11530185
20241106_142410_678247874,-0.80712473
20241106_142410_924535807,0.76980406
20241106_142411_175974094,0.14524303
20241106_142411_423852378,0.2612767
20241106_142412_174564754,-0.10565885
20241106_142412_423157670,-0.07171919
20241106_142412_670333343,-1.0506698
20241106_142412_920659391,-0.8745122
20241106_142413_175270418,-2.0346413
20241106_142413_434597894,0.7928476
20241106_142413_679419503,0.90634
20241106_142413_923553398,0.49650595
20241106_142414_174515367,0.52501947
20241106_142414_422776789,0.5400619
20241106_142414_671381560,0.13781531
20241106_142414_921829658,0.10755
20241106_142415_176941922,0.23643573
20241106_142415_423971719,0.2978667
20241106_142415_676657789,1.0107688
20241106_142415_922474253,0.9797327
20241106_142416_174192991,0.59497887
20241106_142416_425509108,0.5920792
20241106_142416_686771264,0.46207926
20241106_142416_930015292,0.4582425
20241106_142417_178382352,0.2105441
20241106_142417_437184152,-0.0289283
20241106_142417_680684639,0.09698073
20241106_142417_923065975,0.21240704
20241106_142418_172346914,0.51262254
20241106_142418_415885450,0.42972782
20241106_142418_926082384,0.32121736
20241106_142419_177499409,-0.022798648
20241106_142419_429871509,0.12252206
20241106_142419_931086332,0.21291532
20241106_142420_179932037,0.5926497
20241106_142420_430419928,0.49321118
20241106_142420_927650506,0.44873396
20241106_142421_179266180,0.22837852
20241106_142421_431083069,0.17899378
20241106_142421_672628997,0.24402101
20241106_142421_922914850,0.26334184
20241106_142422_426264824,-0.25728336
20241106_142422_678377282,-0.035818987
20241106_142422_927795229,-0.14793004
20241106_142423_183651771,-0.05728122
20241106_142423_423366650,-0.056648515
20241106_142423_919056162,-0.06163033
20241106_142424_673369776,-0.026250562
20241106_142425_172636088,-0.016934713
20241106_142425_419146043,-0.020468613
20241106_142426_423728894,0.05232624
20241106_142426_930664585,0.3246179
20241106_142427_184664598,-0.04299774
20241106_142427_434951973,-0.1914533
20241106_142427_682331519,-0.11138152
20241106_142427_932544977,-0.37968668
20241106_142428_196301692,-0.31663495
20241106_142428_432245701,-0.24795805
20241106_142428_683044067,-0.22879459
20241106_142428_927939835,-0.2504483
20241106_142429_176035514,-0.20090126
20241106_142430_167535252,-0.21283992
20241106_142430_918159586,0.14704436
20241106_142431_180333087,-0.07629552
20241106_142431_430488100,-0.11263671
20241106_142431_929773653,-0.35402504
20241106_142432_177676560,-0.189433
20241106_142432_674809320,-0.19899203
20241106_142432_920400927,-0.16910018
20241106_142433_169268005,-0.12692334
20241106_142433_423873085,-0.12696736
20241106_142433_674701571,-0.13593085
20241106_142434_190541567,-0.14424463
20241106_142434_422554778,-0.13751636
20241106_142436_431079950,0.045259066
20241106_142436_692618408,0.03376714
20241106_142436_936757005,-0.0052907076
20241106_142437_196180082,-0.03799703
20241106_142439_422512152,-0.047880225
20241106_142439_673357248,-0.09336778
20241106_142439_923519199,-0.059300058
20241106_142440_672230344,-0.024430713
20241106_142441_419459752,-0.22020216
20241106_142441_673738273,-0.2660664
20241106_142441_927376908,-0.19918914
20241106_142442_682257363,-0.5377981
20241106_142442_933070647,-0.27885574
20241106_142443_181686557,-0.23815806
20241106_142443_427320228,-0.21776558
20241106_142443_677949858,-0.5721415
20241106_142443_930396302,-0.4160311
20241106_142444_175080611,-0.37455958
20241106_142444_428755256,-0.36250177
20241106_142444_670909211,-0.30331326
20241106_142444_923282047,-0.26452377
20241106_142445_921997404,-0.25847754
20241106_142446_669390424,-0.051964387
20241106_142446_921096803,0.030036038
20241106_142447_174882666,0.008871058
20241106_142448_177404035,-0.051479958
20241106_142448_418649512,-0.20119126
20241106_142448_671639437,-0.2033567
20241106_142448_920561084,-0.20374207
20241106_142449_175428962,-0.15244912
20241106_142449_921034214,-0.15083672
20241106_142451_170555538,-0.15203057
20241106_142451_423015485,-0.14972068
20241106_142451_677255325,-0.15726624
20241106_142452_178192220,-0.17363115
20241106_142452_421370580,-0.1790364
20241106_142452_672416056,-0.22785433
20241106_142452_925145807,-0.38142332
20241106_142453_175426648,0.21089329
20241106_142453_430156892,0.18561207
20241106_142453_689180330,0.13604371
20241106_142453_938296298,-0.17986478
20241106_142454_195419203,-0.28070295
20241106_142454_436698816,-0.29974505
20241106_142454_688298018,-0.26833022
20241106_142454_926437552,-0.1423948
20241106_142455_179600452,0.058799185
20241106_142455_426116099,0.05176071
20241106_142455_676279181,0.365723
20241106_142455_921578346,0.27673912
20241106_142456_178047264,0.17888719
20241106_142456_424623543,1.0964587
20241106_142456_676138081,1.1773443
20241106_142456_924077343,0.6244177
20241106_142457_183400727,0.44429338
20241106_142457_424048811,0.34754178
20241106_142457_673214954,0.45654127
20241106_142458_434978626,0.4063857
20241106_142458_687257280,0.8717657
20241106_142458_930403363,-0.51094455
20241106_142459_189462828,0.26715362
20241106_142459_434232548,0.060280226
20241106_142459_679304833,-0.039569292
20241106_142500_175226171,-0.60343033
20241106_142500_422496701,-0.9084309
20241106_142500_674204590,-1.217892
20241106_142500_928359926,-0.7650545
20241106_142501_179832870,-0.42522725
20241106_142501_430542605,0.22331236
20241106_142501_690804064,0.032705225
20241106_142501_939989907,0.045868672
20241106_142502_191735459,-0.033182643
20241106_142502_432512367,-0.1317556
20241106_142502_678138040,-0.19302078
20241106_142502_926904102,-0.110889636
20241106_142503_181995033,-0.19214834
20241106_142503_426612236,-0.08838286
20241106_142503_683458549,0.38101158
20241106_142503_922506431,0.34811333
20241106_142504_179267154,0.3486815
20241106_142505_181581122,0.20500278
20241106_142505_432739200,0.025633255
20241106_142506_180541035,0.0011015926
20241106_142506_669839175,0.041910507
20241106_142506_919214880,0.07569156
20241106_142507_169213885,0.07424138
20241106_142507_681266074,-0.15597762
20241106_142507_925922038,-0.106877826
20241106_142508_429313467,-0.024587473
20241106_142508_679326312,-0.26082256
20241106_142508_930101029,-0.3562999
20241106_142509_177501000,-0.7041794
20241106_142509_425484481,-0.75384945
20241106_142509_686421379,-1.0651788
20241106_142509_939423760,-0.40189263
20241106_142510_179652510,0.7069321
20241106_142510_440123061,0.504098
20241106_142510_689341256,0.19283788
20241106_142510_939640601,0.10101364
20241106_142511_184713521,0.17721556
20241106_142511_687702923,0.17241095
20241106_142511_934150627,0.21398847
20241106_142512_183491553,0.02445964
20241106_142512_433408061,0.1691042
20241106_142512_690811435,-0.020632884
20241106_142512_935598367,0.14014558
20241106_142513_186466058,0.10583428
20241106_142513_440095649,0.116037525
20241106_142513_675301959,0.072005905
20241106_142514_422907703,0.13606282
20241106_142514_685257326,0.22036038
20241106_142514_930879182,-0.021594128
20241106_142515_178487790,-0.032238208
20241106_142515_924340917,0.10000048
20241106_142516_169935056,0.20779248
20241106_142516_421981645,0.20519291
20241106_142516_675979008,0.20829801
20241106_142517_178605931,0.21089606
20241106_142517_927495442,0.1801682
20241106_142519_176297475,0.5687609
20241106_142519_425979287,0.2927993
20241106_142519_674683651,0.27957675
20241106_142520_174752983,0.29167107
20241106_142520_423566713,0.21107297
20241106_142521_183985278,0.22742967
20241106_142521_672602894,0.23907433
20241106_142522_431851276,0.28188983
20241106_142522_677683092,0.33958268
20241106_142522_921412856,0.30007294
20241106_142523_172441022,0.26055476
20241106_142523_670345262,0.21767597
20241106_142523_926917042,0.26383594
20241106_142524_170186082,0.22409241
20241106_142524_424151431,0.20869182
20241106_142524_675106113,0.23198651
20241106_142526_181197897,0.17855732
20241106_142526_425551079,0.08376411
20241106_142526_677311719,0.07492504
20241106_142526_931910175,0.12008885
20241106_142527_672719107,0.13349651
20241106_142528_175786847,0.2273453
20241106_142529_917319560,0.064892866
20241106_142530_173593481,-0.082502924
20241106_142530_420045368,-0.3314661
20241106_142530_669655346,-0.10262831
20241106_142530_926241983,0.06363753
20241106_142531_176116251,0.020442823
20241106_142531_425051969,-0.062098883
20241106_142531_678781140,-0.0022903886
20241106_142532_184149000,-0.06957819
20241106_142532_678693063,0.010498265
20241106_142532_924398253,-0.079944395
20241106_142533_180710576,-0.09420367
20241106_142533_429443413,-0.109232806
20241106_142533_680632228,-0.0997008
20241106_142533_927931583,-0.10419657
20241106_142534_197643140,-0.47330555
20241106_142534_418683789,-0.57067317
20241106_142534_667621182,-0.24675305
20241106_142534_920177306,-0.16964503
20241106_142535_172906706,-0.15964465
20241106_142535_425679865,-0.14103635
20241106_142535_677045635,-0.06531563
20241106_142535_925694170,-0.14619327
20241106_142536_176920740,-0.0025541168
20241106_142536_422244305,-0.36618856
20241106_142537_173805679,-0.11375394
20241106_142537_430905977,-0.027298179
20241106_142537_694404119,-0.05341413
20241106_142538_433913514,0.06292075
20241106_142539_678117046,0.08947728
20241106_142539_924504631,0.07491986
20241106_142541_675570204,-0.0008658208
20241106_142541_921898429,0.04919318
20241106_142542_166932331,-0.06408592
20241106_142542_417660935,-0.0682902
20241106_142542_668782733,-0.19196431
20241106_142543_178422180,-0.11623611
20241106_142543_424815081,-0.09956493
20241106_142543_671803489,-0.06403764
20241106_142543_924284640,-0.064424835
20241106_142544_171573537,-0.094931684
20241106_142544_420806889,-0.06310382
20241106_142544_670479640,-0.16613783
20241106_142545_167089042,-0.12741657
20241106_142545_416240318,-0.2496653
20241106_142545_666047240,-0.15436633
20241106_142545_914116239,-0.1037729
20241106_142546_166930926,-0.0042060222
20241106_142546_420147883,0.09226371
20241106_142546_917701949,0.07558981
20241106_142547_171387124,0.083929755
20241106_142547_417089115,0.07933555
20241106_142547_668383482,0.36211604
20241106_142547_924597761,0.20355727
20241106_142548_416821783,0.14585929
20241106_142549_175903605,0.2015626
20241106_142549_420139236,0.16369615
20241106_142549_670985085,0.0012945328
20241106_142549_928489525,0.0057955775
20241106_142550_177675124,0.047532357
20241106_142550_424243434,0.047217704
20241106_142550_669750107,0.21209882
20241106_142550_925157394,0.11326716
20241106_142551_176639070,0.5634497
20241106_142551_435525894,1.5943894
20241106_142551_681509244,0.9466847
20241106_142551_921501981,0.38944232
20241106_142552_172795845,0.34536165
20241106_142552_424090677,0.32688415
20241106_142553_665051612,0.33127716
20241106_142554_665388195,0.015893916
20241106_142554_918844357,-0.36340368
20241106_142555_177828996,-0.14074944
20241106_142555_423299738,-0.029462954
20241106_142555_675654915,0.0060957465
20241106_142555_914532083,0.062257804
20241106_142556_167275625,0.23714648
20241106_142556_413699511,0.12692605
20241106_142556_668810343,0.13159113
20241106_142556_933977933,0.6530493
20241106_142557_178361215,0.3562403
20241106_142557_422513399,0.27111194
20241106_142557_682681395,0.6008298
20241106_142557_928774523,0.37559098
20241106_142558_174939749,0.873314
20241106_142558_422007608,0.3728678
20241106_142558_675092367,0.25979844
20241106_142558_918707036,0.2287926
20241106_142559_170440465,0.23984377
20241106_142559_417645654,0.32574373
20241106_142559_674200754,1.034931
20241106_142559_921948052,1.104831
20241106_142600_169701405,0.1676458
20241106_142600_425159737,-0.051136635
20241106_142600_677543479,0.019420931
20241106_142600_930247094,-0.5348857
20241106_142601_180726043,-0.43267208
20241106_142601_428696526,-0.11762943
20241106_142601_676949230,-0.121023856
20241106_142601_922139396,-0.13011996
20241106_142602_174801411,-0.17030297
20241106_142602_420321671,0.005195657
20241106_142602_916319517,-0.085032426
20241106_142603_172118851,-0.00033595227
20241106_142603_676873325,0.22854356
20241106_142603_918229357,0.10690228
20241106_142604_166525152,-0.32322305
20241106_142604_415969700,-0.25983262
20241106_142604_664560570,-0.008921726
20241106_142604_921649584,0.12260277
20241106_142605_172745321,0.06494055
20241106_142605_418333170,-0.0029386487
20241106_142606_167428740,-0.046339713
20241106_142606_415064426,0.002243558
20241106_142607_415685923,0.073716916
20241106_142607_664006990,-0.005398413
20241106_142608_166581231,-0.061084233
20241106_142608_423102947,-0.41928542
20241106_142608_685989362,-0.34666258
20241106_142608_940329744,-0.25562242
20241106_142609_179977683,-0.2710589
20241106_142609_671007301,-0.27438375
20241106_142610_171139284,-0.24412264
20241106_142610_421660084,-0.19774283
20241106_142610_669704462,-0.07664784
20241106_142610_915297390,-0.28908983
20241106_142611_168902876,-0.21447523
20241106_142611_668163217,-0.21606623
20241106_142612_165670775,-0.3703494
20241106_142612_417476822,-0.3042569
20241106_142612_666116675,-0.2647917
20241106_142615_180331215,-0.27277336
20241106_142615_423141650,-0.26009658
20241106_142615_674232520,-0.26057318
20241106_142615_919149148,-0.25290218
20241106_142616_416036337,-0.83357733
20241106_142616_665276508,-1.1516608
20241106_142616_925369304,-1.2894164
20241106_142617_182183075,-0.17667545
20241106_142617_430008784,-0.115564846
20241106_142617_681961466,-0.18764
20241106_142618_179550659,-0.19248329
20241106_142618_422606679,-0.1497112
20241106_142618_672544223,-0.10277628
20241106_142618_922339092,-0.112326555
20241106_142619_418173944,-0.1139855
20241106_142619_913009355,-0.20994414
20241106_142620_166715063,-0.30982754
20241106_142620_419797428,-0.3208849
20241106_142620_666942482,-0.8200403
20241106_142620_926825661,-0.23483633
20241106_142621_172365882,-0.09735476
20241106_142621_417129124,-0.22411214
20241106_142621_675785903,-0.43260512
20241106_142621_921813734,-0.36521134
20241106_142622_173693872,-0.35285032
20241106_142622_424081853,-0.35994855
20241106_142622_666295667,-0.21923815
20241106_142622_917761753,-0.3030947
20241106_142623_166182255,-0.33685875
20241106_142623_419819603,-0.23907162
20241106_142623_668484542,-0.00071548857
20241106_142623_921835044,-0.098996274
20241106_142624_167648359,-0.106926285
20241106_142624_668508711,-0.10773262
20241106_142624_916776262,-0.1671405
20241106_142625_165754348,-0.17335881
20241106_142625_417079138,-0.15661462
20241106_142625_663255524,-0.08245685
20241106_142626_165599659,-0.12473514
20241106_142626_424942149,-0.118907414
20241106_142626_672054980,-0.15101577
20241106_142626_918973159,-0.19177933
20241106_142627_166551182,-0.196063
20241106_142627_412290438,-0.3203028
20241106_142627_915453685,-0.16818406
20241106_142628_169546500,-0.28517622
20241106_142628_430311532,-0.3420914
20241106_142628_676813907,-0.12433227
20241106_142628_924750016,0.05240173
20241106_142629_170727466,0.28341186
20241106_142629_425857152,0.12434963
20241106_142629_671575930,0.038921215
20241106_142629_918013642,0.04338444
20241106_142630_667325252,0.1117915
20241106_142630_914649087,0.18827014
20241106_142631_166367640,0.3551876
20241106_142631_416440893,0.84645456
20241106_142631_669727503,0.52051526
20241106_142631_922325767,0.35279694
20241106_142632_171375096,0.27104038
20241106_142632_414584985,0.47029784
20241106_142632_678193600,1.1484221
20241106_142632_926741612,1.4417219
20241106_142633_173627000,1.421043
20241106_142633_417389229,1.4105089
20241106_142633_674472006,1.1016291
20241106_142633_920801942,0.9524952
20241106_142634_189868543,0.8558517
20241106_142634_416615724,0.8697639
20241106_142635_426708606,0.5668525
20241106_142635_681058437,0.29424036
20241106_142636_437667239,0.13101487
20241106_142637_202631326,0.18824185
20241106_142637_446976041,0.14590688
20241106_142638_689878589,0.44984332
20241106_142639_425899576,0.34852228
20241106_142639_674410889,0.26583418
20241106_142641_435513112,0.20254509
20241106_142641_678231447,-0.013434609
20241106_142641_923267845,-0.09667679
20241106_142642_169537164,0.020251134
20241106_142642_424881015,0.008945802
20241106_142642_678729666,-0.005008539
20241106_142642_932144125,0.18224804
20241106_142643_680360118,0.9002895
20241106_142643_933210121,0.4168311
20241106_142644_177423815,0.7381715
20241106_142644_422502317,0.43772277
20241106_142644_670356289,0.2863464
20241106_142644_915810396,0.1964231
20241106_142645_168816765,0.22579657
20241106_142645_420895720,0.12644242
20241106_142645_671048801,0.15250586
20241106_142645_927858030,0.22863556
20241106_142646_181230230,0.16264652
20241106_142646_423200332,0.11889575
20241106_142646_673266095,-0.41810128
20241106_142646_925797225,-0.361731
20241106_142647_176488376,0.07402808
20241106_142647_425881192,-0.05593594
20241106_142647_684947314,-0.0027798023
20241106_142648_172921692,0.073196806
20241106_142648_422685899,-0.02213963
20241106_142648_678847983,-0.016898116
20241106_142648_922462459,0.0021044407
20241106_142649_172130504,-0.08909615
20241106_142649_427137767,-0.07844337
20241106_142649_673686949,-0.0793983
20241106_142650_172221500,0.014219591
20241106_142650_417066536,0.2528848
20241106_142650_674086641,1.5738206
20241106_142650_926780962,1.1415588
20241106_142651_173559672,-1.1076765
20241106_142651_419476478,-0.107536234
20241106_142651_675307681,-0.17106055
20241106_142651_919096926,-0.44269842
20241106_142652_170651572,-0.77555186
20241106_142652_415998207,-0.6269334
20241106_142652_669250481,0.09162996
20241106_142652_921173263,1.1049801
20241106_142653_177402671,0.473372
20241106_142653_416281402,0.5940782
20241106_142653_671102059,0.5273251
20241106_142653_923386041,0.54703313
20241106_142654_423151256,0.4795296
20241106_142654_676962785,-0.7780464
20241106_142654_925879001,-0.31135175
20241106_142655_176185790,0.3050465
20241106_142655_418100561,0.21661319
20241106_142655_670967924,-0.32221538
20241106_142655_920800184,-0.56428075
20241106_142656_168853740,-0.27948567
20241106_142656_918264425,-0.27017155
20241106_142657_672233825,-0.36801985
20241106_142658_170902411,-0.74171996
20241106_142658_428665313,-0.87746114
20241106_142658_675723634,-0.57366586
20241106_142658_924008198,-0.6262938
20241106_142659_175125032,-0.82778054
20241106_142659_426259433,-1.029836
20241106_142659_678992057,0.1123235
20241106_142659_934639641,-0.06305715
20241106_142700_184012617,-1.9217888
20241106_142700_426546194,-0.16029222
20241106_142700_674350341,0.0476825
20241106_142700_933123544,0.5835423
20241106_142701_187344066,0.15902977
20241106_142701_436712221,-0.19592907
20241106_142701_687547804,0.15798502
20241106_142701_937072325,0.063438304
20241106_142702_192365913,0.26600787
20241106_142702_439449999,0.24235164
20241106_142702_689837735,0.15897878
20241106_142702_937922907,0.062202282
20241106_142703_196738504,-0.17753272
20241106_142703_445126199,-0.75116104
20241106_142703_698062477,-0.11683353
20241106_142703_947272289,-0.18801786
20241106_142704_433766187,-0.30193034
20241106_142704_677901413,-0.15104719
20241106_142704_925032644,-0.15542625
20241106_142705_427448680,-0.20465632
20241106_142705_685335116,0.34731537
20241106_142705_929308463,0.12400686
20241106_142706_178245457,0.13733794
20241106_142707_174334230,0.04212127
20241106_142707_431115010,-0.013130745
20241106_142707_676762029,0.0018375311
20241106_142707_925536932,-0.06882911
20241106_142708_174975010,-0.22305562
20241106_142708_430822592,-0.07662531
20241106_142708_671369908,-0.08413043
20241106_142708_925014513,0.022138158
20241106_142709_172683988,-0.017531952
20241106_142709_420646376,-0.09616246
20241106_142709_670071682,-0.08742025
20241106_142710_917491718,-0.062343203
20241106_142711_174218395,-0.13650121
20241106_142711_425925479,-0.09097042
20241106_142711_673396743,-0.08725109
20241106_142712_169547403,0.059757926
20241106_142712_423695767,0.35477147
20241106_142712_668419419,0.04298029
20241106_142713_169964913,0.38141632
20241106_142713_429978611,0.17033409
20241106_142713_678650557,0.17723112
20241106_142713_939439735,0.18605272
20241106_142714_186583066,0.10552228
20241106_142714_434623705,-0.0025342312
20241106_142714_687761317,0.042238213
20241106_142714_933022448,0.045586385
20241106_142715_188197207,0.09462858
20241106_142715_428990343,0.2490424
20241106_142715_682304175,0.20056795
20241106_142716_186540561,0.8296714
20241106_142716_435493691,0.5854292
20241106_142716_682338754,0.6669126
20241106_142717_677252811,0.07084585
20241106_142717_927948863,0.059487678
20241106_142718_186543089,-0.07934149
20241106_142720_191801048,0.05504591
20241106_142721_181679255,0.19810538
20241106_142721_435091591,1.8600413
20241106_142721_692497660,-0.20225348
20241106_142721_946756165,-0.0058569834
20241106_142722_207674756,-0.12751682
20241106_142722_446010586,-0.0729275
20241106_142722_691895110,-0.06982722
20241106_142723_194353081,0.13953692
20241106_142723_439071964,0.24681567
20241106_142723_682244321,0.16456269
20241106_142723_921711636,0.17072515
20241106_142724_171225161,0.051513113
20241106_142724_421487791,-0.02952679
20241106_142724_678165717,-0.09555598
20241106_142725_178540948,-0.3631829
20241106_142725_423002000,-0.29625443
20241106_142725_674598519,0.23615102
20241106_142725_924556808,0.2082153
20241106_142726_185241413,0.31012914
20241106_142726_429483839,0.33689395
20241106_142727_170343570,0.2753329
20241106_142727_919291257,0.23941801
20241106_142728_176082445,0.24105482
20241106_142728_922104726,0.27178833
20241106_142731_179955540,0.060985483
20241106_142731_430864075,-0.26591504
20241106_142731_679772703,-0.9073587
20241106_142731_927059556,-0.33799598
20241106_142732_174781265,0.98661774
20241106_142732_426430612,0.5956657
20241106_142732_668424992,0.54067713
20241106_142732_925646169,0.57860255
20241106_142733_174796940,0.27157107
20241106_142733_436777591,0.23439164
20241106_142733_683003202,0.20758455
20241106_142733_925618354,0.29660478
20241106_142734_215207849,0.16880254
20241106_142734_431129735,0.09036503
20241106_142734_696142523,0.10377435
20241106_142734_936393098,-0.40161964
20241106_142735_191094782,-0.08578261
20241106_142735_445322028,0.06666262
20241106_142735_678326536,-0.0027466323
20241106_142735_925317097,-0.3087078
20241106_142736_176520683,0.023320118
20241106_142736_427058371,0.050274648
20241106_142736_683772002,-0.04552319
20241106_142737_441129792,-0.107473396
20241106_142737_687523829,0.011727134
20241106_142738_191091622,0.09713108
20241106_142739_175506661,0.2697387
20241106_142739_422695553,0.13607301
20241106_142739_674086681,-0.14881198
20241106_142740_177994449,-0.043426566
20241106_142740_425019864,-0.02787151
20241106_142741_422134482,-0.08874335
20241106_142741_673962579,-0.04916247
20241106_142742_668801330,-0.12050893
20241106_142742_917694564,-0.07409587
20241106_142743_167580861,-0.0075046625
20241106_142743_665079055,-0.06008377
20241106_142744_173748797,-0.318411
20241106_142744_417522268,-0.67905456
20241106_142744_672276939,-1.0019217
20241106_142744_917991642,-0.3633561
20241106_142745_176529317,-0.5359002
20241106_142745_431239872,-0.29952312
20241106_142745_926892710,-0.45852008
20241106_142746_191293197,-0.52414364
20241106_142746_436991940,-0.6302369
20241106_142746_693474497,-0.50069857
20241106_142746_935678833,0.69846547
20241106_142747_189718998,0.1326323
20241106_142747_433570467,0.2123984
20241106_142747_694092994,0.2013961
20241106_142747_925989990,-0.08958029
20241106_142748_177018595,0.06922475
20241106_142748_419968626,0.18419985
20241106_142748_668655471,0.18371679
20241106_142748_921176827,0.16839425
20241106_142750_422289860,0.19741966
20241106_142750_668505500,0.0026018415
20241106_142750_915774682,-0.0432735
20241106_142751_169993490,-0.30504543
20241106_142751_424163556,-0.2872931
20241106_142751_679403721,-0.12845369
20241106_142752_178505566,-0.086110406
20241106_142752_688449437,-0.083518706
20241106_142753_172691151,-0.10367676
20241106_142753_432978353,-0.13903673
20241106_142753_686227832,-0.5567535
20241106_142753_935685458,-0.15436433
20241106_142754_191651915,-0.07173022
20241106_142754_451217277,-0.04551553
20241106_142754_703233008,0.052604534
20241106_142754_957732355,-0.15717591
20241106_142755_200807411,-1.5613219
20241106_142755_443391856,0.16725768
20241106_142755_701477587,0.08895751
20241106_142755_943190479,0.29500437
20241106_142756_185533228,0.17524838
20241106_142756_427405592,0.50049394
20241106_142756_679544890,0.34019467
20241106_142756_927049061,0.22393645
20241106_142758_420903040,0.25902197
20241106_142758_674183188,0.0072967205
20241106_142758_928963147,-0.22255154
20241106_142759_178883975,-0.017773828
20241106_142759_427594147,0.12929605
20241106_142759_680927907,0.12501429
20241106_142759_919092185,0.11677054
20241106_142800_189171337,1.155836
20241106_142800_443475668,0.65065426
20241106_142800_696735918,0.40532884
20241106_142800_927925278,0.3121707
20241106_142801_179337173,0.052946635
20241106_142801_429825969,0.12251211
20241106_142801_692545081,0.057446994
20241106_142801_944948524,-0.14361198
20241106_142802_201997783,0.110569336
20241106_142802_440707704,0.103219844
20241106_142802_689879344,0.15935098
20241106_142803_430102618,0.10602925
20241106_142803_683875086,0.033171155
20241106_142803_930693740,-0.62929034
20241106_142804_190984595,-1.6633903
20241106_142804_439725924,-0.31791094
20241106_142804_700716190,0.026781121
20241106_142804_956042768,-0.19054808
20241106_142805_201515963,-0.3459838
20241106_142805_442912133,-0.43956777
20241106_142805_696452738,-0.2957546
20241106_142805_944118529,-0.089192234
20241106_142806_192135443,0.10769249
20241106_142806_441608733,-0.0066708233
20241106_142806_683426026,-0.053663604
20241106_142806_934698198,0.012607852
20241106_142807_194445521,0.08803717
20241106_142807_435361930,-0.028621456
20241106_142807_680053206,0.027606348
20241106_142807_922377218,0.051397093
20241106_142808_186301402,0.09638093
20241106_142808_433660438,0.048455067
20241106_142808_689365014,-0.021383068
20241106_142808_937460042,0.07359842
20241106_142809_183295931,0.03938908
20241106_142809_435424714,0.017606685
20241106_142809_687505513,-0.1362815
20241106_142809_935486050,-0.6276304
20241106_142810_180330238,-1.1022817
20241106_142810_438120621,-1.1922034
20241106_142810_681864428,-1.2768539
20241106_142810_920129049,-0.7049364
20241106_142811_177552994,-0.52414787
20241106_142811_419392734,-0.4839073
20241106_142811_682135615,-0.4682391
20241106_142811_928984618,-0.6066406
20241106_142812_184944044,-0.6831342
20241106_142812_425869572,-0.5671247
20241106_142812_684483251,-0.3641834
20241106_142813_675624203,-0.37012306
20241106_142813_921583122,-0.31294683
20241106_142814_170163871,-0.37240914
20241106_142815_173128322,-0.32028893
20241106_142815_419979034,-0.39433923
20241106_142815_665813651,-0.30898443
20241106_142815_915612793,-0.26138744
20241106_142816_179261812,-0.3198339
20241106_142816_429357299,0.0014037583
20241106_142816_670064849,0.023350133
20241106_142816_918651028,-0.085637145
20241106_142817_167700965,-0.17511784
20241106_142817_415101224,-0.27938464
20241106_142817_667421437,-0.31824264
20241106_142817_917518721,-0.39781466
20241106_142818_169233645,-0.8845058
20241106_142818_432635566,-0.5165032
20241106_142818_674613168,0.20355706
20241106_142818_916061646,0.56667113
20241106_142819_175403182,0.22019273
20241106_142819_426552606,0.29230317
20241106_142819_671568505,0.30541041
20241106_142819_918811905,0.29463035
20241106_142820_167820643,0.43440726
20241106_142820_669525611,0.5156498
20241106_142820_912733843,0.5439185
20241106_142821_165941301,0.3553082
20241106_142821_417995457,0.13883717
20241106_142821_665861981,0.0660324
20241106_142821_918547100,0.009261923
20241106_142822_171690162,-0.008659642
20241106_142822_425384961,-0.024090424
20241106_142822_673929686,-0.062156193
20241106_142823_166338171,0.038439825
20241106_142823_417109857,0.12829906
20241106_142823_670554265,-0.48275506
20241106_142823_921083131,0.22862475
20241106_142824_168365445,0.1835235
20241106_142824_413944127,0.10100032
20241106_142824_663689096,0.027986238
20241106_142824_918030315,0.26297358
20241106_142825_173401002,0.1788089
20241106_142825_427090673,0.09428426
20241106_142825_679895997,0.09417863
20241106_142825_932304644,0.13608834
20241106_142826_172224728,0.13244109
20241106_142826_419666648,0.15818653
20241106_142826_676633473,0.17786773
20241106_142826_921014708,0.18744732
20241106_142827_168731278,0.19435969
20241106_142827_427280233,0.1784059
20241106_142828_173516542,0.06669543
20241106_142828_422889568,-0.016926141
20241106_142828_674036787,-1.9383825
20241106_142828_921899942,-1.4814488
20241106_142829_174044538,-1.9427637
20241106_142829_418743343,0.11473099
20241106_142829_672783488,-0.670649
20241106_142829_926395596,-0.38113347
20241106_142830_173596380,0.11926506
20241106_142830_421286726,-0.6520102
20241106_142830_669635041,-0.28144372
20241106_142830_921994049,-0.39674976
20241106_142831_184420271,0.9295817
20241106_142831_434719133,-0.23958685
20241106_142831_678139038,-0.84952825
20241106_142831_922640346,-0.54443437
20241106_142832_182721040,-0.24024086
20241106_142832_420141829,-0.00938799
20241106_142832_670878835,-0.38931143
20241106_142832_916403164,0.40583944
20241106_142833_169407570,0.09332589
20241106_142833_418756738,0.005814472
20241106_142834_182338960,0.6278603
20241106_142834_666966071,0.36861086
20241106_142834_918121988,0.21177654
20241106_142835_172271020,0.1476764
20241106_142835_416525026,0.009521345
20241106_142835_674970282,0.3948317
20241106_142835_925589965,0.007881889
20241106_142836_180314466,0.28886098
20241106_142836_428654889,-0.073160484
20241106_142836_685209800,0.18085825
20241106_142836_934620623,-0.336651
20241106_142837_184056972,-0.39202076
20241106_142837_440140093,-0.4958053
20241106_142837_680315430,-0.19763662
20241106_142838_182807287,-0.16901024
20241106_142838_439669172,0.2974216
20241106_142838_685705904,0.86295694
20241106_142838_935836757,2.2562966
20241106_142839_195951794,-0.68758243
20241106_142839_426931113,-0.64896196
20241106_142839_682489315,-0.2925029
20241106_142839_924649619,-0.30461922
20241106_142840_175875758,-0.38818666
20241106_142840_673535891,-0.30574334
20241106_142840_921157468,0.19413972
20241106_142841_183850576,0.29526034
20241106_142841_435573518,0.1853431
20241106_142841_672581219,0.10768274
20241106_142841_921964478,0.22421171
20241106_142842_170155301,0.63019484
20241106_142842_423687007,0.79113674
20241106_142842_683985061,0.51864487
20241106_142842_921998864,0.31945026
20241106_142843_171029664,0.3787478
20241106_142843_419093410,-0.32668087
20241106_142843_674130515,-1.0299859
20241106_142843_921929915,0.7222785
20241106_142844_176683703,1.1486164
20241106_142844_417271758,-0.7051973
20241106_142844_675353409,-0.7140532
20241106_142844_922978955,-0.8273596
20241106_142846_166929739,-0.34217587
20241106_142846_414376468,0.23084764
20241106_142846_673575580,0.08248411
20241106_142846_924651142,-0.15825436
20241106_142847_179144328,0.3598562
20241106_142847_431550657,0.36456436
20241106_142847_688178976,0.377465
20241106_142847_927719518,0.7434309
20241106_142848_684871412,0.3641169
20241106_142848_929858050,0.31627053
20241106_142849_183950659,-0.018668553
20241106_142849_429826310,0.08929644
20241106_142849_676019444,0.11758641
20241106_142849_916384365,-0.09904995
20241106_142850_425470299,-0.17975797
20241106_142850_670247772,0.08107493
20241106_142851_169761678,0.015645185
20241106_142851_925296091,-0.14125104
20241106_142852_173227589,-0.33905303
20241106_142852_420176581,-0.28523675
20241106_142852_677513007,-0.61782545
20241106_142852_928175523,-0.5323966
20241106_142853_171893927,-0.33548042
20241106_142853_425672301,-0.32421067
20241106_142853_680355077,-0.44187436
20241106_142854_170732264,-0.3299609
20241106_142854_665921298,0.18128847
20241106_142854_918128667,0.2423004
20241106_142855_167973236,0.27155414
20241106_142855_415418110,0.29834086
20241106_142855_668046394,0.16922773
20241106_142855_919221320,-0.07347383
20241106_142856_167240151,-0.22720666
20241106_142856_414455019,-0.5660216
20241106_142856_663967639,-0.4379584
20241106_142856_917467367,-0.4456124
20241106_142857_178003705,-0.3381776
20241106_142857_680635193,-0.261515
20241106_142857_925870315,-0.2545673
20241106_142858_182073898,-0.23153724
20241106_142858_434904032,-0.068274006
20241106_142858_686713370,0.09893053
20241106_142858_933132746,0.5223906
20241106_142859_178003437,-0.24696688
20241106_142859_426129779,-0.12918761
20241106_142859_685218840,-0.37448463
20241106_142859_925631285,-0.4935631
20241106_142900_173852560,-0.45855954
20241106_142900_419113371,-0.35788277
20241106_142900_674372340,-0.38069034
20241106_142900_921167339,-1.768288
20241106_142901_174403632,-0.5169228
20241106_142901_423550691,0.48290512
20241106_142901_676070327,1.3551189
20241106_142901_924577909,-0.7253227
20241106_142902_169886315,-0.56974715
20241106_142902_423775896,-0.9340543
20241106_142902_681641931,0.8089915
20241106_142902_933411362,0.40649223
20241106_142903_188575093,0.21142855
20241106_142903_437062174,-0.13054247
20241106_142903_692243763,-0.15657513
20241106_142903_936828931,-0.19827838
20241106_142904_183062450,-0.7588257
20241106_142904_435754806,-1.5282912
20241106_142904_688092339,-1.6682178
20241106_142904_935405257,0.5739223
20241106_142905_193250206,0.92800814
20241106_142905_442675446,0.44074222
20241106_142905_684186252,-0.0022618975
20241106_142905_930487217,0.024971703
20241106_142906_189288759,-0.07104384
20241106_142906_436543069,-0.3575941
20241106_142906_690665809,-0.59354126
20241106_142906_939457390,-0.53237695
20241106_142907_181966217,-1.5587319
20241106_142907_435211579,0.7282234
20241106_142907_682245391,0.32251844
20241106_142907_927524185,0.43462154
20241106_142908_200001507,0.013816634
20241106_142908_446096802,-0.1757458
20241106_142908_690177678,-0.06655105
20241106_142908_932541745,-0.39314368
20241106_142909_183744684,-0.4754162
20241106_142909_422361716,-0.55765116
20241106_142909_669399151,-0.84547967
20241106_142909_926511842,-0.3822009
20241106_142910_185096748,0.011963764
20241106_142910_426522795,-0.028354546
20241106_142910_690683832,0.18284307
20241106_142910_935789131,-0.7303238
20241106_142911_175204299,0.74593556
20241106_142911_418193313,0.7027717
20241106_142911_670308647,0.40836737
20241106_142911_919879134,0.17437224
20241106_142912_181058361,0.0999702
20241106_142912_434644688,0.17039768
20241106_142912_678769974,1.04801
20241106_142912_918008403,1.9754578
20241106_142913_174249775,-0.105535515
20241106_142913_419883494,-0.35466188
20241106_142913_669816045,0.895133
20241106_142913_914796870,-0.7237987
20241106_142914_165888139,-0.9083058
20241106_142914_417427767,-0.5086397
20241106_142914_665949032,-0.53259903
20241106_142914_911442592,-1.1013461
20241106_142915_166471028,-0.5830929
20241106_142915_422949210,-0.3484619
20241106_142915_670313152,-0.123946995
20241106_142915_921938152,-0.5136145
20241106_142916_170795487,-1.2201562
20241106_142916_421707664,-0.23125388
20241106_142916_673240122,-0.090849474
20241106_142916_923957277,-0.23918761
20241106_142917_173350697,0.039097227
20241106_142917_414474362,0.22701107
20241106_142917_667005111,0.13276367
20241106_142917_922036914,0.1866244
20241106_142918_922308611,0.17467009
20241106_142919_165463194,0.1766829
20241106_142919_663041356,-0.07743617
20241106_142919_909680501,-0.07641121
20241106_142920_165661421,-0.53813356
20241106_142920_415581968,-0.8423657
20241106_142920_674625451,-0.4577529
20241106_142920_923451086,-0.05537709
20241106_142921_181234148,-0.10138098
20241106_142921_425773432,-0.18352886
20241106_142921_672996459,0.45472047
20241106_142921_925263032,1.3600484
20241106_142922_171218349,-0.028455848
20241106_142922_418368172,0.208656
20241106_142922_673443032,0.18514949
20241106_142922_919571079,1.498321
20241106_142923_169594040,0.069091804
20241106_142923_415325324,-1.465572
20241106_142923_673690873,1.0511881
20241106_142923_927794423,0.5107749
20241106_142924_172418025,0.7227072
20241106_142924_417453115,0.41961762
20241106_142924_665799069,0.65292853
20241106_142925_173188020,0.20921235
20241106_142925_428957969,-0.09899976
20241106_142925_688048067,-0.23799874
20241106_142925_928273517,-0.07123058
20241106_142926_175524651,0.23555915
20241106_142926_429532166,0.3387238
20241106_142926_675349126,0.8233326
20241106_142926_922895371,0.95953786
20241106_142927_166183724,0.3896888
20241106_142927_410102523,0.39937848
20241106_142927_662153055,0.31651926
20241106_142927_908958384,0.23804705
20241106_142928_168557925,0.32952693
20241106_142928_421430902,0.8641753
20241106_142928_674382673,0.056740858
20241106_142928_924333392,-0.0052230563
20241106_142929_167015932,0.11658857
20241106_142929_417524386,0.10137013
20241106_142929_669430525,-0.006783506
20241106_142929_917775529,0.17675231
20241106_142930_412553918,0.17228125
20241106_142930_677465973,0.48094848
20241106_142930_927323737,0.7920767
20241106_142931_178927070,0.07725594
20241106_142931_418680362,-0.1141369
20241106_142931_672570573,-0.05035963
20241106_142931_932816415,-1.6254677
20241106_142932_182294779,0.60799104
20241106_142932_421891941,0.44270602
20241106_142932_672547265,0.2767516
20241106_142932_923985292,0.051116623
20241106_142933_186680740,-0.066542946
20241106_142933_423380614,-0.674377
20241106_142933_677341289,-0.71491593
20241106_142933_921994474,-0.6691909
20241106_142934_193524794,-0.28048643
20241106_142934_424436704,-0.2082298
20241106_142934_677773484,-0.5974789
20241106_142934_931633445,-0.08418288
20241106_142935_180953409,-0.2205372
20241106_142935_671013964,-0.3980625
20241106_142935_919909401,-0.42990723
20241106_142936_170419173,-0.3498624
20241106_142936_425734237,-0.2908518
20241106_142936_676908706,-0.55348283
20241106_142936_931327660,-0.09566478
20241106_142937_175039158,0.7507398
20241106_142937_431604430,-0.76647943
20241106_142937_683153800,-0.2765643
20241106_142937_922716063,-0.26176068
20241106_142938_171865905,-0.44564575
20241106_142938_429835000,-0.94506764
20241106_142938_680852483,0.04867039
20241106_142938_918374823,0.6267813
20241106_142939_175323537,0.15099458
20241106_142939_425744926,0.2950577
20241106_142939_677657830,-0.45147166
20241106_142939_925848290,-0.39414662
20241106_142940_178259833,-0.7627702
20241106_142940_426427481,-0.7903418
20241106_142940_678418649,-0.5997785
20241106_142940_921901690,-0.640018
20241106_142941_176565455,-0.41302153
20241106_142941_425670227,-0.33819517
20241106_142941_677233076,-0.40198326
20241106_142941_929190049,-0.40537605
20241106_142942_180799677,-0.36477897
20241106_142942_446979618,-0.29853266
20241106_142942_688302882,-0.3141605
20241106_142942_936890994,-0.52349305
20241106_142943_182131129,-0.563085
20241106_142943_429511091,-0.45886573
20241106_142943_682569235,-0.46229917
20241106_142943_917736968,-0.5209768
20241106_142944_172700027,-0.32391912
20241106_142944_432845262,-0.016190642
20241106_142944_673583440,-0.085190676
20241106_142944_929749564,-0.12822862
20241106_142945_174980960,-0.21778806
20241106_142945_427241913,-0.11140325
20241106_142945_679743568,-0.0884883
20241106_142945_924398544,-0.06810089
20241106_142946_166191246,-0.07260882
20241106_142946_422144872,-0.05683463
20241106_142946_667051201,-0.26530603
20241106_142947_159300550,-0.20315374
20241106_142947_676857494,-0.320548
20241106_142947_921125883,-0.21923925
20241106_142948_172447264,-0.2073868
20241106_142948_427684374,-0.1756071
20241106_142948_680801821,-0.15192668
20241106_142948_921495250,-0.15730499
20241106_142949_165486375,-0.140148
20241106_142949_416324009,-0.1507755
20241106_142949_676348610,-0.16244905
20241106_142949_915476704,-0.17415462
20241106_142950_162883964,0.55819136
20241106_142950_416878186,1.1429677
20241106_142950_675052195,0.44716096
20241106_142950_932226080,-0.14368472
20241106_142951_179377483,0.04206524
20241106_142951_424746160,-0.17910339
20241106_142951_674134184,-0.31418794
20241106_142951_915362018,-0.5380691
20241106_142952_165745939,-0.45103845
20241106_142952_417411372,-0.5407854
20241106_142952_667167743,-0.34947303
20241106_142952_917636191,-0.36046243
20241106_142953_166328290,0.5691838
20241106_142953_413611770,-0.17376974
20241106_142953_664373205,0.20745657
20241106_142953_918704413,0.6375883
20241106_142954_164318605,0.19870979
20241106_142954_411604206,-0.24589059
20241106_142954_666701935,-0.6387374
20241106_142954_914118983,-0.4165681
20241106_142955_167009450,-0.3768045
20241106_142955_411624466,-0.25346342
20241106_142955_660251596,-0.103927515
20241106_142955_914318460,-0.46725816
20241106_142956_171480714,-0.44742027
20241106_142956_414241392,-0.47374803
20241106_142956_677021929,-0.4657567
20241106_142956_917097148,-0.4124678
20241106_142957_166114223,-0.6635438
20241106_142957_413698610,-0.2278723
20241106_142957_664388939,0.35094246
20241106_142957_914149467,0.90532076
20241106_142958_169477192,0.9270489
20241106_142958_417648397,0.3435704
20241106_142958_672731033,1.1356145
20241106_142958_928183144,0.9162231
20241106_142959_183744362,0.27276796
20241106_142959_441121870,1.0519949
20241106_142959_695339991,0.54023296
20241106_142959_938462880,-0.09513541
20241106_143000_193697773,0.12162373
20241106_143000_435931524,0.14889869
20241106_143000_697051270,1.6902124
20241106_143000_949917950,0.2256278
20241106_143001_201302409,0.3461118
20241106_143001_439611816,0.14864905
20241106_143001_686580980,0.43171993
20241106_143001_928003443,-0.41642618
20241106_143002_180470584,-0.72526103
20241106_143002_437212277,-0.50404763
20241106_143002_704138907,-0.40383685
20241106_143002_942029950,-1.1525658
20241106_143003_197657972,-1.0772864
20241106_143003_451566021,-1.3528017
20241106_143003_691859688,0.29076114
20241106_143003_947418324,0.36843276
20241106_143004_202398180,-0.3598654
20241106_143004_442339970,0.39062598
20241106_143004_682872192,0.26661026
20241106_143004_928256318,0.13469471
20241106_143005_436544135,-0.019324472
20241106_143005_688678938,-0.2081591
20241106_143005_931094380,-0.8461481
20241106_143006_191796169,-1.9073738
20241106_143006_441913626,-2.788045
20241106_143006_692904340,-0.112337254
20241106_143006_951607206,0.012700329
20241106_143007_198101675,-0.99344736
20241106_143007_444805551,-0.7454792
20241106_143007_684658825,0.5820709
20241106_143007_929843261,-0.4138416
20241106_143008_183377923,0.2863482
20241106_143008_426850099,0.758303
20241106_143008_672944814,0.20773171
20241106_143008_930207673,0.28592804
20241106_143009_175184278,0.1351855
20241106_143009_420506292,0.21648027
20241106_143009_670129953,0.20573787
20241106_143009_922531279,0.22100763
20241106_143010_170001444,0.26250553
20241106_143010_425762045,1.0608982
20241106_143010_671301577,0.11436794
20241106_143010_923866637,-0.06584696
20241106_143011_175798647,0.029311849
20241106_143011_413405824,-0.22683103
20241106_143011_929415828,-0.27273062
20241106_143012_173779520,0.045683734
20241106_143012_420224956,0.9941992
20241106_143012_682000276,0.93009543
20241106_143012_931765750,-0.36745733
20241106_143013_176561101,-0.45603958
20241106_143013_917776145,-0.55827683
20241106_143014_176953928,0.3865362
20241106_143014_430327952,0.28042385
20241106_143014_683353214,0.389533
20241106_143014_929843591,0.376728
20241106_143015_178043771,-0.19896503
20241106_143015_426327072,-0.25448856
20241106_143015_683789235,-0.09805148
20241106_143015_922384325,-0.045046173
20241106_143016_166887175,-0.06655725
20241106_143016_414156924,0.036213197
20241106_143016_668524040,-0.07755595
20241106_143016_920028165,-0.052336834
20241106_143017_184733938,0.0038596187
20241106_143017_435739803,0.8930096
20241106_143017_679444943,1.1349716
20241106_143017_934035594,-0.63820064
20241106_143018_184014963,-0.15055162
20241106_143018_430000908,-0.046516933
20241106_143018_672893071,-0.03651794
20241106_143018_918357829,0.10564885
20241106_143019_168785680,-0.11067369
20241106_143019_417179435,-0.098794065
20241106_143019_666402410,-0.057425223
20241106_143019_912606714,0.42695934
20241106_143020_168976756,-0.66206646
20241106_143020_416893585,-0.19396792
20241106_143020_669663309,-1.0367337
20241106_143020_919693086,-0.4812314
20241106_143021_172870784,-0.9782479
20241106_143021_420642172,-1.0730829
20241106_143021_672890565,0.307587
20241106_143021_924955763,0.5823846
20241106_143022_176303624,0.5379453
20241106_143022_419783929,0.45727152
20241106_143022_670902901,0.33209795
20241106_143023_420053421,0.22833334
20241106_143023_664514797,0.10069091
20241106_143023_921060111,0.059945025
20241106_143024_173413916,0.18863203
20241106_143024_423955386,0.18912588
20241106_143024_670685863,0.12869303
20241106_143024_920486515,0.15539609
20241106_143025_427690379,0.1522411
20241106_143025_677712761,0.11558435
20241106_143026_174464022,0.16676979
20241106_143026_422804914,-0.07503887
20241106_143026_677067814,-0.011808118
20241106_143026_924258187,0.062403895
20241106_143027_180572856,0.20102546
20241106_143027_424556756,0.17380379
20241106_143027_679931507,0.1710615
20241106_143027_922471041,0.30016276
20241106_143028_175518814,0.2865561
20241106_143028_418826684,0.07049743
20241106_143028_669946698,0.12752299
20241106_143028_926143208,0.15622021
20241106_143029_171919845,0.23200683
20241106_143029_416059673,0.23482685
20241106_143029_674614863,0.27438077
20241106_143029_920469793,0.30320588
20241106_143030_168263938,0.13665603
20241106_143030_417266329,0.19701342
20241106_143030_680238924,0.13597308
20241106_143030_933375685,-0.97947735
20241106_143031_185377250,0.4468727
20241106_143031_442114656,-0.15097807
20241106_143031_693874212,-0.16591446
20241106_143031_934756284,-0.11032071
20241106_143032_187746589,-0.024061998
20241106_143032_433967198,0.09494785
20241106_143032_678449084,-0.014620086
20241106_143032_931809118,-0.16234262
20241106_143033_180846990,-0.15404983
20241106_143033_417750354,-0.11541095
20241106_143033_670115047,-0.08613511
20241106_143033_920279668,-0.32154027
20241106_143034_197525795,-0.1909497
20241106_143034_428969580,-0.15878768
20241106_143034_679168167,-0.13708694
20241106_143035_165078964,-1.8758556
20241106_143035_423044881,0.6933087
20241106_143035_667018986,0.5845657
20241106_143035_913311010,0.44326654
20241106_143036_172647091,0.33887455
20241106_143036_674663321,0.38759214
20241106_143036_918306371,0.013343612
20241106_143037_173245317,-0.606456
20241106_143037_425271037,-1.6796404
20241106_143037_685672753,-0.7458077
20241106_143037_919331394,-0.3674607
20241106_143038_172817626,-0.13740702
20241106_143038_419647176,-0.109941565
20241106_143038_668710216,-0.05836346
20241106_143038_916890189,-0.4506558
20241106_143039_162688594,-0.41981277
20241106_143039_410607081,0.9168847
20241106_143039_662784486,0.15275757
20241106_143039_911448768,-0.035414957
20241106_143040_168672940,0.18062066
20241106_143040_416072882,0.06994621
20241106_143040_664320822,0.08322627
20241106_143040_916655715,0.05413226
20241106_143041_172204269,0.04236392
20241106_143041_418629027,-0.553125
20241106_143041_675421494,0.048657395
20241106_143041_924017515,-0.3685988
20241106_143042_185171832,-0.11117961
20241106_143042_424109146,-0.1098898
20241106_143042_670445319,-0.22077866
20241106_143042_917137053,-0.3955003
20241106_143043_166209826,-0.07684725
20241106_143043_662855772,-0.115123354
20241106_143044_161178919,-0.092804275
20241106_143044_417617020,-0.064325176
20241106_143044_923246234,-0.0725325
20241106_143045_169926705,0.014183471
20241106_143045_422640332,-0.026936611
20241106_143045_920589455,-0.19275673
20241106_143046_177102241,-0.23797561
20241106_143046_429882088,-0.69955784
20241106_143046_684929734,-0.566328
20241106_143046_931593472,-0.21931781
20241106_143047_185404356,-0.13272868
20241106_143047_433514105,0.009642759
20241106_143047_686657176,-0.52702945
20241106_143047_932700224,-0.3522133
20241106_143048_178788611,-0.34290284
20241106_143048_685596921,-1.7746155
20241106_143048_930781852,0.05893121
20241106_143049_178810022,-0.55399585
20241106_143049_425644607,-0.44950274
20241106_143049_675003230,-0.52290606
20241106_143049_929116317,-0.39921698
20241106_143050_173863768,-0.30611524
20241106_143050_428072919,-0.79183656
20241106_143050_682365598,1.0064751
20241106_143050_922559987,-0.29095238
20241106_143051_184043066,-0.38816097
20241106_143051_434870080,-0.5380749
20241106_143051_684713514,-0.24395032
20241106_143051_922542934,-0.15287139
20241106_143052_169325286,-0.13193657
20241106_143052_418716996,0.15067302
20241106_143052_666441879,-0.04646858
20241106_143052_916153555,-0.109862946
20241106_143053_669044868,-0.12545897
20241106_143053_917933981,-0.19337274
20241106_143054_166988572,-0.03392764
20241106_143054_418534236,0.31124407
20241106_143054_667306307,0.4426342
20241106_143054_913979581,-0.4750007
20241106_143055_165163313,-0.3117999
20241106_143055_415418140,-0.48252618
20241106_143055_666778398,-0.59988624
20241106_143055_917752502,0.7209805
20241106_143056_168563060,-0.5241422
20241106_143056_417443234,0.03087453
20241106_143056_665528505,-0.034336172
20241106_143056_912207048,0.02017502
20241106_143057_168880731,0.012730757
20241106_143057_410832104,0.047918417
20241106_143057_665611839,-0.031701587
20241106_143057_912672346,0.014787832
20241106_143058_164380183,-0.011508903
20241106_143058_425215797,0.17743362
20241106_143058_666656811,0.16778962
20241106_143058_915023442,0.30927068
20241106_143059_174634816,-0.3693209
20241106_143059_427431064,-0.32097578
20241106_143059_679469420,-0.24262513
20241106_143059_922800996,-0.3961849
20241106_143100_187451410,-0.49944696
20241106_143100_423019458,-1.1198766
20241106_143100_677116558,-0.8243481
20241106_143100_927446154,-0.7292677
20241106_143101_192089879,-1.625749
20241106_143101_443235579,0.52141553
20241106_143101_698209867,0.18606488
20241106_143101_938525782,0.36059013
20241106_143102_189640630,-0.13207047
20241106_143102_430559873,0.036296286
20241106_143102_681151308,-0.090088926
20241106_143102_917172586,-0.18310364
20241106_143103_185788909,-0.32554737
20241106_143103_437325930,0.019277135
20241106_143103_690219368,0.26855448
20241106_143103_933900600,-0.019880971
20241106_143104_181570820,-0.6313741
20241106_143104_431874663,-0.5642681
20241106_143104_685113521,0.14856966
20241106_143104_930031214,0.5662917
20241106_143105_174628405,1.4856261
20241106_143105_423734012,-0.5857354
20241106_143105_675698435,0.017467396
20241106_143105_917716707,0.048030168
20241106_143106_163097195,-0.064299725
20241106_143106_417457135,-0.098871045
20241106_143106_668464098,-0.17142247
20241106_143106_923380492,-1.0424176
20241106_143107_173493421,0.6077013
20241106_143107_425580616,1.1444628
20241106_143107_675211209,0.4387603
20241106_143107_919042581,0.312362
20241106_143108_168929991,0.35791576
20241106_143108_417208415,0.24522148
20241106_143108_666680107,-0.36798364
20241106_143108_922584411,-0.98243994
20241106_143109_174871925,0.39406344
20241106_143109_423949088,0.46933907
20241106_143109_674573460,1.1991808
20241106_143109_915312690,0.27878985
20241106_143110_163408053,0.2006654
20241106_143110_413219190,0.3609549
20241106_143110_662122284,-0.13341697
20241106_143110_914409537,-0.0827797
20241106_143111_161034011,-0.9726763
20241106_143111_417655848,0.41788042
20241106_143111_681964210,-0.5607105
20241106_143111_929490650,-0.21120556
20241106_143112_174732918,-0.0945039
20241106_143112_424655489,0.07220131
20241106_143112_668675416,0.034149118
20241106_143112_922746738,0.024771431
20241106_143113_175221145,0.024488727
20241106_143113_420769496,-0.2023301
20241106_143113_672966157,0.40634122
20241106_143113_919467087,-0.31945482
20241106_143114_179411248,-0.56808764
20241106_143114_425349603,-0.3026347
20241106_143114_668304191,-0.50125915
20241106_143114_920832016,0.7227459
20241106_143115_179443120,0.8871053
20241106_143115_422525859,0.62032765
20241106_143115_670793557,0.39496118
20241106_143115_916316591,0.3518573
20241106_143116_163634679,0.88023955
20241106_143116_409757688,1.2136335
20241106_143116_664823423,-0.45674282
20241106_143116_916612617,-0.7206131
20241106_143117_164711871,-0.6501228
20241106_143117_410541817,-0.5724434
20241106_143117_660950842,-0.55588394
20241106_143117_908576668,-0.44294772
20241106_143118_168570671,-0.53662306
20241106_143118_413377283,-0.4969066
20241106_143118_668497703,-0.8291463
20241106_143118_920909843,-0.6879837
20241106_143119_167867943,-0.7569433
20241106_143119_414571453,-0.4869516
20241106_143119_665869491,-0.44460598
20241106_143119_912173485,-0.4168741
20241106_143120_161210101,-0.6849029
20241106_143120_418336862,0.74376523
20241106_143120_679583401,0.36754224
20241106_143120_927075832,-0.79035413
20241106_143121_188261720,0.78059727
20241106_143121_425800122,-0.42248276
20241106_143121_676807887,-0.790968
20241106_143121_936597110,-0.8069798
20241106_143122_179700940,-0.18063731
20241106_143122_417059821,1.143829
20241106_143122_665660941,-0.44643843
20241106_143122_914607383,-0.4525517
20241106_143123_172428774,-0.045033902
20241106_143123_412105614,-0.27112433
20241106_143123_669357291,-0.050397307
20241106_143123_914903436,0.26432636
20241106_143124_170221199,0.29054078
20241106_143124_413196124,0.5539195
20241106_143124_663897412,1.8955505
20241106_143124_916996345,0.012939157
20241106_143125_167665305,0.19196586
20241106_143125_419902236,0.2820609
20241106_143125_671378083,0.535766
20241106_143125_916951536,0.484924
20241106_143126_167045816,0.04552257
20241106_143126_415587904,-0.38838112
20241106_143126_670082112,-0.43610883
20241106_143126_916716049,-0.070991494
20241106_143127_170997962,0.76838624
20241106_143127_412609659,1.2704215
20241106_143127_672130046,-0.22190706
20241106_143127_915791628,0.21979202
20241106_143128_171916043,-0.25990632
20241106_143128_426125207,0.14561091
20241106_143128_671941530,0.45087162
20241106_143128_914670429,0.32737347
20241106_143129_172448663,-0.4187325
20241106_143129_418238384,0.19583373
20241106_143129_669139938,0.18754086
20241106_143129_914655878,0.32230052
20241106_143130_184296306,0.5935314
20241106_143130_416796167,1.8080393
20241106_143130_675324692,-0.06477714
20241106_143130_918436800,0.45818937
20241106_143131_168984284,-0.05343517
20241106_143131_428280655,0.23927967
20241106_143131_681340988,0.19802193
20241106_143131_930512739,0.26681933
20241106_143132_172187264,0.043592073
20241106_143132_411253531,-0.027991613
20241106_143132_666184105,0.015911737
20241106_143132_922307491,0.08471922
20241106_143133_175148010,0.7865937
20241106_143133_419620026,0.5941517
20241106_143133_666967531,0.23744448
20241106_143133_933625646,0.7912239
20241106_143134_205012250,0.5928124
20241106_143134_426893665,0.36069077
20241106_143134_911516173,0.786331
20241106_143135_160795377,0.52530974
20241106_143135_414244479,0.42824706
20241106_143135_672499711,1.686728
20241106_143135_928844839,-0.2102304
20241106_143136_175356358,-0.2143098
20241106_143136_425842308,-0.14137599
20241106_143136_679660756,0.41214907
20241106_143136_921825867,0.2214189
20241106_143137_168523878,0.015897037
20241106_143137_417685827,-0.030509133
20241106_143137_670539962,-0.04423549
20241106_143137_914295309,-0.19177116
20241106_143138_176171549,-0.08818903
20241106_143138_670587371,0.13364033
20241106_143138_914356203,-0.42588323
20241106_143139_169503100,-0.66712534
20241106_143139_416671421,-0.79644364
20241106_143139_675911876,0.14821438
20241106_143139_925577806,-0.51596105
20241106_143140_171193683,-0.15381278
20241106_143140_417821528,-0.1552967
20241106_143140_669254038,-0.034571253
20241106_143140_921797472,-0.14616339
20241106_143141_414305243,-0.43508422
20241106_143141_669723956,0.9702332
20241106_143141_937556280,-0.9786577
20241106_143142_178348295,0.46182865
20241106_143142_422112212,0.24021251
20241106_143142_663258722,0.12728922
20241106_143142_914396272,-0.06872883
20241106_143143_166884339,0.07579885
20241106_143143_410044428,-0.21951719
20241106_143143_665887750,-0.17142181
20241106_143143_913823864,-0.5510672
20241106_143144_164073031,-0.18476035
20241106_143144_415266217,-0.1789252
20241106_143144_665906809,-1.4062175
20241106_143144_920200578,0.987132
20241106_143145_174049293,0.5246879
20241106_143145_430963449,0.02589337
20241106_143145_675083258,0.21836148
20241106_143145_921759876,0.2819601
20241106_143146_173561994,-0.1800446
20241106_143146_414335958,-0.45852795
20241106_143146_668531720,-0.058010958
20241106_143146_913004122,-0.58226675
20241106_143147_166715147,-1.6088386
20241106_143147_417903582,-1.7543602
20241106_143147_669298862,-0.73813784
20241106_143147_915024271,-0.6850947
20241106_143148_172736316,-0.41032425
20241106_143148_418214566,-0.37207648
20241106_143148_662874480,-1.0408747
20241106_143148_912852059,-2.2742453
20241106_143149_169699815,-1.4819659
20241106_143149_416082812,-0.4684625
20241106_143149_670618480,-0.43170178
20241106_143149_920637324,-0.41865143
20241106_143150_162929870,-0.37250566
20241106_143150_416135616,-0.7074497
20241106_143150_664145513,-1.1481925
20241106_143150_920352102,-0.25467226
20241106_143151_173222377,-0.62179226
20241106_143151_419563420,-0.029832164
20241106_143151_673556661,0.4001604
20241106_143151_917866580,0.9578793
20241106_143152_172142540,0.08293567
20241106_143152_418150509,0.20255224
20241106_143152_671783707,0.19692855
20241106_143152_926833571,0.28874996
20241106_143153_172661345,-0.03211095
20241106_143153_412177885,0.01525859
20241106_143153_921732382,-0.1619925
20241106_143154_174248361,-0.51931566
20241106_143154_416111272,-1.9996923
20241106_143154_672716752,0.9301551
20241106_143154_920191454,1.3134714
20241106_143155_174925061,-0.17143247
20241106_143155_433808477,-0.9136035
20241106_143155_671861883,0.038717665
20241106_143155_916857338,0.007713748
20241106_143156_166610378,-0.8994865
20241106_143156_408230359,-0.09185476
20241106_143156_663331224,-0.6625637
20241106_143156_920994421,-1.0092976
20241106_143157_166012178,-0.16382541
20241106_143157_418048627,-0.22788931
20241106_143157_663144461,-0.93021864
20241106_143157_910428108,-0.5153891
20241106_143158_161705653,-0.5807617
20241106_143158_409977723,-0.63081
20241106_143158_660461052,0.55368614
20241106_143158_915599430,0.13948946
20241106_143159_166982151,0.9298209
20241106_143159_425551936,0.62295157
20241106_143159_689289675,1.8364617
20241106_143159_941816998,-2.5422106
20241106_143200_196285947,0.7029979
20241106_143200_450501586,-0.49810112
20241106_143200_711532291,0.07695959
20241106_143200_937097603,-0.600903
20241106_143201_200872337,-1.1809384
20241106_143201_442055586,1.2987791
20241106_143201_694973480,0.7811807
20241106_143201_940340605,0.42498133
20241106_143202_200741666,0.10678456
20241106_143202_461849311,-0.016216358
20241106_143202_713046844,-0.5573154
20241106_143202_945404227,-1.1466434
20241106_143203_200723330,0.14084546
20241106_143203_432485033,1.2326884
20241106_143203_681401746,0.5213967
20241106_143203_930964667,0.014817992
20241106_143204_181693441,0.22793435
20241106_143204_431265658,0.03320629
20241106_143204_684746597,0.03010417
20241106_143204_936653040,-0.2448195
20241106_143205_181723283,-0.016306272
20241106_143205_421772362,-0.47383934
20241106_143205_678012413,-0.4002926
20241106_143205_918838415,-0.1716571
20241106_143206_171910026,-0.17932774
20241106_143206_419338239,-0.0760143
20241106_143206_673703263,-0.14982213
20241106_143206_924100581,-0.09816887
20241106_143207_173437359,-0.2020417
20241106_143207_423540112,-0.64096445
20241106_143207_672359814,-0.5988397
20241106_143207_917382600,-0.45698026
20241106_143208_160553373,-0.41469088
20241106_143208_413665679,-0.14341916
20241106_143208_668970950,-0.28237918
20241106_143208_916668858,-0.42220932
20241106_143209_162520838,-0.29948404
20241106_143209_412287170,-0.15337417
20241106_143209_666310495,-0.34501266
20241106_143209_919767348,-0.33248767
20241106_143210_171770374,-0.4514052
20241106_143210_415101052,-0.27356836
20241106_143210_670473204,-0.5462032
20241106_143210_926721749,-0.39351496
20241106_143211_171212462,-0.46858403
20241106_143211_419144836,-0.46037337
20241106_143211_664741131,-0.53414357
20241106_143211_918950133,-0.3947376
20241106_143212_169047097,-0.21639355
20241106_143212_417273586,0.14084467
20241106_143212_668699055,-0.024465581
20241106_143212_923174742,-0.1611631
20241106_143213_171009370,-0.15161641
20241106_143213_422857931,-0.06211569
20241106_143213_685330296,0.066917695
20241106_143213_931361390,0.097787865
20241106_143214_184798927,0.32980752
20241106_143214_445979270,-0.099166505
20241106_143214_702415285,-0.16950907
20241106_143214_943075992,-0.08022549
20241106_143215_188138992,-0.09149619
20241106_143215_431282357,-0.16200514
20241106_143215_678363426,-0.2515085
20241106_143215_921372077,-0.16521712
20241106_143216_181650464,-0.1389205
20241106_143216_419472157,-0.20297123
20241106_143216_669618445,-0.143939
20241106_143216_926364079,-0.14598896
20241106_143217_176947684,-0.071102165
20241106_143217_425130564,0.0019641314
20241106_143217_677020300,0.34707263
20241106_143217_927708850,0.14875679
20241106_143218_172454484,-0.023284515
20241106_143218_415428509,-0.1256543
20241106_143218_669110177,-0.10336488
20241106_143218_918093626,0.3883138
20241106_143219_170801210,0.17432481
20241106_143219_418786188,0.10374931
20241106_143219_666871369,0.24896829
20241106_143219_911646437,0.14547352
20241106_143220_167625330,0.32424498
20241106_143220_418602142,0.24327452
20241106_143220_678296774,1.4918667
20241106_143220_922705341,0.96053815
20241106_143221_168919177,0.047981955
20241106_143221_425514418,0.07912685
20241106_143221_686936750,0.51485217
20241106_143221_940140368,0.9737572
20241106_143222_192564446,2.102719
20241106_143222_435195829,-0.4284838
20241106_143222_682833129,-0.07910985
20241106_143222_924150098,-0.08518649
20241106_143223_175833301,-0.16443291
20241106_143223_425626408,-0.1650997
20241106_143223_673093634,-0.19686408
20241106_143223_925065157,-0.12872727
20241106_143224_176491437,-0.4383869
20241106_143224_426464481,-0.33372167
20241106_143224_680052847,-0.14713822
20241106_143224_921278714,-0.16950996
20241106_143225_182677799,-0.22743018
20241106_143225_431376612,-0.17636903
20241106_143225_679485014,-0.10561498
20241106_143225_919091432,-0.05382977
20241106_143226_170882221,-0.14466615
20241106_143226_421699886,-0.12490132
20241106_143226_667478884,0.38318124
20241106_143226_922086001,0.030336773
20241106_143227_175453775,0.09719018
20241106_143227_418525389,0.098411895
20241106_143227_669622809,0.08215556
20241106_143227_917125176,0.079186596
20241106_143228_163275759,0.0250747
20241106_143228_412523799,0.084911145
20241106_143228_665661730,0.2845989
20241106_143228_910895696,0.32372242
20241106_143229_166036774,0.13932101
20241106_143229_419364306,0.1386743
20241106_143229_672726277,0.15253232
20241106_143230_167708839,0.099648334
20241106_143230_420116501,0.083515145
20241106_143230_672333179,0.15759908
20241106_143230_925243350,0.4658711
20241106_143231_171964838,0.24419634
20241106_143231_420741575,0.773944
20241106_143231_672288535,-0.0024952646
20241106_143231_920135382,0.32466456
20241106_143232_170762468,0.06294406
20241106_143232_411423504,0.1008238
20241106_143232_660824584,0.07924137
20241106_143232_908364586,0.17402188
20241106_143233_173282215,-0.27672115
20241106_143233_421281334,-0.1524205
20241106_143233_677911130,-0.090301536
20241106_143233_930956005,0.05971483
20241106_143234_186156566,-0.00010760687
20241106_143234_409826833,0.0062602554
20241106_143234_657903856,0.03662113
20241106_143234_910749516,0.13190137
20241106_143235_159310454,0.31273055
20241106_143235_410877565,0.22483633
20241106_143235_671595323,-0.15139754
20241106_143235_914898687,-0.3468108
20241106_143236_167777909,-0.8850226
20241106_143236_416186338,-0.38243607
20241106_143236_670923825,0.03769297
20241106_143236_917934023,0.8074828
20241106_143237_171362784,0.41102603
20241106_143237_426034777,0.35167935
20241106_143237_676389874,0.20926218
20241106_143237_932840598,0.14817594
20241106_143238_173231945,0.22953098
20241106_143238_422866265,0.23737325
20241106_143239_166969459,0.1282384
20241106_143239_674600975,0.4942777
20241106_143239_919862212,0.9007836
20241106_143240_169867160,0.6144475
20241106_143240_420110158,0.78248566
20241106_143241_171359928,-0.6823795
20241106_143241_417726596,-0.870261
20241106_143241_686132776,-0.111705616
20241106_143241_933758301,-0.023687059
20241106_143242_177438973,-0.05375018
20241106_143242_417153025,-0.14149792
20241106_143242_674379442,-0.111740075
20241106_143243_166296707,-0.13329579
20241106_143243_415341163,-0.22180809
20241106_143243_668079773,-0.20733924
20241106_143243_914967747,-0.22397532
20241106_143244_167224993,-0.31129274
20241106_143244_418857197,-1.1255081
20241106_143244_666384914,-0.23226495
20241106_143244_917045696,-0.042638086
20241106_143245_175550717,-0.8407891
20241106_143245_426367145,-0.4554622
20241106_143245_681004483,-0.52505916
20241106_143246_173960822,-0.329463
20241106_143246_418084796,0.024277335
20241106_143246_677908155,-0.03772275
20241106_143246_921806056,-0.1531374
20241106_143247_428285719,-0.060037933
20241106_143248_168017107,-0.13965197
20241106_143248_413167683,1.0154554
20241106_143248_680193229,-1.0345539
20241106_143248_929026556,-0.98111165
20241106_143249_183761635,-0.9994415
20241106_143249_431469071,-0.70707977
20241106_143249_685806305,-0.7874034
20241106_143250_181241105,-0.092890285
20241106_143250_428285775,-0.7463867
20241106_143250_669373492,-0.37283322
20241106_143250_917156912,-0.10054072
20241106_143251_172811838,-0.3199495
20241106_143251_431274332,0.1329999
20241106_143251_675486998,0.04302918
20241106_143252_661697060,-0.21179463
20241106_143252_913477712,-0.12548216
20241106_143254_661494730,-0.37028268
20241106_143254_910001889,-0.0460532
20241106_143255_170022147,-0.15002246
20241106_143255_420536817,0.17263632
20241106_143255_664644321,0.031215409
20241106_143255_910981996,0.026382962
20241106_143256_416378134,-0.01217409
20241106_143256_661663346,-0.3840949
20241106_143256_905649254,-0.38477835
20241106_143257_162633903,-0.2673094
20241106_143257_675381416,-0.091036685
20241106_143257_917114645,0.22142704
20241106_143258_170637235,-0.070566796
20241106_143258_431244445,0.34686974
20241106_143258_673034232,0.42673865
20241106_143258_921139185,0.45351627
20241106_143259_171309873,0.042903647
20241106_143259_420487872,0.275931
20241106_143259_678366028,0.33670133
20241106_143259_924713294,0.22837906
20241106_143300_183161609,1.080666
20241106_143300_421247059,-0.13975826
20241106_143300_675596954,0.11744145
20241106_143300_918742908,-0.21228696
20241106_143301_170259352,-1.6617181
20241106_143301_424149108,0.48032764
20241106_143301_676673721,-0.33633783
20241106_143301_929900756,-0.04355838
20241106_143302_176711991,-0.69907475
20241106_143302_419660546,0.21112882
20241106_143302_674150404,0.17091297
20241106_143302_921898004,1.0532672
20241106_143303_178028698,0.6401507
20241106_143303_424687575,0.30763277
20241106_143303_671200963,0.38656765
20241106_143303_918766148,0.47530565
20241106_143304_167719455,0.34417155
20241106_143304_419927504,0.27583584
20241106_143304_664796469,0.3979176
20241106_143304_914301668,0.7801787
20241106_143305_161235036,1.7755957
20241106_143305_412855010,-0.27000836
20241106_143305_677773767,-0.58137065
20241106_143305_916681710,-0.040136226
20241106_143306_178140301,-0.11933627
20241106_143306_415452247,-0.06243392
20241106_143306_668756352,0.022445614
20241106_143306_912736669,0.08254116
20241106_143307_159718649,0.006423453
20241106_143307_416754162,-0.2272426
20241106_143307_661195529,-0.50431144
20241106_143307_909871002,0.3629037
20241106_143308_171404699,0.04225702
20241106_143308_422949474,-0.037601955
20241106_143308_674113619,-0.5183903
20241106_143308_916464754,-0.5310192
20241106_143309_164585646,-0.0018231478
20241106_143309_415519175,0.07736889
20241106_143309_658776311,-0.59337056
20241106_143309_908333336,-0.121613614
20241106_143310_162498085,0.19986457
20241106_143310_418892587,0.056117572
20241106_143310_666167380,0.11645649
20241106_143311_168192487,-0.41053942
20241106_143311_415079772,-0.3038401
20241106_143311_669549491,-0.20490785
20241106_143312_417587344,0.01230661
20241106_143312_668190528,-0.105748974
20241106_143312_918438259,0.18005069
20241106_143313_170676906,0.018222371
20241106_143313_423736272,0.078132726
20241106_143313_666228517,-0.011057934
20241106_143313_910729787,-0.09417834
20241106_143314_161592855,0.29613876
20241106_143314_406552398,0.6951445
20241106_143314_664667888,1.2011192
20241106_143314_910863133,1.2109649
20241106_143315_160926240,0.4321392
20241106_143315_409898713,0.4343163
20241106_143315_917781201,0.00074593164
20241106_143316_166191125,-0.28885886
20241106_143316_410467473,-0.50928366
20241106_143316_659024886,-0.36149105
20241106_143316_906673585,0.0058418903
20241106_143317_160477142,0.13251871
20241106_143317_408047039,0.3972517
20241106_143317_656802357,0.27678928
20241106_143317_905071399,0.17747708
20241106_143318_155094169,0.09121902
20241106_143318_403908110,0.09623579
20241106_143318_656916905,0.10617838
20241106_143318_905982184,0.0058356915
20241106_143319_156814933,-0.120986335
20241106_143319_407268914,-0.3492792
20241106_143319_664185839,-0.23568697
20241106_143319_909614049,0.03857
20241106_143320_160727441,-0.044024274
20241106_143320_658830031,-0.7877531
20241106_143320_916502456,0.27195197
20241106_143321_171559409,-0.80738205
20241106_143321_424789000,0.16758636
20241106_143321_674291833,0.93785185
20241106_143321_915400451,-0.04322698
20241106_143322_161608355,-0.27231452
20241106_143322_407187154,-0.1386682
20241106_143322_661129331,-0.01118513
20241106_143322_912940549,0.14425738
20241106_143323_174801549,-0.0350435
20241106_143323_415807145,0.013058821
20241106_143323_673449324,-0.26547822
20241106_143323_919688559,-0.31793174
20241106_143324_178020774,-0.36993286
20241106_143324_412052787,-0.2150494
20241106_143324_912497414,-0.15563704
20241106_143325_158233966,-0.13710321
20241106_143325_413276462,-0.13370802
20241106_143325_662935972,-0.17354496
20241106_143325_914358370,0.12327217
20241106_143326_163251665,0.20841974
20241106_143326_408232752,0.12524949
20241106_143326_663732117,0.09796826
20241106_143326_909644058,0.07078401
20241106_143327_167897554,0.095575966
20241106_143327_422316774,0.10808305
20241106_143327_673932204,0.99964803
20241106_143327_920517330,0.6908974
20241106_143328_178502523,-0.41843644
20241106_143328_423221550,-0.2189015
20241106_143328_674681078,-0.46635145
20241106_143328_921167171,-0.5125291
20241106_143329_175847199,-0.8360816
20241106_143329_419070288,-0.5225851
20241106_143329_909640077,-0.10861394
20241106_143330_167416860,0.5031497
20241106_143330_422927527,0.98897535
20241106_143330_672504864,0.970535
20241106_143330_914378257,1.0178559
20241106_143331_167209449,-0.044349037
20241106_143331_410193403,-0.009620151
20241106_143333_161173071,0.21322457
20241106_143333_411802969,-0.16470619
20241106_143333_666016673,0.277916
20241106_143333_912517350,-0.034373723
20241106_143334_410024714,-0.050581567
20241106_143334_663978125,-0.25638726
20241106_143334_909803657,0.039624117
20241106_143335_162876520,0.17789759
20241106_143335_411168187,0.21554388
20241106_143335_661364949,0.15480669
20241106_143335_910492492,0.04610727
20241106_143336_165079430,-0.03735172
20241106_143336_409882470,-0.053081565
20241106_143336_664577870,-0.034714364
20241106_143337_430527356,2.300097
20241106_143337_676263737,0.44667348
20241106_143337_921213166,0.215884
20241106_143338_171582249,-0.14865474
20241106_143338_414455137,-0.17847462
20241106_143338_667115976,-0.032263063
20241106_143338_911749327,0.14770697
20241106_143339_160119712,0.052160956
20241106_143339_412316794,-0.02525892
20241106_143339_658153754,-0.029874405
20241106_143339_911964235,0.002005795
20241106_143340_167169802,-0.38906208
20241106_143340_421546486,-0.17752324
20241106_143340_673434060,-0.51231575
20241106_143340_918935815,-0.3964415
20241106_143341_163635811,-0.1878937
20241106_143341_412150310,-0.29728228
20241106_143341_664972662,-0.23616295
20241106_143341_912280085,-0.24307053
20241106_143342_411051142,-0.24184598
20241106_143343_157221537,-0.010416303
20241106_143343_409496749,-0.12549098
20241106_143343_658153379,-0.35718432
20241106_143343_913290251,0.03233458
20241106_143344_169098961,0.23574387
20241106_143344_413003743,0.53116906
20241106_143344_664057599,0.4436481
20241106_143344_912927898,0.20767675
20241106_143345_159060642,0.21878935
20241106_143345_411603265,0.19345488
20241106_143345_668146967,0.0962917
20241106_143345_911135533,0.085448064
20241106_143346_158556794,0.47807208
20241106_143346_408306657,0.14783727
20241106_143346_916778038,0.061057635
20241106_143347_163739848,0.10629962
20241106_143347_415531413,0.1233621
20241106_143347_664022169,0.045195557
20241106_143347_921253723,0.14112334
20241106_143348_173199099,0.24237041
20241106_143348_423304093,0.30349523
20241106_143348_682592570,0.3064356
20241106_143348_914951746,0.4068157
20241106_143349_174888543,0.7013372
20241106_143349_415643916,0.51390404
20241106_143349_667390367,0.35289142
20241106_143350_169381222,0.32115635
20241106_143350_439714929,0.6937135
20241106_143350_681619814,1.0358133
20241106_143350_923709169,0.9045637
20241106_143351_179571074,0.60418683
20241106_143351_422350972,0.48454705
20241106_143351_917048901,0.43408293
20241106_143352_175599669,0.5408893
20241106_143352_418043993,0.33504966
20241106_143352_676036968,0.39624324
20241106_143352_920955361,0.6343088
20241106_143353_162209620,0.5822652
20241106_143353_405787732,0.47631803
20241106_143353_660910499,0.45935133
20241106_143354_421220349,0.35851473
20241106_143354_909488189,1.0168238
20241106_143355_163935201,2.2016888
20241106_143355_418508867,-0.10414953
20241106_143355_670283280,1.5848175
20241106_143355_935875151,0.14991108
20241106_143356_199010243,-0.12540074
20241106_143356_442305150,-0.31571785
20241106_143356_695662729,0.019514235
20241106_143356_927523564,-1.1755443
20241106_143357_182492280,-0.75075865
20241106_143357_438857904,0.3398423
20241106_143357_688919814,0.35911894
20241106_143357_938537069,1.0000669
20241106_143358_176545942,-0.8335619
20241106_143358_429556776,-0.8751774
20241106_143358_678113150,-1.2421764
20241106_143358_918885516,0.517471
20241106_143359_171088217,0.28571358
20241106_143359_420888301,0.513279
20241106_143359_683455107,0.67644066
20241106_143359_934566447,0.39777252
20241106_143400_178268215,0.05450461
20241106_143400_456157372,0.36645153
20241106_143400_686671408,0.29739568
20241106_143400_942418568,0.25011882
20241106_143401_194312234,-0.12217402
20241106_143401_428993946,-0.47677955
20241106_143401_680120994,-0.049941726
20241106_143401_923884595,0.04117655
20241106_143402_183705081,-0.014413437
20241106_143402_422592425,-0.065557264
20241106_143402_667653870,-1.1169007
20241106_143402_914352683,0.21149145
20241106_143403_183619851,-0.30449098
20241106_143403_418615012,-0.0077591743
20241106_143403_674754226,0.101379015
20241106_143403_917552271,-0.039039336
20241106_143404_170961404,-0.13693775
20241106_143404_424468248,-0.15628274
20241106_143404_925392479,-0.08233317
20241106_143405_172339146,-0.20300926
20241106_143405_415684044,-0.009321688
20241106_143405_666579972,-0.021069428
20241106_143405_912697122,-0.039796554
20241106_143406_166926888,-0.03200593
20241106_143406_415832497,-0.0028491225
20241106_143406_676706924,-0.0138333645
20241106_143406_920432419,0.11177469
20241106_143407_173530142,0.2230385
20241106_143407_419482163,0.20983373
20241106_143407_666641816,0.98911864
20241106_143407_914518569,0.5352035
20241106_143408_169570044,0.5896634
20241106_143408_417496749,0.515356
20241106_143408_665015250,0.544156
20241106_143408_915959180,-0.6136146
20241106_143409_161125207,-0.8826943
20241106_143409_411547848,-1.0125045
20241106_143409_670196239,-0.3522934
20241106_143409_918601215,-0.14057298
20241106_143410_172353450,-0.27833325
20241106_143410_411253844,-0.41199538
20241106_143410_664500647,-0.3538707
20241106_143410_915141907,-0.3613657
20241106_143411_166792795,-0.38712278
20241106_143411_408887975,-0.34308127
20241106_143411_665053188,-0.33466282
20241106_143412_185870129,0.4520742
20241106_143412_428062598,-0.024603149
20241106_143412_681227658,-0.12626852
20241106_143412_927517684,-1.3927776
20241106_143413_180750667,-0.8396004
20241106_143413_425685776,-1.1212962
20241106_143413_676601056,0.0064767543
20241106_143413_929008870,0.34177116
20241106_143414_169770644,0.49605307
20241106_143414_413982137,0.53769666
20241106_143414_672337785,0.09627912
20241106_143414_924169748,0.14374314
20241106_143415_174885581,0.16160683
20241106_143415_421071600,0.1901335
20241106_143415_669118479,0.12888171
20241106_143416_668463476,0.088499166
20241106_143417_170319988,0.13847937
20241106_143417_418294889,0.13026156
20241106_143417_923645087,0.09608478
20241106_143418_172700760,0.10560451
20241106_143418_433767802,0.03455407
20241106_143418_678804690,-0.17387043
20241106_143418_921805958,-0.011103472
20241106_143419_170424210,-0.09719559
20241106_143419_414066488,-0.10677626
20241106_143419_909072406,-0.17199923
20241106_143420_165045258,0.23352586
20241106_143420_409538386,0.77605534
20241106_143420_662306587,0.102572955
20241106_143420_916678148,0.26857722
20241106_143421_167589347,0.84134346
20241106_143421_418357644,0.4268572
20241106_143421_673009671,0.6352443
20241106_143421_917535930,0.61235
20241106_143422_172309161,0.33728752
20241106_143422_676594897,0.5345963
20241106_143422_920545534,0.78232354
20241106_143423_188151760,0.7415046
20241106_143423_427625294,0.28694862
20241106_143423_667955244,0.3729798
20241106_143423_911208028,0.22037105
20241106_143424_417216247,0.2681955
20241106_143424_667192234,0.2736602
20241106_143424_913008013,0.31266138
20241106_143425_158325264,0.29961684
20241106_143426_410501874,0.31640032
20241106_143426_659303021,0.31141233
20241106_143426_906281195,0.32151434
20241106_143427_164350076,0.29992685
20241106_143427_660329625,0.32013416
20241106_143428_170920090,0.3300892
20241106_143428_416412789,0.28239584
20241106_143428_665118543,0.29147923
20241106_143428_908759152,0.37884915
20241106_143429_165266144,-0.44127852
20241106_143429_420543898,-0.7221558
20241106_143429_669508709,-1.0004617
20241106_143429_909351079,-0.1488656
20241106_143430_159517192,0.710977
20241106_143430_407031558,0.7265426
20241106_143430_659590215,0.7301971
20241106_143430_911563030,0.18173008
20241106_143431_171057425,1.110546
20241106_143431_413001813,0.13334464
20241106_143431_664289835,0.056054085
20241106_143431_920845168,0.12315897
20241106_143432_660240572,0.0770293
20241106_143432_907307721,0.09071919
20241106_143433_164445188,0.0895947
20241106_143433_413959209,0.022180596
20241106_143433_665593609,0.04456816
20241106_143433_914745668,0.07556788
20241106_143434_182248383,0.21518539
20241106_143434_411297777,0.19128595
20241106_143434_664480361,0.12807213
20241106_143434_909465247,0.15873419
20241106_143435_161983326,0.14480375
20241106_143435_403335519,0.11461977
20241106_143435_658889491,-0.3532246
20241106_143435_911874958,-0.23495023
20241106_143436_158133632,-0.19187643
20241106_143436_408915905,-0.09132185
20241106_143436_661388896,-0.08647492
20241106_143436_903350372,0.06267456
20241106_143437_158196913,0.0711856
20241106_143437_406523896,0.0025116596
20241106_143437_658349139,0.0063689146
20241106_143437_901236398,-0.045474313
20241106_143438_405663567,0.004373053
20241106_143438_661325299,0.12566487
20241106_143438_908004445,0.11265365
20241106_143439_158538637,-0.046431623
20241106_143439_408903377,0.10689176
20241106_143439_664646336,0.10043929
20241106_143439_910197484,0.04273645
20241106_143440_157312022,0.043916352
20241106_143440_412099053,0.24949296
20241106_143440_666034258,0.18720974
20241106_143440_922158041,0.14966209
20241106_143441_410927601,0.011609802
20241106_143441_656764871,0.0114365015
20241106_143441_906530331,0.010041336
20241106_143442_169533321,0.029515484
20241106_143442_415740708,0.012793938
20241106_143442_664175670,-0.008452853
20241106_143442_908393977,-0.0051054563
20241106_143443_163776143,-0.008904895
20241106_143443_408432472,-0.01319023
20241106_143443_908394455,-0.023750206
20241106_143444_675986791,0.03150288
20241106_143444_923901192,-0.021410784
20241106_143445_174136522,-0.00477322
20241106_143445_416257416,0.06953884
20241106_143445_666439606,0.0417364
20241106_143445_908333462,0.06419224
20241106_143446_162359377,0.069171436
20241106_143446_413936034,0.044395365
20241106_143446_664576705,0.03524206
20241106_143446_915884721,-0.00695475
20241106_143447_169374056,0.021506647
20241106_143447_409013579,0.03490553
20241106_143447_662855156,0.07765756
20241106_143448_161433135,0.00038282014
20241106_143448_407365781,0.024208406
20241106_143448_660282977,0.40413287
20241106_143448_912935228,0.2331499
20241106_143449_176669060,0.15819837
20241106_143449_420732066,0.15669309
20241106_143449_913277181,0.19791038
20241106_143450_168359498,0.27384198
20241106_143450_411138626,0.6185621
20241106_143450_662379287,0.28565764
20241106_143450_912220122,0.21773995
20241106_143451_167241050,0.20457955
20241106_143451_414590681,0.17832847
20241106_143451_662098695,0.10831455
20241106_143452_159540645,0.11517424
20241106_143452_408162486,0.13458337
20241106_143452_672260542,0.12532647
20241106_143452_913616235,0.10129676
20241106_143453_166172812,0.09236271
20241106_143453_412632882,0.082620956
20241106_143453_657189662,-0.24207263
20241106_143453_905493940,-0.12241577
20241106_143454_160869623,-0.044364892
20241106_143454_403044566,0.0315995
20241106_143454_651745146,0.010445574
20241106_143454_902564957,-0.0023893323
20241106_143455_405488783,0.062550314
20241106_143455_660743507,1.081167
20241106_143455_910908419,0.6182214
20241106_143456_163237961,0.33025873
20241106_143456_408355372,0.30077848
20241106_143456_657398427,0.29082847
20241106_143457_160827162,0.21270047
20241106_143457_677232645,0.1624571
20241106_143457_919267539,0.18360554
20241106_143458_180964390,0.18307148
20241106_143458_434156502,0.18152045
20241106_143458_680472786,-0.1377538
20241106_143458_921205872,0.044297345
20241106_143459_179597070,0.07858918
20241106_143459_430062583,0.018796513
20241106_143459_679976038,-0.031220337
20241106_143459_921693682,-0.9786095
20241106_143500_182948741,-3.172873
20241106_143500_435069402,0.06554306
20241106_143500_686497059,0.70834875
20241106_143500_932294368,0.50701255
20241106_143501_190906202,1.3975726
20241106_143501_421637960,0.69262743
20241106_143501_667857514,0.51606387
20241106_143501_918186865,0.38538793
20241106_143502_186009605,0.45694336
20241106_143502_424875236,0.48072407
20241106_143502_681445138,0.07794795
20241106_143502_922037154,0.14098026
20241106_143503_177052728,0.021576265
20241106_143503_424676552,-0.4030353
20241106_143503_672674403,-0.14265226
20241106_143503_923447573,0.016964355
20241106_143504_174930571,0.011104504
20241106_143504_422443470,-0.01819255
20241106_143504_668548747,0.039022207
20241106_143504_928380275,0.011265257
20241106_143505_172700456,0.015096763
20241106_143505_422464511,0.023267487
20241106_143505_678278228,0.028817633
20241106_143505_919278541,0.00997887
20241106_143506_180411070,0.96655446
20241106_143506_420236926,1.5038862
20241106_143506_676449473,0.28152505
20241106_143506_931405543,-0.032090746
20241106_143507_182670554,0.11451671
20241106_143507_418567485,0.15228002
20241106_143507_919631031,0.105523355
20241106_143508_165021599,0.30946583
20241106_143508_422698695,0.38122424
20241106_143508_688202023,0.16302
20241106_143508_934407001,0.1371205
20241106_143509_185375759,-0.025372854
20241106_143509_430908806,-0.054046027
20241106_143509_694644027,0.208429
20241106_143509_937800260,0.71664804
20241106_143510_188609273,0.35580796
20241106_143510_427580628,0.26015085
20241106_143510_674761676,0.12701283
20241106_143510_926255533,-0.19542511
20241106_143511_175046602,0.0806685
20241106_143511_419722828,-0.34920862
20241106_143511_682108214,-1.7318916
20241106_143511_927263032,-0.31910446
20241106_143512_179038917,-0.1695288
20241106_143512_429165767,-0.15443455
20241106_143512_689038937,-0.87366444
20241106_143512_932653676,-1.0732375
20241106_143513_186344893,-0.12535489
20241106_143513_429189642,-0.028502934
20241106_143513_667900983,-0.1018508
20241106_143513_918693761,-0.12178942
20241106_143514_166462745,-0.16924526
20241106_143514_411853540,-0.46654475
20241106_143514_662620288,-0.32732797
20241106_143514_907695020,-0.7594169
20241106_143515_166409167,-0.39997533
20241106_143515_413890103,-0.3506193
20241106_143515_661403281,-0.35029584
20241106_143515_914460066,-0.31892946
20241106_143516_167210068,-0.30581048
20241106_143516_412555613,-0.43631628
20241106_143516_660058924,-0.67922384
20241106_143516_909907153,-0.19437031
20241106_143517_164268544,-0.16255166
20241106_143517_657599890,-0.18936379
20241106_143517_905514425,-1.0890846
20241106_143518_171880825,-0.8143454
20241106_143518_417005978,-1.5651916
20241106_143518_671345568,-1.1210512
20241106_143519_410287882,-1.1485553
20241106_143519_662928080,-1.0410722
20241106_143519_912342145,-0.97322124
20241106_143520_661521875,-0.9507281
20241106_143520_918204450,-0.55584174
20241106_143521_161352850,-0.45415476
20241106_143521_417750912,-0.5772681
20241106_143521_671349960,-0.80797637
20241106_143521_914650346,-0.4797584
20241106_143522_160072717,-0.39693975
20241106_143522_420270630,-0.47867265
20241106_143522_670200947,-0.4019335
20241106_143522_906350020,-0.4570484
20241106_143523_657712431,-0.529642
20241106_143524_652435738,-0.43330684
20241106_143525_414053905,-0.33089006
20241106_143525_666524609,-0.31218445
20241106_143525_914489169,-0.6459673
20241106_143526_165466841,-0.779257
20241106_143526_408111277,-0.8797398
20241106_143526_915113482,-0.51989675
20241106_143527_414347948,-0.67235994
20241106_143527_662023160,-0.61600304
20241106_143527_912015389,-2.044969
20241106_143528_167728615,0.20172368
20241106_143528_421940830,0.1029186
20241106_143528_671865075,0.045539357
20241106_143528_918685567,0.062402166
20241106_143529_167740014,-0.028427085
20241106_143529_414652469,0.06998698
20241106_143529_919452416,0.064911164
20241106_143530_172944949,0.26451176
20241106_143530_424415145,0.49028966
20241106_143530_666607556,0.2733344
20241106_143530_908962055,1.1562047
20241106_143531_159027406,0.095686354
20241106_143531_404716423,0.2787
20241106_143531_657599195,-0.121146224
20241106_143531_906344473,0.24929218
20241106_143532_158144300,0.13531063
20241106_143532_411130691,0.6473573
20241106_143532_665324915,0.34863284
20241106_143532_912326138,-0.7762469
20241106_143533_163847458,-0.6748873
20241106_143533_407863659,-0.46322405
20241106_143533_662197685,-0.26951173
20241106_143533_905148821,1.1259655
20241106_143534_168538498,0.037814938
20241106_143534_401475765,-1.0453798
20241106_143534_652280988,0.5110828
20241106_143534_902273015,0.51252097
20241106_143535_153405756,0.612196
20241106_143535_403226558,0.43802398
20241106_143535_659549065,0.41381943
20241106_143535_915298733,0.4438814
20241106_143536_163808692,0.51803267
20241106_143536_407148375,0.35154182
20241106_143536_657534537,0.33285946
20241106_143536_905964482,0.018097857
20241106_143537_161308677,-0.18343158
20241106_143537_410499061,-0.01002886
20241106_143537_661920270,0.10539464
20241106_143537_908449901,0.08052174
20241106_143538_657670702,0.041377343
20241106_143539_160327193,-0.7764463
20241106_143539_411917116,-0.7858485
20241106_143539_661255614,-0.52972925
20241106_143539_906775185,0.6184121
20241106_143540_154392457,-0.007123908
20241106_143540_404973695,-0.32399687
20241106_143540_661259123,0.66513526
20241106_143540_906846460,0.51498616
20241106_143541_163317594,0.08806912
20241106_143541_418105661,-0.6092819
20241106_143541_674203744,-0.24839377
20241106_143541_928385961,0.7012675
20241106_143542_185985189,0.5695161
20241106_143542_419251257,0.62775433
20241106_143542_675569664,0.47146824
20241106_143542_911021862,0.31866968
20241106_143543_158728530,0.077841796
20241106_143543_407372190,0.3028811
20241106_143543_658218151,0.25486243
20241106_143543_909490003,0.242896
20241106_143544_673221504,0.19805156
20241106_143545_166157006,-0.20808126
20241106_143545_417716943,-0.47799736
20241106_143545_671682118,-0.26145795
20241106_143545_915437574,-0.19653814
20241106_143546_163061839,-0.20872046
20241106_143546_409614980,-0.31301987
20241106_143547_156836382,-0.28214547
20241106_143547_409827629,-0.27382067
20241106_143547_658854085,-0.28088716
20241106_143547_904928356,-0.36431187
20241106_143548_158084999,-0.14672767
20241106_143548_410340269,0.057938986
20241106_143548_657445805,0.19179566
20241106_143548_903318331,0.35261276
20241106_143549_155519412,0.14182217
20241106_143549_406453780,-0.08641929
20241106_143550_660792560,-0.06343518
20241106_143550_911015068,0.41219214
20241106_143551_181084500,1.1351396
20241106_143551_430190538,0.11252556
20241106_143551_689966634,0.1166039
20241106_143551_928854254,-0.10788563
20241106_143552_182804666,0.4707475
20241106_143552_420591745,0.23217998
20241106_143552_668106184,0.2309861
20241106_143552_914336308,0.17497876
20241106_143554_161206082,0.17681973
20241106_143554_407573944,0.16472606
20241106_143554_659641377,-0.028763255
20241106_143554_906646531,0.06895949
20241106_143555_156961848,0.03766106
20241106_143555_406368211,0.04327374
20241106_143555_660448391,0.09605566
20241106_143556_164382062,0.21159808
20241106_143556_409397147,0.2700813
20241106_143556_668493536,0.05891592
20241106_143556_908961623,0.007308403
20241106_143557_656720211,0.07957671
20241106_143557_906714264,0.06840102
20241106_143558_160477578,-0.06181767
20241106_143558_412973659,-0.10611393
20241106_143558_675004275,-0.73577285
20241106_143558_917260576,-0.32683933
20241106_143559_163396171,-0.07584229
20241106_143559_414318717,-0.13488822
20241106_143559_673751344,0.045521125
20241106_143559_916373254,0.6548363
20241106_143600_166800550,-0.14579411
20241106_143600_417800421,-0.08959349
20241106_143600_674288323,-0.049860895
20241106_143600_913930490,-0.41694757
20241106_143601_168631331,-1.0697273
20241106_143601_412851695,0.43305403
20241106_143601_666946056,0.12954207
20241106_143601_914977275,0.3021627
20241106_143602_173458732,0.32609883
20241106_143602_410651936,0.31097105
20241106_143602_660936998,0.24554147
20241106_143602_910124540,0.22678481
20241106_143603_167138922,0.2230594
20241106_143603_411139283,0.23430033
20241106_143603_658132593,1.5749023
20241106_143603_914088277,-0.5976704
20241106_143604_168956827,0.16844022
20241106_143604_420105346,0.007166112
20241106_143604_673033153,-0.45118216
20241106_143604_923922044,-0.8509292
20241106_143605_175332284,0.42917815
20241106_143605_429428093,0.19286416
20241106_143605_681627439,0.12669985
20241106_143605_926843699,-0.4975165
20241106_143606_177856200,-0.2663456
20241106_143606_427483382,-0.23102047
20241106_143606_683355295,-0.30831352
20241106_143606_934095767,-0.79492754
20241106_143607_196691703,-1.2759322
20241106_143607_441354136,-1.0203608
20241106_143607_685765057,-0.89027613
20241106_143607_924486981,-0.36485073
20241106_143608_172805331,-0.32710367
20241106_143608_425043648,-0.37210792
20241106_143608_680555796,-0.2680334
20241106_143608_921886628,-0.23691578
20241106_143609_175558321,-0.2518387
20241106_143609_413147795,-0.14645897
20241106_143609_665449071,-0.114868425
20241106_143609_910345961,-0.14552023
20241106_143610_159342359,-0.148955
20241106_143610_412340050,-0.13586317
20241106_143610_666887577,-0.10617419
20241106_143610_906730802,-0.13373126
20241106_143611_156805496,-0.19416814
20241106_143611_405202153,-0.09073987
20241106_143611_659266724,-0.08042871
20241106_143611_908367443,-0.21074517
20241106_143612_161351849,-0.15768145
20241106_143612_416274519,0.18002939
20241106_143612_660167092,0.19432007
20241106_143612_910323546,0.13494699
20241106_143613_411422782,0.09715364
20241106_143613_674783644,0.08317194
20241106_143613_914708645,0.31703806
20241106_143614_168613740,1.0863532
20241106_143614_410381020,0.71430796
20241106_143614_664019339,0.35827896
20241106_143614_918053046,0.31439835
20241106_143615_163912810,1.190721
20241106_143615_411875437,0.20417728
20241106_143615_667431964,-0.166488
20241106_143615_911288374,0.023174467
20241106_143616_164150119,-0.14345576
20241106_143616_407705111,-0.11663707
20241106_143616_662423006,0.0047150645
20241106_143616_910268798,-0.115887605
20241106_143617_160881837,-0.12702163
20241106_143617_409599958,-0.13201626
20241106_143617_658559032,-0.16975076
20241106_143617_913471937,-0.3352063
20241106_143618_156444699,-0.39104143
20241106_143618_404080090,-0.283505
20241106_143618_657198461,-0.33642247
20241106_143618_904290443,-0.28200796
20241106_143619_156539210,0.0035982598
20241106_143619_405941471,-0.058611855
20241106_143619_653820659,-0.07681682
20241106_143619_902155868,-0.109538935
20241106_143620_158279334,-0.09325191
20241106_143620_407796344,-0.10575803
20241106_143620_661030008,0.07798023
20241106_143620_913011176,0.05193294
20241106_143621_165778023,-0.1383241
20241106_143621_418766398,-0.17001171
20241106_143621_662090128,-0.11984309
20241106_143621_912762052,-0.1609719
20241106_143622_160512930,-0.1789129
20241106_143622_417992367,-0.22879441
20241106_143622_666415211,-0.36811757
20241106_143622_925758279,-0.10022945
20241106_143623_172042664,-0.031562477
20241106_143623_417792951,-0.11533149
20241106_143623_669123239,-0.06095352
20241106_143623_913607224,-0.43952927
20241106_143624_161581597,-0.84612334
20241106_143624_412356237,-1.4634364
20241106_143624_676798015,-0.48038527
20241106_143624_913559653,-0.056166686
20241106_143625_163663810,-0.058488384
20241106_143625_415702053,-0.22233786
20241106_143625_672906172,-0.38382024
20241106_143625_926710894,-0.6458051
20241106_143626_169627920,-0.77729183
20241106_143626_414136396,-0.6364905
20241106_143626_656698225,-0.4653347
20241106_143626_908207657,-0.38470697
20241106_143628_163692781,-0.36460897
20241106_143628_416457093,-0.042415477
20241106_143628_665341829,0.050128676
20241106_143628_910958671,0.36330214
20241106_143629_161625815,0.10719197
20241106_143629_919272255,0.07757896
20241106_143630_166354645,0.043728627
20241106_143630_410443956,-0.04698076
20241106_143630_674934787,-0.010723731
20241106_143630_914759579,-0.22739817
20241106_143631_164435767,-0.2035702
20241106_143631_657965623,0.0173314
20241106_143631_915041607,0.04846511
20241106_143632_161526585,-0.037517868
20241106_143632_401732144,-0.19845451
20241106_143632_655457908,-0.12446072
20241106_143632_910073758,-0.099507295
20241106_143633_158478215,-0.08659711
20241106_143633_402188956,-0.13542987
20241106_143633_654301319,-0.119676374
20241106_143634_403711675,0.25470063
20241106_143634_656737907,0.057244137
20241106_143635_152519107,0.18936113
20241106_143635_650890869,0.06998849
20241106_143635_899833909,0.110801585
20241106_143636_160743602,0.10328982
20241106_143636_666671300,0.119903244
20241106_143636_911955506,0.22521202
20241106_143637_159209532,0.13147782
20241106_143637_413548962,0.18814807
20241106_143637_911618921,0.16482775
20241106_143638_154503686,0.19320302
20241106_143638_655680664,0.03620491
20241106_143638_902589574,-0.23183782
20241106_143639_163329136,-0.37356707
20241106_143639_407252968,-0.29818368
20241106_143639_656518902,-0.5245413
20241106_143640_159187636,-0.16780376
20241106_143640_406484093,-0.07851426
20241106_143641_167173989,-0.109933935
20241106_143641_410337932,-0.05346378
20241106_143641_662625623,-0.32894298
20241106_143641_915120458,0.12226369
20241106_143642_157100293,0.08257107
20241106_143642_406598510,0.006961709
20241106_143642_654021986,0.12390981
20241106_143642_902896683,0.1675529
20241106_143643_157632030,0.20602345
20241106_143643_405794018,0.14541923
20241106_143643_656016631,-0.11399015
20241106_143643_907821036,0.018531987
20241106_143644_157431200,-0.05336871
20241106_143644_404183678,0.06586365
20241106_143644_653069239,0.04380236
20241106_143644_900109927,0.031258143
20241106_143645_149275504,-0.029460331
20241106_143645_400784247,0.0170889
20241106_143645_654859215,0.026665607
20241106_143645_907393822,0.6149618
20241106_143646_160901302,0.10330448
20241106_143646_407880839,-0.026445804
20241106_143646_659945854,-0.031929635
20241106_143646_913144273,0.024121502
20241106_143647_160797263,0.21137546
20241106_143647_406550524,0.36387974
20241106_143647_657844734,2.6877
20241106_143647_906550780,-0.009424975
20241106_143648_160438546,-0.23164721
20241106_143648_422454698,-0.18612237
20241106_143648_666981698,-0.41813216
20241106_143648_907603441,-0.4358315
20241106_143649_157182524,-0.80606914
20241106_143649_408387225,-0.5986256
20241106_143649_663107688,-0.72264796
20241106_143649_907330105,-0.5467587
20241106_143650_161659375,-0.33906454
20241106_143650_406710141,-0.56790686
20241106_143650_659372787,-0.47956213
20241106_143650_904806139,-0.30524555
20241106_143651_156636694,-0.3022652
20241106_143651_405847479,-0.15850306
20241106_143651_661386485,-0.538624
20241106_143651_908386261,-0.5808324
20241106_143652_162317574,-0.68691367
20241106_143652_412132279,-0.39940697
20241106_143652_661118137,-1.049824
20241106_143652_903200553,-0.73982686
20241106_143653_154742610,-0.6474229
20241106_143653_403614595,-0.31507772
20241106_143653_652346472,-0.08573332
20241106_143653_903126135,0.44484833
20241106_143654_157493685,0.07146535
20241106_143654_405754802,-0.041955434
20241106_143654_658574429,-0.059080057
20241106_143654_907801737,-0.0030418541
20241106_143655_165029331,-0.005607387
20241106_143655_656030625,0.02517862
20241106_143656_165263499,-0.03316965
20241106_143656_416903589,-0.13288699
20241106_143656_660607953,0.36504817
20241106_143656_909689541,0.15439962
20241106_143657_164380866,-0.012021026
20241106_143657_655782336,-0.025445184
20241106_143658_401882136,-0.02074038
20241106_143658_901296658,-0.17222692
20241106_143659_161916254,-0.45354095
20241106_143659_408603075,-1.0683037
20241106_143659_662505880,-0.727199
20241106_143700_166959171,-2.1922727
20241106_143700_414902644,0.49730012
20241106_143700_663425850,0.4289315
20241106_143700_909620061,0.28290728
20241106_143701_157979682,0.0028486047
20241106_143701_405574239,0.093049444
20241106_143701_666432756,-0.10103109
20241106_143701_921443619,-0.15983494
20241106_143702_175411806,-0.27710047
20241106_143702_420187986,-0.23477824
20241106_143702_672105470,-0.683056
20241106_143702_914952622,-0.48028508
20241106_143703_175025359,-1.2971982
20241106_143703_423352283,0.41906592
20241106_143703_681577415,-0.35951644
20241106_143703_919728088,-0.17605801
20241106_143704_181193571,-0.20501788
20241106_143704_426235206,-0.21012206
20241106_143704_673753328,-0.20545743
20241106_143704_912503048,-0.17942195
20241106_143705_169256706,-0.1546124
20241106_143705_661630015,-0.12593435
20241106_143705_906873279,-0.15534277
20241106_143706_169076998,-0.19356318
20241106_143706_415495465,-0.16723074
20241106_143706_674515844,-0.16637264
20241106_143706_912881181,0.11426569
20241106_143707_165842268,-0.06425392
20241106_143707_407054633,0.44028896
20241106_143707_661345321,0.21852945
20241106_143707_911061533,0.11770148
20241106_143708_406851212,1.9565766
20241106_143708_662489305,-0.5046704
20241106_143708_912425268,-0.24065222
20241106_143709_183148574,0.088811725
20241106_143709_423165702,-0.0033560358
20241106_143709_676507118,-0.09526988
20241106_143710_167690473,0.19473432
20241106_143710_410172827,0.3878132
20241106_143710_666828227,0.10409849
20241106_143710_911442186,0.3631935
20241106_143711_174518521,0.18145962
20241106_143711_416813669,0.08872286
20241106_143711_665866865,0.06395004
20241106_143712_170483350,0.65878046
20241106_143712_413703414,0.32532838
20241106_143712_657701179,-0.0019889083
20241106_143712_907854445,0.025483707
20241106_143713_155569708,-0.094039045
20241106_143713_400531122,0.07465885
20241106_143713_652247323,0.021232823
20241106_143713_903990723,-0.006796321
20241106_143714_158999083,-0.09774562
20241106_143714_405838808,-0.16688271
20241106_143714_664108691,-1.710615
20241106_143714_914520416,-1.5089298
20241106_143715_155941273,-1.0789734
20241106_143715_405392758,-0.66153884
20241106_143715_665669204,-0.13769485
20241106_143715_911664915,-0.03329645
20241106_143716_168934315,-0.043225892
20241106_143716_420054819,-0.11169102
20241106_143716_672664787,-0.13581492
20241106_143716_915817686,-0.2602165
20241106_143717_161472677,-0.7079062
20241106_143717_412959272,-0.61070234
20241106_143717_662334360,-0.52853173
20241106_143717_914936822,-0.5340232
20241106_143718_163525504,-0.14309607
20241106_143718_410199728,-0.1349873
20241106_143718_662727090,-0.014586119
20241106_143718_912613647,0.48410615
20241106_143719_172553584,0.16190268
20241106_143719_410517774,0.09784181
20241106_143719_661761332,0.041589297
20241106_143719_907628561,0.05825586
20241106_143720_157450234,0.06872428
20241106_143720_411170493,0.10410649
20241106_143720_661363604,0.08549733
20241106_143720_911480546,0.081871904
20241106_143721_172095747,0.14331661
20241106_143721_414574976,2.1367424
20241106_143721_663473048,0.05043058
20241106_143721_905089611,0.19354211
20241106_143722_161811630,0.21807891
20241106_143722_417762855,0.16887787
20241106_143722_667069028,0.20824145
20241106_143722_914607589,0.33280298
20241106_143723_160025540,0.21401273
20241106_143723_418422524,0.19059621
20241106_143723_665647993,0.13741551
20241106_143723_914696859,0.1455953
20241106_143724_177619180,0.23303239
20241106_143724_423416838,0.042789318
20241106_143724_668385107,-0.31573325
20241106_143724_913996161,-0.054262206
20241106_143725_160280079,-1.588523
20241106_143725_416315608,0.49572745
20241106_143725_669559597,-0.34585932
20241106_143725_921369862,-0.46346912
20241106_143726_171136477,-0.23487844
20241106_143726_418146926,-0.1430483
20241106_143726_661255761,0.07193377
20241106_143726_910635133,-0.44126976
20241106_143727_160085912,-0.82344544
20241106_143727_417615608,-0.30587518
20241106_143727_663735557,-0.29314002
20241106_143727_909550113,-0.2766201
20241106_143728_158106929,-0.2654844
20241106_143728_406086373,-0.1752738
20241106_143728_656329776,-0.28495845
20241106_143728_903792056,-0.1904635
20241106_143729_164655262,0.14376217
20241106_143729_414190446,-0.046795554
20241106_143729_655388022,-0.11490462
20241106_143729_907537822,0.26731434
20241106_143730_159276045,0.48979196
20241106_143730_406707870,0.5659606
20241106_143730_651077557,-0.17504795
20241106_143730_900219046,-0.07488795
20241106_143731_153519595,-0.3275914
20241106_143731_406169139,-0.39170235
20241106_143732_161550138,0.030167917
20241106_143732_408139895,-0.020629307
20241106_143732_657697437,-0.20982285
20241106_143732_905794344,-0.15113397
20241106_143733_155161619,-0.36840793
20241106_143733_407132728,-0.24066915
20241106_143733_654340717,-0.16369359
20241106_143733_900699358,-0.2385328
20241106_143734_168084718,-0.35716516
20241106_143734_400709109,-0.24972548
20241106_143734_653082748,-1.5942189
20241106_143734_909728036,0.041579045
20241106_143735_163307363,0.12141318
20241106_143735_657994979,0.0055409167
20241106_143735_898638851,0.031729825
20241106_143736_150810175,-0.028165272
20241106_143736_401694669,0.049424388
20241106_143736_658643069,0.044039138
20241106_143736_914640908,0.012205252
20241106_143737_157271390,0.0017472599
20241106_143737_403411476,0.05387176
20241106_143737_660857931,-0.019126346
20241106_143737_903650207,0.2997111
20241106_143738_157138027,0.23314025
20241106_143738_404164223,0.11528046
20241106_143738_667600026,0.081632264
20241106_143738_924421997,0.08458508
20241106_143739_171716666,0.030280689
20241106_143739_415411427,0.02485911
20241106_143739_660456680,0.000693718
20241106_143740_177868023,0.0703894
20241106_143740_418988239,0.20459305
20241106_143740_667494038,0.062887825
20241106_143740_920896718,-0.13335787
20241106_143741_415306690,0.005942533
20241106_143741_659336639,0.80448717
20241106_143741_915002952,1.7445849
20241106_143742_160027256,-0.56260866
20241106_143742_411120805,-0.36995852
20241106_143742_659558518,-0.25593928
20241106_143742_902186691,-0.3414019
20241106_143743_156820167,-0.35631597
20241106_143743_417284004,-0.42030647
20241106_143743_668932849,-0.38333973
20241106_143743_909128451,-0.41157538
20241106_143744_156472313,-0.6439952
20241106_143744_404899900,-0.6141879
20241106_143744_665764457,-0.528807
20241106_143744_906805133,-0.4808812
20241106_143745_151912330,-0.43477467
20241106_143745_404814665,-0.2991954
20241106_143745_659280594,-0.28991973
20241106_143745_909283008,-0.018213598
20241106_143746_164040351,-0.0069596674
20241106_143746_410972020,-0.043175124
20241106_143746_659620512,-0.11203342
20241106_143746_906134765,-0.15178533
20241106_143747_151602480,-0.08690112
20241106_143747_398408890,0.03249464
20241106_143747_648875843,-0.08572092
20241106_143747_898247679,-0.06375655
20241106_143748_151408925,0.3077286
20241106_143748_412123198,0.12660746
20241106_143748_667754952,0.061326034
20241106_143748_917031658,0.09042338
20241106_143749_167062779,-0.07310336
20241106_143749_426677805,-0.2741988
20241106_143749_687026356,-0.6220597
20241106_143749_942694605,-0.9657628
20241106_143750_199068789,-0.49423674
20241106_143750_439076619,-0.34398764
20241106_143750_685939968,-0.5270348
20241106_143750_924681395,-0.35132995
20241106_143751_170481177,-0.33653742
20241106_143751_427545117,0.6226316
20241106_143751_675350451,0.31644434
20241106_143751_924718601,0.26511443
20241106_143752_176001177,0.21091051
20241106_143752_673465435,0.15861233
20241106_143752_924780016,0.19271813
20241106_143753_172527456,0.20436488
20241106_143753_415395876,0.19867285
20241106_143753_666905663,0.14667057
20241106_143754_411025990,0.13813426
20241106_143754_668282284,0.10134397
20241106_143755_408390596,0.11202077
20241106_143755_662680347,0.0923189
20241106_143755_919160551,-0.030876448
20241106_143756_172924255,-0.508679
20241106_143756_420128877,-1.3099414
20241106_143756_670813185,-2.6307364
20241106_143756_919781670,0.3861768
20241106_143757_164429388,-0.14289187
20241106_143757_408453538,0.011608431
20241106_143757_660994847,0.019671837
20241106_143757_908115667,0.11529253
20241106_143758_154181621,0.051450558
20241106_143758_405727237,0.09205822
20241106_143758_655792161,0.09315897
20241106_143758_916117877,0.09587664
20241106_143759_171158238,-0.011163941
20241106_143759_409932219,0.0029817019
20241106_143759_662893281,0.015297392
20241106_143759_906979670,0.923886
20241106_143800_153505488,1.5201942
20241106_143800_408364267,0.46819532
20241106_143800_659299157,1.0011759
20241106_143800_907850181,1.0098213
20241106_143801_155292605,0.3303149
20241106_143801_409118877,0.36232162
20241106_143801_662146801,0.24724145
20241106_143801_918707568,-0.08890613
20241106_143802_178270759,-0.34044853
20241106_143802_436480226,-0.11993294
20241106_143802_683670355,-1.4638277
20241106_143802_927319095,-0.108891636
20241106_143803_189287798,-0.16352464
20241106_143803_432846876,-0.09905597
20241106_143803_676825204,-0.23986073
20241106_143803_920525165,-0.0050271954
20241106_143804_173893219,-0.0028521623
20241106_143804_422994534,-0.14374761
20241106_143804_671677340,-0.021201154
20241106_143804_913659206,-0.1922823
20241106_143805_165696542,-0.14835046
20241106_143805_416545039,-1.4665307
20241106_143805_680853156,-0.06768825
20241106_143805_920769068,-0.22048356
20241106_143806_183762941,-0.36707625
20241106_143806_420051782,-0.008852569
20241106_143806_674805634,0.06253717
20241106_143806_918392939,-0.012401557
20241106_143807_160892466,-0.07972529
20241106_143807_406439575,0.2663438
20241106_143807_659040689,-0.030878862
20241106_143807_913594753,0.29023805
20241106_143808_163978033,0.04823611
20241106_143808_407016814,0.09076867
20241106_143808_656723222,-0.1276051
20241106_143808_904887842,0.048135743
20241106_143809_169102624,0.007008234
20241106_143809_419707637,0.42143893
20241106_143809_672915415,0.046487905
20241106_143809_912007604,-0.045957647
20241106_143810_167265652,0.05397556
20241106_143810_406108228,-0.010906419
20241106_143810_655825121,-0.06052386
20241106_143810_915293584,-0.016124
20241106_143811_174607459,-0.04673215
20241106_143811_414724448,0.08132855
20241106_143811_657744479,0.060846813
20241106_143811_903913868,0.0011936817
20241106_143812_157311391,-0.65408653
20241106_143812_406939507,-0.5964459
20241106_143812_655685814,-0.20513971
20241106_143812_907923224,-0.047501482
20241106_143813_152979177,0.005692819
20241106_143813_403146136,-0.030440709
20241106_143813_901631180,-0.15105458
20241106_143814_163877033,-0.085692905
20241106_143814_408651187,-0.06527009
20241106_143814_660835507,-0.39375797
20241106_143814_913504203,-0.2402127
20241106_143815_164343287,-0.39178047
20241106_143815_416386797,-0.24240486
20241106_143815_665679155,-0.02158176
20241106_143815_918905794,0.03894139
20241106_143816_160762877,0.018071154
20241106_143816_409012227,0.18120266
20241106_143816_670754922,1.3686179
20241106_143816_910749516,1.4636109
20241106_143817_176955178,-0.3257673
20241106_143817_416009011,-0.42236403
20241106_143817_667131336,-0.27702898
20241106_143817_914658371,-0.36060187
20241106_143818_160330019,-0.52492213
20241106_143818_408353099,-1.0370702
20241106_143818_666500846,-1.6913812
20241106_143818_908692858,-0.3720026
20241106_143819_155244028,0.021192187
20241106_143819_410362389,-0.2386448
20241106_143819_669802996,-0.24851479
20241106_143820_165968090,-0.22591771
20241106_143820_409207542,-0.723392
20241106_143820_660631880,-0.7712771
20241106_143820_906377239,-0.5430562
20241106_143821_159425980,-0.36051103
20241106_143821_403638725,-0.09030305
20241106_143821_665410087,-0.3511569
20241106_143821_909609548,-0.04157921
20241106_143822_165638713,-0.031694636
20241106_143822_422032817,-0.20238556
20241106_143822_671100270,-0.20690985
20241106_143822_911274483,-0.40098205
20241106_143823_164387454,-0.69186217
20241106_143823_412261099,0.52094847
20241106_143823_662888571,-1.3535877
20241106_143823_915212728,-0.47406334
20241106_143824_166544414,-0.34116802
20241106_143824_414966861,-0.09120085
20241106_143824_669986901,-0.12976374
20241106_143824_915315495,-0.16616412
20241106_143825_161079101,-0.22194295
20241106_143825_403516357,-0.16543396
20241106_143825_657028844,-0.063098334
20241106_143825_915619317,-0.07228807
20241106_143826_164831199,-0.2357039
20241106_143826_413027424,0.0039935056
20241106_143826_663295826,-0.035551578
20241106_143826_909547406,-0.03976234
20241106_143827_160550314,0.101804115
20241106_143827_416976256,0.5645145
20241106_143827_673805460,-0.6395852
20241106_143827_924656855,-0.22015885
20241106_143828_170460554,0.21722181
20241106_143828_418442471,0.13018222
20241106_143828_670284341,0.07589606
20241106_143828_912259388,0.1894788
20241106_143829_163618276,0.10117362
20241106_143829_410391156,0.08084611
20241106_143829_663114383,0.029628316
20241106_143829_916603420,0.04011009
20241106_143830_164125326,-0.33512992
20241106_143830_407121692,-1.283415
20241106_143830_660303646,-0.6488974
20241106_143830_908547710,-0.84716743
20241106_143831_158777987,-1.4327209
20241106_143831_659788078,-0.6025801
20241106_143831_907584675,-0.67872286
20241106_143832_160185868,-0.86353445
20241106_143832_402547629,-0.17807682
20241106_143832_656278418,-0.24461062
20241106_143832_902679863,-0.100452974
20241106_143833_148505320,-0.44080067
20241106_143833_397503241,0.04749719
20241106_143833_651523498,0.271898
20241106_143833_906588741,0.3587584
20241106_143834_175547326,0.06900332
20241106_143834_406440779,0.09617285
20241106_143834_672126137,-0.109994225
20241106_143834_928291292,0.6441822
20241106_143835_178275302,0.10863472
20241106_143835_421727304,0.10495522
20241106_143835_665356199,0.007813016
20241106_143835_907893499,0.048677303
20241106_143836_159691481,0.00023619272
20241106_143836_405741365,0.032979228
20241106_143836_657813474,0.03865782
20241106_143836_910945048,0.016005913
20241106_143837_164454547,0.05097554
20241106_143837_652046699,0.050191022
20241106_143838_150727270,0.03595368
20241106_143838_659435186,-0.3147921
20241106_143838_910959369,-0.3745037
20241106_143839_164475368,-0.73919094
20241106_143839_407546622,-0.49972737
20241106_143839_654078648,-0.3854712
20241106_143839_907179980,-0.029412894
20241106_143840_151034861,-0.15628107
20241106_143840_401218549,0.9737707
20241106_143840_653007942,0.40889433
20241106_143840_902566171,0.43775904
20241106_143841_153051094,0.42775762
20241106_143841_404746376,0.43939337
20241106_143841_654813500,0.34578726
20241106_143841_902326234,0.37066114
20241106_143842_152603382,0.37035075
20241106_143842_402268380,0.36824927
20241106_143842_652713526,0.36657467
20241106_143842_903729134,0.35670784
20241106_143843_165904139,0.33390838
20241106_143843_412269820,0.31825334
20241106_143843_658671493,0.33232632
20241106_143844_169184920,0.31738114
20241106_143844_913579636,0.29914296
20241106_143845_168403868,0.25050232
20241106_143845_409558527,-0.16135629
20241106_143845_658968630,-0.33489358
20241106_143845_911508241,-0.18292813
20241106_143846_164754300,-0.17863344
20241106_143846_415335095,-0.11330076
20241106_143846_669346286,-0.26831913
20241106_143847_156697052,-0.19411899
20241106_143847_664737732,-0.15491302
20241106_143848_159938671,-0.23552223
20241106_143848_402742669,-0.016421875
20241106_143848_658052670,0.2945409
20241106_143848_911246260,1.8328042
20241106_143849_161900117,-0.26224747
20241106_143849_414551554,-0.9684254
20241106_143849_657859151,-1.2712114
20241106_143849_908868478,0.60521394
20241106_143850_163445304,0.49595693
20241106_143850_416587026,0.5372348
20241106_143850_663638467,0.5475281
20241106_143850_905801513,0.57557154
20241106_143851_158926903,0.21847902
20241106_143851_403490061,-1.0253867
20241106_143851_657910644,-0.2272679
20241106_143851_902268882,-0.057893686
20241106_143852_153673126,0.08002672
20241106_143852_405042256,0.6275266
20241106_143852_661672919,0.4926683
20241106_143852_908502309,0.30287653
20241106_143853_167623452,0.36319363
20241106_143853_419591245,0.22936048
20241106_143853_918454585,0.0220686
20241106_143854_169468967,0.14321353
20241106_143854_415383791,0.047808744
20241106_143854_668765864,0.15074964
20241106_143854_912309356,0.08866469
20241106_143855_156981376,0.12691145
20241106_143855_404578132,0.1672415
20241106_143855_654465761,0.51838624
20241106_143855_906503987,-0.22920318
20241106_143856_165240307,1.5058789
20241106_143856_413790358,-0.32119188
20241106_143856_672279642,-0.3073224
20241106_143856_915245244,-0.40541348
20241106_143857_167745857,-0.2511538
20241106_143857_664144503,-0.27828506
20241106_143858_159293386,-0.29264095
20241106_143858_404913663,-0.1012342
20241106_143858_660115933,-0.049731694
20241106_143858_910213395,-0.12204113
20241106_143859_169254597,-0.33108765
20241106_143859_408291562,-0.39213216
20241106_143859_907182298,-1.2401927
20241106_143900_160175103,0.15233056
20241106_143900_410616459,0.072609045
20241106_143900_662281297,0.08023832
20241106_143900_908444631,0.040144302
20241106_143901_172024983,0.4203587
20241106_143901_419330101,-0.39180484
20241106_143901_666363240,-0.6456557
20241106_143901_908786202,-0.5247783
20241106_143902_169054713,-0.5071845
20241106_143902_409070689,-0.43735272
20241106_143902_656714661,-0.3776653
20241106_143902_903740800,-0.3387579
20241106_143903_152935201,-0.41033423
20241106_143903_406929001,-0.52645916
20241106_143903_659781421,-0.55954975
20241106_143903_914519513,-0.5771486
20241106_143904_165458750,-0.38806984
20241106_143904_658713811,-0.37940067
20241106_143905_154058394,-0.2779941
20241106_143905_406613726,-0.37502354
20241106_143905_669148644,-0.45958742
20241106_143905_925592107,-0.48486194
20241106_143906_174618540,-0.71124566
20241106_143906_412863489,-0.41943806
20241106_143906_676832062,-0.632737
20241106_143906_925355574,-0.68227315
20241106_143907_169307830,-0.83966774
20241106_143907_416006226,-0.58949727
20241106_143907_672780837,-1.3170308
20241106_143907_919640322,-1.3040226
20241106_143908_164669344,-0.8193069
20241106_143908_410222269,-0.514466
20241106_143908_918496368,-0.5919848
20241106_143909_169762873,-0.7098575
20241106_143909_416092494,-0.65641123
20241106_143909_674030984,-1.1810793
20241106_143909_919237747,1.1623671
20241106_143910_169424613,-0.01214393
20241106_143910_427140878,0.062209643
20241106_143910_667487968,-0.263502
20241106_143910_918834234,-0.13879539
20241106_143911_177431916,-0.13187881
20241106_143911_415483528,-0.0016926732
20241106_143912_159508570,0.021854201
20241106_143912_407144768,-0.07579865
20241106_143912_654902505,-0.13398571
20241106_143913_414810888,-0.034695767
20241106_143913_663640741,-0.12021183
20241106_143913_910938085,-0.094626985
20241106_143914_162639251,-0.091016136
20241106_143914_419013973,-0.093338035
20241106_143914_672036508,-0.1429226
20241106_143915_162008939,-0.08575102
20241106_143915_408393221,-0.047876798
20241106_143915_662428865,-0.15487929
20241106_143916_157530942,-0.084684156
20241106_143916_910174789,-0.04357644
20241106_143917_154291134,0.24250697
20241106_143917_406286703,0.18222724
20241106_143917_659478306,0.24502592
20241106_143917_904418395,0.1567478
20241106_143918_150270248,0.15124433
20241106_143918_397450471,0.266292
20241106_143918_651851390,0.46075988
20241106_143918_901596066,0.7100436
20241106_143919_159480854,2.5292034
20241106_143919_416840252,-0.3564233
20241106_143919_680311126,0.7916012
20241106_143919_938609661,0.16266774
20241106_143920_186480345,0.2087309
20241106_143920_430687980,0.16189645
20241106_143920_685649481,0.09904181
20241106_143920_935230457,0.06259326
20241106_143921_182417314,-0.018698892
20241106_143921_415370053,-0.117431246
20241106_143921_911111598,-0.005450448
20241106_143922_162467804,0.024749914
20241106_143922_403634052,-0.01423808
20241106_143922_658483263,-0.06397321
20241106_143922_910432199,0.026085535
20241106_143923_159129852,0.05771772
20241106_143923_669557449,0.07731197
20241106_143923_917641773,0.09975574
20241106_143924_162760371,0.6162056
20241106_143924_405670223,1.1667036
20241106_143924_662409705,0.18826793
20241106_143924_912617693,0.05476693
20241106_143925_186140827,0.1425422
20241106_143925_417228041,0.1823092
20241106_143925_671172368,0.1772347
20241106_143925_925073299,0.17551933
20241106_143926_161002549,0.17357223
20241106_143926_654072800,0.1739764
20241106_143926_899683985,-0.13804205
20241106_143927_156821099,-0.028669735
20241106_143927_656492723,0.044205643
20241106_143927_907341764,0.032722928
20241106_143928_156164272,-0.00052668713
20241106_143928_411135379,-0.041983806
20241106_143929_154869249,-0.0757164
20241106_143929_655278915,-0.077506445
20241106_143929_906892807,0.02616481
20241106_143930_162605766,-0.10602202
20241106_143930_411182771,-0.06755113
20241106_143930_666745426,0.1978181
20241106_143930_909960089,0.042593636
20241106_143931_160869536,1.2921603
20241106_143931_416596722,-0.22373708
20241106_143931_666397247,-0.27536362
20241106_143931_907592127,-0.29230252
20241106_143932_165402277,-0.19471468
20241106_143932_664251189,-0.19599862
20241106_143933_153406829,-0.2031575
20241106_143933_411155868,-0.1504838
20241106_143933_669500257,-0.33737347
20241106_143933_909378750,-0.21611042
20241106_143934_190101263,-0.17865922
20241106_143934_415634553,-0.6047171
20241106_143934_659780816,-0.4156255
20241106_143935_155578072,-0.3999309
20241106_143935_402924830,-0.46507975
20241106_143935_651531882,-0.41330305
20241106_143935_897193899,-0.471143
20241106_143936_146002484,0.10410134
20241106_143936_398057759,0.1133964
20241106_143936_650346107,0.007731879
20241106_143937_396601580,0.039102763
20241106_143937_650217029,0.5285219
20241106_143937_898359472,0.2160848
20241106_143938_147681021,0.18473639
20241106_143938_399105398,0.08307563
20241106_143938_663855941,0.035231806
20241106_143938_912278887,0.4650212
20241106_143939_162316261,0.04974834
20241106_143939_408845103,-0.10781851
20241106_143939_657637305,-0.15963675
20241106_143939_906586553,-0.24986024
20241106_143940_152576112,-0.78179246
20241106_143940_407121437,-0.42263073
20241106_143940_654070539,-0.011504119
20241106_143940_899050039,0.2698824
20241106_143941_151207630,0.40767604
20241106_143941_399911027,0.23427628
20241106_143941_657813601,0.09438312
20241106_143941_904496064,-0.08941265
20241106_143942_164018305,0.097735025
20241106_143942_409170094,0.062017657
20241106_143942_657798021,-0.18007962
20241106_143943_161500804,-0.057985567
20241106_143945_653908239,-0.07993629
20241106_143945_904031741,-0.21950702
20241106_143946_158043837,-0.29970074
20241106_143946_655809872,0.23523422
20241106_143947_162192742,0.4732307
20241106_143947_659492272,-0.04902538
20241106_143947_902558238,-0.15541105
20241106_143948_154702286,-0.25044733
20241106_143948_404852117,-0.2277642
20241106_143948_652481988,0.014541479
20241106_143949_167451968,0.07871725
20241106_143949_414545928,-0.75788325
20241106_143949_654048261,-0.8395066
20241106_143950_413870558,-0.9435133
20241106_143950_661210082,-0.08181393
20241106_143950_906996731,-0.7568526
20241106_143951_156145661,-0.39549088
20241106_143951_410759622,-0.4839389
20241106_143951_660529863,-0.6510765
20241106_143952_150712180,-0.41849163
20241106_143952_411800303,-0.39568323
20241106_143952_659938341,-0.22495988
20241106_143952_903580333,0.45010856
20241106_143953_157152533,0.26392877
20241106_143953_399853031,0.2340628
20241106_143953_649504674,0.08256742
20241106_143953_899398817,2.1982696
20241106_143954_155423656,-0.04991124
20241106_143954_412134519,-0.66328925
20241106_143954_665862107,0.1348075
20241106_143954_910291085,0.5699534
20241106_143955_177297310,0.52284586
20241106_143955_424628576,0.30689433
20241106_143955_672810116,0.22635217
20241106_143955_910413523,2.1142697
20241106_143956_160091127,0.24678074
20241106_143956_402544438,0.060508274
20241106_143956_655325568,-0.20284279
20241106_143956_897561992,-0.3075736
20241106_143957_147738526,0.13269882
20241106_143957_398169267,0.11461774
20241106_143957_655448003,0.93624634
20241106_143957_907989713,0.5106658
20241106_143958_166673341,0.43663663
20241106_143958_417448640,0.3373904
20241106_143958_906915046,0.41492546
20241106_143959_155337397,0.22947742
20241106_143959_405332597,0.2636413
20241106_143959_654821659,0.4902613
20241106_143959_903219367,0.31438723
20241106_144000_153436576,-0.15288027
20241106_144000_416344278,-0.21812163
20241106_144000_670839770,-0.20519002
20241106_144000_916005153,-0.086674236
20241106_144001_162438124,-0.07061019
20241106_144001_416056299,-0.1639777
20241106_144001_670656913,-0.19655456
20241106_144001_921136159,0.34806848
20241106_144002_164226156,-0.003948642
20241106_144002_407062491,-0.026479175
20241106_144002_666335638,0.051511355
20241106_144003_157651585,-0.061391972
20241106_144003_408384047,-0.043637477
20241106_144003_654995962,-0.0366942
20241106_144004_152042895,0.16133688
20241106_144004_400968549,0.09390811
20241106_144004_651255524,0.0040940437
20241106_144004_898437952,-0.04495337
20241106_144005_152422743,-0.4179754
20241106_144005_398871077,-0.63862914
20241106_144005_647252280,-0.19666223
20241106_144005_908159721,-0.04551921
20241106_144006_166081833,0.037174977
20241106_144006_653119967,-0.14534415
20241106_144006_899485707,-0.17867224
20241106_144007_159714948,-0.17404293
20241106_144007_418214857,-0.14196526
20241106_144007_666296457,-0.27372754
20241106_144007_911768544,-1.661065
20241106_144008_165184885,-0.5262159
20241106_144008_411340393,0.21119402
20241106_144008_667252943,-0.33418605
20241106_144008_907271819,-0.49530903
20241106_144009_175894804,-0.29894283
20241106_144009_418141001,-0.21503963
20241106_144009_660727749,-0.310558
20241106_144009_905738076,-0.25407457
20241106_144010_163226687,-0.21643342
20241106_144010_411805455,-0.24070598
20241106_144010_661237499,-0.26851887
20241106_144010_909974417,-0.17203362
20241106_144011_159541297,-0.27162912
20241106_144011_411023928,-0.19922306
20241106_144011_657235337,-0.22511274
20241106_144012_916733740,-1.4472197
20241106_144013_169706048,-0.8546765
20241106_144013_413590918,-0.4155995
20241106_144013_666529661,-0.48562917
20241106_144014_152750169,-0.3717731
20241106_144014_406722327,-0.5141117
20241106_144014_659648899,-0.33924085
20241106_144014_899213280,-0.2656667
20241106_144015_154669827,-0.24099322
20241106_144015_411539805,-0.21055208
20241106_144015_662755773,-0.29437387
20241106_144015_904664193,-0.34474066
20241106_144016_159494936,-0.38581148
20241106_144016_405606063,-0.40555248
20241106_144016_661035836,-0.43325052
20241106_144017_163698203,-0.26164603
20241106_144017_409978029,-0.20284759
20241106_144017_660974717,-0.05155637
20241106_144017_906820869,-0.11630421
20241106_144018_166171460,0.0399722
20241106_144018_409136351,-0.01000612
20241106_144018_669177681,-0.045922183
20241106_144019_658254675,-0.046518587
20241106_144019_907864527,0.015360454
20241106_144020_165567817,0.10022584
20241106_144020_409633404,0.03633634
20241106_144020_662098536,-0.0053088274
20241106_144020_915722780,0.05149225
20241106_144021_163940785,0.051533617
20241106_144021_662282234,-0.004962465
20241106_144021_908833669,-0.079486154
20241106_144022_152307714,-0.14000572
20241106_144022_401384695,-0.08937549
20241106_144022_654334184,-0.08620965
20241106_144022_898009636,-0.11240443
20241106_144023_155896532,-0.14227594
20241106_144023_672674252,-0.17807548
20241106_144023_913711044,-0.1430933
20241106_144024_650065335,-0.115100645
20241106_144025_149675121,-0.22838216
20241106_144025_398556620,-0.24302985
20241106_144025_657449136,-0.1702847
20241106_144026_656573288,-0.19770052
20241106_144026_903531243,-0.50496936
20241106_144027_164524131,-0.75328404
20241106_144027_406413477,-0.8217321
20241106_144027_653084341,-0.38705382
20241106_144028_152948237,0.07973037
20241106_144028_403927240,-0.061971866
20241106_144028_661283296,-0.1491101
20241106_144028_906367155,-0.17331763
20241106_144029_158985779,-0.19280948
20241106_144029_404647072,-0.21138902
20241106_144029_651673595,-0.1678739
20241106_144029_903710593,-0.17967255
20241106_144030_152781965,-0.15752198
20241106_144030_405968857,-0.1829053
20241106_144030_654974376,-0.20637526
20241106_144030_898066021,-0.17821227
20241106_144031_162763236,-0.38912624
20241106_144031_406733040,-0.44214913
20241106_144031_665473350,-0.15802856
20241106_144032_156094614,-0.10858398
20241106_144032_401363379,-0.1507719
20241106_144032_917799309,-0.24178483
20241106_144033_165155066,-0.18950318
20241106_144033_408875144,-0.3252365
20241106_144033_666841593,-0.5399777
20241106_144033_918865554,-0.6966249
20241106_144034_189837385,-0.72987425
20241106_144034_419068699,-1.215653
20241106_144034_670910834,-1.3165675
20241106_144034_908771700,0.10647563
20241106_144035_165457811,-0.53644425
20241106_144035_410429387,-0.48887056
20241106_144035_662174379,-1.1850678
20241106_144035_915339440,-0.5884363
20241106_144036_178834936,-0.84476614
20241106_144036_425106649,-0.77776855
20241106_144036_672128668,-0.75815344
20241106_144036_926495665,-1.1096725
20241106_144037_179005182,-0.36034992
20241106_144037_414991151,-0.24223723
20241106_144037_669809428,0.11140845
20241106_144037_926663040,0.08831737
20241106_144038_174891219,-0.050892256
20241106_144038_418901053,-0.026889822
20241106_144038_663195210,-0.14218931
20241106_144038_914681803,-0.07495203
20241106_144039_155244097,-0.37851992
20241106_144039_403426249,-0.82416177
20241106_144039_665125338,-0.24574877
20241106_144039_907546118,-0.20143537
20241106_144040_168676037,-0.41386858
20241106_144040_408178751,-0.3661261
20241106_144040_659395213,-0.28323433
20241106_144040_905489393,-0.15934376
20241106_144041_151218488,-0.42608735
20241106_144041_675327898,-0.31949118
20241106_144042_173715512,-0.42259803
20241106_144042_421158229,-0.28190687
20241106_144043_174273593,-0.13004805
20241106_144043_662440288,-0.35527167
20241106_144043_904009460,-0.37867182
20241106_144044_156394656,-0.58135706
20241106_144044_657992860,-0.44257456
20241106_144044_902910607,-0.63498443
20241106_144045_151952027,-1.0756751
20241106_144045_402297963,-0.77374786
20241106_144045_656833486,-1.2817917
20241106_144045_905645088,-0.48543295
20241106_144046_160053109,-0.7670476
20241106_144046_413380820,0.06915526
20241106_144046_682302730,0.70618093
20241106_144046_918709267,0.15175466
20241106_144047_180579861,0.38069317
20241106_144047_423894907,0.2140706
20241106_144047_665465240,0.038089253
20241106_144047_911287407,0.18406628
20241106_144048_160573993,0.028338889
20241106_144048_408677257,-0.0493572
20241106_144048_664164355,0.028914372
20241106_144048_910689289,0.08117623
20241106_144049_163243483,0.09488294
20241106_144049_408948839,0.08942447
20241106_144049_658793276,0.0060055647
20241106_144049_912491831,-0.047396265
20241106_144050_158900762,-0.1420561
20241106_144050_412438999,-0.013919195
20241106_144050_662533939,0.16259612
20241106_144050_906659297,0.09523586
20241106_144051_415126008,0.05252806
20241106_144051_665125136,0.06115655
20241106_144051_913924308,0.115894295
20241106_144052_188539381,-0.14724137
20241106_144052_429943798,-0.11352029
20241106_144052_686602096,-0.1194352
20241106_144052_933481934,-0.39754915
20241106_144053_173071544,-0.5030025
20241106_144053_414071457,-0.2742281
20241106_144053_661118040,-0.1993698
20241106_144053_902141296,-0.16303544
20241106_144054_161482400,-0.19414951
20241106_144054_405869493,-0.17129932
20241106_144054_657496057,-0.1666715
20241106_144054_905034116,0.95702887
20241106_144055_151558387,0.18247573
20241106_144055_401739016,0.22413556
20241106_144055_660204634,0.20910425
20241106_144055_910445324,0.22047083
20241106_144056_162300279,0.19508694
20241106_144056_400645347,0.17949478
20241106_144056_650691849,0.19213916
20241106_144056_904832622,0.17878594
20241106_144057_155701186,0.12331308
20241106_144057_652271435,0.09326211
20241106_144057_898973694,-0.028620383
20241106_144058_165323812,-0.015775522
20241106_144058_663127275,0.2623285
20241106_144058_909751297,0.20089634
20241106_144059_167060200,0.11361808
20241106_144059_419836211,0.13879482
20241106_144059_688108170,-0.056047857
20241106_144059_934120766,-0.24884577
20241106_144100_185076310,0.8633989
20241106_144100_423745309,0.8902894
20241106_144100_667847778,0.26415005
20241106_144100_911351114,0.25258645
20241106_144101_158479752,-0.0057019796
20241106_144101_406527452,-0.16336007
20241106_144101_657134795,-0.21050455
20241106_144101_905611302,-0.23769094
20241106_144102_160319744,-0.29763445
20241106_144102_670329464,0.052082054
20241106_144103_162960340,-0.8741947
20241106_144103_414630626,-0.8229692
20241106_144103_687039146,-0.37499163
20241106_144103_922052223,-0.25352275
20241106_144104_178369561,-0.47377482
20241106_144104_427282659,-0.27433982
20241106_144104_685304925,-0.5915664
20241106_144105_183463072,-0.18119581
20241106_144105_414910034,-0.24323958
20241106_144105_676825327,-0.8681772
20241106_144105_917682544,-0.31757006
20241106_144106_173249863,-0.29996863
20241106_144106_414362074,-0.2273988
20241106_144106_910118081,0.046311148
20241106_144107_159656603,0.093180545
20241106_144108_156537858,0.010692069
20241106_144108_408470575,-0.23050027
20241106_144108_657113542,-0.20624478
20241106_144108_901799786,-0.5905066
20241106_144109_152234597,-0.2740905
20241106_144109_411185180,-0.605326
20241106_144109_660304482,-0.6803788
20241106_144110_151418894,-0.3191112
20241106_144110_398105241,-0.29380617
20241106_144110_652204842,-0.2909332
20241106_144110_902574579,-0.2655343
20241106_144111_154486077,-0.23963855
20241106_144111_900403410,-0.21264802
20241106_144112_403055676,-0.16491602
20241106_144112_661515187,-0.1816004
20241106_144112_903871490,-0.3552082
20241106_144113_151510739,-0.5668004
20241106_144113_659890966,0.094455205
20241106_144113_899531565,-0.04243567
20241106_144114_150221362,-0.17247598
20241106_144114_398788223,-0.10841828
20241106_144114_676230110,-0.29730448
20241106_144114_908651062,-0.20215033
20241106_144115_163287878,-0.13090758
20241106_144115_413093430,-0.071177445
20241106_144115_671882158,-0.19478671
20241106_144115_918654387,-0.45638344
20241106_144116_167529371,-0.53131765
20241106_144116_662088005,-0.28788623
20241106_144116_912050803,-0.20707522
20241106_144117_163863698,-0.22087313
20241106_144117_902270683,-0.19616587
20241106_144118_151995332,-0.19265778
20241106_144118_649109802,-0.16210003
20241106_144118_898747271,-0.008460483
20241106_144119_149143079,-0.13797621
20241106_144119_652994023,-0.05891081
20241106_144119_900344512,-0.13657783
20241106_144120_154259025,-0.3479897
20241106_144120_402293652,-0.5447294
20241106_144120_656920975,-0.6640825
20241106_144120_900390686,-0.2740215
20241106_144121_400451638,-0.08072033
20241106_144121_649389038,-0.16886137
20241106_144121_896002573,-0.30719078
20241106_144122_900141033,-0.11354356
20241106_144124_151475511,-0.13805293
20241106_144124_399994696,-0.29793212
20241106_144124_658692295,-0.46918848
20241106_144124_902275438,-0.7037453
20241106_144125_148790867,-2.997017
20241106_144125_404208370,-0.453109
20241106_144125_667013141,-0.03635394
20241106_144125_910140727,0.033215
20241106_144126_161531707,0.086369485
20241106_144126_414913345,-0.1984848
20241106_144126_660564587,-0.51153064
20241106_144126_918069793,-0.8247495
20241106_144127_157942935,-0.43380228
20241106_144127_399481902,-0.31632552
20241106_144127_654014888,-0.6380405
20241106_144127_902179271,-0.57001036
20241106_144128_147305147,-1.0040025
20241106_144128_409178932,-0.8809365
20241106_144128_653571140,-0.93121535
20241106_144128_906488457,-0.64590067
20241106_144129_158323920,-0.763666
20241106_144129_406041722,-0.9745911
20241106_144129_656165031,-1.1993644
20241106_144129_900650069,-0.7203675
20241106_144130_152809919,-0.50853574
20241106_144130_407002896,-0.5187777
20241106_144130_653541430,0.2666876
20241106_144130_901318645,-0.11045297
20241106_144131_150383686,-0.037548326
20241106_144131_398048592,-0.22309317
20241106_144131_650728366,-0.5328324
20241106_144131_900168864,-0.34289882
20241106_144132_155891000,-0.33540872
20241106_144132_403687116,-0.14961316
20241106_144132_651829018,-0.36737227
20241106_144132_901272186,-0.4457951
20241106_144133_146805257,-0.52192205
20241106_144133_396987873,-0.47022513
20241106_144133_652466886,-0.46264952
20241106_144133_906964244,-0.37820765
20241106_144134_185187668,-0.22446223
20241106_144134_404944794,-0.29348022
20241106_144134_653278207,-0.18165971
20241106_144134_899606402,-0.083279334
20241106_144135_155306441,-0.17145361
20241106_144135_403849135,-0.1621656
20241106_144135_657312185,-0.24935426
20241106_144135_904656480,-0.21079113
20241106_144136_916042726,0.8903629
20241106_144137_170319216,0.4456633
20241106_144137_419111957,0.1946737
20241106_144137_665650930,0.0954558
20241106_144137_919298869,-0.18245308
20241106_144138_170443785,-0.29553613
20241106_144138_416094579,-0.11789473
20241106_144138_665949518,-0.043312393
20241106_144138_910116529,-0.040906154
20241106_144139_154274896,-0.024361094
20241106_144139_411836493,-0.17786588
20241106_144139_660461795,-0.26713243
20241106_144139_917791103,-0.24381061
20241106_144140_166513527,2.8111064
20241106_144140_411078450,0.101662315
20241106_144140_667581022,-1.635713
20241106_144140_912701946,-0.35064378
20241106_144141_166658156,1.0673145
20241106_144141_418117734,0.38267013
20241106_144141_661953686,0.48957554
20241106_144141_910948345,-1.1497
20241106_144142_155427924,-0.45083022
20241106_144142_405958740,-0.5215325
20241106_144142_658090790,-0.7864305
20241106_144142_907643523,-0.4048401
20241106_144143_171510642,-0.49356225
20241106_144143_415518945,-0.86789197
20241106_144143_674562189,-0.068540215
20241106_144143_912504753,0.10454158
20241106_144144_161557511,-0.089761116
20241106_144144_406915016,-0.30532643
20241106_144144_657284194,-0.23508568
20241106_144144_909825479,0.3859965
20241106_144145_181693236,-0.12706827
20241106_144145_431017695,-0.027065178
20241106_144145_675401156,-0.13139595
20241106_144145_917899314,0.19050275
20241106_144146_162706905,-0.066775404
20241106_144146_409320903,0.18215482
20241106_144146_657514702,-0.44165382
20241106_144146_912528645,-0.87751085
20241106_144147_160340454,-0.43752402
20241106_144147_410181552,-0.7790453
20241106_144147_667015347,-0.34417775
20241106_144147_911559509,-0.2548761
20241106_144148_158532917,-0.026746502
20241106_144148_406211010,0.48836246
20241106_144148_659700567,0.47837624
20241106_144148_902603996,0.2092755
20241106_144149_166690939,0.3795275
20241106_144149_411252924,-0.48306358
20241106_144149_657003401,0.28509647
20241106_144149_905815353,0.2909564
20241106_144150_153470584,1.0388181
20241106_144150_401875601,-0.91017777
20241106_144150_651097789,-0.033444606
20241106_144150_896987719,-0.22067513
20241106_144151_153927184,-0.42745638
20241106_144151_401727030,-0.8295908
20241106_144151_653042569,-0.47254536
20241106_144151_906790569,-1.3874038
20241106_144152_164065345,0.62767476
20241106_144152_403580399,0.9907251
20241106_144152_655152018,-0.6580893
20241106_144152_904833402,-0.6462795
20241106_144153_149427957,-1.069085
20241106_144153_407115752,-0.23768003
20241106_144153_666002604,0.010153709
20241106_144153_911684394,0.18929209
20241106_144154_161584263,0.30264154
20241106_144154_403596669,0.18859266
20241106_144154_654964000,0.23550807
20241106_144154_910742437,0.24276112
20241106_144155_162622645,0.27406958
20241106_144155_414925394,0.26127186
20241106_144155_660107664,0.4632575
20241106_144155_913941981,0.5020554
20241106_144156_175435867,-0.04416939
20241106_144156_416465346,-0.40666506
20241106_144156_664332880,-0.31997344
20241106_144157_155705575,-0.70015305
20241106_144157_422756044,-0.47667092
20241106_144157_667707630,-0.4096543
20241106_144157_909344783,-0.20764573
20241106_144158_166631721,2.375787
20241106_144158_409858033,1.3507961
20241106_144158_658336165,0.5255893
20241106_144158_904348791,-0.18175317
20241106_144159_153985648,0.044526972
20241106_144159_400616318,-0.016388854
20241106_144159_658235320,0.860792
20241106_144159_905012887,-0.42731237
20241106_144200_161529061,0.7186277
20241106_144200_413369049,-0.70701826
20241106_144200_656739421,0.07040201
20241106_144200_914768669,-0.01042282
20241106_144201_165155077,-0.069770835
20241106_144201_408303190,0.02903696
20241106_144201_662182012,0.037025787
20241106_144201_906277090,-0.6476961
20241106_144202_152272927,-0.29044798
20241106_144202_398027309,-0.9705174
20241106_144202_659309778,-0.439424
20241106_144202_906837797,-0.16809252
20241106_144203_161189020,-0.3971146
20241106_144203_407560062,-0.2492602
20241106_144203_660079815,-0.36268416
20241106_144203_905429196,-0.6161815
20241106_144204_157255636,0.013216237
20241106_144204_404847960,-0.19180651
20241106_144204_658256914,-0.48356622
20241106_144204_904202543,-0.14172895
20241106_144205_154640730,-0.016488882
20241106_144205_406449656,-0.052950345
20241106_144205_658652140,-0.1834652
20241106_144205_907878739,-0.9117259
20241106_144206_159409279,0.83185
20241106_144206_410117345,0.40403658
20241106_144206_673393382,0.08552078
20241106_144206_933184245,0.08197049
20241106_144207_170196070,-0.3626965
20241106_144207_410822140,-0.40482023
20241106_144207_666438342,-0.39744788
20241106_144207_905448197,-0.12894084
20241106_144208_156119555,-0.3982193
20241106_144208_402072383,-0.14276655
20241106_144208_646357097,-0.28384197
20241106_144208_897626108,-0.12227323
20241106_144209_149227472,-0.34424773
20241106_144209_397579453,-0.07176133
20241106_144209_651825196,0.26103467
20241106_144209_899903277,0.43049964
20241106_144210_152283503,0.1830887
20241106_144210_403316724,1.5234367
20241106_144210_657690904,-0.13102056
20241106_144210_898325232,-0.06270218
20241106_144211_160526093,0.15102385
20241106_144211_407560807,0.18147103
20241106_144211_663298337,0.07344393
20241106_144211_912448808,1.1150647
20241106_144212_162234535,-0.03820171
20241106_144212_414351353,0.88492876
20241106_144212_667453705,0.3255035
20241106_144212_901915599,0.27918288
20241106_144213_155484878,0.54150695
20241106_144213_403427482,1.2467077
20241106_144213_658778798,-0.5225259
20241106_144213_905750685,-0.8518366
20241106_144214_159187009,-0.3694846
20241106_144214_405819721,-0.053775035
20241106_144214_656167175,-0.1981784
20241106_144214_903249445,-0.31016445
20241106_144215_166605012,0.37736192
20241106_144215_419782252,0.38009933
20241106_144215_677846637,0.52766
20241106_144215_916059511,0.3815395
20241106_144216_162986365,0.14414172
20241106_144216_420074545,0.12685178
20241106_144216_672551900,-0.124191724
20241106_144216_918760259,-1.0405817
20241106_144217_170183912,-0.5210674
20241106_144217_417138578,-0.091925316
20241106_144217_667308425,-0.014693378
20241106_144217_914523156,-0.2825882
20241106_144218_156411694,-0.3023326
20241106_144218_399953420,-0.06052906
20241106_144218_655185350,0.17791073
20241106_144218_907047301,0.1455939
20241106_144219_157162278,0.1597722
20241106_144219_407132395,0.11739675
20241106_144219_663688273,-0.06870254
20241106_144219_911980332,-0.076802574
20241106_144220_169625370,-0.0120195355
20241106_144220_410202553,-0.15337314
20241106_144220_664267767,-0.23103087
20241106_144220_910090792,-0.19020523
20241106_144221_164672224,-0.30961877
20241106_144221_404881310,0.19346088
20241106_144221_659526714,0.027237633
20241106_144221_917343159,0.78087837
20241106_144222_160347975,0.1539438
20241106_144222_410333015,-0.03427782
20241106_144222_658411797,0.2729077
20241106_144222_911224666,0.011472205
20241106_144223_157624905,-0.038195025
20241106_144223_403898659,0.10973386
20241106_144224_160366785,0.14263926
20241106_144224_411772588,0.20853324
20241106_144224_667503927,-0.15779568
20241106_144224_918326259,-0.34832868
20241106_144225_174609298,-0.1999626
20241106_144225_416687103,-0.0942835
20241106_144225_657742579,-0.07361194
20241106_144225_905341996,-0.24660839
20241106_144226_156489374,-0.13542445
20241106_144226_412641257,0.08181472
20241106_144226_661330592,1.4421288
20241106_144226_905895601,-1.068972
20241106_144227_156691858,-0.6949529
20241106_144227_407604347,-1.2338264
20241106_144227_662096984,0.6059129
20241106_144227_904902134,0.47076583
20241106_144228_155481266,-0.69224495
20241106_144228_408042964,-0.44144017
20241106_144228_659832161,-0.5115077
20241106_144228_911818540,-0.5540932
20241106_144229_165780702,-0.47549453
20241106_144229_419805313,-0.4277067
20241106_144229_667743153,-0.4434583
20241106_144230_166604857,-0.15771459
20241106_144230_404451220,-0.47748747
20241106_144230_660631187,-0.161489
20241106_144231_163537222,-0.60403466
20241106_144231_408533790,-1.1880006
20241106_144231_657142908,0.5948474
20241106_144231_906220788,0.0111437235
20241106_144232_164894328,-0.9337006
20241106_144232_406103023,-1.5620948
20241106_144232_653844641,-1.0939478
20241106_144232_904814398,-0.90897566
20241106_144233_155603171,-0.5023615
20241106_144233_402673670,-0.07111329
20241106_144233_653630494,-0.42970288
20241106_144234_161698838,-0.2516692
20241106_144234_397174642,0.118663006
20241106_144234_651813189,-0.1650622
20241106_144235_157813110,-0.108035885
20241106_144235_403919386,-0.17382778
20241106_144235_662125213,-0.14495529
20241106_144235_916838998,-0.05146899
20241106_144236_167116260,-0.16647638
20241106_144236_420578160,-0.51657814
20241106_144236_678948967,-0.2168021
20241106_144236_924403619,-0.28395978
20241106_144237_408894006,-0.9767882
20241106_144237_659601757,-1.6794931
20241106_144237_900457448,-0.23635341
20241106_144238_161588857,0.060926296
20241106_144238_405538635,0.07264481
20241106_144238_662703417,-0.14996369
20241106_144238_909696179,-0.19080104
20241106_144239_154572849,-0.08443185
20241106_144239_407096956,-0.27067098
20241106_144239_654338582,-0.33830282
20241106_144239_908647784,-0.08253714
20241106_144240_155028452,-0.20081885
20241106_144240_402005684,-0.21482755
20241106_144241_150609912,-0.55789024
20241106_144241_657867876,-0.30236766
20241106_144241_902254595,-1.4990351
20241106_144242_157036470,0.7920542
20241106_144242_399943468,0.9616847
20241106_144242_655761891,-0.36124155
20241106_144242_904204961,-0.7196554
20241106_144243_154439445,-0.8222512
20241106_144243_410200931,-1.3985931
20241106_144243_669607537,-0.12383493
20241106_144243_905004476,-0.4464743
20241106_144244_170159495,0.02123777
20241106_144244_419283909,-0.23483302
20241106_144244_669901373,-0.6862499
20241106_144244_919570011,-0.18237118
20241106_144245_165987247,-0.056605183
20241106_144245_413192706,-0.26945418
20241106_144245_658613208,-1.1122724
20241106_144245_903945951,0.9321405
20241106_144246_153309750,-1.0648242
20241106_144246_410979064,0.43288198
20241106_144246_661411977,0.23912017
20241106_144246_912285792,1.17936
20241106_144247_165356296,1.7408235
20241106_144247_404641156,1.4201277
20241106_144247_666279361,-0.7283505
20241106_144247_909401288,-0.83884495
20241106_144248_169120140,-0.09957012
20241106_144248_400965135,0.11005626
20241106_144248_657327109,-0.690483
20241106_144248_905041579,0.292263
20241106_144249_162768706,0.3580638
20241106_144249_404707740,0.19723712
20241106_144249_654788617,0.142926
20241106_144249_898188165,0.42396516
20241106_144250_153471933,0.3875158
20241106_144250_404704650,0.5974441
20241106_144250_653290280,-1.3477905
20241106_144250_899567739,0.09368356
20241106_144251_156274442,0.081055045
20241106_144251_402282269,1.2023622
20241106_144251_650801296,0.13583934
20241106_144251_901869594,-0.9670371
20241106_144252_156703692,-0.49103847
20241106_144252_404406209,2.4187846
20241106_144252_656219702,-0.16138493
20241106_144252_901307821,-1.4732603
20241106_144253_155777348,-1.2922846
20241106_144253_404052501,-0.22697534
20241106_144253_656612663,-0.53984225
20241106_144253_908080028,-0.412219
20241106_144254_157915325,-0.35504156
20241106_144254_395878450,-0.2691243
20241106_144254_647754304,-0.41149536
20241106_144254_891762678,-0.32083216
20241106_144255_148268388,-0.26887617
20241106_144255_400941589,-0.27318394
20241106_144255_650689031,-0.37227902
20241106_144255_898669782,0.69367754
20241106_144256_148912334,0.36750856
20241106_144256_400593666,1.3127567
20241106_144256_657894143,0.13760607
20241106_144256_904843519,-0.16631542
20241106_144257_151240318,-0.8710614
20241106_144257_396338727,-0.7541445
20241106_144257_655329939,1.067634
20241106_144257_911252537,0.44800636
20241106_144258_163674895,-0.79476285
20241106_144258_419444502,-0.93182635
20241106_144258_668176915,-1.1054641
20241106_144258_907744363,-0.14046635
20241106_144259_163639148,0.45098487
20241106_144259_413488131,0.40860233
20241106_144259_670872376,0.09737901
20241106_144259_917417241,0.17552637
20241106_144300_171422103,0.33054277
20241106_144300_410314974,-0.24903469
20241106_144300_671674951,-0.6258664
20241106_144300_914466184,1.3167682
20241106_144301_166030227,0.4273683
20241106_144301_418418182,1.2417302
20241106_144301_688763071,0.70891684
20241106_144301_925631325,-0.6309616
20241106_144302_178985811,-0.35293272
20241106_144302_419633510,0.5268125
20241106_144302_666078938,-0.20765443
20241106_144302_913753713,-0.5131466
20241106_144303_162681930,-0.22377025
20241106_144303_416478620,-0.21671654
20241106_144303_671519121,-0.40900156
20241106_144303_906711562,-0.21084695
20241106_144304_160026097,-0.16509618
20241106_144304_404037436,-0.2349542
20241106_144304_654931143,-0.51917595
20241106_144304_900098865,-0.28478506
20241106_144305_152391740,-0.2693093
20241106_144305_402906930,-0.2697087
20241106_144305_652247469,-0.33573186
20241106_144305_904336986,-0.32167444
20241106_144306_155864454,-0.4608115
20241106_144306_408343434,-0.22334269
20241106_144306_671238876,-0.2900904
20241106_144306_917040660,-0.35057947
20241106_144307_182742510,-1.6178168
20241106_144307_431358948,-2.988349
20241106_144307_678249612,0.15351467
20241106_144307_918278095,0.12178538
20241106_144308_169960459,0.83940583
20241106_144308_422623238,0.11352331
20241106_144308_664946534,-0.25220388
20241106_144308_913521590,0.23109488
20241106_144309_160990815,-0.4668717
20241106_144309_411842118,-0.75687474
20241106_144309_664886822,-1.059077
20241106_144309_911026748,-0.106314085
20241106_144310_168884601,0.26433977
20241106_144310_414504884,-0.55449754
20241106_144310_657327188,0.59438086
20241106_144310_903200225,1.0302716
20241106_144311_153577730,-0.5847939
20241106_144311_400964238,-1.4706062
20241106_144311_657170602,-0.37922478
20241106_144311_900810213,0.706176
20241106_144312_159388542,0.38772953
20241106_144312_411758346,0.28329837
20241106_144312_655749346,0.48316583
20241106_144312_905628791,0.048069097
20241106_144313_151355981,0.031031946
20241106_144313_397492603,0.36346743
20241106_144313_655083734,0.49267587
20241106_144313_902925497,0.36950287
20241106_144314_160399324,0.109651364
20241106_144314_402220076,-0.082463704
20241106_144314_652593061,0.26656744
20241106_144314_910877283,0.16071586
20241106_144315_166664432,-0.016914656
20241106_144315_405324159,0.061428554
20241106_144315_659015318,-0.29689404
20241106_144315_898797612,-0.13707049
20241106_144316_153478109,-0.021255663
20241106_144316_396835440,-1.1106533
20241106_144316_651566509,-0.16715543
20241106_144316_906396022,0.93605345
20241106_144317_156126590,2.2790365
20241106_144317_407322206,0.27523276
20241106_144317_654031346,0.5027946
20241106_144317_910519188,1.3759503
20241106_144318_162926372,-0.09595675
20241106_144318_419007812,0.3746189
20241106_144318_667439473,0.13695306
20241106_144318_921432812,-0.28079942
20241106_144319_166651796,-0.65521073
20241106_144319_417061300,-2.1355145
20241106_144319_661473506,0.37922755
20241106_144319_904724003,0.2587527
20241106_144320_162123178,1.494136
20241106_144320_408306497,-0.28236005
20241106_144320_660931620,0.0047978517
20241106_144320_905101377,0.17576186
20241106_144321_155373116,-0.36962545
20241106_144321_397584239,-0.054392718
20241106_144321_649162849,-0.45511737
20241106_144321_902673504,-0.61277395
20241106_144322_154907427,-0.5604161
20241106_144322_404510072,-0.37292656
20241106_144322_664094774,2.9127216
20241106_144322_909581562,0.86589247
20241106_144323_172940056,-0.16288228
20241106_144323_413470135,-0.12580277
20241106_144323_659652711,-1.0517744
20241106_144323_905534196,0.8434506
20241106_144324_156129781,0.24033995
20241106_144324_406082089,1.462799
20241106_144324_653147384,-0.7222318
20241106_144324_905747862,-0.373899
20241106_144325_167305179,0.12552585
20241106_144325_408271737,0.037704743
20241106_144325_655219841,-0.18031877
20241106_144325_905202536,0.56495756
20241106_144326_156337091,0.26235688
20241106_144326_400986849,-1.2732421
20241106_144326_656192176,-0.11452135
20241106_144326_916134604,-0.07623234
20241106_144327_185124746,-0.74034935
20241106_144327_438325454,-1.6963965
20241106_144327_680327931,-0.951741
20241106_144327_920511214,-0.20652957
20241106_144328_171522222,1.0804859
20241106_144328_412704929,-0.5054446
20241106_144328_674878997,-0.22895975
20241106_144328_918426122,0.359266
20241106_144329_170303786,0.12888448
20241106_144329_425667108,-0.19655395
20241106_144329_678249799,0.91941804
20241106_144329_912961705,-0.94826496
20241106_144330_171254771,-0.60149926
20241106_144330_419528029,0.43278813
20241106_144330_681867088,-0.08733751
20241106_144330_921437744,-0.6346398
20241106_144331_174531510,-0.08149871
20241106_144331_417621852,0.97062725
20241106_144331_667449568,0.2443894
20241106_144331_916892529,-0.08409054
20241106_144332_169159169,-0.0968276
20241106_144332_415668595,0.51302373
20241106_144332_660845239,1.280926
20241106_144332_903423031,-0.8941621
20241106_144333_154505639,-0.21157761
20241106_144333_412430722,-0.21631156
20241106_144333_658273364,-0.3072505
20241106_144333_902303474,-0.23226355
20241106_144334_180323082,0.4472039
20241106_144334_399294874,-0.6268349
20241106_144334_651976710,-0.8462955
20241106_144334_913326367,-0.66477996
20241106_144335_165689830,-0.27911887
20241106_144335_419020623,0.124591954
20241106_144335_661513220,-0.13919549
20241106_144335_906178244,-0.1229861
20241106_144336_160596448,-0.040579222
20241106_144336_407251682,-0.05005201
20241106_144336_666418731,-0.2509708
20241106_144336_907316331,0.09141242
20241106_144337_160192324,0.3384045
20241106_144337_407406261,2.6196058
20241106_144337_663653603,1.7369442
20241106_144337_912065468,-1.1127615
20241106_144338_170729046,-0.822169
20241106_144338_429765672,-0.7064631
20241106_144338_682999939,-0.31000763
20241106_144338_923032607,0.0064366516
20241106_144339_174560754,0.04413767
20241106_144339_421821225,0.08312205
20241106_144339_662366065,-0.027802354
20241106_144339_910744028,-0.048452698
20241106_144340_159125267,-0.10209712
20241106_144340_402663820,-2.3803086
20241106_144340_659052585,0.0056327973
20241106_144340_903165474,-0.45232067
20241106_144341_151373305,-1.0484624
20241106_144341_400997195,0.06628174
20241106_144341_662354636,-0.015918778
20241106_144341_903995224,0.29989824
20241106_144342_162564159,0.044569038
20241106_144342_405851176,-0.22636081
20241106_144342_654979372,-0.31844142
20241106_144342_901766918,-0.29527065
20241106_144343_161154426,0.12009094
20241106_144343_406978670,-1.1864542
20241106_144343_663826414,-0.79437554
20241106_144343_907812035,-2.285489
20241106_144344_162156434,-0.3590415
20241106_144344_406324963,-0.3848609
20241106_144344_652522736,-0.3367519
20241106_144344_913074611,-0.36214295
20241106_144345_169699269,0.08345948
20241106_144345_412202440,-0.01368483
20241106_144345_662061920,-0.14339234
20241106_144345_907228605,-0.28663534
20241106_144346_159899651,-0.3944598
20241106_144346_407844715,-0.19670875
20241106_144346_648944660,-0.11002662
20241106_144346_893339811,0.32350206
20241106_144347_150463028,0.25201964
20241106_144347_406263307,0.5201502
20241106_144347_657430420,0.3754396
20241106_144347_906593573,0.6013835
20241106_144348_152103352,0.24318977
20241106_144348_402552980,0.328558
20241106_144349_155291674,0.5223479
20241106_144349_406493849,1.5329616
20241106_144349_653514680,0.63463825
20241106_144349_899845043,0.3391184
20241106_144350_147209709,0.053837277
20241106_144350_406366617,-0.09120115
20241106_144350_656122138,-0.28033376
20241106_144350_899753433,-0.1377527
20241106_144351_152376726,0.17813618
20241106_144351_396083408,1.6814369
20241106_144351_651887318,2.5732055
20241106_144351_904673062,-0.1148083
20241106_144352_149554949,0.43274638
20241106_144352_398811199,-0.36454147
20241106_144352_651353458,-0.6914806
20241106_144352_898955709,0.559472
20241106_144353_153410155,0.34247893
20241106_144353_400890997,0.37438074
20241106_144353_652087558,-0.30481395
20241106_144353_895354771,-0.5960235
20241106_144354_153219869,-0.31906068
20241106_144354_398704365,-0.13325079
20241106_144354_651619857,-0.17060873
20241106_144355_156685732,0.47302756
20241106_144355_402926617,-0.29851398
20241106_144355_656031345,-1.1983577
20241106_144355_915939333,-0.10521557
20241106_144356_167592799,-0.35622752
20241106_144356_411712928,0.64243656
20241106_144356_668924318,0.860331
20241106_144356_918348775,0.7927579
20241106_144357_173030029,0.1421275
20241106_144357_414344296,0.8836749
20241106_144357_654659167,0.48689452
20241106_144357_907084644,0.86637056
20241106_144358_155800796,0.57584685
20241106_144358_399279779,0.80358064
20241106_144358_662160931,0.3889328
20241106_144358_909745764,0.4889585
20241106_144359_160342022,-0.15690063
20241106_144359_412791398,-1.5444628
20241106_144359_661016703,-2.436719
20241106_144359_909625555,-0.777339
20241106_144400_162762230,-0.54187804
20241106_144400_429786304,-1.6479791
20241106_144400_679478196,-0.2003146
20241106_144400_939927266,0.48789892
20241106_144401_189425638,0.17769529
20241106_144401_423110565,-0.11797603
20241106_144401_676930783,-0.21895258
20241106_144401_920564130,-0.08988207
20241106_144402_167661204,-1.2291088
20241106_144402_415926741,-0.8844736
20241106_144402_660577684,-1.6007785
20241106_144402_901536388,0.32168448
20241106_144403_156451068,-0.40716496
20241106_144403_413327942,-0.29888964
20241106_144403_659284331,-0.67830336
20241106_144403_907306455,-0.66909796
20241106_144404_163696533,-0.6034182
20241106_144404_415265084,0.32269487
20241106_144404_662906113,0.05631516
20241106_144404_903922767,1.2339327
20241106_144405_161223167,0.13163115
20241106_144405_408613892,-0.020481786
20241106_144405_662329236,1.146842
20241106_144405_912643491,0.49008015
20241106_144406_154636199,0.6871285
20241106_144406_408952996,2.1271987
20241106_144406_655946615,-0.2657352
20241106_144406_905922874,-0.3717588
20241106_144407_167920029,1.2134413
20241106_144407_412901321,1.0790728
20241106_144407_675080287,1.6857556
20241106_144407_930507365,-0.08598087
20241106_144408_173928003,0.35564852
20241106_144408_426733377,0.36727074
20241106_144408_675487589,-0.0035230722
20241106_144408_922416131,0.14499669
20241106_144409_165253771,0.003390411
20241106_144409_413633388,0.21700336
20241106_144409_667154647,0.3232007
20241106_144409_909812744,0.78869534
20241106_144410_156529422,1.5095339
20241106_144410_406768077,0.003644148
20241106_144410_664347052,0.83242494
20241106_144410_910054204,-0.51373917
20241106_144411_160972874,-0.400942
20241106_144411_410995016,-0.27563658
20241106_144411_671965799,-0.46602172
20241106_144411_928164807,-0.17866157
20241106_144412_183674573,-0.7961878
20241106_144412_412441332,0.15147798
20241106_144412_672045633,0.103873886
20241106_144412_910885901,0.1562572
20241106_144413_166981951,-3.0489938
20241106_144413_419835996,0.66081154
20241106_144413_666506864,-0.47730997
20241106_144413_903967892,-0.31827915
20241106_144414_166497330,0.006916983
20241106_144414_407404612,-0.23486657
20241106_144414_661941659,-0.3549489
20241106_144414_907884634,-0.16038889
20241106_144415_152974923,-0.037266754
20241106_144415_401183228,-0.76255125
20241106_144415_650911213,-0.11084533
20241106_144415_898090146,0.009778945
20241106_144416_158622004,0.006675983
20241106_144416_416691206,0.34281483
20241106_144416_663082124,0.44550282
20241106_144416_913069306,0.060373314
20241106_144417_159882006,-0.26673985
20241106_144417_415780175,-0.807619
20241106_144417_665135962,-0.75736445
20241106_144417_911542592,-0.32926497
20241106_144418_166063347,0.029448034
20241106_144418_411944053,0.49169835
20241106_144418_672563253,-0.95697707
20241106_144418_916232826,-0.39408952
20241106_144419_168830470,0.8158926
20241106_144419_408013548,1.2631359
20241106_144419_659405072,0.7830495
20241106_144419_904316308,-0.20873152
20241106_144420_150238019,-0.23262821
20241106_144420_401876089,-0.25630656
20241106_144420_665874798,-0.041421108
20241106_144421_161705516,-0.02772822
20241106_144421_403525177,-0.1664349
20241106_144421_657702826,-0.095020376
20241106_144422_154836597,-0.24302806
20241106_144422_416083780,-0.047454022
20241106_144422_675051991,-0.18059437
20241106_144422_912934610,-0.110426925
20241106_144423_175117724,-0.11794331
20241106_144423_411067914,-0.040438883
20241106_144423_669055131,-0.1995873
20241106_144423_916196052,-0.06993141
20241106_144424_166931050,-0.2522059
20241106_144424_405360068,-0.6129932
20241106_144424_661850734,-0.55553746
20241106_144424_905491744,-0.7057629
20241106_144425_155792448,-1.5534513
20241106_144425_403551391,-1.0890764
20241106_144425_649769136,-1.2173195
20241106_144425_908757461,-1.357015
20241106_144426_160164467,-0.6109007
20241106_144426_405679778,-0.3366844
20241106_144426_668936849,0.098330475
20241106_144426_908258955,0.15666966
20241106_144427_153999862,0.20128708
20241106_144427_405094815,0.26750147
20241106_144427_654367934,0.33758268
20241106_144427_901515334,0.4894689
20241106_144428_156034768,1.7137432
20241106_144428_410177079,3.2225077
20241106_144428_657451098,1.1730422
20241106_144428_902867085,-0.48588255
20241106_144429_162163472,-1.1236401
20241106_144429_401316686,-1.6740433
20241106_144429_659973149,0.101918854
20241106_144429_915370244,-0.31201303
20241106_144430_160194772,0.07157532
20241106_144430_401165936,0.20722976
20241106_144430_657929821,0.5936951
20241106_144430_903371052,0.35321084
20241106_144431_152077325,-0.20811774
20241106_144431_400274549,-0.057126544
20241106_144431_651832970,-1.4640762
20241106_144431_902081305,0.27169377
20241106_144432_154622006,0.062136896
20241106_144432_400522969,0.23457022
20241106_144432_648728520,0.31040362
20241106_144432_897473801,0.26739836
20241106_144433_153594147,-0.57240415
20241106_144433_408398788,-0.7344494
20241106_144433_662034601,-1.9386634
20241106_144433_925380408,-0.15617937
20241106_144434_204806058,-0.22665593
20241106_144434_411388202,0.14500539
20241106_144434_666433691,0.51349324
20241106_144434_914276984,0.27436778
20241106_144435_160499013,-0.96382207
20241106_144435_406204441,-0.8468327
20241106_144435_662041077,-0.6415432
20241106_144435_899993949,-1.3586775
20241106_144436_151581188,0.6274866
20241106_144436_397094955,0.9167024
20241106_144436_655930208,0.29298377
20241106_144436_902767542,-0.064541124
20241106_144437_157760743,-0.0124582555
20241106_144437_410388274,0.18722664
20241106_144437_660215667,0.23041506
20241106_144437_901234563,-0.052325033
20241106_144438_146558982,0.2649846
20241106_144438_398076478,0.24128537
20241106_144438_650136340,0.11205719
20241106_144438_904031673,0.15823747
20241106_144439_153610981,0.8931417
20241106_144439_411549363,0.5280079
20241106_144439_656998400,0.42232105
20241106_144439_899376109,0.2734954
20241106_144440_152018889,0.2971436
20241106_144440_402453636,0.44284877
20241106_144440_666572149,1.3408128
20241106_144440_903072071,1.1306955
20241106_144441_151796112,1.5627744
20241106_144441_405103723,-0.56944585
20241106_144441_652837267,-0.5223943
20241106_144441_902274582,-1.307686
20241106_144442_151349734,-0.4046563
20241106_144442_401936971,-0.43675968
20241106_144443_151167777,-0.28133586
20241106_144443_397605224,-0.57616323
20241106_144443_648742969,-0.2518798
20241106_144443_899760327,-0.44296956
20241106_144444_150225495,-0.6898647
20241106_144444_404930360,-0.44477817
20241106_144444_653786068,-0.25001723
20241106_144444_905836668,-0.35257205
20241106_144445_150111932,-0.46601063
20241106_144445_400871051,0.10779213
20241106_144445_649860929,-0.06002625
20241106_144445_900499937,-0.0010169353
20241106_144446_147188795,0.074339055
20241106_144446_394236529,0.11568866
20241106_144446_646802110,0.20703082
20241106_144446_901083599,0.071376
20241106_144447_153264537,0.22974227
20241106_144447_396321915,0.23545496
20241106_144447_647565859,0.08372847
20241106_144447_911600459,0.108338185
20241106_144448_158208705,1.4684405
20241106_144448_401555680,0.8214446
20241106_144448_647471828,0.8777632
20241106_144449_145933926,0.55001265
20241106_144449_398203586,-1.7716199
20241106_144449_650345868,0.6940486
20241106_144449_895456900,1.4264213
20241106_144450_147157430,1.5824596
20241106_144450_392857046,0.16535039
20241106_144450_646137043,-1.0855087
20241106_144450_893590214,-0.26360297
20241106_144451_142693487,-0.46122506
20241106_144451_404069530,-1.5930332
20241106_144451_651429125,0.7587778
20241106_144451_899489519,0.040110357
20241106_144452_154315978,-2.0544124
20241106_144452_400117386,-0.8310434
20241106_144452_648695849,1.4704777
20241106_144452_893650160,0.005231181
20241106_144453_149030986,0.68692267
20241106_144453_400010139,0.7091214
20241106_144453_649878265,0.8770204
20241106_144453_897243092,1.5975267
20241106_144454_148585286,2.3049457
20241106_144454_394576124,2.782169
20241106_144454_646608585,-0.41366148
20241106_144454_902614082,-0.15695025
20241106_144455_152322822,-0.42826685
20241106_144455_394354880,-0.81925637
20241106_144455_647249224,-1.7129229
20241106_144455_900990512,-1.2989002
20241106_144456_157562336,-1.096585
20241106_144456_402006631,0.669198
20241106_144456_648126807,0.018708149
20241106_144456_899345399,-0.10060043
20241106_144457_144318748,-0.93411064
20241106_144457_394618587,-1.9284738
20241106_144457_651562032,1.2934359
20241106_144457_894595545,0.5966352
20241106_144458_162032527,-0.10352554
20241106_144458_416085107,0.63537914
20241106_144458_656166319,-0.20283054
20241106_144458_897606074,0.8264564
20241106_144459_148494371,0.70602846
20241106_144459_416778324,-0.58757037
20241106_144459_676225387,0.26441815
20241106_144459_935920486,0.69844794
20241106_144500_185522098,0.9836982
20241106_144500_429827855,0.09963741
20241106_144500_679227688,1.0074357
20241106_144500_916957016,-0.10058789
20241106_144501_178268496,-1.1963892
20241106_144501_425853583,0.7398552
20241106_144501_676854570,0.16438024
20241106_144501_918682444,0.045785904
20241106_144502_177949298,-0.6229437
20241106_144502_429866946,-0.59681976
20241106_144502_674203916,0.8309964
20241106_144502_907578565,0.4455395
20241106_144503_157559041,-0.689926
20241106_144503_413311718,0.04009951
20241106_144503_664032069,1.3256521
20241106_144503_911968284,-0.1779841
20241106_144504_166004796,0.37307075
20241106_144504_413818971,-1.0778702
20241106_144504_657871492,-1.1120443
20241106_144504_903016012,2.3837938
20241106_144505_154233294,1.3765137
20241106_144505_407917264,-0.3400713
20241106_144505_663680800,1.2394032
20241106_144505_914739472,1.4542886
20241106_144506_167613233,1.3130645
20241106_144506_421832742,-0.5373038
20241106_144506_664506566,-0.081988506
20241106_144506_903534017,-0.26676166
20241106_144507_154542568,-0.626778
20241106_144507_409477923,-1.0648664
20241106_144507_656456105,-0.044661514
20241106_144507_908471984,-0.6598626
20241106_144508_164385478,0.26480067
20241106_144508_413852088,1.0187578
20241106_144508_659783426,0.4354528
20241106_144508_902878343,0.36642262
20241106_144509_154927252,-0.14360042
20241106_144509_400655088,-0.14728166
20241106_144509_647807090,-0.024848243
20241106_144509_897437274,0.062388636
20241106_144510_155012366,0.27634862
20241106_144510_404963874,0.1076288
20241106_144510_663688637,0.79536664
20241106_144510_919575911,0.17547558
20241106_144511_160343431,-0.018449565
20241106_144511_410450981,0.20662194
20241106_144511_658232935,-0.66004443
20241106_144511_901139177,-0.05544377
20241106_144512_158654088,-0.10512736
20241106_144512_403313227,0.39442927
20241106_144512_651899794,1.7959557
20241106_144512_908941130,-0.15898345
20241106_144513_167225630,2.0069518
20241106_144513_411748067,0.22395699
20241106_144513_683730347,-0.1708483
20241106_144513_923132067,-0.58229554
20241106_144514_177652299,-0.8430566
20241106_144514_447762440,-0.32547697
20241106_144514_683178254,-0.3478422
20241106_144514_914383543,-0.41118535
20241106_144515_167514016,-0.8174352
20241106_144515_411328769,-0.22190188
20241106_144515_655908708,0.024995672
20241106_144515_902400575,-0.82500654
20241106_144516_161617875,-0.91688
20241106_144516_402913637,-0.3940573
20241106_144516_655386628,0.042978413
20241106_144516_909374216,0.34188867
20241106_144517_155949751,0.24810423
20241106_144517_399390404,0.10165445
20241106_144517_657422154,-0.7085384
20241106_144517_899916548,1.0988303
20241106_144518_149166012,0.70759434
20241106_144518_404665662,1.6620458
20241106_144518_655206289,0.5680815
20241106_144518_902520108,0.56784636
20241106_144519_149649718,0.44933993
20241106_144519_396040110,1.1268365
20241106_144519_648132777,1.1958114
20241106_144519_898505142,1.8248327
20241106_144520_150651754,2.0479488
20241106_144520_397535306,1.4984169
20241106_144520_650775564,0.6523487
20241106_144520_896886999,0.22280781
20241106_144521_159587344,0.3344926
20241106_144521_406658659,2.4786084
20241106_144521_662426374,1.0011506
20241106_144521_913135915,0.2731363
20241106_144522_165749072,0.14201334
20241106_144522_410501147,-0.029302124
20241106_144522_656627734,-0.048346244
20241106_144522_901942275,0.27054086
20241106_144523_152526045,0.15206377
20241106_144523_397989475,0.2087665
20241106_144523_648496545,0.018221477
20241106_144523_895823790,0.096362785
20241106_144524_148336324,0.49017367
20241106_144524_653504239,0.27623227
20241106_144524_897397521,0.20384017
20241106_144525_148516840,0.31265685
20241106_144525_395813757,0.11188129
20241106_144525_648933927,0.84121764
20241106_144525_907789542,0.28070918
20241106_144526_161761040,-0.2183428
20241106_144526_415818335,1.1546985
20241106_144526_670140707,-0.5960285
20241106_144526_912548423,0.8557923
20241106_144527_162807234,1.0539391
20241106_144527_422067854,0.08684703
20241106_144527_663381581,1.937833
20241106_144527_902979311,0.93752617
20241106_144528_149832911,0.09800805
20241106_144528_399053633,0.24893706
20241106_144528_662856526,0.45060042
20241106_144528_906329200,0.09834934
20241106_144529_155395702,0.49251547
20241106_144529_404565596,0.056715377
20241106_144529_655283842,-0.0073123183
20241106_144529_897121121,-0.0459676
20241106_144530_148873299,0.0965883
20241106_144530_393877074,0.738139
20241106_144530_643844086,-0.3392461
20241106_144530_898114532,-0.311842
20241106_144531_154505077,-0.64483607
20241106_144531_399540889,0.19885764
20241106_144531_657567453,0.19447926
20241106_144531_897251120,0.49758843
20241106_144532_150076705,0.15175126
20241106_144532_400630934,0.17278083
20241106_144532_657733107,0.0022853408
20241106_144532_897320165,-0.0025277939
20241106_144533_148868324,-0.5743906
20241106_144533_392498006,-0.13539062
20241106_144533_643201552,-0.14614035
20241106_144533_895563734,-0.095913224
20241106_144534_160726752,-0.7691391
20241106_144534_395965066,-0.19447269
20241106_144534_653818211,-0.15994842
20241106_144534_897065819,-0.19851042
20241106_144535_145390073,-0.063671134
20241106_144535_394574323,-0.13502511
20241106_144535_646303105,0.6721751
20241106_144535_898973682,0.090711124
20241106_144536_150424818,-0.023577055
20241106_144536_397938428,0.735792
20241106_144536_648775840,1.2898269
20241106_144536_901334407,-0.8157642
20241106_144537_156907548,0.166144
20241106_144537_406220318,0.5810693
20241106_144537_660595583,0.24637853
20241106_144537_916748195,0.5900831
20241106_144538_183177659,1.8694348
20241106_144538_430157364,-0.62283164
20241106_144538_671952844,-0.078232124
20241106_144538_908572812,-0.1238629
20241106_144539_156874084,-0.042840175
20241106_144539_397691419,-0.29564682
20241106_144539_650947203,-0.4801589
20241106_144539_893642553,-1.4996622
20241106_144540_146520667,0.24569623
20241106_144540_393803633,0.3693899
20241106_144540_653302510,-0.30122027
20241106_144540_913026624,-1.3777279
20241106_144541_159719114,-0.36195406
20241106_144541_400935359,-0.8591099
20241106_144541_659380476,-0.4440165
20241106_144541_911136487,-0.32259142
20241106_144542_156483080,-0.13278525
20241106_144542_402642285,-0.60476667
20241106_144542_660446032,-0.41507137
20241106_144542_897945512,-0.21447878
20241106_144543_149791680,-0.8970642
20241106_144543_398449037,-0.5866211
20241106_144543_648707701,-1.3185679
20241106_144543_907384808,-1.6470697
20241106_144544_158620315,-1.9848928
20241106_144544_392262231,0.03065727
20241106_144544_649796743,-0.4835163
20241106_144544_895502720,-0.17516322
20241106_144545_158938158,-0.24125041
20241106_144545_406126477,0.81590587
20241106_144545_670316334,0.847435
20241106_144545_915225000,0.14209801
20241106_144546_161386929,0.066822685
20241106_144546_397997205,0.11260203
20241106_144546_647498859,0.6519328
20241106_144546_895150130,0.24762265
20241106_144547_141184640,-0.14060678
20241106_144547_388919711,0.12996428
20241106_144547_641736697,0.7134415
20241106_144547_897146406,1.1661723
20241106_144548_147647382,-0.05342736
20241106_144548_395462086,-0.18699591
20241106_144548_649200953,-0.045686327
20241106_144548_893942556,-0.12316956
20241106_144549_144679746,-0.080182515
20241106_144549_396073499,0.84390956
20241106_144549_650869254,0.39439097
20241106_144549_899718194,0.8049743
20241106_144550_152770667,0.69255143
20241106_144550_397416034,0.08533506
20241106_144550_649719491,-0.10892864
20241106_144550_893322352,0.05232785
20241106_144551_149843462,0.30520347
20241106_144551_389273714,0.34200516
20241106_144551_641601554,0.5790742
20241106_144551_895706663,0.6652899
20241106_144552_150355561,-0.6929319
20241106_144552_397777245,-0.47454756
20241106_144552_656010148,-0.34031895
20241106_144552_898135559,-0.08068726
20241106_144553_153627698,-0.11873416
20241106_144553_397538819,0.27769974
20241106_144553_650658312,-0.26134837
20241106_144553_897062963,0.19512646
20241106_144554_148887226,0.9269979
20241106_144554_404966919,-0.06168568
20241106_144554_648339318,-0.37968296
20241106_144554_895652707,-0.34274396
20241106_144555_147318246,0.48776743
20241106_144555_404645224,0.9991253
20241106_144555_661910723,0.08843247
20241106_144555_909599091,0.05258391
20241106_144556_161463651,-0.17141314
20241106_144556_402102271,0.2222118
20241106_144556_650103191,-0.10881009
20241106_144556_901496377,-0.32094166
20241106_144557_152774409,-1.1400019
20241106_144557_393222289,1.4244207
20241106_144557_656304831,-0.5897803
20241106_144557_896960324,-0.65547466
20241106_144558_163725016,0.036012866
20241106_144558_411026248,0.4173209
20241106_144558_659496704,-0.44405076
20241106_144558_899129618,-0.21973927
20241106_144559_156353857,0.29099652
20241106_144559_398324637,0.21191804
20241106_144559_650777481,0.3322266
20241106_144559_902740434,0.32225013
20241106_144600_147547879,0.02475206
20241106_144600_397278841,0.047446765
20241106_144600_645653090,0.17812376
20241106_144600_901292960,-0.10417654
20241106_144601_158226768,-0.41718444
20241106_144601_404475811,0.056344546
20241106_144601_657237222,-0.64118207
20241106_144601_905926975,-0.5805207
20241106_144602_150631387,-0.76890993
20241106_144602_397447641,-0.67178464
20241106_144602_645626567,0.5108592
20241106_144602_899991764,-0.58158106
20241106_144603_151230356,-0.31409648
20241106_144603_397030239,-0.22867063
20241106_144603_644639076,0.038870372
20241106_144603_890710980,-0.16077687
20241106_144604_141997983,-0.4078504
20241106_144604_396015044,-0.4850416
20241106_144604_655712077,-0.32350925
20241106_144604_896295946,-0.30313578
20241106_144605_148669917,0.17033982
20241106_144605_400068513,0.29273948
20241106_144605_646813365,0.19995235
20241106_144605_893314652,0.03393922
20241106_144606_142530993,0.045317926
20241106_144606_395894332,0.08871145
20241106_144606_653253172,0.6602159
20241106_144606_911557945,0.13299559
20241106_144607_156729717,-0.42385063
20241106_144607_401424784,-0.7622096
20241106_144607_652442236,-0.27201456
20241106_144607_898623835,0.20797737
20241106_144608_162021673,0.06636984
20241106_144608_407106570,0.19299759
20241106_144608_659400767,0.051946916
20241106_144608_896253796,0.06899584
20241106_144609_164500516,1.3168081
20241106_144609_423640100,-0.16764058
20241106_144609_685627273,2.1363447
20241106_144609_925747959,0.7812433
20241106_144610_179030960,-0.20798285
20241106_144610_420193058,0.16198157
20241106_144610_670870953,-0.39075613
20241106_144610_916497372,-0.1746755
20241106_144611_180181923,-0.02832671
20241106_144611_420060279,0.024154047
20241106_144611_673901660,0.41768083
20241106_144611_920151829,-0.048290752
20241106_144612_170261934,-0.03118678
20241106_144612_409157790,0.021872917
20241106_144612_656193596,0.19019614
20241106_144612_912930402,0.041999973
20241106_144613_154308066,-0.3968018
20241106_144613_403773848,-2.521293
20241106_144613_656990896,0.07020108
20241106_144613_906507169,-0.07936885
20241106_144614_164369860,-1.1206172
20241106_144614_401342521,-0.64497846
20241106_144614_665932899,0.6053187
20241106_144614_928766850,0.33901724
20241106_144615_184472034,-0.5104899
20241106_144615_414197231,-1.0150867
20241106_144615_666338531,0.83442765
20241106_144615_904260557,0.23206525
20241106_144616_170370119,0.39068127
20241106_144616_422919114,0.29212594
20241106_144616_664500660,0.23261295
20241106_144617_163069001,0.4107975
20241106_144617_406986127,0.34326118
20241106_144617_660529603,0.25131404
20241106_144617_910779213,0.23390429
20241106_144618_160254108,0.70696145
20241106_144618_403923485,0.56330335
20241106_144618_663446998,0.802197
20241106_144618_899711050,1.4386355
20241106_144619_152404547,1.0510542
20241106_144619_402793750,0.66212946
20241106_144619_656246979,0.2673445
20241106_144619_902897530,0.29091007
20241106_144620_159089612,0.16362604
20241106_144620_403375637,-0.22491713
20241106_144620_653643676,-0.6640555
20241106_144620_911315009,0.5890532
20241106_144621_164766102,0.111706056
20241106_144621_406774458,0.25729546
20241106_144621_653624373,0.039293267
20241106_144621_905894253,0.19950347
20241106_144622_158212559,0.19745387
20241106_144622_400217065,0.39062735
20241106_144622_652713110,0.50286263
20241106_144622_908416990,0.27733287
20241106_144623_159171839,0.18263625
20241106_144623_407019690,-0.037902556
20241106_144623_652346240,0.038878836
20241106_144623_901543538,0.01827828
20241106_144624_160052527,0.5731848
20241106_144624_407070199,-0.042546116
20241106_144624_651581877,-0.0011460688
20241106_144625_154375014,0.11303387
20241106_144625_396606301,0.042794146
20241106_144625_651729881,0.021153728
20241106_144625_899112589,-0.20993175
20241106_144626_146471576,-0.13723744
20241106_144626_399563870,-0.20258789
20241106_144626_651121750,-0.3152456
20241106_144627_145556045,-0.2524406
20241106_144627_401455515,-0.13895269
20241106_144627_657285680,0.4570396
20241106_144627_897714527,0.97898966
20241106_144628_155341530,-0.39890134
20241106_144628_402229201,0.30040148
20241106_144628_647255871,1.5333545
20241106_144628_898023183,-0.7197373
20241106_144629_154060476,-0.61124414
20241106_144629_410887506,-0.99295837
20241106_144629_678002891,-1.0362068
20241106_144629_917694078,-2.0329049
20241106_144630_162022387,0.7570288
20241106_144630_401257071,0.12786062
20241106_144630_654657343,1.3412446
20241106_144630_910418988,0.2318481
20241106_144631_160066393,-0.34583786
20241106_144631_411421131,0.046149857
20241106_144631_652586283,0.17201029
20241106_144631_897587952,-0.093760274
20241106_144632_157317425,0.14234804
20241106_144632_405284224,0.052573778
20241106_144632_652347243,-0.04132148
20241106_144632_907370467,-0.058194898
20241106_144633_154850716,-0.32732418
20241106_144633_408638279,-0.0449579
20241106_144633_662496609,0.21943869
20241106_144633_908751230,0.726913
20241106_144634_182298919,0.8925987
20241106_144634_399825588,0.40037897
20241106_144634_651135564,0.27205333
20241106_144634_893670663,0.22726263
20241106_144635_149817800,0.13190596
20241106_144635_394638178,0.18646447
20241106_144635_898189377,0.03914342
20241106_144636_155656628,0.55365276
20241106_144636_409884029,-0.9960595
20241106_144636_654943289,0.48936465
20241106_144636_922004084,0.13346817
20241106_144637_178589426,-0.11431587
20241106_144637_420003358,-0.0019571986
20241106_144637_669358534,0.041414715
20241106_144637_919735643,-0.019339522
20241106_144638_182960412,0.52668536
20241106_144638_426781434,0.17669491
20241106_144638_670990236,0.09449265
20241106_144638_914254235,0.058736898
20241106_144639_156238064,0.16380064
20241106_144639_402084133,0.13123743
20241106_144639_649662621,0.20437182
20241106_144639_897345708,0.33015004
20241106_144640_151512815,0.2499501
20241106_144640_401336167,0.15153177
20241106_144640_649406950,-0.5894708
20241106_144640_908304842,-0.4631609
20241106_144641_154442503,-0.37483504
20241106_144641_404317695,0.3719114
20241106_144641_655561833,0.31611538
20241106_144641_896454800,0.14972822
20241106_144642_153788436,0.15156178
20241106_144642_406148635,0.2513129
20241106_144642_653077669,0.40603012
20241106_144642_899256944,1.2302161
20241106_144643_148208694,-0.3007265
20241106_144643_402548414,-0.05175466
20241106_144643_653761064,-0.20918222
20241106_144643_901643198,-0.21573092
20241106_144644_159640321,-0.3032861
20241106_144644_401720917,-1.2191323
20241106_144644_654060912,-0.4549477
20241106_144644_907735975,0.2328596
20241106_144645_156812721,0.49554005
20241106_144645_406458484,0.15906438
20241106_144645_664001218,0.30348969
20241106_144645_897456846,0.1588082
20241106_144646_155169706,0.15815152
20241106_144646_401990463,0.1891233
20241106_144646_658945898,-0.026715716
20241106_144646_909693653,-0.05110421
20241106_144647_160397334,-0.5504311
20241106_144647_395181906,-0.39014238
20241106_144647_649916561,-0.1755812
20241106_144647_894486939,0.07002956
20241106_144648_148767626,-0.0854403
20241106_144648_399235304,0.37462482
20241106_144648_656844490,0.15203045
20241106_144648_901791697,0.71616113
20241106_144649_151694870,0.34460518
20241106_144649_400239560,-0.19080283
20241106_144649_652710952,-0.124129646
20241106_144649_899850491,-0.14800267
20241106_144650_148487845,-1.3142372
20241106_144650_397427104,-0.43849108
20241106_144650_649784912,-1.0090533
20241106_144650_899259339,-0.7750589
20241106_144651_146709794,-1.964733
20241106_144651_404432512,-0.40114573
20241106_144651_650708545,0.059129097
20241106_144651_901645124,-0.036716603
20241106_144652_147374143,0.99294823
20241106_144652_402902305,0.6665175
20241106_144652_666315876,0.24494077
20241106_144652_908226785,-0.5876299
20241106_144653_152374921,-0.61085206
20241106_144653_401797442,-0.3459895
20241106_144653_646572476,0.6348367
20241106_144653_903040277,0.22668247
20241106_144654_158593431,0.1970737
20241106_144654_398299364,0.049566187
20241106_144654_648471136,0.0024422202
20241106_144654_903175134,0.019768516
20241106_144655_154141653,-0.048837148
20241106_144655_405458200,-0.015994271
20241106_144655_647323981,0.019197503
20241106_144655_897417569,0.08539791
20241106_144656_145994008,-0.04225167
20241106_144656_394000831,0.06447149
20241106_144656_645616199,0.035010315
20241106_144656_898507564,-0.06625482
20241106_144657_146976925,-0.102222346
20241106_144657_394947988,0.23453473
20241106_144657_648850948,0.11643813
20241106_144657_899310348,0.11439804
20241106_144658_150983150,0.110637106
20241106_144658_391437053,0.18063219
20241106_144658_640755661,0.9671048
20241106_144658_895999827,0.44104326
20241106_144659_151899198,0.104130305
20241106_144659_398009318,0.22228335
20241106_144659_652382891,0.27437872
20241106_144659_911226029,0.06434942
20241106_144700_167023139,0.006661633
20241106_144700_418678399,-0.15991475
20241106_144700_669804714,-0.25060126
20241106_144700_907854010,0.24694197
20241106_144701_161613229,-0.32233408
20241106_144701_409152340,-0.019380411
20241106_144701_658090894,0.09648774
20241106_144701_899043079,0.19516625
20241106_144702_149882449,-0.1499231
20241106_144702_394188618,0.19815521
20241106_144702_643074938,0.17342003
20241106_144702_894970141,0.017412523
20241106_144703_147516355,0.5531982
20241106_144703_394502850,0.2073782
20241106_144703_661517351,0.19562365
20241106_144703_916668278,0.53633916
20241106_144704_157120470,0.07854263
20241106_144704_405472184,-0.095671676
20241106_144704_651906942,0.023855487
20241106_144704_897796138,0.045794286
20241106_144705_150015383,-0.12725194
20241106_144705_654180533,-0.053842507
20241106_144705_900078232,-0.13102825
20241106_144706_146010366,-0.11423995
20241106_144706_392454483,-0.106365226
20241106_144706_655190741,-0.26637828
20241106_144706_912804041,0.28021023
20241106_144707_161661735,-0.21547027
20241106_144707_401407073,-0.28709793
20241106_144707_649027237,-0.31648535
20241106_144707_904628930,-0.17091413
20241106_144708_157021907,-0.067299
20241106_144708_398860072,-0.10821714
20241106_144708_647139257,-0.09689426
20241106_144709_143693505,-0.037397854
20241106_144709_397357227,0.03335256
20241106_144709_647612597,-0.116345964
20241106_144709_897371255,-0.24186547
20241106_144710_146631490,-0.0542823
20241106_144710_393236905,-0.0021169987
20241106_144710_653881734,-0.14162554
20241106_144710_899589794,-1.2631166
20241106_144711_156527748,-1.0511214
20241106_144711_397544709,-0.11536542
20241106_144711_655007349,-0.46635127
20241106_144711_913710101,-1.0556949
20241106_144712_182670022,-0.24675377
20241106_144712_415574231,-0.40624365
20241106_144712_662044304,-0.4581842
20241106_144713_150220530,-0.3741765
20241106_144713_394567200,-0.44564444
20241106_144713_650625282,-0.7317737
20241106_144713_894808219,-0.3441043
20241106_144714_146455385,-0.13500275
20241106_144714_391782968,-0.16838555
20241106_144714_646776034,2.2758133
20241106_144714_900565990,0.18983904
20241106_144715_160290228,1.5276121
20241106_144715_401334283,0.24500541
20241106_144715_652492887,0.26723772
20241106_144715_896738366,0.45276052
20241106_144716_148563046,0.23524077
20241106_144716_407150667,0.16781797
20241106_144716_648969793,0.59821916
20241106_144716_896798634,0.3659466
20241106_144717_151214517,0.4736853
20241106_144717_394377171,0.36670277
20241106_144717_646790810,-0.06288134
20241106_144717_904100607,-0.29836813
20241106_144718_158060638,-0.05722653
20241106_144718_402769609,-0.28149557
20241106_144718_649538454,-0.22992744
20241106_144719_654897359,-0.06608208
20241106_144720_158852065,-0.048080437
20241106_144720_415190344,0.23590852
20241106_144720_660109533,0.11812381
20241106_144720_899325519,-0.067860685
20241106_144721_155182271,-0.2844542
20241106_144721_397144350,-0.29748365
20241106_144721_658624094,0.025451222
20241106_144722_158823497,0.08059364
20241106_144722_420304428,-0.28223714
20241106_144722_668710768,-1.172368
20241106_144722_901163580,0.5789664
20241106_144723_153897326,0.5169019
20241106_144723_398372811,0.09367285
20241106_144723_644604470,-0.08300408
20241106_144724_148852277,0.16075443
20241106_144724_396627254,0.33921686
20241106_144724_649447227,0.34330505
20241106_144724_893784089,0.18718214
20241106_144725_148556409,0.5925478
20241106_144725_406621768,0.38817835
20241106_144725_654656493,1.2566738
20241106_144725_901691341,0.85089314
20241106_144726_157509666,1.0460702
20241106_144726_403332011,0.12100989
20241106_144726_662888664,0.12254644
20241106_144726_908406683,0.15355976
20241106_144727_155450896,-1.2206936
20241106_144727_399490620,0.39139217
20241106_144727_648522001,0.06706939
20241106_144727_893781536,-0.0011531916
20241106_144728_142289256,-0.25029138
20241106_144728_658210985,-0.08108183
20241106_144729_158920653,0.006607393
20241106_144729_405095237,0.060145155
20241106_144729_647637036,0.20349257
20241106_144729_897858052,0.19237636
20241106_144730_155461627,0.08039854
20241106_144730_401635904,0.09706209
20241106_144730_652419918,0.034653522
20241106_144730_897345144,0.75236624
20241106_144731_145499613,0.026728014
20241106_144731_393798769,-0.057682388
20241106_144731_642917296,-0.04449358
20241106_144731_895258032,-0.124191575
20241106_144732_153682142,-0.1693183
20241106_144732_403816561,-0.22025777
20241106_144732_648109501,-0.12893023
20241106_144733_147006312,-0.061497174
20241106_144733_403855600,0.7375154
20241106_144733_649537763,0.5954857
20241106_144733_901219100,0.295764
20241106_144734_173674882,0.056970663
20241106_144734_652213634,0.14334334
20241106_144734_910300360,0.16588707
20241106_144735_889963593,0.66897446
20241106_144736_399906000,-0.1982668
20241106_144736_648156163,-0.09855596
20241106_144736_893228442,-0.09605315
20241106_144737_151811702,-0.16416307
20241106_144737_408115975,-0.18095393
20241106_144737_656130777,0.0011317693
20241106_144737_896866419,-0.23895879
20241106_144738_154533623,-0.27658805
20241106_144738_402850648,-0.23800291
20241106_144738_661382371,-0.26798818
20241106_144738_903095282,-0.24639778
20241106_144739_146843711,-0.2775066
20241106_144740_155376946,-0.041215044
20241106_144740_403202957,0.14478531
20241106_144740_652495217,0.34746638
20241106_144740_895704164,0.12788323
20241106_144741_163132310,0.54624313
20241106_144741_415268076,-0.6837285
20241106_144741_658443134,-0.3452582
20241106_144741_900193742,-0.16010638
20241106_144742_153942908,-0.15795135
20241106_144742_660443586,-0.16738005
20241106_144742_898643136,-0.08153298
20241106_144743_150076536,0.14699036
20241106_144743_404556265,0.4070856
20241106_144743_654651807,0.17864417
20241106_144743_894939285,0.073346265
20241106_144744_145316220,0.29417163
20241106_144744_646593394,0.17549242
20241106_144745_387643338,0.18945456
20241106_144745_641743692,0.08450178
20241106_144745_894980501,0.22978054
20241106_144746_171039183,0.36238706
20241106_144746_416313469,1.3746575
20241106_144746_668069667,-0.10223239
20241106_144746_909511404,-0.29480883
20241106_144747_163618077,-0.16291723
20241106_144747_410138873,0.047458507
20241106_144747_666796842,0.01874874
20241106_144748_165364072,-0.10728457
20241106_144748_403375980,-0.4371078
20241106_144748_650052897,-1.108069
20241106_144748_898235503,-1.5189685
20241106_144749_156007383,0.54230624
20241106_144749_409384567,0.33578134
20241106_144749_663926522,0.64772487
20241106_144749_900888215,0.46127918
20241106_144750_156039410,0.4110865
20241106_144750_407158650,0.18491597
20241106_144750_653098903,0.9561079
20241106_144750_898398829,0.4638043
20241106_144751_146318557,0.056840606
20241106_144751_390996071,-0.95040864
20241106_144751_646768361,-0.095726155
20241106_144751_894094003,0.021037618
20241106_144752_149069556,-0.061665975
20241106_144752_399853501,0.50009847
20241106_144752_660407850,0.17785816
20241106_144752_903728163,0.14656584
20241106_144753_160931902,0.052318193
20241106_144753_419917931,-0.04447087
20241106_144753_674410378,0.057751097
20241106_144753_914271213,-0.018871984
20241106_144754_154111185,0.04769311
20241106_144754_403822140,-0.031424068
20241106_144754_660492542,-0.15148999
20241106_144754_903641093,-0.39535567
20241106_144755_147175043,-0.41454867
20241106_144755_644210320,-0.5091595
20241106_144756_154540097,-0.53329605
20241106_144756_399915582,0.572189
20241106_144756_649771105,-0.12180009
20241106_144756_896051020,0.054124333
20241106_144757_149011640,0.022498468
20241106_144757_394792044,0.112830855
20241106_144757_660860808,0.77289665
20241106_144757_903814273,0.76734394
20241106_144758_150652031,0.7343842
20241106_144758_396539890,0.50390285
20241106_144758_646771383,0.2996624
20241106_144759_405249138,0.14975715
20241106_144759_651604887,0.3121901
20241106_144800_148640411,0.15005104
20241106_144800_401394825,-0.035113417
20241106_144800_665493626,0.0018746052
20241106_144800_895044365,-0.12136438
20241106_144801_152066352,-0.33820483
20241106_144801_400847124,-0.15896721
20241106_144801_651940069,0.11821476
20241106_144801_897916540,0.20275705
20241106_144802_150993795,-0.07626518
20241106_144802_397336524,-0.16246797
20241106_144802_656529745,-0.2541562
20241106_144802_912503844,-0.13769509
20241106_144803_164912151,-0.078384064
20241106_144803_396876753,-0.1103191
20241106_144803_641383826,0.36991152
20241106_144803_898054077,0.12826024
20241106_144804_153435344,0.09399185
20241106_144804_397505852,0.10829676
20241106_144804_646613362,0.023195008
20241106_144804_894659990,-0.089042686
20241106_144805_143903842,-0.1692865
20241106_144805_396042353,-0.03185781
20241106_144805_657613036,-0.23278143
20241106_144805_905105111,-0.13732214
20241106_144806_155591749,-0.073576175
20241106_144806_405860900,-0.4116498
20241106_144806_647168915,-0.5466452
20241106_144806_909727931,-0.4707158
20241106_144807_170637207,-0.5002527
20241106_144807_403772742,0.57975435
20241106_144807_659293669,-0.5967391
20241106_144807_906618351,-0.042836107
20241106_144808_157994932,-0.494269
20241106_144808_401884627,0.061808832
20241106_144808_648998097,0.10110011
20241106_144808_902492503,-0.0052373894
20241106_144809_163263524,-0.08476515
20241106_144809_409660778,-1.2132674
20241106_144809_657439668,-0.18053694
20241106_144809_920494684,-0.1734794
20241106_144810_167588632,-0.02091898
20241106_144810_403352372,-0.05397179
20241106_144810_652782387,0.047566153
20241106_144810_898051567,0.005998114
20241106_144811_146163712,-0.088471435
20241106_144811_390877062,-0.18702717
20241106_144811_640858889,-0.2781674
20241106_144811_894064294,-0.060485624
20241106_144812_142488145,-0.08529576
20241106_144812_391811316,-0.12128141
20241106_144812_641045034,-0.20135815
20241106_144812_892528364,-0.14362259
20241106_144813_149262298,-0.16730668
20241106_144813_405895254,-0.2000568
20241106_144813_654822812,0.08615325
20241106_144813_898242595,-0.11244061
20241106_144814_143646160,-0.18930967
20241106_144814_394690913,-0.12187549
20241106_144814_643047171,-0.06659909
20241106_144814_892980014,-0.08579292
20241106_144815_144793596,-0.27351168
20241106_144815_395514125,-0.2028882
20241106_144815_651474275,-0.1467336
20241106_144815_898727509,-0.51654416
20241106_144816_148439070,-0.23406626
20241106_144816_396307374,-0.13046737
20241106_144816_647484578,0.024547959
20241106_144816_908294201,0.13435623
20241106_144817_151849198,0.44073611
20241106_144817_404630344,0.071462326
20241106_144817_653571922,0.039694287
20241106_144818_151696512,0.13116805
20241106_144818_393711962,0.070073046
20241106_144818_643732538,-0.16372027
20241106_144818_892259258,-0.08373674
20241106_144819_142818140,-0.3714057
20241106_144819_394090980,-0.8335716
20241106_144819_638144173,-0.52978766
20241106_144819_893771888,0.07679632
20241106_144820_146385400,0.09072427
20241106_144820_394625260,-0.012868365
20241106_144820_644487907,-0.0774922
20241106_144821_397844413,-0.10611924
20241106_144821_652138033,0.008046487
20241106_144822_159428822,-0.031926535
20241106_144822_403216624,-0.046605907
20241106_144822_653660504,-0.10916319
20241106_144823_149475333,-0.10977956
20241106_144823_396739642,-0.1254511
20241106_144823_648858286,-0.18422242
20241106_144823_890695296,-0.2385527
20241106_144824_144577279,-0.17216076
20241106_144824_643358381,-0.24664761
20241106_144824_894368151,-0.23287107
20241106_144825_145268539,-0.19338752
20241106_144825_391439809,-0.2450992
20241106_144825_643922341,-0.11386862
20241106_144826_148346086,-0.6585056
20241106_144826_395269918,-0.07650006
20241106_144826_645457075,-0.025100132
20241106_144827_141236474,-0.031805657
20241106_144828_145055762,-0.12962593
20241106_144828_644482002,-0.18070997
20241106_144828_887646683,-0.06128975
20241106_144829_141757358,-0.14521529
20241106_144829_392867005,-0.20027925
20241106_144829_645573503,-0.12297847
20241106_144829_895883558,-0.2224084
20241106_144830_160404930,-0.24107786
20241106_144830_403245571,-0.20620044
20241106_144830_915890242,-0.24817361
20241106_144831_159490828,-0.23880284
20241106_144831_899351729,-0.25964758
20241106_144832_143900505,0.98864585
20241106_144832_401479913,0.35017174
20241106_144832_662645141,0.16455556
20241106_144832_897439415,0.11013035
20241106_144833_150098672,0.111330606
20241106_144833_397974643,0.14640461
20241106_144833_902449231,0.21523984
20241106_144834_169505376,0.16469972
20241106_144834_398095079,1.5907415
20241106_144834_653263369,-0.17732577
20241106_144834_903910689,-0.47069266
20241106_144835_156542039,-0.47345793
20241106_144835_408567801,-0.41219702
20241106_144835_660017514,-0.051181458
20241106_144835_898460215,-0.44539657
20241106_144836_152682043,-0.2343507
20241106_144836_396428040,0.10445104
20241106_144836_645902759,-0.14442159
20241106_144836_896688189,-0.11526408
20241106_144837_147316818,-0.15696849
20241106_144837_398047525,-0.6625662
20241106_144837_651525754,-0.33341885
20241106_144837_893225691,-0.4331846
20241106_144838_146345459,-0.45394197
20241106_144838_394535238,-0.27771464
20241106_144838_647018573,-0.1438355
20241106_144838_897253531,-0.59465295
20241106_144839_159600831,-0.69601834
20241106_144839_413352565,-0.34211662
20241106_144839_662392109,0.15749809
20241106_144839_911875949,-0.080795355
20241106_144840_188135301,-0.051451705
20241106_144840_435522998,0.059924655
20241106_144840_687849206,0.9183968
20241106_144840_935996235,0.29625744
20241106_144841_201863606,-0.10056935
20241106_144841_444200539,1.1408653
20241106_144841_691173145,1.9053991
20241106_144841_939052880,-0.12938564
20241106_144842_175933052,-0.39498806
20241106_144842_412265805,0.12664798
20241106_144842_654698867,0.69386315
20241106_144842_910204168,0.7369006
20241106_144843_153524473,0.5367823
20241106_144843_402288299,0.57417345
20241106_144843_663175165,0.6667935
20241106_144843_923041175,0.20464556
20241106_144844_163972548,0.28269532
20241106_144844_409042863,0.36530742
20241106_144844_660943067,0.72972894
20241106_144844_903365820,0.8849383
20241106_144845_165326012,1.4888169
20241106_144845_400867647,-0.40698317
20241106_144845_662876540,0.5873528
20241106_144845_897187652,0.34408066
20241106_144846_151801382,-0.18939064
20241106_144846_403465408,-1.338655
20241106_144846_653443394,-0.7478476
20241106_144846_901829893,-0.8643356
20241106_144847_156111247,0.36143008
20241106_144847_402185882,1.0289136
20241106_144847_655506739,0.41581234
20241106_144847_904041924,-0.0034517255
20241106_144848_164260497,-0.10484787
20241106_144848_414425249,0.06577767
20241106_144849_154767669,0.1601751
20241106_144849_404372947,0.4748784
20241106_144849_655121274,0.4892542
20241106_144849_910076048,0.6636773
20241106_144850_160260577,-0.32962757
20241106_144850_397707131,-0.43728477
20241106_144850_653806045,0.66568244
20241106_144850_894900756,0.25967595
20241106_144851_150582561,0.11638764
20241106_144851_394362738,0.14973183
20241106_144851_651065652,-1.156069
20241106_144851_906147632,0.027513983
20241106_144852_156527698,0.035021223
20241106_144852_398737604,0.16674148
20241106_144852_645285006,0.9430064
20241106_144852_888774400,-0.22787955
20241106_144853_147958338,0.94415313
20241106_144853_396541912,-0.6930778
20241106_144853_646182765,0.7945678
20241106_144853_898329245,1.1331813
20241106_144854_145188517,0.47556975
20241106_144854_395923876,0.21421747
20241106_144854_657392989,0.07224468
20241106_144854_900675585,0.1733555
20241106_144855_146658346,0.37319967
20241106_144855_393290265,0.8018015
20241106_144855_646950785,1.9469652
20241106_144855_894770371,-0.53991383
20241106_144856_151958149,-0.16169159
20241106_144856_400091036,0.0027295481
20241106_144856_658417309,0.32461575
20241106_144856_902755857,0.109202065
20241106_144857_159421810,-0.029705336
20241106_144857_413665132,-0.18289609
20241106_144857_649972712,-0.11459377
20241106_144857_893306707,-0.10245385
20241106_144858_155006215,0.52853423
20241106_144858_403422187,0.45141506
20241106_144858_654127817,0.35947794
20241106_144858_898490706,0.38618875
20241106_144859_146685462,0.30919906
20241106_144859_394154594,0.63582504
20241106_144859_647193414,0.1690797
20241106_144859_894436938,0.43164605
20241106_144900_161081879,1.3494098
20241106_144900_397051820,0.37082776
20241106_144900_646600784,1.795913
20241106_144900_892702834,-0.23785052
20241106_144901_145004808,-1.1736948
20241106_144901_392809598,-1.23034
20241106_144901_642534625,-0.40937346
20241106_144901_903554202,0.48167428
20241106_144902_163098318,0.17188506
20241106_144902_419102095,0.09928844
20241106_144902_652430031,-0.12350985
20241106_144902_901386302,0.07224033
20241106_144903_153464957,0.070843734
20241106_144903_410870472,0.084320046
20241106_144903_650149997,0.08286867
20241106_144904_152316635,0.54299164
20241106_144904_395037596,1.9169688
20241106_144904_650090467,-0.8742742
20241106_144904_896538315,-0.7472643
20241106_144905_152174347,-0.2684153
20241106_144905_395617467,-0.21372703
20241106_144905_657687207,0.09615264
20241106_144905_896355080,0.25573954
20241106_144906_142387675,0.048072375
20241106_144906_393173252,0.12867485
20241106_144906_643256221,-0.0031650867
20241106_144906_894933265,-0.12660249
20241106_144907_150137337,-0.30026183
20241106_144907_406185097,-0.12320878
20241106_144907_655246482,-0.06100773
20241106_144907_899696416,0.16133265
20241106_144908_143968238,-0.7476138
20241106_144908_393593240,0.63809735
20241106_144908_646221613,0.16435938
20241106_144908_895680813,-0.09614428
20241106_144909_145640904,0.24051066
20241106_144909_389583511,0.62642974
20241106_144909_642129886,0.66654897
20241106_144909_893619952,0.5365973
20241106_144910_149089773,1.0477746
20241106_144910_405039983,-0.88132817
20241106_144910_650068866,-0.3208156
20241106_144910_895106017,-0.4486215
20241106_144911_156782078,-0.44722173
20241106_144911_396337547,-0.47010157
20241106_144911_656940688,0.5504976
20241106_144911_892300576,0.16632466
20241106_144912_158434890,0.12436602
20241106_144912_414074150,0.19913237
20241106_144912_661418209,0.40407565
20241106_144912_904670671,0.19830684
20241106_144913_162762026,0.21626769
20241106_144913_401059665,0.21023837
20241106_144913_656837540,0.13072486
20241106_144913_900371930,0.111397706
20241106_144914_160002327,0.28382084
20241106_144914_412204359,0.19248314
20241106_144914_661172918,0.35373896
20241106_144914_912660506,0.34098136
20241106_144915_161562233,0.8701013
20241106_144915_401752917,0.48282382
20241106_144915_649601038,0.13748042
20241106_144915_893751541,0.15779288
20241106_144916_150766465,0.20856003
20241106_144916_654196474,0.14056091
20241106_144917_158526769,-0.29086855
20241106_144917_406458478,-0.050124995
20241106_144917_649926917,-0.030374965
20241106_144918_153604628,-0.05653798
20241106_144918_413851564,-0.059680186
20241106_144918_672783801,-0.21892898
20241106_144918_909480679,-0.07006272
20241106_144919_158802364,-0.0087829735
20241106_144919_413229351,0.5215147
20241106_144919_664770356,0.3330664
20241106_144919_900162494,0.24994184
20241106_144920_157158079,0.7247372
20241106_144920_407963343,0.74114025
20241106_144920_656340944,0.085722275
20241106_144920_912107932,-0.5312245
20241106_144921_172481689,-0.37425172
20241106_144921_429555720,-2.0404387
20241106_144921_667137998,-0.75869066
20241106_144921_928237612,-0.43937558
20241106_144922_160318915,-0.22873296
20241106_144922_403192404,-0.15690313
20241106_144922_655355441,-0.3364917
20241106_144922_899268043,-0.28390765
20241106_144923_145420331,-0.3250268
20241106_144923_392548313,-0.18280233
20241106_144923_906302473,-0.0071735214
20241106_144924_151138682,-0.24840511
20241106_144924_398664144,0.31072024
20241106_144924_650178166,0.05379785
20241106_144924_892809517,-0.09916332
20241106_144925_148801425,-0.17434098
20241106_144925_394989752,-0.46348718
20241106_144925_647305608,-0.39548734
20241106_144925_905770789,-0.4770253
20241106_144926_152327409,0.02259648
20241106_144926_410041965,0.21352562
20241106_144926_664385182,0.21535711
20241106_144926_908007036,-0.6419695
20241106_144927_166625874,0.1893454
20241106_144927_417703082,-0.05672992
20241106_144927_659403063,0.1452529
20241106_144927_901582308,-0.06657203
20241106_144928_155379117,-0.12900192
20241106_144928_400061928,-0.27416298
20241106_144928_650172389,0.27315488
20241106_144928_906372501,0.22892882
20241106_144929_154540057,-0.053960346
20241106_144929_403909049,-0.49462357
20241106_144929_652734314,0.29238632
20241106_144929_899226376,0.09468756
20241106_144930_156037219,0.03127239
20241106_144930_401347765,0.35690686
20241106_144930_645077989,0.31444985
20241106_144930_906069540,1.3647107
20241106_144931_156010439,0.16364907
20241106_144931_403271216,0.13465716
20241106_144931_652013136,0.017537573
20241106_144931_907446529,0.21206321
20241106_144932_154637524,0.1361415
20241106_144932_405140988,0.068000056
20241106_144932_649321013,0.41386196
20241106_144932_898769143,0.46500304
20241106_144933_152493589,0.6348818
20241106_144933_398902269,0.43366426
20241106_144933_654283938,0.1441191
20241106_144933_904926564,-0.09973665
20241106_144934_176984498,-0.028088352
20241106_144934_409739224,-0.02875038
20241106_144934_656647835,-0.12389111
20241106_144934_896345501,0.09648866
20241106_144935_148833115,0.03702534
20241106_144935_398373137,0.20830552
20241106_144935_651575462,0.41046733
20241106_144935_897556666,0.9359826
20241106_144936_146197868,0.37908766
20241106_144936_390433116,0.2970052
20241106_144937_152509598,0.33754978
20241106_144937_394522294,0.31505474
20241106_144937_642965388,0.23047383
20241106_144937_894535587,-0.41273877
20241106_144938_147534317,-0.05483841
20241106_144938_399472570,0.05003462
20241106_144938_645820703,-0.019538661
20241106_144938_892420818,-0.2132078
20241106_144939_143360728,-0.330274
20241106_144939_396363773,-0.18176742
20241106_144939_648907102,-0.41697532
20241106_144939_900179776,-0.040998243
20241106_144940_152077298,-0.14824672
20241106_144940_402426145,-0.20553114
20241106_144940_645352814,-0.3379856
20241106_144940_899017206,-0.3050614
20241106_144941_143380121,-0.036097176
20241106_144941_393205198,-0.1940461
20241106_144941_648360911,-0.23495714
20241106_144941_922143140,-0.21818067
20241106_144942_174944573,-0.38791025
20241106_144942_421543374,0.8783215
20241106_144942_673942180,0.12134022
20241106_144942_914976686,0.015981829
20241106_144943_164078950,0.9078731
20241106_144943_398133295,0.41926277
20241106_144943_649503618,-0.26595154
20241106_144943_897542696,-0.046916626
20241106_144944_147874096,0.022034863
20241106_144944_392891194,0.09792698
20241106_144944_647973616,0.01135526
20241106_144944_902758799,0.014110992
20241106_144945_153782707,-0.033159904
20241106_144945_396849365,-0.058213912
20241106_144945_653227431,-0.48429438
20241106_144945_915871517,0.2648782
20241106_144946_157019047,0.25701067
20241106_144946_648084368,0.2038294
20241106_144946_896964866,0.071793236
20241106_144947_147406615,0.025858084
20241106_144947_396569695,0.2939452
20241106_144947_647844811,0.15225802
20241106_144948_149243917,0.121237375
20241106_144948_395951973,0.11192445
20241106_144948_653715906,-0.0053825583
20241106_144948_895004452,0.008656779
20241106_144949_147367406,0.072711684
20241106_144949_393486550,0.13417555
20241106_144949_651435122,1.0605346
20241106_144949_895258766,-0.90790606
20241106_144950_148016548,-0.011157831
20241106_144950_400226636,-0.5405879
20241106_144950_646689144,-0.27821752
20241106_144950_895276386,-0.20231213
20241106_144951_143530318,-0.32598302
20241106_144951_393183170,-0.27089748
20241106_144951_644170446,-0.26497087
20241106_144951_896140129,-0.29329476
20241106_144952_152328207,-0.21928145
20241106_144952_394903240,-0.17844595
20241106_144952_648231878,-0.7624898
20241106_144952_894690293,-0.5939823
20241106_144953_151183156,-0.1163501
20241106_144953_394489685,-0.11960647
20241106_144953_641202472,-0.7532602
20241106_144953_890711111,0.8180021
20241106_144954_145468945,0.16977477
20241106_144954_393508654,1.2531873
20241106_144954_643982599,0.93202215
20241106_144954_893767875,0.35484633
20241106_144955_144460480,0.078188516
20241106_144955_399987783,0.12312133
20241106_144955_646787743,0.20281018
20241106_144955_893147060,0.5625841
20241106_144956_153357439,0.8067386
20241106_144956_406844550,-0.5873168
20241106_144956_651877960,-0.3736684
20241106_144956_910219766,-0.64743394
20241106_144957_151230622,-0.35107052
20241106_144957_398328092,-0.42630658
20241106_144957_645285999,-0.506216
20241106_144957_890112417,-0.54362005
20241106_144958_140114007,-0.60666
20241106_144958_389044756,-0.6646499
20241106_144958_644469939,-0.05962962
20241106_144958_890691215,-0.23201822
20241106_144959_147051610,-0.25567776
20241106_144959_408963183,-0.29338977
20241106_144959_660315772,1.451175
20241106_144959_906134970,-0.7742688
20241106_145000_153631146,0.14793609
20241106_145000_407684001,0.2633402
20241106_145000_654949798,-0.15157391
20241106_145000_904707707,0.009605685
20241106_145001_154546263,-0.052258097
20241106_145001_408885258,0.04750029
20241106_145001_660620269,0.13404539
20241106_145001_922095196,0.05257801
20241106_145002_172446813,0.16597001
20241106_145002_415191087,0.9158347
20241106_145002_661219210,-0.7191898
20241106_145002_905692390,-0.21811832
20241106_145003_154506217,-0.49063358
20241106_145003_412620656,-0.35970694
20241106_145003_667544560,-0.15185387
20241106_145003_910569202,0.11100697
20241106_145004_158086674,1.7103636
20241106_145004_428923934,0.012355814
20241106_145004_676668846,-0.06514484
20241106_145004_916456485,0.17329115
20241106_145005_170162917,0.49399492
20241106_145005_410191321,0.49353436
20241106_145005_655964537,1.30691
20241106_145005_906287969,1.2020305
20241106_145006_157646196,0.2396257
20241106_145006_424862193,0.15010568
20241106_145006_659259327,0.05354432
20241106_145006_898517461,-0.32885018
20241106_145007_153228803,-0.076511525
20241106_145007_397739511,-1.1050218
20241106_145007_651620239,-0.1369543
20241106_145007_895129511,0.05734911
20241106_145008_143781635,0.10779325
20241106_145008_402149256,0.37426195
20241106_145008_643738399,0.65729475
20241106_145008_900901629,0.35157478
20241106_145009_152147877,0.81810594
20241106_145009_405473972,-0.1185228
20241106_145009_659428097,0.003248686
20241106_145009_913405455,0.17672011
20241106_145010_159682251,0.07035491
20241106_145010_401457159,-0.048620544
20241106_145010_650252269,-0.04336723
20241106_145010_895163679,-0.07859119
20241106_145011_148521966,-0.10335233
20241106_145011_403540640,-0.12428089
20241106_145011_658724595,-0.15769847
20241106_145011_902076425,0.039674878
20241106_145012_148998742,-0.06585612
20241106_145012_394763571,-0.06086775
20241106_145012_651814213,-0.09228029
20241106_145012_905523187,-0.7832411
20241106_145013_146663231,-0.2727312
20241106_145013_401176475,-0.187167
20241106_145013_651597010,-0.39936385
20241106_145013_910759368,-0.29765636
20241106_145014_156157992,-0.4149271
20241106_145014_400944156,-0.39169505
20241106_145014_651608570,-0.256537
20241106_145014_891349582,-0.24617152
20241106_145015_143380737,-0.43012244
20241106_145015_641112704,-0.24638866
20241106_145015_890074264,-0.27765852
20241106_145016_141836506,-0.24090481
20241106_145016_388179341,-0.3090469
20241106_145016_640673397,-0.20396845
20241106_145016_891001823,-0.5897607
20241106_145017_143851168,-0.8342313
20241106_145017_402692980,-0.060179584
20241106_145017_655557194,-0.36515304
20241106_145017_895251818,-1.4454229
20241106_145018_144810411,0.3159248
20241106_145018_396456121,-0.743728
20241106_145018_649951407,-0.35973045
20241106_145018_902859937,0.2307127
20241106_145019_147760578,-0.045228384
20241106_145019_390321425,-0.06126722
20241106_145019_644568060,-0.08534213
20241106_145019_895108661,-0.38530326
20241106_145020_148869644,0.4606636
20241106_145020_395933513,1.0226979
20241106_145020_652512058,0.99856716
20241106_145020_900339822,2.4212735
20241106_145021_156121508,-0.11798863
20241106_145021_403176915,-0.32848343
20241106_145021_659276202,-0.113026656
20241106_145021_902447504,-0.09980174
20241106_145022_145982894,-0.11764201
20241106_145022_395429328,-0.0068329778
20241106_145022_640422191,0.056700356
20241106_145022_897467692,0.003025068
20241106_145023_152616054,0.25242305
20241106_145023_396171561,0.06413404
20241106_145023_647609622,-0.033636056
20241106_145023_895240268,-0.27435508
20241106_145024_156489089,-0.5851489
20241106_145024_404446217,-0.22472228
20241106_145024_662521252,0.88408494
20241106_145024_904629740,0.7482744
20241106_145025_152929566,1.2614992
20241106_145025_398336844,1.1157045
20241106_145025_655278562,-1.4719697
20241106_145025_898973273,-0.52772266
20241106_145026_148574961,-0.111749016
20241106_145026_395940350,-0.14995964
20241106_145026_647561012,-0.08183315
20241106_145026_896060204,-0.043802522
20241106_145027_393505705,-0.02969279
20241106_145027_652494615,0.08367054
20241106_145027_896832674,0.031313635
20241106_145028_153062083,0.012730101
20241106_145028_398279492,0.018675385
20241106_145028_652688108,0.07244185
20241106_145028_906734466,0.065841414
20241106_145029_163996398,0.04736314
20241106_145029_405243352,0.17710052
20241106_145029_660313374,0.0709273
20241106_145029_902822677,-1.6664591
20241106_145030_159144034,-1.3319722
20241106_145030_401232647,-0.5464075
20241106_145030_643885531,-0.47086546
20241106_145030_887425922,-0.4235354
20241106_145031_135760624,-0.61820954
20241106_145031_387405566,-0.48193285
20241106_145031_641205692,-0.47418377
20241106_145031_894589975,-0.79625857
20241106_145032_152149128,-0.8262198
20241106_145032_399844462,-1.5565671
20241106_145032_643038136,0.4684153
20241106_145032_891083122,0.03946445
20241106_145033_144262202,0.0143388305
20241106_145033_393421798,-0.17337586
20241106_145033_647786560,-1.5599328
20241106_145033_896617145,-0.31550947
20241106_145034_164694198,0.8639743
20241106_145034_405204375,0.48295477
20241106_145034_660819635,0.6100779
20241106_145034_900471218,0.51423645
20241106_145035_143099224,0.44300503
20241106_145035_388082950,0.33734244
20241106_145035_643011209,0.349527
20241106_145035_891796239,0.36851048
20241106_145036_142489453,0.34181577
20241106_145036_390015943,0.58819133
20241106_145036_895424163,0.45515314
20241106_145037_151135114,0.37077078
20241106_145037_651824260,0.8036178
20241106_145037_909765285,0.02467064
20241106_145038_151524691,0.38558415
20241106_145038_398455993,0.53164285
20241106_145038_645652521,0.66299087
20241106_145038_892748580,2.156218
20241106_145039_159937480,-0.2638151
20241106_145039_396552666,0.28985026
20241106_145039_652874044,0.14405748
20241106_145039_904504223,0.091026
20241106_145040_156455100,0.08511702
20241106_145040_403766035,0.6030388
20241106_145040_654431019,0.32177794
20241106_145040_895892644,0.20920196
20241106_145041_154677048,0.3107526
20241106_145041_397893483,0.01871697
20241106_145041_647462651,0.13372223
20241106_145041_897226925,0.15092193
20241106_145042_143483079,0.13488625
20241106_145042_647715614,0.011131564
20241106_145042_891198834,0.0682079
20241106_145043_140004214,0.013604382
20241106_145043_647567374,-0.035319887
20241106_145043_894788295,0.022146264
20241106_145044_145005152,0.19807525
20241106_145044_395729156,0.104160525
20241106_145044_647201603,0.025039176
20241106_145044_900040090,0.109983094
20241106_145045_148541308,0.5169709
20241106_145045_396752297,0.3999932
20241106_145045_648234227,1.2835442
20241106_145045_891324360,0.44475642
20241106_145046_142242166,0.39898896
20241106_145046_389785882,0.46507135
20241106_145046_643303755,-0.09196206
20241106_145046_893477361,-0.04695018
20241106_145047_141082495,0.053497173
20241106_145047_390124361,-0.066953324
20241106_145047_640838722,-0.1531011
20241106_145048_139863482,-0.11447521
20241106_145048_395699316,-0.0036543608
20241106_145048_645569146,-0.014889559
20241106_145048_891182975,2.315705
20241106_145049_146531961,0.7317287
20241106_145049_392874193,1.1925457
20241106_145049_643024901,2.0394714
20241106_145049_887954105,0.5105311
20241106_145050_139794957,0.42205754
20241106_145050_393782148,0.39760965
20241106_145050_643611791,0.46116674
20241106_145051_142927813,0.47345248
20241106_145051_400724648,0.5011444
20241106_145051_645844064,0.47961786
20241106_145051_893076844,0.48769036
20241106_145052_148926971,0.5427578
20241106_145052_392102801,0.5093531
20241106_145052_642730401,0.49300203
20241106_145052_895760394,0.49324426
20241106_145053_143997457,0.4754484
20241106_145053_392314912,0.5477626
20241106_145053_645196046,0.42081457
20241106_145053_890078508,-0.25494227
20241106_145054_147804998,-0.059965365
20241106_145054_391715771,0.04980112
20241106_145054_641935187,0.09310181
20241106_145054_902232859,0.06191606
20241106_145055_165149808,0.054486997
20241106_145055_657998129,-0.052857064
20241106_145055_896169029,-0.093479685
20241106_145056_143602488,-0.053016715
20241106_145056_393517290,-0.034841143
20241106_145056_643235098,-0.0497958
20241106_145056_906672904,0.07500557
20241106_145057_405621000,-0.029268106
20241106_145059_155185120,0.18059503
20241106_145059_652168909,-0.7395699
20241106_145059_894164998,-0.33699825
20241106_145100_143926350,-0.14668278
20241106_145100_396301522,-0.41449037
20241106_145100_647473311,-0.20574246
20241106_145100_896558246,-0.3926838
20241106_145101_146012035,-0.2623959
20241106_145101_404911029,-0.36874303
20241106_145101_655670907,-0.15623982
20241106_145101_912216926,0.17826556
20241106_145102_155249658,-0.07449605
20241106_145102_410758335,-0.0973817
20241106_145102_657495544,-0.06484773
20241106_145103_150368259,-0.04337009
20241106_145103_895237732,-0.03422483
20241106_145104_145887803,-0.020755311
20241106_145104_651094321,-0.12724324
20241106_145104_899486085,-0.06023421
20241106_145105_146432967,-0.11772578
20241106_145105_393573313,-0.16149582
20241106_145105_643479328,-0.12391382
20241106_145105_888304875,0.24446268
20241106_145106_151066253,0.118476756
20241106_145106_398732712,0.08393679
20241106_145106_644290212,0.31096807
20241106_145106_894213022,0.99007016
20241106_145107_144428703,0.7642363
20241106_145107_390074030,0.25727826
20241106_145107_638995498,-1.1398085
20241106_145107_896385469,-0.47335598
20241106_145108_146114866,-0.12456044
20241106_145108_397223250,-0.08620947
20241106_145108_653094584,-0.0673961
20241106_145108_898131960,-0.02491068
20241106_145109_146667165,-0.02901127
20241106_145109_394314523,0.040140457
20241106_145109_641170326,0.07771949
20241106_145109_887583301,0.13738565
20241106_145110_138210878,0.17361449
20241106_145110_637260641,0.08785451
20241106_145110_885847676,0.0043643806
20241106_145111_149298813,0.16431837
20241106_145111_399250346,0.38804403
20241106_145111_645948866,0.50913405
20241106_145111_892247583,0.35623428
20241106_145112_140366456,0.41309595
20241106_145112_391723513,0.31227046
20241106_145112_645409863,0.21168162
20241106_145113_144141019,-0.07557263
20241106_145113_397839532,0.084627084
20241106_145113_652436322,0.22222538
20241106_145113_903176602,0.13169576
20241106_145114_149894371,-0.20242013
20241106_145114_387286306,-0.0279152
20241106_145114_639741632,-0.03758826
20241106_145114_888931097,-0.2899712
20241106_145115_141750582,0.1461782
20241106_145115_390429016,0.20872088
20241106_145115_640044398,0.14850701
20241106_145115_887026636,0.19541006
20241106_145116_140534705,0.19901486
20241106_145116_390624294,0.16632654
20241106_145116_639586235,0.11788625
20241106_145116_888399131,1.3809545
20241106_145117_142281912,0.39225763
20241106_145117_396129479,1.1156174
20241106_145117_647753934,0.51965195
20241106_145117_895692434,0.29387882
20241106_145118_151819897,0.26374942
20241106_145118_658428287,1.3653146
20241106_145118_896506262,0.4479954
20241106_145119_149985627,-0.5266624
20241106_145119_398530893,-0.3484121
20241106_145119_656979262,0.17632228
20241106_145119_908961478,1.0607096
20241106_145120_161644790,0.12405836
20241106_145120_407085012,-0.1728403
20241106_145120_658529409,-0.26534495
20241106_145120_906956894,-0.15191479
20241106_145121_151622946,-0.026607951
20241106_145121_403932672,-0.16551866
20241106_145121_653709033,-0.37756467
20241106_145121_902864378,-0.10328331
20241106_145122_149613918,-0.12111046
20241106_145122_398277854,-0.14172049
20241106_145122_650493574,0.35810277
20241106_145122_901363553,0.6327866
20241106_145123_147581515,0.11782443
20241106_145123_400603622,0.041253723
20241106_145123_656001779,0.06728927
20241106_145123_905892133,1.6455858
20241106_145124_171925664,0.0030200575
20241106_145124_424695839,0.25797468
20241106_145124_679366170,0.16897273
20241106_145124_922056834,0.07080523
20241106_145125_164642200,-0.034078382
20241106_145125_401019022,0.672139
20241106_145125_662916940,0.14018558
20241106_145125_907389895,0.1877772
20241106_145126_165285653,0.25743613
20241106_145126_405685824,0.20298807
20241106_145126_649297781,0.14898519
20241106_145126_894791379,0.19570957
20241106_145127_143616214,-0.10129418
20241106_145127_395837376,0.035150804
20241106_145127_651000447,-0.061439775
20241106_145127_891438964,0.12135986
20241106_145128_147890419,0.3143955
20241106_145128_393227274,0.16454105
20241106_145128_645966542,0.047836877
20241106_145128_886581651,0.09539322
20241106_145129_136919788,0.11391357
20241106_145129_392634693,0.060639538
20241106_145129_651790351,-0.11599686
20241106_145129_906532432,0.19185929
20241106_145130_149473381,0.44267738
20241106_145130_406441360,0.5222152
20241106_145130_663479233,0.43589726
20241106_145130_903713335,0.74818474
20241106_145131_153846866,0.008223483
20241106_145131_402247185,-0.11149683
20241106_145131_647091105,-0.094946675
20241106_145131_900825876,0.13484034
20241106_145132_154770429,0.13962375
20241106_145132_393409206,0.23571779
20241106_145132_659901063,0.024056235
20241106_145132_908261243,-0.4182772
20241106_145133_161869609,-1.7513984
20241106_145133_412763699,0.15144607
20241106_145133_657843745,0.291928
20241106_145133_915149127,0.2648505
20241106_145134_173093554,0.46940798
20241106_145134_403004782,0.12817489
20241106_145134_646710142,0.35742697
20241106_145134_895879932,0.49569133
20241106_145135_143538738,0.06268302
20241106_145135_399047786,0.21494855
20241106_145135_651346249,0.123813935
20241106_145135_894165576,0.09719754
20241106_145136_148747083,0.27162844
20241106_145136_394599965,0.19484077
20241106_145136_644002503,0.28259897
20241106_145136_898921527,0.19603719
20241106_145137_151987293,0.09747974
20241106_145137_397302001,0.0998239
20241106_145137_649242750,0.07609431
20241106_145137_893112545,0.08658282
20241106_145138_647603846,0.048351593
20241106_145138_893901049,0.025799284
20241106_145139_152830338,-0.74214625
20241106_145139_401765151,-0.4744116
20241106_145139_647626888,-0.34458333
20241106_145139_899067369,-0.06515565
20241106_145140_145555566,-0.22741587
20241106_145140_394832651,-0.42874137
20241106_145140_649084863,-0.59808457
20241106_145140_885635898,-0.3169151
20241106_145141_145492797,-0.17340259
20241106_145141_647327052,-0.13556542
20241106_145141_894445625,-0.106588654
20241106_145142_142546177,-0.113353126
20241106_145142_639324620,-0.18626295
20241106_145142_890759931,-0.13611807
20241106_145143_141250827,-0.015524542
20241106_145143_396446524,-0.013998022
20241106_145143_641364418,0.16840427
20241106_145143_892563183,0.012323195
20241106_145144_143008742,0.20057803
20241106_145144_395888379,0.15437548
20241106_145144_648456683,-0.32141238
20241106_145144_902257306,-0.22977866
20241106_145145_146809398,-0.15896381
20241106_145145_387452774,-0.15210237
20241106_145146_141146060,0.26385033
20241106_145146_388075048,-0.35500666
20241106_145146_655199465,-0.20631014
20241106_145146_894076348,-0.001861494
20241106_145147_887595578,-0.038733773
20241106_145148_141657857,-0.11974945
20241106_145149_138948833,-0.21821748
20241106_145149_389622642,-0.15403265
20241106_145149_638624568,-0.08186462
20241106_145149_886762770,-0.052605443
20241106_145150_139395098,-0.03660562
20241106_145151_141023424,-0.07756092
20241106_145152_137670285,-0.089106254
20241106_145152_882845253,-0.09994608
20241106_145153_133265055,-0.09614626
20241106_145153_385237954,-0.015191635
20241106_145153_636092114,-0.094444
20241106_145153_889741800,-0.05936428
20241106_145154_134378599,-0.10272168
20241106_145154_388442841,-0.064186
20241106_145154_889860686,-0.03286328
20241106_145155_136681952,-0.028549632
20241106_145155_637904208,0.12076167
20241106_145155_884359434,0.09085999
20241106_145156_136139269,0.04520324
20241106_145156_386075703,-0.0068528503
20241106_145156_887154261,0.014031092
20241106_145157_135984055,0.027723351
20241106_145157_385773707,0.036909737
20241106_145157_635515341,0.15415014
20241106_145157_890176464,0.11225764
20241106_145158_136085375,0.014968315
20241106_145158_386960723,0.0036088042
20241106_145158_636021040,-0.08653506
20241106_145159_141024430,-0.07683931
20241106_145159_405625867,0.038078614
20241106_145159_653926437,-0.05958339
20241106_145159_894111604,0.11741037
20241106_145200_163066269,0.08279405
20241106_145200_407792840,-0.18734927
20241106_145200_661296757,-0.16999157
20241106_145200_920223897,-0.42389217
20241106_145201_173431142,-2.6134288
20241106_145201_411090965,-0.49467775
20241106_145201_672389174,-0.8946672
20241106_145201_908487160,-0.021063766
20241106_145202_159179213,0.1125919
20241106_145202_407510013,0.39118612
20241106_145202_647141878,-0.048889123
20241106_145202_892318905,0.2016574
20241106_145203_153607257,0.20640104
20241106_145203_400949295,-0.06507041
20241106_145203_650077042,0.04378686
20241106_145203_896222246,-0.009404322
20241106_145204_155477134,-0.2513238
20241106_145204_407010823,0.4842457
20241106_145204_647907807,1.4314997
20241106_145204_899007080,0.32363072
20241106_145205_147874391,0.13335545
20241106_145205_393825925,-0.48520043
20241106_145205_650628602,-0.7629214
20241106_145205_895497989,-0.6924394
20241106_145206_393689658,-0.5045511
20241106_145206_638736545,-0.5285148
20241106_145206_894191400,-0.14159332
20241106_145207_145867054,1.2301304
20241106_145207_393493545,0.42504045
20241106_145207_651082464,0.049918883
20241106_145207_909133403,-0.37188402
20241106_145208_153020028,0.19859256
20241106_145208_398966371,-0.02479118
20241106_145208_650849839,0.22727646
20241106_145208_900786849,0.81988865
20241106_145209_151384360,0.7897588
20241106_145209_397401158,1.3368376
20241106_145209_657556095,-0.6988626
20241106_145209_896867681,-0.18609323
20241106_145210_159880310,-0.41388884
20241106_145210_393502524,-0.9555693
20241106_145210_646201095,-1.1288904
20241106_145210_901317562,0.3388733
20241106_145211_147486692,-0.7454631
20241106_145211_392091864,-0.45408863
20241106_145211_643747740,-0.6591104
20241106_145211_894759714,-0.83968925
20241106_145212_146632680,-1.0313087
20241106_145212_398856918,-0.48824257
20241106_145212_642770825,-0.42091653
20241106_145212_892823739,-0.21172898
20241106_145213_143466153,0.019067423
20241106_145213_390580267,0.076297715
20241106_145213_643838407,-0.24023645
20241106_145213_894616158,-0.039220594
20241106_145214_156067567,-0.14543362
20241106_145214_402901617,-0.20846783
20241106_145214_656219131,-0.27243486
20241106_145214_916396152,-0.23528357
20241106_145215_146646335,-0.6123971
20241106_145215_387391522,-0.8194042
20241106_145215_642396048,-0.73160255
20241106_145215_887749535,-0.27175948
20241106_145216_144183799,-0.31958514
20241106_145216_392604212,-0.8736486
20241106_145216_654772788,-1.1115835
20241106_145216_896377106,0.642199
20241106_145217_141952038,-1.1562936
20241106_145217_391688518,-0.73144466
20241106_145217_644337000,-0.9425797
20241106_145217_891857926,-0.64262223
20241106_145218_141661519,-0.6307507
20241106_145218_393397256,-0.85477996
20241106_145218_644774252,-0.15268727
20241106_145218_899057307,-0.059293985
20241106_145219_144659706,1.1052064
20241106_145219_395616554,0.64034826
20241106_145219_649736839,0.333958
20241106_145219_896072627,0.7720061
20241106_145220_161084398,2.1724603
20241106_145220_399345079,-0.5087543
20241106_145220_648341538,0.44319376
20241106_145220_892116144,0.25338942
20241106_145221_146740305,0.027906043
20241106_145221_398204795,0.6675796
20241106_145221_647031430,0.35613257
20241106_145221_899676304,-0.035598323
20241106_145222_149729058,-0.253522
20241106_145222_398085092,-0.08699956
20241106_145222_648226989,0.17000201
20241106_145222_896562586,0.25991723
20241106_145223_146840643,0.25642428
20241106_145223_397434884,-0.1438395
20241106_145223_641638901,-0.024235269
20241106_145224_143717912,0.1317926
20241106_145224_395778817,0.10382841
20241106_145224_652822591,0.17010544
20241106_145224_898968985,0.08322338
20241106_145225_391531912,0.20508282
20241106_145225_645472559,1.2630585
20241106_145225_897720259,0.6705976
20241106_145226_146826402,1.2701194
20241106_145226_391869743,0.12532078
20241106_145226_641749831,0.66761196
20241106_145226_892353656,0.37535214
20241106_145227_143742005,0.057469606
20241106_145227_385868577,0.15305643
20241106_145227_635793364,-0.1653737
20241106_145227_887542421,-0.1565469
20241106_145228_137844099,-0.825731
20241106_145228_389820285,0.6516153
20241106_145228_640757013,0.7743446
20241106_145228_891583005,0.45421612
20241106_145229_148140758,0.70067567
20241106_145229_396521733,0.83609134
20241106_145229_645750243,1.3710313
20241106_145229_892089450,1.0777221
20241106_145230_140351272,0.9162699
20241106_145230_391422997,0.78705585
20241106_145230_653877115,-0.4520713
20241106_145230_908428394,-0.091396675
20241106_145231_151018948,-0.18057479
20241106_145231_397942041,-0.10671655
20241106_145231_643718143,-0.13453509
20241106_145231_890044688,-0.2759618
20241106_145232_140961899,-0.3797666
20241106_145232_388377055,-0.35913292
20241106_145232_638339425,-0.6685419
20241106_145232_893281260,-0.28841987
20241106_145233_153982875,-0.120100595
20241106_145233_396150915,-0.028762987
20241106_145233_639796878,0.8029387
20241106_145233_897350560,0.32972988
20241106_145234_163217346,0.18296833
20241106_145234_386838143,0.008993344
20241106_145234_636993576,-0.014128407
20241106_145234_884888133,0.5531451
20241106_145235_139940341,0.30524594
20241106_145235_388008177,0.28230205
20241106_145235_643429658,0.31080744
20241106_145235_894503598,0.4084302
20241106_145236_387696822,0.3047241
20241106_145236_640494351,0.30485284
20241106_145236_884410156,0.2817898
20241106_145237_139339908,0.41870037
20241106_145237_391647716,0.30323344
20241106_145237_643480033,0.43115294
20241106_145237_894189081,0.37812173
20241106_145238_146194458,0.057632424
20241106_145238_391521063,0.043427683
20241106_145238_645004277,0.04896275
20241106_145238_893387942,0.053182364
20241106_145239_147480481,0.33554184
20241106_145239_393529887,0.28354952
20241106_145239_642708093,1.0907935
20241106_145239_891722435,0.1571274
20241106_145240_141351371,-1.1225395
20241106_145240_400294024,-0.8285419
20241106_145240_659583615,-1.4343805
20241106_145240_905860725,-0.34233972
20241106_145241_164518832,-0.20163722
20241106_145241_405589576,-0.21901281
20241106_145241_651019106,-0.25303462
20241106_145242_393510496,-0.5580208
20241106_145242_648812932,-0.40007162
20241106_145243_143673920,0.3668187
20241106_145243_391081948,-0.02971693
20241106_145243_651901803,-0.3871337
20241106_145243_897841031,-1.3266422
20241106_145244_144395107,-1.1805043
20241106_145244_390674369,0.97586375
20241106_145244_643931557,-0.05461683
20241106_145244_897290550,0.20171632
20241106_145245_143364221,0.0695282
20241106_145245_390463825,0.10145984
20241106_145245_642426180,0.03296382
20241106_145245_898063390,0.104412146
20241106_145246_143177653,0.11151237
20241106_145246_391493448,0.1301509
20241106_145246_639031543,0.08013833
20241106_145246_883425506,-0.4290962
20241106_145247_145202600,-0.12543412
20241106_145247_395466061,-0.10980954
20241106_145247_656306619,-0.056468092
20241106_145247_896315313,-0.037939988
20241106_145248_142044668,0.21966375
20241106_145248_387333164,0.10198764
20241106_145248_637812163,0.12237225
20241106_145248_885786047,0.07327009
20241106_145249_388105064,0.20627259
20241106_145249_642293450,0.21201332
20241106_145249_893239162,0.22468497
20241106_145250_145703862,0.1973422
20241106_145250_410144738,0.2844784
20241106_145250_663706252,0.17481701
20241106_145250_912575399,0.29399157
20241106_145251_164946054,0.29964012
20241106_145251_916002629,0.2685519
20241106_145252_157742255,-0.12152083
20241106_145252_399070421,-0.13935249
20241106_145252_647735332,-0.08987161
20241106_145252_888652145,-0.046068393
20241106_145253_136804280,-0.1381991
20241106_145253_387036997,-0.2157072
20241106_145253_632828808,-0.22193713
20241106_145254_892562830,-0.17510541
20241106_145255_141021592,-0.04371228
20241106_145255_390040079,-0.05407747
20241106_145255_645834761,0.054811038
20241106_145255_893911400,0.0354707
20241106_145256_142600040,-0.25612062
20241106_145256_390882436,-0.25764534
20241106_145256_639705456,0.27996072
20241106_145256_887834753,0.22980429
20241106_145257_139639031,0.06112794
20241106_145257_394934187,0.05546216
20241106_145257_644744370,0.023626605
20241106_145257_904613246,-0.5089169
20241106_145258_165401650,-0.15888958
20241106_145258_404197720,-0.23025353
20241106_145258_905880574,-0.26030847
20241106_145259_148706781,-0.25657484
20241106_145259_391486556,-0.25062668
20241106_145259_639343705,-0.24670471
20241106_145300_149191902,-0.3639942
20241106_145300_394708299,0.0011657495
20241106_145300_647798333,0.09554521
20241106_145300_901539930,0.9552141
20241106_145301_145549854,0.5350393
20241106_145301_396231835,0.30723533
20241106_145301_651677535,0.5047121
20241106_145301_910580181,0.2873983
20241106_145302_171979137,0.39700788
20241106_145302_420692833,0.27373534
20241106_145302_663798737,0.29011863
20241106_145302_919209034,0.0336648
20241106_145303_165426453,0.1534812
20241106_145303_403852103,0.15027161
20241106_145303_901135551,0.1267667
20241106_145304_151774931,0.026107708
20241106_145304_402258788,0.14736398
20241106_145304_648228218,0.136896
20241106_145304_892197109,0.15844841
20241106_145305_147654220,0.099958576
20241106_145305_394566844,0.10489256
20241106_145305_640914463,0.3387355
20241106_145305_889599761,0.356498
20241106_145306_144093818,0.966327
20241106_145306_402504741,0.5639966
20241106_145306_646989953,0.31127116
20241106_145306_903072854,0.16035098
20241106_145307_149376411,-0.6045416
20241106_145307_403569172,0.08566402
20241106_145307_663877203,0.31692603
20241106_145307_907832311,0.47647557
20241106_145308_166267061,0.045495324
20241106_145308_395934409,0.052572466
20241106_145308_647792570,-0.050315164
20241106_145308_897887985,0.23908655
20241106_145309_142392348,-0.80572295
20241106_145309_407960670,-0.36441237
20241106_145309_655808858,-0.62263054
20241106_145309_901131892,-0.12531516
20241106_145310_165316463,0.012465017
20241106_145310_413176431,-0.0697697
20241106_145310_648910279,-0.050699584
20241106_145310_895850593,0.790639
20241106_145311_160519599,0.95127124
20241106_145311_393613793,0.11524124
20241106_145311_651305821,0.39200196
20241106_145311_894941158,-0.10257037
20241106_145312_161472143,-0.631534
20241106_145312_400201868,0.29688525
20241106_145312_650234953,0.5029306
20241106_145312_902963675,-0.40756765
20241106_145313_152757908,0.0019916054
20241106_145313_391560437,-0.41226867
20241106_145313_641957396,-0.22208257
20241106_145314_135338203,-0.21281351
20241106_145314_399601014,-0.2234176
20241106_145314_654702340,-0.14936896
20241106_145314_911925908,-0.15114363
20241106_145315_152618881,-0.20735405
20241106_145315_411802393,-0.4433882
20241106_145315_652873621,-0.8615412
20241106_145315_892283355,-0.9089821
20241106_145316_146011428,-0.9182283
20241106_145316_396164939,-0.8856685
20241106_145316_648500057,-0.5735872
20241106_145316_891980775,0.58801126
20241106_145317_141506023,-0.0828067
20241106_145317_391581195,0.04671482
20241106_145317_639936422,0.09344672
20241106_145317_888836818,0.08276183
20241106_145318_143446349,0.07773525
20241106_145318_397681839,-0.023857256
20241106_145318_661693456,-0.12168192
20241106_145318_903025456,-0.659322
20241106_145319_147717178,-1.7471035
20241106_145319_393927706,0.93042356
20241106_145319_648634632,0.38097733
20241106_145319_890552421,0.009808054
20241106_145320_141608244,-0.09669437
20241106_145320_400231659,0.21181504
20241106_145320_640685919,0.23934077
20241106_145320_886307012,0.48373774
20241106_145321_142483585,0.40760309
20241106_145321_393122705,0.25491735
20241106_145321_643853213,0.20294641
20241106_145321_898016402,0.15117268
20241106_145322_142674743,0.1493604
20241106_145322_392288971,0.06157563
20241106_145322_641910422,0.031249503
20241106_145322_884434903,-0.024017235
20241106_145323_143445705,0.0016987715
20241106_145323_393758758,0.49693474
20241106_145323_658624850,0.59151864
20241106_145323_904576898,0.13993548
20241106_145324_156546989,-0.337362
20241106_145324_400916678,0.8399088
20241106_145324_657969625,0.39906403
20241106_145324_910099179,-0.06147232
20241106_145325_149075120,0.130127
20241106_145325_402323265,-0.40077576
20241106_145325_646101352,-0.95943207
20241106_145325_896163721,-0.9356914
20241106_145326_142655942,-0.9823523
20241106_145326_394991573,-1.0495992
20241106_145326_653216717,-0.66088784
20241106_145326_896241634,-0.28930858
20241106_145327_147567106,0.76946187
20241106_145327_388842202,0.061830536
20241106_145327_646224568,-0.040357105
20241106_145327_891478515,-0.28658208
20241106_145328_140057484,-0.09158554
20241106_145328_388168337,0.025605062
20241106_145328_646441142,0.34443924
20241106_145328_891529025,0.38339457
20241106_145329_138708815,-0.10521748
20241106_145329_391097212,-0.1609561
20241106_145329_643969659,-0.024020096
20241106_145329_896523264,-0.0065703597
20241106_145330_144848100,-0.032158874
20241106_145330_395089121,1.913016
20241106_145330_644420559,0.13981782
20241106_145330_893488091,0.3521022
20241106_145331_150302322,0.18406229
20241106_145331_397791724,-0.6079221
20241106_145331_651871301,-0.47055006
20241106_145331_912189223,-0.08398905
20241106_145332_161205603,-0.6376011
20241106_145332_393123362,1.1944696
20241106_145332_652320651,1.7269347
20241106_145332_903179689,1.5045737
20241106_145333_165565442,-0.41783854
20241106_145333_398273437,-1.1155511
20241106_145333_653660242,-0.14379604
20241106_145333_892290889,-0.36344627
20241106_145334_165244852,-0.43876067
20241106_145334_398568000,-0.5237641
20241106_145334_651636886,-0.33907706
20241106_145334_895320201,-0.12385106
20241106_145335_144414063,-0.40442753
20241106_145335_391575948,-0.51253927
20241106_145335_642586229,0.07238319
20241106_145335_897237427,0.022361366
20241106_145336_148761940,0.70587456
20241106_145336_394367293,0.12417445
20241106_145336_642230720,0.03922323
20241106_145336_891378566,-1.3086866
20241106_145337_151321051,0.79983556
20241106_145337_401672056,-0.6473766
20241106_145337_648581917,0.70597386
20241106_145337_899609440,0.53800637
20241106_145338_155259219,0.43955973
20241106_145338_406571538,0.4052131
20241106_145338_645615699,0.54225683
20241106_145338_888233913,0.40145668
20241106_145339_140501283,0.27222103
20241106_145339_396408678,0.36311284
20241106_145339_649910951,0.2805335
20241106_145339_904186566,0.39415655
20241106_145340_152552536,0.307258
20241106_145340_399324138,0.1390662
20241106_145340_893552509,0.51597434
20241106_145341_142008884,0.35191557
20241106_145341_395042340,0.28177023
20241106_145341_650986771,0.47381607
20241106_145341_888169145,0.47402266
20241106_145342_147097271,0.8594488
20241106_145342_399813080,0.70698667
20241106_145342_646882685,0.6129402
20241106_145342_892497421,0.25993064
20241106_145343_141362159,0.25406402
20241106_145343_393822573,-0.5079297
20241106_145343_644401237,-0.16965212
20241106_145343_894133830,-0.18650517
20241106_145344_159138635,-0.3711991
20241106_145344_404026099,-0.48536035
20241106_145344_654202260,-0.2263018
20241106_145344_905545032,-0.31449804
20241106_145345_165385476,-0.14488633
20241106_145345_406548581,-0.118661664
20241106_145345_657948503,-0.02400758
20241106_145345_906248863,-0.28989384
20241106_145346_147602460,-0.3274888
20241106_145346_405836055,-0.19195093
20241106_145346_652062728,-0.32260245
20241106_145346_894319269,-0.20781226
20241106_145347_143715473,-0.12079376
20241106_145347_388824085,-0.123772524
20241106_145347_645674004,0.17684832
20241106_145347_898878679,0.14974235
20241106_145348_151192915,0.07208476
20241106_145348_391744516,0.18411581
20241106_145348_644461318,0.17552774
20241106_145348_889366503,0.21300025
20241106_145349_137648185,0.7541753
20241106_145349_390498930,0.8232028
20241106_145349_640531794,0.6354516
20241106_145349_885763932,0.28031513
20241106_145350_385262092,0.20198826
20241106_145350_644321850,0.8768043
20241106_145350_894975331,0.24804921
20241106_145351_140718320,0.11953566
20241106_145351_382667225,-0.058926545
20241106_145351_633935910,0.1299708
20241106_145351_880676491,0.10770596
20241106_145352_138876097,0.08252207
20241106_145352_393370383,0.72105247
20241106_145352_633923791,0.6753862
20241106_145352_889515930,0.40949616
20241106_145353_636798290,0.3498466
20241106_145353_882573728,0.52211636
20241106_145354_135630679,0.59859604
20241106_145354_387897813,0.36384854
20241106_145354_651702832,0.23578455
20241106_145354_897019379,0.23084791
20241106_145355_141896766,0.21910305
20241106_145355_391499460,-0.06637325
20241106_145355_650281348,0.032310642
20241106_145355_891885260,-0.04586535
20241106_145356_144927132,-0.093621396
20241106_145356_392179122,-0.020756114
20241106_145356_636997831,0.02048559
20241106_145356_885580769,-0.0807583
20241106_145357_135282547,-0.018860182
20241106_145357_388555974,0.102511145
20241106_145357_641497740,0.11976392
20241106_145357_890213115,0.10768876
20241106_145358_138330352,0.14099106
20241106_145358_386000627,0.33515602
20241106_145358_640344229,0.22619401
20241106_145358_888651539,0.20075803
20241106_145359_138541210,0.19911985
20241106_145359_384451600,0.14374213
20241106_145359_641537668,0.22695418
20241106_145359_889276129,0.1825604
20241106_145400_141808792,0.14397891
20241106_145400_392409318,0.81185013
20241106_145400_658437952,-0.2321667
20241106_145400_916532598,0.9311432
20241106_145401_164110227,0.15281866
20241106_145401_415583838,0.49423054
20241106_145401_661780770,-0.6832024
20241106_145401_907851548,-0.2323446
20241106_145402_156155112,-0.1622215
20241106_145402_409163757,0.20774098
20241106_145402_663138090,1.1127962
20241106_145402_896952431,0.05091782
20241106_145403_157604874,-0.28062877
20241106_145403_406505932,-0.52998674
20241106_145403_651223509,-0.7484582
20241106_145403_902623185,-0.63867325
20241106_145404_160940266,-0.9668913
20241106_145404_399180465,-0.84618706
20241106_145404_643472917,-0.73879266
20241106_145404_891781279,-0.60810524
20241106_145405_149914574,-0.24503165
20241106_145405_400242097,-0.3263516
20241106_145405_647188468,-0.0720851
20241106_145405_898810790,-0.23382168
20241106_145406_151358702,-0.005707564
20241106_145406_392977866,0.072368704
20241106_145406_644026643,-0.026572606
20241106_145406_888793230,-0.047821842
20241106_145407_137163406,-0.22257818
20241106_145407_385515211,-0.17206617
20241106_145407_636222709,-0.21255739
20241106_145407_886414708,-0.12781681
20241106_145408_145815063,-0.13323112
20241106_145408_395361367,0.16297287
20241106_145408_652645394,0.09701071
20241106_145408_903069419,0.060027875
20241106_145409_154840417,0.12915619
20241106_145409_405796741,0.15035407
20241106_145409_649305060,0.12898289
20241106_145409_893598320,0.06700269
20241106_145410_145630260,0.6111913
20241106_145410_402537952,0.28879794
20241106_145410_663876639,0.09889514
20241106_145410_911243954,0.32746086
20241106_145411_154894404,0.29540747
20241106_145411_394777720,0.2160515
20241106_145411_648711661,-0.019150576
20241106_145411_899357123,0.30607727
20241106_145412_155673748,0.42497572
20241106_145412_641856736,0.16770105
20241106_145412_888390981,-0.044982098
20241106_145413_139093157,-0.15213723
20241106_145413_640020233,-0.6362494
20241106_145413_890198804,0.5358741
20241106_145414_141921889,-0.34749752
20241106_145414_393844649,0.04744453
20241106_145414_641651407,0.099093415
20241106_145414_890441144,-0.009515366
20241106_145415_140545308,0.18903126
20241106_145415_383063301,0.089504875
20241106_145415_638202919,0.6379624
20241106_145415_898672776,0.38697296
20241106_145416_143686782,0.15266614
20241106_145416_393745624,-0.28874603
20241106_145416_643760173,-0.20534073
20241106_145416_889689783,-0.8168026
20241106_145417_138563867,-0.32190743
20241106_145417_387173005,-0.327915
20241106_145417_635619205,-0.29840818
20241106_145418_144604713,-0.2689001
20241106_145418_390463187,-0.22428901
20241106_145418_648554672,0.064492986
20241106_145418_889030044,0.17999262
20241106_145419_139135344,-0.123424105
20241106_145419_388891126,-0.11361971
20241106_145419_640937159,0.6240953
20241106_145419_893150476,0.18714924
20241106_145420_140023834,0.4541693
20241106_145420_396418013,0.3683217
20241106_145420_649009177,0.52560234
20241106_145420_893248552,0.34074336
20241106_145421_140846498,0.30146366
20241106_145421_387244987,0.1441259
20241106_145421_639468863,0.2021615
20241106_145421_885027196,0.2463985
20241106_145422_137471792,0.18276201
20241106_145422_389718554,0.18187548
20241106_145422_638888925,0.16927539
20241106_145422_884830184,1.8410295
20241106_145423_142413976,-0.30085376
20241106_145423_397037888,-0.68802387
20241106_145423_648613941,-1.0893326
20241106_145423_890239211,-0.17689924
20241106_145424_143040245,-0.321214
20241106_145424_387268853,-0.30595025
20241106_145425_139620071,-0.31395712
20241106_145425_408517681,-0.18835872
20241106_145425_646349497,-0.15791698
20241106_145425_898606927,-0.16731103
20241106_145426_153406506,-0.21872309
20241106_145426_399483879,-0.2058043
20241106_145426_647786541,-0.61744314
20241106_145426_901362790,-0.197363
20241106_145427_159558359,0.011296092
20241106_145427_395148585,0.5959018
20241106_145427_644653114,0.24977936
20241106_145427_901553604,0.12119309
20241106_145428_143011640,0.08928498
20241106_145428_396431574,0.059442855
20241106_145428_641945523,0.089934625
20241106_145428_889658878,1.5650586
20241106_145429_152499896,2.050571
20241106_145429_399823034,-0.2592313
20241106_145429_655805656,-1.2002683
20241106_145429_905014618,-0.551514
20241106_145430_154914150,-0.57539946
20241106_145430_397305946,-0.9861197
20241106_145430_644753901,-0.35644564
20241106_145430_896042352,-0.15555777
20241106_145431_147228949,0.26243487
20241106_145431_403848174,0.24963255
20241106_145431_654174908,0.9122999
20241106_145431_901694700,0.87614137
20241106_145432_156464671,0.15466686
20241106_145432_404177115,0.14635274
20241106_145432_654083236,0.16334085
20241106_145433_150662075,0.87330824
20241106_145433_391135044,0.920181
20241106_145433_644985314,-0.009395083
20241106_145433_906396433,0.17063393
20241106_145434_176616950,0.2046022
20241106_145434_403249607,0.20248045
20241106_145434_653633800,0.16761763
20241106_145434_909890416,0.16179089
20241106_145435_170910254,0.13421784
20241106_145435_900168044,0.16470961
20241106_145436_399073296,0.1816736
20241106_145436_655696952,0.10388044
20241106_145436_906861033,0.18524815
20241106_145437_165909519,0.25480244
20241106_145437_399462842,0.19707085
20241106_145437_886315999,0.19325437
20241106_145438_647039562,0.1458879
20241106_145438_900717701,0.27422374
20241106_145439_144257672,0.1215821
20241106_145439_389098866,0.17159931
20241106_145439_639454513,0.027011404
20241106_145439_897110292,0.28357446
20241106_145440_146303190,0.19478266
20241106_145440_390503592,0.16513287
20241106_145440_642659292,0.094155736
20241106_145440_888425326,-0.04576551
20241106_145441_138380385,0.07946298
20241106_145441_391610073,0.12601052
20241106_145441_646534645,0.13695644
20241106_145442_397746717,0.11372278
20241106_145442_652270586,0.16427822
20241106_145443_155250362,2.367471
20241106_145443_401072859,0.10939396
20241106_145443_649691731,-0.35278147
20241106_145443_893477973,-2.0742462
20241106_145444_140498244,0.07349489
20241106_145444_403594240,0.008932689
20241106_145444_654033761,0.18757789
20241106_145444_889313870,0.0013341103
20241106_145445_139293106,-0.01777484
20241106_145445_388061270,0.07444707
20241106_145445_895887613,-0.005564412
20241106_145446_155727764,-0.14831455
20241106_145446_417203874,-0.53924066
20241106_145446_668802813,0.2055289
20241106_145446_904085763,0.19855782
20241106_145447_162576408,0.19651361
20241106_145447_404424834,0.14379492
20241106_145447_647469234,0.09267015
20241106_145447_890352015,0.16779377
20241106_145448_136645797,-0.20431288
20241106_145448_389560145,-0.1910022
20241106_145448_646813456,-0.7392578
20241106_145448_899310813,-1.6276327
20241106_145449_157835185,-0.52280396
20241106_145449_414579451,0.23448692
20241106_145449_659048058,-0.07583877
20241106_145449_900039840,-0.08339479
20241106_145450_149827327,-0.14111948
20241106_145450_397530967,-0.8256242
20241106_145450_649997779,0.27133697
20241106_145450_902138068,0.36862245
20241106_145451_153936675,0.15800972
20241106_145451_398834748,0.12340037
20241106_145451_648217906,-0.20321877
20241106_145451_893198157,0.048913278
20241106_145452_141571777,0.30291665
20241106_145452_386213365,0.055056788
20241106_145452_639577987,0.0858498
20241106_145453_653117998,0.1851589
20241106_145453_898876243,0.0089183245
20241106_145454_142815897,-0.6371259
20241106_145454_412362130,-1.09002
20241106_145454_671795314,-0.22455208
20241106_145454_902664479,-0.08559611
20241106_145455_162559755,0.008474985
20241106_145455_424536806,-0.08073943
20241106_145455_659878542,-0.106027566
20241106_145455_903285115,-0.12373065
20241106_145456_153418572,0.6069227
20241106_145456_398356516,-0.093246125
20241106_145456_670142784,-0.05270823
20241106_145456_918170562,0.004740337
20241106_145457_153469188,0.48900232
20241106_145457_401171507,0.46931395
20241106_145457_665119332,0.44656578
20241106_145457_911814665,0.7682702
20241106_145458_157316563,0.2189496
20241106_145458_406077507,-0.16397986
20241106_145458_669582327,0.12014467
20241106_145458_907602625,-0.2925831
20241106_145459_173815533,-0.07682278
20241106_145459_418329514,-0.20500167
20241106_145459_657115994,-0.22563063
20241106_145459_895066881,-0.22803672
20241106_145500_154821058,-0.21875466
20241106_145500_407157551,-0.82535976
20241106_145500_680695676,-0.2680136
20241106_145500_941255250,0.06834307
20241106_145501_173814839,-0.0777938
20241106_145501_427783091,0.24833758
20241106_145501_684674666,-0.10266741
20241106_145501_922764695,-0.4420512
20241106_145502_173438797,-0.49279442
20241106_145502_405759689,-0.7378258
20241106_145502_665028681,-0.2934797
20241106_145502_913610419,0.47349444
20241106_145503_149049213,0.29341683
20241106_145503_400685227,1.6669478
20241106_145503_661693488,1.0361779
20241106_145503_900775045,0.41106132
20241106_145504_155316653,0.09111909
20241106_145504_407256525,0.21977194
20241106_145504_662082111,0.21518348
20241106_145504_901341127,-0.016798398
20241106_145505_171641494,0.19586368
20241106_145505_422609655,0.27439672
20241106_145505_678583655,0.19378589
20241106_145505_926655965,-0.05445876
20241106_145506_180398309,-0.5169045
20241106_145506_424833407,1.0563644
20241106_145506_684125584,0.67964655
20241106_145506_922844155,0.43152556
20241106_145507_164493968,0.23685752
20241106_145507_407709922,-0.72534764
20241106_145507_662950969,-0.17137258
20241106_145507_905640610,0.71191126
20241106_145508_147840310,0.19853191
20241106_145508_396223577,0.170039
20241106_145508_643841633,-0.01505216
20241106_145508_894420045,0.17763029
20241106_145509_153487805,0.20430553
20241106_145509_390074990,0.39422804
20241106_145509_651856238,-0.15600063
20241106_145509_895884495,0.30365905
20241106_145510_142827949,0.25957188
20241106_145510_408451780,-0.11617076
20241106_145510_655999308,0.03509862
20241106_145510_904847709,0.26415923
20241106_145511_168864507,0.1302466
20241106_145511_419057346,0.37050515
20241106_145511_665269809,0.39177468
20241106_145511_913433306,0.49759248
20241106_145512_162382738,0.21506743
20241106_145512_405937288,0.26934645
20241106_145512_665295878,-0.020901527
20241106_145512_912192827,-0.36882684
20241106_145513_161028563,-0.62401754
20241106_145513_403690764,-0.7431998
20241106_145513_659485466,-0.629658
20241106_145513_905426802,-0.515265
20241106_145514_146949404,-0.28384987
20241106_145514_400191069,0.22248001
20241106_145514_651043413,-0.2679372
20241106_145514_901463975,-0.24729976
20241106_145515_147172847,1.0807992
20241106_145515_399818766,-0.50450957
20241106_145515_658019824,0.102628164
20241106_145515_912103086,-0.038704075
20241106_145516_184771423,0.23931776
20241106_145516_419515955,0.007996028
20241106_145516_656099254,0.07162716
20241106_145516_896354783,0.03886295
20241106_145517_152219253,0.07866005
20241106_145517_392806766,0.10585282
20241106_145517_649854556,0.08963392
20241106_145517_893744424,0.28294268
20241106_145518_148451894,0.47800627
20241106_145518_419239882,2.012857
20241106_145518_656799897,-0.1377315
20241106_145518_903478469,0.0045835916
20241106_145519_162506572,0.0726227
20241106_145519_411682606,-0.057824634
20241106_145519_655985268,-0.051845275
20241106_145519_905876723,-0.031510197
20241106_145520_149099074,0.10679481
20241106_145520_398096738,-0.37600192
20241106_145520_649784381,-0.45373514
20241106_145520_907999387,-0.4757636
20241106_145521_160492168,-0.43646786
20241106_145521_406503421,-0.78563625
20241106_145521_651746011,-1.7921187
20241106_145521_897603301,0.34937772
20241106_145522_161280150,-0.23790623
20241106_145522_396709154,-0.013079783
20241106_145522_645371526,0.20020615
20241106_145522_895990381,0.19675778
20241106_145523_146052394,0.1774783
20241106_145523_392312659,0.15746514
20241106_145523_650350600,0.20932393
20241106_145523_906514604,0.20764129
20241106_145524_145885460,0.20699804
20241106_145524_389701283,0.2012891
20241106_145524_638370655,0.20148142
20241106_145524_891752358,0.17318593
20241106_145525_158560350,0.1374813
20241106_145525_398705981,-0.056448124
20241106_145525_645380637,0.16724479
20241106_145525_897281247,0.8065175
20241106_145526_151965309,-0.11630022
20241106_145526_427370649,0.11581383
20241106_145526_659258690,-0.1918986
20241106_145526_901148986,-0.08623307
20241106_145527_159793251,0.457453
20241106_145527_402990334,0.7415034
20241106_145527_660375655,1.5302508
20241106_145527_906679903,0.74605614
20241106_145528_413969647,1.6256713
20241106_145528_659865170,1.0559862
20241106_145528_911984355,-0.027274413
20241106_145529_159088096,0.8178744
20241106_145529_397629943,0.08863624
20241106_145529_651968128,0.09844079
20241106_145529_899772873,0.07539684
20241106_145530_393076372,0.04481852
20241106_145530_648234253,-0.0013718214
20241106_145530_896801182,0.17920671
20241106_145531_157963522,0.1316921
20241106_145531_409196952,0.14067052
20241106_145531_665176256,-0.19302864
20241106_145531_909957908,-0.54551816
20241106_145532_158777079,0.15767907
20241106_145532_401401790,0.5625255
20241106_145532_669058765,0.555901
20241106_145532_906133983,0.47569713
20241106_145533_165085052,0.3845977
20241106_145533_399925221,0.4687312
20241106_145533_646765669,0.566568
20241106_145533_890147227,0.23025085
20241106_145534_186323760,-0.089014195
20241106_145534_402925605,-0.33295903
20241106_145534_644970935,0.16204382
20241106_145534_893391738,0.26213044
20241106_145535_155398925,0.25100994
20241106_145535_390335388,0.17060344
20241106_145535_646794783,0.6233052
20241106_145535_891997316,0.38367954
20241106_145536_398270136,0.3373229
20241106_145536_899748755,0.24818332
20241106_145537_150007982,0.1804742
20241106_145538_645986469,0.49511233
20241106_145538_899338239,-0.0536172
20241106_145539_151412700,-0.3756008
20241106_145539_389903513,-0.22284754
20241106_145539_650789408,-0.3167588
20241106_145539_897179274,-0.15357469
20241106_145540_145101186,-0.07073786
20241106_145540_402362170,0.5368207
20241106_145540_648773785,0.2690592
20241106_145540_900776701,0.4959722
20241106_145541_147188112,0.3136661
20241106_145541_395821127,0.25842777
20241106_145541_646453670,0.43561646
20241106_145541_910105047,0.64151746
20241106_145542_164063476,1.1012143
20241106_145542_400658423,0.7452471
20241106_145542_665913546,-0.32292977
20241106_145542_899818130,-0.15896286
20241106_145543_145017048,0.05253748
20241106_145543_395724365,-0.07098057
20241106_145543_647599632,-0.013076028
20241106_145543_889628002,-0.06490751
20241106_145544_154766777,-0.05848684
20241106_145544_403616033,-0.07279303
20241106_145544_660033960,0.09042338
20241106_145544_899009092,-0.0728338
20241106_145545_150026395,0.20137934
20241106_145545_401777890,-0.40042767
20241106_145545_651641100,-0.23007049
20241106_145545_905316525,0.0039743464
20241106_145546_144963019,-0.03288456
20241106_145546_393075680,0.26591608
20241106_145546_646027450,0.28604072
20241106_145546_896963763,0.31836504
20241106_145547_144563104,0.1060938
20241106_145547_397267094,0.17315249
20241106_145547_644805045,0.10855142
20241106_145547_896368091,0.027748564
20241106_145548_152642570,-0.006073674
20241106_145548_395469477,0.62879413
20241106_145548_641442281,0.24970798
20241106_145548_906449791,-0.21703048
20241106_145549_186620199,0.02808992
20241106_145549_395319254,0.075049974
20241106_145549_650634954,0.10108448
20241106_145549_892951966,0.06398473
20241106_145550_143339092,0.93501693
20241106_145550_385150742,0.31747207
20241106_145550_643582603,-0.09117892
20241106_145550_888810338,-0.019624313
20241106_145551_159130011,0.210649
20241106_145551_892518372,0.16511558
20241106_145552_145578794,1.5778493
20241106_145552_388304924,-0.9440119
20241106_145552_643429814,-0.7825912
20241106_145552_893022249,0.008104218
20241106_145553_148648482,0.1839018
20241106_145553_399623114,-0.029203154
20241106_145553_648542974,-0.1281165
20241106_145553_900952964,-0.15726735
20241106_145554_143291240,-0.23820151
20241106_145554_391733787,-0.20033877
20241106_145554_893150588,-0.25560966
20241106_145555_139871444,-0.11484697
20241106_145555_394118526,-0.639354
20241106_145555_651310333,-1.2084268
20241106_145555_892217082,-0.56243896
20241106_145556_141556284,0.00600815
20241106_145556_386768586,0.29364336
20241106_145556_641064397,0.3286524
20241106_145556_902269451,0.45954093
20241106_145557_152231125,0.21666162
20241106_145557_393385304,0.054318167
20241106_145557_644974260,-0.023325881
20241106_145557_891204788,-0.111367546
20241106_145558_141068016,0.059970416
20241106_145558_393262990,-0.0060293283
20241106_145558_642484629,0.17434554
20241106_145558_886930126,-0.022315046
20241106_145559_145148388,0.017466405
20241106_145559_387241824,-0.21166332
20241106_145559_643747820,0.21965486
20241106_145559_894430513,-0.27242413
20241106_145600_144193792,-0.12552686
20241106_145600_398958613,0.6176233
20241106_145600_669773705,0.2940008
20241106_145600_898740221,0.44732305
20241106_145601_162254819,0.64931256
20241106_145601_406227912,0.597201
20241106_145601_648490721,0.14660983
20241106_145601_901064901,-0.02049931
20241106_145602_171838830,-0.13641356
20241106_145602_399354266,-0.4096566
20241106_145602_645456201,-0.044700734
20241106_145602_895419975,0.0063108
20241106_145603_149160883,0.023191193
20241106_145603_391981591,0.21061736
20241106_145603_645860574,0.0014539752
20241106_145603_893183884,0.17830253
20241106_145604_151282001,-0.16827865
20241106_145604_397729138,0.4369819
20241106_145604_640145045,0.52440286
20241106_145604_892012887,0.24710326
20241106_145605_142702328,-0.17163225
20241106_145605_392644772,-0.23156972
20241106_145605_649484408,-0.6080493
20241106_145605_903127882,-0.03633731
20241106_145606_147620184,-0.48896047
20241106_145606_398417115,-1.4394089
20241106_145606_649040234,-1.03899
20241106_145606_887441392,-0.12729931
20241106_145607_142211379,-0.6176021
20241106_145607_397120128,0.115889646
20241106_145607_641943956,-0.25991127
20241106_145607_887947919,-0.17880751
20241106_145608_141184398,-0.21873285
20241106_145608_393261849,-0.033554614
20241106_145608_644288524,0.12306247
20241106_145608_904498194,0.15247722
20241106_145609_154989185,0.520021
20241106_145609_406386271,1.1612295
20241106_145609_661864501,0.49721012
20241106_145609_901342889,0.3137085
20241106_145610_149174661,0.49574688
20241106_145610_399386822,3.9856558
20241106_145610_656463451,0.60349524
20241106_145610_905048628,0.16441211
20241106_145611_150940872,-0.08025911
20241106_145611_390267714,-2.2082748
20241106_145611_656249164,-0.19346626
20241106_145611_905213640,-0.2103912
20241106_145612_152813395,-0.3734193
20241106_145612_409485676,-0.88113385
20241106_145612_654035298,-0.4322172
20241106_145612_891915480,0.29418463
20241106_145613_148997061,0.06457285
20241106_145613_386971016,-0.144138
20241106_145613_642450076,1.2534115
20241106_145613_896152853,-0.057078294
20241106_145614_139572106,-0.4655705
20241106_145614_401810773,-0.0050102975
20241106_145614_646264817,-0.2373059
20241106_145614_892564945,-1.0138379
20241106_145615_141138251,-0.34116676
20241106_145615_389872375,-0.22970133
20241106_145615_642128290,-0.16237383
20241106_145615_888077914,-0.13047834
20241106_145616_143101181,-0.15074833
20241106_145616_642934650,-0.3164051
20241106_145616_890967755,-0.25719574
20241106_145617_142285383,-0.19440241
20241106_145617_389218747,-0.15608765
20241106_145618_138714242,-0.31297806
20241106_145618_390616537,0.98804814
20241106_145618_639116789,-0.75308555
20241106_145618_900045822,-0.017292412
20241106_145619_147973782,0.0502901
20241106_145619_405494202,0.10872895
20241106_145619_655544144,-0.0024888143
20241106_145620_149781058,-0.014140507
20241106_145620_393585183,0.06726787
20241106_145620_646512673,0.0847492
20241106_145620_891345439,0.07293347
20241106_145621_136724504,0.14423446
20241106_145621_885060607,0.7927924
20241106_145622_145959657,0.23885317
20241106_145622_400134484,0.14725624
20241106_145622_642557064,0.065967955
20241106_145622_899736330,0.1148471
20241106_145623_147679502,0.19455843
20241106_145623_393855626,0.19807188
20241106_145623_644772684,0.2654985
20241106_145623_897313187,0.36955872
20241106_145624_145503770,0.28298214
20241106_145624_396051404,0.34220672
20241106_145624_658722963,0.5354009
20241106_145624_906819230,0.26917052
20241106_145625_149570629,0.29010844
20241106_145625_391611025,-0.3175265
20241106_145625_644439343,-0.07488679
20241106_145625_893623973,-0.8753426
20241106_145626_150213279,0.77324444
20241106_145626_393755128,0.69819057
20241106_145626_655904312,0.6846743
20241106_145626_910133397,0.8381514
20241106_145627_159661780,0.38537985
20241106_145627_417021356,-0.6942018
20241106_145627_657388589,-0.20896661
20241106_145627_902251684,-1.0334941
20241106_145628_160289669,-0.19942635
20241106_145628_404117907,0.0851051
20241106_145628_652797958,-0.67524886
20241106_145628_902055940,-0.8384776
20241106_145629_148144046,-1.0610154
20241106_145629_398719149,-0.78166085
20241106_145629_650425599,0.83315897
20241106_145629_896411750,0.22523741
20241106_145630_144463283,0.27797934
20241106_145630_403284847,0.010396937
20241106_145630_651067732,-0.063708805
20241106_145630_889662268,0.5325818
20241106_145631_137223825,0.68552667
20241106_145631_650802856,0.59214544
20241106_145631_906376410,0.7231532
20241106_145632_156697544,1.0369457
20241106_145632_409179946,0.70779145
20241106_145632_670387841,0.88503313
20241106_145632_901307244,0.77032286
20241106_145633_144141884,-0.78073716
20241106_145633_391385818,-0.10381997
20241106_145633_639537460,-0.28260002
20241106_145633_887255763,-0.018617895
20241106_145634_159926052,-0.17323466
20241106_145634_387585975,-0.16850425
20241106_145634_638878908,-0.30268234
20241106_145634_886197852,-0.3181792
20241106_145635_144720334,0.036170706
20241106_145635_392566901,-0.045282647
20241106_145636_647761766,-0.08923992
20241106_145636_888831806,0.23062004
20241106_145637_139456000,0.07565957
20241106_145637_388719222,0.50125444
20241106_145637_638010685,0.0037129913
20241106_145637_890575798,0.04476688
20241106_145638_137159287,0.03913907
20241106_145638_635029052,0.25164926
20241106_145638_884890952,0.66043776
20241106_145639_139318320,0.23185508
20241106_145640_397013720,-0.03731718
20241106_145640_650590671,-0.12566032
20241106_145641_144514385,-0.047845565
20241106_145641_402777114,-0.015330931
20241106_145641_659249002,-0.030706843
20241106_145642_393499983,-1.0471352
20241106_145642_640373780,-0.22677816
20241106_145642_898027164,0.0878911
20241106_145643_143537863,-1.7954911
20241106_145643_401251711,-1.6512774
20241106_145643_658224877,0.5721136
20241106_145643_901703169,0.5096804
20241106_145644_138587612,0.23010446
20241106_145644_385957209,-0.0014946964
20241106_145644_637519843,0.1659063
20241106_145644_895982748,0.3412939
20241106_145645_138299682,0.20239247
20241106_145645_386774382,0.47577718
20241106_145645_638425983,0.32638043
20241106_145645_885639826,0.2663037
20241106_145646_137396919,0.18752997
20241106_145646_387604974,-0.24556932
20241106_145646_635233005,-0.1329412
20241106_145646_889330969,-0.10772412
20241106_145647_138791169,-0.07614728
20241106_145647_889241960,-0.10983368
20241106_145648_133631412,-0.024759283
20241106_145648_385092013,-0.11315682
20241106_145648_637482573,-0.12096038
20241106_145648_886138717,-0.13202305
20241106_145649_132751464,-0.0831356
20241106_145649_383268859,-0.108825885
20241106_145649_632693530,-0.08958887
20241106_145649_886066541,-0.13159667
20241106_145650_138606386,-0.16737132
20241106_145650_387848404,-0.03757096
20241106_145650_634965666,0.20973366
20241106_145650_890101408,0.1419516
20241106_145651_142914318,-0.092688255
20241106_145651_390777545,-0.14148416
20241106_145651_640967418,-0.066078775
20241106_145652_134621941,0.036032893
20241106_145652_634667573,-0.0006339755
20241106_145652_889815242,0.114163615
20241106_145653_136716681,0.42296717
20241106_145653_384418081,0.11466507
20241106_145653_634216653,0.112998135
20241106_145653_883434179,0.10056136
20241106_145654_134156251,0.09614641
20241106_145655_395724781,0.08933733
20241106_145655_641016060,0.09400166
20241106_145655_890756103,-0.46983883
20241106_145656_145178854,0.5063073
20241106_145656_398638691,0.18054713
20241106_145656_642539234,0.03962589
20241106_145656_890443101,-0.112879716
20241106_145657_885571223,-0.0868518
20241106_145658_136607096,-0.058846764
20241106_145658_389730548,-0.13829775
20241106_145658_636059661,-0.041334294
20241106_145658_887593032,-0.03935554
20241106_145659_135755627,1.1078519
20241106_145659_389971439,0.40158296
20241106_145659_657852568,0.16742899
20241106_145659_895091636,0.18386881
20241106_145700_142883019,-0.77192104
20241106_145700_388056962,0.7290038
20241106_145700_636209086,0.15599094
20241106_145700_900257154,0.01341025
20241106_145701_149654651,0.2038859
20241106_145701_394527096,0.023995498
20241106_145701_639209061,0.015673736
20241106_145701_892084236,0.01030604
20241106_145702_136209200,0.0041737948
20241106_145702_379383523,0.5074082
20241106_145702_632853989,0.41522512
20241106_145702_888679073,0.4289571
20241106_145703_142695689,0.36199892
20241106_145703_390076924,-0.030618181
20241106_145703_640196148,-0.09551411
20241106_145703_890811923,0.5527386
20241106_145704_145034640,-0.023010334
20241106_145704_393872405,-0.8830046
20241106_145704_641645394,0.24876772
20241106_145704_890819259,0.49740484
20241106_145705_140872435,-0.14468037
20241106_145705_390319066,0.02759392
20241106_145705_638849989,0.14142449
20241106_145705_888991902,0.056833334
20241106_145706_136654366,0.2267854
20241106_145706_387290994,0.12996991
20241106_145706_639954959,0.108847626
20241106_145706_893791830,-0.088638686
20241106_145707_138340524,-0.0005994048
20241106_145707_388495819,-0.15666898
20241106_145707_635377634,-0.5698196
20241106_145707_886141199,-0.33874175
20241106_145708_138255606,-0.51320183
20241106_145708_390200084,-0.5075403
20241106_145708_636703265,-0.29737493
20241106_145709_169325229,-0.5228494
20241106_145709_398943316,-0.16417556
20241106_145709_645135797,-0.31288025
20241106_145709_891549174,-0.26513246
20241106_145710_145940458,-0.22877492
20241106_145710_402482446,-0.3032399
20241106_145710_644139568,-0.23498751
20241106_145710_893747413,-0.15305658
20241106_145711_146517629,-0.0407254
20241106_145711_398101412,-0.58940816
20241106_145711_646981650,0.099779524
20241106_145711_897230319,-0.115417145
20241106_145712_146992568,0.10905696
20241106_145712_649153634,0.065823235
20241106_145712_895754198,0.10647062
20241106_145713_144786533,0.086798824
20241106_145713_394883495,-0.9259452
20241106_145713_644533574,-0.2483523
20241106_145713_895126716,0.22851391
20241106_145714_137947555,-0.07814547
20241106_145714_385056006,-0.09339764
20241106_145714_645189779,-0.04137554
20241106_145714_896661238,-0.104219936
20241106_145715_388783022,-0.17696948
20241106_145716_388149898,-0.3716509
20241106_145716_638113844,-0.1446736
20241106_145716_893827105,-0.20785226
20241106_145717_137276028,-0.7002256
20241106_145717_387816498,0.107938685
20241106_145717_639075016,-0.2610326
20241106_145717_885213226,-0.12487721
20241106_145718_137976253,0.0017704163
20241106_145718_389839625,-0.06796273
20241106_145718_641791132,0.44456846
20241106_145718_891048545,0.1761644
20241106_145719_134984827,0.09501723
20241106_145719_646049302,0.03083072
20241106_145720_139285812,0.13452478
20241106_145720_389165072,-0.057323866
20241106_145720_636679030,-0.12111806
20241106_145720_889297758,-0.19169785
20241106_145721_131421251,-0.119376086
20241106_145721_636407434,-0.10375544
20241106_145722_132235612,-0.051341437
20241106_145722_386326489,0.03728421
20241106_145722_661633279,-0.21222518
20241106_145722_893501821,-0.343466
20241106_145723_144488400,-0.2595816
20241106_145723_386888645,-0.5007643
20241106_145723_634772495,-0.3568
20241106_145724_135434402,-0.26099062
20241106_145724_383102262,-0.6190502
20241106_145724_641401799,-0.26645917
20241106_145724_887742283,-0.24277909
20241106_145725_137793910,-0.21510188
20241106_145725_636635725,-0.2062229
20241106_145726_130891086,-0.4074979
20241106_145726_631036594,-0.2600941
20241106_145726_882637324,0.96259767
20241106_145727_130742035,-0.3531377
20241106_145727_381806179,-0.75833124
20241106_145727_633087644,-0.08911278
20241106_145727_888630232,0.62496424
20241106_145728_143473798,-0.2845463
20241106_145728_389541587,-0.026884874
20241106_145728_638873893,-0.2071798
20241106_145728_884329573,-0.07487848
20241106_145729_134886428,0.03586308
20241106_145729_634516007,0.13974564
20241106_145729_889657441,-0.08707812
20241106_145730_390450378,-0.16900288
20241106_145730_642575178,-0.09898286
20241106_145730_889324323,0.0036001597
20241106_145731_141643827,0.07060949
20241106_145731_384345280,0.20984988
20241106_145731_635044236,0.091829576
20241106_145731_882736762,0.0596352
20241106_145732_135146498,0.06665043
20241106_145732_639165283,-0.0039578285
20241106_145732_885065476,0.085146524
20241106_145733_134279730,-0.009460529
20241106_145733_380659187,0.36050475
20241106_145733_629468374,0.2134902
20241106_145733_883626886,0.11305521
20241106_145734_382061651,0.121751584
20241106_145734_882493132,0.12362269
20241106_145735_139769475,-0.11631902
20241106_145735_454488066,-0.3623246
20241106_145735_895726714,-0.03254696
20241106_145736_144356287,-0.02528896
20241106_145736_460840569,0.16319403
20241106_145737_143245053,0.029676834
20241106_145737_640447915,0.034363545
20241106_145738_140326775,-0.23379876
20241106_145738_391974241,0.021792809
20241106_145738_642371716,0.023694733
20241106_145738_888927236,-0.022129497
20241106_145739_140261787,-0.02485915
20241106_145739_387531699,-0.10836979
20241106_145739_637837990,-0.04692044
20241106_145739_885994818,0.0037335549
20241106_145740_138212055,0.019731859
20241106_145740_386267515,-0.22120889
20241106_145740_641279372,-0.27027017
20241106_145740_884427586,-0.21217342
20241106_145741_135211264,-0.17965907
20241106_145741_381650805,-0.11481132
20241106_145741_637763041,-0.103362195
20241106_145741_884216982,-0.19316263
20241106_145742_139823272,-0.101292156
20241106_145742_387998931,-0.24137487
20241106_145742_642992512,0.7145789
20241106_145742_886908545,0.20602962
20241106_145743_143526801,0.6121359
20241106_145743_390195955,0.016717458
20241106_145743_643749408,-0.4890233
20241106_145743_882487151,0.24154197
20241106_145744_143411385,0.17936169
20241106_145744_651665159,0.31727138
20241106_145744_884786610,0.30937213
20241106_145745_139000784,0.37380582
20241106_145745_390029161,0.31324744
20241106_145745_640133004,0.041077472
20241106_145745_885166290,0.06554923
20241106_145746_141774665,-0.059888832
20241106_145746_386015191,-0.051210247
20241106_145746_637470323,-0.23200174
20241106_145746_886854676,-0.3047322
20241106_145747_138997777,-0.06311562
20241106_145747_383148112,-0.06589433
20241106_145747_641129291,-0.15449448
20241106_145747_882238402,-0.22003634
20241106_145748_142993693,-0.26422673
20241106_145748_383765834,-0.14655034
20241106_145748_633552706,-0.42944017
20241106_145748_882246523,-0.17522393
20241106_145749_132723064,-0.4300942
20241106_145749_380886277,-0.20469324
20241106_145749_637117494,-0.066610895
20241106_145750_147105515,-0.11033588
20241106_145750_387873467,-0.19275276
20241106_145750_634973422,-0.059000574
20241106_145750_883006570,-0.100049816
20241106_145751_132910091,-0.12401243
20241106_145751_632946559,-0.11634397
20241106_145751_882537355,-0.23275651
20241106_145752_133176425,-0.14612587
20241106_145752_380156684,-0.5527956
20241106_145752_637866499,-0.35215458
20241106_145752_884112175,0.11350831
20241106_145753_144622762,-0.28498486
20241106_145753_389055094,-0.019936701
20241106_145753_644492589,-0.36119062
20241106_145753_886829254,-0.18420644
20241106_145754_134228700,0.043742813
20241106_145754_387449446,0.21997133
20241106_145754_646405022,-1.5634938
20241106_145754_890584260,0.5656501
20241106_145755_138355710,0.3901587
20241106_145755_390472654,0.28591016
20241106_145755_641396811,0.38017443
20241106_145755_885382117,0.08402894
20241106_145756_134828200,0.2609632
20241106_145756_380840864,0.47316995
20241106_145756_632525610,0.7042721
20241106_145756_882534108,1.7401237
20241106_145757_156958216,-0.37749115
20241106_145757_384233988,-0.5255282
20241106_145757_635289593,-2.322963
20241106_145757_889162672,0.43823847
20241106_145758_143279670,-0.18296845
20241106_145758_392484397,0.34679595
20241106_145758_645427965,0.21857081
20241106_145758_905428220,0.055730738
20241106_145759_163852174,-0.1499726
20241106_145759_408723895,-0.037958287
20241106_145759_666903241,0.07760743
20241106_145759_916521400,-0.083639525
20241106_145800_153613128,-0.19602706
20241106_145800_425586223,-0.5514379
20241106_145800_662674338,-0.8740311
20241106_145800_910209998,-1.0604632
20241106_145801_174935006,0.6596561
20241106_145801_422429908,-0.12888588
20241106_145801_656063068,-1.4679838
20241106_145801_905838636,0.15430962
20241106_145802_152472521,0.14535035
20241106_145802_392710472,0.08194176
20241106_145802_651180598,-0.042215228
20241106_145802_889673961,0.049888052
20241106_145803_142847221,0.11391429
20241106_145803_388728054,0.19127597
20241106_145803_650675855,0.18847866
20241106_145803_895748147,0.2177098
20241106_145804_138944903,0.15913258
20241106_145804_389844789,0.067615815
20241106_145804_642674839,0.07546348
20241106_145804_885893317,0.15851568
20241106_145805_138528291,-0.01572164
20241106_145805_640525200,0.03959254
20241106_145805_892451890,0.008954475
20241106_145806_139355995,0.07450653
20241106_145806_384219510,0.085880406
20241106_145806_886637279,-0.06620737
20241106_145807_139551737,0.38646084
20241106_145807_384867648,-0.097012095
20241106_145807_651280826,-0.29480353
20241106_145807_887157160,-0.13612099
20241106_145808_140185869,-0.077381276
20241106_145808_390309713,-0.046194784
20241106_145808_639833573,0.02442254
20241106_145808_885522846,-0.3411307
20241106_145809_157161922,-0.231811
20241106_145809_388643184,0.027624344
20241106_145809_637204319,0.09271411
20241106_145809_885840430,0.0574807
20241106_145810_136245604,-0.076561145
20241106_145810_384112367,-0.14138918
20241106_145810_637470881,-0.51572084
20241106_145810_882719072,-0.24087699
20241106_145811_143685524,-0.38589093
20241106_145811_644163906,-0.44593593
20241106_145811_889491006,-0.28055695
20241106_145812_139208640,-0.30484754
20241106_145812_383995662,-0.5472553
20241106_145812_641747664,-0.23166083
20241106_145812_884949068,-0.048925273
20241106_145813_135369032,-0.028352918
20241106_145813_639668242,-0.18951364
20241106_145813_883402708,-0.22732048
20241106_145814_136793634,-0.9192564
20241106_145814_381702179,-1.2815435
20241106_145814_640031273,-0.571843
20241106_145814_885107135,-1.0758241
20241106_145815_140780003,-3.000804
20241106_145815_386084158,1.2711328
20241106_145815_645813606,2.1351044
20241106_145815_892679107,-0.2582269
20241106_145816_140563771,0.52058905
20241106_145816_392824743,-0.01964689
20241106_145816_638247819,-0.050988637
20241106_145816_884562498,-0.046873532
20241106_145817_136732380,-0.095627986
20241106_145817_389427391,-0.013219139
20241106_145817_641993012,0.0005269442
20241106_145817_887843369,-0.16517146
20241106_145818_138899184,-0.11083355
20241106_145818_388827558,-0.22573341
20241106_145818_643156686,-0.40014425
20241106_145818_893780787,-0.60335565
20241106_145819_137934688,0.42548886
20241106_145819_383946643,0.22717111
20241106_145819_632167568,0.1355447
20241106_145819_884822418,-0.24615623
20241106_145820_133389405,-0.16351564
20241106_145820_384548390,-0.25354847
20241106_145820_635164228,-0.41353646
20241106_145820_880858412,-0.19329841
20241106_145821_138702467,-0.36606357
20241106_145821_386664748,-0.23125477
20241106_145821_638800920,0.11048717
20241106_145821_884661712,-0.4877947
20241106_145822_135459350,-0.9030496
20241106_145822_381138731,-0.7137725
20241106_145822_631596919,0.50167024
20241106_145822_882558371,0.1331902
20241106_145823_137725799,-0.05673947
20241106_145823_381085141,-0.0006209817
20241106_145823_633250504,0.32120144
20241106_145823_882396080,0.2779848
20241106_145824_135457164,0.10248039
20241106_145824_383044125,0.10042126
20241106_145824_634334935,0.09742556
20241106_145824_884498937,0.13789187
20241106_145825_141057065,0.17290948
20241106_145825_389263034,0.17345767
20241106_145825_642978262,0.11501915
20241106_145825_886242981,0.35620344
20241106_145826_135555667,0.20038466
20241106_145826_392105576,-0.15231098
20241106_145826_652630772,-0.07889899
20241106_145826_890574868,0.09081457
20241106_145827_134298246,0.200439
20241106_145827_394211508,0.3663624
20241106_145827_635763836,0.35496083
20241106_145827_886193368,-0.14443032
20241106_145828_155171147,-0.16466112
20241106_145828_389337267,0.5574386
20241106_145828_636517576,0.5026162
20241106_145828_883903498,0.7065747
20241106_145829_136271604,0.35762817
20241106_145829_395227837,0.3526163
20241106_145829_635753905,0.027352849
20241106_145829_882486171,0.31605732
20241106_145830_134973692,0.10006032
20241106_145830_396894492,-0.024715682
20241106_145830_644612462,0.83590233
20241106_145830_921399078,1.8083214
20241106_145831_169647130,0.3939836
20241106_145831_422820844,-0.5426302
20241106_145831_662131295,0.7420265
20241106_145831_895643945,0.56996334
20241106_145832_143997774,0.04299798
20241106_145832_389084470,0.08773935
20241106_145832_640909658,0.10952053
20241106_145832_888446026,-0.017650506
20241106_145833_145080411,0.08359263
20241106_145833_641885647,-0.94040555
20241106_145833_884206595,1.2355691
20241106_145834_154029249,1.2504541
20241106_145834_386806285,-0.712097
20241106_145834_632552843,-0.1628336
20241106_145834_883800314,-0.03884252
20241106_145835_138098445,0.97455543
20241106_145835_389374986,0.3071878
20241106_145835_643952336,0.15782975
20241106_145835_889301286,0.2277411
20241106_145836_134568341,0.18124935
20241106_145836_381373697,0.46662372
20241106_145836_632549198,0.576487
20241106_145836_882561943,0.38684234
20241106_145837_141152188,0.51697814
20241106_145837_383927559,0.57043046
20241106_145837_635469454,0.31779045
20241106_145838_134472757,0.50560117
20241106_145838_387894867,0.8329478
20241106_145838_637507036,1.5824566
20241106_145838_877160771,0.38760287
20241106_145839_128660820,-0.285449
20241106_145839_376582080,-0.34790188
20241106_145839_627013499,-0.49375057
20241106_145839_877316980,-0.43878868
20241106_145840_134301582,-0.40531665
20241106_145840_386353691,-0.65694636
20241106_145840_631756930,-0.5063634
20241106_145840_877084078,-0.43698028
20241106_145841_130166534,-0.71296006
20241106_145841_378798983,-1.1794488
20241106_145841_632489719,0.310962
20241106_145841_883630561,0.3061776
20241106_145842_132348211,0.12826447
20241106_145842_379847370,0.18940346
20241106_145842_629608349,0.46891963
20241106_145842_881423119,1.0493244
20241106_145843_130525783,0.9159398
20241106_145843_378858305,0.5328568
20241106_145843_632661593,-0.5861036
20241106_145843_882160544,-0.4884027
20241106_145844_132842883,-0.5665948
20241106_145844_388256546,0.31497297
20241106_145844_635685248,0.50688845
20241106_145844_889794445,1.2625283
20241106_145845_132687710,0.2673953
20241106_145845_385553586,0.80758464
20241106_145845_636935229,-0.8478545
20241106_145845_885204307,-0.14509235
20241106_145846_163934564,0.0016351752
20241106_145846_389844028,1.6229385
20241106_145846_634232069,0.35340557
20241106_145846_882665968,1.0255579
20241106_145847_131374268,0.79334545
20241106_145847_382624713,0.4154629
20241106_145847_630112144,0.41375294
20241106_145847_879583580,0.2485769
20241106_145848_160853820,0.692568
20241106_145848_382518940,0.5650383
20241106_145848_637608219,0.5858184
20241106_145849_000897079,0.45315883
20241106_145849_147530421,1.5562403
20241106_145849_384837864,0.84658325
20241106_145849_631003651,0.6402328
20241106_145849_880477849,0.80605495
20241106_145850_128759700,-0.024565399
20241106_145850_382554152,0.1225848
20241106_145850_633258192,0.13452971
20241106_145850_880664238,0.15384695
20241106_145851_133501017,-0.013126058
20241106_145851_380246283,0.42866883
20241106_145851_633825924,0.123835824
20241106_145851_879759093,0.02256553
20241106_145852_132110730,0.36866724
20241106_145852_377480262,0.24273337
20241106_145852_633317039,-0.27222532
20241106_145852_881359169,-0.002552243
20241106_145853_131280769,0.20920776
20241106_145853_380392474,-0.12341232
20241106_145853_632152170,-0.77246606
20241106_145853_878358891,-0.7822613
20241106_145854_130803449,-0.5661285
20241106_145854_630994163,-0.4576927
20241106_145854_879007203,-0.486086
20241106_145855_130984110,-0.49545458
20241106_145855_379635268,-0.0794752
20241106_145855_627971365,-0.16725078
20241106_145855_876060292,-0.27931073
20241106_145856_128978597,-0.03981974
20241106_145856_380001756,1.5406308
20241106_145856_632885614,0.75161195
20241106_145856_879468264,0.38488933
20241106_145857_128490052,0.3412805
20241106_145857_381169110,0.42955786
20241106_145857_874289637,0.3380953
20241106_145858_126745795,0.4639449
20241106_145858_375137517,0.35770863
20241106_145858_629365792,0.6354184
20241106_145858_878943540,0.3986207
20241106_145859_140834171,0.07854108
20241106_145859_388337705,1.4021096
20241106_145859_640382129,0.3591871
20241106_145859_883406477,0.7180733
20241106_145900_145913258,-0.9660547
20241106_145900_396998914,-0.26479575
20241106_145900_654168620,-0.5756975
20241106_145900_902068843,-0.9048891
20241106_145901_145111981,-1.078289
20241106_145901_419137967,-0.66060215
20241106_145901_647747487,-0.33818638
20241106_145901_887646363,0.0384204
20241106_145902_138967670,-0.35527673
20241106_145902_387936607,-0.4035764
20241106_145902_636513709,-0.32472005
20241106_145902_883127704,-0.19928117
20241106_145903_131070524,0.07066715
20241106_145903_418772332,0.031281985
20241106_145903_635915052,0.065202884
20241106_145903_889881360,0.0049839634
20241106_145904_155962189,-0.021621427
20241106_145904_386036178,-0.01757457
20241106_145904_639124574,-0.12804778
20241106_145904_883277519,-0.0803444
20241106_145905_137993888,-0.04885646
20241106_145905_382935805,0.0061708484
20241106_145905_636217613,-0.11932316
20241106_145905_885612163,0.35730702
20241106_145906_135422210,-0.44776505
20241106_145906_384521598,0.18566518
20241106_145906_631642319,0.50330853
20241106_145906_882889608,0.32140246
20241106_145907_133470388,0.5567035
20241106_145907_378706092,1.1251004
20241106_145907_631175181,0.7660734
20241106_145907_883037438,0.88304216
20241106_145908_133548665,0.5805038
20241106_145908_378567190,1.0100209
20241106_145908_629155410,0.7047569
20241106_145908_881167435,0.7406024
20241106_145909_133287858,0.36288282
20241106_145909_382700814,0.31269512
20241106_145909_633983090,0.2678314
20241106_145909_880445730,0.3613203
20241106_145910_136499947,1.1542664
20241106_145910_385407066,0.4754441
20241106_145910_635446726,1.0900543
20241106_145910_883862690,0.19603233
20241106_145911_134637220,-1.4781927
20241106_145911_381411575,0.5190958
20241106_145911_634148744,0.12134803
20241106_145911_880355471,-0.00059574284
20241106_145912_132988139,0.18556783
20241106_145912_381749767,-0.72200185
20241106_145912_635306397,-0.07162568
20241106_145912_880788853,-0.2693574
20241106_145913_133017774,-0.065519474
20241106_145913_377985709,0.057421423
20241106_145913_629960828,0.17008176
20241106_145913_882451183,0.15564476
20241106_145914_135747952,-0.055133305
20241106_145914_381285033,0.0993245
20241106_145914_632465849,0.068477444
20241106_145914_881527286,-0.16823693
20241106_145915_133005911,-0.2872227
20241106_145915_632605522,0.015387097
20241106_145915_882668149,-0.43936417
20241106_145916_133991640,0.44461113
20241106_145916_380273980,0.27332056
20241106_145916_631770752,0.26044562
20241106_145916_881343368,-0.062262677
20241106_145917_134571601,-0.1239266
20241106_145917_380759091,-0.23902978
20241106_145917_630443068,-0.8455252
20241106_145917_880343050,-1.4547797
20241106_145918_136810745,-0.6435733
20241106_145918_379994247,0.13468061
20241106_145918_634988260,0.3810828
20241106_145918_879393993,-0.116556175
20241106_145919_133016509,0.058839627
20241106_145919_383725354,-0.015827833
20241106_145919_632803550,-0.06644543
20241106_145919_883068759,0.07679591
20241106_145920_135393727,0.17148922
20241106_145920_383698085,0.1566985
20241106_145920_635117892,-0.5192611
20241106_145920_881484240,-0.3110064
20241106_145921_133491704,-0.3434737
20241106_145921_380815985,-0.88904345
20241106_145921_634928941,0.06267411
20241106_145921_881183850,-0.7546289
20241106_145922_133632235,-0.103694
20241106_145922_380841613,-0.05209037
20241106_145922_631053698,-0.15055028
20241106_145922_880409536,-0.29553244
20241106_145923_132477921,-0.85294807
20241106_145923_382379519,-0.38677225
20241106_145923_630590265,0.08339832
20241106_145923_878108281,0.2614389
20241106_145924_132204026,-0.16873123
20241106_145924_380197722,0.36710784
20241106_145924_635742041,0.097269945
20241106_145924_881444844,-0.07633587
20241106_145925_133733972,-0.58653474
20241106_145925_380540841,0.5186245
20241106_145925_634708769,1.0495096
20241106_145925_885742201,0.18400852
20241106_145926_138751859,-0.0035111662
20241106_145926_384448546,-0.54861605
20241106_145926_635574082,-0.5981797
20241106_145926_881691737,-0.48224053
20241106_145927_135482238,-0.8337514
20241106_145927_379377661,-0.67025805
20241106_145927_631285593,-0.36336297
20241106_145927_878351990,-0.20741864
20241106_145928_132379783,-0.09047559
20241106_145928_381729669,0.7909237
20241106_145928_633686185,-1.0135591
20241106_145928_883067634,-0.128975
20241106_145929_133601869,-0.020661311
20241106_145929_386250727,0.26031676
20241106_145929_644075728,-0.6956857
20241106_145929_884264404,-0.91972154
20241106_145930_137298795,-0.5331195
20241106_145930_387292312,-1.4159349
20241106_145930_635473382,-0.62975967
20241106_145930_884693152,-0.46428335
20241106_145931_134418593,-0.22142802
20241106_145931_380276755,-0.10373112
20241106_145931_631959575,0.24877526
20241106_145931_882478521,-0.18216108
20241106_145932_130329399,0.063869804
20241106_145932_378620393,0.22000471
20241106_145932_633905054,0.83869356
20241106_145933_630299670,-0.0019080248
20241106_145933_880616063,-0.20858864
20241106_145934_151155038,1.2404342
20241106_145934_378937083,0.5968461
20241106_145934_634712757,1.0441878
20241106_145934_881158051,0.35087058
20241106_145935_131228977,-0.60975426
20241106_145935_380227423,0.08067757
20241106_145935_631328286,1.1477945
20241106_145935_881697929,-0.888923
20241106_145936_132211770,-0.7462308
20241106_145936_378193297,0.8499356
20241106_145936_628355424,0.51383835
20241106_145936_874908158,0.45812285
20241106_145937_127361874,0.060863227
20241106_145937_378721617,0.37528145
20241106_145937_629576183,0.8363808
20241106_145937_878385607,0.8090314
20241106_145938_131618924,1.1853955
20241106_145938_378722653,0.5801542
20241106_145938_627165255,0.8150343
20241106_145938_876619057,0.542628
20241106_145939_129983810,0.6229816
20241106_145939_377412982,0.258436
20241106_145939_627569194,0.36988023
20241106_145939_878185768,-1.047165
20241106_145940_130933193,0.21610108
20241106_145940_380767034,0.823629
20241106_145940_881109697,0.41641325
20241106_145941_131472018,-0.63590884
20241106_145941_379055243,0.4007947
20241106_145941_631900367,0.7530519
20241106_145941_882183890,0.74780154
20241106_145942_131908192,-1.7577255
20241106_145942_375429885,-0.3277712
20241106_145942_630806186,-0.081702165
20241106_145942_875534977,-0.7990112
20241106_145943_128141530,-0.45414388
20241106_145943_375835248,0.93007016
20241106_145943_629219147,0.62691444
20241106_145943_877857903,-0.34800205
20241106_145944_129465164,-0.11448478
20241106_145944_378336639,0.013599882
20241106_145944_637204462,-0.18403845
20241106_145944_880320251,0.108595975
20241106_145945_135793492,0.022535244
20241106_145945_379009618,0.4550856
20241106_145945_632644780,0.3191952
20241106_145945_878190114,0.26442516
20241106_145946_144067026,0.26347622
20241106_145946_376762788,1.3363644
20241106_145946_630440366,0.36525485
20241106_145946_877661695,0.7344336
20241106_145947_128750791,1.5384555
20241106_145947_378998327,0.47645476
20241106_145947_627422513,0.46742132
20241106_145947_879457075,0.21401252
20241106_145948_140094100,0.6146515
20241106_145948_377833121,0.3777196
20241106_145948_632631455,-0.46117005
20241106_145948_878805473,-0.08067853
20241106_145949_140100377,0.21349366
20241106_145949_378056922,-1.0282466
20241106_145949_631157520,0.029476495
20241106_145949_879151250,-0.34595752
20241106_145950_147103468,0.13368465
20241106_145950_380553221,0.40250087
20241106_145950_635097364,-0.37081328
20241106_145950_880265386,-0.49296638
20241106_145951_167250354,0.16083167
20241106_145951_379074536,0.3342139
20241106_145951_637946526,0.14836276
20241106_145951_879935667,0.12633513
20241106_145952_148218030,0.7937599
20241106_145952_381280713,-0.09825496
20241106_145952_635126083,0.07422858
20241106_145953_146110286,-0.23600183
20241106_145953_381410233,-2.522256
20241106_145953_637682603,-0.17601722
20241106_145953_880376322,-0.27381966
20241106_145954_141608313,0.08492758
20241106_145954_378603232,-0.6697859
20241106_145954_631066429,-0.609346
20241106_145954_880444917,-0.26567805
20241106_145955_159114882,1.7904046
20241106_145955_382768968,0.5688058
20241106_145955_632581266,0.95694584
20241106_145955_885064531,0.27295268
20241106_145956_148885930,-0.39667702
20241106_145956_386086848,0.57209563
20241106_145956_647554427,0.37711477
20241106_145956_882510232,0.18951489
20241106_145957_143933003,1.2259692
20241106_145957_379957063,0.10991172
20241106_145957_630972816,0.6342017
20241106_145957_883042942,-0.105282
20241106_145958_133461030,0.41580823
20241106_145958_384276069,-0.035735868
20241106_145958_633393686,-0.10283866
