trade_date,FW_label
20241108_210000_426736472,-1.1338602
20241108_210000_645196771,1.4190887
20241108_210000_888686974,-0.61449444
20241108_210001_128617165,-0.3209624
20241108_210001_386435763,1.1227278
20241108_210001_626432524,0.66617906
20241108_210001_872731922,1.2822155
20241108_210002_120974347,0.3437748
20241108_210002_382482936,1.5936834
20241108_210002_621785220,0.7422845
20241108_210002_874943573,-0.7331723
20241108_210003_121539463,-1.399541
20241108_210003_379955174,-1.1165978
20241108_210003_619303137,-1.5015167
20241108_210003_870495757,-1.0963227
20241108_210004_116445402,-1.341924
20241108_210004_378386545,-1.3041064
20241108_210004_616109346,-0.6089156
20241108_210004_872569512,-1.1758225
20241108_210005_115937874,-0.7361581
20241108_210005_378564190,-1.098853
20241108_210005_618560176,-0.34470323
20241108_210005_870183251,-0.90707636
20241108_210006_119679378,0.82109684
20241108_210006_379503029,1.619563
20241108_210006_616755603,-0.05837909
20241108_210006_872832147,-2.0016348
20241108_210007_117214750,-0.4157026
20241108_210007_374737714,-2.1509733
20241108_210007_616667400,-0.22342671
20241108_210007_867471875,-0.8097962
20241108_210008_113704428,1.2040045
20241108_210008_374885848,-0.8597623
20241108_210008_626185785,0.57631767
20241108_210008_868075465,0.66938615
20241108_210009_114619307,1.1596364
20241108_210009_370940173,0.22961958
20241108_210009_630624994,-0.8283861
20241108_210009_872016750,-0.42190847
20241108_210010_112512211,0.38962534
20241108_210010_379808545,0.56823695
20241108_210010_619574887,-0.13392456
20241108_210010_881050109,0.76032025
20241108_210011_116511457,1.5394245
20241108_210011_377298318,-0.072520055
20241108_210011_620026852,-0.00011449866
20241108_210011_870088406,1.0889727
20241108_210012_117193380,0.19134669
20241108_210012_370773689,1.3234034
20241108_210012_622779427,0.7688308
20241108_210012_869414513,1.5247494
20241108_210013_116326088,1.3733866
20241108_210013_377417009,1.7731467
20241108_210013_626379780,-0.20098275
20241108_210013_876592724,-1.1784635
20241108_210014_118943829,-1.7339664
20241108_210014_371954149,0.8457678
20241108_210014_626469213,1.5824049
20241108_210014_869056998,-0.71347004
20241108_210015_117042875,1.469777
20241108_210015_369327840,-0.84597206
20241108_210015_621564295,0.15278064
20241108_210015_868841445,-0.03174468
20241108_210016_115789373,0.7633035
20241108_210016_372145593,-0.13851969
20241108_210016_623404493,-0.22543795
20241108_210016_866565046,-0.6584868
20241108_210017_116512353,0.2375317
20241108_210017_376410370,-0.41574773
20241108_210017_617772855,-0.18841065
20241108_210017_870651755,0.52830124
20241108_210018_116405530,0.85174376
20241108_210018_372529145,1.4015201
20241108_210018_617998104,1.945262
20241108_210018_872658586,-0.9462975
20241108_210019_118285110,-1.3595966
20241108_210019_381097345,-1.0873526
20241108_210019_619529515,-0.043228574
20241108_210019_878139516,0.60903376
20241108_210020_116494232,-1.0363331
20241108_210020_380931374,-0.64508635
20241108_210020_616044927,-0.38063994
20241108_210020_872330265,0.27804932
20241108_210021_114519629,0.99951655
20241108_210021_371065913,-0.3939988
20241108_210021_619686474,0.42451775
20241108_210021_867906832,1.0119356
20241108_210022_114519827,0.37426323
20241108_210022_368629607,-0.56132656
20241108_210022_615149883,0.03611181
20241108_210022_867353499,0.8516554
20241108_210023_114485393,1.444117
20241108_210023_363000725,-0.5811944
20241108_210023_620036122,0.106575094
20241108_210023_868306022,-0.59530896
20241108_210024_117349278,0.54115546
20241108_210024_371618468,0.94383115
20241108_210024_618583790,-0.5792865
20241108_210024_868621941,0.3678781
20241108_210025_114818138,0.67643493
20241108_210025_374143722,0.9805985
20241108_210025_620310011,0.047843374
20241108_210025_872514312,-0.099947065
20241108_210026_112295183,-1.2935361
20241108_210026_372047731,0.36690828
20241108_210026_614220260,-1.0574745
20241108_210026_873810406,0.83705765
20241108_210027_115067120,-0.32235533
20241108_210027_368065402,-0.0299386
20241108_210027_614490822,-1.3759348
20241108_210027_866186237,0.53258365
20241108_210028_113755993,0.6198505
20241108_210028_370491171,-0.2543632
20241108_210028_615131193,-2.3016994
20241108_210028_870295279,0.17558728
20241108_210029_114131136,-0.09927889
20241108_210029_368880875,-0.61395687
20241108_210029_614794696,0.18541197
20241108_210029_870800137,0.78460574
20241108_210030_116912352,0.29001018
20241108_210030_372243780,-0.10548227
20241108_210030_622115752,0.6022756
20241108_210030_874881387,1.54713
20241108_210031_114665450,0.97639877
20241108_210031_372293523,0.5861002
20241108_210031_628629670,1.3193008
20241108_210031_871440778,-0.34700936
20241108_210032_119350235,1.0853772
20241108_210032_373037567,-0.13958047
20241108_210032_625640783,-0.261176
20241108_210032_871637274,-0.74532473
20241108_210033_115208976,-0.3666278
20241108_210033_375565043,0.72295016
20241108_210033_620020263,-0.18589498
20241108_210033_876334277,-0.5178968
20241108_210034_118845123,-1.1220776
20241108_210034_377386310,0.4718841
20241108_210034_618592830,-0.11116024
20241108_210034_877155213,0.15322189
20241108_210035_115359062,0.6522717
20241108_210035_381109816,0.93350506
20241108_210035_618801027,0.19364719
20241108_210035_875786956,-0.25986096
20241108_210036_112839265,0.033514626
20241108_210036_371216091,0.17932892
20241108_210036_622083231,-0.069173984
20241108_210036_871114783,0.5051389
20241108_210037_112978203,0.7781567
20241108_210037_372174056,0.90009457
20241108_210037_622435028,-0.75053
20241108_210037_871279511,-1.5306109
20241108_210038_116931708,-0.55227625
20241108_210038_376510021,-0.41317677
20241108_210038_615967395,-0.34089872
20241108_210038_867491871,-0.39701095
20241108_210039_117275052,0.047233462
20241108_210039_368507040,0.44358984
20241108_210039_624612531,0.48474655
20241108_210039_869626558,-0.07387761
20241108_210040_115190025,0.15769272
20241108_210040_365945394,-0.6274116
20241108_210040_618592155,-0.4839003
20241108_210040_869909738,0.3152651
20241108_210041_115952206,-0.4822271
20241108_210041_373558982,0.72641355
20241108_210041_614736031,0.07562513
20241108_210041_864263309,-0.24524622
20241108_210042_113949019,0.38982525
20241108_210042_368811455,-0.39636168
20241108_210042_612257511,-0.61923456
20241108_210042_864923615,0.41213295
20241108_210043_111605610,-0.51890475
20241108_210043_366745235,-0.20716842
20241108_210043_620603406,-0.2703653
20241108_210043_867264717,-0.6016619
20241108_210044_113103125,1.2003475
20241108_210044_370012815,1.0919472
20241108_210044_624010007,-0.745691
20241108_210044_874249176,-1.3886746
20241108_210045_115426235,1.0291308
20241108_210045_380701713,-0.3910079
20241108_210045_614789706,0.7666858
20241108_210045_875447760,-0.98524386
20241108_210046_118904233,0.53721577
20241108_210046_382939149,0.1963505
20241108_210046_622117881,0.48317418
20241108_210046_876349518,-0.11263292
20241108_210047_124184509,-0.04084208
20241108_210047_380881104,0.6186568
20241108_210047_620064387,-0.033488415
20241108_210047_871699521,0.0050061736
20241108_210048_124948980,-0.3869765
20241108_210048_370264715,0.33948812
20241108_210048_626664428,-0.19308795
20241108_210048_870365631,0.15346052
20241108_210049_122734604,-0.07785126
20241108_210049_373064406,0.10110024
20241108_210049_632731596,0.20234464
20241108_210049_875400440,0.28524148
20241108_210050_123135160,0.7546714
20241108_210050_375725497,1.6862442
20241108_210050_639173507,-0.38971946
20241108_210050_880522728,0.29262918
20241108_210051_119372900,0.18699907
20241108_210051_385666992,-0.008079166
20241108_210051_617851101,-0.009043533
20241108_210051_874319918,0.16158493
20241108_210052_115054674,0.16069151
20241108_210052_383519877,0.5303056
20241108_210052_619466481,-0.23454006
20241108_210052_877490933,-0.05420252
20241108_210053_111586652,0.1840658
20241108_210053_375948034,-0.11274221
20241108_210053_616434494,-0.010386011
20241108_210053_880149708,-0.12200966
20241108_210054_123296666,-0.09273135
20241108_210054_370211189,0.06342719
20241108_210054_616115607,0.26059115
20241108_210054_866212834,0.003356019
20241108_210055_110120120,0.53082806
20241108_210055_367134645,0.09635664
20241108_210055_614899391,0.23176523
20241108_210055_867803264,0.016363638
20241108_210056_113563175,-0.13232876
20241108_210056_366638024,-0.67266554
20241108_210056_618221702,0.37920746
20241108_210056_865418883,-0.0539222
20241108_210057_114603904,0.5685852
20241108_210057_366501576,0.6077981
20241108_210057_617123394,1.0099669
20241108_210057_865593266,0.38532534
20241108_210058_109686662,0.28372708
20241108_210058_370373738,0.814574
20241108_210058_612650524,0.17882703
20241108_210058_866136555,0.24489726
20241108_210059_110346491,0.0034324024
20241108_210059_373726684,0.40557015
20241108_210059_612718599,-0.20321806
20241108_210059_865107545,0.15035911
20241108_210100_115723633,-1.644309
20241108_210100_376118375,0.009063462
20241108_210100_617043859,-0.5585947
20241108_210100_878901740,-0.45547393
20241108_210101_121155638,0.3199236
20241108_210101_376618447,-1.1618826
20241108_210101_631302660,-0.6815407
20241108_210101_886637709,-0.2914535
20241108_210102_130367551,0.5218672
20241108_210102_378867030,0.82593673
20241108_210102_635025161,2.1982224
20241108_210102_881977792,-0.28938007
20241108_210103_121142144,-0.065481
20241108_210103_378216118,-0.07701533
20241108_210103_635419684,-0.7650564
20241108_210103_877412754,-0.57173556
20241108_210104_121977422,0.066922374
20241108_210104_373439061,-0.5608957
20241108_210104_632372804,-0.023325762
20241108_210104_880612781,-0.28453907
20241108_210105_129607275,1.4494947
20241108_210105_379281977,0.4299433
20241108_210105_630921345,0.1709762
20241108_210105_894531004,-0.22752449
20241108_210106_129062224,0.8515414
20241108_210106_380444472,-0.60634065
20241108_210106_628331536,0.55486923
20241108_210106_895050678,-0.21709143
20241108_210107_124523004,0.7970041
20241108_210107_379034241,-1.6026856
20241108_210107_629661885,-0.20613195
20241108_210107_883882406,-1.1813169
20241108_210108_121798936,0.43184784
20241108_210108_387099394,0.17260997
20241108_210108_628345303,0.109557755
20241108_210108_881288506,0.24128084
20241108_210109_126320314,0.043662913
20241108_210109_382617799,-0.033708237
20241108_210109_630678333,-0.31088343
20241108_210109_882356039,-0.8838544
20241108_210110_118166175,-0.62560385
20241108_210110_377240681,0.0688993
20241108_210110_614802201,-0.92323154
20241108_210110_872060074,-0.74916166
20241108_210111_118292740,0.46067974
20241108_210111_377197736,-0.06997689
20241108_210111_620828254,0.83691436
20241108_210111_873019039,-0.16959466
20241108_210112_121133735,1.1919574
20241108_210112_380227548,0.34278557
20241108_210112_630777240,1.6311318
20241108_210112_874673945,-0.51447445
20241108_210113_125230805,0.8443883
20241108_210113_383083763,-0.971413
20241108_210113_625457904,-0.17814654
20241108_210113_874361780,1.0698562
20241108_210114_121901025,-0.5782983
20241108_210114_369246266,0.5391246
20241108_210114_619743334,-1.0589076
20241108_210114_875059145,0.92010754
20241108_210115_122450755,0.041148342
20241108_210115_370216060,-0.8112438
20241108_210115_615322069,-0.5752533
20241108_210115_871817592,-0.78561145
20241108_210116_120380834,-1.1655117
20241108_210116_371167851,-0.7563583
20241108_210116_622730107,-0.57729244
20241108_210116_870843153,-1.033749
20241108_210117_112994058,-0.16060357
20241108_210117_372114396,0.033417962
20241108_210117_618791039,0.035021216
20241108_210117_869829620,0.0547084
20241108_210118_112203652,0.59359497
20241108_210118_373807993,-0.10124948
20241108_210118_621060477,-1.0490643
20241108_210118_870121617,-0.24813627
20241108_210119_115809101,-0.37314868
20241108_210119_365146020,-0.5570043
20241108_210119_623512518,-0.3977559
20241108_210119_866620815,-0.7393654
20241108_210120_115052565,0.62020975
20241108_210120_373493305,0.772841
20241108_210120_619392977,1.8616755
20241108_210120_868104479,1.0655105
20241108_210121_117205478,1.8308773
20241108_210121_370148076,1.0742526
20241108_210121_625553076,0.5253924
20241108_210121_878042967,0.9521635
20241108_210122_123661087,1.8250163
20241108_210122_378940385,0.66935515
20241108_210122_632592159,1.7732435
20241108_210122_877249688,1.2281984
20241108_210123_126046330,1.5102597
20241108_210123_382538430,0.89046746
20241108_210123_634488787,0.07832556
20241108_210123_879856665,-0.10496455
20241108_210124_126583851,-1.6097546
20241108_210124_386649657,0.038066782
20241108_210124_633482040,0.020970026
20241108_210124_878992179,0.9596997
20241108_210125_119517622,0.0823698
20241108_210125_376827856,-0.3315283
20241108_210125_630537896,0.60471344
20241108_210125_875723150,1.8393438
20241108_210126_122174662,-1.1300299
20241108_210126_382256503,-0.41082698
20241108_210126_630465156,-0.10157957
20241108_210126_884693208,-0.999057
20241108_210127_119147610,0.58137274
20241108_210127_392813531,0.15870044
20241108_210127_624395552,-0.068422996
20241108_210127_880429479,-0.2133704
20241108_210128_119656449,-0.5333523
20241108_210128_375469862,0.1773309
20241108_210128_626757279,0.42883655
20241108_210128_879056792,-0.15094584
20241108_210129_125763095,0.17067252
20241108_210129_382462785,0.23317246
20241108_210129_625623342,0.6010669
20241108_210129_871536207,0.85174906
20241108_210130_124157642,-0.46159253
20241108_210130_378271064,0.95848745
20241108_210130_633868509,0.3460283
20241108_210130_874725267,-0.81878185
20241108_210131_122186127,-0.39826652
20241108_210131_374635874,-2.561555
20241108_210131_625220296,0.4186243
20241108_210131_877853453,-0.6727883
20241108_210132_122924489,-1.1475624
20241108_210132_383097483,0.47647974
20241108_210132_621556152,1.1017313
20241108_210132_872197686,-0.26459873
20241108_210133_119719754,0.08082189
20241108_210133_372175724,0.5076388
20241108_210133_625965932,-0.043392893
20241108_210133_875249386,-0.35755518
20241108_210134_120337309,0.10169456
20241108_210134_388326499,-0.021134457
20241108_210134_630133040,-0.32576123
20241108_210134_878172026,-0.7395173
20241108_210135_119908890,-1.2360252
20241108_210135_388193150,-0.29199278
20241108_210135_622215444,0.472
20241108_210135_881397060,0.21098335
20241108_210136_121115157,0.27722508
20241108_210136_383865690,0.024328718
20241108_210136_624843812,0.32727125
20241108_210136_886980516,0.06506408
20241108_210137_123216315,-0.5314069
20241108_210137_382823727,-0.2639461
20241108_210137_626811411,-0.18464659
20241108_210137_874421650,0.12701486
20241108_210138_120577732,-0.0887863
20241108_210138_376194914,-0.11752807
20241108_210138_623354542,-0.0652157
20241108_210138_870514987,-0.09738111
20241108_210139_119814280,0.18163794
20241108_210139_376687143,2.0501873
20241108_210139_624229804,0.7171266
20241108_210139_870696356,0.39318007
20241108_210140_120619926,-0.7799204
20241108_210140_373184095,-0.9812024
20241108_210140_629234261,0.65881354
20241108_210140_872409550,0.11511902
20241108_210141_115173756,-0.060626946
20241108_210141_377527028,-0.03928574
20241108_210141_627272953,0.099119104
20241108_210141_870470115,0.26754543
20241108_210142_118938357,0.21532844
20241108_210142_373413104,-0.120386384
20241108_210142_625304882,0.04552541
20241108_210142_873883276,0.009922961
20241108_210143_114940815,0.44432074
20241108_210143_366875349,0.17201583
20241108_210143_615350825,0.23599987
20241108_210143_864753339,0.24052374
20241108_210144_114449655,0.007679859
20241108_210144_370943686,-0.073535495
20241108_210144_617169730,-0.19938748
20241108_210144_864058759,-0.16010644
20241108_210145_112482204,0.19545014
20241108_210145_366684086,0.80764383
20241108_210145_615505972,1.3947309
20241108_210145_871329945,-1.242813
20241108_210146_111969292,-0.5104402
20241108_210146_362951894,-1.2602856
20241108_210146_619054980,0.304494
20241108_210146_866190816,0.2889915
20241108_210147_113700053,0.5517388
20241108_210147_363853093,1.8980674
20241108_210147_619899592,-0.3570064
20241108_210147_863103698,-0.4193242
20241108_210148_112896195,-1.6064848
20241108_210148_369468358,0.94407547
20241108_210148_612343308,0.3679631
20241108_210148_864368311,-0.18136431
20241108_210149_116895417,-0.6618696
20241108_210149_368917870,-0.15607977
20241108_210149_614974721,-0.8603334
20241108_210149_868439733,-0.08924288
20241108_210150_115155847,0.23248784
20241108_210150_373345713,0.28893372
20241108_210150_618096236,-0.03374606
20241108_210150_868396938,0.5357402
20241108_210151_112746207,0.06090016
20241108_210151_367826113,0.03407065
20241108_210151_616214194,-0.013804337
20241108_210151_877060706,-0.15894498
20241108_210152_113667631,0.76987207
20241108_210152_369298947,-0.16517554
20241108_210152_616442266,-0.06834372
20241108_210152_864294133,-0.55592644
20241108_210153_111644152,-0.40914282
20241108_210153_372668024,-0.82278067
20241108_210153_619808028,-0.42963317
20241108_210153_871664677,-1.117936
20241108_210154_118133763,-0.14592636
20241108_210154_366560563,-0.5189609
20241108_210154_615770275,-0.79607105
20241108_210154_860624380,-0.5057563
20241108_210155_113231733,-0.6633639
20241108_210155_363406460,-0.16136916
20241108_210155_610556363,-0.046821944
20241108_210155_863610048,-0.1752239
20241108_210156_112049400,0.1620469
20241108_210156_362564101,0.17699157
20241108_210156_618516608,-0.12274351
20241108_210156_863084125,-0.15680893
20241108_210157_109960036,0.07608161
20241108_210157_365366619,0.3290325
20241108_210157_619185137,0.3808739
20241108_210157_864644292,0.43462348
20241108_210158_110123935,0.34863478
20241108_210158_369946220,0.42506695
20241108_210158_610921169,0.5384218
20241108_210158_861359068,0.6093283
20241108_210159_111814681,0.6553422
20241108_210159_368543430,0.45420018
20241108_210159_609369040,0.48685494
20241108_210159_864869065,0.26388556
20241108_210200_114311021,0.20809315
20241108_210200_370064785,0.0071423743
20241108_210200_617287091,-0.21998315
20241108_210200_867313708,-0.57379156
20241108_210201_112090515,-0.7472544
20241108_210201_368702096,-0.22355224
20241108_210201_613746775,-1.3201826
20241108_210201_865758170,0.37905163
20241108_210202_115877199,0.47028652
20241108_210202_366675854,0.010860058
20241108_210202_615939940,-0.23004988
20241108_210202_864016879,0.19236337
20241108_210203_113204332,-0.05943682
20241108_210203_368238299,-0.23074748
20241108_210203_613191846,-0.60631603
20241108_210203_865976844,-0.10187664
20241108_210204_110591108,-0.11272874
20241108_210204_371763481,-0.26315445
20241108_210204_625496199,-1.5336839
20241108_210204_872522194,0.65717894
20241108_210205_124902876,0.40113267
20241108_210205_375021777,-0.625795
20241108_210205_623108503,-0.16523503
20241108_210205_881257451,-0.17221355
20241108_210206_122398435,0.3490355
20241108_210206_386404825,-0.06990688
20241108_210206_621413932,-0.36776158
20241108_210206_871569535,-0.57810616
20241108_210207_120051917,-1.0099204
20241108_210207_376299581,-1.2113855
20241108_210207_626461561,0.5138086
20241108_210207_869567506,0.13431345
20241108_210208_116034926,0.019848267
20241108_210208_376610514,-0.0556845
20241108_210208_624991494,0.02827222
20241108_210208_870715328,-0.25295886
20241108_210209_127397646,-0.22737636
20241108_210209_380283029,0.16704446
20241108_210209_624436057,-0.047326617
20241108_210209_867750273,0.24060966
20241108_210210_116043839,-0.30590048
20241108_210210_372941911,-0.1365851
20241108_210210_619753558,-1.0995494
20241108_210210_871574859,-0.15495618
20241108_210211_113545390,-0.1319152
20241108_210211_372253058,-0.2882133
20241108_210211_614385191,-0.1315241
20241108_210211_870608461,-0.6641532
20241108_210212_115255010,-2.113442
20241108_210212_371634646,0.01821042
20241108_210212_623420324,0.0787128
20241108_210212_871195616,0.41310412
20241108_210213_114740106,1.3690784
20241108_210213_374020662,-0.86770093
20241108_210213_612763235,-0.8079553
20241108_210213_867282627,-0.18951225
20241108_210214_123404917,-1.1588402
20241108_210214_373790788,0.38375857
20241108_210214_616743352,0.05764226
20241108_210214_869726917,-0.32813975
20241108_210215_118556791,-0.64533424
20241108_210215_372607952,-1.2421231
20241108_210215_613780807,-1.113489
20241108_210215_868567824,-0.38834867
20241108_210216_118135795,-0.28011128
20241108_210216_374867091,-0.17347486
20241108_210216_621958507,0.3934444
20241108_210216_874895090,1.6571434
20241108_210217_116771471,-0.29456466
20241108_210217_374608846,0.025013352
20241108_210217_616914442,-0.9476686
20241108_210217_869952619,0.08346105
20241108_210218_119008472,-0.5231868
20241108_210218_375724236,-0.29518306
20241108_210218_621306473,-0.61007243
20241108_210218_874738825,0.3326858
20241108_210219_120966425,0.42171353
20241108_210219_376684576,1.7339683
20241108_210219_620989128,-1.0102823
20241108_210219_871741682,-0.2280505
20241108_210220_115246281,0.0026416015
20241108_210220_365237347,0.070318826
20241108_210220_615640812,0.01280337
20241108_210220_863291459,0.7264817
20241108_210221_113018448,-0.8579397
20241108_210221_364342346,0.9085795
20241108_210221_611236318,-1.2805239
20241108_210221_863362923,-0.42331734
20241108_210222_112201139,-1.5641919
20241108_210222_362365557,-1.3043373
20241108_210222_610854332,-1.0191886
20241108_210222_861925905,-0.066100724
20241108_210223_110344722,-0.5949593
20241108_210223_365566450,-0.04455736
20241108_210223_614687767,-0.7046547
20241108_210223_865323360,0.0011393018
20241108_210224_113433621,-0.024040725
20241108_210224_364290551,-0.63929814
20241108_210224_610097263,0.050823398
20241108_210224_862999360,-0.08369596
20241108_210225_111521160,-0.45164263
20241108_210225_360946669,-0.29747307
20241108_210225_610097796,-0.21235818
20241108_210225_859752863,0.20970401
20241108_210226_113229477,0.80079335
20241108_210226_361494789,0.32289395
20241108_210226_609821825,-0.13087358
20241108_210226_863597208,-0.1957518
20241108_210227_109431826,-0.07628127
20241108_210227_360062540,-0.6009146
20241108_210227_609720145,-0.28433618
20241108_210227_857480133,-0.3013158
20241108_210228_105166094,-1.0287453
20241108_210228_360437368,-2.2720275
20241108_210228_614553151,0.6055354
20241108_210228_864313187,0.7653018
20241108_210229_111891142,0.31033608
20241108_210229_371790160,1.0483657
20241108_210229_620468013,0.03021411
20241108_210229_862404156,-0.60982454
20241108_210230_111915893,-0.35685813
20241108_210230_361584319,-0.15092018
20241108_210230_607848135,-0.05863764
20241108_210230_862069327,-0.06920483
20241108_210231_107365988,0.15843056
20241108_210231_361776947,0.24684484
20241108_210231_611858827,0.5472212
20241108_210231_866575194,-0.8458453
20241108_210232_110652417,-0.4993799
20241108_210232_364462333,-0.7853043
20241108_210232_613025656,-0.5676252
20241108_210232_859600102,0.12676434
20241108_210233_110237289,0.0055412445
20241108_210233_367036443,1.4106083
20241108_210233_608334371,1.1667202
20241108_210233_862532774,0.27147642
20241108_210234_111412154,-0.25562322
20241108_210234_364673018,-0.100628845
20241108_210234_610340087,0.017357955
20241108_210234_864988790,0.05266384
20241108_210235_110715201,0.19182502
20241108_210235_367255211,0.29060885
20241108_210235_867763987,0.104306586
20241108_210236_113047214,0.12021241
20241108_210236_368254346,0.11800287
20241108_210236_615885470,-0.8101551
20241108_210236_863227560,-0.32823628
20241108_210237_109449649,-0.16727768
20241108_210237_364128527,-0.074346
20241108_210237_611416292,-0.17246528
20241108_210238_108056166,-0.11876755
20241108_210238_365069821,0.14477612
20241108_210238_610437218,0.30972886
20241108_210238_868165029,0.19509394
20241108_210239_115727984,0.06585292
20241108_210239_365204247,0.28236297
20241108_210239_616998417,0.50576776
20241108_210239_862637835,-0.008408209
20241108_210240_109851476,0.16922502
20241108_210240_374709440,1.0371525
20241108_210240_614113028,1.027917
20241108_210240_863292535,1.2245082
20241108_210241_112914818,-1.0482612
20241108_210241_364084128,-0.9703248
20241108_210241_614882824,0.8316163
20241108_210241_866492950,0.14644699
20241108_210242_112034326,-0.085335165
20241108_210242_362895057,-0.09667101
20241108_210242_609990234,-0.022840222
20241108_210242_864491078,-0.053384982
20241108_210243_107036473,-0.054726385
20241108_210243_365704599,-0.20072277
20241108_210243_617488590,0.3586626
20241108_210243_862110862,0.45376104
20241108_210244_112610518,0.15705214
20241108_210244_365667208,-0.3279065
20241108_210244_616983960,-0.31602487
20241108_210244_864159315,-0.06837439
20241108_210245_107855268,-0.020813635
20241108_210245_367125702,-0.16963203
20241108_210245_606567857,-0.13670821
20241108_210245_860967287,-0.11649706
20241108_210246_107113184,-0.054787062
20241108_210246_369357435,-0.042074643
20241108_210246_608315386,0.24908139
20241108_210246_870302162,0.371789
20241108_210247_109687781,0.30285984
20241108_210247_366170475,0.082772054
20241108_210247_614113762,-0.34752187
20241108_210247_861885486,-0.36962864
20241108_210248_112021598,-0.32426548
20241108_210248_366688954,0.37960178
20241108_210248_617439265,0.18182968
20241108_210248_866931935,0.22343354
20241108_210249_112453442,-0.07095864
20241108_210249_371270856,-0.24241938
20241108_210249_612317124,0.19555195
20241108_210249_865369967,0.23881249
20241108_210250_109379761,0.21449296
20241108_210250_365273872,0.36297485
20241108_210250_612017087,-0.09357574
20241108_210250_863093627,-0.0038327184
20241108_210251_111091320,-0.060988568
20241108_210251_365152728,-0.14620714
20241108_210251_613354568,-0.64609617
20241108_210251_862343602,-0.14763631
20241108_210252_108769890,-0.09617832
20241108_210252_364211710,-0.24790086
20241108_210252_616109324,-0.5683836
20241108_210252_867586947,-0.52259296
20241108_210253_109458289,-0.4209239
20241108_210253_364066045,-0.35866714
20241108_210253_614612095,-0.3142238
20241108_210253_864922050,-1.4794058
20241108_210254_107901616,-1.1226754
20241108_210254_367901993,-0.75391936
20241108_210254_610072540,-0.024959244
20241108_210254_862273908,-0.119361974
20241108_210255_107316433,-0.21447726
20241108_210255_371356924,-0.3334298
20241108_210255_859702116,-0.5443689
20241108_210256_108360732,-0.4362902
20241108_210256_362871948,-0.08959611
20241108_210256_613705893,-0.005809685
20241108_210256_860779258,-0.1170943
20241108_210257_108863379,-0.14682175
20241108_210257_360922117,-0.12155094
20241108_210257_614739260,-0.122629754
20241108_210257_860838944,-0.26601866
20241108_210258_107535592,-0.15416475
20241108_210258_360479154,0.022854129
20241108_210258_609927333,-0.052957796
20241108_210258_860114480,-0.18972446
20241108_210259_110245028,-0.36925754
20241108_210259_365254380,-0.24439712
20241108_210259_609501232,-0.5598137
20241108_210259_862106425,0.11913083
20241108_210300_112714789,0.28386053
20241108_210300_372018566,0.35542765
20241108_210300_619373943,-0.49236962
20241108_210300_876339331,-0.46055326
20241108_210301_125962370,0.021227451
20241108_210301_379821350,0.3353789
20241108_210301_626817835,0.08176417
20241108_210301_868215423,-0.11432339
20241108_210302_110894536,-0.3405079
20241108_210302_367680172,-1.0056062
20241108_210302_614698787,-0.8725547
20241108_210302_863066138,-0.44278327
20241108_210303_116032116,-0.17355536
20241108_210303_370040987,-0.089644335
20241108_210303_616364771,-0.23718531
20241108_210303_866978815,-0.15402223
20241108_210304_114574294,0.51708543
20241108_210304_370928675,0.14281523
20241108_210304_615218651,0.21693768
20241108_210304_867327904,-0.021903118
20241108_210305_117380608,0.6975658
20241108_210305_378376265,-0.36065415
20241108_210305_615482313,-0.20104834
20241108_210305_870493396,0.7964837
20241108_210306_114474948,1.8004518
20241108_210306_370551656,0.2697508
20241108_210306_620590762,0.2985469
20241108_210306_864732400,0.9842209
20241108_210307_108529942,0.19559799
20241108_210307_372020444,0.009069899
20241108_210307_629286051,-0.08492284
20241108_210307_871415629,-0.16555394
20241108_210308_115022438,-0.110618226
20241108_210308_368963366,-0.057770453
20241108_210308_619642248,-0.22896405
20241108_210308_868752258,-0.25567928
20241108_210309_115193393,-0.59034896
20241108_210309_370058575,-0.06374334
20241108_210309_613331958,-0.028354665
20241108_210309_877765491,-0.059711598
20241108_210310_118086258,0.035561897
20241108_210310_371872247,0.20440254
20241108_210310_614703441,-0.32365373
20241108_210310_873834178,-0.58352286
20241108_210311_112831330,-0.35460368
20241108_210311_383612283,-0.3673754
20241108_210311_620609900,-0.22966777
20241108_210311_868906896,-0.19412138
20241108_210312_115697457,-0.21121055
20241108_210312_378431608,-0.56069964
20241108_210312_616849479,-0.27078894
20241108_210312_874574483,-0.2509381
20241108_210313_113761018,-0.20969708
20241108_210313_377443409,0.13748349
20241108_210313_618377131,0.4854829
20241108_210313_877143999,0.076928474
20241108_210314_117461916,0.6153512
20241108_210314_372156916,0.31878802
20241108_210314_614413176,0.5266927
20241108_210314_868716302,0.27916446
20241108_210315_115399080,0.76955146
20241108_210315_369127560,0.7105545
20241108_210315_611933795,0.7731467
20241108_210315_861658289,-0.49229905
20241108_210316_118021525,-0.45223695
20241108_210316_367775935,-0.3342859
20241108_210316_610446092,-0.2861411
20241108_210316_860637570,-0.4620522
20241108_210317_108374659,-1.1689693
20241108_210317_368561533,0.4412431
20241108_210317_611076799,0.9855183
20241108_210317_863337872,-0.23268835
20241108_210318_108120746,-0.03159952
20241108_210318_363017479,-0.07714964
20241108_210318_609858748,-0.25351888
20241108_210318_863407121,-0.17078047
20241108_210319_111572302,-0.01752435
20241108_210319_368816858,-0.48117375
20241108_210319_610498032,-0.5420889
20241108_210319_870035643,-1.2153825
20241108_210320_111992953,-0.8117583
20241108_210320_370875575,-0.46774298
20241108_210320_610630639,-0.3385968
20241108_210320_872525160,-0.121077165
20241108_210321_111339959,0.060048327
20241108_210321_366737554,0.026692608
20241108_210321_613744812,-0.06448408
20241108_210321_867968380,-0.0072845425
20241108_210322_120402943,-0.024187526
20241108_210322_368003559,-0.94120306
20241108_210322_610185808,0.26276103
20241108_210322_863508423,0.4251003
20241108_210323_122390999,0.302718
20241108_210323_367219147,0.24290703
20241108_210323_615355576,0.10510085
20241108_210323_867548604,-0.16547404
20241108_210324_114405031,0.07189111
20241108_210324_364775985,0.071510054
20241108_210324_609692456,0.12037287
20241108_210324_864716711,0.09556428
20241108_210325_113224446,0.055559255
20241108_210325_375627698,0.04540459
20241108_210325_610896752,0.0267059
20241108_210325_858407961,0.13570432
20241108_210326_107461307,0.07544813
20241108_210326_363093999,0.03254769
20241108_210326_610962795,0.6574222
20241108_210326_874933351,0.2202036
20241108_210327_116482472,-0.0044763293
20241108_210327_369729088,0.18401124
20241108_210327_613536899,0.64965177
20241108_210327_860537574,0.75596297
20241108_210328_109563252,0.55445814
20241108_210328_363187576,-0.4181398
20241108_210328_610843101,-0.16603324
20241108_210328_863520134,-0.033954598
20241108_210329_112960206,-0.12667276
20241108_210329_364186386,-0.07605793
20241108_210329_613487624,-0.14242662
20241108_210329_863108427,-0.0906078
20241108_210330_114824220,-0.2996014
20241108_210330_364844999,-0.38911206
20241108_210330_608644033,-0.19483334
20241108_210330_864817666,-0.11716034
20241108_210331_110854854,-0.13909458
20241108_210331_365900896,-0.12166741
20241108_210331_607942227,-0.09943643
20241108_210331_862708845,0.070609815
20241108_210332_109026004,0.33505708
20241108_210332_369755008,0.121682994
20241108_210332_615231130,0.13699622
20241108_210332_864452340,0.095829286
20241108_210333_105942774,-0.071192585
20241108_210333_360861119,-0.23201008
20241108_210333_608857812,-0.27055207
20241108_210333_862886825,-0.08894607
20241108_210334_109959262,-0.20586057
20241108_210334_365672811,-0.22196443
20241108_210334_609057595,-0.18116952
20241108_210335_105982290,-0.07498767
20241108_210335_370758036,0.058666676
20241108_210335_614001621,0.02440075
20241108_210335_869566993,0.019013802
20241108_210336_110244753,-0.00024380349
20241108_210336_366442905,0.014198819
20241108_210336_613496732,0.018786887
20241108_210336_865373935,0.19900443
20241108_210337_112672945,0.10426549
20241108_210337_365720160,0.16163512
20241108_210337_616264890,0.12796973
20241108_210337_868199850,0.1299399
20241108_210338_113711360,0.10540826
20241108_210338_368620206,0.081678875
20241108_210338_613513349,-0.1612847
20241108_210338_861943095,-0.3897846
20241108_210339_110198749,-0.07737632
20241108_210339_365380452,-0.062905096
20241108_210339_613200019,-0.070063464
20241108_210339_862690067,-0.94101745
20241108_210340_111718783,-0.13025934
20241108_210340_367090432,-0.014822887
20241108_210340_615242821,0.059842266
20241108_210340_864142482,0.17505433
20241108_210341_111872696,0.19258125
20241108_210341_365292258,0.11457989
20241108_210341_620365176,0.062991776
20241108_210341_866106264,0.059913076
20241108_210342_113837783,0.19896267
20241108_210342_361149771,0.23615436
20241108_210342_610592116,0.12882195
20241108_210342_860869367,-0.09764054
20241108_210343_115072502,0.2074491
20241108_210343_364686394,0.9718905
20241108_210343_619155752,0.45594043
20241108_210343_866711177,0.25522992
20241108_210344_110397196,0.30889282
20241108_210344_366803703,0.5538034
20241108_210344_611755035,0.28507006
20241108_210344_863551445,0.24298666
20241108_210345_364843187,1.6059672
20241108_210345_609902320,-0.243997
20241108_210345_862792784,-0.4892244
20241108_210346_119302423,-0.29877886
20241108_210346_370619171,-0.7883416
20241108_210346_623176327,-0.77919286
20241108_210346_873789495,-1.4876877
20241108_210347_115785684,0.53703
20241108_210347_367168471,0.40503046
20241108_210347_615533678,0.16693394
20241108_210347_864701697,0.29295784
20241108_210348_109922591,0.34819025
20241108_210348_366028776,0.6528155
20241108_210348_610842632,0.027600477
20241108_210348_865291572,0.022626558
20241108_210349_108834529,-0.07890069
20241108_210349_363449537,0.0783552
20241108_210349_612209938,-0.008253833
20241108_210349_867486628,0.11297015
20241108_210350_113083707,0.43512365
20241108_210350_365272156,0.41640535
20241108_210350_613313056,0.101485796
20241108_210350_865110101,0.2112749
20241108_210351_108719452,0.28909004
20241108_210351_363452297,0.17665835
20241108_210351_614033571,0.19403736
20241108_210351_861360473,0.59807205
20241108_210352_110820871,0.37053195
20241108_210352_368173799,0.43515593
20241108_210352_613924311,0.29613563
20241108_210352_866791116,0.2956217
20241108_210353_111763386,0.6924903
20241108_210353_368735590,0.3468609
20241108_210353_616116930,0.31565583
20241108_210353_872069603,0.33419976
20241108_210354_115399461,0.2884611
20241108_210354_366442653,0.46961644
20241108_210354_616192666,0.26719803
20241108_210355_110458274,-0.020611545
20241108_210355_363798650,-1.1186111
20241108_210355_611355188,-0.65573496
20241108_210355_860055941,-0.6326265
20241108_210356_106126996,-0.76555586
20241108_210356_361504436,-0.46922338
20241108_210356_612324953,-0.43046725
20241108_210356_862731381,-0.66401124
20241108_210357_114489643,-0.31280005
20241108_210357_368410415,-0.36297935
20241108_210357_611617359,-0.30974174
20241108_210357_869392580,-0.30727592
20241108_210358_117538217,-0.24586128
20241108_210358_364174417,-0.1900573
20241108_210358_615185169,0.0047519524
20241108_210358_863749071,0.26898128
20241108_210359_362330740,0.2663874
20241108_210359_610947838,0.01159198
20241108_210359_870163312,-0.20989858
20241108_210400_116806342,-0.14734505
20241108_210400_370189463,-0.35878906
20241108_210400_615144230,-0.56596535
20241108_210400_876769395,-0.52086955
20241108_210401_120693294,-1.3160845
20241108_210401_366593220,0.3895218
20241108_210401_617235591,0.0822132
20241108_210401_869099973,-0.87987053
20241108_210402_112601947,0.9825086
20241108_210402_369137800,1.0888503
20241108_210402_615482237,0.37170893
20241108_210402_876079914,-0.18529142
20241108_210403_120141109,-0.014314851
20241108_210403_370681878,0.12221769
20241108_210403_625348294,0.5752422
20241108_210403_872253888,-0.35666427
20241108_210404_127057894,0.09634177
20241108_210404_376048784,0.8768867
20241108_210404_616914174,-0.19671814
20241108_210404_864652819,-0.7037168
20241108_210405_112822230,-0.52684623
20241108_210405_377471645,-0.2963303
20241108_210405_616221978,-0.27693364
20241108_210405_873529180,-0.27091736
20241108_210406_118062465,-0.2222455
20241108_210406_373052517,0.38189137
20241108_210406_617542488,0.12704796
20241108_210406_872248209,0.14566714
20241108_210407_116004997,0.60023904
20241108_210407_370455831,0.9277573
20241108_210407_616347436,1.44162
20241108_210407_863958104,0.3052338
20241108_210408_116995115,1.7934974
20241108_210408_367212052,-0.8789551
20241108_210408_610150247,0.13236153
20241108_210408_871260550,-0.33581707
20241108_210409_117552478,-0.66544074
20241108_210409_365050186,-0.19065882
20241108_210409_612060826,-2.2095916
20241108_210409_865713448,0.9617097
20241108_210410_112852675,-1.4015765
20241108_210410_363984401,-1.1709871
20241108_210410_613766949,-0.6880866
20241108_210410_863727602,-0.52018225
20241108_210411_110011022,-0.033828028
20241108_210411_360675275,-0.40149248
20241108_210411_613608382,-0.9198563
20241108_210411_863996729,0.7742762
20241108_210412_111236769,-0.7221988
20241108_210412_368580273,-0.08635225
20241108_210412_616777289,-0.21058787
20241108_210412_867811536,-0.43615475
20241108_210413_123021444,-1.2084969
20241108_210413_373183086,-0.16272333
20241108_210413_615701518,0.12514575
20241108_210413_871324795,0.13409992
20241108_210414_114613339,0.06862662
20241108_210414_367786943,0.16850509
20241108_210414_610036023,-0.09496554
20241108_210414_862223021,0.30769947
20241108_210415_110040357,0.6424993
20241108_210415_364896090,0.60370517
20241108_210415_612685925,-0.102297716
20241108_210415_865880856,0.4661456
20241108_210416_110067855,0.4597131
20241108_210416_364410164,0.12803976
20241108_210416_608438577,0.0855556
20241108_210416_864021036,0.17586581
20241108_210417_115716399,0.18685304
20241108_210417_374218318,0.16718455
20241108_210417_613858243,0.074920274
20241108_210417_866115015,-0.14919077
20241108_210418_113057876,-0.19731222
20241108_210418_363818913,-0.22254528
20241108_210418_618482173,-0.24616708
20241108_210418_864171506,-0.24283515
20241108_210419_108037540,-0.098619275
20241108_210419_610979537,-0.08649995
20241108_210419_865300429,0.074714266
20241108_210420_109801493,0.017516294
20241108_210420_367439028,0.010975698
20241108_210420_611311579,0.24126203
20241108_210420_870023552,0.1572776
20241108_210421_115641117,0.14996727
20241108_210421_369922607,0.09404198
20241108_210421_617841732,0.02885569
20241108_210421_865325828,0.1286961
20241108_210422_113144633,0.12290727
20241108_210422_369255660,0.16518147
20241108_210422_613947331,0.21115999
20241108_210422_862042674,0.15758462
20241108_210423_110783655,0.16675346
20241108_210423_367716111,0.19838606
20241108_210424_108139078,0.20352711
20241108_210424_365626657,0.20042138
20241108_210424_611407180,0.08653397
20241108_210424_865507665,0.15855055
20241108_210425_107892703,0.18058263
20241108_210425_614233563,0.1433162
20241108_210425_861226818,0.106810875
20241108_210426_110950381,0.1537687
20241108_210426_366433455,0.24651127
20241108_210426_610928357,0.24389203
20241108_210426_861551349,0.28677064
20241108_210427_109364520,0.3147522
20241108_210427_361422075,0.23457591
20241108_210427_608699662,0.22326489
20241108_210427_861025889,0.14661564
20241108_210428_112957185,0.02313892
20241108_210428_362724597,-0.2358153
20241108_210428_609142877,0.05652017
20241108_210428_864812745,0.23669
20241108_210429_111045791,0.2678527
20241108_210429_361788426,1.7200807
20241108_210429_618111813,-0.18198784
20241108_210429_862867434,-0.15140592
20241108_210430_107752187,-0.5478559
20241108_210430_362434415,-0.22222143
20241108_210430_609108345,-0.14469092
20241108_210430_864478251,-0.20684005
20241108_210431_108727013,-0.19191663
20241108_210431_366926153,0.008190462
20241108_210431_615615808,0.0012297798
20241108_210431_866920268,0.13616906
20241108_210432_113337748,0.15478176
20241108_210432_363906597,0.17349885
20241108_210432_613656630,0.467773
20241108_210432_865491951,0.16667221
20241108_210433_109563452,0.1232057
20241108_210433_362180053,0.19028042
20241108_210433_608866165,0.41304135
20241108_210433_865343964,0.31761703
20241108_210434_115652075,0.2747319
20241108_210434_362294962,0.22346644
20241108_210434_614985089,0.37463388
20241108_210434_868467420,0.22582693
20241108_210435_110049541,-0.02785789
20241108_210435_609964957,0.07528026
20241108_210435_868572503,0.067763604
20241108_210436_107417800,0.08697552
20241108_210436_363032194,0.11181218
20241108_210436_618258384,0.049387105
20241108_210436_867196041,0.055519022
20241108_210437_118212362,0.06536082
20241108_210437_364152752,0.063189186
20241108_210437_866870711,0.4242146
20241108_210438_113899475,0.37766728
20241108_210438_364234689,0.16753604
20241108_210438_612310721,0.06718034
20241108_210438_866332002,0.16175677
20241108_210439_115475975,0.09747956
20241108_210439_365940773,0.17105545
20241108_210439_613480886,0.2230851
20241108_210439_862330453,0.1985548
20241108_210440_113216931,0.53297406
20241108_210440_366713708,0.19043972
20241108_210440_617374833,0.3252153
20241108_210440_872286134,0.42732048
20241108_210441_121790271,0.45666665
20241108_210441_373843531,0.23905294
20241108_210441_616007221,0.11461914
20241108_210441_874245526,0.13893376
20241108_210442_118777505,0.15110718
20241108_210442_374450534,0.37982303
20241108_210442_613675263,0.24145378
20241108_210442_868082020,0.20368145
20241108_210443_112583884,0.18563427
20241108_210443_373621694,0.3100924
20241108_210443_614902703,0.11356888
20241108_210443_865504979,0.208165
20241108_210444_111126607,0.15277274
20241108_210444_371225768,0.19416605
20241108_210444_614747045,0.24777733
20241108_210445_115273025,0.23236541
20241108_210445_366784137,0.6564005
20241108_210445_614825630,0.17518692
20241108_210445_868296486,0.114285655
20241108_210446_112007676,-0.13286458
20241108_210446_368900367,0.0057777856
20241108_210446_613297984,0.1250525
20241108_210446_869411088,0.056246914
20241108_210447_115653539,0.011679748
20241108_210447_370527468,0.08295936
20241108_210447_620406946,0.03858269
20241108_210447_873766876,0.030498067
20241108_210448_118027903,-0.00270628
20241108_210448_373675894,0.029140541
20241108_210448_614404124,0.009743074
20241108_210448_862174057,0.12615123
20241108_210449_111627689,0.08992428
20241108_210449_368172196,0.24614666
20241108_210449_610480152,0.16333677
20241108_210449_867495361,0.08082054
20241108_210450_112883302,0.7422626
20241108_210450_369806918,1.9117118
20241108_210450_617232892,-0.2384573
20241108_210450_868627471,-0.5149754
20241108_210451_112877083,-1.1227957
20241108_210451_369522930,0.55766654
20241108_210451_610904176,0.7408651
20241108_210451_869598565,0.7563617
20241108_210452_126105519,0.6198967
20241108_210452_365749838,0.10608444
20241108_210452_614607659,-0.2497064
20241108_210452_877037350,-0.30924144
20241108_210453_118104911,-0.113409184
20241108_210453_373846654,-0.23710085
20241108_210453_620696048,-0.21192242
20241108_210453_878905404,-0.09375671
20241108_210454_121410218,-0.32299888
20241108_210454_371972001,-0.23018198
20241108_210454_620518269,-0.26757643
20241108_210454_868989644,0.062165834
20241108_210455_114113995,0.55116916
20241108_210455_367827901,0.8794419
20241108_210455_613793816,0.1977521
20241108_210455_880504636,-0.033111744
20241108_210456_120972887,-0.32438526
20241108_210456_378106035,-0.23789497
20241108_210456_617339709,-0.7534929
20241108_210456_869564219,-1.090444
20241108_210457_115168467,-0.47527283
20241108_210457_375356985,-0.24176757
20241108_210457_618085126,-0.4464636
20241108_210457_870305463,-0.42615664
20241108_210458_128120460,-1.0495354
20241108_210458_365437660,-0.2150913
20241108_210458_616585663,-0.15560852
20241108_210458_866593559,-0.23626702
20241108_210459_112943328,-0.3234015
20241108_210459_372544441,-0.28054038
20241108_210459_613486417,-0.37141645
20241108_210459_872986151,-0.1418104
20241108_210500_117811429,-0.71772623
20241108_210500_373408712,-1.4630464
20241108_210500_620991113,-0.24372762
20241108_210500_880263420,-0.2620821
20241108_210501_124433045,-0.17399834
20241108_210501_377002706,-0.47080758
20241108_210501_626578500,-0.4849484
20241108_210501_875556949,-1.3386244
20241108_210502_117070455,-1.4769536
20241108_210502_367240303,0.5519201
20241108_210502_617247004,-0.5520432
20241108_210502_866623670,-0.2063808
20241108_210503_112242723,-0.19987485
20241108_210503_365735436,-0.21184559
20241108_210503_612468193,-0.31234828
20241108_210503_871372940,-0.31833836
20241108_210504_118061449,-0.36800432
20241108_210504_373764719,-0.4093174
20241108_210504_619474134,-0.2918442
20241108_210504_870833731,-0.086196266
20241108_210505_118042436,-0.08949079
20241108_210505_368109746,-0.15064819
20241108_210505_614259139,-0.14503755
20241108_210505_869609429,-0.18345349
20241108_210506_123322222,-0.013057014
20241108_210506_373289243,-0.0794306
20241108_210506_613856332,-0.08101287
20241108_210506_864863261,-0.21462853
20241108_210507_113872619,-0.13070764
20241108_210507_366942449,-0.03658762
20241108_210507_621983548,0.04681758
20241108_210507_875281044,-0.069411896
20241108_210508_113550205,0.15335117
20241108_210508_366001445,0.13373624
20241108_210508_614519120,0.086691596
20241108_210508_866714328,0.15789212
20241108_210509_114086212,-0.06703546
20241108_210509_363206181,-0.12044307
20241108_210509_617905851,-0.12690486
20241108_210509_867609385,-0.13694717
20241108_210510_116492623,-0.06353637
20241108_210510_374131794,-0.19590272
20241108_210510_621233943,-0.17233999
20241108_210510_865372230,-0.20410956
20241108_210511_109833226,-0.17736165
20241108_210511_370857572,-0.26329777
20241108_210511_613704250,-0.4434186
20241108_210511_863306927,-0.45425224
20241108_210512_107281752,-0.5173575
20241108_210512_367430564,-0.17459433
20241108_210512_614356308,-0.11902686
20241108_210512_868793268,-0.2565545
20241108_210513_112061279,0.74013835
20241108_210513_365676970,1.1980866
20241108_210513_610585440,1.2359214
20241108_210513_862165843,1.1412352
20241108_210514_108339096,0.3612832
20241108_210514_363716388,0.32037348
20241108_210514_608037229,0.25719693
20241108_210514_866332762,0.21586742
20241108_210515_110220372,0.32077986
20241108_210515_364203617,0.111195184
20241108_210515_613896977,0.003980199
20241108_210515_866460516,-0.14350657
20241108_210516_109409297,-0.17517526
20241108_210516_364944937,0.02911667
20241108_210516_612099693,-0.016491493
20241108_210516_864764583,0.057566352
20241108_210517_109337610,0.057155214
20241108_210517_367742188,0.039142348
20241108_210517_616514076,0.04009763
20241108_210517_875806730,0.16546892
20241108_210518_116897764,0.06566814
20241108_210518_372769644,0.46868005
20241108_210518_621523486,0.88484156
20241108_210518_869316769,0.36741793
20241108_210519_117329454,-0.080122076
20241108_210519_368208532,-0.24344094
20241108_210519_612636534,-0.07532846
20241108_210519_867413466,0.08797018
20241108_210520_109449852,0.27574927
20241108_210520_370421394,0.116212524
20241108_210520_615162485,-0.15138678
20241108_210520_866327099,-0.0751073
20241108_210521_111264401,0.27229425
20241108_210521_378674077,0.17263566
20241108_210521_619708983,0.14844663
20241108_210521_872384940,0.45743534
20241108_210522_122802947,0.16557024
20241108_210522_371639001,0.27420816
20241108_210522_618594584,0.31627077
20241108_210522_866068969,0.22230656
20241108_210523_112133303,0.17576416
20241108_210523_362566147,0.14168514
20241108_210523_617053252,0.0321408
20241108_210523_865879068,0.115356244
20241108_210524_113315003,0.009852627
20241108_210524_367165223,-0.3065777
20241108_210524_615120541,-0.31308362
20241108_210524_869966980,-0.12710913
20241108_210525_116276876,-0.09096288
20241108_210525_373849496,-0.17990415
20241108_210525_619980596,-0.4618609
20241108_210525_879657780,-0.1839221
20241108_210526_123010239,-0.3369123
20241108_210526_394126080,-0.38023922
20241108_210526_619871984,-0.917121
20241108_210526_872265305,-2.1516294
20241108_210527_119529995,0.47920373
20241108_210527_366840205,0.37845302
20241108_210527_621272200,0.32455498
20241108_210527_868819228,0.07960043
20241108_210528_110529632,0.45970896
20241108_210528_369823966,-0.012036195
20241108_210528_617579910,-0.00041552447
20241108_210528_865440519,0.12258915
20241108_210529_112657834,0.1943482
20241108_210529_364577804,0.06359468
20241108_210529_615551947,0.21388309
20241108_210529_865376388,-0.010049483
20241108_210530_113036682,-0.18867953
20241108_210530_361369487,-0.05080279
20241108_210530_628580095,0.2021138
20241108_210530_879928034,0.47923288
20241108_210531_126958301,0.47055998
20241108_210531_374500721,0.558208
20241108_210531_618293885,0.7742107
20241108_210531_877614176,0.49676052
20241108_210532_123896070,0.36063582
20241108_210532_377650574,0.14802854
20241108_210532_624107763,0.1885
20241108_210532_873214304,0.24507748
20241108_210533_123877343,0.098741986
20241108_210533_374976307,0.15894179
20241108_210533_619602774,0.09487722
20241108_210533_867195015,0.13599204
20241108_210534_109253963,0.14707978
20241108_210534_367294396,0.20527391
20241108_210534_866936343,0.14662461
20241108_210535_114061242,0.18378805
20241108_210535_364538876,0.17347638
20241108_210535_616815262,0.14671855
20241108_210535_869422139,0.18206713
20241108_210536_113448844,0.24125145
20241108_210536_374578098,0.49221554
20241108_210536_617514134,0.49907413
20241108_210536_869500051,0.33206734
20241108_210537_112450791,0.40661734
20241108_210537_366209138,1.8411704
20241108_210537_610246276,-0.49332556
20241108_210537_860817741,-0.70857906
20241108_210538_108161575,-1.5894319
20241108_210538_366134208,-0.46872368
20241108_210538_609988027,-0.07494378
20241108_210538_867004917,-0.28726307
20241108_210539_120408622,-0.35520065
20241108_210539_373636713,-0.14338034
20241108_210539_616022590,-0.049184207
20241108_210539_869970007,0.3121678
20241108_210540_117332334,0.12693739
20241108_210540_368839337,0.117398165
20241108_210540_624305342,0.18388242
20241108_210540_873839024,0.3216911
20241108_210541_122043433,-0.11170515
20241108_210541_371779733,-1.7536482
20241108_210541_615594083,0.19451044
20241108_210541_864349217,-0.65844893
20241108_210542_109538961,-0.33484358
20241108_210542_362083148,-0.28637686
20241108_210542_618670054,-0.2844855
20241108_210542_862876847,-0.26669458
20241108_210543_115856307,-0.27707595
20241108_210543_370810971,0.100716166
20241108_210543_617342249,0.2251154
20241108_210543_863558501,0.2799508
20241108_210544_108058776,0.27157477
20241108_210544_366021365,0.097101875
20241108_210544_615985254,-0.15015228
20241108_210544_869081016,-0.68145514
20241108_210545_122865645,-0.8702709
20241108_210545_376602436,-0.35783377
20241108_210545_617053172,-0.07457406
20241108_210545_866133082,-0.42796388
20241108_210546_113521137,-0.46282616
20241108_210546_363795318,-0.27852637
20241108_210546_611030041,-0.2548514
20241108_210546_865827919,-0.0506837
20241108_210547_113326264,-0.21781762
20241108_210547_368254121,-0.28444698
20241108_210547_606112293,-0.8720772
20241108_210547_858225512,-0.24083693
20241108_210548_107465603,-0.25814793
20241108_210548_364692427,-0.22578318
20241108_210548_610047687,0.11700345
20241108_210548_861841984,0.22876514
20241108_210549_107749998,-0.6634024
20241108_210549_363826829,-0.34669277
20241108_210549_610677104,-0.24998803
20241108_210549_863114094,-0.3430172
20241108_210550_360772591,-0.11095509
20241108_210550_611676130,-0.072582886
20241108_210550_861594811,-0.1861536
20241108_210551_111749805,-0.1928236
20241108_210551_364008407,-0.20911212
20241108_210551_607174192,-0.2740548
20241108_210551_860077662,-0.37907326
20241108_210552_106770581,-0.31618997
20241108_210552_367156539,-0.36126354
20241108_210552_861942504,-0.29982755
20241108_210553_106207766,-0.17834713
20241108_210553_359181497,-0.0328478
20241108_210553_608306219,-0.07490327
20241108_210553_859292714,-0.46261546
20241108_210554_110620101,-0.51285666
20241108_210554_358724290,-0.00076420046
20241108_210554_606661492,0.09818027
20241108_210554_859793805,-0.14021893
20241108_210555_113779699,0.004021492
20241108_210555_361872221,0.035089917
20241108_210555_607867697,-0.1249158
20241108_210555_864290627,-0.21444874
20241108_210556_367115937,-0.042194568
20241108_210556_611928743,-0.07590409
20241108_210556_859295845,-0.1942574
20241108_210557_106309851,-0.2334512
20241108_210557_360284962,-0.0410014
20241108_210557_609253260,-0.027572235
20241108_210557_863172668,-0.0195147
20241108_210558_109909037,-0.09430667
20241108_210558_365073752,0.047373027
20241108_210558_609995320,0.009392599
20241108_210558_863033225,0.12475572
20241108_210559_109078063,0.3398533
20241108_210559_359854475,-0.27033395
20241108_210559_614025099,-0.14467807
20241108_210559_860647380,-0.28723946
20241108_210600_108911702,-0.014342209
20241108_210600_361106331,-0.32155898
20241108_210600_616557012,-0.08352424
20241108_210600_867506614,-0.071087584
20241108_210601_114471638,-0.30824998
20241108_210601_367789755,-0.57966834
20241108_210601_612181321,-0.443589
20241108_210601_866179040,0.54447305
20241108_210602_114070153,0.63498425
20241108_210602_368364964,1.7961551
20241108_210602_617429963,-0.3931762
20241108_210602_867742574,-0.22595483
20241108_210603_115890464,-0.17465498
20241108_210603_369173127,-0.11752733
20241108_210603_611119193,0.051647328
20241108_210603_871477535,-0.46890482
20241108_210604_123469910,0.43289605
20241108_210604_373811176,0.9369167
20241108_210604_610683706,0.6371898
20241108_210604_870426454,-0.6455989
20241108_210605_118345548,-0.31671807
20241108_210605_371394322,-0.036206104
20241108_210605_619736305,0.19583657
20241108_210605_872280799,0.40458143
20241108_210606_125412412,0.19351076
20241108_210606_372627050,1.5073912
20241108_210606_618083597,0.06510165
20241108_210606_867628226,0.023600737
20241108_210607_112225702,-0.027195772
20241108_210607_364878668,-0.15660419
20241108_210607_610419177,-0.18687601
20241108_210607_865965623,0.0026196036
20241108_210608_110154308,-0.08204492
20241108_210608_364252070,-0.008744439
20241108_210608_618821453,-0.07684716
20241108_210608_888918783,0.8390149
20241108_210609_133148486,1.0574229
20241108_210609_376004517,0.51923853
20241108_210609_617448982,0.28303573
20241108_210609_866228406,0.23562737
20241108_210610_111871398,0.053023405
20241108_210610_361318785,0.04895059
20241108_210610_608076735,0.09756077
20241108_210610_862812934,0.3329512
20241108_210611_107355205,0.03510145
20241108_210611_359927643,0.059694983
20241108_210611_613533614,-0.08195587
20241108_210611_865846906,-0.050473772
20241108_210612_115359294,0.051283695
20241108_210612_368575231,0.06784389
20241108_210612_618813580,0.063588716
20241108_210612_882047897,0.119076736
20241108_210613_117741353,-0.2844702
20241108_210613_365645144,-0.06941476
20241108_210613_613264824,-0.008689901
20241108_210613_866456445,0.11310624
20241108_210614_112107084,0.06768758
20241108_210614_359792125,0.10509244
20241108_210614_611858996,0.029657284
20241108_210614_868106202,-0.000982007
20241108_210615_111275192,-0.00044580363
20241108_210615_363857351,0.046171345
20241108_210615_611006570,0.08352042
20241108_210615_861322737,0.28084862
20241108_210616_113206746,2.491749
20241108_210616_378869591,1.8550037
20241108_210616_613355635,-0.80971736
20241108_210616_871020064,-0.4042542
20241108_210617_116435117,-0.29673257
20241108_210617_377528947,-0.738658
20241108_210617_633114095,-1.9322027
20241108_210617_881400099,0.24391113
20241108_210618_123596953,-0.13878252
20241108_210618_378599462,-1.2708591
20241108_210618_626603976,-0.7504061
20241108_210618_877554303,-0.6619989
20241108_210619_125799657,-0.9256963
20241108_210619_371201373,-0.14817937
20241108_210619_622762270,-0.14406963
20241108_210619_869318416,-0.38411263
20241108_210620_117714001,-0.5782085
20241108_210620_367035999,-1.438423
20241108_210620_624307248,0.25207844
20241108_210620_871590519,0.68087775
20241108_210621_118088913,1.4799564
20241108_210621_364810748,1.0212908
20241108_210621_618013509,-0.1829534
20241108_210621_875509930,-0.5877626
20241108_210622_119707629,-0.802082
20241108_210622_375505353,-0.9752302
20241108_210622_632438710,-1.0419692
20241108_210622_882239874,0.24078436
20241108_210623_126275020,0.101954974
20241108_210623_377223537,0.20363912
20241108_210623_624365174,0.34727448
20241108_210623_876197760,0.76122224
20241108_210624_120901453,-0.032188676
20241108_210624_384230822,-0.4424456
20241108_210624_627854476,-0.92835397
20241108_210624_876250244,-1.3309206
20241108_210625_119327426,0.6621999
20241108_210625_371498054,1.5604631
20241108_210625_617144073,-0.73908424
20241108_210625_867452831,-0.4563887
20241108_210626_115643457,-1.2300895
20241108_210626_370664586,-0.053120054
20241108_210626_620993486,0.56607604
20241108_210626_868002401,1.0089928
20241108_210627_120908939,0.649476
20241108_210627_371718231,0.6532538
20241108_210627_612988490,0.1107556
20241108_210627_866465613,0.25762224
20241108_210628_113877839,0.27377942
20241108_210628_369118437,0.43632433
20241108_210628_616632226,0.4041103
20241108_210628_878560027,0.083093144
20241108_210629_118638737,0.21913148
20241108_210629_375743065,0.19557016
20241108_210629_617207935,0.22768287
20241108_210629_876444722,1.1947527
20241108_210630_125520644,0.689131
20241108_210630_379393099,0.88842046
20241108_210630_626446348,-0.43573293
20241108_210630_876471912,-0.064576864
20241108_210631_119501491,0.018623149
20241108_210631_368269309,-0.16318102
20241108_210631_614814031,-0.6647958
20241108_210631_870200630,-0.03631338
20241108_210632_368513972,-0.089268945
20241108_210632_613303205,-0.05839529
20241108_210632_873166091,-0.098638795
20241108_210633_371682435,-0.62725323
20241108_210633_612626825,-0.32006228
20241108_210633_868140595,0.0092221815
20241108_210634_114248048,0.0035694633
20241108_210634_367653036,-0.13869251
20241108_210634_615073942,-0.050755583
20241108_210634_872943780,0.012986938
20241108_210635_116477574,0.21201752
20241108_210635_366199235,0.2936027
20241108_210635_618823253,0.023163537
20241108_210635_870303428,0.1067997
20241108_210636_368846593,0.060866155
20241108_210636_612924716,0.14813675
20241108_210636_867035794,0.13851263
20241108_210637_114979681,0.092678376
20241108_210637_364728625,-0.089255475
20241108_210637_613171339,-0.16421433
20241108_210638_125031107,-0.07842489
20241108_210638_372063984,-0.001446953
20241108_210638_622390259,-0.03031834
20241108_210638_876489479,0.02752013
20241108_210639_117316780,0.23673435
20241108_210639_369813712,0.12979065
20241108_210639_612797678,0.07636557
20241108_210639_868572130,0.09443582
20241108_210640_116081364,0.058261193
20241108_210640_374781255,0.024964968
20241108_210640_613950339,0.0023845825
20241108_210640_872220728,-0.17785238
20241108_210641_113947528,-0.22969075
20241108_210641_369790329,-0.13243137
20241108_210641_865406310,-0.056502186
20241108_210642_365105439,0.047274955
20241108_210642_874751843,-0.079203
20241108_210643_124198199,-0.71477133
20241108_210643_376021649,-0.33927712
20241108_210643_618006564,-0.3377308
20241108_210643_872504087,0.10441152
20241108_210644_118648421,0.04981
20241108_210644_378623618,0.073142655
20241108_210644_624202552,0.3362669
20241108_210644_886180962,0.110626765
20241108_210645_129325202,0.06491522
20241108_210645_381342359,0.08662785
20241108_210645_628033805,-1.2717191
20241108_210645_884560956,-0.34069833
20241108_210646_130641047,-0.47202748
20241108_210646_378816301,0.044888593
20241108_210646_623806042,0.06953053
20241108_210646_870971728,0.31857428
20241108_210647_117097791,0.2643501
20241108_210647_370590502,0.11492262
20241108_210647_621773958,0.11767683
20241108_210647_881112833,0.08188624
20241108_210648_116250328,-0.07850476
20241108_210648_370581780,-0.14611508
20241108_210648_618215799,0.023953239
20241108_210648_867267562,0.6146209
20241108_210649_113241587,0.24360462
20241108_210649_363578364,0.24619116
20241108_210649_612019108,0.28165725
20241108_210649_866145581,0.38264865
20241108_210650_111130928,0.24645059
20241108_210650_362175065,0.2795676
20241108_210650_607831954,0.30845672
20241108_210650_860251193,0.18566374
20241108_210651_111247679,0.099191315
20241108_210651_365657869,0.082254566
20241108_210651_618108185,-0.08397838
20241108_210651_869248089,-0.08357894
20241108_210652_108933994,-0.18518363
20241108_210652_363064174,-0.029034039
20241108_210652_613283838,-0.229566
20241108_210652_861847141,-0.21939285
20241108_210653_110616792,-0.5426109
20241108_210653_363169899,-0.9177587
20241108_210653_613519860,-0.5874497
20241108_210653_864957266,-0.17091244
20241108_210654_106870965,0.06880855
20241108_210654_360006622,0.015661577
20241108_210654_607466083,0.124209486
20241108_210654_863119193,0.00824813
20241108_210655_358413161,-8.537434e-05
20241108_210655_607630220,0.12003825
20241108_210655_864758942,0.113876276
20241108_210656_109510774,0.046887435
20241108_210656_359991561,0.060733236
20241108_210656_604874334,0.07306198
20241108_210656_858015219,0.23574708
20241108_210657_106001451,0.34761354
20241108_210657_359508213,0.35526076
20241108_210657_603394454,0.17083396
20241108_210657_859384029,-0.064658664
20241108_210658_107799263,-0.25663647
20241108_210658_359327733,-0.23072828
20241108_210658_608283334,0.037464596
20241108_210658_859665180,-0.09477576
20241108_210659_109691644,-0.09779861
20241108_210659_363022396,-0.46692488
20241108_210659_607895093,-0.19779293
20241108_210659_859411672,-0.17009951
20241108_210700_108610709,-1.7942519
20241108_210700_361868049,-0.06574022
20241108_210700_608647445,-0.27417567
20241108_210700_864374548,-0.27596933
20241108_210701_110905248,-0.5368452
20241108_210701_364173809,0.62292975
20241108_210701_615040155,0.41908425
20241108_210701_862793195,0.087455496
20241108_210702_109556866,0.0999125
20241108_210702_361860024,0.26297775
20241108_210702_610773810,0.79391783
20241108_210702_862719419,0.4223483
20241108_210703_107770777,0.31387046
20241108_210703_363637192,0.48637536
20241108_210703_610349294,0.3067224
20241108_210703_868408748,0.47083217
20241108_210704_114408677,0.5457197
20241108_210704_366210954,0.43393174
20241108_210704_614331109,0.42647237
20241108_210704_864591034,0.12714814
20241108_210705_111286676,0.18829904
20241108_210705_367104868,0.5336209
20241108_210705_623223602,-0.30889612
20241108_210705_875824216,0.12971038
20241108_210706_120288287,0.33625317
20241108_210706_372672017,0.3615489
20241108_210706_615495455,0.8895052
20241108_210706_865760463,1.3186208
20241108_210707_112622764,1.5891896
20241108_210707_364280881,2.0578218
20241108_210707_611507315,-0.400556
20241108_210707_866472409,-0.3048276
20241108_210708_109793937,-0.052736927
20241108_210708_361448474,0.24316148
20241108_210708_608015108,-0.004247384
20241108_210708_859810153,-0.43518943
20241108_210709_108107027,-1.2845966
20241108_210709_362075479,-1.2602967
20241108_210709_613208964,-0.6311174
20241108_210709_867947310,-0.5014871
20241108_210710_116073166,-0.12446535
20241108_210710_367890338,-0.054157987
20241108_210710_609865922,-0.21768098
20241108_210710_866503824,-0.54654324
20241108_210711_106086209,-0.48046696
20241108_210711_359370825,0.44851947
20241108_210711_610042339,-0.059357725
20241108_210711_861249241,-0.08390977
20241108_210712_108660566,-0.1345457
20241108_210712_360980459,-0.48501134
20241108_210712_610233097,-0.21968047
20241108_210712_857689632,-0.20103128
20241108_210713_359755174,-0.23184036
20241108_210713_603361798,-0.16358544
20241108_210713_855672160,-0.055075847
20241108_210714_103843373,-0.20228334
20241108_210714_355014649,-0.25078836
20241108_210714_604270566,-0.11560687
20241108_210714_858265144,-0.23301621
20241108_210715_105115684,-0.21784814
20241108_210715_359260259,-0.14359505
20241108_210715_604364809,-0.132163
20241108_210715_860452402,-0.024733504
20241108_210716_105142405,-0.41393316
20241108_210716_360279837,-0.14516817
20241108_210716_608671583,-0.077241026
20241108_210716_862707071,0.16349337
20241108_210717_112411375,0.22201113
20241108_210717_364930387,0.2859894
20241108_210717_611693417,0.34880984
20241108_210717_864079341,0.56074035
20241108_210718_108852719,0.46733424
20241108_210718_359024911,0.030350724
20241108_210718_606294652,0.21737893
20241108_210718_861178401,0.42743084
20241108_210719_106503382,0.40916163
20241108_210719_361095431,0.25679106
20241108_210719_609618407,0.3328876
20241108_210719_867763674,0.020835022
20241108_210720_107778330,-0.37602308
20241108_210720_363399224,-0.008023193
20241108_210720_605940817,0.0185738
20241108_210720_855529444,0.21284409
20241108_210721_103781449,0.24024276
20241108_210721_358853456,0.29435864
20241108_210721_604895056,-0.06965532
20241108_210721_858505998,-0.42087838
20241108_210722_110781980,0.032227173
20241108_210722_361471659,0.044051386
20241108_210722_607022822,0.22042449
20241108_210722_859128325,0.1691988
20241108_210723_102457533,0.093180634
20241108_210723_355533046,0.10510827
20241108_210723_604579512,0.16099693
20241108_210723_858331229,0.12036232
20241108_210724_357764980,0.096384175
20241108_210724_609113229,0.27948347
20241108_210724_857518958,0.25477326
20241108_210725_106640655,0.5073104
20241108_210725_358684681,0.1155617
20241108_210725_606756931,-0.2125345
20241108_210725_858392271,0.0041866098
20241108_210726_358587201,0.11957983
20241108_210726_605396620,0.27821502
20241108_210726_858295913,0.17435838
20241108_210727_102329424,-0.01240336
20241108_210727_358279237,0.098933645
20241108_210727_603306443,0.06759734
20241108_210727_861742510,0.087347426
20241108_210728_106662897,0.1138911
20241108_210728_361036775,0.042902447
20241108_210728_607825254,0.05358202
20241108_210728_870182374,0.27534553
20241108_210729_113674448,0.40622428
20241108_210729_362713155,1.0970148
20241108_210729_606231758,-0.08999177
20241108_210729_867173198,-0.9994231
20241108_210730_109092237,-0.61157453
20241108_210730_359943117,-0.32014313
20241108_210730_609825238,-0.09237196
20241108_210730_858568768,0.15610777
20241108_210731_106529587,0.1147672
20241108_210731_360466294,0.15690751
20241108_210731_606084127,-0.016407331
20241108_210731_866014753,0.19446632
20241108_210732_107763899,0.24078329
20241108_210732_358897151,0.8911756
20241108_210732_605896642,-0.14233184
20241108_210732_858074010,-0.11290177
20241108_210733_107087525,-0.7325138
20241108_210733_359898895,-0.9838801
20241108_210733_608106971,-0.6530178
20241108_210733_858677716,-0.50727904
20241108_210734_106897646,-0.4426753
20241108_210734_362012464,-1.0548834
20241108_210734_605215567,0.68872327
20241108_210734_861050883,0.45414758
20241108_210735_104488571,0.66930956
20241108_210735_358777987,0.9416956
20241108_210735_604738000,0.69935864
20241108_210735_859021872,0.6503182
20241108_210736_105459899,0.6641305
20241108_210736_360611496,0.35108414
20241108_210736_608793647,-0.37786424
20241108_210736_861675875,-0.39708585
20241108_210737_114537356,-0.31186977
20241108_210737_365804340,-0.20124014
20241108_210737_609242590,0.050306916
20241108_210737_865517560,0.26707008
20241108_210738_111074177,0.0068003926
20241108_210738_365513366,-0.69148934
20241108_210738_611352884,-0.39306322
20241108_210738_864019979,-0.4121447
20241108_210739_110030243,-0.5903395
20241108_210739_361900954,-0.53213006
20241108_210739_607805119,-0.49351677
20241108_210739_863161628,-0.5400654
20241108_210740_109090410,-0.17058869
20241108_210740_365816759,-0.10464283
20241108_210740_609641416,-0.18593784
20241108_210740_861181758,-0.3264955
20241108_210741_110582297,-1.075795
20241108_210741_362035165,-0.037712283
20241108_210741_621608178,-0.079359405
20241108_210741_870310062,-0.010416409
20241108_210742_114991800,-0.016992768
20241108_210742_362837053,0.031287827
20241108_210742_610511151,-0.055763505
20241108_210742_864657496,-0.17009206
20241108_210743_106635873,-0.12413501
20241108_210743_362496159,-0.153089
20241108_210743_608068298,-0.1301469
20241108_210743_859387436,-0.37237483
20241108_210744_107565860,-0.1759619
20241108_210744_361329984,-0.15355434
20241108_210744_610941791,-0.17950349
20241108_210744_860857223,0.024404151
20241108_210745_108929015,0.23733236
20241108_210745_366159434,1.1083564
20241108_210745_612654920,0.20807363
20241108_210745_864565839,0.2297041
20241108_210746_109138683,0.031130353
20241108_210746_364446599,0.32019308
20241108_210746_608147320,-0.11452498
20241108_210746_861110654,-0.10970601
20241108_210747_109590582,-0.07455053
20241108_210747_362098074,-0.7198114
20241108_210747_608428104,-0.44774696
20241108_210747_859862131,0.033797793
20241108_210748_109236765,0.39570263
20241108_210748_366063802,0.139342
20241108_210748_610573161,0.030696372
20241108_210748_867656803,0.0012301002
20241108_210749_107564096,0.04792074
20241108_210749_359902819,0.04530499
20241108_210749_605960111,-0.28547114
20241108_210749_861543983,-0.14295144
20241108_210750_359908632,-0.11250319
20241108_210750_608136042,0.383897
20241108_210750_863550790,1.2857907
20241108_210751_108368675,0.091208495
20241108_210751_365388430,0.06398604
20241108_210751_612007652,0.33742908
20241108_210751_865422404,0.27380338
20241108_210752_105020395,0.19183306
20241108_210752_361259058,0.15810342
20241108_210752_606735773,0.29124746
20241108_210752_861372603,0.25402683
20241108_210753_104819184,0.21349715
20241108_210753_369985807,0.24158137
20241108_210753_606656206,0.23030324
20241108_210753_859155829,0.31965986
20241108_210754_108382250,-0.06653919
20241108_210754_367561957,0.06275991
20241108_210754_614777193,0.1017826
20241108_210754_870238520,-0.1322905
20241108_210755_111666164,-0.11374091
20241108_210755_366013351,0.17622672
20241108_210755_606246891,0.16203137
20241108_210755_860127624,0.1237169
20241108_210756_105811447,0.22139783
20241108_210756_362085438,0.19688298
20241108_210756_608475429,0.12724797
20241108_210756_863659479,0.19426803
20241108_210757_110733553,0.17501326
20241108_210757_605686480,0.13293697
20241108_210757_859599323,0.29933533
20241108_210758_113601642,0.28964588
20241108_210758_364411304,0.07211343
20241108_210758_612665887,0.025986115
20241108_210758_863192744,0.0074496064
20241108_210759_361148986,0.07232038
20241108_210759_610791709,0.03591893
20241108_210759_861746032,0.031117896
20241108_210800_106671650,-0.22533496
20241108_210800_364279068,0.055917464
20241108_210800_609879309,1.3163867
20241108_210800_860357247,-0.14416268
20241108_210801_106705066,-0.6658061
20241108_210801_362739669,-1.8428319
20241108_210801_609084496,0.7093289
20241108_210801_866426043,0.26986408
20241108_210802_114963528,0.30456144
20241108_210802_363460971,0.78938514
20241108_210802_608192645,1.3879627
20241108_210802_862085031,0.8521621
20241108_210803_109189325,0.75351065
20241108_210803_368432480,0.25369984
20241108_210803_615526937,-0.17311694
20241108_210803_873011073,-2.0092072
20241108_210804_114796715,-0.035010464
20241108_210804_366200840,0.2842675
20241108_210804_614389067,0.7414654
20241108_210804_868712180,1.7526007
20241108_210805_117308657,-0.2616293
20241108_210805_375415272,-0.16569862
20241108_210805_619813057,0.04016743
20241108_210805_871315131,0.024997426
20241108_210806_111853993,-0.085468814
20241108_210806_362861136,0.05904845
20241108_210806_609217219,0.26003414
20241108_210806_866400381,-0.09768107
20241108_210807_112033539,-0.05388525
20241108_210807_364283995,-0.13892616
20241108_210807_611067026,0.55197406
20241108_210807_868166186,0.43443415
20241108_210808_108232497,0.4996197
20241108_210808_368486903,0.5727555
20241108_210808_612444870,0.361356
20241108_210808_866625527,0.051983275
20241108_210809_112336770,-0.16856553
20241108_210809_362388874,-0.08312263
20241108_210809_606947693,-0.09286674
20241108_210809_860088454,-0.11894824
20241108_210810_106523261,0.49000403
20241108_210810_359531210,0.50252885
20241108_210810_608747977,0.07811896
20241108_210810_862856246,-0.28316668
20241108_210811_110414014,0.12529649
20241108_210811_360590564,0.1654362
20241108_210811_607694624,0.12939258
20241108_210811_862718599,0.21089862
20241108_210812_107982182,0.092112936
20241108_210812_362008500,0.14257525
20241108_210812_608592732,0.08881799
20241108_210812_864949146,0.027287105
20241108_210813_109707463,0.5421128
20241108_210813_358664595,0.9818093
20241108_210813_622132201,-0.17421879
20241108_210813_868244430,-0.82536906
20241108_210814_111889653,-0.65262806
20241108_210814_362118028,-0.7450384
20241108_210814_610538862,-0.8415618
20241108_210814_860991484,-0.21882768
20241108_210815_106816674,0.66448313
20241108_210815_363341936,0.42485318
20241108_210815_609324164,0.12718533
20241108_210815_868124269,0.09437881
20241108_210816_116547053,0.24381216
20241108_210816_365066775,0.18400632
20241108_210816_606855276,0.21430431
20241108_210816_859232962,0.21803801
20241108_210817_109158644,0.06474338
20241108_210817_362608028,-0.22373055
20241108_210817_608352184,-0.03422048
20241108_210817_863017746,-0.0860384
20241108_210818_112883963,-0.089069866
20241108_210818_364088037,-0.17388524
20241108_210818_610262907,-0.17296483
20241108_210818_861840057,-0.04884418
20241108_210819_358053340,-0.16150363
20241108_210819_607564873,-0.059840612
20241108_210819_860277953,-0.06833633
20241108_210820_104998063,-0.11388912
20241108_210820_358509396,-0.09648981
20241108_210820_607799196,0.116569825
20241108_210820_857855441,-0.90970373
20241108_210821_107419359,-0.9732497
20241108_210821_360967047,-0.72037745
20241108_210821_607355463,-0.69369394
20241108_210821_862740681,-0.36409774
20241108_210822_105814432,-0.124281175
20241108_210822_360630898,-0.06394341
20241108_210822_606897590,0.0017544422
20241108_210822_859915090,0.19876115
20241108_210823_105589776,0.20793104
20241108_210823_357382852,-0.15118505
20241108_210823_611165279,0.242487
20241108_210823_862883741,-0.001728652
20241108_210824_108061948,0.041536428
20241108_210824_360922307,-0.08380278
20241108_210825_103076452,0.015858153
20241108_210825_358988103,-0.31711861
20241108_210825_605647894,-0.26334608
20241108_210825_858348810,-1.2664168
20241108_210826_104503428,-1.0391082
20241108_210826_359244024,-0.17661451
20241108_210826_607586076,-0.17419611
20241108_210826_860149132,-0.39061198
20241108_210827_106998037,-0.28242975
20241108_210827_359496458,-0.11261078
20241108_210827_853847590,-0.2042631
20241108_210828_102907019,-0.15183993
20241108_210828_361745727,-0.012836532
20241108_210828_612395050,-0.056655608
20241108_210828_859409007,-0.092077814
20241108_210829_358801677,-0.1829486
20241108_210829_606481290,-0.4621858
20241108_210829_863416450,-0.22259404
20241108_210830_360234789,-0.028402945
20241108_210830_605324565,0.2077287
20241108_210830_859908486,0.1402795
20241108_210831_106350402,0.57286364
20241108_210831_360870442,0.26115233
20241108_210831_607753907,0.11469362
20241108_210831_861016970,0.4209017
20241108_210832_104416489,0.17016709
20241108_210832_354746672,0.005210081
20241108_210833_100671008,0.0936561
20241108_210833_352509778,0.31401807
20241108_210833_601059108,0.32905275
20241108_210833_853752460,0.19110708
20241108_210834_105417467,0.25341776
20241108_210834_361059897,0.07894341
20241108_210834_610606044,-0.21288402
20241108_210834_854105951,-0.11960628
20241108_210835_101130785,-0.11836942
20241108_210835_353390058,0.19567539
20241108_210835_602341237,0.098510064
20241108_210835_856883045,-0.24653365
20241108_210836_108096126,-0.0791335
20241108_210836_359475197,0.056065597
20241108_210836_601770720,0.045026876
20241108_210836_852842483,-0.15744893
20241108_210837_100741303,-0.13274212
20241108_210837_353524992,-0.3130553
20241108_210837_603203465,-0.43266425
20241108_210837_854754050,-0.52556956
20241108_210838_102484069,-0.22113551
20241108_210838_354742433,-0.20863123
20241108_210838_612422148,-0.226083
20241108_210838_864855917,-0.2127666
20241108_210839_107635362,-0.26418525
20241108_210839_365778561,-0.36547998
20241108_210839_613301573,-0.19845404
20241108_210839_863121793,-0.22184308
20241108_210840_110250280,-0.07087954
20241108_210840_360021965,0.016428182
20241108_210840_858549784,-0.002144834
20241108_210841_105604506,-0.022085568
20241108_210841_357862272,-0.09145393
20241108_210842_357656564,-0.25485316
20241108_210842_603811328,-0.22107731
20241108_210842_860247970,-0.30445346
20241108_210843_104669175,-0.32095882
20241108_210843_358254055,-0.50523823
20241108_210843_607654916,-0.3218536
20241108_210843_862531849,-0.8977891
20241108_210844_109589613,-2.0072951
20241108_210844_373242672,0.43818685
20241108_210844_632563420,0.31226996
20241108_210844_869489298,0.16329394
20241108_210845_108996361,0.17601572
20241108_210845_365033896,0.08398024
20241108_210845_610731234,-0.29365814
20241108_210845_858938597,-0.10615679
20241108_210846_107420903,-0.09504809
20241108_210846_365476643,-0.13622998
20241108_210846_614217971,-0.09695571
20241108_210846_861517265,-0.3415053
20241108_210847_107330888,-0.20068444
20241108_210847_359762173,-0.18563311
20241108_210847_614449955,-0.19915693
20241108_210847_866506290,-0.35874364
20241108_210848_108617009,-0.09341919
20241108_210848_360047505,-0.1403939
20241108_210848_604982908,-0.18856429
20241108_210848_861936880,-0.11651199
20241108_210849_105298075,-0.23093651
20241108_210849_357961050,-0.23485647
20241108_210849_606395299,-0.15300305
20241108_210849_857742471,-0.22580887
20241108_210850_105146683,-0.1813391
20241108_210850_358828833,-0.095438145
20241108_210850_607078654,-0.075348996
20241108_210850_862034174,-0.12639911
20241108_210851_106435722,-0.115658246
20241108_210851_360511077,-0.09635445
20241108_210851_607939724,0.7714848
20241108_210851_864010343,0.161445
20241108_210852_108662949,0.21649282
20241108_210852_362230098,0.2798744
20241108_210852_605604731,0.34848407
20241108_210852_860922738,0.036686815
20241108_210853_112876766,-0.14773114
20241108_210853_380296319,-0.76268023
20241108_210853_625812276,-0.45083666
20241108_210853_870989539,-0.498818
20241108_210854_107406745,0.115076475
20241108_210854_366881900,-0.052730344
20241108_210854_620062212,0.05897949
20241108_210854_872811021,0.3006398
20241108_210855_114170371,0.44878635
20241108_210855_363886997,0.3438368
20241108_210855_612479283,0.18106999
20241108_210855_860998027,0.19466664
20241108_210856_105041321,-0.05454894
20241108_210856_358187072,-0.22846945
20241108_210856_605170645,-0.01769807
20241108_210856_856810753,-0.030436656
20241108_210857_108173227,-0.029589018
20241108_210857_360950212,-0.053547643
20241108_210857_606304697,-0.25386274
20241108_210857_862031675,-0.51595294
20241108_210858_106908612,-0.47574705
20241108_210858_358145297,0.38983062
20241108_210858_610758056,0.6627458
20241108_210858_861970605,-0.56136274
20241108_210859_107518047,-0.22459163
20241108_210859_360851731,0.15803531
20241108_210859_604856209,0.06741425
20241108_210859_864498495,0.045555517
20241108_210900_112155234,0.0062840376
20241108_210900_360084481,-0.1853696
20241108_210900_606393210,0.050603665
20241108_210900_859785114,0.077015646
20241108_210901_106342181,0.017653683
20241108_210901_363201993,-0.014661929
20241108_210901_607342445,-0.06146177
20241108_210901_865058730,-0.16689749
20241108_210902_107297652,-0.22106962
20241108_210902_357660528,-0.036947273
20241108_210902_605330154,-0.07609954
20241108_210902_856477682,-0.05320444
20241108_210903_103760997,-0.05128219
20241108_210903_359404510,-0.4622285
20241108_210903_611362468,0.34719142
20241108_210903_864935259,-0.25665483
20241108_210904_110505177,-0.14032401
20241108_210904_368306391,0.0037489925
20241108_210904_615402726,0.44021097
20241108_210904_866418256,1.339964
20241108_210905_115380641,1.0886768
20241108_210905_365401751,-0.43539602
20241108_210905_613682725,-0.18836176
20241108_210905_865898202,0.0146137085
20241108_210906_109246812,-0.10085653
20241108_210906_365373137,-0.27091998
20241108_210906_614562150,-0.17771901
20241108_210906_865859831,-0.44447556
20241108_210907_109546496,-0.41680393
20241108_210907_361040253,-0.16463043
20241108_210907_606075335,-0.23730381
20241108_210907_858068485,-0.2844574
20241108_210908_104186311,-0.04158975
20241108_210908_356109661,-0.3139489
20241108_210908_606479169,-0.48102134
20241108_210908_858056335,-1.4694778
20241108_210909_104586262,-0.49655166
20241108_210909_358290884,-0.5767342
20241108_210909_606855124,-0.45423183
20241108_210909_863102691,-0.44009903
20241108_210910_361406283,0.20895882
20241108_210910_613842214,0.30514297
20241108_210910_862634449,1.3885102
20241108_210911_108071615,2.0841234
20241108_210911_360791780,-0.4321451
20241108_210911_608225276,-0.75099653
20241108_210911_858496425,-0.18044841
20241108_210912_108219148,-0.27010083
20241108_210912_357593167,-0.32915053
20241108_210912_602621855,-0.028892187
20241108_210912_857697614,-0.03042231
20241108_210913_101448850,-0.16776426
20241108_210913_358325380,0.082187414
20241108_210913_607656179,-0.25531653
20241108_210913_858032063,-0.39010906
20241108_210914_103658834,-0.16497205
20241108_210914_356800492,-0.2428822
20241108_210914_855823074,-0.18682463
20241108_210915_103818454,-0.95458204
20241108_210915_360789918,-1.780732
20241108_210915_607029676,-0.8661989
20241108_210915_856370055,-0.5535945
20241108_210916_104611556,-0.51387715
20241108_210916_357500594,-0.43124464
20241108_210916_605039563,-0.31426245
20241108_210916_856758948,-0.5764689
20241108_210917_104546450,-0.5848435
20241108_210917_354596743,-0.4804921
20241108_210917_600646027,-0.4633443
20241108_210917_860221647,-0.47236288
20241108_210918_104007984,-0.49642
20241108_210918_356579043,-0.43667048
20241108_210918_606374595,-0.4169295
20241108_210918_857625393,-0.044993244
20241108_210919_103608813,0.21646015
20241108_210919_357044554,0.38854763
20241108_210919_604662536,0.27687708
20241108_210919_855525461,0.2427385
20241108_210920_105958783,0.4657781
20241108_210920_360014062,0.56480604
20241108_210920_604801879,-0.50757605
20241108_210920_855601450,-0.8048984
20241108_210921_106839895,-0.45818022
20241108_210921_355884766,-0.5741843
20241108_210921_599542242,-0.5609257
20241108_210921_856856383,0.69589907
20241108_210922_114125665,0.009832965
20241108_210922_364062575,0.36146122
20241108_210922_608235489,-0.4734993
20241108_210922_860510472,-0.631329
20241108_210923_102240913,-0.010932824
20241108_210923_353950473,0.5335986
20241108_210923_603418862,0.13075279
20241108_210923_857015505,-0.030234834
20241108_210924_101018045,0.10595701
20241108_210924_352499169,0.16224281
20241108_210924_601486223,0.20446144
20241108_210924_852566112,0.14673723
20241108_210925_104574997,0.15880047
20241108_210925_360007693,0.14953776
20241108_210925_605981126,0.31707987
20241108_210925_859431393,0.769005
20241108_210926_103727008,0.3429422
20241108_210926_357067906,0.24972849
20241108_210926_600751175,0.32133463
20241108_210926_854788870,0.27770182
20241108_210927_101264970,0.09671081
20241108_210927_359062770,-0.20741616
20241108_210927_606638593,0.22986533
20241108_210927_863025257,-0.022154829
20241108_210928_105364822,-0.21488751
20241108_210928_358794049,-0.27425656
20241108_210928_604940033,-1.1131963
20241108_210928_857719468,-0.34679112
20241108_210929_106350753,-0.117805056
20241108_210929_357292885,-0.1302764
20241108_210929_604226708,0.041655637
20241108_210929_857317547,-0.043631427
20241108_210930_106394603,-0.0894522
20241108_210930_356606916,-0.034650497
20241108_210930_606028055,0.111594
20241108_210930_863605274,0.1095349
20241108_210931_110482871,0.086011924
20241108_210931_357876747,0.18646707
20241108_210931_606766308,0.28668952
20241108_210931_859900990,0.19272502
20241108_210932_104771002,0.04354269
20241108_210932_359027843,0.05000589
20241108_210932_858927932,-0.044303022
20241108_210933_103160213,-0.03929957
20241108_210933_354719004,0.090034224
20241108_210933_600711255,0.8472976
20241108_210933_854048764,0.18433248
20241108_210934_102039087,0.87050223
20241108_210934_359789522,0.44277748
20241108_210934_605120577,0.39948615
20241108_210934_856428255,-0.06583103
20241108_210935_101906375,-0.075290196
20241108_210935_356391166,-0.30296367
20241108_210935_603455439,-0.11770641
20241108_210935_854762953,-0.29707685
20241108_210936_102688499,-0.11271872
20241108_210936_353491032,-0.13139342
20241108_210936_603038160,-0.17340444
20241108_210936_855927496,-0.1627797
20241108_210937_104119323,-0.16369237
20241108_210937_354514993,-0.18221597
20241108_210937_601475124,-0.42444035
20241108_210937_860377498,-0.89815557
20241108_210938_112328585,-0.16547553
20241108_210938_362029534,-0.5194372
20241108_210938_605375809,-0.401534
20241108_210938_856186475,-0.2716336
20241108_210939_105132547,-0.50357854
20241108_210939_359576548,-0.0026410427
20241108_210939_607388198,0.2574492
20241108_210939_859900387,0.57707936
20241108_210940_105793193,0.32514262
20241108_210940_357270939,0.615866
20241108_210940_604672776,0.583011
20241108_210940_856505782,0.47052658
20241108_210941_101592922,0.6270192
20241108_210941_355657810,0.73155755
20241108_210941_608444294,-0.060961775
20241108_210941_860786677,-0.16897474
20241108_210942_105774982,-0.062276147
20241108_210942_354641278,-0.17593326
20241108_210942_601874304,0.058992483
20241108_210942_854024407,0.03033773
20241108_210943_101017785,-0.1880302
20241108_210943_355658097,-1.0683054
20241108_210943_603154442,-0.98286176
20241108_210943_857917697,-0.52025133
20241108_210944_105270446,0.07819677
20241108_210944_358792231,0.4545828
20241108_210944_613147501,0.17035703
20241108_210944_857045008,0.13925014
20241108_210945_107178881,0.1414942
20241108_210945_358099508,0.13705982
20241108_210945_607192224,0.4959052
20241108_210945_859507920,0.453666
20241108_210946_107224748,0.102880694
20241108_210946_357126667,0.086099334
20241108_210946_603067879,-0.06782698
20241108_210946_856287636,-0.08547559
20241108_210947_102361694,-0.60979
20241108_210947_355757182,-0.5134941
20241108_210947_602688590,-0.50576067
20241108_210947_856368103,-0.5255885
20241108_210948_102353904,-0.24882399
20241108_210948_603518768,-0.16373397
20241108_210948_853734587,-0.0004104469
20241108_210949_100584185,0.07989855
20241108_210949_357924771,0.28744012
20241108_210949_607087265,0.59144783
20241108_210949_855409781,1.4252186
20241108_210950_108139414,0.3241473
20241108_210950_363022903,-0.5439521
20241108_210950_613911546,-0.4069241
20241108_210950_861302036,-0.07935508
20241108_210951_112508525,-0.27268258
20241108_210951_369270838,0.038545586
20241108_210951_609934227,-0.043799184
20241108_210951_861411051,-0.36253273
20241108_210952_106589323,-0.06897319
20241108_210952_357398098,-0.04349657
20241108_210952_607993235,-0.2666656
20241108_210952_857926560,-0.25757772
20241108_210953_106534954,-0.2922833
20241108_210953_604581169,-0.5047721
20241108_210953_853509380,-0.23450468
20241108_210954_354079869,-0.2117485
20241108_210954_604081263,-0.209215
20241108_210955_100557934,-0.18617924
20241108_210955_352183556,-0.1512882
20241108_210955_606526982,-0.0925801
20241108_210955_859974830,-0.071546875
20241108_210956_110544327,-0.043673776
20241108_210956_359536453,-0.08466258
20241108_210956_615081656,0.15494515
20241108_210956_859568620,-0.077886425
20241108_210957_102859863,-0.060240768
20241108_210957_359413284,-0.044339024
20241108_210957_605990524,-0.074559115
20241108_210957_857016045,-0.09839287
20241108_210958_102255953,0.0013495479
20241108_210958_353924911,-0.09216698
20241108_210958_603118891,0.008995274
20241108_210958_860598896,-0.06013342
20241108_210959_107456795,-0.0653533
20241108_210959_358609166,-0.20993097
20241108_210959_606974755,-0.39961615
20241108_210959_858832034,-0.47470722
20241108_211000_104562928,-0.799512
20241108_211000_358448065,-0.1360135
20241108_211000_608965279,-0.15742053
20241108_211000_861632646,-0.24838896
20241108_211001_105301452,-0.22128038
20241108_211001_358378056,-0.1958852
20241108_211001_608377573,-0.09183298
20241108_211001_864533374,-0.8721024
20241108_211002_111852340,-0.75366646
20241108_211002_364871910,-1.7119857
20241108_211002_605987938,0.00815163
20241108_211002_861725426,0.20294732
20241108_211003_109591688,0.30067396
20241108_211003_363789274,0.1915466
20241108_211003_611001359,-0.07557287
20241108_211003_861676863,0.23020385
20241108_211004_107044612,0.23946236
20241108_211004_358012536,0.24473082
20241108_211004_611557956,1.0513641
20241108_211004_866192445,0.009741595
20241108_211005_117567962,0.216292
20241108_211005_364144109,0.16842283
20241108_211005_608069477,0.30147454
20241108_211005_863799603,0.16710387
20241108_211006_105487002,0.49282053
20241108_211006_358536230,0.4955229
20241108_211006_604797341,0.27728632
20241108_211006_856278177,0.19501649
20241108_211007_105889963,0.29579753
20241108_211007_358451000,0.29702762
20241108_211007_605072040,0.24460982
20241108_211007_854843214,0.14383163
20241108_211008_103689781,0.00026361085
20241108_211008_356428445,0.14155747
20241108_211008_856949947,0.17016847
20241108_211009_106730639,-0.060022376
20241108_211009_362456323,0.016985038
20241108_211009_609693712,0.09615562
20241108_211009_860026872,0.10925127
20241108_211010_102939998,0.16736467
20241108_211010_357559337,0.1508774
20241108_211010_605294708,0.13948213
20241108_211010_857991186,0.08721457
20241108_211011_103958980,0.13218732
20241108_211011_354466700,0.0045999084
20241108_211011_602797864,0.051882423
20241108_211011_855972412,0.08370618
20241108_211012_103442741,0.06828026
20241108_211012_362670283,0.09484563
20241108_211012_603418679,0.08850131
20241108_211012_858851523,0.061949052
20241108_211013_102234444,0.052268483
20241108_211013_599317447,0.009702126
20241108_211014_101194103,0.022075454
20241108_211014_356571909,0.058312275
20241108_211014_599296970,0.056545235
20241108_211014_852487734,0.015583912
20241108_211015_351183158,0.04542283
20241108_211015_598882688,0.054282703
20241108_211015_853184424,0.14167677
20241108_211016_104348262,0.08923421
20241108_211016_354938630,0.105375804
20241108_211016_858517248,0.04609666
20241108_211017_352261166,0.057935335
20241108_211017_850202087,0.07610334
20241108_211018_354878869,0.07175765
20241108_211018_599846487,0.10866565
20241108_211018_852274671,-1.5158389
20241108_211019_102174127,-0.51923543
20241108_211019_351471516,0.6894395
20241108_211019_608230223,0.77559245
20241108_211019_859727331,0.97247314
20241108_211020_104683358,1.4234765
20241108_211020_357631926,-0.42656335
20241108_211020_611450230,0.910569
20241108_211020_861824204,0.47193775
20241108_211021_108445085,0.45616123
20241108_211021_357335687,0.5764649
20241108_211021_605260248,0.39841408
20241108_211021_867203942,0.54690415
20241108_211022_112473194,0.90530455
20241108_211022_610182469,0.51509756
20241108_211022_859473822,0.32182133
20241108_211023_104782698,0.30790606
20241108_211023_356838432,0.267205
20241108_211023_851394195,0.32167786
20241108_211024_101824568,0.27890873
20241108_211024_356009053,0.5156268
20241108_211024_601407036,0.52535653
20241108_211024_852571475,0.4395719
20241108_211025_100779361,0.4139824
20241108_211025_357348121,0.19050212
20241108_211025_602472434,0.26585564
20241108_211025_852499559,1.2026277
20241108_211026_101791202,0.09997464
20241108_211026_355528179,-0.039754562
20241108_211026_603379878,0.05911339
20241108_211026_855566648,0.05408425
20241108_211027_104002246,0.056106515
20241108_211027_356166138,-0.26077113
20241108_211027_600115852,-1.3362906
20241108_211027_855444394,-0.62001866
20241108_211028_105511508,-0.22845997
20241108_211028_354547674,-0.06376865
20241108_211028_610779997,-0.2120348
20241108_211028_860359254,-0.28238758
20241108_211029_110464659,-0.2065758
20241108_211029_371226881,-0.093342386
20241108_211029_611565885,-1.6677309
20241108_211029_865466744,-0.73410696
20241108_211030_106387397,0.49660668
20241108_211030_361427762,0.8091404
20241108_211030_613671581,0.3512361
20241108_211030_865511448,0.4258343
20241108_211031_121481254,0.122386254
20241108_211031_381597182,0.037628986
20241108_211031_614132527,-0.20599897
20241108_211031_863149737,0.08564267
20241108_211032_106529981,0.18574637
20241108_211032_360931651,0.21631639
20241108_211032_608539602,0.19383995
20241108_211032_860812999,0.28046668
20241108_211033_106400147,0.21904679
20241108_211033_356026685,0.07924826
20241108_211033_602046065,0.021695891
20241108_211033_856439727,0.16895927
20241108_211034_102644516,0.14882277
20241108_211034_360103995,0.22578432
20241108_211034_604735670,0.3226761
20241108_211034_856908902,1.1255326
20241108_211035_105710177,0.7392941
20241108_211035_358609972,0.45859915
20241108_211035_609374734,0.37783197
20241108_211035_857701186,0.7989791
20241108_211036_103195773,0.6237544
20241108_211036_358812345,0.9621829
20241108_211036_860277725,0.8247065
20241108_211037_108743248,0.33261672
20241108_211037_362926192,-0.39643943
20241108_211037_613786197,-0.28316337
20241108_211037_875899572,0.24795227
20241108_211038_121745494,-0.3147444
20241108_211038_364394633,-0.25865605
20241108_211038_610854306,-0.1518565
20241108_211038_865831175,-0.21871187
20241108_211039_111694704,0.06134139
20241108_211039_363123062,0.07967106
20241108_211039_608123471,-0.06846299
20241108_211039_857420174,-0.026829084
20241108_211040_105524701,-0.037397347
20241108_211040_357272924,-0.04410585
20241108_211040_606123582,-0.023166737
20241108_211040_860686749,-0.35095212
20241108_211041_106441018,-0.26557532
20241108_211041_361198771,-0.39809808
20241108_211041_609088123,-0.25002068
20241108_211041_860923502,-0.14391364
20241108_211042_105457630,-0.16241015
20241108_211042_359097813,-0.16021125
20241108_211042_603838478,-0.15696056
20241108_211042_859239984,0.19591825
20241108_211043_107934599,-0.15987684
20241108_211043_358147006,-0.18016322
20241108_211043_608225146,-0.15189792
20241108_211043_872425354,-0.19795026
20241108_211044_115130598,-0.18111725
20241108_211044_369914537,-0.5285502
20241108_211044_609602734,-0.3346034
20241108_211044_861664942,0.3900817
20241108_211045_106317052,-0.38838115
20241108_211045_362718862,0.35475156
20241108_211045_612210579,1.2431467
20241108_211045_858730501,-0.061023846
20241108_211046_123147041,-0.037916202
20241108_211046_360730003,0.9002751
20241108_211046_613549805,0.1752169
20241108_211046_857544366,0.22705017
20241108_211047_104624772,0.6707595
20241108_211047_357409344,0.71232766
20241108_211047_609791261,-0.14584841
20241108_211047_856590407,0.0017658267
20241108_211048_105553367,-0.181893
20241108_211048_355098592,0.055521704
20241108_211048_611866656,0.034367956
20241108_211048_868646152,0.016057113
20241108_211049_110007589,0.023705224
20241108_211049_871224163,0.15612455
20241108_211050_125305323,-0.39874062
20241108_211050_378911611,-0.00720047
20241108_211050_615738220,0.17231058
20241108_211050_862342887,0.186433
20241108_211051_110522662,-0.17317037
20241108_211051_365377702,0.25235555
20241108_211051_609052611,0.2357258
20241108_211051_859636090,0.111152925
20241108_211052_109905768,0.21446317
20241108_211052_357838909,-0.06135901
20241108_211052_607965397,-0.06099551
20241108_211052_858507382,-0.7358665
20241108_211053_112076605,-0.26758257
20241108_211053_367288648,0.18788132
20241108_211053_612250031,1.7640702
20241108_211053_867303347,-0.45503518
20241108_211054_108845360,-0.17838624
20241108_211054_356533309,-0.1580593
20241108_211054_602278207,-0.13749148
20241108_211054_856323189,-0.25557593
20241108_211055_105244645,-0.95563084
20241108_211055_356446544,0.70300746
20241108_211055_605063286,0.19298069
20241108_211055_866895342,0.3916085
20241108_211056_109582141,0.43858695
20241108_211056_356618192,0.46949637
20241108_211056_603878413,0.39111573
20241108_211056_858360310,1.3147272
20241108_211057_119543972,0.2983147
20241108_211057_373463360,0.066779256
20241108_211057_615115393,-0.740267
20241108_211057_861274455,-0.82830584
20241108_211058_109912771,0.30146807
20241108_211058_356344480,-0.66757995
20241108_211058_602479690,-0.172949
20241108_211058_853278390,-0.27507624
20241108_211059_103645476,-0.19625606
20241108_211059_359671716,-0.12318697
20241108_211059_605816864,-0.18164803
20241108_211059_858012199,-0.09995439
20241108_211100_115654533,-0.07250746
20241108_211100_368719690,0.045385346
20241108_211100_607471065,0.5175191
20241108_211100_858581530,0.761501
20241108_211101_104496508,0.43263653
20241108_211101_356926854,0.5096245
20241108_211101_604136402,0.74029917
20241108_211101_862367462,0.91793114
20241108_211102_105817909,0.78918624
20241108_211102_359551809,0.18000932
20241108_211102_607807087,0.66204745
20241108_211102_859832027,0.9473782
20241108_211103_107881857,0.46502814
20241108_211103_358863681,0.22284906
20241108_211103_601889755,-0.120267175
20241108_211103_855540288,-0.16321833
20241108_211104_105435470,0.05861304
20241108_211104_355080559,0.24264471
20241108_211104_602011388,0.36533022
20241108_211104_854983622,0.24483876
20241108_211105_108538291,0.25757298
20241108_211105_355544946,0.24807148
20241108_211105_601748795,0.24668573
20241108_211105_851472724,0.2735949
20241108_211106_100536910,-0.13236697
20241108_211106_354823280,0.20927532
20241108_211106_603658008,1.2522175
20241108_211106_854157292,-0.70138735
20241108_211107_103436009,-0.68725234
20241108_211107_363144757,0.019737141
20241108_211107_612215030,0.16147397
20241108_211107_864544111,-0.17691605
20241108_211108_103673579,0.05570957
20241108_211108_353554528,0.16615734
20241108_211108_606639608,0.21699405
20241108_211108_852173826,0.048264064
20241108_211109_101079360,0.08415566
20241108_211109_357843186,0.21791239
20241108_211109_618130965,0.20453195
20241108_211109_866563737,-0.08829256
20241108_211110_112331598,-0.24133308
20241108_211110_361128790,-0.0052035656
20241108_211110_615417959,0.103806295
20241108_211110_858781079,0.28018615
20241108_211111_110276491,0.09602664
20241108_211111_356859883,-0.20033644
20241108_211111_622719296,-0.05362191
20241108_211111_859374029,-0.27065763
20241108_211112_112321531,-0.07281115
20241108_211112_371705966,0.053614892
20241108_211113_105181859,-0.2643021
20241108_211113_361326301,-0.2488261
20241108_211113_603524813,-0.011739293
20241108_211113_862357252,-0.059289657
20241108_211114_106003959,-0.076411925
20241108_211114_361634889,-0.040270053
20241108_211114_600792257,-0.060393654
20241108_211114_851290596,0.03423307
20241108_211115_357630259,0.051204078
20241108_211115_612479806,0.024163583
20241108_211115_861063646,0.11877141
20241108_211116_109491496,0.03852717
20241108_211116_367388917,0.15981542
20241108_211116_616537845,0.06852219
20241108_211116_862655560,0.26927245
20241108_211117_118390669,0.46369365
20241108_211117_360587949,0.48851785
20241108_211117_612352809,0.5980946
20241108_211117_861287189,0.8078617
20241108_211118_113603642,0.58177537
20241108_211118_365335488,1.3629593
20241108_211118_622662957,1.1320823
20241108_211118_861428892,0.9300143
20241108_211119_109494458,0.5934581
20241108_211119_357259147,0.6340385
20241108_211119_606904943,1.3754752
20241108_211119_858677171,1.5272515
20241108_211120_117698032,1.9510648
20241108_211120_359703350,-0.08091055
20241108_211120_612517968,0.047244586
20241108_211120_858388176,-0.10502269
20241108_211121_105960651,-0.2930662
20241108_211121_359600401,0.027543312
20241108_211121_612871874,0.011893852
20241108_211121_857439208,-0.024250766
20241108_211122_106526787,0.3447253
20241108_211122_362537351,0.4098583
20241108_211122_614107036,0.6480344
20241108_211122_864213761,0.3863937
20241108_211123_106115123,0.38376778
20241108_211123_358408495,0.43348452
20241108_211123_606894503,0.13757645
20241108_211123_865077890,1.2177155
20241108_211124_108083742,1.0518837
20241108_211124_360014796,1.238455
20241108_211124_602046128,0.61788523
20241108_211124_859147289,0.5961248
20241108_211125_100463819,0.199169
20241108_211125_352916885,-0.2988072
20241108_211125_602173749,-0.52034855
20241108_211125_853480511,-0.6698406
20241108_211126_101051448,-0.25171903
20241108_211126_352942255,0.22164625
20241108_211126_600454479,-0.04121243
20241108_211126_854812295,0.61300284
20241108_211127_104143771,0.445135
20241108_211127_353218723,-0.044753633
20241108_211127_603475538,-0.44180846
20241108_211127_854818028,0.0647764
20241108_211128_108296897,-0.12937601
20241108_211128_364618872,0.62539476
20241108_211128_607417835,0.16374224
20241108_211128_856928139,-0.17922725
20241108_211129_103749710,-0.35895768
20241108_211129_356687914,-0.038209118
20241108_211129_605274860,-0.123862766
20241108_211129_853948264,-0.19434614
20241108_211130_100861360,-0.17461576
20241108_211130_356890151,-0.065929376
20241108_211130_602868901,0.24982171
20241108_211130_854125435,0.33527648
20241108_211131_102926337,0.15466152
20241108_211131_357947136,-0.07010033
20241108_211131_603480853,-0.034539007
20241108_211131_852161351,-0.06661471
20241108_211132_103373591,-0.01876559
20241108_211132_357545155,0.22517894
20241108_211132_603352391,0.09437624
20241108_211132_857416902,0.10821257
20241108_211133_108359694,0.03961418
20241108_211133_363920835,-0.003240129
20241108_211133_860656992,0.046104826
20241108_211134_109346015,0.07409627
20241108_211134_360351254,0.22923686
20241108_211134_603460145,0.112511195
20241108_211134_858466395,0.13830803
20241108_211135_105242890,0.116022624
20241108_211135_360170210,0.12723766
20241108_211135_611111329,0.025428066
20241108_211135_866946270,-0.096736215
20241108_211136_116197958,-0.07618769
20241108_211136_366135310,-0.12639017
20241108_211136_615984552,-0.059290253
20241108_211136_863135522,-0.005720554
20241108_211137_127976786,-0.023940882
20241108_211137_368964421,0.02280734
20241108_211137_611415157,-0.028215608
20241108_211137_860924108,-0.058998726
20241108_211138_109058495,-0.07713666
20241108_211138_351603457,0.22981314
20241108_211138_601252173,0.69667286
20241108_211138_852674330,0.47745046
20241108_211139_104313790,-0.49560416
20241108_211139_359814168,-0.12385046
20241108_211139_608600716,-0.65186864
20241108_211139_864015991,-0.11958272
20241108_211140_106802736,-0.23171367
20241108_211140_358762251,-0.552537
20241108_211140_610393258,-0.5380743
20241108_211140_852437232,-0.38905308
20241108_211141_102362480,-0.56024235
20241108_211141_353600634,-0.17251226
20241108_211141_601727190,-0.0623438
20241108_211141_853108499,-0.103377365
20241108_211142_355236404,0.026975075
20241108_211142_849860254,-0.011828801
20241108_211143_098860827,-0.1463842
20241108_211143_352720042,0.034228712
20241108_211143_607506336,-0.048662446
20241108_211143_858438503,-0.05271413
20241108_211144_107711855,-0.045221113
20241108_211144_356327050,0.12233583
20241108_211144_857050092,0.08837948
20241108_211145_364013875,0.12874041
20241108_211145_604736334,0.10621006
20241108_211145_858730270,0.115511276
20241108_211146_355286568,0.38264382
20241108_211146_604332895,0.1923997
20241108_211146_861662177,0.22327794
20241108_211147_104193903,0.59426254
20241108_211147_356740680,0.37208024
20241108_211147_597145324,0.5498149
20241108_211147_848618639,0.6621409
20241108_211148_106836975,0.40018117
20241108_211148_361367147,0.6336376
20241108_211148_608964553,0.4805273
20241108_211148_871644051,0.024913648
20241108_211149_117861465,1.5905839
20241108_211149_369013834,0.30923143
20241108_211149_609054887,0.14186512
20241108_211149_858081323,0.22797726
20241108_211150_102770266,-0.033982925
20241108_211150_353416978,0.14839558
20241108_211150_855732583,0.179693
20241108_211151_102290395,0.39789587
20241108_211151_353768522,0.6158999
20241108_211151_602025406,0.14000906
20241108_211151_859129134,0.12591217
20241108_211152_105001111,0.19705902
20241108_211152_354981111,0.32266614
20241108_211152_605576230,0.13450949
20241108_211152_856354952,0.22298972
20241108_211153_103178406,0.31011373
20241108_211153_358200117,0.40657973
20241108_211153_603061979,0.5909764
20241108_211153_851764531,0.42332992
20241108_211154_098996621,0.36261132
20241108_211154_354827322,0.34236592
20241108_211154_604137902,0.46471497
20241108_211154_855642046,0.41648713
20241108_211155_355194437,0.370486
20241108_211155_856928250,0.056406297
20241108_211156_105698711,0.07420034
20241108_211156_360380554,0.20759253
20241108_211156_850998569,0.32308283
20241108_211157_099650224,0.16469721
20241108_211157_357023240,0.36199898
20241108_211157_598054975,0.26338983
20241108_211157_852600385,0.24994622
20241108_211158_104297531,0.23057239
20241108_211158_353374062,0.27785864
20241108_211158_857121018,0.28592095
20241108_211159_105324615,0.21955352
20241108_211159_352359659,0.23781623
20241108_211159_599143101,0.22546317
20241108_211159_850989313,0.40488964
20241108_211200_102338560,0.2948435
20241108_211200_358427239,0.25086263
20241108_211200_604798614,0.39856875
20241108_211200_857550793,0.843395
20241108_211201_107205496,0.0051379
20241108_211201_369966884,-0.3862964
20241108_211201_612794847,-0.68916005
20241108_211201_863514599,-2.626644
20241108_211202_110861015,-0.7798771
20241108_211202_364907248,0.3949734
20241108_211202_605147274,-0.6898604
20241108_211202_858492541,-0.10886574
20241108_211203_106910806,-0.035718344
20241108_211203_357201979,-0.008359646
20241108_211203_603614662,0.17479686
20241108_211203_853362739,0.22088803
20241108_211204_102144916,0.037539102
20241108_211204_355982653,-0.18063991
20241108_211204_853371364,-0.16339166
20241108_211205_101866377,0.253481
20241108_211205_353584825,0.5861282
20241108_211205_600281303,0.3975799
20241108_211205_859141198,0.30193138
20241108_211206_354021108,0.16312473
20241108_211206_601197487,0.12843667
20241108_211207_103289841,0.13249914
20241108_211207_352930484,0.3157526
20241108_211207_600341882,0.2473598
20241108_211207_852981735,0.32113776
20241108_211208_108341041,0.25796273
20241108_211208_356431715,0.4630171
20241108_211208_605190812,0.44630447
20241108_211208_858865470,1.5145237
20241108_211209_113285891,0.4186334
20241108_211209_362940914,0.57375205
20241108_211209_604140297,0.03440211
20241108_211209_856089613,0.08693615
20241108_211210_101469869,0.29589638
20241108_211210_355919900,0.08363638
20241108_211210_604140704,0.56171954
20241108_211210_858399965,1.2015816
20241108_211211_105043571,1.3348706
20241108_211211_355564028,0.6163126
20241108_211211_859117969,0.6687302
20241108_211212_112009971,0.5151136
20241108_211212_363485115,0.2093275
20241108_211212_605582383,0.9616644
20241108_211212_856936146,0.56403196
20241108_211213_102232366,0.03429208
20241108_211213_357031999,-0.67372066
20241108_211213_604263094,-0.17557357
20241108_211213_856488281,-0.026973033
20241108_211214_110109517,0.16377385
20241108_211214_366101036,0.36085883
20241108_211214_610732969,0.6115774
20241108_211214_859768876,0.46084243
20241108_211215_106601897,0.5145536
20241108_211215_361086992,0.26298434
20241108_211215_607211905,-0.03183528
20241108_211215_853331292,0.7575753
20241108_211216_102043339,-0.09591904
20241108_211216_357350900,0.84822285
20241108_211216_604954715,-0.18852545
20241108_211216_853532388,-0.18422623
20241108_211217_102382094,-0.029328128
20241108_211217_364192488,0.0003592167
20241108_211217_604551651,0.12816665
20241108_211217_855072638,0.04967747
20241108_211218_105795725,-0.23466562
20241108_211218_352459531,-0.095439814
20241108_211218_599709979,-0.06784388
20241108_211219_099193495,-0.24899293
20241108_211219_349295227,-0.1588523
20241108_211219_600641146,-0.18639113
20241108_211219_856258701,0.17206392
20241108_211220_109093944,0.2646264
20241108_211220_360722188,0.13987316
20241108_211220_604675247,0.20108314
20241108_211220_851826993,0.1914701
20241108_211221_101227883,0.026630918
20241108_211221_352921528,0.10969133
20241108_211221_602975650,0.007162491
20241108_211221_855853319,0.0072477255
20241108_211222_103496843,-0.18831857
20241108_211222_357916182,-0.92276746
20241108_211222_601615730,-0.28731593
20241108_211222_853752038,-0.16981818
20241108_211223_103363389,-0.10797443
20241108_211223_352419610,-0.051391147
20241108_211223_601605880,-0.16432814
20241108_211223_850704348,-0.25755486
20241108_211224_354651571,-1.4714992
20241108_211224_605825171,-0.3683641
20241108_211224_859766453,0.5448174
20241108_211225_105283903,0.65848666
20241108_211225_353253576,0.24833716
20241108_211225_601709169,-0.029449126
20241108_211225_852647169,0.106265016
20241108_211226_100052753,0.17624329
20241108_211226_354216934,0.3137993
20241108_211226_600636038,0.16297494
20241108_211226_852749493,0.009568552
20241108_211227_354737259,0.19669046
20241108_211227_851077033,0.20008044
20241108_211228_101041665,0.17289446
20241108_211228_351693859,0.30803722
20241108_211228_851633900,0.21544252
20241108_211229_349832832,0.10266445
20241108_211229_598251781,-0.53002006
20241108_211229_850650932,-0.4993334
20241108_211230_098583538,-0.36146566
20241108_211230_351898237,-0.21070226
20241108_211230_603492974,0.06695974
20241108_211231_112846207,-0.13268329
20241108_211231_361533370,-0.5418169
20241108_211231_607162189,-0.28720063
20241108_211231_856500818,-0.25043532
20241108_211233_100132733,-0.3068569
20241108_211233_352831501,-0.45818597
20241108_211233_596888088,0.56893116
20241108_211233_851160123,0.084112965
20241108_211234_103762843,-0.45437846
20241108_211234_359051349,0.7095435
20241108_211234_604237072,0.3970243
20241108_211234_855283580,0.056973733
20241108_211235_103571279,-0.015496453
20241108_211235_351606485,-0.05468764
20241108_211235_607642078,0.12896137
20241108_211235_859500943,0.33448908
20241108_211236_107164715,0.8356054
20241108_211236_354794043,0.44508162
20241108_211236_608293495,1.4182215
20241108_211236_856425927,-0.5880838
20241108_211237_102073483,-0.49155962
20241108_211237_352797296,-0.2102078
20241108_211237_598394899,-0.34256878
20241108_211237_852448283,-0.08226014
20241108_211238_100138972,0.37111294
20241108_211238_354061572,0.30823547
20241108_211238_601617997,0.43126908
20241108_211238_851846909,0.45999873
20241108_211239_101565883,0.45056617
20241108_211239_353142290,0.67805
20241108_211239_603257226,0.42133772
20241108_211239_854897727,0.37705827
20241108_211240_113016176,0.34643796
20241108_211240_366467734,0.4547663
20241108_211240_610013823,0.43721646
20241108_211240_860022173,0.32199776
20241108_211241_108428011,0.16058795
20241108_211241_358690653,0.1719447
20241108_211241_606192491,0.006520847
20241108_211241_858054813,0.08267049
20241108_211242_106356873,0.11785523
20241108_211242_354826573,0.24017222
20241108_211242_851953139,0.1925764
20241108_211243_352325000,0.18662001
20241108_211243_597450556,0.05377493
20241108_211243_851545814,0.22438316
20241108_211244_362120907,0.1963483
20241108_211244_604232682,0.15827622
20241108_211244_855761744,0.18504305
20241108_211245_099383653,0.20911835
20241108_211245_354340815,0.11834828
20241108_211245_599733820,-0.046199225
20241108_211245_854606851,0.10833017
20241108_211246_355292776,0.095153786
20241108_211246_852200023,0.02169297
20241108_211247_105251259,0.059887744
20241108_211247_358555651,0.16969986
20241108_211247_601417113,0.23734249
20241108_211247_855139410,0.2122603
20241108_211248_360990939,0.23878278
20241108_211248_603730410,0.27313235
20241108_211248_856193884,0.35587654
20241108_211249_106860755,0.2856123
20241108_211249_360983174,0.2664653
20241108_211249_865222545,0.35885718
20241108_211250_110453723,0.5830187
20241108_211250_363362149,0.6286612
20241108_211250_607803323,0.2799629
20241108_211250_857588052,0.4377074
20241108_211251_105721607,0.22515775
20241108_211251_359761068,0.2782429
20241108_211251_607744418,0.80990297
20241108_211251_861410201,0.6431393
20241108_211252_358249563,0.4961355
20241108_211252_609181530,0.09587578
20241108_211252_857249487,0.22074091
20241108_211253_355516615,0.18069537
20241108_211253_600813435,0.2351648
20241108_211253_852573637,0.37889332
20241108_211254_101759844,0.40681437
20241108_211254_353231643,0.49877158
20241108_211254_598079447,0.31234863
20241108_211254_854282341,0.27723408
20241108_211255_359509017,0.4768326
20241108_211255_856346528,0.8046737
20241108_211256_102647213,0.5547652
20241108_211256_353824838,0.56690395
20241108_211256_605254736,0.43225026
20241108_211256_853273030,0.5036567
20241108_211257_100366459,0.42419475
20241108_211257_353780177,0.4565936
20241108_211257_598470598,-0.49212036
20241108_211257_851909879,-0.12857024
20241108_211258_100407114,-0.18036278
20241108_211258_350427624,-0.13535313
20241108_211258_598483648,-0.18421929
20241108_211258_852713972,-0.06998172
20241108_211259_108256785,-0.05084666
20241108_211259_354612923,0.022276977
20241108_211259_596757765,0.13523425
20241108_211259_853851006,0.31842718
20241108_211300_098631160,0.09495006
20241108_211300_353607569,0.16820802
20241108_211300_601710580,0.2368642
20241108_211300_852210425,0.1651706
20241108_211301_099293941,0.06616024
20241108_211301_351426472,0.028279344
20241108_211301_853686827,0.066139616
20241108_211302_102628128,0.07649375
20241108_211302_354258028,0.51357496
20241108_211302_601160546,1.6144811
20241108_211302_853610621,0.5980489
20241108_211303_104017870,-0.30944413
20241108_211303_357033156,-0.10945145
20241108_211303_599736015,-0.032034665
20241108_211303_860411356,0.043387927
20241108_211304_102166148,-0.03375139
20241108_211304_354299086,0.0819543
20241108_211304_601335361,0.07133166
20241108_211304_850674066,0.06835095
20241108_211305_102568771,0.24284582
20241108_211305_355658718,0.6801271
20241108_211305_603887181,0.48678645
20241108_211305_857930811,0.5570119
20241108_211306_110028327,0.355252
20241108_211306_358446407,0.17392398
20241108_211306_604082814,0.27023414
20241108_211306_856947237,-0.1255569
20241108_211307_107492643,-0.42311642
20241108_211307_365769244,-0.11336004
20241108_211307_608366604,-0.028233668
20241108_211307_863124308,0.016189137
20241108_211308_105025881,0.010713557
20241108_211308_359035576,0.08347975
20241108_211308_605731054,0.5438891
20241108_211308_871330975,0.082484104
20241108_211309_122671728,0.15101753
20241108_211309_367568910,0.22181152
20241108_211309_609574762,0.1903551
20241108_211310_112349735,0.24181716
20241108_211310_369510844,0.20840959
20241108_211310_608623144,0.19436763
20241108_211310_854798227,0.77818114
20241108_211311_104651363,0.97048223
20241108_211311_353554955,1.4910613
20241108_211311_603520102,0.77423304
20241108_211311_857649631,0.10629297
20241108_211312_104081290,-0.10986119
20241108_211312_351255206,0.08331514
20241108_211312_599483122,0.068348326
20241108_211312_851007011,0.10694922
20241108_211313_353505086,-0.09319242
20241108_211313_851698034,-0.022269687
20241108_211314_859659129,-0.00022008084
20241108_211315_106567719,-0.02745553
20241108_211315_359779193,-0.042941473
20241108_211315_602253343,-0.021292588
20241108_211315_854197389,0.027079621
20241108_211316_357212833,0.009970048
20241108_211316_605196379,-0.0048210826
20241108_211316_855165566,0.010159532
20241108_211317_101710712,0.07193858
20241108_211317_355815512,0.040347256
20241108_211317_599385592,0.30439687
20241108_211317_854121814,1.0345615
20241108_211318_108893750,0.8123638
20241108_211318_355845609,0.8831199
20241108_211318_602858957,0.54669386
20241108_211318_853413299,0.5470243
20241108_211319_103669066,0.4636225
20241108_211319_353493020,0.3839051
20241108_211319_599667587,0.46735114
20241108_211319_852699763,0.45413333
20241108_211320_101245691,0.42582873
20241108_211320_353925581,-0.008376321
20241108_211320_597959847,-0.20324452
20241108_211320_847919088,-0.07640999
20241108_211321_102448424,-0.37248063
20241108_211321_355858190,-0.17228462
20241108_211321_598367215,-0.118510984
20241108_211321_849377640,-0.003976723
20241108_211322_098677161,0.10110157
20241108_211322_349476299,0.21702094
20241108_211322_596141193,0.19970931
20241108_211322_851505598,0.19988604
20241108_211323_096385412,0.18047436
20241108_211323_352700850,0.21391456
20241108_211323_599302909,0.18645443
20241108_211323_849412681,0.20740227
20241108_211324_095374760,0.17880596
20241108_211324_347083296,0.29517397
20241108_211324_596652618,0.5866785
20241108_211324_846370281,0.2877752
20241108_211325_096603380,-0.057007007
20241108_211325_349809996,0.11182121
20241108_211325_598909585,0.0882133
20241108_211325_849545393,0.08723927
20241108_211326_095501889,0.11596931
20241108_211326_351064749,-0.074586
20241108_211326_603244475,-0.11212327
20241108_211326_861085982,0.0005211327
20241108_211327_105237244,-0.0064326134
20241108_211327_350742822,0.066167004
20241108_211327_598548368,0.06780378
20241108_211327_849410921,0.086828746
20241108_211328_100397090,0.07796288
20241108_211328_352786906,0.17261444
20241108_211328_600669298,0.18581037
20241108_211328_850747307,0.17013706
20241108_211329_099649588,0.16903481
20241108_211329_349965781,0.15739207
20241108_211329_598077514,0.120206155
20241108_211329_852280912,0.14416675
20241108_211330_100490518,0.62904555
20241108_211330_357000897,0.80713403
20241108_211330_605289028,1.1771191
20241108_211330_860203915,0.49442306
20241108_211331_110896276,0.3876406
20241108_211331_361203553,0.29196104
20241108_211331_606981271,0.20088942
20241108_211331_858705800,0.66391325
20241108_211332_106749107,0.44570792
20241108_211332_353116097,0.50525004
20241108_211332_851394588,0.68283564
20241108_211333_355578673,0.2154818
20241108_211333_600626440,0.33643034
20241108_211333_850503881,0.4098872
20241108_211334_098089714,0.53754777
20241108_211334_352991507,0.5374174
20241108_211334_600135788,0.45581415
20241108_211334_853266349,0.515106
20241108_211335_350285138,0.35887098
20241108_211335_600153619,0.43877816
20241108_211335_852573396,0.4264829
20241108_211336_100961402,0.39946
20241108_211336_352836669,0.54510707
20241108_211336_604138886,0.3050849
20241108_211336_854011186,0.31508163
20241108_211337_100287435,0.27947545
20241108_211337_352914376,0.34989956
20241108_211337_598566011,0.42829403
20241108_211337_857665343,0.5766483
20241108_211338_101427063,0.89856654
20241108_211338_349852773,1.2346324
20241108_211338_597056105,1.2337749
20241108_211338_847554366,-0.27442393
20241108_211339_097240552,0.024702473
20241108_211339_352217501,0.07701985
20241108_211339_599467222,-0.019117674
20241108_211339_848620429,0.19502766
20241108_211340_355776178,0.1324452
20241108_211340_600177235,0.10702268
20241108_211340_850334644,0.07516984
20241108_211341_101432308,0.021333972
20241108_211341_359213016,-0.033131205
20241108_211341_608669052,0.34301922
20241108_211341_857004957,0.40486047
20241108_211342_107461585,0.35409924
20241108_211342_359489286,0.51218647
20241108_211342_602059866,0.47145423
20241108_211342_853738335,0.6666183
20241108_211343_097797227,0.35850197
20241108_211343_351238258,0.15095414
20241108_211343_595556589,0.20694132
20241108_211343_851346436,0.30002382
20241108_211344_100360633,2.2179062
20241108_211344_358814146,0.015553506
20241108_211344_602486002,0.29475263
20241108_211344_860578761,0.47294724
20241108_211345_108657809,0.7119013
20241108_211345_354616823,1.0060432
20241108_211345_598633289,0.62239665
20241108_211345_852312263,0.8877095
20241108_211346_098059528,0.38427615
20241108_211346_357881258,0.13783734
20241108_211346_603032197,0.01294581
20241108_211346_851346982,0.09643791
20241108_211347_096340177,0.084739186
20241108_211347_350036753,0.14916293
20241108_211347_850304834,0.14377014
20241108_211348_096228025,0.13899712
20241108_211348_356763164,0.034120895
20241108_211348_598776639,0.0019043479
20241108_211348_855592919,0.38826272
20241108_211349_104943233,0.965407
20241108_211349_357157747,0.97590977
20241108_211349_601872124,0.48747662
20241108_211349_858116489,0.60814255
20241108_211350_101352374,0.4600193
20241108_211350_355275101,0.7942135
20241108_211350_599556462,0.2755933
20241108_211350_856935887,0.37977904
20241108_211351_103529835,0.3375641
20241108_211351_360033151,0.51573354
20241108_211351_603168674,0.38249582
20241108_211351_852643320,0.41229096
20241108_211352_101916515,0.42031625
20241108_211352_353211921,0.59637135
20241108_211352_599982273,0.42694777
20241108_211352_852073287,0.14130951
20241108_211353_101256089,-0.07903179
20241108_211353_353774291,0.20344584
20241108_211353_606592787,0.2562693
20241108_211353_855513605,0.23972313
20241108_211354_100601872,0.30101603
20241108_211354_359898408,0.8952195
20241108_211354_603172029,0.59161144
20241108_211354_863188105,0.6287171
20241108_211355_107103050,0.5484779
20241108_211355_356764664,0.57661885
20241108_211355_603919923,0.31825584
20241108_211355_854777895,0.28680217
20241108_211356_105046466,0.016480872
20241108_211356_354828598,0.16874371
20241108_211356_603200929,0.19138388
20241108_211356_854069834,0.18004115
20241108_211357_104382924,-0.1539751
20241108_211357_364145641,0.2201155
20241108_211357_603643938,0.089710705
20241108_211357_862745677,-0.035953067
20241108_211358_110491488,-0.047995232
20241108_211358_360736104,0.24144875
20241108_211358_605913942,-0.27423027
20241108_211358_854703982,-0.91802734
20241108_211359_105189525,0.24818121
20241108_211359_358501913,0.41056505
20241108_211359_601859937,0.59399027
20241108_211359_855843997,0.2978336
20241108_211400_103000682,-0.12290581
20241108_211400_359665710,0.09161345
20241108_211400_604989192,-1.6040434
20241108_211400_861595985,0.15276931
20241108_211401_106689422,0.25227755
20241108_211401_361848005,0.4127445
20241108_211401_606251348,0.56353694
20241108_211401_858680409,1.5536451
20241108_211402_104533990,1.3094226
20241108_211402_357585104,1.5458453
20241108_211402_606120932,-0.5339411
20241108_211402_865081350,0.21611086
20241108_211403_112494745,0.4089246
20241108_211403_369880222,0.6243809
20241108_211403_613528206,-0.18619312
20241108_211403_865432349,0.33472475
20241108_211404_106552813,-0.647604
20241108_211404_355869896,-0.2406149
20241108_211404_607911727,-0.3353821
20241108_211404_856808893,-0.6111805
20241108_211405_103423610,-0.8247754
20241108_211405_355758478,-0.23388113
20241108_211405_601661532,-0.28089014
20241108_211405_852491905,-0.14627905
20241108_211406_353589080,-0.14577039
20241108_211406_598088808,-0.05255515
20241108_211406_852652037,-0.17480965
20241108_211407_098247393,0.05640442
20241108_211407_356259523,0.63901126
20241108_211407_609439541,0.70890754
20241108_211407_861106444,0.36137775
20241108_211408_099610477,0.36889958
20241108_211408_352352509,0.05753205
20241108_211408_601073729,-0.19768794
20241108_211408_850862476,-0.11263757
20241108_211409_102579933,0.005556384
20241108_211409_350708572,0.38504928
20241108_211409_602774597,0.2438197
20241108_211409_851997084,0.1597626
20241108_211410_353654725,0.14690329
20241108_211410_598491278,-0.32988167
20241108_211410_850793698,-0.024531433
20241108_211411_099051172,-0.16436543
20241108_211411_350480149,-0.12749876
20241108_211411_598726746,-0.20484789
20241108_211411_851597670,-0.11451324
20241108_211412_097626368,-0.14890005
20241108_211412_354032351,-0.108851515
20241108_211412_602419803,-0.15458907
20241108_211412_853109725,0.1948506
20241108_211413_099087628,0.4734011
20241108_211413_350018295,0.2091031
20241108_211413_598634819,-0.16384824
20241108_211413_862429708,0.30166277
20241108_211414_106587934,-0.022534749
20241108_211414_361143693,-0.12142225
20241108_211414_601365820,-0.0900056
20241108_211414_851995156,0.041060664
20241108_211415_096682271,0.0023794565
20241108_211415_354328914,0.30974
20241108_211415_603568010,1.182002
20241108_211415_856457930,0.67981786
20241108_211416_102444086,0.5576208
20241108_211416_354348210,0.34615746
20241108_211416_599524587,1.2616401
20241108_211416_849671045,-0.79517156
20241108_211417_095910047,-0.5920732
20241108_211417_354203177,-0.46770737
20241108_211417_598785103,-0.027925057
20241108_211417_850751021,0.028000357
20241108_211418_101977785,-0.23001702
20241108_211418_353212624,-0.48447838
20241108_211418_597638436,-0.29776058
20241108_211418_853757531,-0.16872437
20241108_211419_098483157,-0.2782165
20241108_211419_350678986,-0.23937084
20241108_211419_597480949,-0.27765614
20241108_211419_852474997,-0.24066691
20241108_211420_095931678,-0.2583115
20241108_211420_360455181,-0.023348413
20241108_211420_604529825,-0.09550419
20241108_211420_855497683,-0.70421994
20241108_211421_101180672,0.20734732
20241108_211421_356689267,0.35912693
20241108_211421_605655101,1.0980096
20241108_211421_857356317,-0.22595365
20241108_211422_106830851,-0.4316187
20241108_211422_363391607,-0.1290948
20241108_211422_601303304,-0.13680483
20241108_211422_850199858,0.046834983
20241108_211423_100820782,-0.0069035497
20241108_211423_351268978,-0.1562215
20241108_211423_600041751,-0.035677962
20241108_211423_849652041,0.27723578
20241108_211424_100852370,1.971821
20241108_211424_352604633,1.0092629
20241108_211424_598968733,0.58135766
20241108_211424_855058390,-0.37099543
20241108_211425_102401731,-0.21054152
20241108_211425_354966370,-0.09322649
20241108_211425_596390639,-0.15597387
20241108_211425_850948625,-0.0366685
20241108_211426_096198587,-0.19170941
20241108_211426_350248933,-0.11304619
20241108_211426_597926652,-0.1424761
20241108_211426_848348054,-0.17918234
20241108_211427_098070847,-0.2067386
20241108_211427_353306353,-0.0643669
20241108_211427_596176843,0.26010552
20241108_211427_850827577,0.3768123
20241108_211428_096186533,0.5004897
20241108_211428_349340434,0.23196192
20241108_211428_601946771,0.35731637
20241108_211428_855750761,0.31150436
20241108_211429_100642732,0.1415122
20241108_211429_348931952,0.2738826
20241108_211429_604364677,-0.040491126
20241108_211429_856585764,-0.01836439
20241108_211430_101781546,1.2259189
20241108_211430_354453496,-0.19029789
20241108_211430_600803834,-0.045375533
20241108_211430_854007792,-0.002456028
20241108_211431_102077882,-0.12245288
20241108_211431_357375673,0.13669519
20241108_211431_597857807,-0.49866787
20241108_211431_852039656,-0.16698976
20241108_211432_099536132,0.08575365
20241108_211432_354723195,0.31059402
20241108_211432_599113281,0.23711468
20241108_211432_855184081,0.21815169
20241108_211433_098254907,0.15967928
20241108_211433_348548740,0.14027095
20241108_211433_595534058,0.15221299
20241108_211433_852725181,0.16402607
20241108_211434_103624120,0.19092967
20241108_211434_362095175,0.12125788
20241108_211434_606419415,0.11791853
20241108_211434_853506675,0.15680669
20241108_211435_099631917,0.09545896
20241108_211435_350077154,0.015516797
20241108_211435_596537992,-0.20436652
20241108_211435_850108197,-0.22269304
20241108_211436_346432806,-0.050707363
20241108_211436_596853307,-0.104786776
20241108_211436_846462422,-0.118046395
20241108_211437_095827730,-0.10306867
20241108_211437_347396846,-0.087330244
20241108_211437_594224254,-0.020003816
20241108_211437_845500921,-0.015341064
20241108_211438_095289916,-0.16374655
20241108_211438_360174247,-0.25047314
20241108_211438_852542164,-0.09851345
20241108_211439_352886201,-0.04592689
20241108_211439_598829647,-0.05956205
20241108_211439_852037527,0.025321046
20241108_211440_100173684,0.26550755
20241108_211440_352875886,0.15727963
20241108_211440_602037430,0.13734548
20241108_211440_851549287,0.12162397
20241108_211441_099833522,0.06849841
20241108_211441_356063870,0.1713257
20241108_211441_850315659,0.23209761
20241108_211442_100580548,0.16433166
20241108_211442_351679957,0.1315233
20241108_211442_848383823,0.12345485
20241108_211443_598753193,0.16636638
20241108_211443_850066910,-0.36916772
20241108_211444_096342690,-0.90587634
20241108_211444_349089335,-0.13836555
20241108_211444_596656217,0.38695997
20241108_211444_850414287,0.25735125
20241108_211445_099574412,0.26096898
20241108_211445_352008270,0.23467173
20241108_211445_604653108,0.21939068
20241108_211445_854552065,0.04230509
20241108_211446_102185393,-0.2115639
20241108_211446_353998439,-0.35646853
20241108_211446_858524537,-0.10575601
20241108_211447_352303929,-0.017395934
20241108_211447_600574721,0.027899185
20241108_211447_849307379,0.05242137
20241108_211448_096958648,0.32586223
20241108_211448_356387496,0.32870767
20241108_211448_861542042,0.16984497
20241108_211449_355877689,0.17461865
20241108_211449_601560464,0.18171369
20241108_211449_852131465,0.24338086
20241108_211450_099886410,0.20996155
20241108_211450_349513985,0.18238129
20241108_211450_598944728,0.19466023
20241108_211450_849709887,0.19865544
20241108_211451_101416921,0.14897464
20241108_211451_353201183,0.17866991
20241108_211451_849588433,0.105873205
20241108_211452_097898505,0.28731757
20241108_211452_352926291,0.41236082
20241108_211452_595762598,0.31695443
20241108_211453_097053671,0.31686395
20241108_211453_348740597,0.32697186
20241108_211453_595706223,0.27979594
20241108_211453_851634124,0.3058404
20241108_211454_352981492,0.35666746
20241108_211454_599940386,0.32382667
20241108_211454_850447088,0.30878282
20241108_211455_100523585,0.27889702
20241108_211455_352133141,0.31243256
20241108_211455_597426945,-0.0916247
20241108_211455_850874134,-0.44328275
20241108_211456_104484719,-0.20159791
20241108_211456_352206590,-0.08284011
20241108_211456_599072747,0.010853628
20241108_211456_848889365,-0.011273315
20241108_211457_095695126,0.06515924
20241108_211457_351490407,0.12124089
20241108_211457_599637621,0.12097142
20241108_211457_857079971,0.03599987
20241108_211458_103108656,-0.24514912
20241108_211458_352898691,0.024427922
20241108_211458_597656259,0.05988974
20241108_211458_853356774,0.05581794
20241108_211459_096976198,0.057576574
20241108_211459_348203229,0.096358545
20241108_211459_851032964,0.18110727
20241108_211500_105433325,-0.5015607
20241108_211500_355891000,0.080802724
20241108_211500_601575129,0.32044336
20241108_211500_857916557,0.9173881
20241108_211501_105996088,1.2355083
20241108_211501_357338474,0.26727268
20241108_211501_608008085,-0.05318012
20241108_211501_858737055,-0.53103566
20241108_211502_105108352,-0.059974752
20241108_211502_356040805,0.11543093
20241108_211502_605292657,0.57745963
20241108_211502_855316194,1.1480596
20241108_211503_099087937,0.13664214
20241108_211503_351883934,0.09894595
20241108_211503_601968312,-0.15842436
20241108_211503_857053826,-0.88332635
20241108_211504_107421467,0.397182
20241108_211504_362321672,0.13062088
20241108_211504_602833433,0.2636184
20241108_211504_853139350,0.24800088
20241108_211505_098688510,0.31671196
20241108_211505_351281057,0.3581445
20241108_211505_601100004,0.32749143
20241108_211505_850086424,0.24642397
20241108_211506_097486333,0.43097502
20241108_211506_353972273,0.2990725
20241108_211507_102172903,0.5477983
20241108_211507_357805264,1.1357723
20241108_211507_599751426,0.80482227
20241108_211507_855128956,0.3266546
20241108_211508_102106419,0.22785233
20241108_211508_353410243,0.35386756
20241108_211508_598070257,0.20550348
20241108_211508_850134052,0.093562074
20241108_211509_097203278,0.14765616
20241108_211509_350532626,0.19740583
20241108_211509_598004375,0.1795382
20241108_211509_849096026,0.19489841
20241108_211510_352025585,0.32743874
20241108_211510_850503164,0.35560846
20241108_211511_099332658,-0.57388824
20241108_211511_356025473,0.0059339274
20241108_211511_604136342,0.04761841
20241108_211511_862752618,0.17994334
20241108_211512_116364235,0.25330314
20241108_211512_367774910,0.4001221
20241108_211512_607783753,0.6262476
20241108_211512_862339443,0.9665269
20241108_211513_106846496,0.43618378
20241108_211513_357606862,0.5038705
20241108_211513_600366300,0.11070465
20241108_211513_855303397,-0.07045891
20241108_211514_101843157,-0.23200347
20241108_211514_356423298,0.045772173
20241108_211514_604919398,0.029833416
20241108_211514_858887855,0.09795175
20241108_211515_122169985,0.037048854
20241108_211515_369132753,-0.26420787
20241108_211515_613117358,-0.028975984
20241108_211515_859084876,-0.0010754075
20241108_211516_358512449,-0.019914469
20241108_211516_605473655,-0.2752153
20241108_211516_858064503,-0.8012484
20241108_211517_101380224,-0.119319014
20241108_211517_353271472,-0.017784545
20241108_211517_606697447,-0.35617104
20241108_211517_852148058,-0.43035942
20241108_211518_097463806,-1.6539018
20241108_211518_350264679,-0.6329266
20241108_211518_596966929,0.12681302
20241108_211518_852112738,-0.04361751
20241108_211519_104760761,-0.06757494
20241108_211519_353293095,0.018703865
20241108_211519_598108922,0.19309711
20241108_211519_851082387,0.3725644
20241108_211520_097956439,0.23750035
20241108_211520_352287731,0.072127186
20241108_211520_599605584,-0.29964605
20241108_211520_856002798,-0.40796602
20241108_211521_104269389,-0.35218015
20241108_211521_353370576,-0.46602294
20241108_211521_600322108,-0.7995247
20241108_211521_857035647,-0.12904671
20241108_211522_105567515,-0.11348721
20241108_211522_359289171,-0.14035667
20241108_211522_604650241,0.7078119
20241108_211522_860585971,0.13053928
20241108_211523_114416586,0.06793872
20241108_211523_366204987,-0.039030276
20241108_211523_607470912,0.21401593
20241108_211523_857488751,0.20580925
20241108_211524_101258986,0.15756382
20241108_211524_355652519,0.118172325
20241108_211524_603778123,0.20112778
20241108_211524_852206656,0.06437213
20241108_211525_097422333,0.15088142
20241108_211525_353336892,-0.035127006
20241108_211525_597747379,-0.094738744
20241108_211525_848828142,-0.084492974
20241108_211526_097516562,-0.038475893
20241108_211526_348133095,0.003443906
20241108_211527_094818445,-0.062327556
20241108_211527_348180279,-0.020702442
20241108_211527_848242942,0.03135047
20241108_211528_094610811,0.29178676
20241108_211528_347003428,0.7012331
20241108_211528_593914246,1.1599308
20241108_211528_848845357,0.77628857
20241108_211529_096220415,0.5783557
20241108_211529_351009755,0.545473
20241108_211529_859449015,0.54394037
20241108_211530_102928329,0.48758563
20241108_211530_350422754,0.6759166
20241108_211530_600378402,0.6874825
20241108_211530_855538769,0.37868077
20241108_211531_098764219,0.50962335
20241108_211531_349512427,0.053536154
20241108_211531_596169324,0.08965156
20241108_211531_847880632,0.046219595
20241108_211532_099051344,-0.17175294
20241108_211532_357390544,-0.09489491
20241108_211532_598494776,-0.5511797
20241108_211532_850494359,-0.13430806
20241108_211533_096712986,-0.06701564
20241108_211533_596479919,-0.11017724
20241108_211533_849973740,-0.030807516
20241108_211534_096776674,-0.0359255
20241108_211534_354917702,0.058840133
20241108_211534_602965260,0.31314597
20241108_211534_852959463,1.1811621
20241108_211535_094740767,0.49269572
20241108_211535_345484084,0.15735678
20241108_211535_594639368,-0.16108839
20241108_211535_844816903,0.041727133
20241108_211536_094542170,0.0798072
20241108_211536_345326643,0.117092736
20241108_211536_847102926,0.11657522
20241108_211537_096680783,0.3247019
20241108_211537_346774971,0.5393499
20241108_211537_597915709,0.66061574
20241108_211537_848472737,0.6838548
20241108_211538_097138383,0.9213314
20241108_211538_348018482,0.616882
20241108_211538_594471076,0.7894728
20241108_211539_346364857,0.6458795
20241108_211539_597037657,0.67128813
20241108_211539_850925337,0.45362023
20241108_211540_351821714,0.22383182
20241108_211541_098439243,0.24185015
20241108_211541_350301861,0.45251143
20241108_211542_099652396,0.26982242
20241108_211542_353304285,0.29731393
20241108_211542_601471820,0.3165902
20241108_211542_858534163,0.33439323
20241108_211543_104160071,0.4489458
20241108_211543_348752380,0.35283634
20241108_211543_848220971,0.36473113
20241108_211544_350179400,0.38155085
20241108_211544_599916195,-0.32156226
20241108_211544_854000701,0.03643042
20241108_211545_101680003,0.12082603
20241108_211545_356082121,0.40321094
20241108_211545_605794174,-0.30295917
20241108_211545_860153965,0.05736036
20241108_211546_108164321,0.13619138
20241108_211546_361051902,-0.00012365729
20241108_211546_602022810,-0.311725
20241108_211546_854638696,-0.19344272
20241108_211547_100604126,-0.20364107
20241108_211547_351967478,-0.17982097
20241108_211547_847980399,-0.103104256
20241108_211548_097210030,-0.7961111
20241108_211548_350096938,-0.027946806
20241108_211548_594624552,-0.56654733
20241108_211548_849948115,-0.39876992
20241108_211549_098695949,-0.3096752
20241108_211549_354860589,-0.16174564
20241108_211549_602181610,0.033574037
20241108_211550_598200691,-0.077453755
20241108_211550_851297085,-0.16344859
20241108_211551_106130508,-0.2938126
20241108_211551_354318677,-0.26695064
20241108_211551_602337436,-0.20784716
20241108_211551_851314140,-0.15402468
20241108_211552_099144559,-0.12464514
20241108_211552_348086692,-0.04775723
20241108_211552_597611846,0.26034495
20241108_211552_846458469,0.29495484
20241108_211553_098686374,0.28391787
20241108_211553_844231222,0.14096706
20241108_211554_095248790,0.15350668
20241108_211554_346927354,0.4236168
20241108_211554_845907249,0.2887234
20241108_211555_095968816,0.26104414
20241108_211555_351915740,2.7828557
20241108_211555_607806126,0.07664108
20241108_211555_856141787,0.05950182
20241108_211556_104778699,-0.11326333
20241108_211556_360417896,-0.18363668
20241108_211556_605152603,-0.47456482
20241108_211556_855554751,-0.5189509
20241108_211557_104383009,-0.3769411
20241108_211557_350606217,-0.26096806
20241108_211557_598849986,-0.15708223
20241108_211557_852342352,-0.14861907
20241108_211558_099659901,-0.13924618
20241108_211558_353241362,-0.03653779
20241108_211558_606603241,-0.6487934
20241108_211558_854967504,0.24561249
20241108_211559_100634423,0.3829203
20241108_211559_351476239,0.22053762
20241108_211559_599916569,0.07396553
20241108_211559_852537368,0.058049
20241108_211600_097018080,-0.3944944
20241108_211600_354291774,-0.6479518
20241108_211600_600813231,0.032686308
20241108_211600_851216254,0.62128186
20241108_211601_096212411,0.90698165
20241108_211601_348929648,1.1960603
20241108_211601_599208975,-0.14810474
20241108_211601_853509492,-0.4161807
20241108_211602_100882502,-0.2618322
20241108_211602_351364047,-0.5352835
20241108_211602_602975579,0.16224779
20241108_211602_858298283,0.101782
20241108_211603_111224526,-0.025688848
20241108_211603_363096633,0.33110875
20241108_211603_605426133,0.2399752
20241108_211603_856050147,0.155425
20241108_211604_370691388,0.30629584
20241108_211604_611618431,0.22928958
20241108_211604_859670914,0.26854274
20241108_211605_106506863,1.5451797
20241108_211605_354032751,0.62279755
20241108_211605_597688050,0.2760787
20241108_211605_851477969,0.1478513
20241108_211606_100020965,0.23875843
20241108_211606_351040674,0.6869168
20241108_211606_597458403,0.45220807
20241108_211606_852313132,-0.56959885
20241108_211607_105318681,-0.44112664
20241108_211607_355493660,0.028510163
20241108_211607_601638746,-0.3784292
20241108_211607_853771763,-0.5395363
20241108_211608_097757767,-0.36856017
20241108_211608_347033506,-0.011917759
20241108_211608_595629787,-0.067452185
20241108_211608_847077908,-0.10466739
20241108_211609_096037226,-0.2013311
20241108_211609_348610079,0.02662748
20241108_211609_594432585,0.21595342
20241108_211609_847968006,0.21878456
20241108_211610_098104788,0.10342548
20241108_211610_351188542,0.098833
20241108_211610_598782070,0.07998607
20241108_211610_848458717,0.063783504
20241108_211611_100156503,-0.03969469
20241108_211611_355945821,0.67859024
20241108_211611_613990762,0.46208307
20241108_211611_860662300,0.26177529
20241108_211612_105188357,0.0037978087
20241108_211612_352602884,0.23452245
20241108_211612_603300860,0.21678095
20241108_211612_857571992,0.38113847
20241108_211613_110666909,0.8267569
20241108_211613_365380335,1.7069902
20241108_211613_606857852,0.31510386
20241108_211613_854620400,-0.0051056575
20241108_211614_103843138,1.2013693
20241108_211614_354375636,0.22169495
20241108_211614_602177723,0.080739245
20241108_211614_854969304,-0.65054256
20241108_211615_106066915,-0.028736837
20241108_211615_355153750,0.35632005
20241108_211615_604329496,0.21156822
20241108_211615_858988944,0.1872872
20241108_211616_108931028,0.09018248
20241108_211616_362239808,-0.8666616
20241108_211616_605526128,-0.050650455
20241108_211616_853569160,0.5770607
20241108_211617_101832425,0.7223447
20241108_211617_354839364,-0.9375927
20241108_211617_599178461,-0.678099
20241108_211617_848536929,-0.50793564
20241108_211618_096355131,-0.6205037
20241108_211618_355209427,-0.6196353
20241108_211618_603749508,-0.651759
20241108_211619_105937874,-0.69304174
20241108_211619_356951209,-0.5081597
20241108_211619_602446494,-0.8428225
20241108_211619_854484684,-0.050420307
20241108_211620_099309690,0.0043793116
20241108_211620_350170119,0.19057636
20241108_211620_606278685,0.0059071574
20241108_211620_859632993,-0.04911097
20241108_211621_107905371,-0.028717062
20241108_211621_357468568,-0.12745924
20241108_211621_603575639,-0.12537809
20241108_211622_099176976,-0.14315931
20241108_211622_349910967,-0.08370184
20241108_211623_093815804,-0.18605696
20241108_211623_345068443,-0.70315725
20241108_211623_594261829,-0.23419438
20241108_211623_846931162,-0.113388106
20241108_211624_095114521,-0.14801188
20241108_211624_348466947,-0.20068891
20241108_211624_846206292,-0.21550037
20241108_211625_093964680,-0.19612832
20241108_211626_097986215,-0.183684
20241108_211626_348536527,-0.17303558
20241108_211626_600632501,-0.16028126
20241108_211626_850234628,-0.15458728
20241108_211627_095184858,-0.08888545
20241108_211627_348954938,0.12207311
20241108_211627_593939635,0.16849361
20241108_211628_095547030,0.14600985
20241108_211628_599718977,-0.03420808
20241108_211628_852697216,0.12325012
20241108_211629_351854702,0.08794875
20241108_211629_850537015,0.06566689
20241108_211630_099854912,0.051551558
20241108_211630_350056960,0.0803738
20241108_211630_598637546,0.15963887
20241108_211630_844979299,0.21228151
20241108_211631_096521456,-0.4522103
20241108_211631_349910388,-0.17356278
20241108_211631_850559415,-0.105379455
20241108_211632_096311173,-0.0038592424
20241108_211632_345081811,-0.1300679
20241108_211632_593689033,-0.10245826
20241108_211632_844645995,-0.09788003
20241108_211633_096022487,-0.13005807
20241108_211633_356972088,-0.13604908
20241108_211633_600672260,-0.17012374
20241108_211634_101997526,-0.16122027
20241108_211635_098087612,-0.10346707
20241108_211635_347457654,0.4301444
20241108_211635_595061907,0.35454237
20241108_211635_846028092,0.18506615
20241108_211636_095136460,0.18946569
20241108_211636_350702940,0.227823
20241108_211636_599013692,0.21575688
20241108_211636_850079599,0.17437987
20241108_211637_347378656,0.14428751
20241108_211637_597193842,0.14383273
20241108_211637_849515073,0.123504974
20241108_211638_352086698,0.10568068
20241108_211638_596571444,0.66965955
20241108_211638_849818902,1.0325392
20241108_211639_098326375,1.0274571
20241108_211639_349279580,0.6044252
20241108_211639_847037538,0.40377837
20241108_211640_096881588,0.41118452
20241108_211640_344120058,0.402692
20241108_211640_595271039,2.2079253
20241108_211640_846214481,-0.46511725
20241108_211641_096176960,-0.39177194
20241108_211641_348808963,-0.48314503
20241108_211641_597271568,-1.4245998
20241108_211641_847336389,-1.0307883
20241108_211642_096401864,-0.2536153
20241108_211642_347687574,0.7136435
20241108_211642_594878071,-0.11245724
20241108_211642_844661027,0.031167416
20241108_211643_093462370,-0.13149782
20241108_211643_347113579,-0.00086679123
20241108_211643_592444085,0.029289106
20241108_211643_843827189,0.03578899
20241108_211644_090203281,0.032070436
20241108_211644_344040393,0.03102825
20241108_211644_592474746,0.029403606
20241108_211645_350527280,0.024176994
20241108_211645_602042201,-0.20575309
20241108_211645_856750812,-0.27663198
20241108_211646_103574590,-0.69218504
20241108_211646_348695805,0.070917524
20241108_211646_598666804,0.6589526
20241108_211646_846097006,-0.18754812
20241108_211647_093596196,-0.03112497
20241108_211647_344250911,-0.21601053
20241108_211647_592545921,-0.28999248
20241108_211647_848204484,-0.3408902
20241108_211648_102539189,-0.5621021
20241108_211648_350365156,-0.3846344
20241108_211648_846632957,-0.32564515
20241108_211649_095113968,-0.01174753
20241108_211649_349165158,-0.035770975
20241108_211649_598679016,-0.18677576
20241108_211649_854276874,-0.2238846
20241108_211650_352031669,-0.35907486
20241108_211650_604222535,-0.50045687
20241108_211650_849810067,-0.7587751
20241108_211651_097753129,-0.39347267
20241108_211651_348269826,-0.36368737
20241108_211651_594806378,-0.37141183
20241108_211651_847850994,-0.3385138
20241108_211652_109712293,0.13539143
20241108_211652_349943226,0.06874771
20241108_211652_593908591,0.18715562
20241108_211652_846521172,0.16872545
20241108_211653_093137828,0.35981825
20241108_211653_342033035,0.61033624
20241108_211653_590752179,0.32740542
20241108_211653_840425255,0.26593438
20241108_211654_595131264,0.23312144
20241108_211654_844159941,0.24451534
20241108_211655_101733302,0.2241456
20241108_211655_356032252,-0.03259792
20241108_211655_603825571,0.01671795
20241108_211656_102051391,1.1398835
20241108_211656_351723919,-0.014575025
20241108_211656_598456512,0.024041774
20241108_211656_852753600,0.3796278
20241108_211657_101721762,-0.2440486
20241108_211657_354145501,-0.27968284
20241108_211657_608369315,-0.166227
20241108_211657_859365087,-0.37716687
20241108_211658_107601887,-0.14124562
20241108_211658_357739151,-0.13750203
20241108_211658_605118990,-0.34113243
20241108_211658_856217367,-0.08377131
20241108_211659_104401156,0.15472093
20241108_211659_358364571,-0.058281086
20241108_211659_602334376,-0.21066283
20241108_211700_096351385,-0.12478038
20241108_211700_356143938,-0.012023708
20241108_211700_607829148,0.7085946
20241108_211700_855807946,0.07641243
20241108_211701_099060011,-0.06599357
20241108_211701_352568683,-0.30115107
20241108_211701_603686542,-0.11162811
20241108_211701_853419190,-0.08699276
20241108_211702_098943473,-0.14588983
20241108_211702_352120255,1.081561
20241108_211702_606797532,0.48820427
20241108_211702_854737998,1.082959
20241108_211703_111156726,1.3865823
20241108_211703_369197771,0.6409632
20241108_211703_614412117,1.086743
20241108_211703_863282908,-0.27620065
20241108_211704_106059912,0.13398872
20241108_211704_362172294,0.16556156
20241108_211704_601089498,0.2565467
20241108_211704_858024929,-0.116762064
20241108_211705_102679497,-0.037385546
20241108_211705_349435069,0.14940558
20241108_211705_601925640,0.11580584
20241108_211705_848871735,0.00893716
20241108_211706_353914861,0.09739152
20241108_211706_849134511,0.18720482
20241108_211707_102240561,0.25766402
20241108_211707_350255517,0.2787145
20241108_211707_606520257,0.5448611
20241108_211707_856710669,1.199933
20241108_211708_104831492,-0.058839284
20241108_211708_352309303,-0.212992
20241108_211708_598970451,-0.052205525
20241108_211708_847621460,-0.04943665
20241108_211709_098347613,-0.05819472
20241108_211709_349742759,0.059964277
20241108_211710_104753917,0.022218803
20241108_211710_351244311,-0.0678375
20241108_211711_097700315,-0.17085929
20241108_211711_349404718,-0.1931128
20241108_211711_599268114,-0.12516393
20241108_211711_848797872,-0.4996204
20241108_211712_094787778,-0.5007844
20241108_211712_349327513,-0.3788269
20241108_211712_595422063,-0.29728872
20241108_211712_848391642,-0.18904911
20241108_211713_097405248,-0.06685541
20241108_211713_349307931,-0.11078789
20241108_211713_597386871,-0.3369616
20241108_211713_847842776,-0.4663321
20241108_211714_097060197,-0.27478436
20241108_211714_348754274,-0.25302994
20241108_211714_594627368,-0.26852417
20241108_211714_843345934,-0.17555745
20241108_211715_092772588,0.09002262
20241108_211715_350030760,-0.14491719
20241108_211715_595318915,-0.24180235
20241108_211715_849220386,-0.5292214
20241108_211716_094571748,-0.3440772
20241108_211716_345016631,-0.35736722
20241108_211716_593968965,0.3307135
20241108_211716_846723103,-0.010075292
20241108_211717_096280854,-0.2018977
20241108_211717_348491066,0.031696
20241108_211717_598018260,0.036599852
20241108_211717_848411046,0.015375713
20241108_211718_595797625,0.29365757
20241108_211718_853581534,-0.21654885
20241108_211719_102211978,-0.33469006
20241108_211719_353649234,-0.5093028
20241108_211719_601018432,-0.46169302
20241108_211719_862866801,-0.56171095
20241108_211720_104915203,-0.36338013
20241108_211720_357014791,-0.45055747
20241108_211720_596978992,-0.37032083
20241108_211720_851664437,-0.6296194
20241108_211721_097755791,0.6350592
20241108_211721_364833874,0.16844271
20241108_211721_602742670,0.26984218
20241108_211721_855185107,0.45630988
20241108_211722_101399043,0.37472743
20241108_211722_355235662,0.4855756
20241108_211722_601871002,0.36954632
20241108_211722_850865533,0.4708609
20241108_211723_100363074,0.5216791
20241108_211723_350048818,0.45889848
20241108_211723_596434933,0.43915886
20241108_211723_850113386,0.25319558
20241108_211724_102663788,0.21227328
20241108_211724_367192231,0.3148914
20241108_211724_609304261,-0.03292557
20241108_211724_876096778,-0.47311726
20241108_211725_107332804,-0.37722966
20241108_211725_356687040,-0.13239928
20241108_211725_859208725,-0.20423584
20241108_211726_100792365,-0.3964111
20241108_211726_357145210,-0.47684148
20241108_211726_606342475,-0.33304402
20241108_211726_854969007,-0.2901408
20241108_211727_104799480,-0.2842875
20241108_211727_359858464,-0.21779467
20241108_211727_605042545,-0.26359382
20241108_211727_857683416,-0.2175854
20241108_211728_367529594,-0.16047598
20241108_211728_616797412,-0.2849265
20241108_211728_872760185,-0.20906849
20241108_211729_362139235,-0.1643417
20241108_211729_610329454,-0.062026046
20241108_211730_105862830,-0.118506156
20241108_211730_356947695,-0.15016337
20241108_211730_609164348,0.0304138
20241108_211730_867409124,0.110133775
20241108_211731_110531463,0.14389572
20241108_211731_370484781,0.15896411
20241108_211732_106588142,0.12024865
20241108_211732_360880766,0.12238888
20241108_211733_103243555,0.25318488
20241108_211733_357806362,0.23687391
20241108_211733_603678488,0.19609515
20241108_211733_852600488,0.23350744
20241108_211734_102655084,0.14935009
20241108_211734_358035029,0.1576005
20241108_211734_856525004,0.25485387
20241108_211735_109832657,0.40699926
20241108_211735_358463323,0.069714405
20241108_211735_609270100,0.10481588
20241108_211735_858957558,0.14002971
20241108_211736_358985236,-0.039621912
20241108_211736_607367073,0.040986456
20241108_211736_862307990,0.048936166
20241108_211737_110865867,0.09220526
20241108_211737_359292861,0.07436464
20241108_211737_605318500,0.051667906
20241108_211737_855795012,0.0861542
20241108_211738_360706553,0.0637475
20241108_211738_605879115,0.06709943
20241108_211738_852330107,0.057817556
20241108_211739_099698935,0.29473877
20241108_211739_368564285,1.820211
20241108_211739_614266358,0.35900286
20241108_211739_865945057,0.37696174
20241108_211740_111234620,0.400011
20241108_211740_363818615,0.018769423
20241108_211740_608550617,0.077906825
20241108_211740_853539232,-0.08582892
20241108_211741_102208023,-0.36682734
20241108_211741_354410560,-0.076804005
20241108_211741_601646977,-0.13233192
20241108_211741_857009911,-0.2088541
20241108_211742_353631704,-0.0984511
20241108_211742_597762957,-0.15495105
20241108_211742_859482775,-0.13637893
20241108_211743_100691743,-0.11372634
20241108_211743_846500549,0.02571098
20241108_211744_096727483,0.6184289
20241108_211744_348235726,0.5452602
20241108_211744_597113642,-0.092505895
20241108_211744_846669133,-0.16361494
20241108_211745_092126584,-0.13590698
20241108_211745_347097243,-0.23161088
20241108_211745_601266503,-0.20492296
20241108_211745_855283892,0.4248857
20241108_211746_099400107,0.39294592
20241108_211746_351950694,0.15551513
20241108_211746_599176136,-0.19907103
20241108_211746_846662160,-0.36260083
20241108_211747_095969198,0.008019367
20241108_211747_348746249,0.20671047
20241108_211747_595773224,0.4285696
20241108_211747_852851741,0.093952335
20241108_211748_103044469,-0.13807918
20241108_211748_356561502,0.29434088
20241108_211748_602925845,0.1525409
20241108_211748_857467767,0.023088435
20241108_211749_101675298,-0.025696179
20241108_211749_360882046,0.13385986
20241108_211750_603107743,0.22958623
20241108_211750_852461973,0.1457703
20241108_211751_093908185,0.036114074
20241108_211751_349298467,0.055895425
20241108_211751_602175798,0.08318702
20241108_211751_849808224,-0.09601938
20241108_211752_094719101,-0.025111815
20241108_211752_346413545,0.0048055444
20241108_211752_595818673,0.029334048
20241108_211752_848202613,-0.068225525
20241108_211753_102420500,-0.003816625
20241108_211753_357832200,-0.00090940855
20241108_211753_605187666,0.06873021
20241108_211753_853774397,0.037554182
20241108_211754_101357899,-0.06676354
20241108_211754_595769818,-0.0022435393
20241108_211754_855336999,0.0031738672
20241108_211755_103292918,-0.10343804
20241108_211755_361053348,-0.40840247
20241108_211755_601752550,-0.59395736
20241108_211755_852540980,-0.24349038
20241108_211756_096029076,-0.17956515
20241108_211756_347964017,-0.16126718
20241108_211756_595583757,-0.121149145
20241108_211756_851450433,-1.1062587
20241108_211757_100007120,-0.65180945
20241108_211757_352356658,0.12986532
20241108_211757_594076361,0.24106972
20241108_211757_846680455,0.2109015
20241108_211758_097642807,-0.6962301
20241108_211758_347738741,-0.66674787
20241108_211758_846702356,-0.23513515
20241108_211759_096047127,0.06243044
20241108_211759_347034329,0.118262865
20241108_211759_597857685,0.16284625
20241108_211759_850143265,-0.2130198
20241108_211800_097668131,-0.35597816
20241108_211800_362423712,-0.12382813
20241108_211800_605068951,-0.3903962
20241108_211800_854218705,-0.621621
20241108_211801_099978925,-1.3285962
20241108_211801_353569184,-0.11761911
20241108_211801_598211958,0.17910673
20241108_211801_851808290,0.20428786
20241108_211802_100137056,0.09697421
20241108_211802_359367425,0.4235354
20241108_211802_613802134,-0.079609655
20241108_211802_858882833,0.032564558
20241108_211803_101626623,0.11543564
20241108_211803_351493864,0.09202228
20241108_211803_603271529,0.99188524
20241108_211803_866146218,1.5911313
20241108_211804_114255130,-0.32167605
20241108_211804_369907977,-0.10134535
20241108_211804_623384316,-0.08381822
20241108_211804_885103945,-0.002665626
20241108_211805_121136687,-0.45898134
20241108_211805_367619506,-0.12108155
20241108_211805_611936821,0.06375077
20241108_211805_865948419,0.16828775
20241108_211806_108474694,0.3980777
20241108_211806_359031828,0.5271154
20241108_211806_598818839,1.1923782
20241108_211806_856781612,1.598786
20241108_211807_103635040,-0.32687715
20241108_211807_352301341,-0.20714685
20241108_211807_603376828,-0.26791477
20241108_211807_850316148,-0.4488969
20241108_211808_106537052,-0.33642992
20241108_211808_359973570,0.026037915
20241108_211808_598781136,0.10160599
20241108_211808_857317630,-0.0051987376
20241108_211809_098438987,-0.15156676
20241108_211809_350421083,-0.34753883
20241108_211809_595816133,-0.11554953
20241108_211810_092478730,-0.10668095
20241108_211810_592951654,-0.008330068
20241108_211810_847280544,0.04289923
20241108_211811_091267781,-0.0732043
20241108_211811_347101429,-0.21013118
20241108_211811_595840147,-0.1818568
20241108_211811_848269312,-0.14456369
20241108_211812_351076939,-0.04738625
20241108_211812_596794426,0.18834902
20241108_211812_845522946,0.12659912
20241108_211813_094905247,0.06875191
20241108_211813_347629651,0.040405728
20241108_211813_594124164,0.12144349
20241108_211813_845409016,0.09619395
20241108_211814_342009789,0.014668265
20241108_211814_592075172,0.4111629
20241108_211814_846976074,0.937584
20241108_211815_093138623,0.5166611
20241108_211815_346924611,0.26395148
20241108_211815_593279763,0.3303926
20241108_211815_843220046,0.8863125
20241108_211816_095832238,0.06119225
20241108_211816_348502544,-0.23106556
20241108_211816_597818179,-0.22239228
20241108_211816_849336916,0.024304742
20241108_211817_092842595,-0.26282528
20241108_211817_342792820,0.027181847
20241108_211817_591480990,-0.35936695
20241108_211817_841095635,0.012384405
20241108_211818_091736463,-0.072579704
20241108_211818_346843958,0.19080877
20241108_211818_602086173,0.19592685
20241108_211818_851842595,0.060398377
20241108_211819_097707559,0.034936227
20241108_211819_351461365,0.12058065
20241108_211819_596502064,0.1865348
20241108_211819_846289741,0.11795125
20241108_211820_092951450,0.08690951
20241108_211820_344742490,-0.05657532
20241108_211820_596770808,-0.01580908
20241108_211820_852457084,0.4110172
20241108_211821_098730812,0.21355094
20241108_211821_346429635,1.3044755
20241108_211821_594265414,-0.12931271
20241108_211821_850578313,0.07010821
20241108_211822_095045498,0.015054414
20241108_211822_348361086,0.11293913
20241108_211822_596285085,0.18762897
20241108_211822_846489266,0.09907744
20241108_211823_093540634,-0.04230108
20241108_211823_346489085,0.006784836
20241108_211823_598939370,0.036007084
20241108_211824_100206071,-0.148667
20241108_211824_348273545,-0.10970726
20241108_211824_597432149,-0.43056798
20241108_211824_850504816,-0.31050748
20241108_211825_358348464,-0.09792033
20241108_211825_852671791,0.20954758
20241108_211826_108185306,0.51648104
20241108_211826_379520869,0.4588612
20241108_211826_629214912,1.8620625
20241108_211826_869361236,1.0771102
20241108_211827_110054508,0.2654687
20241108_211827_359378309,-0.098605536
20241108_211827_603654054,-0.07932048
20241108_211827_854300175,-0.18435417
20241108_211828_104797176,-0.07085266
20241108_211828_354309862,-0.096623294
20241108_211828_598449799,0.107619904
20241108_211828_850754584,0.2625944
20241108_211829_098344785,0.101018704
20241108_211829_356263011,-0.08214875
20241108_211829_598514414,-0.0646921
20241108_211829_848071857,-0.045923375
20241108_211830_098837144,-0.022978922
20241108_211830_350499147,0.22358327
20241108_211830_597482518,0.26659405
20241108_211830_851194341,0.1684833
20241108_211831_102430497,0.04724703
20241108_211831_360485636,0.0022722874
20241108_211831_601517837,-0.041207872
20241108_211831_856052067,0.12697129
20241108_211832_097564495,0.078251936
20241108_211832_850813588,0.5553637
20241108_211833_097297332,-0.039651953
20241108_211833_354690628,-0.31818604
20241108_211833_599924805,-0.20602663
20241108_211833_852757412,-0.11991765
20241108_211834_096378253,-0.17513914
20241108_211834_350409656,-0.035098575
20241108_211834_596734899,0.16703235
20241108_211834_846683234,0.079165496
20241108_211835_345441595,-0.01825752
20241108_211836_094762309,-0.008353552
20241108_211836_354246098,0.06822187
20241108_211836_596381978,0.824506
20241108_211836_846594915,0.14722322
20241108_211837_096180066,-0.23076405
20241108_211837_349403594,-0.3422435
20241108_211837_600536407,-0.25938562
20241108_211837_846694848,-0.12429806
20241108_211838_093449674,-0.2145101
20241108_211838_348449992,-0.026300868
20241108_211838_594055683,-0.10304239
20241108_211838_847444069,-0.22010358
20241108_211839_094823258,-0.2960187
20241108_211839_346610889,-0.60661906
20241108_211839_593657497,-0.53818935
20241108_211839_847181927,-0.4091714
20241108_211840_347761657,-0.3490578
20241108_211840_594317226,0.37210315
20241108_211840_846257658,0.8885033
20241108_211841_092157447,0.48121938
20241108_211841_343286357,-0.022068402
20241108_211841_591668101,-0.4953152
20241108_211841_844977731,-0.16514347
20241108_211842_092428748,-0.17421748
20241108_211842_350961023,-0.11127182
20241108_211842_597000533,0.012805203
20241108_211842_847371376,-0.044373356
20241108_211843_095598865,-0.1018041
20241108_211843_346303435,-0.3328899
20241108_211843_596368450,-0.43113872
20241108_211843_847659819,-0.23681624
20241108_211844_093838377,-0.2815319
20241108_211844_348096414,-0.16033216
20241108_211845_093662035,-0.222102
20241108_211845_346404244,-0.1471441
20241108_211845_605917760,-0.133851
20241108_211846_354666607,-0.19752099
20241108_211846_597924490,-0.28396395
20241108_211846_848799629,-0.025532514
20241108_211847_098799499,-0.00345709
20241108_211847_351874374,-0.05421146
20241108_211848_591635148,-0.24806692
20241108_211848_851845278,-0.31836686
20241108_211849_099725448,-0.5509486
20241108_211849_353159504,-0.36511955
20241108_211849_596741878,-0.4744214
20241108_211849_848689086,-0.28913414
20241108_211850_096008946,0.02120013
20241108_211850_345028079,-0.037349902
20241108_211850_591394327,0.03625945
20241108_211850_850999810,-0.21160795
20241108_211851_091713090,-0.20478196
20241108_211851_345380827,-0.10563966
20241108_211851_591001652,-0.11263492
20241108_211851_843599841,0.022703627
20241108_211852_092202323,-0.00066306256
20241108_211852_343714758,-0.0010879245
20241108_211852_589701677,-0.009885928
20241108_211852_841113358,-0.040823005
20241108_211853_089985444,-0.016040465
20241108_211853_339942214,-0.7764809
20241108_211853_588078059,-0.39272398
20241108_211853_842764926,-0.03898964
20241108_211854_102375705,-0.21687682
20241108_211854_603371399,-0.6534209
20241108_211854_849256752,0.017988393
20241108_211855_094957806,-0.15836985
20241108_211855_350310220,-0.5222826
20241108_211855_603834887,0.4703636
20241108_211855_857558764,-0.13553865
20241108_211856_106632888,0.4679195
20241108_211856_358274834,1.736198
20241108_211856_599478473,-0.3102464
20241108_211856_855423697,0.09799589
20241108_211857_098553220,0.30139682
20241108_211857_350865078,-0.11685212
20241108_211857_600941354,0.18996884
20241108_211857_851002832,0.074689366
20241108_211858_345162355,0.39612612
20241108_211858_592796411,0.20635532
20241108_211859_346329186,-0.07345875
20241108_211859_596478403,-0.2526137
20241108_211859_848233148,-0.1329716
20241108_211900_093002494,-0.087404035
20241108_211900_346392330,0.013962621
20241108_211900_597429153,0.12652
20241108_211900_855785378,0.2921709
20241108_211901_104926240,0.17275892
20241108_211901_351150095,0.047559418
20241108_211901_598403097,0.11600409
20241108_211901_849712116,0.15644674
20241108_211902_097144163,0.27661905
20241108_211902_350312522,0.27047822
20241108_211902_598628395,0.4915916
20241108_211902_850060177,0.041179873
20241108_211903_099623682,0.09112511
20241108_211903_347409967,0.13810442
20241108_211903_594295685,-0.11329367
20241108_211903_849571085,-0.07603272
20241108_211904_349060198,-0.29178947
20241108_211904_595020559,-0.3636624
20241108_211904_852011668,-0.32648686
20241108_211905_097946875,-0.41854742
20241108_211905_349541156,-0.12672485
20241108_211905_607932220,0.86510044
20241108_211905_866261371,0.53415793
20241108_211906_106638810,-0.49846676
20241108_211906_366507773,-0.23359407
20241108_211906_597758314,-0.005338637
20241108_211906_852158039,-0.5741487
20241108_211907_105228917,-0.7266988
20241108_211907_354519007,-0.65903705
20241108_211907_607656571,-0.532507
20241108_211907_864823883,-0.023034088
20241108_211908_107239187,0.18469267
20241108_211908_349807828,-0.01571282
20241108_211908_594168198,0.0008738134
20241108_211908_846307546,-0.1424603
20241108_211909_095088766,0.45601815
20241108_211909_345286599,0.6867475
20241108_211909_596272669,0.7257816
20241108_211909_843849381,0.623999
20241108_211910_095464028,0.62251693
20241108_211910_347334784,0.1612505
20241108_211910_592269569,-0.1098349
20241108_211911_095460649,-0.044951163
20241108_211911_352086292,-0.24371828
20241108_211911_597370482,-0.10618236
20241108_211911_846172525,-0.050392054
20241108_211912_095364895,-0.07995286
20241108_211912_845743591,-0.08518436
20241108_211913_092789813,-0.04465773
20241108_211913_354625577,-0.058315597
20241108_211914_105749304,-0.015320977
20241108_211914_362235199,-0.016862294
20241108_211915_596137683,-0.024773857
20241108_211915_850980048,-0.44184375
20241108_211916_097184117,-0.22343545
20241108_211916_343990686,-0.24800576
20241108_211916_843311273,-0.21583705
20241108_211917_091784815,-0.094145775
20241108_211917_342952744,-0.064821266
20241108_211917_842087223,-0.09331896
20241108_211918_092729142,-0.34993747
20241108_211918_352346719,-0.20357029
20241108_211918_598604791,-0.17802252
20241108_211918_848251782,-0.08318528
20241108_211919_095814970,-0.066870354
20241108_211919_351251648,-0.12557645
20241108_211920_094483358,-0.10685053
20241108_211920_346228959,-0.15078785
20241108_211920_592388832,-0.117181025
20241108_211920_846911816,0.20120494
20241108_211921_100642881,-0.05831202
20241108_211921_347559827,-0.15781881
20241108_211921_593979161,-0.021612665
20241108_211921_845959583,0.2370479
20241108_211922_093707726,0.1951801
20241108_211922_346851303,0.21724506
20241108_211922_596246401,0.20447378
20241108_211922_847612568,0.21297066
20241108_211923_094280406,0.24510889
20241108_211923_343818521,0.17669682
20241108_211923_590492976,0.17492746
20241108_211923_843292123,-0.015240332
20241108_211924_096087791,0.29227138
20241108_211924_346859450,0.2002496
20241108_211924_597700917,-0.07982739
20241108_211924_851434790,-0.23256953
20241108_211925_101990848,-0.46483654
20241108_211925_348994649,-0.75554615
20241108_211925_595500887,-0.3682671
20241108_211925_844281396,-0.29126453
20241108_211926_095662185,-0.2571784
20241108_211926_343118673,-0.46452847
20241108_211927_092137796,-0.94219047
20241108_211927_346624846,-0.67372835
20241108_211927_594578798,-0.20125075
20241108_211927_847068450,-0.23416929
20241108_211928_350708873,-0.20823492
20241108_211928_606167345,-0.24141543
20241108_211929_100794310,-0.25468615
20241108_211929_348630594,-0.24019234
20241108_211929_604279193,-0.2746883
20241108_211929_855624301,-0.23792766
20241108_211930_348534870,-0.18943353
20241108_211930_598549683,-0.12950428
20241108_211930_849586425,0.030355217
20241108_211931_098106575,-0.0011308398
20241108_211931_346872398,-0.15547879
20241108_211931_594237070,-0.013613543
20241108_211931_846486250,0.12019969
20241108_211932_103458621,0.54710555
20241108_211932_352438234,0.809677
20241108_211932_602636379,2.0420115
20241108_211932_858158195,1.393677
20241108_211933_102940341,0.5510351
20241108_211933_354203678,0.5387018
20241108_211933_602641511,0.3908258
20241108_211933_846590947,0.25012475
20241108_211934_096748157,0.23005433
20241108_211934_347183095,0.40761355
20241108_211934_591288317,-0.24260734
20241108_211934_841631453,0.10513101
20241108_211935_092390275,-0.010289809
20241108_211935_342452141,-0.006058296
20241108_211935_591039904,-0.03834095
20241108_211935_844257160,-0.018235048
20241108_211936_091686241,-0.03245928
20241108_211936_341278882,-0.093137585
20241108_211936_590720748,-0.09211638
20241108_211937_095336401,-0.055568837
20241108_211937_345781197,-0.0693874
20241108_211937_590596167,0.14772554
20241108_211937_846775629,-0.13020833
20241108_211938_096026620,-0.09085121
20241108_211938_347933073,-0.103565596
20241108_211938_592236290,-0.09880813
20241108_211938_849570933,-0.11048647
20241108_211939_345871690,-0.09398272
20241108_211939_592405016,-0.13017459
20241108_211939_843766268,-0.17940126
20241108_211940_090572923,-0.16544373
20241108_211940_844265790,-0.12343111
20241108_211941_095321515,-0.24237104
20241108_211941_343121140,-0.32090917
20241108_211941_590783031,-0.3021071
20241108_211941_840128762,-0.25735965
20241108_211942_092121756,-0.3617259
20241108_211942_344497271,-0.29364553
20241108_211942_593316713,0.16743158
20241108_211942_844925124,0.07424436
20241108_211943_092253779,0.17433183
20241108_211943_342912808,0.114434935
20241108_211943_589208708,0.06667582
20241108_211944_092825317,0.08052901
20241108_211944_841410286,-0.018637499
20241108_211945_094957561,-0.4648109
20241108_211945_348412327,-0.34883794
20241108_211945_592435493,-0.96190053
20241108_211945_846172237,0.2600318
20241108_211946_093342422,-0.28364983
20241108_211946_344533283,-0.3021665
20241108_211946_594353748,-0.15969469
20241108_211946_842745703,-0.3759014
20241108_211947_092605646,-0.019900879
20241108_211947_344180363,-0.22958903
20241108_211947_591236352,-1.3197427
20241108_211947_840625763,0.14653166
20241108_211948_091928891,0.1309431
20241108_211948_343028856,0.24408369
20241108_211948_590376465,-0.10445114
20241108_211948_844024621,0.4416028
20241108_211949_093901203,0.23353527
20241108_211949_348118505,0.04712192
20241108_211949_596665534,-0.026590845
20241108_211949_847368788,-0.08733573
20241108_211950_093394719,-0.40506983
20241108_211950_343697637,-0.3935375
20241108_211950_590609252,-0.72776055
20241108_211950_841924183,-0.46252814
20241108_211951_093005575,0.068497814
20241108_211951_348588278,-0.1309926
20241108_211951_596504175,0.26195252
20241108_211951_847800297,0.17056768
20241108_211952_097541435,0.3238766
20241108_211952_347742313,-0.3939664
20241108_211952_590840096,0.023384491
20241108_211952_848533705,1.1165038
20241108_211953_094760034,1.6153271
20241108_211953_345705994,2.2730613
20241108_211953_592238812,-1.4353635
20241108_211953_847776435,-0.38259628
20241108_211954_098083735,-0.05923009
20241108_211954_356770321,-0.094297536
20241108_211954_595503365,-0.03078278
20241108_211954_845515141,0.1160912
20241108_211955_093261989,0.073512055
20241108_211955_343875345,0.015200714
20241108_211955_597697530,-0.06875565
20241108_211955_851021171,-0.05343809
20241108_211956_096266773,-0.050674282
20241108_211956_347193394,-0.0028782692
20241108_211956_591748509,-0.07153972
20241108_211956_845370391,-0.23074652
20241108_211957_098212951,-0.41798198
20241108_211957_350902962,-0.48712918
20241108_211957_594377554,-0.12499997
20241108_211957_847888870,0.014995249
20241108_211958_096136014,-0.0631124
20241108_211958_349871790,-0.12023892
20241108_211958_597756761,-0.17074783
20241108_211958_841867457,-0.6307364
20241108_211959_090434796,-0.37576044
20241108_211959_345999989,0.107067235
20241108_211959_597906328,0.1045836
20241108_211959_847544108,-0.024433753
20241108_212000_095187022,-0.053648256
20241108_212000_348891755,-0.08849778
20241108_212001_116041277,0.10060731
20241108_212001_358450036,0.2540539
20241108_212001_602788860,0.13736616
20241108_212001_848492408,-0.27954072
20241108_212002_096690335,-0.43482777
20241108_212002_349752644,-0.1539766
20241108_212002_593774374,0.04704979
20241108_212002_847699754,0.2992743
20241108_212003_097890176,0.118632354
20241108_212003_345442210,0.7885295
20241108_212003_594258544,1.5107229
20241108_212003_847673436,0.6240467
20241108_212004_098719601,-0.0432302
20241108_212004_344255637,-0.08268633
20241108_212004_600293733,-0.33066455
20241108_212004_848741862,-0.20063879
20241108_212005_095062495,-0.18084766
20241108_212005_348399342,-0.2151048
20241108_212005_592759437,-0.14510773
20241108_212005_841753915,-0.75194055
20241108_212006_092541615,0.25309372
20241108_212006_355417665,-0.05642464
20241108_212006_591552962,0.48106822
20241108_212006_850130292,0.30924925
20241108_212007_104175885,0.24827112
20241108_212007_596124779,0.14948316
20241108_212007_846113649,-2.3423753
20241108_212008_096149637,-0.85603553
20241108_212008_348146296,0.4363934
20241108_212008_592735960,0.07611946
20241108_212008_844685399,-0.1255187
20241108_212009_095074491,-0.21648254
20241108_212009_345392348,-0.23430021
20241108_212009_589381653,-0.32401028
20241108_212009_842054031,-0.3582435
20241108_212010_090637574,-0.44985208
20241108_212010_347974968,-1.0818841
20241108_212010_591993072,-1.1925634
20241108_212010_843632711,-1.121657
20241108_212011_091381792,0.00754291
20241108_212011_344358008,-0.19423519
20241108_212011_592440643,0.026160808
20241108_212011_850190536,-0.086860515
20241108_212012_100384590,0.08616123
20241108_212012_347855815,0.2714855
20241108_212012_595464191,0.116352715
20241108_212012_845299088,-0.086460195
20241108_212013_095193285,-0.3303788
20241108_212013_342695046,-0.011095097
20241108_212013_592410143,0.13082837
20241108_212013_841519536,0.37736747
20241108_212014_091471564,0.79287803
20241108_212014_341920656,0.6142236
20241108_212014_589307568,0.5338516
20241108_212014_846130897,0.81747496
20241108_212015_089841139,-1.231664
20241108_212015_343162380,-0.4212806
20241108_212015_591785843,-0.99602896
20241108_212015_847087317,-1.7519557
20241108_212016_090136546,0.5811259
20241108_212016_342315953,-0.1815392
20241108_212016_590663115,-0.12561996
20241108_212016_842169892,-0.43063644
20241108_212017_091483019,0.2832581
20241108_212017_343257767,0.6212664
20241108_212017_588975730,0.015833596
20241108_212017_842442849,-0.24126022
20241108_212018_088232569,-0.11083456
20241108_212018_342657275,0.08135799
20241108_212018_589539013,0.03032563
20241108_212018_843517498,-0.13822852
20241108_212019_090653242,-0.13110365
20241108_212019_347577470,-0.27460098
20241108_212019_595759191,-0.6682181
20241108_212019_848985612,-0.35991752
20241108_212020_092562808,-0.18651773
20241108_212020_347188703,-0.3189682
20241108_212020_592879277,0.037249885
20241108_212020_849339791,0.37818125
20241108_212021_096691140,-0.046783052
20241108_212021_348929998,-0.30502063
20241108_212021_591428785,0.10901982
20241108_212021_844688340,0.21447013
20241108_212022_092442588,0.14015217
20241108_212022_344524885,0.3222924
20241108_212022_590542795,0.39551842
20241108_212022_844463983,0.43427858
20241108_212023_096139080,0.017834643
20241108_212023_341631630,0.018188724
20241108_212023_590139089,0.102426566
20241108_212023_848474547,-0.028363844
20241108_212024_092539231,-0.015825143
20241108_212024_347563979,0.027057836
20241108_212024_592955833,0.031247
20241108_212025_089317531,0.03391353
20241108_212025_348204257,0.028609822
20241108_212025_589121926,0.018275598
20241108_212025_844194395,0.056376494
20241108_212026_094233710,-0.2102984
20241108_212026_344367993,-0.1864952
20241108_212026_593064277,-0.01687487
20241108_212026_843565389,0.07210801
20241108_212027_092804325,0.07470588
20241108_212027_343053976,0.11924014
20241108_212027_591265191,0.13740449
20241108_212027_846772877,0.15669502
20241108_212028_088762481,0.14842983
20241108_212028_342760682,0.14828922
20241108_212028_594246393,0.30754066
20241108_212028_843419491,0.37274283
20241108_212029_092831529,0.1313257
20241108_212029_343785339,0.096231915
20241108_212029_589622873,0.122354575
20241108_212029_846233405,-0.2471344
20241108_212030_097467417,-0.7158708
20241108_212030_350239383,-0.49594954
20241108_212030_596283224,0.114939265
20241108_212030_847278925,0.26345393
20241108_212031_093728273,0.1045324
20241108_212031_344723090,0.085748024
20241108_212031_588986279,0.26372427
20241108_212031_841035980,0.15137447
20241108_212032_091141411,0.87644327
20241108_212032_343023401,2.1993032
20241108_212032_591749799,-1.401262
20241108_212032_846885352,-0.6210703
20241108_212033_093962928,-0.60219234
20241108_212033_350571767,-0.5341355
20241108_212033_597479536,-0.5157823
20241108_212033_845192214,-0.48625982
20241108_212034_097872390,-0.45115125
20241108_212034_349467218,-0.4349648
20241108_212034_590894204,-0.49639884
20241108_212034_841401346,-0.44617552
20241108_212035_087539938,-0.50521606
20241108_212035_345813771,-0.46940005
20241108_212035_590825223,-0.5235523
20241108_212035_840172078,-0.53979415
20241108_212036_089209518,-0.47746357
20241108_212036_341318494,-0.74645203
20241108_212036_589326654,-0.5584851
20241108_212036_839815023,-0.426902
20241108_212037_085210142,-0.563127
20241108_212037_339808562,-0.10651883
20241108_212037_588246881,-0.0057155993
20241108_212037_839083366,0.00232465
20241108_212038_090141835,-0.09419715
20241108_212038_344161411,-0.10743057
20241108_212038_586745596,-0.19992568
20241108_212038_837633811,-0.16356464
20241108_212039_087738486,-0.15369426
20241108_212039_341005827,-0.2590111
20241108_212039_588388598,-0.1701575
20241108_212039_841204967,-0.16611914
20241108_212040_086325223,-0.1651255
20241108_212040_338168129,0.45198855
20241108_212040_588592631,0.9798195
20241108_212040_844654222,0.38296634
20241108_212041_090148907,0.19254033
20241108_212041_341901770,-0.3540195
20241108_212041_588303977,-0.1056044
20241108_212041_840951843,-0.1144216
20241108_212042_088883007,-0.049731635
20241108_212042_338193066,-0.3709915
20241108_212042_587651212,-0.05571302
20241108_212042_839453773,-0.12521328
20241108_212043_088809809,-0.0431545
20241108_212043_342867472,-0.4437746
20241108_212043_588753399,-0.46060947
20241108_212043_840070092,-0.283687
20241108_212044_087516362,-0.23416011
20241108_212044_338643855,-0.26948503
20241108_212044_593469223,-0.25705096
20241108_212044_840620067,-0.35808858
20241108_212045_089293889,-0.3034832
20241108_212045_346657628,-0.2760202
20241108_212045_589819856,-0.25758377
20241108_212045_840895713,-0.27147362
20241108_212046_088507485,-0.18351008
20241108_212046_341726156,-0.17524512
20241108_212046_591654055,-0.35157928
20241108_212046_846621152,-0.39626884
20241108_212047_093061898,0.091314316
20241108_212047_348983573,-0.13847758
20241108_212047_591285073,-0.045221172
20241108_212047_848104255,-0.039717637
20241108_212048_087894192,-0.065193795
20241108_212048_346938137,0.093712844
20241108_212048_588023323,0.3297712
20241108_212048_840110817,0.45139733
20241108_212049_087466703,0.059499778
20241108_212049_338389418,-0.1793194
20241108_212049_584568049,-0.41629282
20241108_212049_840864120,0.08424062
20241108_212050_086564056,0.12618612
20241108_212050_338855141,-0.1139568
20241108_212050_586927334,-0.07223179
20241108_212050_839049576,-0.0798529
20241108_212051_087609216,-0.20213161
20241108_212051_341460320,0.41447657
20241108_212051_588843718,0.29126596
20241108_212051_841017628,0.07982711
20241108_212052_086801279,-0.1330723
20241108_212052_338704194,-0.34387544
20241108_212052_588300206,-0.48319268
20241108_212052_837677072,-0.2185855
20241108_212053_085792727,-0.12481644
20241108_212053_339585037,0.43452552
20241108_212053_588355000,0.42359307
20241108_212053_844124113,0.7481024
20241108_212054_092600988,0.1350946
20241108_212054_343167512,0.20159428
20241108_212054_842373886,0.14039467
20241108_212055_092476620,0.08123479
20241108_212055_340620553,0.04189945
20241108_212055_584754393,-0.031919323
20241108_212056_338006231,0.024779657
20241108_212056_585614581,0.012198726
20241108_212056_836819817,0.23974232
20241108_212057_086996782,0.19978786
20241108_212057_338576583,0.40277132
20241108_212057_586435551,0.21226291
20241108_212057_837776419,0.1805969
20241108_212058_085375378,0.0040011797
20241108_212058_337571933,-0.555005
20241108_212058_585460489,-0.29355976
20241108_212059_092590664,-0.18818595
20241108_212059_342343200,-0.2444977
20241108_212059_587659036,-0.21280025
20241108_212059_841249078,-0.21083115
20241108_212100_088707964,-0.18075193
20241108_212100_340217338,-0.053597353
20241108_212100_587546317,0.09666815
20241108_212100_840675037,0.26932347
20241108_212101_087456645,0.24243008
20241108_212101_340226305,0.029996673
20241108_212101_589505458,-0.14601143
20241108_212101_846691172,-0.24142012
20241108_212102_092092855,0.4911318
20241108_212102_346677575,0.33756927
20241108_212102_593768875,0.17319821
20241108_212102_842647342,0.39929125
20241108_212103_088968097,0.10509465
20241108_212103_343631468,0.056669153
20241108_212103_591971318,-0.2772473
20241108_212103_844547625,-0.015104195
20241108_212104_089944035,-0.045473002
20241108_212104_342804624,-0.53067183
20241108_212104_590194190,-0.17481388
20241108_212104_839543863,-0.17265402
20241108_212105_087906821,-0.06101998
20241108_212105_341349119,-0.087064706
20241108_212105_586515230,-0.089408
20241108_212105_841640069,-0.13652955
20241108_212106_088914547,-0.09318545
20241108_212106_344331057,-0.30104363
20241108_212106_850351903,-0.24046211
20241108_212107_094871503,-0.17585675
20241108_212107_348799585,-0.17569537
20241108_212107_596782495,-0.2733087
20241108_212107_854086884,-0.19364132
20241108_212108_097387006,-0.24188416
20241108_212108_344038152,0.07750817
20241108_212108_591112645,-0.20117943
20241108_212108_843080533,-0.12786154
20241108_212109_089027602,-0.13902377
20241108_212109_348006923,-0.15483455
20241108_212109_591292089,-0.18898363
20241108_212109_847552211,-0.36647356
20241108_212110_094266733,-0.31875703
20241108_212110_346098228,-0.29737648
20241108_212110_591885173,-0.17557044
20241108_212110_843874198,0.07623755
20241108_212111_093644859,-0.03289499
20241108_212111_340965171,0.18539007
20241108_212111_591491252,0.11231396
20241108_212111_842223522,0.091033556
20241108_212112_088767437,0.06796334
20241108_212112_343483235,0.113729395
20241108_212112_585115188,0.067391224
20241108_212112_839089832,0.06232194
20241108_212113_086270960,0.08155132
20241108_212113_341079521,-0.048979633
20241108_212113_839793470,-0.025948813
20241108_212114_092089777,-0.030182114
20241108_212114_593529206,-0.041759424
20241108_212114_852084101,-0.04433226
20241108_212115_102097372,-0.04768189
20241108_212115_349921388,-0.039558582
20241108_212115_591367903,-0.09697222
20241108_212115_844795675,0.008465627
20241108_212116_096053184,-0.12975492
20241108_212116_352760877,-0.124661736
20241108_212117_088756770,-0.104889
20241108_212117_340171323,0.016042242
20241108_212117_586237972,-0.0342594
20241108_212117_839219464,-0.038922243
20241108_212118_088015366,0.37658206
20241108_212118_341484968,0.12258432
20241108_212118_586841746,0.09866164
20241108_212118_843096993,0.21287514
20241108_212119_090528001,0.15438093
20241108_212119_341083890,0.107437976
20241108_212119_586488727,0.089989014
20241108_212119_843827823,0.07600621
20241108_212120_089489902,0.38528067
20241108_212120_345991379,1.2522433
20241108_212120_594680360,1.5493532
20241108_212120_849323161,1.9176801
20241108_212121_092574977,2.347348
20241108_212121_348319327,1.4099655
20241108_212121_590240479,1.0305519
20241108_212121_842522334,1.4971845
20241108_212122_090139757,0.6747762
20241108_212122_339512188,0.47873786
20241108_212122_587253589,0.46973637
20241108_212122_837049056,0.43068057
20241108_212123_087926264,0.5197522
20241108_212123_350505034,0.90905285
20241108_212123_600543703,0.97592443
20241108_212123_843848545,0.80072165
20241108_212124_088269596,0.53955466
20241108_212124_346068745,0.6096197
20241108_212124_591127463,0.6376583
20241108_212125_110618350,0.5348147
20241108_212125_593210553,0.34658888
20241108_212125_845642002,0.53499717
20241108_212126_093931931,0.41463304
20241108_212126_346762750,0.8037425
20241108_212126_588582139,0.55135864
20241108_212126_842748810,-0.33458692
20241108_212127_089265619,-0.3012884
20241108_212127_346592096,-0.6301868
20241108_212127_601232630,-0.66614914
20241108_212127_849877617,-0.545094
20241108_212128_093237099,-0.48936442
20241108_212128_348022070,-0.38967487
20241108_212128_847595722,-0.33778778
20241108_212129_103184426,-0.17106919
20241108_212129_351813264,0.015563028
20241108_212129_846375599,-0.12729429
20241108_212130_345451355,-0.119091205
20241108_212130_590374691,0.08263619
20241108_212130_844163971,0.054071702
20241108_212131_095751583,-0.04138752
20241108_212131_347523439,-0.12816723
20241108_212131_590709539,-0.13236077
20241108_212131_841387452,-0.33786982
20241108_212132_090230082,-0.65426457
20241108_212132_343287245,-0.68556124
20241108_212132_592511023,-0.62805665
20241108_212132_845529492,-0.80712825
20241108_212133_089316216,0.4200751
20241108_212133_345692729,0.32674423
20241108_212133_589149779,0.15706246
20241108_212133_843593893,0.17505358
20241108_212134_088053462,0.35789022
20241108_212134_339993211,0.38889712
20241108_212134_843661188,0.41874245
20241108_212135_090340203,0.76444143
20241108_212135_344590264,0.24981953
20241108_212135_591220458,0.55657625
20241108_212135_843990506,0.2977093
20241108_212136_089670078,0.28621712
20241108_212136_345033962,0.2664257
20241108_212136_585276561,0.4666333
20241108_212136_841397976,0.20782302
20241108_212137_090790419,0.052855708
20241108_212137_346054317,0.0008316729
20241108_212137_592981988,-0.04671269
20241108_212137_844738206,-0.17828833
20241108_212138_091073817,-0.31967917
20241108_212139_346367066,-0.13538845
20241108_212139_593642999,-0.17488186
20241108_212139_843545769,-0.24156971
20241108_212140_100267940,-0.103823565
20241108_212140_357834542,0.018167773
20241108_212140_601156648,0.5274211
20241108_212140_862175805,0.27075377
20241108_212141_113612022,0.5094269
20241108_212141_360765319,0.1114826
20241108_212141_592831809,0.1308537
20241108_212141_842304621,0.20928489
20241108_212142_096082713,0.1981544
20241108_212142_342779832,0.19280927
20241108_212142_588120269,0.2689816
20241108_212142_842501752,0.24553184
20241108_212143_087621687,0.31361377
20241108_212143_339538908,0.11635444
20241108_212143_588612224,0.09886602
20241108_212143_847144808,-0.08095398
20241108_212144_093450082,-0.2815552
20241108_212144_343907968,-0.35243168
20241108_212144_593663697,-0.15002994
20241108_212144_842503319,-0.19879536
20241108_212145_091577972,-0.17444403
20241108_212145_346192224,-0.113983385
20241108_212145_585743999,-0.09799766
20241108_212146_344821475,-0.05516561
20241108_212146_593845298,0.052568294
20241108_212146_844601391,0.37590924
20241108_212147_093612255,0.5686564
20241108_212147_346388017,0.19861026
20241108_212147_594400547,0.19764541
20241108_212147_846966932,0.27823898
20241108_212148_096086990,0.3303958
20241108_212148_349416334,0.22795998
20241108_212148_595716923,0.35666597
20241108_212148_843075321,0.589156
20241108_212149_095459668,0.41829237
20241108_212149_586163992,0.42010468
20241108_212149_839136154,0.71655923
20241108_212150_088965722,0.033738084
20241108_212150_342285881,0.50309575
20241108_212150_589244017,0.17475717
20241108_212150_841324908,0.11910669
20241108_212151_088867977,0.13498966
20241108_212151_349313781,0.609602
20241108_212151_597847913,0.37736535
20241108_212151_846518574,0.46425462
20241108_212152_348753177,0.57367927
20241108_212152_591952125,0.4909285
20241108_212152_842382391,0.4034361
20241108_212153_089352252,0.55958337
20241108_212153_344660309,0.6387153
20241108_212153_588370221,0.422503
20241108_212153_840307572,0.22743066
20241108_212154_347765439,0.27895153
20241108_212154_588275205,0.38177717
20241108_212154_840779284,0.40812433
20241108_212155_087632717,0.50011086
20241108_212155_341527392,0.084036
20241108_212155_588896241,0.015447596
20241108_212155_840676421,-0.22558509
20241108_212156_088076688,-2.9523244
20241108_212156_340805303,-0.1732699
20241108_212156_587126390,0.29889026
20241108_212156_840680668,0.35876098
20241108_212157_090603204,0.2745188
20241108_212157_343677823,0.1136168
20241108_212157_588920558,0.14945869
20241108_212157_842450205,-0.082908355
20241108_212158_089433195,-0.007801106
20241108_212158_344963266,0.50102293
20241108_212158_589235241,0.7240822
20241108_212158_843249159,0.5505603
20241108_212159_090220786,0.3726824
20241108_212159_342084967,0.30175674
20241108_212159_586832262,0.2959292
20241108_212159_841017520,0.2541077
20241108_212200_092815221,0.07727478
20241108_212200_346068431,-0.51318246
20241108_212200_590205337,-0.97443473
20241108_212200_844418912,-0.08872299
20241108_212201_090416001,0.15723714
20241108_212201_340651426,0.028033236
20241108_212201_588011398,0.3550349
20241108_212201_841451713,1.7253889
20241108_212202_093590579,0.06218314
20241108_212202_346136573,1.1736143
20241108_212202_594792307,1.4628791
20241108_212202_849762921,0.48031405
20241108_212203_089358256,0.5596631
20241108_212203_343401870,1.486206
20241108_212203_587498976,0.73558867
20241108_212203_842382409,0.6424578
20241108_212204_091070786,0.4350014
20241108_212204_345287141,0.5687534
20241108_212204_589339555,1.8168454
20241108_212204_841986716,-0.40125817
20241108_212205_091261241,0.019609427
20241108_212205_349500478,0.1140599
20241108_212205_594376646,0.058285713
20241108_212205_847382301,0.17313242
20241108_212206_093572967,0.38326246
20241108_212206_349113503,0.38611567
20241108_212206_590850934,0.3439451
20241108_212206_844985254,0.07323507
20241108_212207_091573013,0.08344475
20241108_212207_341276608,0.12084059
20241108_212207_590969958,0.14775579
20241108_212207_845490618,0.11111877
20241108_212208_095640719,0.2775029
20241108_212208_345631801,0.33174506
20241108_212208_592781318,0.233624
20241108_212208_842465273,0.12658118
20241108_212209_089998550,0.14569037
20241108_212209_342312454,0.14351778
20241108_212209_595035674,0.14327447
20241108_212209_846225828,-0.030873498
20241108_212210_097584290,0.05910305
20241108_212210_357713395,0.14935403
20241108_212210_604146593,0.12257437
20241108_212211_096058356,0.060584344
20241108_212211_345214947,-0.06644317
20241108_212211_593695072,-0.41344088
20241108_212211_849477505,-0.24799173
20241108_212212_097059695,-0.32037058
20241108_212212_346857814,-0.20369221
20241108_212212_599561141,-0.12274649
20241108_212212_843769422,0.13152666
20241108_212213_096782139,0.24434094
20241108_212213_346407021,1.6500341
20241108_212213_593652703,1.0402623
20241108_212213_841900756,-0.726309
20241108_212214_095140836,-0.36276636
20241108_212214_348294097,0.64205086
20241108_212214_600262472,0.23054688
20241108_212214_850123714,0.39070287
20241108_212215_347090458,1.0502584
20241108_212215_846146835,0.573218
20241108_212216_090945274,0.54469335
20241108_212216_346959282,0.12182734
20241108_212216_594770440,0.068891115
20241108_212216_847606783,0.3642077
20241108_212217_091278222,0.8023373
20241108_212217_346708882,0.270723
20241108_212217_599218012,0.7031619
20241108_212217_844419979,0.54077315
20241108_212218_091409096,0.68277836
20241108_212218_346632788,1.9825083
20241108_212218_592023780,-0.3245284
20241108_212218_852595482,0.17501219
20241108_212219_092688725,-0.07736639
20241108_212219_351598263,-0.04505778
20241108_212219_593104855,-0.13816251
20241108_212219_853249648,-0.14224
20241108_212220_091799686,-0.06799271
20241108_212220_346715776,-0.24103568
20241108_212220_594747468,0.04923802
20241108_212220_843678147,0.11091284
20241108_212221_094979485,0.0067010913
20241108_212221_342598804,-0.16160442
20241108_212221_590208618,-0.18465652
20241108_212221_841541003,-0.14359869
20241108_212222_089068472,-0.10066541
20241108_212222_349141115,-0.09397688
20241108_212222_595568943,-0.2665546
20241108_212222_844850708,-0.042377494
20241108_212223_093378682,0.07782654
20241108_212223_343454877,0.07974259
20241108_212223_591121591,0.17823093
20241108_212223_841915980,0.117214955
20241108_212224_087247090,0.057327665
20241108_212224_342064802,0.05490438
20241108_212224_589005480,0.08683268
20241108_212225_085228377,0.6669111
20241108_212225_338185058,0.8681299
20241108_212225_590603963,1.0585796
20241108_212225_846199429,0.55140835
20241108_212226_101274272,0.5138748
20241108_212226_355816041,0.48698345
20241108_212226_591369598,0.19141631
20241108_212226_844212908,0.16819777
20241108_212227_099399881,0.22133194
20241108_212227_350346035,0.25775775
20241108_212227_591673693,0.03605298
20241108_212227_845515375,-0.032900713
20241108_212228_089112300,-0.20440985
20241108_212228_340018429,-0.13605185
20241108_212228_841753605,-0.09788855
20241108_212229_096925021,-0.054914437
20241108_212229_353339891,-0.41272458
20241108_212229_597418812,-0.3887641
20241108_212229_847248243,-0.22971736
20241108_212230_089205541,-0.39772192
20241108_212230_345176009,-0.3050065
20241108_212230_591783278,0.010311568
20241108_212230_841288364,0.24140732
20241108_212231_092712142,0.24439691
20241108_212231_342124751,0.21295439
20241108_212231_591606882,0.20731409
20241108_212231_841828321,-0.7390903
20241108_212232_094796814,-0.17493092
20241108_212232_348481734,-1.2318399
20241108_212232_596076345,-0.29332218
20241108_212232_853512654,-0.1193895
20241108_212233_097641301,0.11827452
20241108_212233_343747880,0.3637487
20241108_212233_590813711,-0.086923145
20241108_212233_840339531,-0.024892857
20241108_212234_092382040,0.082446404
20241108_212234_352636638,0.031533666
20241108_212234_592118882,-0.028979858
20241108_212234_843299877,-0.05457052
20241108_212235_090361375,-0.09021615
20241108_212235_346347122,0.29869422
20241108_212235_596697594,0.60388756
20241108_212235_845693143,0.18887554
20241108_212236_090611267,-0.011889419
20241108_212236_348183207,-0.22282429
20241108_212236_617943110,0.21572773
20241108_212236_862584769,-0.009632131
20241108_212237_106157895,-0.22179385
20241108_212237_365895184,0.02982294
20241108_212237_603571559,0.059444048
20241108_212237_853639013,0.18283151
20241108_212238_109435461,0.32674488
20241108_212238_362319331,1.1155373
20241108_212238_611244694,0.4573164
20241108_212238_851889820,0.7285928
20241108_212239_098792726,0.55282295
20241108_212239_600362526,0.63700634
20241108_212239_851848442,0.013318608
20241108_212240_096861567,0.08697293
20241108_212240_354021577,-0.2071401
20241108_212240_592162285,-0.6556482
20241108_212240_851780193,-0.21497469
20241108_212241_094792533,-0.22664513
20241108_212241_352179349,-0.15992807
20241108_212241_608055526,-0.16431569
20241108_212241_851399179,-0.109432064
20241108_212242_101156102,-0.09151318
20241108_212242_356473198,0.40128565
20241108_212242_601874620,0.5785247
20241108_212242_863585833,0.097873144
20241108_212243_102327797,0.034810252
20241108_212243_355952525,-0.44739893
20241108_212243_595769306,-0.12644653
20241108_212244_093667549,-0.16898392
20241108_212244_343094426,-0.06964853
20241108_212244_592888887,-0.10522165
20241108_212244_842691204,0.10669
20241108_212245_591508374,0.044701315
20241108_212245_846447443,0.11027179
20241108_212246_097312051,-0.18137382
20241108_212246_350816910,-0.19860996
20241108_212246_606447323,0.11078624
20241108_212246_855828031,0.067683734
20241108_212247_098773033,0.06788037
20241108_212247_344973915,0.16578689
20241108_212247_593739289,0.16158979
20241108_212247_847682226,0.16439985
20241108_212248_594788120,0.09982178
20241108_212248_846612981,0.088442124
20241108_212249_348001024,0.04743383
20241108_212249_591837917,0.056538142
20241108_212249_844242176,0.10322026
20241108_212250_095073599,0.3725578
20241108_212250_346269083,0.4388806
20241108_212250_590977662,0.44081482
20241108_212250_849323820,0.37776545
20241108_212251_094626529,0.21452473
20241108_212251_350023921,0.13137484
20241108_212252_090577140,0.6320182
20241108_212252_345576891,0.1924352
20241108_212252_597766606,0.007705735
20241108_212252_848511511,0.12074668
20241108_212253_092183202,0.25017148
20241108_212253_344356599,-0.02723821
20241108_212253_596431175,-0.25010642
20241108_212253_844370618,-0.50068504
20241108_212254_097001296,-1.702876
20241108_212254_346370554,0.04980079
20241108_212254_598404214,-0.5684603
20241108_212254_850186745,0.027267618
20241108_212255_098295626,0.029626632
20241108_212255_342959549,0.2084468
20241108_212255_587968102,0.2200072
20241108_212255_843775627,0.109346025
20241108_212256_091226157,0.08783398
20241108_212256_346620011,0.18923308
20241108_212256_850697816,0.13604252
20241108_212257_095032686,0.25858125
20241108_212257_357205584,0.2139664
20241108_212257_600497232,0.18386745
20241108_212257_857399646,-0.09525766
20241108_212258_105725044,-0.4333767
20241108_212258_353078624,-0.579867
20241108_212258_594420579,-1.1836766
20241108_212258_845614863,-0.004363561
20241108_212259_095287444,0.034487844
20241108_212259_345994175,0.22854154
20241108_212259_591833427,1.12108
20241108_212259_847891162,0.6968684
20241108_212300_095064012,0.5875948
20241108_212300_345698895,0.37535146
20241108_212300_592952680,0.4935846
20241108_212300_848766582,0.5101865
20241108_212301_092050887,-0.058561616
20241108_212301_347844667,-0.1154448
20241108_212301_595362414,-0.25384864
20241108_212301_849461934,-0.10619681
20241108_212302_093745591,-0.054061435
20241108_212302_343857080,-0.048752896
20241108_212302_591720092,-0.13652478
20241108_212302_851944175,0.1626075
20241108_212303_102168609,0.3723278
20241108_212303_358780471,1.0700923
20241108_212303_607122554,0.31004542
20241108_212303_853824056,-2.3464725
20241108_212304_102728838,0.2069199
20241108_212304_352205059,-0.27489105
20241108_212304_592124432,-0.16852905
20241108_212304_845079582,0.03343016
20241108_212305_091370994,0.14803095
20241108_212305_345039534,-0.102444015
20241108_212305_591315331,-0.09660234
20241108_212306_090594122,0.008924106
20241108_212306_351144475,-0.11589082
20241108_212306_591485008,-0.07390585
20241108_212306_841740114,-0.099971674
20241108_212307_091584514,0.018701294
20241108_212307_595449279,-0.123199604
20241108_212307_844908984,-0.2744909
20241108_212308_093127232,-0.23944153
20241108_212308_343259159,-0.1638362
20241108_212308_594348776,-0.15448655
20241108_212308_847293313,-0.27791563
20241108_212309_096253842,0.18993649
20241108_212309_344708318,0.3564249
20241108_212309_589066538,0.4756044
20241108_212309_838556822,0.27721527
20241108_212310_089290320,0.15702622
20241108_212310_343177842,-0.053485356
20241108_212310_586998110,0.33017224
20241108_212310_838404191,0.5098211
20241108_212311_086213510,0.22644435
20241108_212311_341784245,0.35111392
20241108_212311_594318956,0.16799252
20241108_212311_851989543,-0.19621308
20241108_212312_102127839,-0.3121941
20241108_212312_347760384,-0.081778966
20241108_212312_591709242,-0.11107268
20241108_212312_843006670,-0.19714035
20241108_212313_088988968,-0.1523955
20241108_212313_346345066,-0.16964866
20241108_212313_591802574,-0.13292061
20241108_212313_841263771,0.0053167734
20241108_212314_087292584,0.06854067
20241108_212314_339525154,0.2840826
20241108_212314_587554859,0.3853045
20241108_212314_837619562,0.4103329
20241108_212315_083952329,0.15489961
20241108_212315_337460901,-0.1654316
20241108_212315_586246245,-0.30692413
20241108_212315_836940577,-0.40917575
20241108_212316_089696746,-0.6129617
20241108_212316_340445795,-0.81798905
20241108_212316_593092754,-0.49173295
20241108_212316_841292475,-0.036093235
20241108_212317_085697381,0.13873816
20241108_212317_340075751,0.36597252
20241108_212317_591174929,0.36820105
20241108_212318_340338021,0.21891089
20241108_212318_590090120,0.1460564
20241108_212319_090575155,0.24389891
20241108_212319_341584019,0.16898654
20241108_212319_589587792,0.16048883
20241108_212319_841633399,-0.015094062
20241108_212320_088331145,-0.1615962
20241108_212320_339795097,-0.42203677
20241108_212320_589191176,-0.46549308
20241108_212321_088787204,-0.36296576
20241108_212321_348263794,0.029928276
20241108_212321_596315272,-0.4131724
20241108_212321_851400426,-1.8905271
20241108_212322_105931362,-0.7171981
20241108_212322_360411258,0.10681031
20241108_212322_600587212,0.6691564
20241108_212322_849046907,0.67079526
20241108_212323_099972516,0.8648213
20241108_212323_346230533,0.63147676
20241108_212323_591395502,0.31733587
20241108_212323_843164324,0.476023
20241108_212324_089051155,0.37750253
20241108_212324_344787078,0.2803661
20241108_212324_589957560,-0.008516958
20241108_212324_844744193,0.36185187
20241108_212325_091505644,0.08336822
20241108_212325_347082622,-0.0050033834
20241108_212325_599525949,-0.0327081
20241108_212325_847833579,0.277353
20241108_212326_095828557,-0.11115041
20241108_212326_351574540,-0.4431195
20241108_212326_597876384,-0.12302681
20241108_212326_844420380,-0.10997414
20241108_212327_094630209,-0.10063549
20241108_212327_841199384,-0.39656734
20241108_212328_091136065,-0.10711684
20241108_212328_343627165,-1.4210095
20241108_212328_594321102,-0.5456214
20241108_212328_846886072,-0.5790159
20241108_212329_092340493,-0.403193
20241108_212329_344882482,-0.5619783
20241108_212329_598845544,-0.34513158
20241108_212329_845238469,-0.15769245
20241108_212330_090637863,0.01890524
20241108_212330_340533637,0.24033038
20241108_212330_590891857,0.0911938
20241108_212330_846631223,0.10994042
20241108_212331_091131625,-0.0057526436
20241108_212331_346579873,0.22687598
20241108_212331_594230520,0.14660959
20241108_212331_843637341,0.11136667
20241108_212332_089021948,-0.3619111
20241108_212332_345633298,-1.1047523
20241108_212332_591733085,-0.8237099
20241108_212332_838649321,-0.38060647
20241108_212333_086691543,-0.48639256
20241108_212333_339940551,-0.59665924
20241108_212333_586813430,-0.3972243
20241108_212333_836561157,-0.096463785
20241108_212334_086063390,0.28403568
20241108_212334_338837660,-0.19689982
20241108_212334_586804236,-0.4664193
20241108_212334_841989040,-0.841041
20241108_212335_092385066,-0.5436962
20241108_212335_342817357,-0.61906564
20241108_212335_591854657,-0.7679215
20241108_212335_847186793,-0.7473499
20241108_212336_095503801,-0.76218027
20241108_212336_343210742,0.6237855
20241108_212336_590805885,0.15360914
20241108_212336_843746931,0.16409259
20241108_212337_088239677,0.18889488
20241108_212337_840831258,0.23297976
20241108_212338_338037395,0.28138322
20241108_212338_584760008,0.47237185
20241108_212339_344627503,0.36019763
20241108_212339_838402352,0.6625526
20241108_212340_336925158,0.48836425
20241108_212340_584757712,0.5669096
20241108_212341_085685952,0.14899294
20241108_212341_343287120,0.10604385
20241108_212341_592185383,0.36328813
20241108_212341_847176672,0.4363928
20241108_212342_093871018,0.36645767
20241108_212342_586924047,0.54097193
20241108_212342_838057927,0.42283577
20241108_212343_335470455,0.48262897
20241108_212343_585931597,0.43095583
20241108_212343_836666882,0.3607201
20241108_212344_083928295,0.30179927
20241108_212344_334520335,0.31208333
20241108_212344_585952159,0.47661582
20241108_212344_838331915,-0.24584395
20241108_212345_086943862,0.15199384
20241108_212345_342033969,0.095942385
20241108_212345_585248330,0.082453586
20241108_212345_839174680,0.1779564
20241108_212346_085614688,0.094733275
20241108_212346_338909672,0.041268386
20241108_212346_587301023,0.04781816
20241108_212346_837580180,0.18343101
20241108_212347_087169211,0.15750103
20241108_212347_338667018,0.15161406
20241108_212347_588027735,1.1391683
20241108_212347_837443212,-0.18677776
20241108_212348_088833438,0.034363784
20241108_212348_343584933,-0.12373702
20241108_212348_590748211,-0.077882014
20241108_212348_841015740,-0.3864967
20241108_212349_090106598,-0.51541376
20241108_212349_342057400,-0.55748403
20241108_212349_588205579,-0.32280907
20241108_212349_839412867,-0.012993458
20241108_212350_089595295,0.12846732
20241108_212350_337395486,0.0060366187
20241108_212350_591745227,-0.025570711
20241108_212351_084016398,-0.15522476
20241108_212351_336652003,-0.9400038
20241108_212351_589236223,-0.7836681
20241108_212351_837826208,-0.19207011
20241108_212352_087852813,-0.11651249
20241108_212352_338199415,-0.077437654
20241108_212352_584646417,-0.14937003
20241108_212352_838327521,-0.1831276
20241108_212353_342268491,-0.14514656
20241108_212353_584787505,-0.110953055
20241108_212353_835833579,-0.14405973
20241108_212354_086274755,0.12797017
20241108_212354_338371385,0.1966919
20241108_212354_584400274,0.17669864
20241108_212354_833933037,0.25031808
20241108_212356_086097025,0.13610701
20241108_212356_338918649,-0.001253685
20241108_212356_585611473,0.30542666
20241108_212356_835497731,0.20069598
20241108_212357_082477106,0.1827517
20241108_212357_334759365,0.12403188
20241108_212357_837383520,0.15537225
20241108_212358_082511427,-0.025527855
20241108_212358_341050386,0.03568188
20241108_212358_584089399,0.08169184
20241108_212400_097359101,0.015071729
20241108_212400_345302957,-0.37768385
20241108_212400_589835220,-0.56906486
20241108_212400_842314453,-0.34228247
20241108_212401_339615350,-1.0308826
20241108_212401_590133655,-0.5027459
20241108_212401_841927891,-0.081066675
20241108_212402_091705251,0.5233275
20241108_212402_344262772,-0.19726475
20241108_212402_587573588,-0.022057315
20241108_212402_840258694,-0.008306583
20241108_212403_089558435,-0.15318836
20241108_212403_342055130,-0.10271045
20241108_212403_589769541,0.2999863
20241108_212403_839320593,0.14212672
20241108_212404_087930064,0.21268193
20241108_212404_346543924,0.05398161
20241108_212405_344814431,0.0432064
20241108_212405_840368180,0.0015952382
20241108_212406_088017428,0.04311184
20241108_212406_353976582,0.41032627
20241108_212406_592742045,0.107582904
20241108_212406_842402866,0.3810127
20241108_212407_095748189,-0.45728138
20241108_212407_347542809,-0.23596619
20241108_212407_599461538,-0.072954915
20241108_212407_851274660,-0.08105203
20241108_212408_099647097,0.008083442
20241108_212408_347619441,0.05315683
20241108_212409_340089137,0.00077412464
20241108_212409_593265071,-0.08891591
20241108_212410_589660802,-0.024055501
20241108_212410_841175856,0.0166773
20241108_212411_087466283,-0.076843284
20241108_212411_345910624,0.08989773
20241108_212411_848157910,-0.021873673
20241108_212412_091858201,-0.02196016
20241108_212413_591193758,-0.028180322
20241108_212413_839848440,0.11653302
20241108_212414_088026605,0.04213009
20241108_212415_338611162,-0.008112928
20241108_212415_584787669,-0.22885431
20241108_212415_838219565,-0.1241551
20241108_212416_083624709,-0.09395405
20241108_212416_336594045,-0.1573195
20241108_212416_587278327,-0.12521459
20241108_212417_337225644,-0.06998374
20241108_212417_842745740,-0.046717606
20241108_212418_342760010,-0.08255633
20241108_212418_839913498,-0.03095903
20241108_212419_087093909,0.080126084
20241108_212419_338106217,-0.0048262086
20241108_212419_835969301,-0.039874636
20241108_212420_086196379,-0.32283896
20241108_212420_334685339,-0.15762468
20241108_212420_584677237,-0.19936638
20241108_212420_836571714,-1.3918833
20241108_212421_085470545,0.5738884
20241108_212421_336805669,0.047260083
20241108_212421_584641858,-0.10964348
20241108_212421_838600585,0.04322932
20241108_212422_085754613,0.07261748
20241108_212422_337495076,0.09347332
20241108_212422_587388577,0.26727822
20241108_212422_838183299,0.15770431
20241108_212423_087237309,0.14024703
20241108_212423_339133959,0.16216342
20241108_212423_587984801,0.15285619
20241108_212423_838469723,0.11939708
20241108_212424_085757526,0.1487693
20241108_212424_337715198,-0.111295044
20241108_212424_586001376,-0.012051931
20241108_212424_845483359,-0.08443024
20241108_212425_096887134,-0.02728574
20241108_212425_848003985,-0.09476306
20241108_212426_336347819,-0.1337262
20241108_212426_587080841,-0.15279217
20241108_212426_845925056,-0.0318748
20241108_212427_091140005,0.23480417
20241108_212427_343617990,0.17342345
20241108_212427_596906772,0.08026884
20241108_212427_843115131,-0.1690395
20241108_212428_086296318,0.041681804
20241108_212428_346971168,0.31477788
20241108_212428_589548296,0.25576472
20241108_212428_842161268,-0.100366555
20241108_212429_088856773,-0.37770173
20241108_212429_339276174,-0.22622745
20241108_212429_586922917,-0.2609147
20241108_212429_841502649,-0.069677316
20241108_212430_086811260,0.30142924
20241108_212430_335933990,0.56928664
20241108_212430_584441066,0.22755314
20241108_212431_084090988,0.08418826
20241108_212431_340879119,0.060379483
20241108_212431_585748600,-0.04229226
20241108_212432_343536153,0.047273256
20241108_212432_595482924,-0.46501964
20241108_212432_840458480,-0.52738327
20241108_212433_085570713,-0.28962016
20241108_212433_836085314,-0.2772484
20241108_212434_337582104,-0.32067165
20241108_212434_590185855,-0.17887451
20241108_212435_087501140,-0.23282827
20241108_212435_340308007,-0.35601994
20241108_212435_585938001,-0.30301267
20241108_212436_584887091,-0.13341288
20241108_212436_843227657,-0.3269032
20241108_212437_091843246,0.014893794
20241108_212437_338986591,0.0303119
20241108_212437_588692439,0.024676004
20241108_212437_842556353,0.6321824
20241108_212438_091225877,0.20995389
20241108_212438_342133288,0.36468527
20241108_212438_603869960,0.110475786
20241108_212438_851432903,0.11229507
20241108_212439_089448866,0.15620153
20241108_212439_339985214,0.6221467
20241108_212439_585484754,0.31245294
20241108_212439_835955986,0.5717142
20241108_212440_084165997,0.3445415
20241108_212440_583380911,0.284453
20241108_212440_835141166,0.40570328
20241108_212441_087899533,0.592346
20241108_212441_339924912,0.039495267
20241108_212441_586392749,0.1445473
20241108_212441_836833135,0.121122696
20241108_212442_336320395,-1.3302048
20241108_212442_584894974,-0.11773812
20241108_212442_835896406,-0.10486325
20241108_212443_083910592,-0.053243063
20241108_212443_336366056,-0.0025822725
20241108_212443_583409269,-0.06771483
20241108_212443_835284214,-0.07728561
20241108_212444_083464250,0.12614425
20241108_212444_335844168,0.067609765
20241108_212444_584604136,-0.00079621933
20241108_212444_835985920,-0.016887268
20241108_212445_582974775,-0.12709622
20241108_212446_084635578,0.59331083
20241108_212446_333724023,0.037344195
20241108_212446_583332607,0.09324644
20241108_212447_087302313,0.13296174
20241108_212447_337170193,0.2240823
20241108_212447_584405129,0.2808442
20241108_212447_838296930,0.30613387
20241108_212448_087401098,0.23296414
20241108_212448_339358702,0.18549804
20241108_212448_585800783,0.18730621
20241108_212448_838555473,0.19654356
20241108_212449_085778860,-0.29655883
20241108_212449_336619828,-0.027484259
20241108_212449_585810358,0.13897516
20241108_212449_837822777,0.16054119
20241108_212450_084241910,0.1363378
20241108_212450_334501644,0.26563796
20241108_212450_585306114,0.17512698
20241108_212451_081803774,0.13013278
20241108_212451_336111194,0.09643821
20241108_212451_584562121,-0.014375469
20241108_212451_833920631,-0.29055434
20241108_212452_082623449,-0.18112011
20241108_212452_335863990,-0.1328838
20241108_212452_585464064,-2.343149
20241108_212452_841727158,0.5611766
20241108_212453_085730339,0.3612109
20241108_212453_335776686,0.122817256
20241108_212453_583085865,0.043499805
20241108_212453_835733751,0.16206829
20241108_212454_081842936,0.1860132
20241108_212454_333711936,0.23751225
20241108_212454_836004877,0.27242452
20241108_212455_085335481,0.4102296
20241108_212455_336690219,0.09573344
20241108_212455_584169399,-0.10885706
20241108_212455_836110907,-0.004017433
20241108_212456_086164344,-0.15133055
20241108_212456_339863900,-0.0793777
20241108_212456_589217378,-0.07203939
20241108_212456_838487652,-0.14337654
20241108_212457_086478686,-0.03525307
20241108_212457_337442961,0.19202907
20241108_212457_586566182,0.37220415
20241108_212457_835357155,0.2337905
20241108_212458_083348087,0.227547
20241108_212458_340295787,0.11680383
20241108_212458_587611201,0.16163866
20241108_212459_083938419,0.15735297
20241108_212459_336881458,0.15028934
20241108_212459_590213167,0.18596728
20241108_212459_837228863,0.06431178
20241108_212500_083500479,0.11314271
20241108_212500_337019196,0.05532322
20241108_212500_593985996,-0.71911174
20241108_212500_851210226,0.00048850477
20241108_212501_101921219,-0.41838315
20241108_212501_348979238,-0.13344428
20241108_212501_591168502,-0.3785815
20241108_212501_843501090,-0.3923014
20241108_212502_094490617,-0.2772798
20241108_212502_346205047,0.54412144
20241108_212502_597191887,0.07068471
20241108_212502_851955575,0.5697049
20241108_212503_091421293,0.31843278
20241108_212503_347805108,0.122434296
20241108_212503_594416781,-0.0032683816
20241108_212504_088241820,0.13400094
20241108_212504_341816427,0.051688947
20241108_212504_590851608,0.11702267
20241108_212504_837864434,0.09060434
20241108_212505_084099217,0.10695795
20241108_212505_335865572,0.07193533
20241108_212505_588809141,0.040524222
20241108_212506_084853575,0.23144202
20241108_212506_344220735,0.3480166
20241108_212506_591631769,0.54228926
20241108_212507_083189689,0.34504336
20241108_212507_338411687,0.04873029
20241108_212507_587826407,0.11384521
20241108_212507_840177559,0.14042638
20241108_212508_088892350,0.13878559
20241108_212508_340853278,0.19354753
20241108_212508_585022057,0.19436271
20241108_212508_837322889,0.1686204
20241108_212509_087038108,0.119998254
20241108_212509_342937624,0.031770207
20241108_212509_588892097,0.067053236
20241108_212509_839178881,0.099295
20241108_212510_333661317,0.090243615
20241108_212510_586734952,0.12265418
20241108_212510_841927941,-0.017541787
20241108_212511_087726270,0.10293201
20241108_212511_339132911,0.03180585
20241108_212511_592610874,0.02264751
20241108_212511_838753688,0.005834261
20241108_212512_086674054,0.057709314
20241108_212512_335374468,0.24352027
20241108_212512_837071405,0.080260016
20241108_212513_087095016,0.12226424
20241108_212513_342287044,0.06296096
20241108_212513_588204732,0.034648515
20241108_212513_839760768,-0.2344862
20241108_212514_084954026,-0.36394188
20241108_212514_338761209,-0.15405132
20241108_212514_587935458,-0.25295192
20241108_212514_836694403,-0.28399444
20241108_212515_086735036,-0.188208
20241108_212515_339840444,-0.16645704
20241108_212515_591318678,-0.21441029
20241108_212515_840580785,-0.17368878
20241108_212516_095812236,-0.014917394
20241108_212516_343529840,-0.33957365
20241108_212516_591682373,-0.2161497
20241108_212516_841983918,-0.17296113
20241108_212517_084228609,-0.11196204
20241108_212517_338116692,-0.13016237
20241108_212517_589065092,0.18821897
20241108_212517_840289957,-0.13171007
20241108_212518_085960541,0.11895887
20241108_212518_339151581,0.77196646
20241108_212518_587532087,1.3773351
20241108_212518_839333519,-0.66114855
20241108_212519_083506894,-0.63425237
20241108_212519_333415997,-0.78315645
20241108_212519_584675864,-0.44784763
20241108_212519_832586756,-1.1813383
20241108_212520_082335466,-0.5055481
20241108_212520_335939170,-0.5006756
20241108_212520_583942308,-0.2743658
20241108_212520_834588217,-0.26072517
20241108_212521_083928316,-0.6322017
20241108_212521_334639895,-1.1881875
20241108_212521_583789990,-0.7742328
20241108_212521_834760111,-0.6597652
20241108_212522_087348729,-0.61404485
20241108_212522_347302025,-0.6311822
20241108_212522_594347218,-0.87331307
20241108_212522_841676561,-0.47943953
20241108_212523_086245038,-0.77047205
20241108_212523_348528374,0.6642502
20241108_212523_591109464,0.11693887
20241108_212523_837143074,0.15468155
20241108_212524_334966752,0.26367489
20241108_212524_582755872,0.8919576
20241108_212524_833517154,1.314059
20241108_212525_083108355,0.13549373
20241108_212525_335960871,-0.12720093
20241108_212525_587702992,-0.43619695
20241108_212525_839704703,-0.32272592
20241108_212526_083293756,-0.3002131
20241108_212526_334480810,-0.43838945
20241108_212526_833059335,-1.2819389
20241108_212527_081128059,-0.843829
20241108_212527_332399799,-0.55482036
20241108_212527_582760802,-0.50885344
20241108_212527_833799013,-0.52537894
20241108_212528_083335721,-0.64274096
20241108_212528_338561981,-0.36556706
20241108_212528_586407919,-0.09396886
20241108_212528_839037361,0.09415148
20241108_212529_092756642,0.62539166
20241108_212529_352633102,0.49638376
20241108_212529_598321896,0.21190742
20241108_212529_851126446,0.12046044
20241108_212530_090316793,0.14625895
20241108_212530_338901472,0.085861444
20241108_212530_584217917,0.37736118
20241108_212530_838625240,0.26147035
20241108_212531_085510649,0.12491021
20241108_212531_337681765,0.15040068
20241108_212531_588366093,-0.5417983
20241108_212531_835215994,-0.7247065
20241108_212532_083616954,-0.429209
20241108_212532_337869970,-0.51818633
20241108_212532_585003567,-0.2712244
20241108_212532_836675249,-0.24979456
20241108_212533_336186277,-0.35144928
20241108_212533_582363179,-0.2972922
20241108_212533_834382674,-0.036986645
20241108_212534_087758878,0.22030777
20241108_212534_337617588,0.106612675
20241108_212534_585186059,0.02345288
20241108_212534_833879218,0.08508675
20241108_212535_082235845,0.0817733
20241108_212535_334670115,0.030682424
20241108_212535_834083257,0.01592807
20241108_212536_084027401,-0.11676731
20241108_212536_336483846,-0.28030115
20241108_212536_584183314,-0.19771887
20241108_212536_834650245,-0.12287744
20241108_212537_085792890,-0.0053799357
20241108_212537_334404419,-0.03498634
20241108_212537_583901587,-0.079719685
20241108_212538_082042475,-0.0755535
20241108_212538_334387029,-0.08447584
20241108_212538_581626696,-0.6878939
20241108_212538_832575519,-0.24531825
20241108_212539_081167990,-0.2580423
20241108_212539_334636980,-0.1849023
20241108_212539_584725131,-0.3042163
20241108_212539_835498236,-0.486431
20241108_212540_336702084,-0.5174965
20241108_212540_584387676,-0.5601186
20241108_212540_839761082,-0.34887642
20241108_212541_082793609,-0.4998728
20241108_212541_333129334,-0.31332532
20241108_212541_582476505,-0.20592439
20241108_212542_081965281,-0.28480795
20241108_212542_336278056,-0.21429004
20241108_212542_590171215,-0.1512131
20241108_212542_837483854,-0.022079164
20241108_212543_086759667,-0.030643364
20241108_212543_336006342,-0.084251784
20241108_212543_585993582,0.2063202
20241108_212543_837893385,0.34958047
20241108_212544_084797219,0.25902298
20241108_212544_338177541,0.14107133
20241108_212544_833423149,0.12797897
20241108_212545_082720784,0.093537726
20241108_212545_335773381,0.1070923
20241108_212545_583767462,-0.16333799
20241108_212545_843419478,-0.08114817
20241108_212546_085452183,-0.048512302
20241108_212546_584594223,-0.0042937603
20241108_212546_833331973,-0.04038658
20241108_212547_083051978,-0.5064332
20241108_212547_335672440,-0.7718868
20241108_212547_582572244,0.041233577
20241108_212547_833134975,-0.11733725
20241108_212548_082157755,-0.04675921
20241108_212548_335439853,-0.023586413
20241108_212548_584688881,-0.057362042
20241108_212548_833816123,-0.06911626
20241108_212549_082827148,-0.090298794
20241108_212549_334403044,-0.0776185
20241108_212549_582346956,-0.09347626
20241108_212549_834206807,-0.08498766
20241108_212550_079162404,0.08792273
20241108_212550_331801608,-1.4511274
20241108_212550_583395330,-0.5808876
20241108_212550_834220318,-0.7391469
20241108_212551_085833289,-0.83085424
20241108_212551_335637526,0.60310423
20241108_212551_585582314,0.14896658
20241108_212551_838926613,0.017971495
20241108_212552_087818193,-0.15601219
20241108_212552_340480742,-0.45197526
20241108_212552_589206341,-0.46916202
20241108_212552_840809468,-0.33008486
20241108_212553_085497214,-0.28847018
20241108_212553_337390851,-0.28161594
20241108_212553_584673432,-0.2065024
20241108_212554_082026566,-0.21171297
20241108_212554_336084412,-0.47217545
20241108_212554_583793592,-0.30005053
20241108_212554_834977068,-0.3088961
20241108_212555_334444697,-0.49777696
20241108_212555_585472060,-0.49632707
20241108_212555_834457699,-0.24466126
20241108_212556_082063336,-0.22692557
20241108_212556_332617750,-0.29001513
20241108_212556_830411378,-0.44940963
20241108_212557_080858450,-0.25068566
20241108_212557_331293875,-0.92657906
20241108_212557_581425618,-0.9901715
20241108_212557_832696420,-1.5968125
20241108_212558_081582609,-0.6513404
20241108_212558_334298827,0.37412712
20241108_212558_582102434,0.015783468
20241108_212558_843512180,0.02656118
20241108_212559_089608706,0.20934467
20241108_212559_341454276,-0.6996593
20241108_212559_590271387,-0.5970299
20241108_212559_843022870,-0.5338401
20241108_212600_093378859,-0.6365228
20241108_212600_353545465,-0.7649431
20241108_212600_593933230,-0.30290917
20241108_212600_843820677,-0.37867728
20241108_212601_093965108,-0.3757153
20241108_212601_340624009,-0.7373989
20241108_212601_585344892,-0.57448965
20241108_212601_835706633,-1.0188742
20241108_212602_086480297,0.30507645
20241108_212602_341277887,0.11144135
20241108_212602_592317879,-0.104114614
20241108_212602_845179289,-0.112827145
20241108_212603_092288451,0.03562645
20241108_212603_339688666,0.42287576
20241108_212603_584867165,0.2230293
20241108_212604_585041570,0.15419792
20241108_212604_837924860,0.26399747
20241108_212605_086455921,-0.097286366
20241108_212605_337033505,-0.35109448
20241108_212605_585819026,-0.2277207
20241108_212605_838070378,-0.4351193
20241108_212606_090911660,-0.18935479
20241108_212606_338022223,-0.8081423
20241108_212606_585291372,0.15773283
20241108_212606_840106975,0.15617223
20241108_212607_089085148,0.040104307
20241108_212607_338905212,-0.027443131
20241108_212607_595892064,-0.064114
20241108_212607_845955952,0.035252728
20241108_212608_089584778,0.06422458
20241108_212608_339966276,0.013462285
20241108_212608_588046518,0.018510262
20241108_212609_086462074,-0.03747227
20241108_212609_337401922,-0.080541275
20241108_212609_583744127,-0.12277772
20241108_212609_836748380,-0.0065069403
20241108_212610_084238972,-0.04052379
20241108_212610_334073908,-0.07689663
20241108_212610_583784143,0.030687371
20241108_212610_832237979,-0.07747986
20241108_212611_081925059,-0.1581793
20241108_212611_331148500,-0.18571909
20241108_212611_580609622,-0.10583904
20241108_212611_830893352,-0.08514639
20241108_212612_081207732,-0.04255285
20241108_212612_338112336,0.7825229
20241108_212612_588119079,0.22663884
20241108_212612_842375186,0.93850034
20241108_212613_098973564,1.1073872
20241108_212613_347451207,1.6317012
20241108_212613_590397143,-0.57569855
20241108_212613_846254917,-0.22518606
20241108_212614_090122430,-0.7889332
20241108_212614_338825582,-0.7443731
20241108_212614_584299391,-0.27726194
20241108_212614_837128661,-0.27077535
20241108_212615_336005195,-0.3141556
20241108_212615_583033573,-0.7208506
20241108_212615_834431929,-0.21784702
20241108_212616_081546603,0.024372542
20241108_212616_331923326,-0.11349245
20241108_212616_583560355,-0.20896502
20241108_212616_841032630,-0.3158163
20241108_212617_088717092,-0.1614777
20241108_212617_340114633,-0.13981463
20241108_212617_586779868,-0.12544496
20241108_212617_835138910,-0.27850372
20241108_212618_082223554,-0.14122708
20241108_212618_332385450,-0.39557236
20241108_212618_583278836,-0.85653836
20241108_212618_840890629,-1.0121764
20241108_212619_088083912,0.5349393
20241108_212619_342063445,0.82881033
20241108_212619_843848658,0.43534303
20241108_212620_089883959,0.07040135
20241108_212620_345895290,-0.056469433
20241108_212620_592256433,-0.24582215
20241108_212620_845173595,-0.21884401
20241108_212621_094475461,-0.21900888
20241108_212621_344311056,-0.2561837
20241108_212621_591157453,-0.14943336
20241108_212621_844462112,-0.10155346
20241108_212622_101227129,-0.08810296
20241108_212622_346598475,-0.16686733
20241108_212623_084284089,-0.110334836
20241108_212623_334358741,-0.17992716
20241108_212623_583929896,-0.14637585
20241108_212623_835813035,0.11143298
20241108_212624_083483277,0.16712277
20241108_212624_335772149,0.22087362
20241108_212624_584449481,0.20066778
20241108_212624_835121111,0.0019646082
20241108_212625_084116790,-0.0010111537
20241108_212625_335821697,-0.060262106
20241108_212625_584471638,-0.07005551
20241108_212625_835784552,0.039366283
20241108_212626_086026420,0.16212392
20241108_212626_342623004,-0.2696703
20241108_212626_589194998,-0.48280177
20241108_212626_838179558,-0.34260687
20241108_212627_082071536,-0.11128449
20241108_212627_334030733,-0.36816388
20241108_212627_584886093,-0.6534819
20241108_212627_834308062,-0.50769085
20241108_212628_082227933,-0.49748567
20241108_212628_337363327,-0.7954627
20241108_212628_589331299,-2.1501007
20241108_212628_844264259,0.14186145
20241108_212629_091237319,-0.24415351
20241108_212629_341097165,-0.16852595
20241108_212629_589999286,0.19712938
20241108_212629_842285626,0.47846177
20241108_212630_089853602,1.0929447
20241108_212630_339608494,0.761036
20241108_212630_587004263,0.28301868
20241108_212630_840427057,0.10884567
20241108_212631_086847887,0.040980436
20241108_212631_336950820,-0.01882427
20241108_212631_589323864,0.09306411
20241108_212631_841088258,0.21791135
20241108_212632_092227969,0.040669598
20241108_212632_338452602,0.061137773
20241108_212632_589850462,0.117816485
20241108_212632_837174575,0.0995355
20241108_212633_089178342,-0.039058886
20241108_212633_339811265,-0.020872613
20241108_212633_582872828,0.027239779
20241108_212633_838397427,-0.0793029
20241108_212634_083859099,1.4865785
20241108_212634_336065484,2.2518709
20241108_212634_586108234,0.43186083
20241108_212634_836034598,1.1529444
20241108_212635_086801806,1.3455257
20241108_212635_338087039,1.1291125
20241108_212635_586563991,1.055101
20241108_212635_835483645,0.3154716
20241108_212636_080318321,0.08516998
20241108_212636_334010227,0.33267695
20241108_212636_581593778,0.97268826
20241108_212636_837231582,0.8515625
20241108_212637_088860285,0.64481694
20241108_212637_342766304,0.46408054
20241108_212637_585436621,0.34538484
20241108_212637_834954239,0.37154034
20241108_212638_080609788,-0.42653018
20241108_212638_335001865,-0.23266183
20241108_212638_582914388,-0.09373672
20241108_212638_834677248,-0.18827838
20241108_212639_083358693,-0.68910617
20241108_212639_337651952,2.7676268
20241108_212639_588379303,0.8703123
20241108_212639_839671239,-1.206476
20241108_212640_084530763,-0.5777403
20241108_212640_336977628,-0.87337923
20241108_212640_582130593,-0.6001828
20241108_212640_834503546,-0.5519287
20241108_212641_082248553,-1.4271001
20241108_212641_332120802,-0.78489727
20241108_212641_582712408,0.19670792
20241108_212641_832278289,-0.07216933
20241108_212642_082513659,-0.07874898
20241108_212642_338495622,-0.077432774
20241108_212642_584513049,-0.044111453
20241108_212642_835110834,-0.10758921
20241108_212643_085511724,-0.20499142
20241108_212643_345291709,-0.14125474
20241108_212643_584683330,-0.027277907
20241108_212643_836723296,-0.033354484
20241108_212644_080853148,-0.106289886
20241108_212644_332692714,-0.30499902
20241108_212644_587196750,0.045911662
20241108_212644_843342775,0.0073196683
20241108_212645_087492781,0.05592177
20241108_212645_337132628,0.071960784
20241108_212645_585035225,0.06787179
20241108_212645_839267130,0.061396696
20241108_212646_087208458,-0.5033978
20241108_212646_338552782,-0.2239082
20241108_212646_584903379,-0.39324898
20241108_212646_837136670,-0.24027605
20241108_212647_341674082,-0.17408524
20241108_212647_589773067,-0.110606454
20241108_212647_840806384,-0.19326381
20241108_212648_333330931,-0.32858455
20241108_212648_582143145,-0.35305098
20241108_212648_835600911,-0.26741937
20241108_212649_081665624,-0.77710783
20241108_212649_335966309,-0.3850909
20241108_212649_582454806,-0.23985355
20241108_212649_834054696,-0.2832003
20241108_212650_081067737,-0.5093373
20241108_212650_332124998,-0.71004224
20241108_212650_583266888,-0.7611474
20241108_212650_835049065,-0.17974673
20241108_212651_085742968,-0.21700098
20241108_212651_339815596,-0.6629367
20241108_212651_592430981,-1.6277465
20241108_212651_836484311,0.22587614
20241108_212652_088630493,-0.094179295
20241108_212652_339202983,-0.0038554277
20241108_212652_587310667,-0.02197226
20241108_212652_834295085,-0.31445298
20241108_212653_085530018,-0.29721293
20241108_212653_336975742,-0.2982973
20241108_212653_588195774,-0.7206405
20241108_212653_842286518,-1.4680301
20241108_212654_088690235,-0.39817134
20241108_212654_340442373,-0.5321509
20241108_212654_589197643,-0.053763017
20241108_212654_842568716,1.4825946
20241108_212655_087279838,-0.34889185
20241108_212655_341169552,-0.31617042
20241108_212655_581623593,-0.6360321
20241108_212655_834527719,-0.18624087
20241108_212656_082581234,-0.68910027
20241108_212656_331830350,-0.124481164
20241108_212656_580835965,-0.678125
20241108_212656_832088178,-0.0743003
20241108_212657_086528179,-0.1305254
20241108_212657_339428339,-0.80955285
20241108_212657_583445523,-0.93239915
20241108_212657_834450234,-0.5237104
20241108_212658_083730237,-0.08938959
20241108_212658_336478970,0.31416002
20241108_212658_584987912,0.32687768
20241108_212658_840106154,-0.23807837
20241108_212659_092182100,-0.18849309
20241108_212659_347487503,0.2805198
20241108_212659_594368213,0.27083832
20241108_212659_847626970,0.07452539
20241108_212700_095221076,-0.062546976
20241108_212700_350089385,0.8106283
20241108_212700_595429323,0.31187424
20241108_212700_840707040,0.10296861
20241108_212701_091845818,-0.13196583
20241108_212701_346987598,0.87482625
20241108_212701_590202408,1.7578411
20241108_212701_842033043,0.4314339
20241108_212702_088982972,-0.02020376
20241108_212702_340424787,0.11077256
20241108_212702_588695332,0.5252224
20241108_212702_839681339,1.1575527
20241108_212703_090317837,1.4162116
20241108_212703_347700614,-0.52553904
20241108_212703_590532086,0.022591086
20241108_212703_841059268,0.06594009
20241108_212704_091442856,0.1230127
20241108_212704_345821591,0.7619579
20241108_212704_593090793,0.38457367
20241108_212704_841943137,0.62949395
20241108_212705_088315857,0.45059898
20241108_212705_342832826,-0.18221278
20241108_212705_587194523,-0.81764966
20241108_212705_840863806,-0.11430534
20241108_212706_087128040,-0.1342863
20241108_212706_344328094,0.23359694
20241108_212706_589207597,0.3000239
20241108_212707_092489815,-0.080069326
20241108_212707_339372384,0.042377807
20241108_212707_588541306,0.37580734
20241108_212707_835911085,0.65084475
20241108_212708_084421364,0.44326854
20241108_212708_336465581,0.26902765
20241108_212708_583234551,0.2964958
20241108_212708_836533934,0.20917664
20241108_212709_082837871,0.1567745
20241108_212709_336066941,-0.16996433
20241108_212709_588551918,-0.5184445
20241108_212709_839660582,-0.26880813
20241108_212710_087319649,-0.079054765
20241108_212710_334318978,-0.2003292
20241108_212710_584919802,0.13624002
20241108_212710_836079506,0.29595396
20241108_212711_086941138,0.08149979
20241108_212711_337974784,-0.010735175
20241108_212711_587355475,-0.050836764
20241108_212712_081749780,-1.0122627
20241108_212712_336811051,-2.0696805
20241108_212712_585460920,-0.80884385
20241108_212712_832648892,-0.58352834
20241108_212713_081014077,-0.7410516
20241108_212713_334684828,-0.79982764
20241108_212713_583447903,-0.112365715
20241108_212713_832851828,-0.28367037
20241108_212714_084955277,-0.14038707
20241108_212714_336228267,-0.08025422
20241108_212714_587559799,-0.09541222
20241108_212714_836762992,-0.069010995
20241108_212715_088107495,-0.096240245
20241108_212715_340985430,-0.29796368
20241108_212715_833613311,-0.07189383
20241108_212716_080878539,0.22068252
20241108_212716_332516498,-0.16869517
20241108_212716_581338495,-0.039351843
20241108_212716_836153219,-0.018462678
20241108_212717_083034257,-0.03739872
20241108_212717_331211901,0.049139656
20241108_212717_581998790,0.24027012
20241108_212717_832676538,-0.24716206
20241108_212718_081373661,-0.5144314
20241108_212718_332314540,-0.6935432
20241108_212718_581197717,-0.41867948
20241108_212718_834868444,-0.08605007
20241108_212719_083137926,-0.06286212
20241108_212719_332637559,-0.09096869
20241108_212719_585538011,-0.023980478
20241108_212719_837030376,-0.018764278
20241108_212720_080786445,0.14388193
20241108_212720_332299476,-0.12971373
20241108_212720_580572053,-0.05449172
20241108_212720_834415887,-0.3346379
20241108_212721_081731889,-0.3976657
20241108_212721_336406685,-0.48587543
20241108_212721_583092021,-0.32016504
20241108_212721_835848691,-0.19030459
20241108_212722_080258623,-0.51342946
20241108_212722_333567525,-0.69576246
20241108_212722_579553563,-0.5041326
20241108_212722_830257662,-0.4793518
20241108_212723_335644455,-0.247956
20241108_212723_586185864,0.17833543
20241108_212723_836142042,1.3562945
20241108_212724_084785328,0.030309116
20241108_212724_343697297,-0.65584177
20241108_212724_589719987,-0.8191361
20241108_212724_837883194,-0.45338634
20241108_212725_084840735,-0.71711856
20241108_212725_336253115,1.1614895
20241108_212725_586620072,0.09154859
20241108_212725_837717317,0.058692865
20241108_212726_082428047,0.8128673
20241108_212726_333910735,-0.557326
20241108_212726_585315506,-0.45790905
20241108_212726_837030633,-1.1702515
20241108_212727_087490167,0.28334025
20241108_212727_336073590,0.1805492
20241108_212727_579846169,0.21070193
20241108_212728_084028917,0.2280501
20241108_212728_335731611,0.18708675
20241108_212728_834469056,0.20225416
20241108_212729_079714125,0.19693266
20241108_212729_836417607,-0.3018516
20241108_212730_082282966,-0.03746154
20241108_212730_335682866,-0.108203225
20241108_212730_582678204,-0.22564535
20241108_212730_833993071,-0.3839157
20241108_212731_082927838,-0.4659079
20241108_212731_332412089,-0.3786429
20241108_212731_582740829,-0.13561256
20241108_212731_834144352,-0.060155176
20241108_212732_080678497,-0.041706704
20241108_212732_333528127,-0.21841486
20241108_212732_583577418,-0.16649194
20241108_212733_079817844,-0.010320207
20241108_212733_333272756,-0.15637495
20241108_212733_585557795,-0.1146917
20241108_212733_835815535,-0.17916508
20241108_212734_085528569,-0.1941701
20241108_212734_348446030,-0.25949952
20241108_212734_599724978,-1.9930633
20241108_212734_849583728,0.4809238
20241108_212735_090618504,-0.030134877
20241108_212735_347461116,-0.19477774
20241108_212735_589091819,-0.021348437
20241108_212735_841005420,-0.0196292
20241108_212736_097790675,-0.1759667
20241108_212736_348807679,-0.088462494
20241108_212736_589310331,-0.018643161
20241108_212736_841559322,-0.52884555
20241108_212737_088258514,-0.4275943
20241108_212737_341557856,-0.3151013
20241108_212737_587747361,-0.2510821
20241108_212737_841979198,-0.2980827
20241108_212738_088142730,-0.28390566
20241108_212738_339982816,-0.18276076
20241108_212738_586139583,-0.34633622
20241108_212738_835088213,-0.26351228
20241108_212739_080923172,-0.33452132
20241108_212739_336933935,-0.466606
20241108_212739_584618962,-0.5136435
20241108_212739_842382385,-0.3097945
20241108_212740_084346900,-0.49950963
20241108_212740_340632676,0.36132765
20241108_212740_585864401,0.0033282042
20241108_212740_839608137,0.11472603
20241108_212741_083744095,-0.18896873
20241108_212741_336082410,-1.1646537
20241108_212741_586756119,-0.05035272
20241108_212741_838998103,0.16705935
20241108_212742_082371631,0.1595027
20241108_212742_342079616,0.24665259
20241108_212742_594374328,0.10927866
20241108_212742_845124636,0.0985441
20241108_212743_336927237,-0.03850075
20241108_212743_587613866,0.27427632
20241108_212743_840787225,0.2692273
20241108_212744_090401883,0.14880441
20241108_212744_336069414,0.43374974
20241108_212744_844007281,0.03915117
20241108_212745_087871262,0.0034249816
20241108_212745_343578103,-0.1857021
20241108_212745_588702214,-0.50932616
20241108_212745_836542585,-0.40112334
20241108_212746_081850218,-0.055557095
20241108_212746_336671317,-0.03499212
20241108_212746_582418551,-0.44467187
20241108_212747_087897927,-0.7532235
20241108_212747_341203945,-0.5584508
20241108_212747_836884449,-0.4016178
20241108_212748_585412005,-0.3689748
20241108_212748_834570157,-0.48925987
20241108_212749_081459327,-0.49780735
20241108_212749_338018297,-0.55104405
20241108_212749_583847645,-0.21423377
20241108_212749_839638642,1.1391096
20241108_212750_082855173,-0.047977522
20241108_212750_339072048,-0.031104883
20241108_212750_585508775,1.0217205
20241108_212750_839803126,0.35419592
20241108_212751_086748108,0.2314199
20241108_212751_340657012,0.6157501
20241108_212751_584241011,0.17757832
20241108_212751_838756962,0.11213402
20241108_212752_084910833,0.37228048
20241108_212752_335520593,0.25399294
20241108_212752_585176459,0.23112093
20241108_212752_836932811,-1.1458346
20241108_212753_084494408,-0.5768096
20241108_212753_337459897,-0.4579414
20241108_212753_583636255,-0.23131208
20241108_212753_835982365,-0.15582688
20241108_212754_083050667,-0.5028106
20241108_212754_336033605,-0.6530517
20241108_212754_585341946,-0.22807242
20241108_212754_836683359,0.06919623
20241108_212755_091106739,0.13826919
20241108_212755_332966594,-0.020230612
20241108_212755_582045388,0.11151526
20241108_212755_834343524,0.02817295
20241108_212756_081666796,0.051984616
20241108_212756_332256141,-0.043043457
20241108_212756_580941993,-0.28211483
20241108_212756_834051096,-0.16270323
20241108_212757_081269151,-0.09314387
20241108_212757_338941906,-0.07906922
20241108_212757_590967703,-0.07401704
20241108_212757_843000685,-0.06863829
20241108_212758_341619406,0.23378532
20241108_212758_584895956,0.10063056
20241108_212758_836285402,0.02775235
20241108_212759_087210032,-0.20586656
20241108_212759_340026965,-0.18254332
20241108_212759_590835894,-0.22114785
20241108_212759_850784793,-0.15816797
20241108_212800_101258873,-0.24322434
20241108_212800_352653095,0.44810563
20241108_212800_588821391,-0.28020474
20241108_212800_842529431,-0.14156355
20241108_212801_085868788,-0.26967332
20241108_212801_339378901,-0.1970435
20241108_212801_586057719,0.2462563
20241108_212801_836873242,0.28652132
20241108_212802_083890171,1.088114
20241108_212802_340003369,1.2594451
20241108_212802_587633968,0.4319154
20241108_212802_842867765,1.1754508
20241108_212803_087080181,0.12653407
20241108_212803_341665974,0.14689349
20241108_212803_583536742,0.16880818
20241108_212803_833476366,0.16842966
20241108_212804_080995262,0.09534918
20241108_212804_338240990,0.88847905
20241108_212804_581774394,0.7607618
20241108_212804_832914227,0.49253687
20241108_212805_080496886,0.2586604
20241108_212805_334781291,0.2013153
20241108_212805_585754184,0.10044477
20241108_212805_842487760,0.15936749
20241108_212806_090272123,0.23055343
20241108_212806_334799107,0.16475792
20241108_212806_582878642,-0.03170266
20241108_212806_835655546,0.05855594
20241108_212807_086819539,0.10870097
20241108_212807_581578285,0.09624223
20241108_212807_835227356,0.06322066
20241108_212808_332479902,0.015268246
20241108_212808_580185630,0.14752866
20241108_212808_835447650,1.0083952
20241108_212809_084520283,0.454597
20241108_212809_333432946,0.21221234
20241108_212809_587293749,0.27410117
20241108_212810_084883836,0.2357421
20241108_212810_342198387,-0.5610812
20241108_212810_580632657,-0.5077636
20241108_212810_833068378,-0.3625069
20241108_212811_081530404,-0.36396894
20241108_212811_331059380,-0.14158972
20241108_212811_580473665,-0.12800317
20241108_212811_831003119,-0.12994988
20241108_212812_079616387,-0.2334372
20241108_212812_331978923,-0.1732729
20241108_212812_580839037,-0.32874584
20241108_212812_833883379,-0.24040459
20241108_212813_078965377,-0.34032893
20241108_212813_332393484,-0.3934491
20241108_212813_579310467,-0.21095924
20241108_212813_833330739,-0.17452075
20241108_212814_334789603,-0.1676989
20241108_212814_583778105,-0.16613527
20241108_212814_838927174,-0.07140475
20241108_212815_085667779,-0.101
20241108_212815_341377618,-0.2064703
20241108_212815_589042662,-0.8328628
20241108_212815_843738765,-2.2023535
20241108_212816_092348471,0.14217462
20241108_212816_341716422,0.1478586
20241108_212816_591014844,-0.14040609
20241108_212816_841555482,-0.010491749
20241108_212817_089236611,-0.035016797
20241108_212817_343158993,-0.019557973
20241108_212817_586085389,0.01110659
20241108_212817_835817337,0.08256788
20241108_212818_081501270,0.12107564
20241108_212818_333272328,0.32575205
20241108_212818_580255614,0.52586347
20241108_212818_833769770,0.58028686
20241108_212819_081154496,0.8922509
20241108_212819_331676880,0.44636142
20241108_212819_580527554,0.50628287
20241108_212819_830779872,0.42065215
20241108_212820_080984944,1.0588281
20241108_212820_333437800,0.42765057
20241108_212820_581240106,0.49094722
20241108_212820_833040747,-0.53389263
20241108_212821_080285890,-0.9370299
20241108_212821_332857625,-0.25828058
20241108_212821_579899622,0.21338817
20241108_212821_830741192,0.111284204
20241108_212822_085969086,0.11123899
20241108_212822_336815741,-0.0133787
20241108_212822_832500548,0.043748237
20241108_212823_081805161,-0.08779379
20241108_212823_330009893,-0.16862984
20241108_212823_579835017,-0.11640205
20241108_212823_833579546,-0.035848998
20241108_212824_085125178,-0.026997289
20241108_212824_337160918,-0.08713385
20241108_212824_588081042,-0.22186454
20241108_212824_835887947,-0.13666801
20241108_212825_582118006,0.08020679
20241108_212825_835688047,0.3006753
20241108_212826_084653423,0.85806996
20241108_212826_331682800,0.62775487
20241108_212826_578757177,-0.4453718
20241108_212826_831457397,-0.4459661
20241108_212827_079254868,-0.46032912
20241108_212827_335003972,-0.07084956
20241108_212827_582647678,0.12644416
20241108_212827_832891944,0.2562174
20241108_212828_081674253,0.098399825
20241108_212828_332504666,0.25292006
20241108_212828_583565254,-0.06415548
20241108_212828_836079048,0.023078362
20241108_212829_081002172,0.0581306
20241108_212829_581817303,-0.17637904
20241108_212829_832557847,-0.091881834
20241108_212830_079921629,-0.033219896
20241108_212830_332678450,-0.20966752
20241108_212830_581385989,-0.38828823
20241108_212830_840191670,-0.31927523
20241108_212831_089345114,-0.49378163
20241108_212831_336404650,-0.23223059
20241108_212831_581172064,-0.13415839
20241108_212831_835948202,-1.0300757
20241108_212832_083090967,-0.058636196
20241108_212832_333433963,0.39809015
20241108_212832_582461416,-0.0043858793
20241108_212832_833619117,0.0043559764
20241108_212833_338946241,0.0468776
20241108_212833_580516379,0.118336685
20241108_212833_831616029,0.079698004
20241108_212834_081296787,0.2557157
20241108_212834_332173154,0.43630174
20241108_212834_580376596,0.032530405
20241108_212834_832030653,-0.040210806
20241108_212835_081424498,0.021728674
20241108_212835_331496392,-0.10697123
20241108_212835_580514902,-0.34982395
20241108_212835_829714922,-0.22083782
20241108_212836_333808967,-0.1764922
20241108_212836_581808108,-0.054761253
20241108_212836_831255432,-0.1360993
20241108_212837_077951355,-0.3244533
20241108_212837_327584843,-0.21886228
20241108_212837_577574045,-0.20044245
20241108_212837_831992512,-0.25596163
20241108_212838_085477011,-0.20279811
20241108_212838_337715171,-0.19175683
20241108_212839_083080633,-0.19657482
20241108_212839_331675327,-0.27389738
20241108_212839_579659808,-0.2638264
20241108_212839_831035970,-0.18598987
20241108_212840_078321384,-0.034396324
20241108_212840_332755039,0.01969598
20241108_212840_578885858,0.035683133
20241108_212841_081186620,-0.07791915
20241108_212841_331332095,0.02069215
20241108_212841_580114835,0.0006004367
20241108_212841_832836777,0.0015770588
20241108_212842_081139271,0.22654723
20241108_212842_337662823,0.48122028
20241108_212842_584686038,0.58372337
20241108_212842_832983053,0.4498844
20241108_212843_083605645,1.2258139
20241108_212843_341872605,0.14103921
20241108_212843_589366833,0.102193825
20241108_212843_833264642,0.4864364
20241108_212844_079152005,0.20507225
20241108_212844_327967355,0.120050885
20241108_212844_579900031,0.10254071
20241108_212844_830263112,0.18032669
20241108_212845_078008286,0.14378034
20241108_212845_330914717,-0.22642513
20241108_212845_577245641,-0.19550593
20241108_212845_828829049,-0.10267904
20241108_212846_078224089,0.07213888
20241108_212846_331361859,-0.0036772694
20241108_212846_579845211,0.35821524
20241108_212846_830151420,0.2435946
20241108_212847_077886618,0.41055864
20241108_212847_581564333,0.23233669
20241108_212847_833927154,0.28828472
20241108_212848_081935057,1.0732516
20241108_212848_336684871,-0.10294305
20241108_212848_581555636,-0.04493255
20241108_212848_835081759,0.12473539
20241108_212849_084412969,0.108430184
20241108_212849_330227674,0.04474745
20241108_212849_578006380,0.07903085
20241108_212849_830183051,0.14553459
20241108_212850_080570593,0.060016908
20241108_212850_333056669,-0.025573155
20241108_212850_587600140,-0.3124443
20241108_212850_836330213,-0.17561932
20241108_212851_081120771,-0.09868491
20241108_212851_329347301,-0.068670295
20241108_212851_581482051,-0.067604326
20241108_212852_082602950,-0.064469956
20241108_212852_329504181,-0.05206778
20241108_212852_827148158,0.010216335
20241108_212853_076541865,-0.04079791
20241108_212853_329906413,-0.092810534
20241108_212853_581954213,0.5320168
20241108_212853_833200790,0.03448645
20241108_212854_083526791,0.06434909
20241108_212854_579936034,0.294067
20241108_212854_829715432,0.18688999
20241108_212855_077300706,0.06597642
20241108_212855_330447350,0.031301655
20241108_212855_581714282,0.49556127
20241108_212855_833635318,0.32643774
20241108_212856_080034418,0.53429633
20241108_212856_332060426,0.5465006
20241108_212856_580715349,0.42966914
20241108_212856_831429645,1.2161593
20241108_212857_080075351,0.5873362
20241108_212857_331205774,0.6593686
20241108_212857_582991782,-0.12747706
20241108_212857_834681409,0.11213785
20241108_212858_079927149,0.6608717
20241108_212858_330722993,0.35580835
20241108_212858_577990135,0.10742787
20241108_212858_831399600,0.06052456
20241108_212859_080968417,1.7827015
20241108_212859_335562650,1.6542267
20241108_212859_581181518,-0.24443106
20241108_212859_833842010,0.95625925
20241108_212900_082570453,0.17495452
20241108_212900_331960219,-0.36062422
20241108_212900_577604546,-0.095623635
20241108_212900_832327108,-0.33917502
20241108_212901_082161259,-0.58062345
20241108_212901_331357389,-0.39672306
20241108_212901_582620833,-0.2427236
20241108_212901_830373849,-0.19012524
20241108_212902_079287965,-0.119030856
20241108_212902_333437086,-0.22267728
20241108_212902_585251300,-0.19980614
20241108_212902_834810025,0.17944096
20241108_212903_084531827,0.13185708
20241108_212903_337452085,0.10475711
20241108_212903_581621668,0.120198496
20241108_212903_835910781,0.057410903
20241108_212904_078647776,0.053051688
20241108_212904_332970332,0.37328464
20241108_212904_579710775,-0.24656262
20241108_212904_835209148,-0.06705678
20241108_212905_082719444,0.04458352
20241108_212905_338241088,0.046510942
20241108_212905_584105881,0.22890805
20241108_212905_836341191,0.3344533
20241108_212906_078685836,0.18139037
20241108_212906_330263160,-0.09545579
20241108_212906_579637336,-0.44930348
20241108_212906_832075259,-0.8298696
20241108_212907_081419507,-0.7915434
20241108_212907_343927062,-0.9677994
20241108_212907_593191374,-0.21421465
20241108_212907_840943545,-0.09260662
20241108_212908_083404767,0.119028874
20241108_212908_335071470,0.20840661
20241108_212908_583544249,0.09478525
20241108_212908_834612816,0.0033635292
20241108_212909_080140443,-0.2284941
20241108_212909_333119887,-0.39071283
20241108_212909_580223473,-0.31361705
20241108_212909_830176675,-0.42266884
20241108_212910_083395725,-0.8890518
20241108_212910_334092418,-0.7045854
20241108_212910_580648473,-0.30822507
20241108_212910_835462959,-0.2632561
20241108_212911_083894790,-0.97382927
20241108_212911_337210297,-0.641703
20241108_212911_586143280,-0.9476195
20241108_212911_836494101,-0.91148096
20241108_212912_089209018,-0.5646792
20241108_212912_337594765,-0.53102654
20241108_212912_581335794,-0.41276854
20241108_212912_833228175,-0.37170902
20241108_212913_080616113,-0.28040364
20241108_212913_333807962,-0.38927317
20241108_212913_580092816,-0.26799604
20241108_212913_829215911,-0.3100244
20241108_212914_079978079,-0.31276494
20241108_212914_331467131,-0.53438693
20241108_212914_589031762,-0.5546199
20241108_212914_840619660,-0.40804493
20241108_212915_088800539,-0.25872752
20241108_212915_342512575,-0.5120918
20241108_212915_582743076,0.052653037
20241108_212915_834563114,-0.5699195
20241108_212916_080496121,-1.0596305
20241108_212916_332425564,0.04401178
20241108_212916_581241571,0.57602036
20241108_212916_831931455,0.8403545
20241108_212917_084025826,0.11623477
20241108_212917_335592929,0.025392512
20241108_212917_581197157,-0.0066225734
20241108_212918_329775437,0.12569432
20241108_212918_827999762,0.017513016
20241108_212919_076560722,0.079682566
20241108_212919_327572993,0.18890451
20241108_212919_579525898,0.7615205
20241108_212919_831548774,0.20650156
20241108_212920_079984658,-0.097532354
20241108_212920_331999677,-0.0996085
20241108_212920_578346964,-0.11175173
20241108_212920_830737266,-0.11661395
20241108_212921_080235973,-0.39528373
20241108_212921_330702782,-0.32829294
20241108_212921_582175864,0.07436002
20241108_212921_828712037,0.20743372
20241108_212922_076932228,0.10305736
20241108_212922_577820206,0.076690055
20241108_212922_828670008,0.20326234
20241108_212923_078898761,0.3089397
20241108_212923_330067368,0.15556256
20241108_212923_576796777,0.19459526
20241108_212923_828820643,0.25666308
20241108_212924_077886643,0.27739415
20241108_212924_331486170,0.23220305
20241108_212924_577832427,0.48625275
20241108_212924_831932790,0.7634913
20241108_212925_079873335,0.8157886
20241108_212925_330262215,0.3199497
20241108_212925_576959562,1.5619925
20241108_212925_830392129,0.7291406
20241108_212926_086962029,0.23606612
20241108_212926_333978177,0.14068039
20241108_212926_579907110,0.09669829
20241108_212926_829867948,0.04659746
20241108_212927_078112758,-0.12301841
20241108_212927_328470219,-0.042552464
20241108_212927_577256490,0.00016171671
20241108_212927_827341857,0.276513
20241108_212928_078888301,0.11980618
20241108_212928_577382023,0.15901546
20241108_212928_829589749,0.20913462
20241108_212929_076272631,0.124525525
20241108_212929_327386372,0.15282159
20241108_212929_576834421,-0.01811423
20241108_212929_828884149,0.006243864
20241108_212930_079604176,0.067786016
20241108_212930_328395045,-0.012994489
20241108_212930_577702525,-0.17897953
20241108_212930_834155936,-0.12770925
20241108_212931_091224333,-0.23636682
20241108_212931_341958155,-0.45563775
20241108_212931_585828568,-0.359125
20241108_212931_833634384,-0.2260317
20241108_212932_341116227,-0.6995444
20241108_212932_586722143,-0.20712556
20241108_212932_838770881,0.30541292
20241108_212933_083866239,0.4984844
20241108_212933_334453655,0.30535612
20241108_212933_581070623,0.3013787
20241108_212933_833166431,0.39502174
20241108_212934_081705579,0.40720484
20241108_212934_331912879,-0.1894079
20241108_212934_580529740,0.16359572
20241108_212934_835794874,0.16671114
20241108_212935_083911956,0.14465742
20241108_212935_333684451,0.15500122
20241108_212935_581434054,0.21171664
20241108_212935_830094468,0.018489162
20241108_212936_079932914,-0.04467114
20241108_212936_333153874,-0.031281196
20241108_212936_582004694,-0.06618484
20241108_212936_835478554,-0.6917338
20241108_212937_082471061,-0.19267751
20241108_212937_331593740,-1.1244353
20241108_212937_581225812,-0.76882714
20241108_212937_837358872,0.032405294
20241108_212938_081557820,0.1114055
20241108_212938_333346739,0.30057302
20241108_212938_581408324,0.3947063
20241108_212938_832114302,0.35211653
20241108_212939_079065657,0.3720282
20241108_212939_328158047,0.4789566
20241108_212939_576662544,0.6217422
20241108_212939_830819033,0.96860856
20241108_212940_077663829,1.0596015
20241108_212940_328924221,0.049305536
20241108_212940_578426617,-0.07338288
20241108_212940_830059189,0.20709334
20241108_212941_079350134,0.16182505
20241108_212941_329008795,0.31416515
20241108_212941_577171899,-0.10777923
20241108_212941_827900519,-0.23956953
20241108_212942_078157931,-0.8463325
20241108_212942_329413964,-0.2598378
20241108_212942_581497806,-0.18460251
20241108_212942_835096682,-0.0492514
20241108_212943_082416809,0.14936827
20241108_212943_330756451,0.24025376
20241108_212943_583020095,0.18294322
20241108_212943_837027420,0.08706663
20241108_212944_083401442,-0.16352169
20241108_212944_334308710,-0.36863628
20241108_212944_585663835,-0.24656327
20241108_212944_834916113,-0.4140954
20241108_212945_083285893,-0.57053095
20241108_212945_335932634,-0.6982295
20241108_212945_586238002,-0.6942606
20241108_212945_830984199,-0.51454
20241108_212946_080534197,-0.29805878
20241108_212946_332617957,-0.092242815
20241108_212946_580652668,0.18946649
20241108_212946_835058368,0.080004156
20241108_212947_334165821,0.056768402
20241108_212947_577502635,0.06146293
20241108_212947_830058843,-0.060339652
20241108_212948_077574740,-0.22166641
20241108_212948_330146541,-0.04960277
20241108_212948_578693410,-0.35265455
20241108_212948_829112331,-0.28318152
20241108_212949_078122616,-0.01983586
20241108_212949_331266813,0.15817145
20241108_212949_581994135,0.095800616
20241108_212950_083570810,0.1947251
20241108_212950_335493372,0.0732669
20241108_212950_580555945,0.2286926
20241108_212950_834898706,0.27548134
20241108_212951_079392390,0.1424961
20241108_212951_329377141,0.10786579
20241108_212952_081144599,0.07773379
20241108_212952_331013165,0.1537181
20241108_212952_580950296,0.5092739
20241108_212952_831689668,0.1851723
20241108_212953_078278076,0.18322657
20241108_212953_329177556,0.1298704
20241108_212953_578212420,0.16572969
20241108_212953_830544155,0.24226366
20241108_212954_079036637,0.15460078
20241108_212954_334131771,0.14749907
20241108_212954_581432635,0.17549019
20241108_212954_828451126,0.15239279
20241108_212955_078088666,0.18204127
20241108_212955_328219724,0.22835521
20241108_212955_577603474,0.37116653
20241108_212955_830931953,0.23265456
20241108_212956_079981538,0.021008292
20241108_212956_333626763,0.1306931
20241108_212956_583222722,-0.09282937
20241108_212956_848220330,-0.4231905
20241108_212957_098551919,-0.13726236
20241108_212957_337481297,-0.12434038
20241108_212957_584538091,-0.33094952
20241108_212957_834612485,-0.1768644
20241108_212958_083907433,-0.3108255
20241108_212958_337612895,-0.13620381
20241108_212958_586099039,-0.10787275
20241108_212959_080222979,-0.17086054
20241108_212959_332424434,-0.21041955
20241108_212959_585602819,-0.10164394
20241108_212959_836905371,-0.30366853
20241108_213000_086830163,0.16007154
20241108_213000_342997627,-0.4287282
20241108_213000_588931572,0.39483437
20241108_213000_842717760,-0.31407532
20241108_213001_095291743,0.13961022
20241108_213001_341921695,0.31700584
20241108_213001_586276175,-0.029011032
20241108_213001_838808594,-0.19228442
20241108_213002_087902836,-0.36379606
20241108_213002_339428961,-0.45274824
20241108_213002_583531514,-0.13675366
20241108_213002_835262569,0.031882502
20241108_213003_085238517,-0.047851644
20241108_213003_334955631,-0.03752836
20241108_213003_583196080,-0.119263195
20241108_213004_586175692,-0.014522096
20241108_213005_077758316,0.18236051
20241108_213005_329576258,0.34322646
20241108_213005_578031533,0.4959981
20241108_213005_829541276,0.25391057
20241108_213006_083017251,0.3554628
20241108_213006_331772176,0.30123505
20241108_213006_830484995,0.23241864
20241108_213007_331303953,0.33059192
20241108_213007_577641721,0.224322
20241108_213007_828286914,-0.2937781
20241108_213008_076211914,-0.57685834
20241108_213008_328042381,-0.21048112
20241108_213008_577828659,0.0038459767
20241108_213008_828914319,0.17879243
20241108_213009_082075918,-0.005354127
20241108_213009_334642535,-0.121295415
20241108_213009_587390111,-0.12922256
20241108_213009_842686205,-0.02889516
20241108_213010_091125298,-0.13696374
20241108_213010_338847899,-0.05730357
20241108_213010_582335075,0.055781104
20241108_213011_079693373,0.0003052149
20241108_213011_331172070,-0.056365214
20241108_213012_077000147,-0.017607173
20241108_213012_332112273,1.040868
20241108_213012_581275553,0.22628228
20241108_213012_830431909,-0.91033727
20241108_213013_078671278,-0.36363846
20241108_213013_332547784,-0.23741244
20241108_213013_578116255,-0.25165877
20241108_213013_836695213,-0.17559929
20241108_213014_085425992,-0.39245087
20241108_213014_333721978,-0.39419487
20241108_213014_582146178,-0.24157478
20241108_213014_831189042,-0.25850555
20241108_213015_077939599,-0.32316527
20241108_213015_329032306,-0.21151413
20241108_213015_576752860,-0.16488524
20241108_213015_831193161,-0.17404892
20241108_213016_330174745,-0.14531751
20241108_213016_581130188,-0.23032369
20241108_213017_086128143,-0.24624015
20241108_213017_341828264,-0.1982813
20241108_213017_584046650,-0.13295187
20241108_213018_077068739,-0.19642635
20241108_213018_329283825,-0.1474898
20241108_213018_577598101,-0.07741841
20241108_213018_834296981,-0.053022943
20241108_213019_080172092,-0.055245183
20241108_213019_330286448,0.12322108
20241108_213019_580672116,0.69362634
20241108_213019_830378123,1.1550238
20241108_213020_078342018,0.27934465
20241108_213020_328719668,0.17511724
20241108_213020_579851257,-0.5446326
20241108_213020_831516949,-0.72352284
20241108_213021_078944147,-0.30103943
20241108_213021_328530706,-0.28814146
20241108_213021_575842045,-0.20840986
20241108_213021_828692933,-0.07303717
20241108_213022_078679032,-0.18460755
20241108_213022_332607089,0.04547835
20241108_213022_582329654,-0.047405444
20241108_213023_080935897,0.28202865
20241108_213023_334319221,0.3961707
20241108_213023_579522585,0.4705405
20241108_213023_832299863,0.3840549
20241108_213024_079917974,0.31553337
20241108_213024_334411662,0.3280773
20241108_213024_583512156,1.3218123
20241108_213024_835659870,0.3737337
20241108_213025_089513940,0.25368986
20241108_213025_345219162,0.39715654
20241108_213025_592303353,0.82364535
20241108_213025_846856878,0.60944825
20241108_213026_090869976,0.11249607
20241108_213026_338939931,0.42472145
20241108_213026_582924712,0.16422544
20241108_213026_833989392,-0.06921425
20241108_213027_078517022,-0.13770352
20241108_213027_329088402,0.06012336
20241108_213027_575497379,0.2188852
20241108_213027_827572486,0.44194078
20241108_213028_077240460,0.5531331
20241108_213028_331297139,0.3421507
20241108_213028_581457470,0.29299352
20241108_213029_581410190,0.26051304
20241108_213029_838212858,0.25730252
20241108_213030_084449906,0.24518459
20241108_213030_333480030,0.29399997
20241108_213030_831608701,0.21021448
20241108_213031_083603363,-0.3279901
20241108_213031_340778137,-0.86964834
20241108_213031_587080508,-0.41603842
20241108_213031_834505011,-0.24949111
20241108_213032_079814868,-0.15412779
20241108_213032_336460746,-0.49271137
20241108_213032_582966384,-0.3493174
20241108_213033_085962616,-0.2538348
20241108_213033_338370091,-0.26209813
20241108_213033_581606657,-0.16627862
20241108_213033_832792904,-0.2604634
20241108_213034_078369363,-0.26409355
20241108_213034_332390067,-0.031111943
20241108_213034_577804953,-0.009729227
20241108_213034_832319948,-0.12426766
20241108_213035_080810218,-0.93311924
20241108_213035_334861533,-1.1467792
20241108_213035_576820780,0.7801653
20241108_213035_832885533,-0.48589143
20241108_213036_080005728,-0.02570185
20241108_213036_336945571,0.008101461
20241108_213036_582880852,-0.020191988
20241108_213036_840319912,-0.07817062
20241108_213037_087648667,-0.6702889
20241108_213037_342736414,-0.34956923
20241108_213037_585502452,-0.42233554
20241108_213037_835964140,-0.52804095
20241108_213038_334464873,-0.43267182
20241108_213038_837298909,-0.34148702
20241108_213039_083949659,-0.34708077
20241108_213039_335990886,-0.23279192
20241108_213039_582795600,-0.41541603
20241108_213039_829315470,-0.16053364
20241108_213040_077521514,-0.019443808
20241108_213040_331275661,0.014335597
20241108_213040_579213241,0.1968718
20241108_213040_839091403,0.41219476
20241108_213041_085171178,0.33137694
20241108_213041_340454704,0.0760558
20241108_213041_582351168,0.08715035
20241108_213041_830630370,-0.23615457
20241108_213042_078442963,-0.55374163
20241108_213042_329397158,-1.1690847
20241108_213042_577917171,-0.8656238
20241108_213042_836346184,0.6274305
20241108_213043_087939353,0.73870504
20241108_213043_334608893,0.63348264
20241108_213043_578794819,-0.27672112
20241108_213043_829886860,-0.20667996
20241108_213044_078755397,-0.053021163
20241108_213044_336018477,0.05879931
20241108_213044_579605220,0.27520767
20241108_213044_832124302,0.23679353
20241108_213045_083896189,0.22142509
20241108_213045_340086473,0.09483097
20241108_213045_591190744,0.08793751
20241108_213045_839833156,0.024828294
20241108_213046_082492281,-0.21020247
20241108_213046_334315166,-0.22716503
20241108_213046_583511726,-0.12451222
20241108_213046_831733888,-0.24009974
20241108_213047_327860879,-0.1286744
20241108_213047_834699114,-0.049506687
20241108_213048_079010811,-0.10892346
20241108_213048_330623406,-0.046526395
20241108_213048_578064276,-0.08451339
20241108_213048_831180362,-0.06791403
20241108_213049_080566368,-0.098546885
20241108_213049_833970803,-0.05819168
20241108_213050_080946424,-0.05714353
20241108_213050_332400441,-0.017730495
20241108_213050_578642596,-0.032543324
20241108_213050_833930871,0.046483852
20241108_213051_079867872,0.03431789
20241108_213051_333089471,0.079022385
20241108_213051_582931753,0.26660648
20241108_213051_832449830,0.31116673
20241108_213052_080765664,0.52089703
20241108_213052_338369885,2.2122426
20241108_213052_580690373,-0.68707144
20241108_213052_836006824,-0.78036577
20241108_213053_080002837,-0.6808768
20241108_213053_332193534,-0.38115427
20241108_213053_579842464,-0.89994067
20241108_213053_832473605,-0.5817788
20241108_213054_084505894,-0.5708214
20241108_213054_336571098,-1.1629912
20241108_213054_578172935,-0.4058015
20241108_213054_830071067,0.7929676
20241108_213055_077710568,0.5150489
20241108_213055_332883595,-0.22946908
20241108_213055_580817928,-0.14081614
20241108_213055_833876268,-0.13126309
20241108_213056_082178106,-0.0720196
20241108_213056_330709775,-0.009766599
20241108_213056_579290523,-0.03868433
20241108_213056_831966754,0.14872591
20241108_213057_077341701,-0.11399727
20241108_213057_331028468,0.0055123363
20241108_213057_576087888,-0.019802472
20241108_213057_829752720,-0.093315326
20241108_213058_077332389,-0.086463295
20241108_213058_329807390,0.069142915
20241108_213058_830457940,0.06893966
20241108_213059_079968650,0.031641044
20241108_213059_336373692,0.27938908
20241108_213059_834461355,0.72214574
20241108_213100_081396787,1.2598144
20241108_213100_332974944,0.5806929
20241108_213100_579664396,0.40425423
20241108_213100_835277914,-0.053801365
20241108_213101_088535875,0.07098357
20241108_213101_350892378,0.07976798
20241108_213101_587131734,-0.017755205
20241108_213102_339841202,-0.11750772
20241108_213102_586598742,-0.3374643
20241108_213102_843548141,-0.30140126
20241108_213103_094249295,-0.67422694
20241108_213103_348394512,-2.1886272
20241108_213103_594983694,0.21287487
20241108_213103_855803698,0.22805052
20241108_213104_090550775,0.29328313
20241108_213104_341641552,0.288507
20241108_213104_587078118,-0.031082174
20241108_213104_836919488,-0.20747949
20241108_213105_084746425,-0.057137452
20241108_213105_343449544,0.3137996
20241108_213105_590973077,0.29043666
20241108_213105_843344478,0.07093004
20241108_213106_083701120,-0.036057375
20241108_213106_337706938,-0.16544907
20241108_213106_586224575,-0.08620419
20241108_213106_839275279,-0.034794472
20241108_213107_084015420,-0.015836319
20241108_213107_332256649,0.27672163
20241108_213107_577833214,0.17721991
20241108_213107_832670630,-0.0024106707
20241108_213108_082395377,0.014095942
20241108_213108_339383160,-0.16920005
20241108_213108_581371167,0.13886176
20241108_213108_831781106,-0.055992328
20241108_213109_081439438,-0.003010651
20241108_213109_334577139,0.00850598
20241108_213109_579361380,-0.06921136
20241108_213109_833047707,-0.2173165
20241108_213110_083800638,-0.13785245
20241108_213110_334334390,0.035636
20241108_213110_578432464,-0.16847084
20241108_213110_828378958,-0.21526678
20241108_213111_080615495,-0.14563562
20241108_213111_338984248,-0.07452559
20241108_213111_589945585,0.11176338
20241108_213111_847254284,0.4992222
20241108_213112_094519079,1.1128746
20241108_213112_345566188,0.72989935
20241108_213112_587696322,0.06902597
20241108_213112_844930422,-0.075296305
20241108_213113_091286720,-0.2655091
20241108_213113_342594947,0.49947736
20241108_213113_582199758,0.0037458334
20241108_213113_833700037,0.18009637
20241108_213114_081071617,0.03241799
20241108_213114_333724045,-0.36247256
20241108_213114_579764385,-0.47141072
20241108_213114_832211927,-0.353376
20241108_213115_078879974,-0.19286044
20241108_213115_831704474,-0.26077333
20241108_213116_082523513,-1.1965293
20241108_213116_337836317,0.43922654
20241108_213116_585308295,0.61358565
20241108_213116_836245200,0.50761074
20241108_213117_086087310,0.48500863
20241108_213117_336546572,0.71112365
20241108_213117_585182265,0.5607667
20241108_213117_845695317,-0.32962647
20241108_213118_085254046,-0.070120074
20241108_213118_333753295,-0.14192759
20241108_213118_577746933,-0.09782543
20241108_213118_831007173,-0.23129489
20241108_213119_079547574,-0.17892064
20241108_213119_329908212,-0.3653096
20241108_213119_579477614,-0.7538216
20241108_213119_830684185,-0.62478507
20241108_213120_079926034,-0.5963311
20241108_213120_333456502,-0.66177
20241108_213120_576342905,-0.7767679
20241108_213121_082672723,0.071725585
20241108_213121_332987291,0.1140996
20241108_213121_585111222,-0.00031395815
20241108_213121_846003112,0.051265277
20241108_213122_087886629,0.08914403
20241108_213122_340235240,0.08567581
20241108_213123_080687394,0.045812525
20241108_213123_332602130,0.10141001
20241108_213123_581411679,0.09775583
20241108_213123_838467930,0.085568465
20241108_213124_577440442,-1.4816673
20241108_213124_833456182,-0.34999415
20241108_213125_081584518,-0.32659596
20241108_213125_334829062,-0.30670524
20241108_213125_578801740,-0.39300218
20241108_213125_829435988,-0.110871874
20241108_213126_076868664,0.03898464
20241108_213126_328933576,0.044452257
20241108_213126_576368821,-0.033535443
20241108_213126_827908248,-0.04771652
20241108_213127_077890285,-0.3252639
20241108_213127_336310599,-0.121711634
20241108_213127_578052084,-0.08221205
20241108_213127_829465868,-0.061931692
20241108_213128_076285610,-0.19188325
20241108_213128_327789253,-0.25784075
20241108_213128_573963115,-0.13500763
20241108_213128_825139650,-0.07363994
20241108_213129_077955906,-0.06379648
20241108_213129_327847467,-0.020793816
20241108_213129_576875307,-0.34971365
20241108_213129_829111262,-0.28702837
20241108_213130_076277810,-0.21279548
20241108_213130_578315658,-0.526263
20241108_213130_836803407,-0.79694283
20241108_213131_081914538,-0.37721315
20241108_213131_332503698,-0.51085556
20241108_213132_086065629,-0.33438763
20241108_213132_337839599,-0.40287986
20241108_213132_584833335,-0.43301907
20241108_213132_838146478,0.21636109
20241108_213133_084667587,0.34331185
20241108_213133_337581950,0.2815167
20241108_213133_582761464,-0.11157038
20241108_213133_833297225,-0.053008936
20241108_213134_081116972,-0.23898526
20241108_213134_331180952,-1.6205505
20241108_213134_577734526,0.095152475
20241108_213134_829936827,-0.05119767
20241108_213135_079383977,0.0477731
20241108_213135_331663231,0.07305459
20241108_213135_578007512,0.8237576
20241108_213135_831426051,0.5991152
20241108_213136_082968752,0.3318513
20241108_213136_333881998,0.2719933
20241108_213136_579267552,0.17866234
20241108_213136_832201097,0.7268521
20241108_213137_085877823,-0.03396093
20241108_213137_337285669,-0.2812527
20241108_213137_583921686,-0.19850732
20241108_213137_836976391,-0.6015333
20241108_213138_085027544,-0.68152493
20241108_213138_334093256,-0.04966364
20241108_213138_580791591,0.108419396
20241108_213138_839383263,0.065075494
20241108_213139_085243995,0.31582204
20241108_213139_330840629,0.10596476
20241108_213139_582073365,-0.008676192
20241108_213139_834302734,0.0054757986
20241108_213140_078000767,-0.049321316
20241108_213140_329331036,0.17779933
20241108_213140_580539328,0.15665285
20241108_213141_075444778,-0.11957153
20241108_213141_327925030,-0.01247569
20241108_213141_579369855,0.023171047
20241108_213141_829390812,-0.6437029
20241108_213142_075252079,-0.20653029
20241108_213142_329812307,-0.56924814
20241108_213142_576639196,1.7125857
20241108_213142_829979089,0.1418085
20241108_213143_076397080,0.13656299
20241108_213143_328222768,0.040794708
20241108_213143_581061901,-0.1810558
20241108_213143_831511105,-0.7308712
20241108_213144_077557999,-0.29144588
20241108_213144_330060038,-0.09355592
20241108_213144_578228709,0.12860624
20241108_213144_834353180,-0.038217098
20241108_213145_077351156,-0.059837483
20241108_213145_332516892,-0.05002781
20241108_213145_583669522,-0.034597956
20241108_213145_833102818,-0.10930254
20241108_213146_080536491,0.49481538
20241108_213146_331273417,0.5763057
20241108_213146_575696853,0.36172125
20241108_213146_830667506,0.5051773
20241108_213147_079455599,0.45493558
20241108_213147_331629998,0.1678692
20241108_213147_579252517,0.18801264
20241108_213147_831639182,0.2314987
20241108_213148_079473564,0.023256877
20241108_213148_332501665,0.02681903
20241108_213148_577064356,-0.047198854
20241108_213148_826553961,0.016459027
20241108_213149_076803574,0.09963075
20241108_213149_325408656,0.089488186
20241108_213149_575089925,0.056008615
20241108_213149_827278390,0.11374424
20241108_213150_075376595,-0.032824956
20241108_213150_328695077,-0.24434035
20241108_213150_580366972,-0.24793704
20241108_213150_834509423,0.13747782
20241108_213151_082344518,0.20377566
20241108_213151_332517805,0.7917041
20241108_213151_579806228,-0.4609514
20241108_213151_830551151,-0.5809093
20241108_213152_079834677,-0.5600764
20241108_213152_331046454,-0.47377506
20241108_213152_577806159,-0.6422747
20241108_213152_835446124,-1.1548289
20241108_213153_082093056,-0.23705815
20241108_213153_339200517,-0.19358246
20241108_213153_583999459,0.40422824
20241108_213153_830668454,0.65745
20241108_213154_078588342,0.8794518
20241108_213154_327060344,1.095458
20241108_213154_578421303,0.8482387
20241108_213154_833987169,1.5986122
20241108_213155_078303803,0.12728722
20241108_213155_331613557,-0.08948852
20241108_213155_583348965,-0.11223062
20241108_213155_828972055,-0.7182513
20241108_213156_078718810,-0.67383844
20241108_213156_331515086,-0.67081517
20241108_213157_328372721,-0.5605902
20241108_213157_577009459,-0.7867127
20241108_213157_828206706,0.3666746
20241108_213158_080164416,0.13276361
20241108_213158_331060392,0.17424063
20241108_213158_581587883,0.28707483
20241108_213158_834010736,0.37324175
20241108_213159_079752107,0.48512807
20241108_213159_335116309,0.62093574
20241108_213159_582842276,0.6834549
20241108_213159_832859754,0.62055504
20241108_213200_093914322,0.34647608
20241108_213200_343157468,1.162583
20241108_213200_586110247,-0.25239077
20241108_213200_835915941,-0.50636023
20241108_213201_082620011,-0.8337229
20241108_213201_336976336,0.45311773
20241108_213201_583219392,0.49317214
20241108_213201_840058055,0.24757262
20241108_213202_077999672,0.047810517
20241108_213202_332299563,0.546177
20241108_213202_579419447,-0.82544386
20241108_213202_830476944,0.49433616
20241108_213203_077349603,-0.22681333
20241108_213203_330506189,0.25822634
20241108_213203_576947265,-0.068780266
20241108_213203_828045787,0.15095326
20241108_213204_080623492,0.5587959
20241108_213204_328431595,0.42052177
20241108_213204_583307768,0.31063598
20241108_213204_837830141,1.8813357
20241108_213205_081835923,-0.4504776
20241108_213205_336243878,-0.51631975
20241108_213205_582800065,-0.5710048
20241108_213205_832586894,-0.28860202
20241108_213206_080197326,-0.25469792
20241108_213206_333605083,-0.40803385
20241108_213206_579426356,-0.0449534
20241108_213206_836072100,-0.43680272
20241108_213207_088640953,-0.749026
20241108_213207_335321004,-1.040251
20241108_213207_583678291,-0.3446422
20241108_213207_834919116,-0.5119949
20241108_213208_085319080,0.15272133
20241108_213208_336820593,0.17706738
20241108_213208_587619258,0.2641232
20241108_213208_834052988,0.38349113
20241108_213209_086153202,0.26579225
20241108_213209_333915552,0.37171248
20241108_213209_583804178,1.5625211
20241108_213209_830912485,0.44437578
20241108_213210_078380186,1.1259192
20241108_213210_333037599,-0.073714815
20241108_213210_581413457,0.3138732
20241108_213210_835935847,0.17459495
20241108_213211_086030755,0.7004168
20241108_213211_345344208,-0.002238622
20241108_213211_582162586,-0.664494
20241108_213211_832993905,-0.6467326
20241108_213212_079654654,-0.5734191
20241108_213212_330045201,-0.47447672
20241108_213212_580212614,-0.2689198
20241108_213212_829904105,-0.33979326
20241108_213213_332940505,0.26352617
20241108_213213_579416227,0.19912426
20241108_213213_829866439,0.21524774
20241108_213214_075428259,0.19200985
20241108_213214_330741276,0.11434928
20241108_213214_575956546,0.12751491
20241108_213214_828710531,0.3056013
20241108_213215_079961809,0.33799925
20241108_213215_334771087,0.23244046
20241108_213215_579306725,0.07043672
20241108_213215_833945584,0.17204209
20241108_213216_083994367,0.6894564
20241108_213216_338407352,0.22116877
20241108_213216_581894907,0.13721474
20241108_213216_837786661,0.15915175
20241108_213217_085619275,0.1786208
20241108_213217_336004420,0.22809435
20241108_213217_580695322,0.33999717
20241108_213217_832092499,0.32820198
20241108_213218_076114345,0.23950662
20241108_213218_340013795,0.25160068
20241108_213218_583793142,0.39259118
20241108_213218_832282203,0.2965927
20241108_213219_078880102,0.2886691
20241108_213219_329973088,0.27554134
20241108_213219_576679971,0.6436525
20241108_213219_833343987,1.297507
20241108_213220_082762604,0.6044139
20241108_213220_340953957,0.29747626
20241108_213220_583070662,-0.474791
20241108_213220_835728514,-0.124643765
20241108_213221_332808060,-0.010444215
20241108_213221_577277011,-0.055613004
20241108_213221_831452885,-0.14940174
20241108_213222_079238292,-0.19152789
20241108_213222_338247511,-0.16015543
20241108_213222_580258217,-0.12733091
20241108_213223_076312454,-0.48894662
20241108_213223_329737363,-0.23702674
20241108_213223_578522188,-0.30227447
20241108_213223_831068945,-0.2555426
20241108_213224_075685816,-0.2590656
20241108_213224_574478343,-0.3109741
20241108_213224_826607312,-0.24759908
20241108_213225_075303562,-0.23334272
20241108_213225_576082435,-0.21769391
20241108_213226_078157116,-0.17543475
20241108_213226_328079446,-0.16575171
20241108_213226_576765358,-0.19161029
20241108_213226_827820420,-0.20183973
20241108_213227_075996694,-0.17787538
20241108_213227_327115150,-0.03757461
20241108_213227_576207332,-0.07964953
20241108_213227_826258243,-0.05558177
20241108_213228_077101552,-0.043428384
20241108_213228_327597422,-0.01622959
20241108_213228_577214957,-0.0048886444
20241108_213228_831107334,0.44597656
20241108_213229_076020676,0.15720142
20241108_213229_329066233,0.24340002
20241108_213229_574729185,0.039314188
20241108_213229_828542329,0.15436594
20241108_213230_076258342,0.12835823
20241108_213230_328230542,0.063826896
20241108_213230_577701616,0.09345696
20241108_213230_837386982,-0.4016696
20241108_213231_082548470,-0.36031303
20241108_213231_338580831,-0.19726457
20241108_213231_830739951,-0.31592387
20241108_213232_077447726,-0.2439683
20241108_213232_330016843,-0.15014441
20241108_213232_576327043,-0.13415243
20241108_213232_824507615,-0.15661304
20241108_213233_073882544,0.024951974
20241108_213233_326203088,-0.069458894
20241108_213233_575884349,-0.20142077
20241108_213234_330946885,-0.1650349
20241108_213234_578889135,-0.17244948
20241108_213234_831034964,-0.95102507
20241108_213235_080141745,0.32675734
20241108_213235_327259599,-0.4465458
20241108_213235_577535407,-0.47903892
20241108_213235_830608751,-0.28679553
20241108_213236_077676936,-0.073499344
20241108_213236_330919319,0.10852862
20241108_213236_580883627,0.1579503
20241108_213236_834536324,-0.054001115
20241108_213237_081663998,-0.17142804
20241108_213237_330963168,0.061408952
20241108_213237_579219097,-0.06352731
20241108_213237_827878293,-0.037289463
20241108_213238_076143032,0.052542485
20241108_213238_329179813,0.14446151
20241108_213238_581698605,0.07295517
20241108_213238_834301089,-0.061254404
20241108_213239_085371030,0.059731163
20241108_213239_332361764,-0.022335371
20241108_213239_583247448,0.11139683
20241108_213239_830834294,0.16828501
20241108_213240_082209161,0.046282448
20241108_213240_330948198,0.07118831
20241108_213240_581234107,0.065202095
20241108_213240_830593828,0.16910897
20241108_213241_075885255,0.1491472
20241108_213241_331367641,0.22010697
20241108_213241_577114198,0.20196341
20241108_213241_826973075,0.14460514
20241108_213242_077163497,1.0218024
20241108_213242_327678970,0.100783534
20241108_213242_577558405,0.059652515
20241108_213242_828861021,0.55999184
20241108_213243_084647330,0.493212
20241108_213243_333352048,0.5992694
20241108_213243_579140226,0.57339865
20241108_213243_835490419,0.46406883
20241108_213244_084111143,0.42391166
20241108_213244_337947799,0.49642906
20241108_213244_585613910,2.0695195
20241108_213244_836755823,1.4007949
20241108_213245_080604561,0.6133575
20241108_213245_336475075,0.7957518
20241108_213245_580265770,0.6271887
20241108_213245_830370763,-0.49060655
20241108_213246_077817766,-0.39568308
20241108_213246_335233306,-0.43028423
20241108_213246_586073931,-0.39053923
20241108_213246_843201951,-0.40882912
20241108_213247_085418401,-0.59894055
20241108_213247_336717326,-0.6307235
20241108_213247_583658419,-0.97418875
20241108_213247_836327337,-1.8223585
20241108_213248_082166125,0.375603
20241108_213248_339202091,0.51783407
20241108_213248_578847927,0.22733219
20241108_213248_832630975,0.48727754
20241108_213249_084745236,0.50007653
20241108_213249_339382828,0.2532309
20241108_213249_580141832,0.31561542
20241108_213249_834868412,0.47443023
20241108_213250_085476120,0.5441521
20241108_213250_338781124,0.33651894
20241108_213250_584020095,0.29075706
20241108_213250_839866771,0.3849402
20241108_213251_082705705,0.5497834
20241108_213251_336077379,0.7607965
20241108_213251_582704821,0.56164503
20241108_213251_832694763,0.9673388
20241108_213252_079107306,0.9385618
20241108_213252_330125512,0.7898937
20241108_213253_079457143,-0.75892705
20241108_213253_336837633,-0.54446334
20241108_213254_334662516,-0.80902267
20241108_213254_828322029,-0.5957907
20241108_213255_335479153,-0.67709255
20241108_213255_580552969,-0.65640277
20241108_213256_083398213,-0.6635714
20241108_213256_336744583,-0.4935803
20241108_213256_586673429,-0.41188487
20241108_213256_835860073,-0.7452904
20241108_213257_081824146,0.5743747
20241108_213257_334537986,0.14414628
20241108_213257_583751321,0.7198977
20241108_213257_830672052,0.51550406
20241108_213258_331698385,0.20842592
20241108_213258_576744038,-0.034773193
20241108_213258_829164961,-0.09920218
20241108_213259_080311152,-0.018938204
20241108_213259_331986590,-0.0053459313
20241108_213259_577181127,0.0012643132
20241108_213259_830353632,0.08917952
20241108_213300_078519920,0.56798756
20241108_213300_336715366,0.42092827
20241108_213300_583313911,0.04134301
20241108_213300_835994745,-0.12086522
20241108_213301_336982760,0.1757452
20241108_213301_586851847,0.1157927
20241108_213301_841711592,-0.025186976
20241108_213302_091363175,0.09175298
20241108_213302_342770173,-0.08271047
20241108_213302_582084471,-0.23780383
20241108_213302_835929428,-1.1087809
20241108_213303_082982170,-0.91155654
20241108_213303_337485111,-0.28524855
20241108_213303_584385887,-0.18729858
20241108_213303_835177388,-0.20841812
20241108_213304_334307161,-0.17361237
20241108_213304_576021284,0.16865063
20241108_213304_833031568,0.11638314
20241108_213305_084099781,0.22841428
20241108_213305_346419340,0.19598784
20241108_213305_583630020,0.21720655
20241108_213305_838875316,0.23849265
20241108_213306_090515466,-0.8413182
20241108_213306_352025594,-0.062155418
20241108_213306_587264892,-0.05913707
20241108_213306_836061474,-0.0009820964
20241108_213307_084502183,0.17335927
20241108_213307_337412585,0.29377833
20241108_213307_583604436,0.3255581
20241108_213307_837068027,0.45522034
20241108_213308_091817105,0.53409255
20241108_213308_341148757,1.272757
20241108_213308_582759499,0.9948873
20241108_213308_832622488,1.6087478
20241108_213309_079158159,0.55937856
20241108_213309_333352857,0.86290616
20241108_213309_585457329,0.9794281
20241108_213309_828259951,0.7326944
20241108_213310_078485432,0.67589706
20241108_213310_331203114,-0.09546038
20241108_213310_581802810,0.16942902
20241108_213310_828952575,0.2296616
20241108_213311_075274796,0.27447787
20241108_213311_331086999,0.28840038
20241108_213311_577237408,0.18270607
20241108_213311_836485140,0.35825104
20241108_213312_084977199,0.5775913
20241108_213312_333072705,1.3520305
20241108_213312_578774949,-0.52251315
20241108_213312_832729043,-0.27217075
20241108_213313_079179011,-0.16116019
20241108_213313_334959968,-0.046094306
20241108_213313_581413095,0.15514718
20241108_213313_831809414,0.16937967
20241108_213314_083116233,0.0007554982
20241108_213314_343422277,0.14268385
20241108_213314_594261776,0.2016814
20241108_213314_842484012,0.17476223
20241108_213315_581270045,0.11556766
20241108_213315_833044882,0.24999924
20241108_213316_086598683,0.6220711
20241108_213316_350463009,0.5250578
20241108_213316_594760439,0.49654356
20241108_213316_844022927,0.28062272
20241108_213317_086985922,0.2388127
20241108_213317_335501953,0.26495808
20241108_213317_585631361,0.31653395
20241108_213317_845332300,0.7408724
20241108_213318_087678106,0.6678246
20241108_213318_336892544,1.1206232
20241108_213318_583179233,0.64717007
20241108_213318_835747335,-0.05254882
20241108_213319_084332394,-0.48171356
20241108_213319_336159585,-0.07953682
20241108_213319_584611044,-0.100818895
20241108_213319_834454219,-0.035368644
20241108_213320_076623316,-0.14887305
20241108_213320_331158565,-0.07717695
20241108_213320_576744851,-0.18426068
20241108_213320_830018722,-0.052677654
20241108_213321_082615924,0.13453172
20241108_213321_330968612,0.09231589
20241108_213321_576805293,0.24381538
20241108_213321_839526323,0.47576556
20241108_213322_089590354,0.29974633
20241108_213322_335780647,0.8051877
20241108_213322_582125498,1.034381
20241108_213322_840445502,1.2564437
20241108_213323_081261790,0.480226
20241108_213323_331282528,0.5885589
20241108_213323_579185159,1.0904205
20241108_213323_833686017,0.84075004
20241108_213324_077999042,0.52320457
20241108_213324_330615399,0.53776747
20241108_213324_585100609,0.24057834
20241108_213324_834367267,0.42489392
20241108_213325_080447275,0.54648757
20241108_213325_337465241,1.2285645
20241108_213325_584403915,0.5788091
20241108_213325_836097564,0.61213666
20241108_213326_081385409,-0.09946457
20241108_213326_336445758,0.10093147
20241108_213326_578439938,-0.01588144
20241108_213326_831650274,0.005062202
20241108_213327_078743177,-0.015987536
20241108_213327_329643318,0.012097636
20241108_213327_577074270,-0.052807473
20241108_213327_827348340,-0.053926013
20241108_213328_074127071,0.013378719
20241108_213328_329230263,-0.06503119
20241108_213328_583760281,-0.06239184
20241108_213328_830533823,0.315232
20241108_213329_079379004,1.058024
20241108_213329_337759148,-0.4993245
20241108_213329_585068961,-0.06947905
20241108_213329_832979451,0.016150454
20241108_213330_084198197,0.1662224
20241108_213330_333160236,0.31413877
20241108_213330_581333444,0.11060537
20241108_213330_832712389,-0.11879166
20241108_213331_077997517,-0.17742427
20241108_213331_330313740,-0.3554939
20241108_213331_578179773,-0.99926865
20241108_213331_836405604,0.3881469
20241108_213332_082541496,0.66939634
20241108_213332_333820998,-0.8178308
20241108_213332_573751334,-0.10906386
20241108_213332_827133178,-0.31091633
20241108_213333_077979967,-0.32826886
20241108_213333_330637059,-0.29054776
20241108_213333_831992656,0.109150015
20241108_213334_076211787,0.20229158
20241108_213334_330312708,0.07732096
20241108_213334_576072121,0.17594332
20241108_213334_833137536,0.28613117
20241108_213335_083313858,0.45577347
20241108_213335_334719210,0.48219684
20241108_213335_583232504,0.5087441
20241108_213335_841696932,0.28061274
20241108_213336_082295779,0.220399
20241108_213336_336459299,0.40544245
20241108_213336_578339259,0.23872696
20241108_213336_838503644,0.21175839
20241108_213337_336712712,0.23277204
20241108_213337_580745826,0.06965057
20241108_213337_834390575,0.08759425
20241108_213338_079915182,0.18854873
20241108_213338_330210315,0.27082738
20241108_213338_578496978,-0.124277316
20241108_213338_826678853,0.951766
20241108_213339_073757314,0.61559623
20241108_213339_328331388,-0.59984314
20241108_213339_574299558,0.4486003
20241108_213339_826576595,0.75251967
20241108_213340_075171520,0.57566667
20241108_213340_330492278,0.5693126
20241108_213340_577054306,-0.21359034
20241108_213340_834226367,-0.17553852
20241108_213341_077861430,-0.15464468
20241108_213341_334707757,-0.15008463
20241108_213341_582177299,-0.0794585
20241108_213341_832968430,-0.053487383
20241108_213342_076577929,0.017736426
20241108_213342_329598985,0.11571596
20241108_213342_577075537,0.023104766
20241108_213342_832025458,-0.030511579
20241108_213343_575827548,-0.0003991332
20241108_213343_827340230,0.08202963
20241108_213344_075508513,0.030947307
20241108_213344_330179598,0.03666184
20241108_213344_576631638,0.061202504
20241108_213344_830728801,0.3721175
20241108_213345_074771232,0.12507592
20241108_213345_325507628,0.23001538
20241108_213345_575004117,0.13748978
20241108_213345_830763867,0.088843144
20241108_213346_082289141,0.1166924
20241108_213346_335860380,0.16445886
20241108_213346_582292936,0.16200833
20241108_213346_836830544,0.14938162
20241108_213347_082007629,0.12748633
20241108_213347_332292551,0.20826076
20241108_213347_832753837,0.15954565
20241108_213348_081219274,0.17011033
20241108_213348_330140497,0.076364614
20241108_213348_577030754,0.089524426
20241108_213348_828402039,0.071211256
20241108_213349_077096336,0.028901318
20241108_213349_326950466,0.39391646
20241108_213349_573695051,0.23847137
20241108_213349_829016596,0.19086443
20241108_213350_074285281,0.14085291
20241108_213350_328211933,0.213454
20241108_213350_829775127,0.23765199
20241108_213351_077272196,0.16970752
20241108_213351_329369508,0.17384373
20241108_213351_578042264,0.15145843
20241108_213351_831321169,0.4732037
20241108_213352_080364749,0.27057275
20241108_213352_329681394,0.24088375
20241108_213352_827208747,0.3913662
20241108_213353_075686160,0.3176137
20241108_213353_326030943,0.28557336
20241108_213353_573084122,0.39151937
20241108_213353_827129080,-1.207183
20241108_213354_076488338,-0.023201576
20241108_213354_326934383,-0.1493616
20241108_213354_573487419,-0.13445859
20241108_213354_825238504,-0.031663977
20241108_213355_831755941,0.21571073
20241108_213356_076261922,0.18567552
20241108_213356_332735461,0.1023607
20241108_213356_577807592,0.7312049
20241108_213356_831802671,0.40652958
20241108_213357_079860110,0.31194535
20241108_213357_329099628,0.27419463
20241108_213357_579529522,0.25586
20241108_213357_831663557,0.1979839
20241108_213358_078794561,0.1719908
20241108_213358_331401843,0.6113276
20241108_213358_575571276,0.4909844
20241108_213358_830028483,0.31848675
20241108_213359_080674959,0.3683943
20241108_213359_329320578,0.39627013
20241108_213359_577967275,0.4240928
20241108_213359_828758835,0.26220638
20241108_213400_079109054,-0.4414242
20241108_213400_335444094,0.045007892
20241108_213400_585673098,-0.00917588
20241108_213400_834316798,0.13578653
20241108_213401_080690330,0.006304899
20241108_213401_331840831,-0.086012565
20241108_213401_581195028,-0.087916814
20241108_213401_833507444,0.0057572518
20241108_213402_080001747,0.46366838
20241108_213402_336753034,0.5827042
20241108_213402_583851427,1.4380322
20241108_213402_834924224,2.157478
20241108_213403_088725723,-0.39106002
20241108_213403_342083144,-0.2035364
20241108_213403_584713543,-0.024260346
20241108_213403_832187757,0.14810736
20241108_213404_081930186,-0.0349004
20241108_213404_332199929,0.07322979
20241108_213404_580883432,0.4982383
20241108_213404_831867461,0.12084118
20241108_213405_077947828,0.055022694
20241108_213405_331319999,-0.26293793
20241108_213405_578254236,-0.66904956
20241108_213405_830812200,0.21996857
20241108_213406_079394271,0.07049725
20241108_213406_335518937,0.18569337
20241108_213406_584370616,0.17177044
20241108_213406_834353008,0.123119034
20241108_213407_078004062,0.13263957
20241108_213407_333070059,0.25255924
20241108_213407_577869052,0.79123527
20241108_213407_829591332,0.5282598
20241108_213408_079041542,0.50775546
20241108_213408_333531021,0.4083502
20241108_213408_577977339,1.0963027
20241108_213408_831465647,1.838223
20241108_213409_076665440,-0.3151384
20241108_213409_329766897,-0.114293374
20241108_213409_577769618,-0.051490463
20241108_213409_830810926,-0.18393494
20241108_213410_576548997,-0.019990882
20241108_213410_831428898,0.49458322
20241108_213411_075427504,0.7770614
20241108_213411_332567891,0.5855003
20241108_213411_578930925,0.33792517
20241108_213411_834369426,0.28554446
20241108_213412_078682930,0.32583752
20241108_213412_331257627,-0.093873166
20241108_213412_578635240,0.026763061
20241108_213413_075550588,0.06855232
20241108_213413_327639983,0.22033794
20241108_213413_577906091,-0.020759335
20241108_213413_829820355,0.2126173
20241108_213414_074228047,0.24993967
20241108_213414_330710807,0.20829229
20241108_213414_573915851,0.17899372
20241108_213414_827902447,0.23622872
20241108_213415_328801879,0.1908163
20241108_213415_576940645,0.1732911
20241108_213415_831839853,0.08401284
20241108_213416_079124183,0.08048663
20241108_213416_329215680,0.0828178
20241108_213416_579653198,0.03270272
20241108_213416_831315073,0.040943183
20241108_213417_080597305,0.11710999
20241108_213417_335358334,0.49264702
20241108_213417_588809763,0.26846543
20241108_213417_839096171,-0.11158649
20241108_213418_082412624,-0.4748363
20241108_213418_329180893,-0.39051327
20241108_213418_578994724,-0.38572142
20241108_213418_830116795,0.5808563
20241108_213419_083154867,-0.38893074
20241108_213419_330841500,-0.26136598
20241108_213419_576987182,-0.051276226
20241108_213419_828894176,0.19661893
20241108_213420_073020901,0.09806462
20241108_213420_324474850,-0.23582835
20241108_213420_574600016,-0.16442336
20241108_213420_831108775,-0.47934628
20241108_213421_080031326,-0.18375511
20241108_213421_329827728,0.09084958
20241108_213421_575093325,0.07680187
20241108_213421_830937341,-0.07957151
20241108_213422_075732322,-0.19662698
20241108_213422_328679859,-0.2673084
20241108_213422_577457883,-0.113778554
20241108_213422_828325784,-0.1462241
20241108_213423_079280525,-0.13632889
20241108_213423_330380318,-0.1593196
20241108_213423_575731142,-0.19415237
20241108_213423_830028347,-0.14894842
20241108_213424_081345763,-0.060952395
20241108_213424_331116400,0.9877464
20241108_213424_574439093,0.45786226
20241108_213424_828152985,0.39701605
20241108_213425_079717811,0.5530982
20241108_213425_329793729,0.83491886
20241108_213425_574752230,0.61593395
20241108_213425_826596889,0.53274316
20241108_213426_074637169,0.24308522
20241108_213426_331862156,0.30545145
20241108_213426_576207763,-0.069784544
20241108_213426_827424854,-0.020163765
20241108_213427_077447311,-0.0035726335
20241108_213427_326362819,0.0755047
20241108_213427_576338014,0.029136995
20241108_213427_828628458,0.022126684
20241108_213428_076239360,-0.017328164
20241108_213428_328573332,0.091455616
20241108_213428_574171643,0.13043974
20241108_213429_075364711,0.038517334
20241108_213429_330368968,0.043231107
20241108_213429_576891621,-0.014757803
20241108_213429_827708615,-0.0607196
20241108_213430_076943311,0.07836441
20241108_213430_328066130,0.33535513
20241108_213430_576905338,0.8210675
20241108_213430_825322785,0.5313741
20241108_213431_076260828,0.32946253
20241108_213431_326370815,0.11759106
20241108_213431_578935747,-0.014641425
20241108_213431_833282526,0.11092422
20241108_213432_080300670,-0.24526192
20241108_213432_331018630,-0.52091384
20241108_213432_576587056,-0.22438388
20241108_213432_826902626,0.8982864
20241108_213433_076109489,-1.0116543
20241108_213433_326773399,-0.49942368
20241108_213433_574037516,-0.42830953
20241108_213433_832589835,0.43086463
20241108_213434_091155352,0.447269
20241108_213434_342885929,0.577196
20241108_213434_592815896,0.7851979
20241108_213434_841505488,0.83850396
20241108_213435_090497447,0.15213831
20241108_213435_349161342,-0.63418835
20241108_213435_596806095,0.011983616
20241108_213435_842968598,0.09946524
20241108_213436_083408943,0.10889246
20241108_213436_333185130,0.1621859
20241108_213436_577866139,0.072783805
20241108_213436_836628144,0.0590168
20241108_213437_082005472,0.1764855
20241108_213437_332976778,-0.62377834
20241108_213437_578281490,0.54723537
20241108_213437_828141899,0.6078474
20241108_213438_079304013,0.6155694
20241108_213438_334632108,0.53165436
20241108_213438_587310347,0.26303837
20241108_213438_840239382,1.0560348
20241108_213439_083421197,0.8954389
20241108_213439_330486407,0.8025479
20241108_213440_325447098,0.6787423
20241108_213440_573396571,0.47050902
20241108_213440_827188375,0.44448268
20241108_213441_075020808,0.09351421
20241108_213441_329079863,-0.09731402
20241108_213441_577419087,0.019831428
20241108_213441_828392081,0.011259118
20241108_213442_075377496,-0.2648158
20241108_213442_331035533,-0.17044325
20241108_213442_574572535,-0.08578207
20241108_213442_825375701,-0.10184964
20241108_213443_071844639,-0.12934287
20241108_213443_327955790,-0.113773964
20241108_213443_573504389,-0.06480845
20241108_213444_083812056,0.0695006
20241108_213444_335048495,0.19297403
20241108_213444_582143995,0.25870416
20241108_213444_835315997,0.26615864
20241108_213445_083780985,0.3332024
20241108_213445_343423238,1.3861666
20241108_213445_583000303,1.2685843
20241108_213445_837463036,1.1501648
20241108_213446_329276738,0.73377544
20241108_213446_573758950,0.42782834
20241108_213446_825417660,0.9773386
20241108_213447_075531090,0.566482
20241108_213447_329441283,0.3739127
20241108_213447_577948630,0.51283747
20241108_213447_829170269,0.25373805
20241108_213448_078530512,0.47296038
20241108_213448_329669771,0.410991
20241108_213448_833019383,0.3127574
20241108_213449_079176203,-0.79281574
20241108_213449_327604956,0.7129299
20241108_213449_574411736,0.8197245
20241108_213449_824998521,0.6011144
20241108_213450_074482306,0.58256614
20241108_213450_325147506,0.59027445
20241108_213450_571463975,0.14055388
20241108_213450_825491682,0.10353128
20241108_213451_076885831,-0.14758117
20241108_213451_327422316,0.019420842
20241108_213451_572682755,0.15297048
20241108_213452_077586228,0.10030792
20241108_213452_333078840,0.084790565
20241108_213452_582200143,0.17019258
20241108_213452_839377228,0.2354271
20241108_213453_085437886,0.50731355
20241108_213453_336041051,0.3913546
20241108_213453_576182417,0.2280534
20241108_213453_827824994,-0.055332027
20241108_213454_074962888,-0.08040794
20241108_213454_328796755,-0.11931177
20241108_213454_828913498,0.37334993
20241108_213455_076803376,0.4889939
20241108_213455_327379056,0.5849123
20241108_213455_573538930,0.684289
20241108_213455_824161457,0.72038734
20241108_213456_323468192,0.6460248
20241108_213456_573191840,0.20992751
20241108_213456_830253970,-0.02540048
20241108_213457_080558820,0.039229937
20241108_213457_332171077,-0.09814786
20241108_213457_580042906,-0.065056585
20241108_213457_834464660,0.22422196
20241108_213458_082866373,0.7898551
20241108_213458_333628541,0.5362917
20241108_213458_580288871,0.6900179
20241108_213458_833378832,0.5272285
20241108_213459_081379570,0.5407297
20241108_213459_333549341,0.53963494
20241108_213459_831113805,0.99336
20241108_213500_078731494,0.07896199
20241108_213500_338239461,0.059415556
20241108_213500_583214754,-0.08773758
20241108_213500_830533872,-0.0588552
20241108_213501_078840168,-0.90221196
20241108_213501_333628649,0.09615321
20241108_213501_578782075,0.13063036
20241108_213501_827897699,0.18155806
20241108_213502_075717496,-0.040889904
20241108_213502_328540603,-0.10763266
20241108_213502_572879173,-0.03038933
20241108_213502_826690674,0.0115390215
20241108_213503_085455364,0.08019035
20241108_213503_335212818,0.05914513
20241108_213503_829074398,0.03909693
20241108_213504_076172168,-1.0017968
20241108_213504_328858387,0.19218218
20241108_213504_581590803,0.1802126
20241108_213504_834324055,-0.00047441386
20241108_213505_081573914,-0.39602003
20241108_213505_338675318,-0.9236483
20241108_213505_593023127,0.33990693
20241108_213505_838924794,0.27440396
20241108_213506_090790494,0.4097812
20241108_213506_334588117,0.7828907
20241108_213506_577232402,0.4559105
20241108_213506_835492137,0.6961459
20241108_213507_083007938,0.91980827
20241108_213507_328648447,1.1526667
20241108_213507_574931152,2.230285
20241108_213507_825796933,-0.5266473
20241108_213508_074077150,-0.3291046
20241108_213508_328322499,-0.26217148
20241108_213508_580070175,-0.12817551
20241108_213508_831366105,0.070217684
20241108_213509_074778612,-0.057195522
20241108_213509_325977087,-0.054614447
20241108_213509_572931431,0.01795105
20241108_213509_824890498,-0.02734544
20241108_213510_072401563,-0.22708721
20241108_213510_325367589,-1.0987078
20241108_213510_575619537,0.6572176
20241108_213510_828550693,0.13616386
20241108_213511_074974046,-0.027434625
20241108_213511_324725281,-0.7665352
20241108_213511_574718288,-0.15407614
20241108_213511_827598941,-0.13531812
20241108_213512_075823834,-0.006315494
20241108_213512_331451290,0.071009904
20241108_213512_576767848,0.12866586
20241108_213512_826135670,-0.0005597081
20241108_213513_074907437,0.3675288
20241108_213513_334333018,0.25159767
20241108_213513_581650975,0.6495283
20241108_213513_832710068,0.19488621
20241108_213514_079348558,0.034236588
20241108_213514_336022710,0.025341222
20241108_213514_583060829,-0.05480384
20241108_213514_828226606,0.01423935
20241108_213515_074376603,0.0013369713
20241108_213515_328523491,0.16420583
20241108_213515_574212655,0.12623678
20241108_213515_826049416,-0.33522668
20241108_213516_073729942,-0.35565025
20241108_213516_326803137,-0.32667807
20241108_213516_578644146,-0.052700743
20241108_213516_828868953,-0.27952036
20241108_213517_078826961,-0.19900496
20241108_213517_329234285,-0.11267861
20241108_213517_576583817,-0.120631896
20241108_213517_823939477,-0.13975437
20241108_213518_330188348,-0.027776202
20241108_213518_579709969,0.27915648
20241108_213518_833036088,0.20733298
20241108_213519_077437257,0.11185131
20241108_213519_327826136,0.10510821
20241108_213519_573782947,-0.008850297
20241108_213519_826830973,0.05920259
20241108_213520_077195810,0.03010855
20241108_213520_328734090,0.059456684
20241108_213520_574338253,-0.24112873
20241108_213520_826940913,-0.8051154
20241108_213521_076633540,-2.1243582
20241108_213521_328495390,0.49080136
20241108_213521_574631197,0.51828563
20241108_213521_830454236,0.69390506
20241108_213522_079422992,1.1717149
20241108_213522_328937282,0.46059364
20241108_213522_573314959,0.30997607
20241108_213522_826491305,0.2896956
20241108_213523_073972327,0.6781531
20241108_213523_324557639,0.41906068
20241108_213523_828695040,0.44011557
20241108_213524_075275747,0.5871299
20241108_213524_325346023,0.4896132
20241108_213524_573104013,0.081754245
20241108_213524_826539564,-0.22677027
20241108_213525_074957495,-0.01686879
20241108_213525_326199819,1.4493242e-05
20241108_213525_579347786,-0.37811002
20241108_213525_825716512,-0.051374227
20241108_213526_075411519,-0.13178147
20241108_213526_331316767,-0.022162577
20241108_213526_577186900,-0.060220085
20241108_213526_829124231,0.547611
20241108_213527_076443498,0.34127426
20241108_213527_329894727,0.23642115
20241108_213527_577455913,0.27480826
20241108_213527_826355835,0.284526
20241108_213528_073058173,0.2612304
20241108_213528_328447588,0.22254996
20241108_213528_576616715,0.1694477
20241108_213528_827171701,0.28495976
20241108_213529_073257378,0.28798
20241108_213529_326106824,0.24199577
20241108_213529_571099303,0.195161
20241108_213529_824273248,-0.6962633
20241108_213530_072541362,-0.23348142
20241108_213530_325873964,-0.5698388
20241108_213530_573320862,-0.918125
20241108_213530_826580576,-1.06922
20241108_213531_074228162,-0.49197727
20241108_213531_325448404,-0.36677364
20241108_213531_573052778,-0.31981775
20241108_213531_826172843,-1.2604705
20241108_213532_072803274,-0.36858162
20241108_213532_328446558,0.43167034
20241108_213532_581880484,0.5206448
20241108_213532_831127764,0.9681776
20241108_213533_077781395,0.531786
20241108_213533_327593059,0.4999319
20241108_213533_573433304,0.524745
20241108_213534_072941384,0.5358005
20241108_213534_328471024,0.4143357
20241108_213534_575224726,0.16150196
20241108_213534_827381915,0.52823025
20241108_213535_076662016,0.58476853
20241108_213535_328090590,0.48230627
20241108_213535_574967809,0.43982273
20241108_213535_824089260,0.570092
20241108_213536_073450675,0.48238233
20241108_213536_324985043,0.3807785
20241108_213536_572270551,0.07372267
20241108_213536_827706978,-0.027470013
20241108_213537_329799403,0.11424325
20241108_213537_579900241,0.08141596
20241108_213537_834995674,-0.506215
20241108_213538_079058651,-0.24610658
20241108_213538_331525973,-0.22783233
20241108_213538_573176398,-0.099360816
20241108_213539_573287912,0.12270052
20241108_213539_830644790,0.11169938
20241108_213540_076220517,-0.38648057
20241108_213540_330467815,-0.020872999
20241108_213540_579730224,-0.7728088
20241108_213540_832448649,-0.24881412
20241108_213541_076505621,0.08279505
20241108_213541_329025209,0.05855743
20241108_213541_579344312,-0.07542435
20241108_213541_830320167,-0.11541798
20241108_213542_074694012,0.09888882
20241108_213542_325871497,0.13965465
20241108_213542_573243551,-0.24026428
20241108_213542_824620622,-0.27063593
20241108_213543_071973717,-0.28272682
20241108_213543_324509958,-0.63440955
20241108_213543_574539433,-0.30575746
20241108_213543_827166754,-0.2703243
20241108_213544_074808414,-0.27716902
20241108_213545_573623254,-0.237956
20241108_213545_825847397,-0.12990828
20241108_213546_070598079,-0.16332318
20241108_213546_325648081,-0.17151923
20241108_213546_572779505,0.027151229
20241108_213546_824928322,0.020932475
20241108_213547_074851199,0.034625806
20241108_213547_328343087,-0.049354754
20241108_213547_572836160,-0.019481083
20241108_213547_822676256,-0.04253318
20241108_213548_071881971,-0.07696351
20241108_213548_321749376,0.16804813
20241108_213548_569847383,0.038350143
20241108_213548_828034167,-0.72954637
20241108_213549_074365149,-0.68309027
20241108_213549_328963707,-0.51633775
20241108_213549_573868918,-0.54283506
20241108_213549_827492779,-0.45050478
20241108_213550_072679268,-0.26167783
20241108_213550_325626894,-0.2924126
20241108_213550_571830908,-0.23861276
20241108_213550_827286223,-0.036030777
20241108_213551_071581240,-0.14564951
20241108_213551_322462413,-0.21125467
20241108_213551_571324619,-0.19436969
20241108_213551_821141165,-0.12838645
20241108_213552_070955997,0.11602873
20241108_213552_321535115,0.05439452
20241108_213552_570612854,-0.0009073224
20241108_213552_822956819,0.06922523
20241108_213553_071418888,-0.12950565
20241108_213553_326562932,0.01615117
20241108_213553_574359899,0.5862775
20241108_213553_823286320,0.4248903
20241108_213554_075241497,1.0383799
20241108_213554_324506004,1.1611569
20241108_213554_570868024,0.919964
20241108_213554_826002338,-0.21665896
20241108_213555_073657065,0.018434597
20241108_213555_326372171,0.336593
20241108_213555_573719508,0.19481467
20241108_213555_823760564,0.011722868
20241108_213556_070591665,-0.16378678
20241108_213556_320858714,-0.30778235
20241108_213556_570119096,-0.16152419
20241108_213556_822214959,-0.49180636
20241108_213557_072245013,-0.46033654
20241108_213557_325353675,-0.3545089
20241108_213558_573243088,-0.10514947
20241108_213558_824338670,-0.0076058526
20241108_213559_072129756,0.25957203
20241108_213559_328969503,0.6211305
20241108_213559_573143771,0.48546788
20241108_213559_824269589,0.32136387
20241108_213600_072100117,0.43960103
20241108_213600_325426960,0.8236204
20241108_213600_572155165,0.5988759
20241108_213600_827660756,1.0788583
20241108_213601_077401911,0.17290218
20241108_213601_331536029,0.942449
20241108_213601_579795074,0.96232015
20241108_213601_839082779,-0.7382509
20241108_213602_094779122,-0.54042023
20241108_213602_335278099,-0.7621322
20241108_213602_583724887,-0.5585286
20241108_213602_829680603,-0.5371799
20241108_213603_075523837,-0.5246799
20241108_213603_327034078,-1.0924612
20241108_213603_572779570,-0.70267195
20241108_213603_824613590,-0.55488425
20241108_213604_076224516,-0.45087534
20241108_213604_328158623,-0.31435743
20241108_213604_571629266,-0.3081859
20241108_213604_829292627,-0.0315976
20241108_213605_075595992,0.4523931
20241108_213605_328717408,0.35119563
20241108_213605_574263224,0.21914329
20241108_213605_827299563,0.053889133
20241108_213606_074232324,0.0890371
20241108_213606_329786029,0.15207152
20241108_213606_829734017,2.7705152
20241108_213607_076376278,0.18298247
20241108_213607_327020528,0.10341992
20241108_213607_573279485,0.047904223
20241108_213607_826214896,0.10656383
20241108_213608_071683531,0.071639575
20241108_213608_325264051,0.15063243
20241108_213608_572520612,0.10929761
20241108_213608_821677072,0.11586318
20241108_213609_073555037,0.17501982
20241108_213609_325311346,0.05006752
20241108_213609_571454930,-0.07384112
20241108_213609_822227428,0.31473646
20241108_213610_072022525,0.17821349
20241108_213610_324950783,0.5365751
20241108_213610_571322018,0.56753373
20241108_213610_826687265,0.97725755
20241108_213611_075799814,0.8636838
20241108_213611_327042943,1.8413347
20241108_213611_573939153,0.36527517
20241108_213611_824662588,0.75214994
20241108_213612_073022994,0.43943855
20241108_213612_326071730,1.3881108
20241108_213612_573017052,1.1731081
20241108_213612_826602916,1.5404745
20241108_213613_070711791,0.931949
20241108_213613_322647387,0.54206836
20241108_213613_569960156,0.2853035
20241108_213613_826125493,0.17880592
20241108_213614_079243969,0.17453113
20241108_213614_334145007,-0.01454897
20241108_213614_577994557,-0.7775167
20241108_213614_826938838,0.17190775
20241108_213615_077062392,-0.07968017
20241108_213615_824854919,-0.115611754
20241108_213616_327896339,0.006341556
20241108_213616_572754279,-0.013952931
20241108_213616_823155352,-0.047103606
20241108_213617_070561103,-0.14538349
20241108_213617_321335923,0.30512092
20241108_213617_574487068,0.20868905
20241108_213617_826348179,-0.015678963
20241108_213618_074316251,-0.28014597
20241108_213618_330719083,-0.10333509
20241108_213618_575040039,-0.09001278
20241108_213619_071055883,-0.0152423885
20241108_213619_322496899,-0.08478054
20241108_213619_570269914,-0.072712176
20241108_213619_823003159,-0.13502644
20241108_213620_070252601,-0.11358585
20241108_213620_321171792,0.0008494053
20241108_213620_569900558,-0.22072311
20241108_213620_821513979,-1.5479501
20241108_213621_075842168,-0.045801662
20241108_213621_332385212,0.5898543
20241108_213621_575122596,0.5289609
20241108_213621_826420724,-2.3243608
20241108_213622_074107935,-0.94462264
20241108_213622_326222643,-0.8190288
20241108_213622_572224606,0.020598257
20241108_213622_824755859,-0.16013499
20241108_213623_329763587,-0.22413163
20241108_213623_577781364,-0.4590191
20241108_213623_822762733,-0.560857
20241108_213624_073037420,-0.4425963
20241108_213624_572489863,-0.45663285
20241108_213624_821829707,-0.43287078
20241108_213625_076781307,-0.41698173
20241108_213625_573096128,-0.7544107
20241108_213625_829595089,-0.2875171
20241108_213626_076596427,0.3721678
20241108_213626_335572577,-0.1549622
20241108_213626_585266290,-0.3540816
20241108_213626_834609328,-0.16344549
20241108_213627_079839811,-0.022000453
20241108_213627_332960130,-0.036707483
20241108_213627_580122630,-0.109344505
20241108_213628_574837952,-0.09721305
20241108_213628_826030878,0.009854296
20241108_213629_325010089,0.051749803
20241108_213629_572024601,-0.08809521
20241108_213629_822645930,-0.060499333
20241108_213630_076388886,-0.009995839
20241108_213630_325313520,-0.019543907
20241108_213630_576370042,-0.17440988
20241108_213630_829739865,-0.017648598
20241108_213631_078792377,0.022740463
20241108_213631_330317635,-0.030044338
20241108_213631_576292222,-0.05822321
20241108_213631_828133858,-0.058887742
20241108_213632_073803397,-0.044661723
20241108_213632_326978293,-0.015640995
20241108_213632_578714030,-0.028413853
20241108_213632_829023077,0.05105523
20241108_213633_074952409,-0.9557865
20241108_213633_324827446,0.22495349
20241108_213633_578148433,0.25667068
20241108_213633_825075536,0.24334855
20241108_213634_080303505,0.34913164
20241108_213634_332273370,0.46339032
20241108_213634_581198961,0.40581462
20241108_213634_834531552,0.34124777
20241108_213635_337327365,0.38929588
20241108_213635_577400006,0.48445585
20241108_213635_826341107,0.16186838
20241108_213636_073854269,0.21844189
20241108_213636_572389979,0.4056007
20241108_213636_824738110,0.3073636
20241108_213637_072247355,0.14898632
20241108_213637_328450638,-0.1923485
20241108_213637_576321943,-0.3641848
20241108_213637_836929424,-0.108065955
20241108_213638_085045681,-0.06706347
20241108_213638_336988454,-0.060408674
20241108_213638_581613896,-0.19254385
20241108_213638_834348465,-0.15211694
20241108_213639_329957769,-0.086798064
20241108_213639_822912586,-0.054886185
20241108_213640_070755896,-0.0003763046
20241108_213640_321354754,-0.018461457
20241108_213640_572502159,-0.02174916
20241108_213640_823007648,-0.026438793
20241108_213641_070108536,-0.08410656
20241108_213641_575747109,-0.2595852
20241108_213641_826270664,-0.08247488
20241108_213642_072078501,-0.07236331
20241108_213642_325177434,-0.027747115
20241108_213642_575615155,-0.048070215
20241108_213643_076888427,-0.028470596
20241108_213645_072292064,-0.01519536
20241108_213645_325029482,-0.022918245
20241108_213645_575022353,-0.022131672
20241108_213645_822329747,-0.06642847
20241108_213646_072613389,-0.022942355
20241108_213646_326321751,-0.12120353
20241108_213646_573336922,-0.040303223
20241108_213646_825008419,-0.067363344
20241108_213647_073032764,-0.026605954
20241108_213647_581728894,-0.009787818
20241108_213647_835222375,-0.0135693755
20241108_213648_325001319,-0.08165365
20241108_213648_823888995,-0.048614465
20241108_213649_071746277,0.040344752
20241108_213649_324945777,0.073673345
20241108_213649_572803269,0.051884957
20241108_213649_827033940,0.008173535
20241108_213650_076065262,0.114899434
20241108_213650_328271530,0.1210968
20241108_213650_574401853,0.08793015
20241108_213652_328802204,0.08304212
20241108_213652_822941162,0.0904463
20241108_213654_328054956,0.06322006
20241108_213654_826142630,0.047398694
20241108_213655_076561003,0.16034894
20241108_213655_330352586,0.11965955
20241108_213655_825459854,0.08916242
20241108_213656_071334814,0.1481406
20241108_213656_325632652,0.09845684
20241108_213656_570753982,0.09976403
20241108_213657_320131476,0.43131042
20241108_213657_570494293,0.6692484
20241108_213657_821916678,1.1733614
20241108_213658_073329834,-0.1707591
20241108_213658_324621119,-0.059024744
20241108_213658_575726309,0.02776114
20241108_213658_824710332,0.19964994
20241108_213659_070573674,0.49915603
20241108_213659_321060378,0.3551482
20241108_213659_569914420,0.23838992
20241108_213659_820635357,0.123655684
20241108_213700_069056337,0.15562238
20241108_213700_322682749,0.17758514
20241108_213700_570569095,-0.010076752
20241108_213700_822866741,0.14784311
20241108_213701_070766365,0.075999
20241108_213701_321889451,-0.011042317
20241108_213701_570832539,-0.28139213
20241108_213702_321267883,-0.07790374
20241108_213702_571627927,-0.056558274
20241108_213702_820066332,-0.023633858
20241108_213703_072131814,-0.019049188
20241108_213703_324270596,-0.039867423
20241108_213703_577784950,-0.10662242
20241108_213703_831356785,-0.112020455
20241108_213704_081764082,0.21631245
20241108_213704_326416667,0.26229402
20241108_213704_571842135,0.16165541
20241108_213705_570863780,0.13297923
20241108_213706_324494058,0.12652634
20241108_213706_571808299,0.13364331
20241108_213706_825049586,0.16561349
20241108_213707_072138763,0.615686
20241108_213707_324199084,0.34005806
20241108_213707_572992939,-0.14056833
20241108_213707_826811230,-0.12644432
20241108_213708_075817415,-0.43902206
20241108_213708_325056956,-0.2902755
20241108_213708_575470871,-0.07674786
20241108_213708_827233092,-0.03577804
20241108_213709_323886213,0.013063649
20241108_213709_574996561,0.037184097
20241108_213709_825387326,0.29000324
20241108_213710_076860286,0.17363529
20241108_213710_329031269,0.15436979
20241108_213710_577169257,0.2553361
20241108_213710_828171273,0.19635977
20241108_213711_331096323,0.17094629
20241108_213711_826524226,0.11799366
20241108_213712_079349703,0.10989038
20241108_213712_332570599,0.6703122
20241108_213712_577532580,0.41524827
20241108_213712_831327235,0.32305133
20241108_213713_079954251,0.29210252
20241108_213713_329418327,0.31639436
20241108_213713_576543568,0.23941062
20241108_213713_827156967,0.94778293
20241108_213714_075904804,0.44529992
20241108_213714_327565033,0.6414995
20241108_213715_075314461,0.49477628
20241108_213715_324007856,0.36547968
20241108_213715_572966915,0.24212359
20241108_213715_827653225,0.42658857
20241108_213716_079875716,-0.011017939
20241108_213716_331071511,-0.20121884
20241108_213716_578143087,0.44044045
20241108_213716_829133016,0.41927016
20241108_213717_077578043,0.1465954
20241108_213717_328410898,-0.16299032
20241108_213717_574113654,-0.046250604
20241108_213717_822520318,-0.005897155
20241108_213718_076255685,0.11202148
20241108_213718_325359291,0.064767905
20241108_213718_577389268,0.046281077
20241108_213718_834177739,0.04229743
20241108_213719_081338891,0.09987039
20241108_213719_330624462,0.02696819
20241108_213720_329747806,0.101445176
20241108_213720_574907226,0.48339364
20241108_213720_832801930,0.60413
20241108_213721_076635433,0.8563867
20241108_213721_324692795,1.5523574
20241108_213721_577297590,0.048769705
20241108_213721_835265146,-0.62096965
20241108_213722_080831465,-0.63115835
20241108_213722_332884090,0.7990749
20241108_213722_575660322,0.5948159
20241108_213722_823921084,0.5678
20241108_213723_071622628,1.1819382
20241108_213723_324487374,-0.61356384
20241108_213723_573909784,-0.08085587
20241108_213723_821925237,-0.18001711
20241108_213724_574689778,-0.18958189
20241108_213725_074581239,-0.10292616
20241108_213725_325470834,0.115724795
20241108_213725_581346448,0.45556882
20241108_213725_834829800,1.4061192
20241108_213726_084942434,-0.58737296
20241108_213726_339413277,-0.43300447
20241108_213726_581897464,-0.24300086
20241108_213726_828199365,-0.26357082
20241108_213727_077172383,-0.18518217
20241108_213727_323325620,-0.1913447
20241108_213727_822278962,-0.82939583
20241108_213728_075665698,-0.89958686
20241108_213728_324952652,-0.5088303
20241108_213728_573798212,-0.42972535
20241108_213728_825399014,-0.23370299
20241108_213729_074939323,-0.5031463
20241108_213729_327239809,-0.4877903
20241108_213729_570431748,-0.38903216
20241108_213729_826020879,-0.5620154
20241108_213730_072488778,-0.50673825
20241108_213730_325676953,-0.44412908
20241108_213730_574104091,-0.38561264
20241108_213730_828551353,-0.42616397
20241108_213731_076868708,-0.61159384
20241108_213731_330740325,-0.66294384
20241108_213731_581671678,-0.58346015
20241108_213731_841454736,0.71639687
20241108_213732_081588638,0.58281183
20241108_213732_332920047,0.50450397
20241108_213732_573616078,0.5198263
20241108_213732_825192989,0.44956052
20241108_213733_071963892,0.504689
20241108_213733_325746403,0.45434707
20241108_213733_571896753,0.4708175
20241108_213733_824543129,0.6261896
20241108_213734_083785052,0.8071415
20241108_213734_336834860,0.38188636
20241108_213734_590772160,0.32640347
20241108_213734_835857698,0.36786827
20241108_213735_079371543,0.19213949
20241108_213735_331089368,0.24951605
20241108_213735_577052574,0.2860305
20241108_213735_825144126,0.2710662
20241108_213736_074235502,0.23070313
20241108_213736_320836514,0.18381943
20241108_213736_568642689,0.06779171
20241108_213736_821794041,0.06447739
20241108_213737_072985739,0.13095851
20241108_213737_326727644,0.38665462
20241108_213737_576928373,0.2525907
20241108_213737_822196775,0.24893434
20241108_213738_071240229,0.4656606
20241108_213738_325963223,0.30250052
20241108_213738_569884370,0.1260141
20241108_213738_822491811,0.10964168
20241108_213739_070796465,0.050089188
20241108_213739_323713582,-0.17594601
20241108_213739_570790620,0.013866404
20241108_213739_821005118,0.35521844
20241108_213740_069448955,0.58461416
20241108_213740_322562169,0.332003
20241108_213740_571307085,0.21582915
20241108_213740_823746727,0.1622171
20241108_213741_071539930,0.2241901
20241108_213741_324398134,0.3593682
20241108_213741_572714876,0.2715151
20241108_213741_822087489,0.33181024
20241108_213742_069963041,0.3698036
20241108_213742_321165299,0.16665249
20241108_213742_575441766,0.21856882
20241108_213742_829072473,0.6712093
20241108_213743_075605792,0.74601555
20241108_213743_330165419,0.13206212
20241108_213743_575222800,0.078425415
20241108_213743_826408676,0.17698295
20241108_213744_075660703,0.26407936
20241108_213744_323609489,0.3168696
20241108_213744_570893735,0.05615128
20241108_213745_069835603,0.09398968
20241108_213745_321368235,0.33293527
20241108_213745_571231230,1.2773231
20241108_213745_825385484,1.1663892
20241108_213746_072011597,0.6334873
20241108_213746_324099816,0.13071369
20241108_213746_577157013,0.07114256
20241108_213746_827831224,0.090290345
20241108_213747_075895420,0.015377918
20241108_213747_327905518,0.37923795
20241108_213747_576192539,0.92257506
20241108_213747_828351052,0.5146236
20241108_213748_073137809,0.78882265
20241108_213748_325203196,0.4818097
20241108_213748_570786012,0.4858534
20241108_213748_825006552,0.6192549
20241108_213749_073334788,0.51341754
20241108_213749_332872405,0.48460516
20241108_213749_580576372,0.8510646
20241108_213749_829658612,0.56014943
20241108_213750_078376332,0.5566272
20241108_213750_330953880,0.19949006
20241108_213750_576697421,0.11365581
20241108_213750_829473074,0.29216117
20241108_213751_325141298,0.1346765
20241108_213751_574173550,0.66058505
20241108_213751_822793448,0.57664776
20241108_213752_072837735,0.41968304
20241108_213752_326022830,0.36817387
20241108_213752_573954639,0.3507864
20241108_213752_828321938,0.3475075
20241108_213753_073501413,0.37553197
20241108_213753_326337237,-0.5228347
20241108_213753_575777134,-0.2132508
20241108_213753_826994549,-0.9058623
20241108_213754_074466701,-0.3818556
20241108_213754_325396418,-0.38119495
20241108_213754_570720653,-0.25367227
20241108_213754_822443684,-0.10338986
20241108_213755_074129321,-0.17336626
20241108_213755_327072631,-0.29044542
20241108_213755_575682124,-1.2117378
20241108_213755_833100763,0.12966657
20241108_213756_077236691,0.14208026
20241108_213756_326893322,0.3083726
20241108_213756_570605277,0.1472886
20241108_213756_823425045,0.33546522
20241108_213757_069899184,0.38694617
20241108_213757_326276330,0.2379462
20241108_213757_571133266,0.2843143
20241108_213757_821495013,0.17642908
20241108_213758_071738516,0.2416976
20241108_213758_325707969,0.13468288
20241108_213758_571604777,0.17810132
20241108_213758_822447319,0.18297772
20241108_213759_068713377,0.16084181
20241108_213759_820184887,0.14969872
20241108_213800_069438822,0.15133326
20241108_213800_328750097,0.13687532
20241108_213800_569344337,0.13231145
20241108_213800_823999214,0.15274678
20241108_213801_072527285,0.29082584
20241108_213801_325040525,0.07591457
20241108_213801_580450094,0.07476208
20241108_213801_825600506,-0.13864483
20241108_213802_072757940,-0.50507134
20241108_213802_327094346,0.059713967
20241108_213802_576152627,-0.0753112
20241108_213802_831888534,1.039501
20241108_213803_079418896,0.016469875
20241108_213803_331813519,0.38239178
20241108_213803_578517254,0.7049697
20241108_213803_824560438,0.4483877
20241108_213804_077209656,0.1749243
20241108_213804_330176378,0.60082024
20241108_213804_577793605,0.13756044
20241108_213804_825483673,-0.009597084
20241108_213805_071718269,-0.93794596
20241108_213805_325270903,-0.87208796
20241108_213805_569615610,-0.1670225
20241108_213805_822425564,-1.1703674
20241108_213806_073013951,-0.61825716
20241108_213806_323182175,-0.49367946
20241108_213806_571993923,-0.43864617
20241108_213806_825082111,-1.0738138
20241108_213807_080444283,-1.6837493
20241108_213807_332996993,0.72422904
20241108_213807_575448524,0.013769703
20241108_213807_824239464,-0.11361309
20241108_213808_322783087,-0.7479472
20241108_213808_569924079,-0.68719244
20241108_213808_820639623,-0.9951421
20241108_213809_071716641,-0.45795947
20241108_213809_322857208,-0.32362393
20241108_213809_571682308,0.115858845
20241108_213809_822047869,0.19902113
20241108_213810_072408418,0.21138665
20241108_213810_323043752,0.08349327
20241108_213810_570881792,0.09888635
20241108_213810_824727040,-0.18150868
20241108_213811_070820825,-0.0044120755
20241108_213811_323627879,-0.06212207
20241108_213811_567432853,0.08284012
20241108_213811_821132764,-0.012196979
20241108_213812_068745650,-0.047738455
20241108_213812_320998975,-0.048593365
20241108_213812_821004644,-0.2562994
20241108_213813_072433711,-0.21462514
20241108_213813_573155843,-0.95637554
20241108_213813_828419727,0.25907797
20241108_213814_071268433,0.02191309
20241108_213814_325856413,0.4471251
20241108_213814_572873889,0.06988601
20241108_213814_825258668,0.06298462
20241108_213815_071980817,0.6414323
20241108_213815_324351527,1.4366896
20241108_213815_573611657,0.3331631
20241108_213815_821396011,0.25706327
20241108_213816_072637466,0.32750988
20241108_213816_326031785,0.24249475
20241108_213816_570308697,0.33924586
20241108_213817_070506141,0.27443168
20241108_213817_322614219,0.2302091
20241108_213817_821953724,0.25107652
20241108_213818_572346262,0.20467918
20241108_213818_821102258,0.17440395
20241108_213819_069114892,0.1989262
20241108_213819_323241173,0.17223118
20241108_213819_569656776,0.13743143
20241108_213819_819773381,0.16648756
20241108_213820_068721718,0.25607023
20241108_213820_322304151,0.21673326
20241108_213820_570041687,0.047677077
20241108_213820_820731047,0.6002678
20241108_213821_070634651,0.75745153
20241108_213821_322313533,0.388298
20241108_213821_568187911,0.19507821
20241108_213821_819590505,0.27205178
20241108_213822_067807823,0.23306857
20241108_213822_323718028,0.13136323
20241108_213822_572867990,-0.011297068
20241108_213822_820933479,0.38490102
20241108_213823_068391028,0.28508902
20241108_213823_321564501,0.017621556
20241108_213823_568939247,-0.20554493
20241108_213823_820093604,-0.13429041
20241108_213824_070149378,-0.26962772
20241108_213824_319974172,-0.10605242
20241108_213824_819196310,-0.08834901
20241108_213825_321488570,-0.025872877
20241108_213825_570737665,0.26613396
20241108_213825_819084527,0.26201227
20241108_213826_068192001,0.439149
20241108_213826_322163315,0.26077527
20241108_213827_318216529,0.24729006
20241108_213827_566915420,0.21205883
20241108_213827_817327271,0.13625534
20241108_213828_066346883,0.15788536
20241108_213828_570390657,0.12752603
20241108_213829_066800044,0.101602234
20241108_213829_569407384,0.11669103
20241108_213829_820886356,-0.2586885
20241108_213830_072404633,-0.2779606
20241108_213830_323019550,-0.2791712
20241108_213830_569459876,-0.5494451
20241108_213830_819895572,-0.453067
20241108_213831_067988309,-0.9737728
20241108_213831_319012919,0.11844847
20241108_213831_567088558,0.20743285
20241108_213831_817690463,0.26547477
20241108_213832_067105487,0.41022673
20241108_213832_322299580,0.31695297
20241108_213833_069923834,0.29817316
20241108_213833_325686924,0.28911915
20241108_213833_822409036,0.27519962
20241108_213834_570390894,0.27054587
20241108_213834_820812276,0.26892248
20241108_213835_075215391,0.22029828
20241108_213835_327193510,-0.103623204
20241108_213835_573282097,-0.110011004
20241108_213835_825100077,-0.23065566
20241108_213836_072518886,-0.12493809
20241108_213836_324613094,-0.19879673
20241108_213836_569768224,-0.13934426
20241108_213836_820630202,0.051206864
20241108_213837_070457371,-0.035050236
20241108_213837_323663774,-0.14650281
20241108_213837_568440222,-0.10427006
20241108_213837_819343568,-0.034507
20241108_213838_068633288,0.1823589
20241108_213838_319620596,0.34190112
20241108_213838_567538461,0.36871085
20241108_213838_819672614,0.06765673
20241108_213839_066496411,0.10191891
20241108_213839_318739348,0.12215147
20241108_213840_566507315,0.12611704
20241108_213840_818658178,0.01258097
20241108_213841_320376573,0.24331369
20241108_213841_572481957,0.33005545
20241108_213841_819629526,0.25056678
20241108_213842_066089266,0.26769018
20241108_213842_320095446,0.28003287
20241108_213842_567430913,0.46721515
20241108_213842_823271323,0.32481223
20241108_213843_327144462,0.27622032
20241108_213843_572418790,0.25067526
20241108_213844_820804946,0.19099976
20241108_213845_071244595,0.16261496
20241108_213845_322477340,0.027830103
20241108_213845_569113521,-0.00419428
20241108_213846_324992382,0.8418233
20241108_213846_573794473,0.3767868
20241108_213846_823343021,0.2911741
20241108_213847_073240898,0.043861963
20241108_213847_322447778,0.022727469
20241108_213847_571365548,-0.22349583
20241108_213847_826819505,-0.61716163
20241108_213848_822417873,-0.11396932
20241108_213849_822082828,-0.07581919
20241108_213850_821357319,-0.058628224
20241108_213851_072700786,-0.06338533
20241108_213851_331886530,-0.065275066
20241108_213851_578979240,-0.46544692
20241108_213851_831497111,-0.5132294
20241108_213852_079221969,0.8496776
20241108_213852_329807037,0.43952003
20241108_213852_583260603,0.582246
20241108_213852_828930866,0.4432417
20241108_213853_074825158,0.46256056
20241108_213853_325598031,0.431399
20241108_213853_574304010,0.69171536
20241108_213853_826305926,0.29398283
20241108_213854_072965050,0.88585544
20241108_213854_323377495,0.30705902
20241108_213854_571817119,-0.83194757
20241108_213854_829520767,0.56143785
20241108_213855_076924873,0.20620225
20241108_213855_335564895,-0.21672203
20241108_213855_583125942,0.26390725
20241108_213855_831274354,-0.115198575
20241108_213856_074022035,0.80934066
20241108_213856_327746619,0.584904
20241108_213856_574044573,0.62390804
20241108_213857_325005631,0.6003154
20241108_213857_575273198,0.9221247
20241108_213857_825363489,0.7261363
20241108_213858_572608483,0.7024919
20241108_213858_821666769,0.7097848
20241108_213859_579340372,0.6534878
20241108_213859_828397682,0.78581893
20241108_213900_077033949,-0.7068166
20241108_213900_332188796,0.17184065
20241108_213900_582540175,0.057123885
20241108_213900_832302684,0.09659627
20241108_213901_329631205,0.0026631746
20241108_213901_581712596,0.06787161
20241108_213901_828107567,0.02134935
20241108_213902_074270555,-0.27700844
20241108_213902_330367398,-0.65501934
20241108_213902_576987545,-0.5944493
20241108_213902_828195111,-0.8660075
20241108_213903_071809688,-0.4552387
20241108_213903_324503590,-0.39139876
20241108_213903_573592725,-0.39309594
20241108_213903_822628977,0.020285154
20241108_213904_068701218,0.5936545
20241108_213904_321407503,0.5444794
20241108_213904_570376460,0.32174256
20241108_213904_830661819,0.30709645
20241108_213905_079719927,0.29607716
20241108_213905_325192299,0.29239556
20241108_213905_580517198,0.28850827
20241108_213905_830189252,0.3159928
20241108_213906_074365804,0.25317046
20241108_213906_326244246,0.21335189
20241108_213906_572442651,0.21658932
20241108_213906_822795432,0.23305754
20241108_213907_080341867,0.09139416
20241108_213907_329005372,0.05278162
20241108_213907_576936085,0.11580942
20241108_213907_826028077,0.13583677
20241108_213909_329025757,0.23077832
20241108_213909_578141558,0.30903506
20241108_213909_826214631,0.12979291
20241108_213910_072936085,0.47861627
20241108_213910_321088826,0.19493233
20241108_213910_819223116,0.11338512
20241108_213911_066339365,0.052847482
20241108_213911_317634981,0.014686683
20241108_213912_323099476,0.078977026
20241108_213912_570741298,-0.04045763
20241108_213912_823596545,-0.2438695
20241108_213913_072963792,-0.24796005
20241108_213913_325690341,-0.32422945
20241108_213913_569429020,-0.36345053
20241108_213914_570214809,-0.1964504
20241108_213914_820515166,0.072179005
20241108_213915_070550083,0.4029102
20241108_213915_326575690,0.30199617
20241108_213915_821752150,0.061283104
20241108_213916_071406681,0.1275916
20241108_213916_325202623,0.0516207
20241108_213917_324364434,0.13247894
20241108_213917_569388495,0.016509036
20241108_213917_820202228,0.112652816
20241108_213918_075337588,0.4736757
20241108_213918_322665830,0.5030561
20241108_213918_570641815,0.20789991
20241108_213918_822401073,0.07331566
20241108_213919_074138877,-0.016705057
20241108_213920_068792644,0.29625088
20241108_213920_319418004,0.18111067
20241108_213920_569770985,0.2919475
20241108_213920_821724477,0.19182806
20241108_213921_322117587,0.28208145
20241108_213921_567891795,0.5162299
20241108_213921_817668011,0.29719004
20241108_213922_065559669,0.13952516
20241108_213922_321249807,0.13892908
20241108_213922_567294626,0.083261706
20241108_213923_565687418,0.13528232
20241108_213923_817350841,0.07922117
20241108_213924_065788849,0.058060504
20241108_213924_317303078,-0.023133775
20241108_213924_567645605,-0.061594866
20241108_213924_819816678,-0.22762556
20241108_213925_070093881,0.029165367
20241108_213925_567270337,0.027400533
20241108_213926_068423211,-0.10351517
20241108_213926_319993660,-0.08044406
20241108_213927_317503279,-0.0010394063
20241108_213927_821165336,-0.04491844
20241108_213928_069516269,0.008028487
20241108_213928_321845061,0.04601834
20241108_213928_565958253,-0.00092228316
20241108_213929_567339603,0.0037714634
20241108_213929_820073660,-0.06775048
20241108_213930_081016197,0.004233757
20241108_213930_819554032,0.028178552
20241108_213931_573531379,0.021130124
20241108_213932_067946504,0.20529146
20241108_213932_319286679,0.12712245
20241108_213932_820608666,0.0934938
20241108_213933_322676641,0.047054745
20241108_213933_573034030,-0.050117217
20241108_213933_820646721,-0.21186204
20241108_213934_068623594,-0.3109499
20241108_213934_326482007,-0.4121261
20241108_213934_574901370,-0.39805442
20241108_213934_829763270,-0.7681468
20241108_213935_072753475,-0.35711935
20241108_213935_323295166,0.012694968
20241108_213935_569779346,0.20095074
20241108_213935_820622924,0.0536447
20241108_213936_821660206,0.043698825
20241108_213937_069077330,0.07951055
20241108_213937_321321044,0.09519694
20241108_213937_567785489,-0.01881208
20241108_213938_567334728,-0.01885434
20241108_213940_067332728,0.0021917615
20241108_213940_319792248,0.10156474
20241108_213940_567210884,0.115077056
20241108_213940_818645811,0.3049893
20241108_213941_068315282,0.3943796
20241108_213941_569547928,0.24646269
20241108_213941_817556131,0.22167383
20241108_213942_318268048,0.23140828
20241108_213942_818981499,0.11979363
20241108_213943_325621570,0.16959028
20241108_213943_570402462,0.28474346
20241108_213944_574813312,0.1873406
20241108_213944_825342652,-0.057278834
20241108_213945_074324057,-0.2315887
20241108_213945_328194698,-0.172018
20241108_213946_325032868,0.39262527
20241108_213946_570522844,0.15127675
20241108_213946_822369139,0.3460472
20241108_213947_071677855,0.4596287
20241108_213947_328133671,0.7789117
20241108_213947_569600848,0.6199339
20241108_213947_820690194,0.97730225
20241108_213948_067033473,0.2504475
20241108_213948_816978340,0.5620577
20241108_213949_064073258,0.40600622
20241108_213949_318384436,0.280201
20241108_213949_565259709,0.1533265
20241108_213949_818696382,0.21702118
20241108_213950_318440027,0.23202102
20241108_213950_568707115,0.2597824
20241108_213950_819868960,0.5348549
20241108_213951_066114333,0.42691907
20241108_213951_318879684,0.2636022
20241108_213951_567785089,0.1703343
20241108_213951_819354661,-0.010380646
20241108_213952_069613413,0.09409643
20241108_213952_322363318,0.060393937
20241108_213952_569074759,0.10954512
20241108_213952_824067212,0.73558515
20241108_213953_069012480,0.10882769
20241108_213953_319877518,0.11181421
20241108_213953_567451420,0.1512932
20241108_213953_824556254,0.13773917
20241108_213954_324432654,0.15799479
20241108_213954_569541420,-0.17652716
20241108_213954_823163212,-0.18668355
20241108_213955_323421619,-0.046890043
20241108_213956_067061807,-0.0820116
20241108_213956_318741838,-0.28529742
20241108_213956_571881051,-0.22275008
20241108_213956_821241432,-0.05465939
20241108_213957_321362265,-0.051420234
20241108_213957_573929730,-0.05884584
20241108_213957_826231229,-0.12081792
20241108_213958_073379134,0.15523088
20241108_213958_327658264,-0.025525352
20241108_213958_571537687,0.00038818456
20241108_213958_818841407,0.019545415
20241108_213959_322148404,0.017342607
20241108_213959_571959491,0.020867506
20241108_213959_823144362,0.032204546
20241108_214000_071836364,0.054682054
20241108_214000_325075375,-0.07364645
20241108_214000_827299429,-0.10195594
20241108_214001_075732888,-0.15884764
20241108_214001_330645106,-0.27267593
20241108_214001_826178835,-0.14204697
20241108_214002_327607337,-0.046816967
20241108_214002_571794781,0.024544338
20241108_214002_822658593,-0.016860088
20241108_214003_071810978,-0.04384496
20241108_214003_326857977,-0.086279534
20241108_214003_571403068,0.037838854
20241108_214003_827022189,-0.020292899
20241108_214004_074011799,-0.07537582
20241108_214004_328072175,-0.0470685
20241108_214004_571627274,-0.110999785
20241108_214004_830785933,-0.14693661
20241108_214005_075108731,-0.14559908
20241108_214005_327477219,-0.13152258
20241108_214005_572601688,0.038314857
20241108_214005_822068424,-0.045425974
20241108_214006_068789733,0.19189139
20241108_214006_318540412,0.08872003
20241108_214006_565571399,0.091151245
20241108_214006_819361651,0.08213533
20241108_214007_074749644,0.15799229
20241108_214007_327912893,0.3111134
20241108_214007_570328682,0.2411529
20241108_214007_822691876,0.068413205
20241108_214008_071926793,0.030841658
20241108_214008_323432072,0.090044476
20241108_214008_572938830,0.28489742
20241108_214008_829771354,-0.0019616093
20241108_214009_082252327,-0.15076603
20241108_214009_340267542,-0.4234046
20241108_214009_589557604,-0.29016283
20241108_214009_844797683,-0.12295588
20241108_214010_084234713,0.120274015
20241108_214010_344355980,0.37587422
20241108_214010_580782551,0.23335199
20241108_214010_828761457,0.14429621
20241108_214011_081006429,0.12641166
20241108_214011_327543367,-0.01755484
20241108_214011_577380346,0.18144183
20241108_214011_831317499,0.64600754
20241108_214012_073277081,1.6148129
20241108_214012_326609017,1.6052258
20241108_214012_574435149,-0.5583505
20241108_214012_822349297,-0.13227159
20241108_214013_068530849,-0.15959306
20241108_214013_324714352,-0.14051963
20241108_214013_575010445,-0.2259392
20241108_214013_826904154,-0.23803551
20241108_214014_078989985,-0.214817
20241108_214014_327788325,-1.1829301
20241108_214014_575344907,0.60920745
20241108_214014_825077538,0.5309641
20241108_214015_071631602,0.37379143
20241108_214015_335097474,0.395937
20241108_214015_574932536,0.34366018
20241108_214015_825346094,0.19005169
20241108_214016_069466010,0.21239348
20241108_214016_322481123,0.2420256
20241108_214016_569520630,0.30383277
20241108_214016_828952207,0.2882293
20241108_214017_071501839,0.11658845
20241108_214017_322217015,0.12999867
20241108_214017_573828187,0.03745953
20241108_214017_818734961,-0.17403509
20241108_214018_069774267,-0.09157907
20241108_214018_321658451,-0.049476318
20241108_214018_568773252,-0.02464681
20241108_214019_069734157,-0.05127629
20241108_214019_319739083,-0.035535358
20241108_214019_573062291,-0.01120027
20241108_214020_069879539,-0.05788847
20241108_214020_321963537,-0.03138163
20241108_214020_572159477,-0.07660716
20241108_214020_825195293,-0.1212995
20241108_214021_070570676,-0.16405608
20241108_214021_325776572,-0.10325792
20241108_214021_571272880,-0.14825632
20241108_214021_823737928,-0.074507974
20241108_214022_075692360,0.09531639
20241108_214022_326419674,0.27289763
20241108_214022_572511603,0.57720846
20241108_214022_822980840,0.8682749
20241108_214023_068472066,0.6102933
20241108_214023_322661433,0.95493126
20241108_214023_568428663,-0.47221655
20241108_214023_827235482,0.085585974
20241108_214024_072356300,0.1393557
20241108_214024_332178192,0.046184026
20241108_214024_578242805,0.10467801
20241108_214024_828137228,0.0967469
20241108_214025_070565852,-0.010276457
20241108_214025_327398742,-0.09062304
20241108_214025_571108345,-0.044566177
20241108_214025_821485046,-0.24721436
20241108_214026_066541157,-0.25621092
20241108_214026_318803477,0.15855415
20241108_214026_569050189,-0.012630066
20241108_214026_820148853,0.14169817
20241108_214027_067373277,0.122508265
20241108_214027_323065728,0.10066054
20241108_214027_569352941,0.043151237
20241108_214027_824735331,0.045113005
20241108_214028_070621632,0.08200345
20241108_214028_570013278,0.014309386
20241108_214029_069898574,-0.063907884
20241108_214029_322832798,-0.20393921
20241108_214029_572250646,-0.07914896
20241108_214029_824687947,-0.15718956
20241108_214030_067390018,0.016163843
20241108_214030_323340769,-0.15689065
20241108_214030_570020107,-0.24448134
20241108_214030_821433577,-0.12979616
20241108_214031_072894495,-0.76710993
20241108_214031_324043348,0.11943374
20241108_214031_575426769,0.09223715
20241108_214031_831316534,0.07320229
20241108_214032_078728199,0.14328544
20241108_214032_325039181,-0.0053611603
20241108_214032_566734750,0.23494552
20241108_214032_818779494,1.3346163
20241108_214033_066568092,1.2387904
20241108_214033_322011686,0.7169154
20241108_214033_821569640,0.39063996
20241108_214034_074103369,-0.20228855
20241108_214034_325082001,-0.19791825
20241108_214034_574275012,1.1278361
20241108_214034_825487468,0.7034751
20241108_214035_076650808,0.47250292
20241108_214035_329111804,0.66615033
20241108_214036_321814268,-0.35865238
20241108_214036_571372087,-0.18556936
20241108_214036_819146485,-0.24459119
20241108_214037_067358687,-0.12914555
20241108_214037_317416741,-0.23824914
20241108_214037_822483224,-1.5914975
20241108_214038_073388403,-2.8243365
20241108_214038_330072876,-0.4284559
20241108_214038_574619318,0.041860707
20241108_214038_826618831,0.85348046
20241108_214039_082075544,0.83106256
20241108_214039_331052932,-0.68007165
20241108_214039_574161167,0.8070885
20241108_214039_827702343,0.070884
20241108_214040_072974068,-0.8406249
20241108_214040_323361770,-0.63440484
20241108_214040_568208595,-1.9803408
20241108_214040_821133826,-0.28144166
20241108_214041_070777977,1.1047554
20241108_214041_322116624,0.49446562
20241108_214041_578194359,0.6423028
20241108_214041_840135042,-0.68353695
20241108_214042_080098117,-0.5150732
20241108_214042_332009731,0.44097376
20241108_214042_575423972,1.5223589
20241108_214042_830024757,-0.30859664
20241108_214043_075740382,0.20844975
20241108_214043_327310259,0.71006733
20241108_214043_573274964,0.5549579
20241108_214043_823562174,0.5676197
20241108_214044_322587612,0.40064263
20241108_214044_569400900,1.2356302
20241108_214044_820251800,0.96422344
20241108_214045_065819256,0.6989926
20241108_214045_320816818,0.74177116
20241108_214045_823819867,-0.22254895
20241108_214046_078046954,0.029821375
20241108_214046_328566857,-0.015837988
20241108_214046_576236986,-0.11572065
20241108_214046_829237247,-0.027306994
20241108_214047_071043040,-0.02148672
20241108_214047_331399535,-0.15436225
20241108_214047_826586691,-0.18037166
20241108_214048_074044706,-0.11758467
20241108_214048_329673859,-0.13397683
20241108_214048_579086351,-0.077606164
20241108_214048_825231997,-0.039879106
20241108_214049_069136331,0.10586498
20241108_214049_323228585,-0.103908084
20241108_214049_572686841,-0.0449894
20241108_214049_821280181,-0.36511332
20241108_214050_066227183,-0.2691051
20241108_214050_322208198,-0.35855943
20241108_214050_571630350,-0.2592251
20241108_214051_069397383,-0.7371453
20241108_214051_320596335,-0.38463953
20241108_214051_569181107,-0.284868
20241108_214051_822401162,-0.2834337
20241108_214052_068695124,-0.54920816
20241108_214052_320628868,-0.24123098
20241108_214052_569877906,-0.18495734
20241108_214053_066204861,-0.25193405
20241108_214053_572934599,-0.32042935
20241108_214053_827633067,-0.70537466
20241108_214054_073081362,-1.9836313
20241108_214054_328039416,0.043149985
20241108_214054_572963144,0.2971262
20241108_214054_823639930,1.1092364
20241108_214055_069434497,-0.5461181
20241108_214055_330531730,-0.85558426
20241108_214055_572549200,-1.0492853
20241108_214055_827335461,-0.9543727
20241108_214056_074363654,-0.35409167
20241108_214056_324322238,-0.2817802
20241108_214056_571081007,-0.1443937
20241108_214056_823735492,0.4675143
20241108_214057_071915370,0.7222885
20241108_214057_325523422,-0.60162646
20241108_214057_572304305,-0.58625597
20241108_214057_823306556,-0.5470803
20241108_214058_070058963,-0.48106724
20241108_214058_322547764,-0.99407524
20241108_214058_568042941,-0.6964291
20241108_214058_819066276,-0.8274883
20241108_214059_066222096,-1.02823
20241108_214059_318716165,0.7497875
20241108_214059_573302369,0.37755328
20241108_214059_824795777,0.7800404
20241108_214100_069011374,0.6445293
20241108_214100_322144667,0.25088677
20241108_214100_571193160,0.344421
20241108_214100_827164493,0.057215877
20241108_214101_075517556,0.4601574
20241108_214101_326627685,0.95983505
20241108_214101_576702133,0.22149616
20241108_214101_836571604,-0.19995393
20241108_214102_077982945,-0.057818465
20241108_214102_330565987,-0.039482437
20241108_214102_573212109,-0.04764732
20241108_214102_829697170,-0.2941756
20241108_214103_082466102,-0.23485957
20241108_214103_337575553,-0.12121513
20241108_214103_577281529,-0.20073177
20241108_214103_830187207,-0.18317829
20241108_214104_074539191,0.2966468
20241108_214104_326954114,0.32706454
20241108_214104_578598822,0.23042758
20241108_214104_832300518,0.1474344
20241108_214105_075175412,0.12532769
20241108_214105_328072460,0.15809716
20241108_214105_571174825,-0.012964388
20241108_214105_824164715,-0.037763678
20241108_214106_077497901,0.03072385
20241108_214106_323957175,-0.024098119
20241108_214106_822415894,0.021766225
20241108_214107_320554539,-0.11092856
20241108_214107_566474240,-0.32344085
20241108_214107_818240366,-0.12683071
20241108_214108_067399445,-0.1774355
20241108_214108_320505508,-0.33426702
20241108_214108_566854496,-0.26947567
20241108_214109_319448323,-0.28139493
20241108_214110_321637103,-0.15681677
20241108_214110_570483660,0.02282306
20241108_214110_840289477,0.28036755
20241108_214111_080167455,0.16118927
20241108_214111_326929185,-0.025451144
20241108_214111_821622011,-0.07420363
20241108_214112_321499623,-0.024788043
20241108_214112_568707964,-0.005939683
20241108_214112_818536208,0.044063963
20241108_214113_319622972,0.01891909
20241108_214113_568472288,-0.021032175
20241108_214113_820427673,-0.03450229
20241108_214114_319066090,-0.10104569
20241108_214114_572962647,-0.07523193
20241108_214114_826887378,-0.13893105
20241108_214115_081330490,-0.08762898
20241108_214115_328494319,-0.1452639
20241108_214115_572772022,-0.3205982
20241108_214115_823302033,-1.1989204
20241108_214116_069577631,-1.2578475
20241108_214116_319235464,-0.8357757
20241108_214116_565757677,-0.054209016
20241108_214116_817687436,0.059541903
20241108_214117_069258222,0.13216181
20241108_214117_323673777,0.17498232
20241108_214117_574142244,0.17153357
20241108_214117_824452396,0.46222433
20241108_214118_327959322,0.09048102
20241108_214118_825358327,0.098146
20241108_214119_073726702,0.09583161
20241108_214119_324499531,1.3296602
20241108_214119_573849746,-0.039344385
20241108_214119_828601671,-0.26547462
20241108_214120_075855912,0.022368768
20241108_214120_335739351,0.1333227
20241108_214120_586457646,-0.11915394
20241108_214120_834680369,-0.43309402
20241108_214121_080411224,-1.1730043
20241108_214121_333519817,-1.354327
20241108_214121_579100081,-0.5927056
20241108_214121_832288754,-0.34257874
20241108_214122_071846851,-0.19606252
20241108_214122_327095886,-0.66452056
20241108_214122_571756191,-0.5569228
20241108_214122_822723030,-0.5579676
20241108_214123_069287070,-0.13870361
20241108_214123_567789688,-0.5506757
20241108_214123_820226522,-0.612271
20241108_214124_067799715,-0.27733853
20241108_214124_322006675,-0.26419
20241108_214124_817873142,-0.31641734
20241108_214125_068058413,-0.71108043
20241108_214125_325999243,0.6446607
20241108_214125_571138102,0.62581605
20241108_214125_820312515,0.61533284
20241108_214126_066960771,0.5972303
20241108_214126_325902139,0.6643803
20241108_214126_569888818,0.8410868
20241108_214126_822164128,1.089925
20241108_214127_072780488,-0.27474457
20241108_214127_326462216,-0.19972767
20241108_214127_574558119,-0.14096363
20241108_214127_832519241,-0.06150844
20241108_214128_075963938,-0.21036543
20241108_214129_075594431,-0.20683555
20241108_214130_069866127,-0.16661967
20241108_214130_318841475,-0.20439382
20241108_214130_565690085,-0.30094123
20241108_214130_819793338,-0.55341315
20241108_214131_066669363,-0.4985226
20241108_214131_319441481,-0.3494024
20241108_214131_570518135,-0.25464886
20241108_214131_821131767,-0.08053336
20241108_214132_067493892,-0.2667082
20241108_214132_324407845,-0.22248702
20241108_214132_570557040,-0.20845522
20241108_214132_827080142,-0.22220285
20241108_214133_069873381,-0.2189867
20241108_214133_326721848,-0.61742634
20241108_214133_577128746,-1.1759696
20241108_214133_831476349,-0.09958545
20241108_214134_073706399,0.07008644
20241108_214134_326909638,0.077523686
20241108_214134_574507694,0.0434464
20241108_214134_827529484,0.040046908
20241108_214135_822259484,-0.05631455
20241108_214136_317408491,-0.04165729
20241108_214136_564987079,0.059475638
20241108_214136_816910857,-0.0006340947
20241108_214137_069382463,-0.029663285
20241108_214137_318793520,-0.01530995
20241108_214137_567942763,0.0019674692
20241108_214137_826688308,-0.020236513
20241108_214138_080088433,-0.288527
20241108_214138_330359802,-0.31394294
20241108_214138_576081431,-0.2336324
20241108_214138_826746855,-0.23692538
20241108_214139_069303699,-0.2064748
20241108_214139_322435334,-0.29780313
20241108_214140_065814750,-0.24978115
20241108_214140_565066607,-0.1721734
20241108_214140_819005402,-0.2115333
20241108_214141_318470937,-0.23941685
20241108_214141_819291528,-0.26843223
20241108_214142_319525824,-0.20994471
20241108_214143_065001487,-0.19221617
20241108_214143_317120767,-0.24290408
20241108_214143_818442731,-0.24576293
20241108_214144_322652061,-0.57591504
20241108_214144_566891695,-0.60734105
20241108_214144_818944020,-0.55752575
20241108_214145_066566761,-0.49051636
20241108_214145_325373471,-0.62380284
20241108_214145_566591361,-0.48055694
20241108_214146_570511747,-0.45254776
20241108_214146_819879668,-0.7206246
20241108_214147_065779541,-0.5182391
20241108_214147_316620321,-0.67139816
20241108_214147_821661876,-0.78474426
20241108_214149_066094864,-0.021824723
20241108_214149_315575647,-0.07521987
20241108_214149_563472769,-0.030478379
20241108_214149_815241877,0.1613092
20241108_214150_066081629,0.035921104
20241108_214150_318709054,0.010255495
20241108_214150_570961349,-0.41716212
20241108_214150_818637079,-0.35260692
20241108_214151_065764553,-0.29736465
20241108_214151_319278897,-0.3585932
20241108_214152_327758173,-0.2496411
20241108_214152_822686277,-0.2069907
20241108_214153_325263875,-0.20836364
20241108_214153_824666373,-0.21937414
20241108_214154_067904265,-0.17186324
20241108_214154_318613801,-0.2172323
20241108_214155_069773610,-0.21780829
20241108_214155_328280087,-0.14595036
20241108_214155_571735703,-0.020290691
20241108_214155_821797873,-0.09050103
20241108_214156_818200335,-0.1088463
20241108_214157_319034863,-0.09197869
20241108_214157_565410047,-0.11491083
20241108_214158_069767142,-0.07173302
20241108_214158_566185670,-0.0781874
20241108_214159_065937394,-0.14730854
20241108_214159_320833058,0.07001231
20241108_214159_568864604,0.05500082
20241108_214200_070584022,1.7603619
20241108_214200_325284738,2.3890827
20241108_214200_567352071,-0.7224915
20241108_214200_822305001,-0.85120493
20241108_214201_067254663,-0.3008405
20241108_214201_316343234,0.21115969
20241108_214201_565851553,0.16387646
20241108_214201_818533239,-0.009129366
20241108_214202_066616469,0.051229395
20241108_214202_319301163,0.12356875
20241108_214202_565682934,0.11007849
20241108_214203_566998732,0.30593282
20241108_214203_817430770,0.6431551
20241108_214204_067333164,1.1080925
20241108_214204_319605215,1.2932726
20241108_214204_564952259,0.6222753
20241108_214204_817532329,0.7907935
20241108_214205_064928010,1.1440208
20241108_214205_318211268,0.8685402
20241108_214205_566427186,0.74714917
20241108_214205_817906572,0.6784604
20241108_214206_066848054,0.85581166
20241108_214206_564086275,0.5200395
20241108_214206_814629325,0.3554082
20241108_214207_064047529,0.2038507
20241108_214207_316919518,0.14731388
20241108_214207_563373118,0.15960084
20241108_214207_814784895,0.180732
20241108_214208_565951425,0.25501543
20241108_214208_820742044,0.22405146
20241108_214209_322144940,0.009805391
20241108_214209_572646391,-0.18098505
20241108_214209_821273311,-0.386122
20241108_214210_069196820,-0.27184036
20241108_214210_323789446,-0.20685197
20241108_214210_569423684,-0.14335369
20241108_214211_320877278,-0.1143937
20241108_214211_818936773,-0.08267405
20241108_214212_063554420,0.14449549
20241108_214212_315948318,0.29225022
20241108_214212_565957756,0.21176432
20241108_214212_817616109,-0.124983154
20241108_214213_066582008,0.024192492
20241108_214213_319771173,0.10059548
20241108_214213_567258958,0.3247222
20241108_214213_820417487,0.20151053
20241108_214214_068383338,0.47759667
20241108_214214_319261612,0.9248769
20241108_214214_570462727,0.20884736
20241108_214214_820786598,-0.036130153
20241108_214215_064381292,-0.14085148
20241108_214215_316163734,-0.37543914
20241108_214215_565045383,-0.15680002
20241108_214216_066126800,-0.1424046
20241108_214216_319641123,-0.16232412
20241108_214216_819551102,-0.14844985
20241108_214217_064506528,-0.14102595
20241108_214217_319972158,-0.17737053
20241108_214217_822675941,-0.14183341
20241108_214218_070849795,-0.13699083
20241108_214218_819167708,-0.12532662
20241108_214219_068004833,-0.09742602
20241108_214219_320622620,-0.14515685
20241108_214219_568072174,-0.19945656
20241108_214219_822585629,-0.18541072
20241108_214220_071364524,-0.17214762
20241108_214220_326409412,-0.14496489
20241108_214220_574225337,-0.12153279
20241108_214220_825166398,-0.09081813
20241108_214221_068862275,-0.062612884
20241108_214221_324150527,0.20269093
20241108_214221_568383463,0.31748152
20241108_214222_067023212,0.24240278
20241108_214222_317348387,0.25046897
20241108_214223_822063500,0.285851
20241108_214224_069424165,0.16169553
20241108_214224_321579087,0.07508225
20241108_214224_570364099,0.31225958
20241108_214225_069559238,0.31857324
20241108_214225_322293246,0.20498793
20241108_214225_571914469,0.2388431
20241108_214225_821695012,0.21605967
20241108_214226_068842720,0.21016715
20241108_214226_319799305,0.19617604
20241108_214227_068866532,0.36203262
20241108_214227_322499583,0.2432978
20241108_214227_566109219,0.7457059
20241108_214227_817783811,0.3702405
20241108_214228_071267639,0.21324475
20241108_214228_320882050,0.20187576
20241108_214228_566597185,0.2070053
20241108_214228_821186801,0.19540681
20241108_214229_068388141,0.09364871
20241108_214230_316525555,0.16944484
20241108_214230_571636746,0.13926561
20241108_214230_820464228,0.15487786
20241108_214231_065998551,-0.0030804481
20241108_214231_317777822,-0.2258356
20241108_214231_563821456,-0.11435681
20241108_214231_816631487,-0.22657885
20241108_214232_064015331,-0.14033307
20241108_214232_318264680,-0.16681407
20241108_214232_566892055,-0.12552245
20241108_214232_817583480,-0.20224975
20241108_214233_063795971,-0.09939917
20241108_214233_314182544,-0.10353639
20241108_214233_566225312,-0.09724232
20241108_214233_819215801,-0.10041907
20241108_214234_065717425,0.026824633
20241108_214234_316475158,-0.06109204
20241108_214234_567322234,0.46314657
20241108_214234_834850384,1.4732409
20241108_214235_082208339,-0.11196639
20241108_214235_337221264,3.173857
20241108_214235_572907874,-0.18798137
20241108_214235_822185083,-0.034484245
20241108_214236_066243287,-0.2793024
20241108_214236_319944019,-0.1426415
20241108_214236_573374313,-0.09926792
20241108_214236_824202275,-0.17800601
20241108_214237_320397476,-0.10663768
20241108_214237_565510773,-0.07957574
20241108_214238_321074461,-0.06729927
20241108_214238_565329421,-0.4134151
20241108_214238_824503676,-0.4179282
20241108_214239_077183363,-0.38712597
20241108_214239_324160320,-0.19937962
20241108_214239_820206011,-0.33388707
20241108_214240_065328091,-0.3641806
20241108_214240_319336781,-0.50267744
20241108_214240_566721755,-0.4566768
20241108_214240_827182925,-0.11508692
20241108_214241_071084159,-0.11177304
20241108_214242_075620885,-0.11268058
20241108_214242_320656450,-0.008181628
20241108_214242_567389572,-0.08448585
20241108_214242_816800764,-0.23749544
20241108_214243_063777508,-0.48300833
20241108_214243_316855725,-0.45361426
20241108_214243_564713091,-0.7011113
20241108_214243_818707142,-0.48243722
20241108_214244_070183971,-0.2619171
20241108_214244_319984651,-0.24751462
20241108_214244_565132904,-0.16770147
20241108_214244_813948218,-0.28828853
20241108_214245_063506975,-0.23555993
20241108_214245_316264399,-0.26598662
20241108_214246_064334258,-0.27157405
20241108_214246_314783718,-0.2265795
20241108_214246_563994683,-0.23488511
20241108_214246_816804724,0.1069294
20241108_214247_068038019,0.19369432
20241108_214247_319066618,0.4572836
20241108_214247_568121612,0.5840563
20241108_214247_817416266,0.21654323
20241108_214248_069714197,0.13171153
20241108_214248_317924590,0.07913224
20241108_214248_822304620,0.209242
20241108_214249_078012543,0.25664702
20241108_214249_570854905,0.12481067
20241108_214250_321409513,0.106435396
20241108_214250_570220633,0.07702438
20241108_214250_820851219,0.111677475
20241108_214251_069553375,0.13380544
20241108_214251_316459234,0.1310191
20241108_214251_566603338,0.15391602
20241108_214251_820362854,0.22512595
20241108_214252_321814228,0.21357916
20241108_214252_571757533,0.17467426
20241108_214252_819076647,0.15466331
20241108_214253_066137314,0.11958296
20241108_214253_316591634,-0.3892963
20241108_214253_569672784,-0.2672322
20241108_214253_825349812,-0.28149658
20241108_214254_067506533,-0.27385336
20241108_214254_317622830,-0.52231866
20241108_214254_571641376,-0.42234913
20241108_214254_820419635,-0.38763544
20241108_214255_070178188,-0.85022837
20241108_214255_336900435,0.47414324
20241108_214255_579399599,0.45430294
20241108_214255_843833767,0.44107053
20241108_214256_083099112,0.23885797
20241108_214256_329600562,0.022823492
20241108_214256_576014509,-0.20579238
20241108_214256_821977775,-0.24285252
20241108_214257_069391939,-0.16609253
20241108_214257_325432142,0.2543052
20241108_214257_567996844,-0.116366945
20241108_214257_815602136,-0.04280504
20241108_214258_319616729,-0.12806465
20241108_214258_572151853,-0.07638409
20241108_214258_819982386,-1.1134535
20241108_214259_066332309,-0.5654951
20241108_214259_317950790,0.53803927
20241108_214259_564133160,0.899434
20241108_214259_818270991,0.54643476
20241108_214300_070479843,-0.46551087
20241108_214300_332023153,-0.33421522
20241108_214300_574717066,-0.2217374
20241108_214301_068868886,-0.9956137
20241108_214301_319152711,-0.07574684
20241108_214301_568882027,-0.024637986
20241108_214301_815808204,-0.09117056
20241108_214302_066124969,-0.20808823
20241108_214302_323285534,-0.30989507
20241108_214302_568752864,-0.34420198
20241108_214303_063316877,-0.2499357
20241108_214303_318828125,-0.30298194
20241108_214303_566546021,-0.19211431
20241108_214303_817703929,-0.21578221
20241108_214304_066804767,-0.18850054
20241108_214304_324681180,-0.16844077
20241108_214304_582187703,-0.16001935
20241108_214304_835550445,0.31270695
20241108_214305_086135917,0.64432234
20241108_214305_338227775,1.1289458
20241108_214305_576019508,0.3887648
20241108_214305_826255027,0.097059764
20241108_214306_073974270,0.08012957
20241108_214306_322793472,0.23740728
20241108_214306_567023636,0.21630095
20241108_214307_067130563,0.16612701
20241108_214307_319924220,0.36732188
20241108_214307_565525060,0.14962827
20241108_214307_817381379,0.3370459
20241108_214308_318175132,0.6124281
20241108_214308_823784691,0.2636272
20241108_214309_067000241,0.19134085
20241108_214309_567242505,-0.040739797
20241108_214309_821208084,0.014894346
20241108_214310_065435382,-0.01764079
20241108_214310_325417422,0.01743106
20241108_214310_574748637,-0.074331306
20241108_214310_823917955,-0.12291177
20241108_214311_069338882,-0.16482843
20241108_214312_316621899,-0.07216152
20241108_214312_821047516,0.078505106
20241108_214313_071211534,0.048817255
20241108_214313_325092991,-0.027500829
20241108_214315_574765571,0.019638875
20241108_214317_070433940,-0.23162048
20241108_214317_323259739,-0.1814693
20241108_214317_568441656,0.044002205
20241108_214318_072337780,0.024545172
20241108_214319_316932881,-0.36099225
20241108_214319_572773383,-0.26152
20241108_214319_822942227,-0.11186638
20241108_214320_069283840,-0.10814955
20241108_214320_319723763,-0.008277914
20241108_214320_568560760,0.06915678
20241108_214320_819075024,0.018031279
20241108_214321_065745074,-0.01754417
20241108_214321_319843357,-0.02067407
20241108_214321_566808066,-0.049480997
20241108_214321_816397932,-0.047673784
20241108_214322_314938232,0.0018480215
20241108_214322_565514361,-0.1801774
20241108_214323_318278862,-0.7102966
20241108_214323_565304339,0.44538215
20241108_214323_816270484,0.16366081
20241108_214324_063512643,0.19734202
20241108_214324_314581848,0.04767845
20241108_214324_563832096,-0.09870305
20241108_214324_816098526,-0.05613389
20241108_214325_066939524,0.008039633
20241108_214325_328439812,0.38119313
20241108_214325_569128311,1.2190943
20241108_214325_817415282,0.036975004
20241108_214326_063629988,0.036020286
20241108_214326_314851664,-0.19992693
20241108_214326_564704321,-0.09704258
20241108_214327_318211644,-0.22068815
20241108_214327_568055782,-0.20296867
20241108_214327_821058874,-0.22824477
20241108_214328_066376341,-0.107111
20241108_214328_315644333,0.016075471
20241108_214328_563008611,-0.41469508
20241108_214328_814523966,-0.19171818
20241108_214329_065579493,-0.22506835
20241108_214329_316914070,-0.15261622
20241108_214329_565784003,-0.15965329
20241108_214329_816736070,-0.20222773
20241108_214330_066685801,-0.14135818
20241108_214330_818969379,-0.32239613
20241108_214331_069757712,-0.1869144
20241108_214331_318636479,-0.16616322
20241108_214331_564325398,-0.15657587
20241108_214331_816310020,-0.1335973
20241108_214332_315695592,-0.09687241
20241108_214332_818224452,0.033951916
20241108_214333_062363869,-1.151678
20241108_214333_312744585,0.60575527
20241108_214333_563416100,1.0367855
20241108_214333_815654642,0.79940253
20241108_214334_064343147,0.24805276
20241108_214334_315446507,0.1223369
20241108_214334_569327689,0.029968241
20241108_214334_822370510,0.035198845
20241108_214335_069208346,0.15415587
20241108_214335_317792729,0.2992794
20241108_214335_563867603,0.7359055
20241108_214335_820955428,0.29622263
20241108_214336_064841582,0.38559377
20241108_214336_566352885,-0.5889813
20241108_214336_818443032,-0.63810605
20241108_214337_065626646,-0.5619437
20241108_214337_324361666,-0.13081183
20241108_214337_567705213,-0.23256798
20241108_214337_819842500,-0.23003934
20241108_214338_066970252,0.6744581
20241108_214338_324552708,0.48825958
20241108_214338_567236834,0.3851957
20241108_214338_819843444,0.34885964
20241108_214339_068266070,0.16160105
20241108_214339_322143344,0.16989873
20241108_214339_817999024,0.1850407
20241108_214340_062783180,0.5631273
20241108_214340_319600050,-0.6141777
20241108_214340_564745893,0.23827524
20241108_214340_817202780,0.04644555
20241108_214341_063436431,-0.03853359
20241108_214341_814436307,-0.010219535
20241108_214342_071355940,0.1146026
20241108_214342_328682667,0.10464839
20241108_214342_573126769,0.65509504
20241108_214342_821401107,0.9245244
20241108_214343_067329642,0.32514107
20241108_214343_324460691,0.22344868
20241108_214343_575024625,0.21892847
20241108_214343_835124573,-0.060301594
20241108_214344_079915573,-0.07741242
20241108_214344_334374746,0.011990974
20241108_214344_575146517,0.07102672
20241108_214344_831429092,0.05800859
20241108_214345_069055675,0.06256939
20241108_214345_317292397,0.020446131
20241108_214345_568793244,-0.08237686
20241108_214345_818427194,-0.34074372
20241108_214346_063635747,-0.15603362
20241108_214346_317990785,-0.10760375
20241108_214346_817007806,-0.4259076
20241108_214347_066003738,-0.20523222
20241108_214347_315882813,-0.17041127
20241108_214347_562370210,-0.13446285
20241108_214347_820169197,-0.040860318
20241108_214348_069786691,0.14934693
20241108_214348_324342452,0.43682602
20241108_214348_574396639,1.2245278
20241108_214348_827138823,-0.4685105
20241108_214349_076149842,-0.6693227
20241108_214349_325913864,-0.32503203
20241108_214349_570253216,-0.45400864
20241108_214349_819280652,-0.22927935
20241108_214350_065016278,-0.6072108
20241108_214350_323146147,-0.76459
20241108_214350_568176269,-1.2579331
20241108_214350_819744653,-0.77471435
20241108_214351_816414265,-0.54274446
20241108_214352_066706188,-0.75754154
20241108_214352_316308417,-0.6067402
20241108_214352_564197896,-0.1670682
20241108_214352_816269643,-0.18183656
20241108_214353_061051787,-0.117015705
20241108_214353_313863179,-0.16816212
20241108_214353_564589629,-0.3524782
20241108_214353_814597997,-0.34478903
20241108_214354_062306314,-0.52908826
20241108_214354_313371529,-0.96602917
20241108_214354_562594615,0.730423
20241108_214354_813933678,0.57462144
20241108_214355_062470798,0.57319766
20241108_214355_315467588,0.58561426
20241108_214355_566379074,0.18660472
20241108_214355_820585462,-0.22303696
20241108_214356_070893853,-0.26968017
20241108_214356_318253068,-0.23073591
20241108_214356_567201791,-0.00811567
20241108_214356_818385332,-0.099850975
20241108_214357_314773516,-0.056170188
20241108_214357_561304603,-0.041745804
20241108_214357_815153402,0.11719129
20241108_214358_066219309,0.37624985
20241108_214358_320702467,0.831645
20241108_214358_565500482,-1.439057
20241108_214358_818858955,0.7319551
20241108_214359_067333084,0.6684842
20241108_214359_320046508,0.71481013
20241108_214359_564264480,0.646665
20241108_214359_819772117,0.7272793
20241108_214400_063629803,-0.4421453
20241108_214400_314894414,-0.43696782
20241108_214400_562180771,-0.5948637
20241108_214400_815637504,-0.32210675
20241108_214401_062463300,-0.99635845
20241108_214401_314185143,-0.1613465
20241108_214401_564266780,-0.061179407
20241108_214401_815221390,-0.19803037
20241108_214402_079287832,-0.17507602
20241108_214402_336990193,-0.11631044
20241108_214402_583606100,-0.16453885
20241108_214402_833014030,0.16193418
20241108_214403_072539810,0.14027785
20241108_214403_324621830,0.44156802
20241108_214403_569484531,1.0495875
20241108_214403_822008706,1.5400728
20241108_214404_071153980,-1.1246806
20241108_214404_329679158,-0.28991473
20241108_214404_568608162,-0.27623332
20241108_214404_827771299,-0.47068977
20241108_214405_071280117,-0.44350007
20241108_214406_825573334,-0.42317706
20241108_214407_069917839,-0.35949388
20241108_214407_321180889,-0.3121095
20241108_214407_569346289,-0.3279005
20241108_214407_815623881,-0.1735691
20241108_214408_564432910,-0.11231043
20241108_214408_818292814,0.03766369
20241108_214409_064313402,-0.14563109
20241108_214409_314873969,1.0224911
20241108_214409_563259165,-0.7251391
20241108_214409_815256398,-0.17389731
20241108_214410_062876323,-0.042044707
20241108_214410_317325856,-0.803859
20241108_214410_568150301,-0.091720894
20241108_214410_825808809,-0.063493066
20241108_214411_076113604,-0.04630446
20241108_214411_567706944,-0.021567335
20241108_214411_819132639,-0.7378429
20241108_214412_069338078,-0.19509631
20241108_214412_316522907,-0.049315594
20241108_214412_564440704,-0.09934179
20241108_214412_813781564,-0.14553393
20241108_214413_320360275,0.015068313
20241108_214413_566050912,-0.054510616
20241108_214414_320921363,-0.06499239
20241108_214414_567061256,-0.29377976
20241108_214414_816795490,-0.33271495
20241108_214415_070135831,-0.43222815
20241108_214415_323044858,0.011896515
20241108_214415_570980376,-0.07137831
20241108_214415_826230425,-0.14877655
20241108_214416_072365991,0.0108515415
20241108_214416_325444788,-0.036297224
20241108_214416_567073597,-0.056569837
20241108_214416_827176882,-0.5220357
20241108_214417_070940601,-0.29323262
20241108_214417_325797837,0.04175674
20241108_214417_569458028,0.08494536
20241108_214417_824027005,0.014837721
20241108_214418_070232875,0.008299151
20241108_214418_319200016,0.09234918
20241108_214418_566769688,-0.14196451
20241108_214418_819489327,0.04654268
20241108_214419_066725529,0.016747335
20241108_214419_316411553,-0.17024784
20241108_214419_564121513,-0.13389434
20241108_214419_814461655,-0.09488907
20241108_214420_063328839,-0.07808926
20241108_214420_568656826,-0.06956675
20241108_214422_322013687,-0.022195479
20241108_214422_568633938,-0.032512985
20241108_214423_064023133,-0.037735067
20241108_214423_318909656,-0.3371227
20241108_214423_566535938,-0.20592533
20241108_214424_569712865,-0.138754
20241108_214424_824453271,0.034108795
20241108_214425_065329937,-0.05789437
20241108_214425_319202432,-0.05527725
20241108_214425_567036517,0.80848694
20241108_214425_817242647,0.56278086
20241108_214426_063118839,0.24517645
20241108_214426_316683604,0.4176681
20241108_214426_561768252,0.43688655
20241108_214426_812873483,0.37269893
20241108_214427_314283532,0.32515818
20241108_214427_814502064,0.32826725
20241108_214428_064348547,0.28977463
20241108_214428_313209327,0.40688086
20241108_214428_560256536,0.56826556
20241108_214428_813177754,0.2073416
20241108_214429_312524461,0.2325299
20241108_214429_557888988,0.21919994
20241108_214429_811246924,1.0366954
20241108_214430_062172480,0.53641844
20241108_214430_312715729,0.4916552
20241108_214430_561117546,0.46704847
20241108_214430_811384303,0.18160422
20241108_214431_059866983,0.27448118
20241108_214431_561621833,0.2902774
20241108_214432_312777379,0.4366508
20241108_214432_561454877,0.12332109
20241108_214432_812724070,0.08319072
20241108_214433_059971609,0.122931875
20241108_214433_309211490,0.14109541
20241108_214433_813732991,0.62635374
20241108_214434_061319393,0.7476845
20241108_214434_313308548,0.55411965
20241108_214435_559821188,0.56632245
20241108_214435_813457469,0.54422367
20241108_214436_062961640,0.14405183
20241108_214436_311191939,0.5505321
20241108_214436_564763402,-0.5321499
20241108_214436_812984303,-0.37888804
20241108_214437_061519426,-0.66799587
20241108_214437_316866668,-0.3253731
20241108_214437_568589847,-0.1574808
20241108_214437_819040978,-0.17519619
20241108_214438_063515176,0.58474344
20241108_214438_314873217,-0.5520351
20241108_214438_563162294,-0.4954081
20241108_214438_813467861,-0.6079357
20241108_214439_061732659,-0.54165703
20241108_214439_313125327,-0.71677524
20241108_214439_562245985,-0.7296254
20241108_214439_813223317,-0.61248296
20241108_214440_060840170,-0.31368658
20241108_214440_311585608,-0.40553695
20241108_214440_559096731,-0.1681982
20241108_214440_812411138,-0.557533
20241108_214441_063695747,-0.3866581
20241108_214441_313294196,-0.12357204
20241108_214441_563209184,-0.241338
20241108_214442_312491580,-0.2073663
20241108_214442_561076771,-0.5409814
20241108_214442_812147629,-0.42207563
20241108_214443_812354315,-0.30026662
20241108_214444_060715516,-0.15363052
20241108_214444_312627074,-0.4737845
20241108_214444_558988224,-0.4555642
20241108_214444_811699794,-0.26165044
20241108_214445_059845449,-0.13459882
20241108_214445_312849533,-0.13790233
20241108_214445_560423659,-0.15622564
20241108_214445_812183590,-0.11751326
20241108_214446_061424785,-0.06879475
20241108_214446_314582400,-0.073744796
20241108_214446_564272779,0.051049605
20241108_214446_815903964,0.41529062
20241108_214447_062668392,0.44057703
20241108_214447_312104602,0.23329978
20241108_214447_559580992,0.23467548
20241108_214447_812050327,0.21026003
20241108_214448_062127123,0.19887532
20241108_214448_813009752,0.20759952
20241108_214449_313118431,0.17327558
20241108_214450_061141982,0.17059223
20241108_214450_313129630,-0.009613117
20241108_214450_563647442,-0.2566209
20241108_214450_818796765,-0.3650994
20241108_214451_064577110,-0.16128625
20241108_214451_318778960,-0.0535514
20241108_214451_565706698,-0.21838798
20241108_214451_818127590,-0.1434594
20241108_214452_061970772,-0.09580996
20241108_214452_315218392,-0.06519117
20241108_214452_816637990,-0.27015314
20241108_214453_065784687,-0.19650795
20241108_214453_314147600,-0.07356598
20241108_214454_310969911,-0.077376805
20241108_214454_560121650,-0.0150067415
20241108_214455_565994855,-0.35196498
20241108_214455_823496190,0.06723567
20241108_214456_068643215,0.12008224
20241108_214456_318376499,0.37447298
20241108_214456_563040144,0.48401013
20241108_214456_815347513,0.60574573
20241108_214457_062047206,1.2290252
20241108_214457_319037583,0.93993825
20241108_214457_570677823,0.8210785
20241108_214457_824924547,1.0956031
20241108_214458_073055576,-0.6812792
20241108_214458_318705213,-0.15633053
20241108_214458_563395878,-0.188433
20241108_214458_816201582,-0.5635707
20241108_214459_063380921,0.13501905
20241108_214459_318050078,-0.031592153
20241108_214459_572322634,-0.18975385
20241108_214459_822645119,-0.23667796
20241108_214500_066996823,0.11772188
20241108_214500_322789375,0.84365344
20241108_214500_569604812,0.4314382
20241108_214500_818686310,0.0490363
20241108_214501_066653511,-0.0074638333
20241108_214501_322077574,0.00084350444
20241108_214501_819917220,-0.03154453
20241108_214502_066940045,0.011786798
20241108_214502_319134039,-0.07564654
20241108_214502_563988066,0.004442254
20241108_214502_820577669,0.14378022
20241108_214503_066390624,0.28110605
20241108_214504_074812812,0.30518553
20241108_214504_319582309,0.50773317
20241108_214504_568402715,-0.38871682
20241108_214504_821201828,0.06637702
20241108_214505_068565024,0.17141546
20241108_214505_324320111,-0.08834603
20241108_214505_568427804,-0.30883184
20241108_214505_821467249,-0.26738724
20241108_214506_067274710,0.4200833
20241108_214506_319859678,1.2321097
20241108_214506_565208060,-0.52772945
20241108_214506_820133569,0.002871273
20241108_214507_072419762,0.072758876
20241108_214507_320451087,-0.73335385
20241108_214507_564422330,-0.8726335
20241108_214507_817907642,-0.31452516
20241108_214508_068290463,-0.42150712
20241108_214508_320930025,-0.35739788
20241108_214508_567750035,-0.203107
20241108_214508_826334327,-0.3016301
20241108_214509_315490599,-0.89324534
20241108_214509_565546651,-0.8852032
20241108_214509_819280901,-0.57767886
20241108_214510_064728313,-0.7111136
20241108_214510_318512839,-0.49534598
20241108_214510_563789077,-0.50690985
20241108_214510_815595668,-0.14705248
20241108_214511_561127813,-0.20905866
20241108_214511_811296339,-0.15251137
20241108_214512_313331355,-0.08835978
20241108_214512_815838274,-0.17684413
20241108_214513_065007985,-0.024648074
20241108_214513_317542571,-0.5203021
20241108_214513_563972238,-0.18838449
20241108_214513_818235197,-0.9757506
20241108_214514_066473827,-0.7113021
20241108_214514_322231139,-0.24308154
20241108_214514_570454579,-0.4681703
20241108_214514_819476411,-0.54176325
20241108_214515_315802272,-0.38055757
20241108_214515_563798368,-0.22961952
20241108_214515_818138336,-0.28572762
20241108_214516_318788121,-0.258105
20241108_214516_569500668,-0.18229426
20241108_214517_079793341,-0.20228244
20241108_214517_331630036,-0.19047578
20241108_214518_069413002,-0.2147999
20241108_214518_325737944,-0.187436
20241108_214518_569460220,-0.09252335
20241108_214518_825282795,0.14815938
20241108_214519_072449249,0.356433
20241108_214519_322944244,0.54502714
20241108_214519_573803925,0.33232775
20241108_214519_820891904,0.23571979
20241108_214520_066447486,0.20589978
20241108_214520_321293501,0.13467252
20241108_214520_569777077,0.14348225
20241108_214520_820865949,0.22361319
20241108_214521_066789481,0.19618009
20241108_214521_322046919,0.17372482
20241108_214521_573125204,0.1996644
20241108_214521_826900645,0.18374245
20241108_214522_071167940,0.13651161
20241108_214522_325580056,0.18145601
20241108_214522_570901206,0.17124502
20241108_214522_820432944,0.16856717
20241108_214523_065121124,0.18501334
20241108_214523_319927344,0.08164326
20241108_214523_818731837,0.13040046
20241108_214524_327589092,0.13261108
20241108_214524_568078595,0.13129233
20241108_214525_568990592,0.09097055
20241108_214527_070100122,0.10336069
20241108_214527_319650770,0.053092577
20241108_214528_067818682,-0.028626403
20241108_214530_562824982,-0.145276
20241108_214530_813051394,-0.42301014
20241108_214531_062377535,-0.71733594
20241108_214531_313011864,-0.30873042
20241108_214531_816792869,-0.17333464
20241108_214532_068083183,-0.36582714
20241108_214532_319830234,-0.39613155
20241108_214532_826916213,-0.2932011
20241108_214534_062399698,-0.48229626
20241108_214534_316421842,-0.7134347
20241108_214534_815111905,-0.44109222
20241108_214535_313652970,-0.4176679
20241108_214535_563896291,-0.39311492
20241108_214535_814973618,0.58258957
20241108_214536_061775936,0.42892364
20241108_214536_311985308,0.5478166
20241108_214536_560202294,0.3093926
20241108_214536_813544026,0.5825333
20241108_214537_063228953,0.4519687
20241108_214537_315797647,0.47919485
20241108_214538_061935361,-0.52843255
20241108_214538_312999302,-0.3983164
20241108_214538_565031457,-0.5581903
20241108_214539_070783785,-0.37431479
20241108_214539_323969308,-0.5674681
20241108_214540_317779883,-0.52108777
20241108_214540_564098503,-0.49752766
20241108_214541_066425513,-0.48981017
20241108_214541_330753741,-0.46728733
20241108_214541_576501014,-0.4639445
20241108_214541_821357952,-0.4594008
20241108_214542_068681581,0.024896113
20241108_214542_326387535,0.2810891
20241108_214542_572022638,0.20319064
20241108_214542_828030506,0.20697331
20241108_214543_074940579,0.20660152
20241108_214543_330335447,0.21620853
20241108_214543_569491707,0.19491495
20241108_214544_574614136,0.18442096
20241108_214545_071695122,-0.23906499
20241108_214545_327056124,-0.17048402
20241108_214545_571333441,-0.06326374
20241108_214545_821740436,-0.14035149
20241108_214546_066938204,-0.15691216
20241108_214546_323761550,-0.083889626
20241108_214546_565664920,-0.13702394
20241108_214546_817033432,-0.11980071
20241108_214547_316456732,-0.09589543
20241108_214547_564527052,-0.13780047
20241108_214547_817506228,-0.20647098
20241108_214548_065567993,-0.010289868
20241108_214548_315419433,-0.04754051
20241108_214548_562321345,0.0072162542
20241108_214549_317590354,-0.03807827
20241108_214549_560975555,-0.042646073
20241108_214549_816364169,-0.016124627
20241108_214550_064277488,-0.014854332
20241108_214550_564008759,-0.024683079
20241108_214551_065930981,-0.0015246477
20241108_214551_315026859,-0.01662763
20241108_214551_564016421,-0.053532444
20241108_214551_815199133,-0.015989562
20241108_214552_062642185,-0.04954692
20241108_214552_312934378,-0.083256565
20241108_214552_562028237,0.15459722
20241108_214552_817569733,0.5614645
20241108_214553_062757874,0.32022527
20241108_214553_314468939,0.23532937
20241108_214553_560440602,0.18222503
20241108_214554_070192030,0.18216906
20241108_214554_320175958,0.16258387
20241108_214555_562313510,0.16777907
20241108_214555_816325623,0.20527013
20241108_214556_066022954,0.5093886
20241108_214556_316676541,0.3906752
20241108_214557_320386175,0.28312042
20241108_214557_816334488,0.18917893
20241108_214558_063537687,0.19044445
20241108_214558_312973362,0.15449388
20241108_214558_560892576,0.15554796
20241108_214559_315296916,0.14780234
20241108_214559_560794829,0.14949189
20241108_214600_064329750,0.17424254
20241108_214600_321209321,-0.028518638
20241108_214600_561837159,0.0031721983
20241108_214600_815314389,0.041361637
20241108_214601_069030507,0.009576598
20241108_214601_320827847,-0.10318341
20241108_214601_820471874,-0.06941255
20241108_214602_065151552,-0.00588586
20241108_214602_569491850,0.11465789
20241108_214602_821142519,0.2508391
20241108_214603_067479432,0.25844258
20241108_214603_319401117,0.07933722
20241108_214603_565531928,0.24116187
20241108_214603_819500684,0.2117211
20241108_214604_067383096,0.16370873
20241108_214604_322126614,0.16622098
20241108_214604_566429150,0.13201998
20241108_214604_816215460,0.33540562
20241108_214605_066004266,0.25664577
20241108_214605_317938387,0.32191673
20241108_214605_817202023,0.98573726
20241108_214606_062975543,1.8877698
20241108_214606_313278730,0.02569546
20241108_214606_561968869,0.00625349
20241108_214606_811962604,0.06804766
20241108_214607_062469762,0.0034445096
20241108_214607_312940262,-0.06823184
20241108_214607_565472661,-0.06241574
20241108_214607_819317955,-0.010341367
20241108_214608_069351262,0.016231695
20241108_214608_316649468,-0.05072894
20241108_214608_573963304,-0.04690566
20241108_214608_821007737,-0.18250228
20241108_214609_817167528,-0.061894737
20241108_214610_063325790,-0.011368474
20241108_214610_318072515,0.11026432
20241108_214610_564601934,0.06132362
20241108_214612_071124086,0.03425113
20241108_214612_317567555,0.04503844
20241108_214612_567516400,0.14840494
20241108_214612_816625993,0.46455133
20241108_214613_065883589,0.8787251
20241108_214613_316970331,0.9556888
20241108_214613_563705697,0.6014995
20241108_214613_814014556,0.4108651
20241108_214614_063827510,0.35451245
20241108_214614_319316275,0.569651
20241108_214614_564427911,0.31216154
20241108_214614_819469220,0.9198524
20241108_214615_076007109,0.697463
20241108_214615_324844133,0.31710956
20241108_214615_570998529,1.7285569
20241108_214615_824996300,-0.019795416
20241108_214616_068740705,-0.012041075
20241108_214616_319835201,0.45694214
20241108_214616_562625943,0.87487847
20241108_214616_816160726,0.39643708
20241108_214617_064143170,0.3494105
20241108_214617_316889797,0.33643976
20241108_214617_810285072,0.35837856
20241108_214618_061030845,0.27023128
20241108_214618_311391467,0.32042572
20241108_214618_811477159,0.09066037
20241108_214619_063114552,0.03841076
20241108_214619_314286129,0.164856
20241108_214619_816627331,-0.07976105
20241108_214620_066280527,-0.22020648
20241108_214620_317658803,-0.30409205
20241108_214620_567886395,-0.44152096
20241108_214620_813958959,-0.4197006
20241108_214621_060755229,-0.11377644
20241108_214621_309738257,-0.16235717
20241108_214621_558452079,-0.066502236
20241108_214621_812025650,-0.018492898
20241108_214622_060802633,-0.041801296
20241108_214622_314083673,-0.008495709
20241108_214623_057789804,-0.03131809
20241108_214623_311511421,-0.045872234
20241108_214623_558688840,-0.05627837
20241108_214623_811277535,-0.022852799
20241108_214624_060187940,-0.0044526663
20241108_214624_311915563,-0.07049032
20241108_214624_560245364,-0.049283706
20241108_214625_065512213,-0.30563888
20241108_214625_316041222,-0.31538853
20241108_214625_812764994,-0.21932901
20241108_214626_060960835,-0.1085737
20241108_214626_312339122,-0.15801539
20241108_214626_560339925,-0.1873541
20241108_214626_811621821,-0.15739222
20241108_214627_060587774,-0.14184178
20241108_214627_310897860,-0.09082874
20241108_214628_317812667,-0.21658726
20241108_214628_810654531,-0.1991692
20241108_214629_064884819,-0.1941535
20241108_214629_316169773,-0.1947424
20241108_214629_569889132,-0.19835185
20241108_214629_828253425,-0.14611752
20241108_214630_071417268,-0.15667267
20241108_214630_320746308,-0.14408927
20241108_214630_566251723,-0.11778822
20241108_214630_823074760,-0.65377975
20241108_214631_073481046,-0.89134276
20241108_214631_317689064,0.12902485
20241108_214631_563661255,0.36779535
20241108_214631_819249013,0.29417345
20241108_214632_068748294,0.2649692
20241108_214632_316677855,0.26850507
20241108_214632_563552137,0.24885808
20241108_214632_821443122,0.20559399
20241108_214633_067055547,-0.024639925
20241108_214633_317394174,-0.12560408
20241108_214633_564746862,0.04787264
20241108_214633_818342538,0.02513806
20241108_214634_560400350,-0.015404722
20241108_214634_814294588,-0.03612008
20241108_214635_067461755,0.03255514
20241108_214635_314570464,0.29216644
20241108_214635_559876670,0.62425387
20241108_214635_813033293,0.6041372
20241108_214636_062651603,0.4532428
20241108_214636_313590052,0.66478974
20241108_214636_562584865,0.54185146
20241108_214636_818040939,0.3714762
20241108_214637_064437908,0.37228236
20241108_214637_317801807,0.077209264
20241108_214637_566882922,-0.34061792
20241108_214637_815210875,-0.23787256
20241108_214638_062129855,-0.81116474
20241108_214638_319952617,0.31993505
20241108_214638_567827169,0.36072785
20241108_214638_816273254,0.32928914
20241108_214639_063092803,0.3461881
20241108_214639_318711310,0.32043222
20241108_214639_818641934,0.35662925
20241108_214640_072300613,0.07759545
20241108_214640_317509738,1.1855127
20241108_214640_561438447,0.20348342
20241108_214640_812282319,1.9458947
20241108_214641_062522170,-0.60741884
20241108_214641_315714607,-0.37501472
20241108_214641_560759968,-0.11544382
20241108_214641_812435627,-0.072060995
20241108_214642_064197816,-0.16987886
20241108_214642_313293139,-0.15255012
20241108_214642_561226890,-0.14230575
20241108_214642_811760619,-0.12844528
20241108_214643_060959355,-0.14525612
20241108_214643_311245863,-0.18635453
20241108_214643_559488294,0.18864773
20241108_214643_813295593,-0.05445107
20241108_214644_061223203,-0.00782319
20241108_214644_316383179,-2.9309852
20241108_214644_560013041,-1.200862
20241108_214644_810231248,-0.76932186
20241108_214645_059588089,0.030833745
20241108_214645_312561572,0.00502635
20241108_214645_565715800,0.24640553
20241108_214645_822849974,0.7079523
20241108_214646_073365107,0.2516911
20241108_214646_325436565,0.24576949
20241108_214646_824423940,0.22361939
20241108_214647_072330531,0.17152618
20241108_214647_320552832,0.09776936
20241108_214647_560962365,0.84906405
20241108_214647_827502782,0.90824306
20241108_214648_071887795,0.3182543
20241108_214648_319098434,0.8878328
20241108_214648_561251665,0.56306833
20241108_214648_814833763,1.5360241
20241108_214649_067831543,1.8600761
20241108_214649_323593723,1.4998096
20241108_214649_566630424,0.9429087
20241108_214649_819626762,0.7997285
20241108_214650_071193967,-0.74719673
20241108_214650_321711709,-0.44511768
20241108_214650_569849384,-0.3303192
20241108_214650_817107787,-0.38017762
20241108_214651_065241403,-0.3612632
20241108_214651_563587172,0.6615434
20241108_214651_818437645,0.22936918
20241108_214652_069759380,0.7047757
20241108_214652_330760076,0.26507238
20241108_214652_566005616,-0.62156624
20241108_214652_818739690,-0.3464057
20241108_214653_066344161,-0.29021248
20241108_214653_315869615,-0.31688902
20241108_214653_559936215,-0.32371953
20241108_214653_813580745,-0.34510687
20241108_214654_063275296,-0.33603337
20241108_214654_313684961,-0.3474941
20241108_214654_563347780,0.46685934
20241108_214654_821210488,0.27698997
20241108_214655_076011981,0.09506287
20241108_214655_319361828,0.094580926
20241108_214655_563872042,0.10419921
20241108_214656_316486493,0.16477798
20241108_214656_562506653,0.097763516
20241108_214656_813997426,0.04901222
20241108_214657_063098391,0.0651587
20241108_214657_319411566,-0.010628482
20241108_214657_817905391,-0.015107593
20241108_214658_065830954,0.0064809714
20241108_214658_315542249,0.0046945605
20241108_214658_561541072,-0.0037116613
20241108_214659_311505156,0.028333763
20241108_214659_559708841,0.0045026336
20241108_214659_810861744,-0.059806906
20241108_214700_308786583,0.014506379
20241108_214700_558967534,0.14822684
20241108_214700_811560192,-0.422592
20241108_214701_061723754,-0.38287482
20241108_214701_310146345,-0.27067903
20241108_214701_558960339,-0.031627733
20241108_214701_815750413,-0.07883205
20241108_214702_060089444,-0.12310984
20241108_214702_812683820,-0.056965612
20241108_214703_061152154,-0.057708524
20241108_214703_311001003,0.1502044
20241108_214703_560671537,0.08469737
20241108_214703_815913251,0.030870477
20241108_214704_317608294,0.031873383
20241108_214706_311649462,0.047992624
20241108_214706_810261764,-0.0018766727
20241108_214707_309799625,0.0107256565
20241108_214707_556928764,-0.0045343842
20241108_214707_809138662,0.42184886
20241108_214708_060216003,0.28002346
20241108_214708_311892484,0.8834
20241108_214708_564898205,0.7586726
20241108_214708_814076004,-0.41015723
20241108_214709_062539883,-0.41923052
20241108_214709_311552452,-0.14130375
20241108_214709_562706384,-0.14147152
20241108_214709_817329927,-0.1846248
20241108_214710_062302641,-0.2199945
20241108_214710_312290512,-0.42198777
20241108_214710_560137260,-0.63974196
20241108_214710_814654531,-0.57506746
20241108_214711_312377806,-0.3022292
20241108_214711_559410374,-0.31345832
20241108_214712_319533189,-0.27943265
20241108_214712_816712210,-0.34413633
20241108_214713_064876601,-0.33182234
20241108_214713_318049879,-0.26740637
20241108_214713_566838658,-0.1825423
20241108_214714_069971076,0.79746366
20241108_214714_323369855,0.13115035
20241108_214714_572045077,0.11047415
20241108_214714_819645677,0.053961135
20241108_214715_066209907,0.055601396
20241108_214715_318829538,-0.033013307
20241108_214716_061806744,0.09836552
20241108_214716_312670819,0.060380675
20241108_214717_064120760,0.05570195
20241108_214717_317329351,0.12881725
20241108_214717_563990322,0.33002782
20241108_214717_814539908,0.29428974
20241108_214718_319867135,0.24009775
20241108_214718_814055926,0.057369806
20241108_214719_313794890,-0.049391173
20241108_214719_561450323,0.029947678
20241108_214719_812070515,-0.19922261
20241108_214720_061360937,0.13152437
20241108_214720_315754752,0.12880103
20241108_214720_563182244,0.38293806
20241108_214720_811770629,0.5345244
20241108_214721_059320747,0.20677231
20241108_214722_312530522,0.26098302
20241108_214722_562555909,-0.06876799
20241108_214722_823434913,-0.17581184
20241108_214723_071009906,-0.33827493
20241108_214723_320016964,-0.22922488
20241108_214723_568460315,-0.108744346
20241108_214723_819477267,-0.102810346
20241108_214724_063030751,-0.114687644
20241108_214724_316597230,-0.031839512
20241108_214724_563913956,0.19424652
20241108_214724_818580972,0.09388221
20241108_214725_063525230,-0.14124484
20241108_214725_316124472,-0.13390823
20241108_214725_567419569,-0.093295716
20241108_214725_819716135,-0.0635198
20241108_214726_064520228,-0.15796174
20241108_214726_317828957,-0.13148738
20241108_214726_561310669,-0.19584234
20241108_214726_812227883,-0.13879283
20241108_214727_311333949,-0.093558274
20241108_214727_560224562,-0.096011244
20241108_214728_565683806,-0.0065586176
20241108_214729_064708874,-0.05855962
20241108_214729_320027136,-0.05647274
20241108_214730_812941213,-0.13615401
20241108_214732_317000690,-0.06807699
20241108_214732_564080974,-0.1701221
20241108_214732_815759978,-0.3762472
20241108_214733_066910244,-0.2551784
20241108_214733_314499867,-0.21664427
20241108_214733_562097718,-0.21306463
20241108_214733_813400471,-0.082777224
20241108_214734_061402835,-0.039588533
20241108_214734_318454905,0.06283394
20241108_214734_561878069,0.03832809
20241108_214734_813744895,0.022080163
20241108_214735_312290207,-0.08100148
20241108_214735_810425015,-0.06335785
20241108_214737_066163950,0.045502104
20241108_214737_325285018,0.17788374
20241108_214737_569288286,0.51040244
20241108_214737_819421033,0.30054647
20241108_214738_063268484,0.40966263
20241108_214738_315748438,0.26577514
20241108_214738_566046253,0.38901582
20241108_214738_820667146,-0.40921038
20241108_214739_074196089,-0.03105582
20241108_214739_326596655,-0.136212
20241108_214739_564169649,-0.42762876
20241108_214739_818107307,-0.52550036
20241108_214740_061911288,-0.4256674
20241108_214740_312064924,-1.372769
20241108_214740_562589089,0.5920048
20241108_214740_814893083,0.28226283
20241108_214741_060105600,0.23186599
20241108_214741_312737863,0.12834774
20241108_214741_559384156,0.2087035
20241108_214741_810842181,0.24348937
20241108_214742_315371447,0.26351872
20241108_214743_812245392,0.13749705
20241108_214744_060243981,0.056763925
20241108_214744_310421210,-0.13706543
20241108_214744_558643280,-0.13740982
20241108_214744_811761850,-0.22434492
20241108_214745_060983451,-0.18970759
20241108_214745_314753858,-0.11353799
20241108_214745_560093046,-0.1540658
20241108_214745_812279859,-0.102754556
20241108_214746_060686923,-0.009224018
20241108_214746_314094796,-0.045761667
20241108_214746_560000006,0.029235223
20241108_214746_811018632,0.10642294
20241108_214747_061797221,0.525954
20241108_214747_316182456,0.6111413
20241108_214747_561861401,0.4728046
20241108_214747_812793264,1.0699062
20241108_214748_060565240,-0.5540536
20241108_214748_313167398,-0.8066598
20241108_214748_558456266,-0.6886311
20241108_214748_810656147,-0.41356865
20241108_214749_309883345,-0.470516
20241108_214749_558738417,-0.5354459
20241108_214749_812416736,-0.89118385
20241108_214750_059967642,-0.6953859
20241108_214750_311556198,-0.6846512
20241108_214750_561934905,-0.97748977
20241108_214750_815011964,0.77649504
20241108_214751_059911152,0.4561917
20241108_214751_311326757,-0.009912232
20241108_214751_559367948,-0.23326232
20241108_214751_810792752,-0.30512223
20241108_214752_060757617,-0.16676779
20241108_214752_310806459,-0.10231968
20241108_214752_558246377,-0.30021298
20241108_214753_060899280,-0.24618112
20241108_214753_319761265,-0.48000276
20241108_214753_566746342,0.73653805
20241108_214753_821756403,0.17628537
20241108_214754_068393642,0.11212794
20241108_214754_320009787,-0.012604436
20241108_214754_564026035,0.01823602
20241108_214754_817106075,0.024110654
20241108_214755_061273073,-0.34509864
20241108_214755_314438119,-0.11315223
20241108_214755_560316902,-0.10372009
20241108_214755_810405599,-0.120746754
20241108_214756_059537856,-0.23847522
20241108_214756_312906545,-0.24693523
20241108_214756_562796829,-0.22148557
20241108_214756_821587761,-0.21396054
20241108_214757_075224131,-0.2450236
20241108_214757_327265281,-0.10825517
20241108_214757_569621334,-0.04177638
20241108_214758_062000307,-0.10235103
20241108_214758_559436844,-0.100123905
20241108_214758_817346727,-0.0717996
20241108_214759_812506470,-0.110383354
20241108_214800_062019429,-0.11169165
20241108_214800_563352929,-0.09956809
20241108_214800_817738528,-0.17014576
20241108_214801_314767294,0.16369198
20241108_214801_561700437,0.020824114
20241108_214801_811757453,-0.055901192
20241108_214802_064158570,-0.009212276
20241108_214802_319345419,0.0035586748
20241108_214802_568220591,0.16820687
20241108_214802_820138665,0.27144927
20241108_214803_067670904,0.27525562
20241108_214803_320815823,0.28536245
20241108_214803_563409371,0.25545058
20241108_214803_812803994,0.23948662
20241108_214804_311471624,0.18566905
20241108_214805_061135836,0.1614164
20241108_214805_313455492,0.14141576
20241108_214806_059513873,0.10344783
20241108_214806_814450031,0.00040570833
20241108_214807_319497491,0.113043405
20241108_214808_065996081,0.038405694
20241108_214808_317261714,-0.03555598
20241108_214808_562245170,-0.2276616
20241108_214808_813757207,-0.11318704
20241108_214810_564842429,-0.08657511
20241108_214810_814506562,-0.20278846
20241108_214811_309618411,-0.17525719
20241108_214811_813106823,-0.16244169
20241108_214812_060887071,-0.10362484
20241108_214812_316631872,-0.15609069
20241108_214812_560788093,-0.19442047
20241108_214812_816412260,-0.18068258
20241108_214813_063215945,-0.11303558
20241108_214813_313825746,-0.062909745
20241108_214813_562985327,0.04682789
20241108_214813_819416410,0.06496022
20241108_214814_064926177,0.040292777
20241108_214814_315997141,0.00957332
20241108_214814_561555930,0.013666192
20241108_214814_812759893,-0.02825447
20241108_214815_060868221,-0.034621798
20241108_214815_312041279,-0.031850956
20241108_214815_560834982,-0.027269265
20241108_214815_814502291,-0.10623928
20241108_214816_561839880,-0.075819455
20241108_214817_060473527,-0.05967786
20241108_214817_313831020,-0.028270444
20241108_214817_558775627,-0.05037483
20241108_214819_060898823,-0.08973899
20241108_214819_312491958,-0.11023792
20241108_214819_565569886,-0.08853104
20241108_214820_060733502,-0.106852375
20241108_214820_314371679,-0.111281715
20241108_214820_560049343,-0.12585874
20241108_214820_811625439,-0.34286174
20241108_214822_313173401,-0.1998501
20241108_214822_561498391,-0.15498285
20241108_214822_814937058,-0.17653932
20241108_214823_810686090,-0.16436966
20241108_214825_309806378,-0.10045805
20241108_214825_559487730,-0.01210632
20241108_214825_809613237,-0.12618022
20241108_214826_059433448,-0.040101252
20241108_214826_558508885,-0.052522026
20241108_214827_314462670,-0.037991308
20241108_214827_811210361,-0.06824174
20241108_214828_058702624,-0.09364664
20241108_214828_309734756,-0.09440675
20241108_214828_557325403,-0.10739329
20241108_214828_809373586,-0.08834394
20241108_214830_818715361,-0.13459982
20241108_214831_313381185,-0.07986345
20241108_214831_560623720,0.25124
20241108_214831_809901561,0.15815072
20241108_214832_310019288,0.11029396
20241108_214832_555605673,0.09281615
20241108_214832_806662632,-0.02353861
20241108_214833_560075927,-0.040970765
20241108_214837_309990274,0.034939505
20241108_214837_809048671,-0.09708496
20241108_214838_557604171,0.007920006
20241108_214839_309928563,0.019979695
20241108_214840_318281187,0.1642978
20241108_214840_812590068,0.006152192
20241108_214841_807471436,0.021767
20241108_214842_056262741,0.045523323
20241108_214842_309981274,0.054387487
20241108_214847_308927107,-0.046574317
20241108_214847_812960693,-0.053580843
20241108_214848_319090754,-0.26654878
20241108_214848_566001568,-0.16653813
20241108_214848_819626628,0.5944781
20241108_214849_068640951,0.033464886
20241108_214849_314759795,0.05555395
20241108_214849_568647954,0.07301775
20241108_214849_822485305,0.37604913
20241108_214850_065432071,0.7386052
20241108_214850_316706330,0.6917041
20241108_214850_563188164,0.33586884
20241108_214850_827846700,0.27033085
20241108_214851_068984226,0.21956958
20241108_214851_321640864,0.09886179
20241108_214851_565644657,-0.10143342
20241108_214851_823276442,0.047745742
20241108_214852_316387463,0.07328168
20241108_214852_818878833,-0.016034206
20241108_214853_817916552,0.022819618
20241108_214855_317434721,0.003572682
20241108_214855_812780886,-0.031473957
20241108_214856_314843525,0.018889049
20241108_214856_562636714,-0.18131243
20241108_214856_810987924,-0.20270155
20241108_214857_059367308,-0.20372964
20241108_214857_312710722,-0.10741206
20241108_214858_558364857,-0.19979353
20241108_214858_811618474,-0.17081608
20241108_214859_812287728,-0.13444574
20241108_214900_316525564,-0.17716174
20241108_214900_562342306,0.008435825
20241108_214900_817298706,-0.14855672
20241108_214901_320399286,-0.14190449
20241108_214901_817952217,-0.10220381
20241108_214902_062165234,-0.120930694
20241108_214902_322258022,-0.15461962
20241108_214902_815871137,0.010370413
20241108_214903_062637781,0.10565183
20241108_214903_316500077,0.03729687
20241108_214903_562460899,0.015612463
20241108_214904_060682295,0.02828143
20241108_214904_316833925,0.017368296
20241108_214904_562921533,0.16157334
20241108_214904_812881973,0.12730204
20241108_214905_073118296,0.20417528
20241108_214905_321498446,0.152162
20241108_214905_565109185,0.1527472
20241108_214905_820093842,0.07065169
20241108_214906_066817322,0.09366874
20241108_214906_314745162,-0.030541917
20241108_214906_813488724,0.01894317
20241108_214907_314996350,0.057814695
20241108_214907_559681208,0.036162175
20241108_214908_321982487,0.031458832
20241108_214908_562838910,0.04093019
20241108_214909_062039113,-0.13447158
20241108_214909_316154341,-0.13008077
20241108_214909_818130282,-0.27748048
20241108_214910_061482061,-0.0133179035
20241108_214910_315352058,-0.09720256
20241108_214911_313335198,-0.09727343
20241108_214911_812241795,-0.07722842
20241108_214912_312197331,0.033893682
20241108_214912_562713167,0.26289067
20241108_214912_818851147,0.6508122
20241108_214913_065227495,0.79465574
20241108_214913_317081175,-0.38480133
20241108_214913_565137821,-0.29145682
20241108_214913_815179347,-0.14770381
20241108_214915_314867534,-0.5803712
20241108_214915_561345777,-0.61545736
20241108_214915_819718836,0.7744896
20241108_214916_067889165,0.5267088
20241108_214916_312795469,0.68897563
20241108_214917_062297560,0.59736115
20241108_214917_316596799,0.4258774
20241108_214917_564969704,0.551406
20241108_214917_821146817,0.55434895
20241108_214918_069743392,0.6835469
20241108_214918_323290146,0.3987535
20241108_214918_567508163,-0.16001396
20241108_214918_815968879,-0.039296463
20241108_214919_567257403,-0.13538446
20241108_214920_060249199,-0.16132833
20241108_214920_312189080,-0.11626043
20241108_214921_064353067,-0.12917437
20241108_214921_314480219,-0.2571278
20241108_214921_558047401,-0.2258413
20241108_214922_311847823,-0.11633649
20241108_214922_564890234,-0.10982879
20241108_214922_809540366,-0.061923645
20241108_214923_058492603,-0.07045432
20241108_214923_310415291,-0.113127135
20241108_214923_560998482,-0.16302712
20241108_214924_311645310,-0.11408999
20241108_214924_557283865,0.025629522
20241108_214925_061103250,-0.032518826
20241108_214925_314856848,-0.07383945
20241108_214925_565097525,0.18183729
20241108_214925_812797256,1.7802464
20241108_214926_060842001,0.50169164
20241108_214926_315615139,1.3041447
20241108_214926_564004451,0.8022421
20241108_214926_811640318,0.9979723
20241108_214927_313080516,-0.27993077
20241108_214927_557609558,-0.24031164
20241108_214927_809225399,-0.08122727
20241108_214928_555940167,-0.14829667
20241108_214928_807689321,-0.24307181
20241108_214929_311591631,-0.1321149
20241108_214929_561956768,0.15262516
20241108_214929_813047445,0.21753077
20241108_214930_059790848,0.24681477
20241108_214930_310172468,0.1294208
20241108_214930_809182356,0.056032397
20241108_214931_312747233,0.13392107
20241108_214932_307603152,0.14705233
20241108_214933_310631291,0.07388029
20241108_214933_560359828,-0.34161425
20241108_214933_808994534,-0.396137
20241108_214934_056847723,-0.16158475
20241108_214934_309601379,-0.15874197
20241108_214935_057542065,-0.22369213
20241108_214935_311187689,-0.3089231
20241108_214935_815083924,-0.33743963
20241108_214936_562380495,-0.23776938
20241108_214937_309206104,-0.17157389
20241108_214937_811767479,-0.21846391
20241108_214940_056982790,-0.19986619
20241108_214940_309070439,-0.15024133
20241108_214940_807441943,-0.18713547
20241108_214942_057290383,-0.13736881
20241108_214942_308861421,0.030965062
20241108_214942_811579952,0.22708713
20241108_214943_063821415,0.2872213
20241108_214943_313146580,0.14146112
20241108_214944_056780321,0.7473311
20241108_214944_309589376,1.49726
20241108_214944_562207522,0.45796207
20241108_214944_811946926,0.45685712
20241108_214945_057920757,-0.57935536
20241108_214945_307532296,-0.49036452
20241108_214945_555926818,-0.61912096
20241108_214945_807142473,-0.5945883
20241108_214946_057212284,-0.59316033
20241108_214946_559488672,-0.6871303
20241108_214946_815579174,-0.9743939
20241108_214947_064461779,-0.14086814
20241108_214947_314688494,-0.086321004
20241108_214947_558811723,-0.05442881
20241108_214947_813111532,-0.08602539
20241108_214948_061481581,0.15467644
20241108_214948_316728599,0.0361496
20241108_214949_310320349,-0.0028856602
20241108_214949_555881804,-0.040294014
20241108_214949_806806815,-0.09573432
20241108_214950_054971416,-0.099858664
20241108_214950_307308017,-0.28838402
20241108_214950_561101918,-0.60853815
20241108_214950_807950739,-0.3344286
20241108_214951_056289284,-0.3263019
20241108_214951_309456435,-0.37991092
20241108_214951_555503308,-0.3750076
20241108_214951_808092928,0.5042589
20241108_214952_056520353,0.31270096
20241108_214952_309479795,0.37075856
20241108_214953_311061294,0.44094482
20241108_214953_808849172,0.7933333
20241108_214956_308433424,0.5987026
20241108_214957_062587168,0.41710094
20241108_214957_316973618,0.45637104
20241108_214958_310889084,0.5185746
20241108_214958_560585408,0.5315856
20241108_214958_809886962,-0.17487307
20241108_214959_308470893,-0.32721266
20241108_214959_556364503,-0.3077991
20241108_214959_807170721,-0.27429914
20241108_215001_066896167,-0.22911797
20241108_215001_319094847,-0.27267042
20241108_215001_564349821,-0.28962556
20241108_215001_811468860,-0.28925487
20241108_215002_057702377,-0.22848286
20241108_215002_314088128,-1.2699159
20241108_215002_555805655,-0.7577566
20241108_215002_811883458,-0.112671904
20241108_215003_059219397,0.063619815
20241108_215004_059720670,-0.060227714
20241108_215004_558971371,-0.07127857
20241108_215006_059018833,0.14303456
20241108_215006_310690981,-0.06405219
20241108_215006_559415420,-0.1709163
20241108_215007_055657752,-0.1295364
20241108_215007_307792716,-0.0707285
20241108_215009_811701712,-0.18309848
20241108_215010_059965777,0.011410495
20241108_215010_322978783,-0.0052947607
20241108_215010_563185381,-0.0006428566
20241108_215010_811111976,-0.04401859
20241108_215012_306174922,-0.059263073
20241108_215012_555641750,-0.32975253
20241108_215012_808245486,-0.20773534
20241108_215013_057288723,-0.1142601
20241108_215013_555430472,-0.12774564
20241108_215013_809982969,-0.12316062
20241108_215014_307279857,-0.26069894
20241108_215014_557699030,1.0335755
20241108_215014_809373260,0.30360106
20241108_215015_057886486,0.32481816
20241108_215015_308010329,0.20600532
20241108_215015_558158896,0.29044583
20241108_215015_809075123,0.40717846
20241108_215016_806512365,0.42916787
20241108_215017_059326054,0.31205967
20241108_215017_307972120,0.3082588
20241108_215018_307721375,0.3544214
20241108_215018_557933061,0.3478966
20241108_215019_555765858,0.3157981
20241108_215020_809629387,0.39850825
20241108_215021_309337757,0.3801521
20241108_215022_306868439,0.36585072
20241108_215022_806324212,0.37580952
20241108_215023_056617879,0.32462177
20241108_215024_559447123,0.28373364
20241108_215024_810723223,1.0911685
20241108_215025_060458430,0.37100112
20241108_215025_309697680,0.32612208
20241108_215025_564249899,0.29604563
20241108_215025_811056460,0.29762048
20241108_215026_808372050,0.30022562
20241108_215027_307558324,0.3238152
20241108_215028_553801770,0.29753935
20241108_215030_307198388,0.31101918
20241108_215030_808586117,0.20047231
20241108_215032_056457041,0.28980762
20241108_215032_306655927,0.26018664
20241108_215033_054710322,0.25123766
20241108_215033_305819042,0.26615122
20241108_215034_308731577,0.2652678
20241108_215037_308020428,0.2980367
20241108_215037_557061075,0.28484118
20241108_215037_809953567,0.24396588
20241108_215038_556177230,0.25063014
20241108_215040_051838439,0.24127372
20241108_215040_303987334,0.34720436
20241108_215040_807545751,0.3386884
20241108_215041_307366564,0.26922876
20241108_215042_307383722,0.24787216
20241108_215042_805618163,0.25007245
20241108_215043_305282660,0.2708431
20241108_215045_061288313,-0.20756705
20241108_215045_318740224,-0.49281952
20241108_215045_572507152,0.78679514
20241108_215045_826680981,0.022295455
20241108_215046_071158483,-0.06400039
20241108_215046_319823212,0.005524555
20241108_215046_562365346,0.03617815
20241108_215047_060591416,0.033348598
20241108_215047_317949569,0.049226142
20241108_215047_559221549,0.052916564
20241108_215047_807638567,0.01996241
20241108_215048_055671962,0.101716615
20241108_215048_305786262,0.11559603
20241108_215049_055334772,0.037183084
20241108_215049_554272892,-0.017828127
20241108_215049_804791784,0.019467393
20241108_215050_809192204,0.014518658
20241108_215051_057535713,0.05938176
20241108_215051_309879198,-0.06050446
20241108_215051_804903271,-0.033744358
20241108_215052_054241322,-0.039072953
20241108_215052_308440863,0.0072498117
20241108_215052_557546378,-0.002943119
20241108_215052_810354409,-0.017002245
20241108_215053_557958931,-0.021953544
20241108_215054_057907052,-0.01743128
20241108_215054_307773250,-0.027260562
20241108_215054_558804298,-0.05151429
20241108_215054_813360646,-0.047090136
20241108_215055_060114674,-0.0248005
20241108_215055_312480633,0.021463433
20241108_215055_560473672,0.2531643
20241108_215055_809892385,0.26317626
20241108_215056_310647303,0.28100997
20241108_215056_557876608,0.14277725
20241108_215056_807968951,0.21159534
20241108_215057_308347302,0.31280658
20241108_215057_556824935,0.1457598
20241108_215057_808709666,1.319419
20241108_215058_057684026,-0.29376504
20241108_215058_313881878,0.06570928
20241108_215058_558282210,0.30590925
20241108_215058_811377422,0.7443814
20241108_215059_059321284,0.26552993
20241108_215059_314636257,0.31710455
20241108_215059_558743201,0.2914197
20241108_215059_810161552,0.33982593
20241108_215100_055476839,0.3066074
20241108_215100_308387773,0.023332754
20241108_215100_555835581,0.07179854
20241108_215100_811987056,0.0067538414
20241108_215101_056215879,-0.12181499
20241108_215101_309954784,-0.12046119
20241108_215101_558187587,-0.13704135
20241108_215101_809820085,-0.2142982
20241108_215102_056422971,-0.559062
20241108_215102_314530853,-0.2546033
20241108_215104_056699652,-0.15371878
20241108_215104_308764594,0.03419932
20241108_215104_557656332,-0.00855734
20241108_215104_812232209,0.010515312
20241108_215105_064183722,0.21761212
20241108_215105_316806267,-0.2144924
20241108_215105_563722232,-0.5029175
20241108_215105_815158232,-1.3325683
20241108_215106_060673088,-0.113916956
20241108_215106_314943134,-0.019014737
20241108_215106_564544779,-1.0106019
20241108_215106_815431317,-1.1611303
20241108_215107_058969223,-0.8112821
20241108_215107_315817582,-0.68999773
20241108_215107_561761853,-0.42067572
20241108_215107_813595379,-0.26344228
20241108_215108_321610427,-0.16461249
20241108_215108_567536793,-0.19748397
20241108_215108_821909033,-0.22243178
20241108_215109_066156038,-0.08041151
20241108_215112_310876629,-0.11723765
20241108_215112_559104922,-0.2048526
20241108_215112_809915666,-0.53426236
20241108_215113_063338173,-0.4988766
20241108_215113_313705653,-0.40346396
20241108_215113_811232232,-0.30566007
20241108_215114_056314578,-0.28974238
20241108_215114_566694206,-0.2585049
20241108_215114_818005765,0.01045849
20241108_215115_064393334,0.37364915
20241108_215115_313824127,1.3352231
20241108_215115_559226217,0.4153339
20241108_215115_814480416,0.33044428
20241108_215116_060490959,-0.3676072
20241108_215116_308875566,-0.28032058
20241108_215116_565004334,-0.1281051
20241108_215116_822356359,-0.21457376
20241108_215117_065468258,-0.31308392
20241108_215117_317281280,-0.53110695
20241108_215117_564965942,-0.6632595
20241108_215117_812990995,-1.5914217
20241108_215118_058583979,0.4476258
20241108_215118_310270274,0.56454045
20241108_215118_556341154,0.4025262
20241108_215119_057142271,0.61309415
20241108_215120_805616359,0.5627236
20241108_215121_309903617,0.606188
20241108_215121_564067411,0.6064408
20241108_215121_821451382,0.7178235
20241108_215122_316388358,0.6483274
20241108_215123_310939178,0.51252025
20241108_215123_558878648,0.5538569
20241108_215123_818116458,0.5599908
20241108_215124_064565223,0.5539455
20241108_215126_310242138,0.5975029
20241108_215126_561195463,0.6576827
20241108_215126_809939590,0.611858
20241108_215127_058060973,-0.22987726
20241108_215127_315336094,0.09737659
20241108_215127_561922930,0.15812062
20241108_215127_809577061,0.035086192
20241108_215128_312922756,0.045700647
20241108_215128_558044257,-0.005107006
20241108_215128_807461954,-0.015351018
20241108_215129_055763066,-0.021903953
20241108_215129_308362215,0.0137618575
20241108_215129_825374795,-0.009683808
20241108_215130_806976160,-0.12412592
20241108_215131_559027105,0.13427372
20241108_215131_817942034,0.49114862
20241108_215132_067624333,0.29715255
20241108_215132_320609766,0.2551433
20241108_215132_567480317,0.22049858
20241108_215133_061105017,0.12188301
20241108_215134_055880499,0.17070763
20241108_215134_805055169,0.19297628
20241108_215135_056469760,0.20232867
20241108_215135_556521376,0.21150236
20241108_215136_558607208,0.18028913
20241108_215136_808754925,0.12889676
20241108_215137_053905130,0.13740699
20241108_215137_307126511,0.14644246
20241108_215138_308950244,0.1271054
20241108_215138_556447057,0.097572364
20241108_215139_055740864,0.010762254
20241108_215139_308913025,0.03204743
20241108_215139_556268221,0.056686975
20241108_215140_810059923,0.08168442
20241108_215141_310486811,0.044887938
20241108_215141_807291013,0.21870531
20241108_215142_307701842,0.22960801
20241108_215144_310851548,0.32583562
20241108_215144_555526912,0.2308055
20241108_215144_807056364,0.18742569
20241108_215145_305003673,0.2570859
20241108_215145_805404618,0.33505225
20241108_215146_053948623,0.32739297
20241108_215146_307133383,0.2697912
20241108_215146_556539719,0.45656502
20241108_215147_309697238,0.33219123
20241108_215147_811471221,0.24884306
20241108_215148_059060056,0.21689703
20241108_215148_307393998,0.2144681
20241108_215148_804789099,0.23708053
20241108_215150_054535717,0.29233018
20241108_215151_306685448,0.21267347
20241108_215151_556482513,0.15507199
20241108_215151_807311424,0.13179965
20241108_215152_311207654,0.20292409
20241108_215153_053202743,0.18962245
20241108_215153_306708093,0.13781922
20241108_215153_556429527,0.14308624
20241108_215154_806458914,0.1498578
20241108_215155_053566579,-0.06216701
20241108_215155_307294809,-0.0012242999
20241108_215155_564175295,0.052256204
20241108_215156_814786484,0.071405984
20241108_215157_059814835,-0.06905123
20241108_215157_306929012,-0.043976925
20241108_215157_555220862,-0.00093253516
20241108_215158_310619764,0.015420655
20241108_215158_559854196,-0.013351699
20241108_215158_807497371,0.016083134
20241108_215159_055074443,0.17404853
20241108_215159_306435357,0.11953763
20241108_215159_805978806,0.12695716
20241108_215200_307484526,0.10135809
20241108_215200_811085724,0.05097983
20241108_215201_061081479,-0.034382902
20241108_215201_311836051,-0.081877254
20241108_215201_563048454,-0.03953793
20241108_215201_810929779,-0.0673674
20241108_215202_055850918,-0.00537326
20241108_215202_307170091,0.71681577
20241108_215202_555499743,0.30702487
20241108_215203_553191361,0.23287524
20241108_215203_807906558,0.5898382
20241108_215204_057841089,0.38947693
20241108_215204_315221054,0.19110398
20241108_215204_563722554,0.3749401
20241108_215204_811629238,0.40697414
20241108_215205_061076015,0.4524245
20241108_215205_309821558,0.05862514
20241108_215205_557105042,0.123932846
20241108_215205_808079102,0.19213445
20241108_215206_056941578,0.14046198
20241108_215206_308466209,0.15143006
20241108_215206_553795437,-0.04870263
20241108_215206_807046007,-0.085537635
20241108_215207_054891629,-0.038033627
20241108_215207_307312539,0.5026443
20241108_215207_554151338,0.33373263
20241108_215207_804445033,0.46628538
20241108_215208_054007443,0.33711645
20241108_215208_304709971,0.20759408
20241108_215209_058573303,0.2799038
20241108_215209_558539357,0.23811392
20241108_215211_314733508,0.27216336
20241108_215211_563965124,0.25397775
20241108_215212_309018156,0.31809807
20241108_215212_556424110,0.22722284
20241108_215212_810096112,0.30542564
20241108_215213_308527036,0.34570622
20241108_215214_052550405,0.4341556
20241108_215214_305351171,0.5215412
20241108_215215_303670727,0.5516937
20241108_215215_552298632,0.4826726
20241108_215215_803490068,-0.020750089
20241108_215216_305532238,-0.09478538
20241108_215216_805280089,-0.94025666
20241108_215217_052057754,-0.4867831
20241108_215217_303039027,-0.4689577
20241108_215217_553007462,-0.46793956
20241108_215217_804639328,-0.41931057
20241108_215218_053343399,-0.437726
20241108_215218_303571552,-0.41824856
20241108_215218_552574929,-0.4313351
20241108_215218_807484742,-0.46556738
20241108_215219_807619797,-0.27322662
20241108_215220_329154301,-0.3323847
20241108_215220_575542169,-0.38671386
20241108_215220_827090998,-0.36586675
20241108_215221_309371736,-0.518965
20241108_215221_558529421,-0.5656374
20241108_215221_812308279,0.16734205
20241108_215222_056651109,0.22309916
20241108_215222_305935668,0.31680974
20241108_215222_555179144,0.7470891
20241108_215222_804255329,0.73775446
20241108_215223_053058405,0.8049229
20241108_215223_304887832,0.94780326
20241108_215223_553839903,0.7633173
20241108_215223_806577027,0.2153748
20241108_215224_057280998,-0.5406633
20241108_215224_313357810,-0.53798246
20241108_215225_053845716,-0.5552827
20241108_215225_804864924,-0.6126594
20241108_215227_306892863,-0.53146255
20241108_215227_553871729,-0.48935458
20241108_215227_806052410,-0.2240551
20241108_215228_055363954,-0.33697754
20241108_215228_313269096,-0.64297515
20241108_215228_559053619,-0.63255787
20241108_215229_056568172,-0.816829
20241108_215229_309154170,-0.7502282
20241108_215229_557168048,-0.8363901
20241108_215229_808197519,-0.63319844
20241108_215230_060318570,-0.4327089
20241108_215230_812204107,-0.6164108
20241108_215231_053323961,-0.46590856
20241108_215231_305466880,-0.27484545
20241108_215231_555554207,0.5146685
20241108_215231_809521022,0.15076153
20241108_215232_055110949,0.26631656
20241108_215232_305694750,0.2460979
20241108_215232_807116085,0.31201354
20241108_215233_310033143,0.19248258
20241108_215233_555656838,0.18804406
20241108_215234_306554236,0.25500965
20241108_215234_554362041,0.27315506
20241108_215234_805745087,0.41759646
20241108_215235_052891519,0.41686702
20241108_215235_303312866,0.36850053
20241108_215235_551559242,0.25418675
20241108_215235_804415567,0.44337767
20241108_215237_303712552,0.3867725
20241108_215237_553311460,0.827085
20241108_215237_802943782,0.7774051
20241108_215238_303949176,0.65345055
20241108_215238_553919400,1.0617548
20241108_215238_805063621,0.7030724
20241108_215239_303311829,0.058351375
20241108_215239_552173695,-0.10109758
20241108_215239_805035460,0.029364714
20241108_215240_052031472,0.12542619
20241108_215240_303569148,0.15537311
20241108_215240_552734733,0.37772006
20241108_215240_803023912,0.28401914
20241108_215241_054213471,0.42076007
20241108_215241_308531158,-0.20077395
20241108_215241_558685540,0.05726794
20241108_215241_813669844,-0.01174298
20241108_215242_058300715,-0.050261952
20241108_215242_311686348,-0.05098375
20241108_215242_565498279,-0.07476296
20241108_215242_814284543,-0.118468784
20241108_215243_054714025,-0.11964705
20241108_215243_559089983,-0.02953144
20241108_215243_808649098,0.070906386
20241108_215245_806053220,0.00587062
20241108_215246_052614806,-0.38854018
20241108_215246_303891913,-0.7245202
20241108_215246_555810114,-0.53661656
20241108_215247_306605653,-0.40200883
20241108_215248_052228173,-0.011222491
20241108_215248_306085165,-0.028588727
20241108_215248_554550663,-0.045012735
20241108_215248_806145943,-0.035811745
20241108_215249_053337203,0.021378675
20241108_215250_565150647,0.18707122
20241108_215250_816970480,0.46690056
20241108_215251_060377355,0.38493642
20241108_215251_311032521,0.2392544
20241108_215251_555974411,0.1732252
20241108_215251_809694241,0.19799209
20241108_215252_055881320,-0.046374403
20241108_215252_312482362,0.055937983
20241108_215252_558517151,0.26802245
20241108_215252_806653779,0.272571
20241108_215253_054366318,0.18775915
20241108_215253_308042123,0.16840343
20241108_215254_306463573,0.16029339
20241108_215254_809581697,0.14225744
20241108_215255_059037046,0.14265828
20241108_215256_558458416,0.64251995
20241108_215256_807475286,1.0631292
20241108_215257_055328405,0.60804
20241108_215257_308438708,1.2703298
20241108_215257_554139466,1.9637649
20241108_215257_805501870,2.095132
20241108_215258_052185478,-0.5563759
20241108_215258_303352515,-0.076103844
20241108_215258_551634544,-0.7336266
20241108_215258_802347768,-0.2963644
20241108_215259_051266491,-0.22008385
20241108_215259_303450935,-0.44105795
20241108_215259_551533541,-0.8749342
20241108_215259_803404741,0.016077003
20241108_215300_053314739,-0.18539433
20241108_215300_305098143,0.046851017
20241108_215300_806963050,0.39187625
20241108_215301_053444652,1.2403493
20241108_215301_310443024,1.114764
20241108_215301_558354206,0.46728045
20241108_215301_807309965,0.69593674
20241108_215302_053842410,0.13755898
20241108_215302_306591957,0.1299793
20241108_215302_556484644,-0.040957294
20241108_215302_809756244,-0.2507943
20241108_215303_061346200,0.024997333
20241108_215303_309310630,-0.4499123
20241108_215303_811465521,-0.052484952
20241108_215304_306888706,0.0038239155
20241108_215304_553301743,0.09548395
20241108_215304_807131625,0.18238886
20241108_215305_054959897,-0.33465734
20241108_215305_308262614,-0.26755735
20241108_215305_555056278,-0.16301854
20241108_215305_805463958,0.253235
20241108_215306_053966906,0.28658265
20241108_215306_306452767,0.15439038
20241108_215306_556985778,0.23804279
20241108_215306_808965159,0.14231281
20241108_215307_314407322,0.33208248
20241108_215307_558045692,0.7584718
20241108_215307_809982318,0.79410404
20241108_215308_054660081,0.5375215
20241108_215308_310952887,0.10741583
20241108_215308_557302376,-0.15326495
20241108_215308_809754695,-0.1090531
20241108_215309_055166483,-0.70413053
20241108_215309_307243133,-0.6807271
20241108_215309_551909010,-0.02211347
20241108_215309_805582960,0.118544616
20241108_215310_054192873,0.4161705
20241108_215310_308517853,0.39589274
20241108_215310_558316959,0.31604904
20241108_215310_810885168,0.13555095
20241108_215311_057183120,0.32065815
20241108_215311_308352214,0.18936263
20241108_215311_556380224,0.13704263
20241108_215311_810102207,0.13995574
20241108_215312_056857488,-0.12872525
20241108_215312_307907474,-0.15699555
20241108_215312_556246263,-0.23012324
20241108_215312_810718335,-0.68016
20241108_215313_055622061,-1.508732
20241108_215313_302417825,-0.346889
20241108_215313_555582606,-0.23492604
20241108_215313_806786090,-0.1923302
20241108_215314_055577579,-0.17860009
20241108_215314_306761056,-0.19210877
20241108_215314_553619231,-0.071471535
20241108_215314_808096410,-0.14203186
20241108_215316_053322003,-0.023843607
20241108_215316_308303606,-0.089680396
20241108_215316_558153014,-0.1310248
20241108_215317_055690404,0.04319877
20241108_215317_312041911,0.3202729
20241108_215317_556165350,0.32428306
20241108_215317_809640561,1.1610802
20241108_215318_057889239,0.76783925
20241108_215318_308426954,0.33044228
20241108_215318_557393339,0.10910425
20241108_215318_806265495,0.22989474
20241108_215319_057507145,0.08655474
20241108_215319_309213860,-0.053292833
20241108_215319_554254651,-0.27984616
20241108_215319_804836607,-0.13959874
20241108_215320_055721641,0.16493303
20241108_215320_306031034,-0.07264652
20241108_215320_556100638,-0.08345493
20241108_215320_814918031,0.05935297
20241108_215321_065440811,0.32300287
20241108_215321_321451052,0.5677052
20241108_215321_562320172,0.31184554
20241108_215321_811329000,0.25281855
20241108_215322_054514618,1.1624695
20241108_215322_307474047,-0.21825285
20241108_215322_557838337,-0.27199832
20241108_215322_808233680,-0.026101252
20241108_215323_055919267,-0.043941163
20241108_215323_308141750,-0.0021078195
20241108_215323_555139869,0.00097582676
20241108_215323_809533168,-0.012589594
20241108_215324_054375620,0.011325756
20241108_215324_306252174,0.7109987
20241108_215324_554000210,0.7117713
20241108_215324_805492945,-0.5308997
20241108_215325_054943349,-0.30947566
20241108_215325_312599101,-0.20588118
20241108_215326_055243515,-0.2591382
20241108_215327_307630895,0.00047098286
20241108_215327_558319627,-0.041978143
20241108_215327_812510136,-0.11071362
20241108_215328_054715044,-0.21002133
20241108_215329_053570357,-0.22942246
20241108_215329_303500605,-0.21941574
20241108_215329_552060376,-1.2023784
20241108_215329_805942241,0.94948924
20241108_215330_058564610,0.63532645
20241108_215330_315429130,-0.6182172
20241108_215330_557059232,-0.3473566
20241108_215330_807549976,-0.9035836
20241108_215331_054128460,-0.5558724
20241108_215331_307239508,-0.5855333
20241108_215332_305186995,-0.47529143
20241108_215332_552259269,-0.41620854
20241108_215333_552160867,-0.45037535
20241108_215333_804287990,-0.4566241
20241108_215334_305504291,-0.45292327
20241108_215334_553719795,-0.36977467
20241108_215334_809220240,-0.38004953
20241108_215335_552735038,-0.49796483
20241108_215336_053611642,-0.45967805
20241108_215336_305010576,-0.45688465
20241108_215337_053853186,0.101264514
20241108_215337_304633665,-0.12793966
20241108_215337_554157004,-0.14752223
20241108_215337_804483329,-0.114998125
20241108_215338_054383631,-0.109902464
20241108_215338_305877887,-0.16839541
20241108_215338_552064491,-0.17083074
20241108_215338_806675071,-0.107208334
20241108_215339_303657041,-0.16948672
20241108_215339_551448825,-0.18116923
20241108_215339_805331378,-0.20730056
20241108_215340_053854586,-0.1554472
20241108_215340_807721169,-0.16932578
20241108_215341_056508628,-0.20098
20241108_215341_316095680,-0.24460213
20241108_215341_565359452,-0.27412742
20241108_215341_820995825,-0.5967516
20241108_215342_064375002,-0.92063445
20241108_215342_313233817,-0.4115008
20241108_215345_807170317,-0.6533853
20241108_215346_054812461,-0.7782008
20241108_215346_305754386,-0.6337338
20241108_215346_554078274,-0.09658774
20241108_215346_806751382,-0.12242951
20241108_215347_055138099,-0.2797633
20241108_215347_312660419,-0.13968982
20241108_215347_554818058,-0.124452315
20241108_215347_807066784,-0.066068254
20241108_215348_056563396,-0.18807097
20241108_215348_309076309,-0.11182242
20241108_215348_552760946,-0.123443685
20241108_215348_805574718,-0.07512724
20241108_215349_050887684,-0.10912066
20241108_215349_304600197,-0.05887609
20241108_215349_804014931,-0.050929807
20241108_215350_303208915,-0.027223548
20241108_215350_805983391,-0.04233619
20241108_215351_804179029,-0.08409291
20241108_215352_052251246,0.82633597
20241108_215352_304752948,1.670445
20241108_215352_553561845,1.526135
20241108_215352_804462681,-0.35126662
20241108_215353_058653009,-0.21305701
20241108_215353_308847170,-0.75110805
20241108_215353_553859188,-0.37720147
20241108_215353_807488350,-0.15250649
20241108_215354_053338005,-0.21009906
20241108_215354_306381440,-0.14169057
20241108_215354_553046913,-0.21774419
20241108_215354_803471697,-0.5182241
20241108_215355_052717944,-0.3039989
20241108_215355_306024981,-0.3973087
20241108_215355_552222564,-0.44410697
20241108_215356_055280612,-0.5035797
20241108_215356_308494088,-0.532495
20241108_215356_803570956,-0.43750963
20241108_215357_051659756,-0.1052658
20241108_215357_308550908,-0.30738953
20241108_215357_556163438,-0.43289402
20241108_215357_807859469,-0.7589947
20241108_215358_054521733,-0.25282654
20241108_215358_308749589,-0.0036177095
20241108_215358_551833862,-0.07522112
20241108_215359_051745999,-0.32861567
20241108_215359_304241059,-0.400745
20241108_215359_550204292,-0.3238665
20241108_215400_050581816,0.053069346
20241108_215400_307380878,0.8532788
20241108_215400_556484979,-1.0904579
20241108_215400_806328797,-0.71704954
20241108_215401_057064364,0.42303324
20241108_215401_311179921,0.25064215
20241108_215401_562352907,-0.0013101902
20241108_215401_814689630,0.17086874
20241108_215402_054455500,0.18389086
20241108_215402_307215031,0.17126738
20241108_215402_552206322,0.1667298
20241108_215402_805525040,0.00580726
20241108_215403_309283953,0.102755584
20241108_215404_806328103,0.10578451
20241108_215405_302255609,0.07036678
20241108_215405_805199834,-0.2896372
20241108_215406_052847235,-0.07214167
20241108_215407_305851035,0.01664845
20241108_215408_050981854,-0.18069644
20241108_215408_306071300,0.1316045
20241108_215408_553521729,0.19966179
20241108_215408_804297048,0.14600049
20241108_215409_051140386,-0.07363876
20241108_215409_302670030,0.02989296
20241108_215410_303911553,0.10411117
20241108_215410_551493495,0.18193285
20241108_215410_807521689,0.14251666
20241108_215411_305682238,0.13431601
20241108_215412_302655174,0.13242595
20241108_215412_550334986,0.10725967
20241108_215412_801870112,0.2703264
20241108_215413_304941305,0.42160353
20241108_215413_553288101,0.60367876
20241108_215413_804222183,1.2631582
20241108_215414_050413462,-0.1629583
20241108_215414_304202347,-0.09974506
20241108_215415_054066340,-0.3172296
20241108_215415_815020014,-0.22271489
20241108_215416_055486830,-0.2916366
20241108_215416_307465272,-0.19876559
20241108_215416_805178529,-0.15025486
20241108_215417_051711469,-0.2106473
20241108_215417_306860375,-0.17439272
20241108_215417_804555091,-0.18768676
20241108_215418_303786790,-0.16187944
20241108_215420_053986570,-0.14705546
20241108_215420_303708155,-0.16549505
20241108_215420_807937181,-0.12767418
20241108_215421_308300686,-0.12371691
20241108_215421_808683986,-0.15845062
20241108_215422_306859664,-0.09549668
20241108_215423_549878825,-0.12558253
20241108_215424_050861350,-0.14527102
20241108_215424_803418321,0.13290818
20241108_215425_050219346,-0.028368285
20241108_215425_302404296,-0.14238037
20241108_215426_807560353,-0.049677573
20241108_215427_054505078,-0.08828064
20241108_215427_305126788,-0.22788139
20241108_215428_302521761,-0.1577561
20241108_215428_551074001,-0.033134066
20241108_215428_806270608,-0.23232628
20241108_215429_553576738,-0.06263854
20241108_215429_809957181,-0.0056861844
20241108_215430_055530927,-0.060889207
20241108_215430_307540079,-0.15410812
20241108_215430_805587727,-0.23669152
20241108_215431_303326028,-0.1983703
20241108_215432_053572054,-0.20236798
20241108_215432_304639741,-0.121913634
20241108_215432_804679765,-0.16009225
20241108_215433_052504390,0.42170456
20241108_215433_306328237,-0.0964764
20241108_215433_555223834,-0.15963109
20241108_215433_804953042,-0.070291184
20241108_215434_054919739,-0.08193561
20241108_215434_554026340,-0.11956664
20241108_215434_808561021,-0.14652802
20241108_215435_052890181,-0.078448795
20241108_215435_307984070,-0.042569958
20241108_215435_559193202,-0.09539952
20241108_215437_307544315,-0.055242978
20241108_215437_553631272,-0.044787727
20241108_215437_808166274,-0.053905033
20241108_215438_053103360,-0.06733706
20241108_215438_552841663,-0.035850964
20241108_215440_051764808,-0.035659157
20241108_215440_304105203,0.19147535
20241108_215440_550608978,0.07953922
20241108_215440_802279014,0.041450717
20241108_215441_551205506,-0.023902377
20241108_215441_805888228,0.014863828
20241108_215442_053559984,0.019177476
20241108_215442_302233186,0.050395466
20241108_215444_051830485,0.17010437
20241108_215444_302406260,0.14301877
20241108_215444_552470752,0.2853208
20241108_215444_806829517,0.39563626
20241108_215445_054559589,0.4194107
20241108_215445_302313622,0.75915414
20241108_215445_549433426,1.520487
20241108_215445_804678678,0.63655686
20241108_215446_056397005,0.40310195
20241108_215446_304177186,1.191224
20241108_215446_552124522,1.1641197
20241108_215447_050179345,0.8000103
20241108_215447_300957530,0.7749742
20241108_215447_549749390,0.70291275
20241108_215448_050356205,0.72699046
20241108_215448_551203381,1.047069
20241108_215449_550870083,0.6421156
20241108_215449_803352898,0.73295647
20241108_215450_310276298,1.0177051
20241108_215450_803892927,0.8343981
20241108_215451_550843533,0.5145528
20241108_215451_801600916,-0.49121666
20241108_215452_304791428,-0.5425127
20241108_215452_552309251,0.75855833
20241108_215454_052252953,0.69303656
20241108_215454_306215372,0.3300288
20241108_215454_552863169,0.121152975
20241108_215454_804859907,0.07875899
20241108_215455_053663571,-0.001839241
20241108_215455_307003774,-0.15112211
20241108_215455_555010246,-0.17604508
20241108_215455_807197206,-0.11020907
20241108_215456_055160251,-0.09174188
20241108_215456_802887789,-0.08473744
20241108_215457_054803644,0.03480015
20241108_215457_302006270,0.054166295
20241108_215458_054058042,0.105345346
20241108_215458_802997032,0.047602035
20241108_215459_551161127,0.028532008
20241108_215500_305635428,0.008242944
20241108_215500_559596577,-0.14002527
20241108_215500_813345898,-0.047888003
20241108_215501_054470286,-0.073367976
20241108_215501_306541655,-0.08491918
20241108_215501_807682545,-0.033058368
20241108_215502_054972949,0.0533844
20241108_215502_304568910,0.040765382
20241108_215502_801835469,-0.01873829
20241108_215503_551368561,-0.011013707
20241108_215503_801443652,0.021451274
20241108_215504_549768668,0.026159564
20241108_215506_054626668,0.21975802
20241108_215506_304266714,0.19076566
20241108_215506_551574095,0.1611452
20241108_215506_801599889,0.14182876
20241108_215507_049928207,0.15281878
20241108_215507_304664598,0.22822101
20241108_215507_551864744,0.66457963
20241108_215507_803935613,0.37708566
20241108_215508_049913801,0.20880194
20241108_215509_056035118,0.08087925
20241108_215509_305068281,0.09476448
20241108_215509_552687228,0.06611971
20241108_215509_805934348,0.11258764
20241108_215510_053051663,0.08967153
20241108_215510_303383834,0.08471946
20241108_215510_549261114,0.07044939
20241108_215510_802480804,0.009914974
20241108_215511_050245322,0.018860498
20241108_215511_300028811,0.048116185
20241108_215511_549931946,0.061700262
20241108_215511_801085278,0.04353676
20241108_215512_051350933,0.070582666
20241108_215512_306712151,0.13907175
20241108_215512_550070214,0.115608074
20241108_215513_302161934,0.114670075
20241108_215513_802297761,-0.33958396
20241108_215514_048503238,-0.12666251
20241108_215514_303846244,-0.09628817
20241108_215514_552042861,-0.034346722
20241108_215514_801854726,0.26104414
20241108_215515_048809859,0.16556643
20241108_215515_301138137,0.23685758
20241108_215515_550481184,0.21485452
20241108_215515_802001216,0.20911597
20241108_215516_048906543,0.1940883
20241108_215516_301204296,0.1961535
20241108_215516_548184494,0.13747035
20241108_215516_800644974,0.15683903
20241108_215517_049132073,0.1524684
20241108_215517_302248051,0.170359
20241108_215517_799930488,0.15170805
20241108_215518_048213897,0.15028922
20241108_215518_549943851,0.2105984
20241108_215519_300921998,0.38223827
20241108_215519_548246474,0.33898148
20241108_215519_801329510,0.22261216
20241108_215520_049292667,0.19481806
20241108_215520_550010015,0.26302665
20241108_215521_049294383,0.21915503
20241108_215521_301991100,0.20632778
20241108_215521_802277302,0.15573339
20241108_215522_048663436,-0.17466368
20241108_215522_303255655,0.0049984846
20241108_215522_804602940,0.03260342
20241108_215523_054265396,0.1106284
20241108_215523_304732692,0.054666676
20241108_215524_302469975,0.09314261
20241108_215524_549658064,0.048874892
20241108_215524_800919467,0.20196594
20241108_215525_050549901,0.27618933
20241108_215525_303504767,0.2571415
20241108_215525_550799358,0.16621773
20241108_215525_804742690,0.003496388
20241108_215527_299546031,0.09296314
20241108_215528_046857093,0.114345945
20241108_215528_298146701,0.12751113
20241108_215528_548081440,-0.019008419
20241108_215528_798371684,0.021232525
20241108_215529_049310262,0.028137246
20241108_215529_548146818,0.06119547
20241108_215529_798909702,-0.06567278
20241108_215530_049140168,-0.053435527
20241108_215530_300607248,-0.09015428
20241108_215530_549575245,0.040234543
20241108_215530_801683604,-0.01775243
20241108_215532_305839424,0.028911987
20241108_215532_556379528,0.019156972
20241108_215532_806767001,0.02139906
20241108_215533_054954622,0.14459656
20241108_215533_306480318,0.09849314
20241108_215533_552518204,0.07924209
20241108_215534_049973147,0.08126644
20241108_215535_048282858,0.085404195
20241108_215535_300767157,0.022508243
20241108_215535_548932647,0.03929595
20241108_215536_299439787,0.0534449
20241108_215536_802293690,-0.032368504
20241108_215537_050551287,-0.027656397
20241108_215537_299136601,0.030870656
20241108_215538_803593266,0.05307857
20241108_215539_305769888,0.06169466
20241108_215539_550975851,0.06786124
20241108_215539_802422920,0.025741616
20241108_215540_049687032,0.0042118225
20241108_215540_303543778,0.050804056
20241108_215542_309111134,0.08996669
20241108_215542_553076955,0.0857437
20241108_215542_802606129,0.07931659
20241108_215543_052326082,0.040599145
20241108_215543_554022442,-0.051371
20241108_215543_810834884,-0.011339685
20241108_215544_057144034,0.12395177
20241108_215544_553663061,0.032316603
20241108_215546_049736347,0.05060587
20241108_215547_053477362,-0.041412912
20241108_215547_303016525,0.028872529
20241108_215547_549944678,-0.006809851
20241108_215547_800957710,0.022987882
20241108_215549_552439476,0.033385314
20241108_215550_307259731,0.06277589
20241108_215550_550567075,0.1739646
20241108_215551_553530087,0.085239984
20241108_215552_303671757,0.09985659
20241108_215552_802471235,0.5115987
20241108_215553_049569975,0.24849765
20241108_215553_304582774,0.21857657
20241108_215553_809308905,0.18856724
20241108_215554_054576892,-0.12494453
20241108_215555_553092587,-0.07835873
20241108_215556_052654675,-0.029181441
20241108_215557_051658955,-0.031755887
20241108_215557_303305628,-0.47379196
20241108_215557_551311711,-0.39474136
20241108_215557_803468152,-2.1832252
20241108_215558_051095095,0.1892093
20241108_215558_307057278,0.20763908
20241108_215558_553826437,0.12815712
20241108_215558_801997581,0.40914214
20241108_215559_053390507,0.19486682
20241108_215559_302860446,0.17771463
20241108_215559_548238115,0.206564
20241108_215559_799519843,0.33202904
20241108_215600_048074639,0.28590965
20241108_215600_303000821,0.9947632
20241108_215600_549896530,0.3283817
20241108_215600_802283938,0.22727521
20241108_215601_053956008,0.20375662
20241108_215601_303619107,0.6339199
20241108_215601_553084819,1.0408481
20241108_215601_799659315,1.6965358
20241108_215602_055179312,1.2964848
20241108_215602_310392284,0.43989205
20241108_215602_549232721,1.0044348
20241108_215602_805145598,0.37506792
20241108_215603_052213159,-0.6591542
20241108_215603_304805000,-0.16647944
20241108_215603_552417293,-0.2569789
20241108_215603_802408754,-0.31883705
20241108_215604_050475530,-0.31362197
20241108_215604_301824296,0.019726293
20241108_215604_548478326,0.057843104
20241108_215604_804400615,0.049936123
20241108_215605_054389534,-0.026690384
20241108_215605_303503026,-0.13060237
20241108_215605_550494198,0.53293544
20241108_215605_802209719,0.53465265
20241108_215606_052223952,0.44194892
20241108_215606_304683097,0.48867908
20241108_215606_553596722,0.45980814
20241108_215607_048913123,0.4154871
20241108_215607_302524602,0.32684988
20241108_215607_551177710,0.39081213
20241108_215608_055490622,0.34941205
20241108_215608_305044684,0.34828764
20241108_215608_550900302,0.3276473
20241108_215608_801584566,0.3142906
20241108_215609_551173416,0.30490333
20241108_215610_053056704,0.3052085
20241108_215610_306366911,0.2962528
20241108_215610_801916355,0.3160703
20241108_215611_801913545,0.3152043
20241108_215612_304810890,0.3114961
20241108_215612_801987750,0.34833387
20241108_215613_051873524,0.6542577
20241108_215613_302518814,0.5109265
20241108_215615_052830909,0.5015944
20241108_215615_301925753,0.576184
20241108_215615_801621662,0.5054649
20241108_215616_050845730,0.4248647
20241108_215616_800524675,0.54059356
20241108_215617_300018865,0.47944722
20241108_215617_799504946,0.27898237
20241108_215618_050725915,0.041153498
20241108_215618_303691863,0.12048335
20241108_215619_802417931,0.01303483
20241108_215620_050788407,-0.18116121
20241108_215620_299867850,-0.21276076
20241108_215620_547775805,-0.21009861
20241108_215620_799219254,-0.09378805
20241108_215621_299356713,-0.07097455
20241108_215621_545707007,-0.10559233
20241108_215622_301868836,-0.097294085
20241108_215622_551312226,-0.093576096
20241108_215623_300078609,-0.031758927
20241108_215624_549903838,-0.07126775
20241108_215624_800173152,0.6455813
20241108_215625_047275957,0.49147174
20241108_215625_298494921,0.057728924
20241108_215625_550665359,0.052408196
20241108_215625_799767635,-0.30379066
20241108_215626_048128853,-0.2721637
20241108_215626_298304141,0.13064738
20241108_215626_550730159,0.2997694
20241108_215627_300374222,0.24163206
20241108_215627_550455168,0.18753935
20241108_215628_551006282,0.06561039
20241108_215629_055107831,0.09646133
20241108_215629_304177555,0.07717983
20241108_215629_804374654,0.18904538
20241108_215630_803787076,-0.0039232876
20241108_215631_050411398,0.033713587
20241108_215631_303189424,0.063144274
20241108_215632_308035584,0.0833473
20241108_215634_054040378,0.08836553
20241108_215634_305723369,0.07999442
20241108_215634_555642619,0.047790147
20241108_215635_302954272,0.019839028
20241108_215635_550019931,-0.23471026
20241108_215635_802408844,-0.13411908
20241108_215636_051074804,-0.06311535
20241108_215636_303867102,-0.05250358
20241108_215637_056674122,-0.049140476
20241108_215637_306800840,-0.05256792
20241108_215637_555700132,-0.12491935
20241108_215637_806440412,-0.22030787
20241108_215638_051614244,-0.11833649
20241108_215638_303993145,-0.10150959
20241108_215639_552917428,-0.10332849
20241108_215640_809810119,-0.087704055
20241108_215641_055583821,-0.5392696
20241108_215642_050847383,-0.2730411
20241108_215642_300171025,-0.19984587
20241108_215642_798615224,-0.30291817
20241108_215643_048578635,-0.16363515
20241108_215643_299054480,-0.16611515
20241108_215643_802768654,-0.2135909
20241108_215644_056695833,-0.14781637
20241108_215644_312907986,-0.14646824
20241108_215645_303965476,-0.12970452
20241108_215646_552245202,-0.0885567
20241108_215646_799556016,-0.05465939
20241108_215647_050515741,-0.07554122
20241108_215647_301387008,-0.027656516
20241108_215648_551200617,-0.05000191
20241108_215650_803499444,-0.07492485
20241108_215651_301020216,-0.10858431
20241108_215652_307152622,-0.059184574
20241108_215652_550866019,-0.065412335
20241108_215653_055003818,0.03447891
20241108_215653_311576175,-0.37496197
20241108_215653_557699558,0.10480658
20241108_215653_810267889,0.14656143
20241108_215654_054226715,0.121312894
20241108_215654_307287460,0.10081432
20241108_215654_550339230,0.10653237
20241108_215654_800914194,0.13533442
20241108_215655_051034423,0.14638214
20241108_215655_303219593,0.14299874
20241108_215655_551707936,0.14563738
20241108_215655_808999829,0.5822643
20241108_215656_058677419,0.28120577
20241108_215656_311298243,0.49961188
20241108_215656_556852845,0.5015766
20241108_215656_807380639,0.47489384
20241108_215657_302704204,0.39557293
20241108_215657_550419341,0.32076317
20241108_215657_799211064,0.2743665
20241108_215658_050488587,0.27685806
20241108_215658_300309125,0.3930337
20241108_215658_554140576,0.30009001
20241108_215658_805770540,0.31373414
20241108_215659_305865401,0.2920195
20241108_215700_054788396,-1.0277797
20241108_215700_306530352,-0.10960338
20241108_215700_557888945,-0.199257
20241108_215700_817594289,-0.3339082
20241108_215701_065264015,-0.38726118
20241108_215701_312292014,-0.6477333
20241108_215701_563891449,-0.5089231
20241108_215701_816664063,-0.7279459
20241108_215702_058938104,0.8413379
20241108_215702_307221887,0.19495438
20241108_215702_558765686,0.3497329
20241108_215702_807029693,0.11141423
20241108_215703_059448466,0.5279713
20241108_215703_304460598,0.3674548
20241108_215703_551973532,0.38401553
20241108_215703_808815824,0.17799024
20241108_215704_058680249,0.20836423
20241108_215704_304611588,0.18484078
20241108_215707_057736398,0.19866614
20241108_215707_312569081,0.10791687
20241108_215707_555373722,0.16822271
20241108_215707_809717261,0.23846288
20241108_215708_059331753,0.27522328
20241108_215708_565863576,0.1924154
20241108_215709_053299443,0.20094131
20241108_215710_800122812,0.17165469
20241108_215712_303160353,0.14830874
20241108_215712_551385380,0.1781197
20241108_215713_048907199,0.14686339
20241108_215713_807264839,0.11331389
20241108_215714_054681519,0.10272623
20241108_215714_554544857,0.11824895
20241108_215714_805489070,-0.014114579
20241108_215715_305632950,0.047497816
20241108_215717_307488981,0.083050914
20241108_215717_549028576,0.17323767
20241108_215717_799753781,0.080300964
20241108_215718_299970898,0.12383703
20241108_215719_302824592,0.064063735
20241108_215719_553985627,0.06805382
20241108_215719_808959324,0.19949643
20241108_215720_053163147,0.23869218
20241108_215720_312437415,0.22131874
20241108_215721_061325170,0.11646939
20241108_215721_313432296,0.13900109
20241108_215721_558812343,0.6006914
20241108_215721_813218160,0.299555
20241108_215722_059418925,0.3411004
20241108_215722_313396679,0.26754865
20241108_215722_563401849,0.24663992
20241108_215722_821612768,0.18067826
20241108_215723_062772691,-0.018143645
20241108_215723_308214615,-0.0731143
20241108_215723_553258305,-0.007148167
20241108_215723_803539153,0.00027731992
20241108_215724_052787117,0.0643496
20241108_215724_302903950,0.21662153
20241108_215724_550390129,0.5247162
20241108_215724_802426258,0.24950157
20241108_215725_048201502,0.36688328
20241108_215725_308788075,0.1824178
20241108_215725_555121973,0.19812073
20241108_215726_059687584,0.17901357
20241108_215726_304712403,0.100465305
20241108_215726_551762859,-0.13967247
20241108_215726_809972669,-0.14043723
20241108_215727_305916402,-0.101345144
20241108_215727_557983857,-0.11032637
20241108_215728_056883780,-0.014099678
20241108_215728_308305833,0.04566578
20241108_215728_563918743,0.23438554
20241108_215728_810999750,0.37621674
20241108_215729_061307660,0.57425874
20241108_215729_310104839,0.7098658
20241108_215729_554253398,0.4166985
20241108_215729_804056573,0.44294694
20241108_215731_059163124,0.19821678
20241108_215731_309717674,0.16728951
20241108_215731_557902134,0.22367145
20241108_215731_803609266,0.2553625
20241108_215732_051503730,0.22769202
20241108_215732_304310829,0.09632937
20241108_215732_551260549,-0.10195228
20241108_215732_806472358,-0.22103982
20241108_215733_058544134,-0.091929816
20241108_215733_807055053,-0.07260802
20241108_215735_302437447,-0.07187303
20241108_215735_801311528,0.03457106
20241108_215736_303218462,-0.020096382
20241108_215737_300137820,0.006712297
20241108_215738_050704935,-0.33660448
20241108_215738_304399640,-0.12797369
20241108_215738_550516529,-1.0538002
20241108_215738_809909973,-1.0598222
20241108_215739_054473519,-0.008939287
20241108_215739_309851844,0.2347546
20241108_215739_553323749,0.11574455
20241108_215739_802485892,0.18921836
20241108_215740_305757653,0.23884411
20241108_215740_551214739,0.538019
20241108_215740_803394737,-0.43746582
20241108_215741_050286039,-0.7899936
20241108_215741_301657903,0.086452425
20241108_215741_553786848,0.68281144
20241108_215741_803858468,-0.6557538
20241108_215742_051497652,-0.3323026
20241108_215742_300797313,0.20485151
20241108_215742_548825984,0.15018645
20241108_215742_800707216,0.22679569
20241108_215743_047751662,-0.13673665
20241108_215743_300310185,-0.17267556
20241108_215743_546942360,-0.20766605
20241108_215743_800420642,-0.11890849
20241108_215744_051891531,-0.044111274
20241108_215744_301688011,0.061490633
20241108_215744_551617818,0.0036895666
20241108_215744_805015014,0.1105505
20241108_215745_050789067,0.12606852
20241108_215745_304243604,0.06323061
20241108_215745_553735458,0.07832096
20241108_215745_803520941,0.062952854
20241108_215746_053195548,0.082690336
20241108_215747_312239983,0.10441778
20241108_215747_805837745,-0.3165278
20241108_215748_055550657,-0.6544703
20241108_215748_306766019,-0.67762285
20241108_215748_550792725,-1.3246766
20241108_215748_804117853,-0.49236557
20241108_215749_054879443,-0.4445867
20241108_215749_551323679,-0.42677364
20241108_215749_803000062,-0.84773815
20241108_215750_053163586,0.4725658
20241108_215750_303700930,0.4436008
20241108_215750_550744220,-0.24042197
20241108_215750_808255175,-0.3197631
20241108_215751_053314365,-0.19108512
20241108_215751_303462501,-0.0838049
20241108_215751_553366196,-0.04129546
20241108_215751_804086301,0.005202571
20241108_215752_052843179,0.038443156
20241108_215752_300765444,0.01918895
20241108_215752_798830402,0.20187204
20241108_215753_047223786,0.29455787
20241108_215753_299159952,0.3489186
20241108_215753_800027516,0.3576149
20241108_215754_051204519,0.6009456
20241108_215754_306507526,0.6057161
20241108_215754_550050338,0.5312576
20241108_215754_802208747,0.47649488
20241108_215755_051394575,0.49187282
20241108_215755_301750318,0.27154142
20241108_215755_548597091,-0.06049048
20241108_215755_802819189,-0.1371982
20241108_215756_550334793,-0.15749975
20241108_215756_802172112,-0.056945734
20241108_215757_054825732,-0.032553975
20241108_215757_300838947,-0.016381986
20241108_215757_549300147,-0.013766324
20241108_215758_551526560,-0.011411471
20241108_215759_048702047,0.00913463
20241108_215759_299462111,0.02329784
20241108_215759_550361372,0.003395738
20241108_215759_804063879,0.017319312
20241108_215800_054756415,0.032582268
20241108_215800_306038682,0.096515186
20241108_215800_551944313,0.048402153
20241108_215800_805513942,0.05753302
20241108_215801_063035189,-0.23120092
20241108_215801_312458027,-0.38188365
20241108_215801_559290357,-0.15066156
20241108_215801_807696986,-0.033917673
20241108_215802_053851198,-0.18742071
20241108_215802_302296692,-0.08333494
20241108_215802_554828909,-1.3757174
20241108_215802_800677873,-1.3567618
20241108_215803_052679478,-3.4333503
20241108_215803_303506515,-1.0288538
20241108_215803_556300256,0.8557425
20241108_215803_820904767,1.0216714
20241108_215804_061283122,0.22975166
20241108_215804_307971227,0.41233736
20241108_215804_553366217,0.1930034
20241108_215804_806010095,0.08486066
20241108_215805_057807218,0.10984079
20241108_215805_308785352,0.04915575
20241108_215805_555145862,-0.014545223
20241108_215805_808662525,-0.3002166
20241108_215806_055770133,-0.46629995
20241108_215806_307382879,-0.63175136
20241108_215806_551510583,-0.4779952
20241108_215806_803371993,0.23702864
20241108_215807_051515955,-0.06649387
20241108_215807_308380260,0.4555165
20241108_215807_558642829,0.34745333
20241108_215807_808339807,0.2843735
20241108_215808_055025229,0.18115132
20241108_215808_306777325,0.22524144
20241108_215808_555729954,0.22342528
20241108_215809_303054957,0.14434646
20241108_215809_548527960,0.17336665
20241108_215809_802529000,0.09929637
20241108_215810_050468339,-0.04289671
20241108_215810_300366629,0.07695297
20241108_215811_048634207,-0.02237471
20241108_215811_302445363,-0.24574773
20241108_215811_549776730,-0.16155614
20241108_215811_801162353,-0.25323728
20241108_215812_048866804,0.038583554
20241108_215812_300503028,0.14640795
20241108_215812_548221951,0.08806179
20241108_215812_800704024,0.5534161
20241108_215813_050643492,1.6719723
20241108_215813_303809284,-0.24380703
20241108_215813_556857374,-0.22420941
20241108_215813_811386232,-0.0339449
20241108_215814_057670567,-0.3948406
20241108_215814_302742894,-0.5021061
20241108_215814_548702180,-0.3969108
20241108_215814_799863518,-0.2980781
20241108_215815_048159944,-0.4008685
20241108_215815_299879928,-0.6127484
20241108_215815_547524464,-0.8187581
20241108_215816_047915213,-1.1509696
20241108_215816_300313337,-0.33165535
20241108_215816_549829496,0.37353912
20241108_215816_806881102,0.17434417
20241108_215817_061946513,0.37751243
20241108_215817_308141254,0.58128226
20241108_215817_554549929,0.30314592
20241108_215817_806760139,0.32123747
20241108_215818_053216767,0.4771445
20241108_215818_303496132,0.3814241
20241108_215818_552613952,0.21051876
20241108_215818_803865165,0.18575065
20241108_215819_049981793,0.2526693
20241108_215819_301838221,0.38262796
20241108_215820_053565249,0.30000708
20241108_215820_302342454,0.2151163
20241108_215820_548599205,0.25858176
20241108_215820_799621034,0.8037814
20241108_215821_049600916,0.536594
20241108_215821_302419352,0.69192034
20241108_215821_548823150,0.474385
20241108_215821_800261162,0.13144939
20241108_215822_047884082,0.65421903
20241108_215822_299727285,0.2359943
20241108_215822_552869348,0.29020452
20241108_215822_798041577,0.4614727
20241108_215823_298779963,0.35546726
20241108_215823_799674839,0.28439867
20241108_215824_807085211,0.32388014
20241108_215825_303637116,0.3288116
20241108_215825_799864851,0.21337424
20241108_215826_050898158,-0.05991336
20241108_215826_302751657,-0.2946131
20241108_215826_549888218,-1.4896914
20241108_215826_800797980,-0.5114442
20241108_215827_051493947,-0.24538665
20241108_215827_303169636,-0.24184473
20241108_215828_300568153,-0.27560216
20241108_215828_547652554,-0.14057823
20241108_215828_797665271,-0.008771816
20241108_215829_049317147,0.16130467
20241108_215829_301106246,0.27072933
20241108_215829_800201652,0.20432843
20241108_215830_048285303,0.114481784
20241108_215830_547759904,-0.27700338
20241108_215830_798881095,-0.34676126
20241108_215831_047752275,-0.18711893
20241108_215831_298754888,-0.15204094
20241108_215831_549936103,-0.13343604
20241108_215832_047221247,-0.18145941
20241108_215832_297405581,-0.11262121
20241108_215832_547735228,-0.41229394
20241108_215832_798199620,-0.21019427
20241108_215833_050046236,-0.19068046
20241108_215833_300144748,-0.20105384
20241108_215833_548544918,-0.16486727
20241108_215833_799152694,-0.1660967
20241108_215834_300423884,-0.21121968
20241108_215834_805493296,-0.18879338
20241108_215835_051630128,-0.1951298
20241108_215835_307659497,-0.12943147
20241108_215835_550267298,-0.2184921
20241108_215835_801725072,-0.1683055
20241108_215836_300078243,-0.14777519
20241108_215836_547471240,-0.1805846
20241108_215837_300031454,-0.10058897
20241108_215838_806512433,-0.11864715
20241108_215839_302493151,-0.12951608
20241108_215839_803433019,-0.34678575
20241108_215840_049129574,-0.2157198
20241108_215840_302760254,-0.30452624
20241108_215840_551296590,-0.23635386
20241108_215840_801606575,0.03733699
20241108_215841_049078626,-0.046611212
20241108_215842_298241687,-0.025550922
20241108_215842_548082860,-0.13279678
20241108_215843_052936400,-0.09891959
20241108_215843_300653436,-0.04481127
20241108_215843_547108759,-0.062575005
20241108_215843_798239532,-0.062149756
20241108_215844_047015662,-0.08669167
20241108_215844_298616880,-0.045703553
20241108_215844_801027344,-0.097150765
20241108_215845_554934405,-0.101652645
20241108_215846_047143434,-0.110832594
20241108_215846_298947967,-0.2228149
20241108_215846_546698248,-0.1461169
20241108_215846_800466140,-0.11283281
20241108_215847_050195685,0.09649662
20241108_215847_303047256,0.06518329
20241108_215847_812778889,0.06806744
20241108_215848_065087226,0.04782579
20241108_215848_309594184,0.07883648
20241108_215848_551802842,0.079737075
20241108_215848_802249595,0.20153336
20241108_215849_552423641,0.13155143
20241108_215849_806351907,0.15063073
20241108_215850_049034279,0.10285596
20241108_215850_301733269,0.11731405
20241108_215850_800479655,0.119996764
20241108_215851_805020654,0.07732371
20241108_215852_310730268,0.09803129
20241108_215854_802353182,0.16367961
20241108_215855_300913508,0.06744418
20241108_215856_800685627,0.048990287
20241108_215857_049245451,0.01611639
20241108_215857_303261376,0.014767924
20241108_215857_547779655,0.042430885
20241108_215858_053112681,-0.2447255
20241108_215858_312418793,0.3194559
20241108_215858_550145620,0.39633167
20241108_215858_801098884,0.3577839
20241108_215859_048238719,0.4840655
20241108_215859_303561273,0.2819532
20241108_215859_548610233,0.23527376
20241108_215859_799997447,0.1267368
20241108_215900_048920525,0.19326054
20241108_215900_300373735,0.24377458
20241108_215900_549487471,0.2342029
20241108_215900_800931153,0.22074442
20241108_215901_048820323,1.0118243
20241108_215901_302720402,0.6916662
20241108_215901_548003013,0.84449357
20241108_215901_800953021,0.54865116
20241108_215902_300569806,0.88696
20241108_215902_550142773,0.55641323
20241108_215902_801012012,0.50900424
20241108_215903_047551920,0.48708144
20241108_215903_301130996,0.9437632
20241108_215903_552564783,-0.32213107
20241108_215903_803453940,-0.8462708
20241108_215904_050823261,0.7785617
20241108_215904_305611336,0.13525835
20241108_215904_552248823,-0.5621906
20241108_215904_804257035,-0.26068246
20241108_215905_052312515,-0.19322833
20241108_215905_304695016,-0.21226211
20241108_215905_549353646,-0.29891953
20241108_215905_802289822,-0.8782871
20241108_215906_046002375,-1.0012101
20241108_215906_300589302,-0.9646782
20241108_215906_549271377,-0.44523647
20241108_215907_314677440,-0.41173828
20241108_215908_549630349,-0.21952869
20241108_215909_547303950,-0.39594054
20241108_215910_299577043,-0.41468415
20241108_215910_547828141,-0.09628596
20241108_215910_799710201,-0.09200387
20241108_215911_047061685,-0.028815659
20241108_215911_300250131,-0.33943018
20241108_215911_548642751,-0.563336
20241108_215911_801310545,-0.7369923
20241108_215912_052843669,-0.76385176
20241108_215912_302951747,-0.46625176
20241108_215912_549268192,-1.0797834
20241108_215912_797781152,-0.79144055
20241108_215913_047047501,-0.6949903
20241108_215913_295867841,-0.32785344
20241108_215913_546609753,-0.1419808
20241108_215913_800374756,0.36805174
20241108_215914_049458934,0.31819084
20241108_215914_300844781,0.3426353
20241108_215914_800735689,0.7089926
20241108_215915_047541081,0.775755
20241108_215915_302023247,0.59437346
20241108_215915_806350536,0.034490384
20241108_215916_052895851,0.44622752
20241108_215916_303694066,0.05328124
20241108_215916_552970859,0.3636459
20241108_215916_802089012,-0.2449369
20241108_215917_050166260,-0.69610095
20241108_215917_305375681,-0.39284548
20241108_215917_549428803,-0.19775163
20241108_215917_798468003,-0.22241606
20241108_215918_297284191,-0.06434139
20241108_215918_545067926,0.39910597
20241108_215918_797300126,0.4943163
20241108_215919_303735189,1.3180014
20241108_215919_550797956,0.5418865
20241108_215919_800110677,1.7813454
20241108_215920_049043210,-0.4088775
20241108_215920_306812441,0.1808327
20241108_215920_552109413,0.29923457
20241108_215920_808990725,0.24673261
20241108_215921_051546879,-0.06779125
20241108_215921_303368366,0.0041101594
20241108_215921_801292844,-0.24013896
20241108_215922_049698583,-0.15074272
20241108_215922_298891749,-0.034472547
20241108_215924_304913770,-0.127221
20241108_215924_550487601,0.06557923
20241108_215924_800177167,-0.062838696
20241108_215925_047585975,-0.050111197
20241108_215925_299778544,0.011687437
20241108_215926_548108710,0.0028499756
20241108_215926_802688315,0.009763995
20241108_215927_301685892,0.043315746
20241108_215927_550223468,0.03724257
20241108_215928_800197553,0.01088188
20241108_215929_050011971,0.008487502
20241108_215929_299293235,0.0148833785
20241108_215929_550157155,0.24433748
20241108_215929_801043674,0.2972415
20241108_215930_047020379,0.40055966
20241108_215930_300213477,0.27713415
20241108_215930_548070700,0.0768821
20241108_215930_799208116,0.14469431
20241108_215931_045577292,0.0021217857
20241108_215931_296243521,-0.0348865
20241108_215931_544221794,-0.08242508
20241108_215931_798191416,0.014093677
20241108_215932_046495838,0.031717457
20241108_215932_298645296,0.0629938
20241108_215932_546382859,0.07162551
20241108_215932_796323995,0.05757699
20241108_215933_045800433,0.088463284
20241108_215933_542909268,0.054764308
20241108_215933_796514729,0.04180727
20241108_215934_046332320,0.059417404
20241108_215934_299152066,0.070095874
20241108_215934_552175181,0.033448733
20241108_215934_800230359,0.10739354
20241108_215935_050081516,0.7201052
20241108_215935_299070610,0.15833202
20241108_215935_545355584,0.088579275
20241108_215935_797014925,0.25050968
20241108_215936_047300119,0.07951013
20241108_215936_299903215,-0.22699822
20241108_215936_545909088,-0.6874173
20241108_215936_796308188,-1.1559485
20241108_215937_044973879,-0.47769752
20241108_215937_298203054,-0.21590658
20241108_215937_547303909,-0.23797949
20241108_215937_795120548,0.037071742
20241108_215938_051500840,0.19148241
20241108_215938_298154776,0.25854403
20241108_215938_547313191,0.1485031
20241108_215939_305255547,0.11431847
20241108_215939_549902405,0.6056394
20241108_215939_800375482,0.2521643
20241108_215940_300536928,0.25905854
20241108_215940_803043671,0.28490055
20241108_215941_046118267,0.49452028
20241108_215941_294885535,0.35741854
20241108_215941_548039397,0.09678457
20241108_215941_801019424,0.18086757
20241108_215942_304576609,0.43054986
20241108_215942_547656990,0.19956373
20241108_215942_798452771,0.23585568
20241108_215943_048696760,1.1424232
20241108_215943_300796176,-0.31036752
20241108_215943_555078597,0.644173
20241108_215943_806219260,0.73248464
20241108_215944_048746933,0.47829232
20241108_215944_299497725,0.34998155
20241108_215944_547114351,0.3610206
20241108_215944_798147197,0.35837027
20241108_215945_045971680,0.3953809
20241108_215945_299706759,0.38537323
20241108_215946_053220060,0.3206489
20241108_215946_298206232,0.4735776
20241108_215946_545198484,-0.7563342
20241108_215946_797003115,-0.35890046
20241108_215947_047736252,0.1509422
20241108_215947_296232637,0.9147276
20241108_215947_543660318,-0.6861934
20241108_215948_050183450,-0.6630318
20241108_215948_300455725,-0.29944816
20241108_215948_547475586,-0.09925657
20241108_215948_803821997,-0.082478456
20241108_215949_051460397,0.9121985
20241108_215949_303184857,0.557269
20241108_215949_800053949,0.42050573
20241108_215950_050969019,0.36176422
20241108_215950_801769493,0.35254577
20241108_215951_048958778,0.34561914
20241108_215951_304173618,0.44675663
20241108_215951_552783297,0.35430503
20241108_215951_797230648,0.48174062
20241108_215952_046006247,1.4466267
20241108_215952_298721987,0.8001145
20241108_215953_297660118,0.7303264
20241108_215953_546935371,0.106139146
20241108_215953_796059775,0.5876392
20241108_215954_046345488,1.3168454
20241108_215954_298509566,0.8510156
20241108_215954_547629498,0.30736062
20241108_215954_798819233,-0.67320937
20241108_215955_047432671,-0.7650897
20241108_215955_298650486,-0.8120555
20241108_215955_547436996,-0.1939668
20241108_215956_298567542,-0.88203317
20241108_215956_548581041,-0.06360929
20241108_215956_797688352,0.15465628
20241108_215957_303567380,0.08695967
20241108_215957_553751389,-0.5973439
20241108_215957_806122698,-0.70950925
20241108_215958_049998431,-0.17700054
20241108_215958_301712573,-0.2541829
20241108_215958_801246185,-0.4815926
20241108_215959_048114517,-0.13230671
20241108_215959_298312383,-0.12781239
20241108_215959_546167470,0.0056556854
20241108_215959_797596136,0.015094975
20241108_220000_046125046,-0.2532817
20241108_220000_304840668,-0.5220516
20241108_220000_554276367,-1.0448607
20241108_220000_811785106,-1.0308697
20241108_220001_056531961,0.47140163
20241108_220001_304818000,0.447328
20241108_220001_556792681,0.19571821
20241108_220001_810482525,2.1562345
20241108_220002_060407862,0.80176896
20241108_220002_317853880,0.2680526
20241108_220002_567266851,-0.34284517
20241108_220002_813540988,0.29415217
20241108_220003_064323107,0.007943908
20241108_220003_308526930,0.30910864
20241108_220003_557803227,0.105232455
20241108_220003_810149974,0.8393504
20241108_220004_051114960,0.56079584
20241108_220004_303942703,0.11727635
20241108_220004_549471329,0.15235652
20241108_220004_799884544,0.21909733
20241108_220005_049281028,0.19893168
20241108_220005_301000153,0.20303921
20241108_220005_548715070,0.20685981
20241108_220005_799664957,0.31876686
20241108_220006_050197103,0.3774447
20241108_220006_303189646,0.4429585
20241108_220007_304353610,0.313614
20241108_220007_547130699,0.6215474
20241108_220007_800302539,0.32921028
20241108_220008_054197364,0.1385162
20241108_220008_551546510,0.03350643
20241108_220008_812173346,-0.033821307
20241108_220009_053522094,0.24341445
20241108_220009_301451803,-0.0063095596
20241108_220009_546908931,-0.11379083
20241108_220009_799740914,-0.05892255
20241108_220010_047965211,0.01832948
20241108_220010_299971868,0.23489107
20241108_220010_545440611,0.3070394
20241108_220010_796907844,0.4440216
20241108_220011_045213604,0.25308165
20241108_220011_546959989,0.17787196
20241108_220011_798049918,0.14012982
20241108_220012_051007388,-0.27833018
20241108_220012_302044487,-0.014050042
20241108_220012_546946549,1.4964255
20241108_220012_804000051,0.82217646
20241108_220013_060278224,-0.06014105
20241108_220013_307885108,0.025205621
20241108_220013_550701372,0.08710555
20241108_220013_802985896,0.10457937
20241108_220014_050241777,0.043089904
20241108_220014_306755968,0.12127141
20241108_220014_557446053,0.12560566
20241108_220014_810349323,0.20301567
20241108_220015_061078893,0.15483062
20241108_220015_308605358,0.15319495
20241108_220015_556222552,0.21958746
20241108_220015_806496166,0.28371522
20241108_220016_053497868,0.31739175
20241108_220016_307214869,0.57751274
20241108_220016_551456764,0.92076457
20241108_220016_801302605,1.3925433
20241108_220017_050168915,-0.21766952
20241108_220017_307272477,-0.058300048
20241108_220017_555727421,0.10276004
20241108_220017_805460783,0.06895796
20241108_220018_054156086,-0.023916539
20241108_220018_308659432,-0.020625612
20241108_220018_551490071,-0.39213136
20241108_220018_802307765,-0.5078226
20241108_220019_057610948,-0.84518194
20241108_220019_306895681,-0.6447672
20241108_220019_556734809,-0.96192354
20241108_220019_800761375,0.7882971
20241108_220020_046737118,1.042781
20241108_220020_298319989,0.96988744
20241108_220020_546110727,-0.62903076
20241108_220020_800842664,-0.5134407
20241108_220021_047536730,-0.054615803
20241108_220021_301159544,0.1405131
20241108_220021_550656050,0.14483929
20241108_220021_799198774,0.28022844
20241108_220022_046698491,0.25815287
20241108_220022_300904315,0.25060475
20241108_220022_551585501,0.625717
20241108_220022_811046290,-0.47269294
20241108_220023_053838974,-0.3866544
20241108_220023_303215934,-0.56244504
20241108_220023_548424354,-0.4125554
20241108_220023_804638797,-0.761709
20241108_220024_050628383,0.37727758
20241108_220024_304319906,0.29486772
20241108_220024_557700040,0.15874754
20241108_220024_805587662,0.21383582
20241108_220025_051136278,0.25136408
20241108_220025_301113005,0.26122472
20241108_220025_800189032,0.04350684
20241108_220026_050792135,-0.14870723
20241108_220026_305752659,-0.054529928
20241108_220026_551565580,0.01280419
20241108_220026_804438479,-0.01713111
20241108_220027_049497381,0.0056662355
20241108_220027_300511523,0.06338421
20241108_220027_553625572,0.2135155
20241108_220027_801437566,0.14987437
20241108_220028_808094813,0.13576697
20241108_220029_050877348,0.113163926
20241108_220029_301977161,0.33265948
20241108_220029_556481703,0.6668894
20241108_220029_806310547,0.63953054
20241108_220030_048813619,0.1374859
20241108_220030_303665664,0.1325684
20241108_220030_799260745,0.1472538
20241108_220031_304255626,0.07715211
20241108_220031_550299205,0.13542382
20241108_220031_801788375,0.43487138
20241108_220032_049481449,0.956684
20241108_220032_303090210,0.9387297
20241108_220032_549565647,0.67566586
20241108_220032_799400440,0.23728813
20241108_220033_047415902,0.30068564
20241108_220033_300443884,0.344273
20241108_220034_298721845,0.18497993
20241108_220034_547359408,0.17089336
20241108_220034_800910475,0.6973596
20241108_220035_049489272,0.7626325
20241108_220035_301154757,0.7298296
20241108_220036_050533105,0.5565574
20241108_220036_302069806,-0.13440199
20241108_220036_550206351,-0.44393873
20241108_220036_814196196,-0.44642425
20241108_220037_311533105,-0.47294417
20241108_220037_553109581,-0.15819009
20241108_220037_808153685,-0.17361142
20241108_220038_052874555,-0.41649395
20241108_220038_301775007,-0.30667618
20241108_220038_552945408,-0.33141053
20241108_220038_800275487,-0.13969712
20241108_220039_051228035,-0.1847833
20241108_220039_297579357,-0.12172749
20241108_220039_544025853,-0.12034204
20241108_220039_796263962,-0.078572355
20241108_220040_043847675,0.10620817
20241108_220040_296309194,0.15631208
20241108_220040_544232754,0.2049145
20241108_220040_797151537,0.19689399
20241108_220041_046027051,-0.010007342
20241108_220041_297034457,0.63311076
20241108_220041_546475843,0.4448621
20241108_220041_797236618,1.1475792
20241108_220042_043552489,0.1307012
20241108_220042_298689024,-0.18646254
20241108_220042_547922575,-0.052961968
20241108_220042_799367665,-0.008357605
20241108_220043_299568355,-0.03163501
20241108_220043_547712197,-0.116857074
20241108_220043_806299497,-0.23298414
20241108_220044_055235122,-0.19238211
20241108_220044_306224053,-0.16515328
20241108_220044_552149849,-0.09891602
20241108_220044_809900774,-0.094027005
20241108_220045_057588995,0.053166606
20241108_220045_310868885,0.06286488
20241108_220045_555737131,0.1818823
20241108_220045_802988917,0.23048769
20241108_220046_049115544,0.3066988
20241108_220046_297979998,0.33664423
20241108_220046_546926215,0.280117
20241108_220048_046354601,0.24533658
20241108_220048_547012587,0.31969202
20241108_220048_799486499,0.4958234
20241108_220049_049716270,0.344316
20241108_220049_550460277,-0.7652133
20241108_220049_799060150,0.38507023
20241108_220050_045021423,0.40668398
20241108_220050_297295458,0.5652129
20241108_220050_544881056,0.44761327
20241108_220051_796710206,0.7649061
20241108_220052_045584365,0.094459035
20241108_220052_300188615,0.20538028
20241108_220052_807291986,0.10325418
20241108_220053_549229024,0.6939961
20241108_220053_800880856,0.7545039
20241108_220054_050225145,0.41967756
20241108_220054_302165629,0.067103185
20241108_220054_546547827,0.09935034
20241108_220054_798757806,0.23082642
20241108_220055_044716903,0.11363701
20241108_220056_548240182,0.24878122
20241108_220056_799959288,-0.031802557
20241108_220057_049402072,-0.11989244
20241108_220057_299441455,-0.110757075
20241108_220057_544880669,-0.12547253
20241108_220058_045548127,-0.12856032
20241108_220058_295379445,-0.19574927
20241108_220058_547935851,-0.12564583
20241108_220058_799086198,-0.085359775
20241108_220059_555222259,-0.06649872
20241108_220100_306906191,-0.055314623
20241108_220101_051243259,-0.019002935
20241108_220101_309602140,-0.061949335
20241108_220101_558981518,-0.7276908
20241108_220101_809838371,-0.16004518
20241108_220102_056098056,-0.5188496
20241108_220102_307959796,0.76637524
20241108_220102_556207167,0.7317875
20241108_220102_808620442,0.50828534
20241108_220103_060443185,1.3804915
20241108_220103_323669442,-0.5177208
20241108_220103_572427285,-0.34495017
20241108_220103_831790382,-0.45157394
20241108_220104_063937851,-0.3826994
20241108_220104_315374925,0.026008083
20241108_220104_554994651,-0.043733187
20241108_220104_809259097,0.17531706
20241108_220105_055162862,0.13798113
20241108_220105_309271330,-0.9342678
20241108_220105_558056883,1.2172812
20241108_220105_807538204,0.39179373
20241108_220106_052127307,0.8503
20241108_220106_313309978,0.18178748
20241108_220106_554707634,-0.6912641
20241108_220106_806804885,-0.10403258
20241108_220107_048898827,-0.8762616
20241108_220107_302863846,-0.73464996
20241108_220107_556113421,-0.21809575
20241108_220107_808115579,0.11128957
20241108_220108_056553252,0.03472288
20241108_220108_307072589,0.031401545
20241108_220108_558502958,-0.014242848
20241108_220108_814834081,-0.08922192
20241108_220109_057334681,-0.2572839
20241108_220109_305478852,-0.2862434
20241108_220109_553995423,-0.25229064
20241108_220109_803764518,-0.5945066
20241108_220110_049557043,-0.45320997
20241108_220110_796994214,-0.35221705
20241108_220111_799105147,-0.22626902
20241108_220112_299148756,-0.19881202
20241108_220113_047373312,-0.23603956
20241108_220113_304115543,-0.2291822
20241108_220113_555872271,-0.21857859
20241108_220114_061038183,-0.18732144
20241108_220114_301834720,0.0016084109
20241108_220114_552878163,0.0015801713
20241108_220114_800864338,0.12817225
20241108_220115_057159893,0.1115138
20241108_220115_304200503,-0.037884913
20241108_220115_547834475,-0.20053093
20241108_220115_800243821,-1.4751489
20241108_220116_047367085,-0.05059918
20241108_220116_298329812,-0.13072678
20241108_220116_546213265,-0.19589432
20241108_220116_797307516,-0.12142255
20241108_220117_047437074,-0.35382715
20241108_220117_299137431,-0.3532327
20241108_220117_546062660,-0.6444394
20241108_220117_799984003,-0.50629467
20241108_220118_056952224,-0.37695715
20241108_220118_306381259,-0.32615787
20241108_220119_300977318,-0.3200338
20241108_220120_296537041,-0.3265007
20241108_220121_047279280,-0.27919176
20241108_220121_300709047,-0.1662012
20241108_220121_547786986,-0.53864115
20241108_220121_797600872,-0.41980815
20241108_220122_300634904,-0.31085435
20241108_220122_798453612,-0.26146585
20241108_220123_048784561,-0.27203387
20241108_220123_301144676,-0.27457795
20241108_220124_045337897,-0.6214729
20241108_220124_295653134,-0.49855617
20241108_220124_544263057,-0.44940856
20241108_220124_796364481,-0.2954033
20241108_220125_042312659,-0.62114555
20241108_220125_297383557,-0.65708286
20241108_220125_546805898,-1.1578758
20241108_220125_800757726,0.5212726
20241108_220126_052096212,0.5798369
20241108_220126_303865373,-0.38827136
20241108_220126_552111877,-0.34397352
20241108_220126_800842591,-0.21121784
20241108_220127_052285606,-0.046631448
20241108_220127_301210903,0.15162997
20241108_220127_549877073,0.023866246
20241108_220128_059510649,-0.07743051
20241108_220128_306056557,0.021632532
20241108_220128_552611193,0.0020164642
20241108_220129_796348441,0.20841889
20241108_220130_045264491,0.1259443
20241108_220130_294460198,0.12815438
20241108_220130_797592604,0.09416477
20241108_220131_548386857,0.08436451
20241108_220131_798713182,0.072608866
20241108_220132_795283172,0.061174788
20241108_220133_043512672,0.11515651
20241108_220133_300423959,0.23123185
20241108_220133_542887917,0.17076926
20241108_220134_297729318,0.14157896
20241108_220135_044401761,0.12547217
20241108_220135_797808779,0.11021719
20241108_220136_047912917,-0.099173866
20241108_220136_300939150,-0.015371343
20241108_220136_548735360,-0.019839784
20241108_220136_799976056,0.027481178
20241108_220137_299374552,0.031283595
20241108_220138_043294508,0.063145734
20241108_220138_802870192,0.21519881
20241108_220139_048803892,0.255808
20241108_220139_304041583,0.45929492
20241108_220139_551211374,0.3354619
20241108_220139_802384968,0.27006054
20241108_220140_044920198,0.2331539
20241108_220140_296540155,0.21226002
20241108_220140_543585896,0.19571604
20241108_220140_795871248,0.17783426
20241108_220141_295518821,0.12686221
20241108_220141_799502686,0.23563634
20241108_220142_046151961,-0.24727629
20241108_220142_303629935,0.032965176
20241108_220142_547799089,-0.03709557
20241108_220142_802109237,-0.26441607
20241108_220143_051954265,-0.46489248
20241108_220143_304543335,-0.24472351
20241108_220143_557317167,0.13167056
20241108_220143_803040232,0.11687853
20241108_220144_049079016,0.11541251
20241108_220144_305427666,-0.118578516
20241108_220144_548845837,-0.2197717
20241108_220144_798013869,0.07780491
20241108_220145_298912616,0.06507895
20241108_220145_544787445,0.051304795
20241108_220145_794016847,0.041167475
20241108_220146_302206985,0.036224402
20241108_220146_800334002,0.018844763
20241108_220147_300349656,0.028560558
20241108_220147_546395951,0.024338344
20241108_220147_802830778,-0.0009775963
20241108_220148_300184323,-0.0064460244
20241108_220149_295077072,0.04207913
20241108_220149_800403404,0.031602778
20241108_220150_046264711,0.087355234
20241108_220150_295546973,0.11297957
20241108_220150_543708303,0.0094289575
20241108_220151_295979370,-0.030629298
20241108_220151_546390741,-0.25858727
20241108_220151_796344305,-0.20345075
20241108_220152_044904203,-0.13691686
20241108_220152_297861916,-0.0030417647
20241108_220152_797771024,-0.042582355
20241108_220153_046440620,-0.05135002
20241108_220153_296609903,-0.05972483
20241108_220153_543857071,-0.06752076
20241108_220153_795815797,-0.13652678
20241108_220154_796015438,-0.15813138
20241108_220155_296083734,-0.076924525
20241108_220155_794696099,-0.106181405
20241108_220156_544436139,-0.09738066
20241108_220157_046318617,-0.14178078
20241108_220157_295603012,-0.121194266
20241108_220157_549367362,-0.13347842
20241108_220157_802574169,-0.1421553
20241108_220158_049838092,-0.1375065
20241108_220158_300742504,-0.11072328
20241108_220158_546804632,-0.09860357
20241108_220159_043839195,-0.06479534
20241108_220159_542237405,-0.055801593
20241108_220159_795196008,-0.06094166
20241108_220200_296624941,-0.040138207
20241108_220201_044647646,-0.07467946
20241108_220201_297391741,-0.13840644
20241108_220201_807145917,0.32881758
20241108_220202_059929242,-0.12582333
20241108_220202_308622775,-0.23738591
20241108_220202_551917649,-0.25211653
20241108_220202_802632738,-0.32912645
20241108_220203_049595321,-0.29745796
20241108_220203_298042165,-0.0019111689
20241108_220203_548223128,-0.11200657
20241108_220203_798610934,-0.15169068
20241108_220204_295663846,-0.09715589
20241108_220205_046296126,-0.058793686
20241108_220205_299045560,-0.85418946
20241108_220205_545320161,-0.30125606
20241108_220205_794057430,-0.49121472
20241108_220206_042110630,-0.5346838
20241108_220206_292851759,-0.30757314
20241108_220206_542498037,-0.09273946
20241108_220206_793426335,-0.09829878
20241108_220207_043163135,0.023942517
20241108_220207_297167757,0.088571586
20241108_220207_544978354,0.1214753
20241108_220208_295400722,0.068107106
20241108_220208_542959020,-0.11784326
20241108_220209_295351490,-0.03472676
20241108_220210_044437931,-0.060388587
20241108_220210_300102981,0.0054461155
20241108_220210_542034438,-0.022946378
20241108_220210_792503474,-0.04131516
20241108_220211_544064476,-0.04571744
20241108_220212_542958812,-0.14448078
20241108_220212_792435553,0.0009612832
20241108_220213_541046234,0.21956961
20241108_220213_794194215,0.7396581
20241108_220214_048154846,0.34941688
20241108_220214_308182248,0.5766944
20241108_220214_553631453,0.45503303
20241108_220214_802801706,0.5089011
20241108_220215_047626615,0.56975156
20241108_220215_298706973,0.75813216
20241108_220215_547646287,0.7489837
20241108_220215_796566840,1.1775655
20241108_220216_044469541,1.0786597
20241108_220216_295225518,0.9583654
20241108_220216_542349229,0.5328942
20241108_220216_793496519,-0.0066380706
20241108_220217_042413177,0.011985818
20241108_220217_293643432,0.070119835
20241108_220217_543989606,-0.004475912
20241108_220217_793926514,-0.034074448
20241108_220218_043377808,-0.19153206
20241108_220218_294893874,-0.19677003
20241108_220218_794983921,-0.13424398
20241108_220219_043161549,-0.098391615
20241108_220219_293385413,0.0040990505
20241108_220219_797393150,-0.04780384
20241108_220220_042995654,-0.06616523
20241108_220220_295928839,0.0673124
20241108_220220_550670806,0.19323123
20241108_220220_800036137,0.12570094
20241108_220221_047262425,0.09739349
20241108_220221_549538150,0.07501302
20241108_220221_800091240,0.0669255
20241108_220222_553546422,0.049168803
20241108_220222_803714600,0.05060748
20241108_220223_047929002,0.047740914
20241108_220223_299940807,0.4324715
20241108_220223_546340439,-0.022154843
20241108_220223_797578899,0.01806718
20241108_220224_051188747,-0.13580473
20241108_220224_302449912,-0.31639168
20241108_220225_295402544,-0.092235334
20241108_220225_551269772,-0.096252404
20241108_220225_805827427,0.54625565
20241108_220226_056414500,-0.01597069
20241108_220226_309205028,-0.22885099
20241108_220226_554442397,-0.50119185
20241108_220226_806094311,0.3089632
20241108_220227_049126741,0.38266665
20241108_220227_299358003,0.25950512
20241108_220228_295884100,0.4364901
20241108_220228_542051545,0.49549064
20241108_220228_793108769,0.554584
20241108_220229_042341946,0.41893488
20241108_220229_297630922,0.20276196
20241108_220229_545896576,-0.02818503
20241108_220229_797631587,0.28133813
20241108_220230_043935858,0.25939518
20241108_220230_294111160,0.09074686
20241108_220230_545152512,0.15874358
20241108_220230_797654650,0.1362924
20241108_220231_043134487,-0.23060937
20241108_220231_295997985,-0.32869387
20241108_220231_544377412,-0.44655886
20241108_220231_793155589,-0.71010834
20241108_220232_042355065,-1.0909606
20241108_220232_295068812,-0.034244426
20241108_220232_793590045,-0.3148848
20241108_220233_042851399,-0.96128684
20241108_220233_292430992,-0.45639625
20241108_220233_541640647,-0.47287372
20241108_220233_792327087,-0.48188123
20241108_220234_042054449,-0.3872425
20241108_220234_300813069,0.006323153
20241108_220234_543813331,-0.6945661
20241108_220234_802974639,-0.18917544
20241108_220235_050003188,0.37168965
20241108_220235_304730511,0.16264771
20241108_220235_549770816,0.23765926
20241108_220235_801711262,0.40698412
20241108_220236_301997860,0.3261292
20241108_220236_554770902,0.1950535
20241108_220236_799806405,0.1443433
20241108_220237_047924717,0.24851479
20241108_220237_301632729,-0.076101445
20241108_220237_549648220,-0.5068075
20241108_220237_804934403,-0.5312648
20241108_220238_048911919,-0.26771066
20241108_220238_300764028,-0.2527405
20241108_220238_551986349,-0.27453923
20241108_220238_804011652,-0.21665125
20241108_220239_056009545,-0.17570831
20241108_220239_301197792,-0.12639846
20241108_220239_545286730,-0.17795672
20241108_220240_047058540,-0.90419406
20241108_220240_298654869,-1.2245246
20241108_220240_542274438,-0.43788144
20241108_220240_796770754,-0.2971494
20241108_220241_304774213,-0.29438296
20241108_220241_546952020,1.1576688
20241108_220241_794974305,0.2775818
20241108_220242_043983020,-0.5039765
20241108_220242_295014273,0.23368613
20241108_220242_545419286,0.6157452
20241108_220242_794826464,0.621442
20241108_220243_044493784,-0.06848559
20241108_220243_299540840,0.085839905
20241108_220243_542796754,0.0272454
20241108_220243_794192976,0.02926127
20241108_220244_042937335,0.024664858
20241108_220244_295205693,0.31389478
20241108_220244_542807625,0.120356925
20241108_220244_797029517,-0.46814355
20241108_220245_044123823,-0.15940577
20241108_220245_296741547,-0.26129308
20241108_220245_540859148,-0.4372713
20241108_220246_294976995,-0.39303377
20241108_220246_543023491,-0.06530584
20241108_220246_793900697,-0.2958068
20241108_220247_041007477,-0.20737316
20241108_220247_800117250,-0.28554335
20241108_220248_046380412,-0.75951856
20241108_220248_300983445,-0.7511541
20241108_220248_550519364,-0.54772633
20241108_220248_799527170,-0.5065765
20241108_220249_047350860,-0.5766568
20241108_220249_295476886,-0.090989225
20241108_220250_042502407,-0.21529578
20241108_220250_541740527,1.0333068
20241108_220250_795430593,0.12201414
20241108_220251_044021787,0.11202375
20241108_220251_300535094,-0.05104371
20241108_220251_543886134,-0.42055166
20241108_220251_801759359,-0.35614046
20241108_220252_046958281,-0.2681997
20241108_220252_299158541,-0.23310296
20241108_220252_546700478,-0.10734322
20241108_220252_797938909,0.073865645
20241108_220253_052215992,0.04526607
20241108_220253_308174840,0.0021231566
20241108_220253_802087883,-0.025353631
20241108_220255_294120816,-0.04722389
20241108_220255_542356533,-0.045612894
20241108_220255_792973635,-0.034163974
20241108_220256_041326895,-0.3425484
20241108_220256_292578811,-0.3488612
20241108_220256_542755852,-0.056367014
20241108_220256_795653827,0.021976868
20241108_220257_048535381,-0.050275587
20241108_220257_301051155,-0.045603
20241108_220258_043977209,-0.1054283
20241108_220258_541800332,-0.13240995
20241108_220258_792379636,-0.28775302
20241108_220259_042401344,-0.15970583
20241108_220259_294010363,-0.19551708
20241108_220259_793985300,-0.16259475
20241108_220300_295410164,-0.066443704
20241108_220300_543357080,-0.4189785
20241108_220300_794287814,-0.17146422
20241108_220301_044541257,-0.13516666
20241108_220301_296080123,0.20724323
20241108_220301_549288282,0.13605204
20241108_220301_795880914,0.031036535
20241108_220302_044835823,-0.17012666
20241108_220302_293403860,-0.2667497
20241108_220302_543647486,-1.3057631
20241108_220302_794902940,0.55913097
20241108_220303_046382879,0.30811164
20241108_220303_294747910,0.14236133
20241108_220304_553334305,0.18967359
20241108_220304_806214028,0.13487498
20241108_220305_047463741,0.024098197
20241108_220305_305036027,0.08933691
20241108_220305_801066590,0.3746179
20241108_220306_048674249,0.40181914
20241108_220306_545938731,0.3548042
20241108_220306_798736501,0.28914487
20241108_220307_044509230,0.029675106
20241108_220307_299713009,0.105770744
20241108_220307_549780554,0.24233864
20241108_220307_797100404,0.3292017
20241108_220308_294700356,0.32178393
20241108_220308_545256592,0.28346062
20241108_220308_797408176,0.27899736
20241108_220309_043695037,0.23625748
20241108_220309_296100995,0.19087218
20241108_220309_796137434,0.20852958
20241108_220310_293492477,0.17049192
20241108_220310_540541285,0.18653415
20241108_220310_793268413,-0.051245414
20241108_220311_041492892,0.08246211
20241108_220311_544505745,-0.047965832
20241108_220311_799857810,-1.2133092
20241108_220312_044115607,0.47457924
20241108_220312_294269090,0.4528322
20241108_220312_544573811,0.3402287
20241108_220312_791581040,0.35195613
20241108_220313_039812700,0.46440223
20241108_220313_291687249,0.78715
20241108_220313_792517938,0.6098931
20241108_220314_295822809,0.5927517
20241108_220314_809193368,0.6013729
20241108_220315_051372562,0.3519054
20241108_220315_301138476,0.07774818
20241108_220315_545037948,-0.47508425
20241108_220315_795356308,0.035446025
20241108_220316_043813980,-0.045466017
20241108_220316_294587530,-0.8970006
20241108_220316_540142602,-0.6789399
20241108_220316_796958030,-0.058803543
20241108_220317_042735797,-0.04540907
20241108_220317_292435353,0.015823184
20241108_220317_790948844,0.027083972
20241108_220318_040665238,0.027315894
20241108_220318_293049873,0.66405845
20241108_220318_541095683,0.3314683
20241108_220318_793611634,0.15844582
20241108_220319_040817988,0.2576792
20241108_220319_293241629,0.3205339
20241108_220319_546346278,0.48857138
20241108_220319_793921788,0.66882795
20241108_220320_040929699,0.53832996
20241108_220320_300865130,0.19842418
20241108_220320_548307430,0.073608555
20241108_220320_797061855,-0.030063232
20241108_220321_044574642,-0.053962342
20241108_220321_298223158,0.25223678
20241108_220321_552028996,0.56811607
20241108_220321_799363849,0.25829837
20241108_220322_043441196,0.07550875
20241108_220322_299574734,-0.14363141
20241108_220322_549039195,-0.09200587
20241108_220322_804393680,0.46621597
20241108_220323_046437631,0.24576102
20241108_220323_298432123,-0.077215336
20241108_220323_546671070,0.055906393
20241108_220323_794812427,0.0030864868
20241108_220324_042765372,0.046199717
20241108_220324_294638430,0.088937975
20241108_220324_543255992,0.062251903
20241108_220324_795313872,0.04377619
20241108_220325_044792831,-0.027368745
20241108_220325_297295500,-0.13336603
20241108_220325_550329398,-0.055908583
20241108_220325_801889874,-0.068338715
20241108_220326_552096455,-0.038826846
20241108_220326_803423009,-0.11372807
20241108_220327_051813433,-0.06983598
20241108_220329_042357045,-0.007472774
20241108_220329_292817607,-0.024961492
20241108_220329_541182080,-0.058392785
20241108_220329_791559989,-0.04239198
20241108_220330_290470567,-0.028065404
20241108_220330_542813470,0.1317683
20241108_220330_795056231,0.20055167
20241108_220331_043158203,0.18275468
20241108_220331_297154409,0.026716212
20241108_220331_545854013,-0.06997105
20241108_220331_794328765,-0.07159879
20241108_220332_045940782,-0.019364497
20241108_220333_543321124,-0.0113468375
20241108_220333_799785824,-0.004665574
20241108_220334_299465982,0.007075945
20241108_220335_299175157,0.5675561
20241108_220335_543435901,0.22628014
20241108_220335_800353770,0.1528251
20241108_220336_052507504,0.17724024
20241108_220336_795236584,0.1730191
20241108_220337_042494873,0.058519103
20241108_220337_299383273,0.12626319
20241108_220337_793126147,0.117263116
20241108_220338_540639999,0.130091
20241108_220339_041958299,0.13549833
20241108_220339_292822775,-0.002089342
20241108_220339_539715030,0.055820443
20241108_220339_790958253,0.08416102
20241108_220340_295283780,0.092310764
20241108_220341_539993292,0.09830401
20241108_220342_291781168,0.15049349
20241108_220343_296314786,0.13287525
20241108_220344_541213169,0.13569944
20241108_220345_540112891,0.12667595
20241108_220345_795502084,0.27956167
20241108_220346_046125398,0.450897
20241108_220346_294577125,0.9627938
20241108_220346_542862820,0.7996094
20241108_220346_796331960,0.5942817
20241108_220347_053135462,0.48871478
20241108_220347_302052444,0.62331575
20241108_220347_797189342,0.25079334
20241108_220348_043173451,-0.03767749
20241108_220348_294092565,-0.2591032
20241108_220348_543413241,-0.17905472
20241108_220348_795943797,-0.25899532
20241108_220349_047233181,0.49985376
20241108_220349_297430500,-0.36117497
20241108_220349_542883929,-0.6203601
20241108_220349_795086200,-0.028296959
20241108_220350_043546117,-0.0369308
20241108_220350_293918054,-0.11275437
20241108_220350_541834568,-0.1983505
20241108_220350_792231585,-0.15182073
20241108_220351_543826527,-0.010722658
20241108_220351_794244322,-0.02899923
20241108_220352_041494258,-0.061080478
20241108_220352_296026865,-0.049977563
20241108_220352_543262131,0.037823297
20241108_220353_045214938,0.0042386446
20241108_220353_795988822,-0.0072949734
20241108_220354_297077594,-0.051717065
20241108_220354_542221194,-0.062206946
20241108_220354_791735330,-0.025358638
20241108_220355_293344483,-0.041514657
20241108_220355_543270596,-0.044813477
20241108_220357_292230946,-0.2612407
20241108_220357_540247690,-0.21852453
20241108_220357_790886348,-0.16393156
20241108_220358_039882861,-0.15399899
20241108_220358_548677999,-0.12610973
20241108_220358_796359118,-0.116152845
20241108_220359_048280811,0.024808696
20241108_220359_298933885,0.3041251
20241108_220359_544828848,0.44150624
20241108_220359_796013931,0.1269506
20241108_220400_045072690,0.13590072
20241108_220400_295396280,0.17526262
20241108_220400_544666885,0.15929602
20241108_220400_797678809,0.15480642
20241108_220401_045160657,0.081734575
20241108_220401_298875437,-0.021328827
20241108_220401_547205975,-0.24110512
20241108_220401_796361791,-0.12092536
20241108_220402_051607993,-0.07037296
20241108_220402_306490069,-0.19018815
20241108_220402_551202306,-0.20059665
20241108_220402_801795695,-0.4860245
20241108_220403_045126408,-0.398329
20241108_220403_293772891,-0.35750514
20241108_220403_544700976,-0.31021664
20241108_220403_794826234,-0.2707235
20241108_220404_040266090,-0.2495559
20241108_220404_542548592,-0.26711142
20241108_220404_791296394,-0.27118233
20241108_220405_295122897,-0.13409968
20241108_220405_543252229,-0.13587095
20241108_220405_798984923,0.01716146
20241108_220406_043891622,-0.024199745
20241108_220406_808118989,-0.018779894
20241108_220407_796315278,-0.03629198
20241108_220410_792057251,-0.07317426
20241108_220412_042284751,-0.13376136
20241108_220412_291895293,-0.10573395
20241108_220412_539319402,0.07010068
20241108_220414_542629981,-0.25795063
20241108_220415_038739437,-0.35484383
20241108_220415_541186203,-0.24507733
20241108_220416_294357894,-0.21431501
20241108_220416_541462248,-0.26018998
20241108_220416_792628645,-0.94247204
20241108_220417_042342036,-0.76129
20241108_220417_549858489,-0.28193074
20241108_220418_300252800,-0.30500817
20241108_220418_544893617,-0.06351744
20241108_220418_795148210,-0.016509097
20241108_220419_041034771,-0.050568663
20241108_220419_293733202,0.10081396
20241108_220420_291914233,0.04373101
20241108_220420_539940384,0.027107934
20241108_220420_792738395,0.03058968
20241108_220421_793004084,0.030816415
20241108_220422_043279717,-0.05839338
20241108_220422_792902054,-0.5748011
20241108_220423_042327298,-0.7321489
20241108_220423_293053839,-1.258114
20241108_220423_541483284,-1.1158868
20241108_220423_793114796,-1.1403431
20241108_220424_043285215,0.6082291
20241108_220424_298442726,0.050663985
20241108_220424_548926354,-0.005595764
20241108_220424_798483530,0.14924984
20241108_220425_041813899,0.13652669
20241108_220425_296462359,0.2455918
20241108_220425_545435965,0.25728554
20241108_220425_794669115,0.26365635
20241108_220426_041990168,-0.16784175
20241108_220426_295065789,-0.12908773
20241108_220426_541858509,-0.0448943
20241108_220426_795141104,0.012583056
20241108_220427_293926956,-0.0004892554
20241108_220427_542467192,0.1439114
20241108_220427_797285530,0.18160264
20241108_220428_041938222,0.141571
20241108_220428_542732605,0.061999418
20241108_220428_791854934,0.16948073
20241108_220429_038730687,0.11296312
20241108_220429_290768494,0.09240643
20241108_220429_541876141,0.08298961
20241108_220429_791322245,0.07414494
20241108_220430_040286411,0.06857506
20241108_220430_290445658,0.06860886
20241108_220430_538767515,0.060844876
20241108_220430_791971038,0.06690649
20241108_220431_044379116,0.17572822
20241108_220431_300313639,0.14663975
20241108_220431_546686783,0.16061221
20241108_220431_798540107,0.12846167
20241108_220432_044041772,0.2343751
20241108_220432_293808456,0.17921679
20241108_220432_542104799,0.17061685
20241108_220432_794825202,0.14723487
20241108_220433_045686884,-0.11684569
20241108_220433_297434748,-0.10960331
20241108_220433_546854117,0.18306312
20241108_220433_800214885,0.09106413
20241108_220434_045204326,0.21012865
20241108_220434_295909573,0.06520913
20241108_220434_544973439,0.10717449
20241108_220434_799086408,-0.06020441
20241108_220435_048307468,-0.10941901
20241108_220435_794682328,-0.05083897
20241108_220436_041199063,0.027742425
20241108_220436_795064871,0.054464556
20241108_220437_043100757,0.17475437
20241108_220437_292325414,0.22339784
20241108_220437_791354198,0.13926493
20241108_220438_290416776,0.13085048
20241108_220438_540981864,0.13132243
20241108_220439_800273530,0.112357594
20241108_220440_045493284,0.11373184
20241108_220440_542445447,0.09219251
20241108_220440_794860369,0.110886194
20241108_220441_043171363,0.100144245
20241108_220441_299096911,0.024204234
20241108_220443_543168991,-0.092721544
20241108_220443_795067648,-0.05414518
20241108_220446_296125662,-0.0633639
20241108_220446_549933931,-0.12160643
20241108_220447_048827372,-0.039549015
20241108_220448_052898900,-0.13990669
20241108_220448_302852507,-0.02771165
20241108_220448_546600771,0.31946284
20241108_220448_795077588,0.2864236
20241108_220450_290291251,0.22701399
20241108_220450_539657688,0.38724586
20241108_220450_794282763,0.30567652
20241108_220451_794350442,0.31011203
20241108_220453_296434392,0.2677922
20241108_220453_543084775,0.1836559
20241108_220454_794724979,0.19285457
20241108_220455_041217958,0.18959732
20241108_220456_039583742,0.3753489
20241108_220456_296160799,0.86028636
20241108_220456_545369615,0.7914441
20241108_220456_794167408,0.5191503
20241108_220457_040894051,0.17520069
20241108_220457_296381989,-0.09170913
20241108_220457_541715163,-0.18298472
20241108_220457_797328348,-0.57382363
20241108_220458_299607890,-0.12746246
20241108_220458_542406535,0.24161391
20241108_220458_796374349,0.100174226
20241108_220459_043530617,0.008469561
20241108_220459_296739670,-0.033127867
20241108_220459_797302539,-0.0076434817
20241108_220500_305072209,-0.16578604
20241108_220500_795406637,-0.21064745
20241108_220501_044327892,-0.115527354
20241108_220501_299617233,0.04849998
20241108_220501_795488344,0.01507012
20241108_220502_040202881,0.0818781
20241108_220502_292735009,0.17985664
20241108_220502_791079410,0.08786706
20241108_220503_041553510,0.20857792
20241108_220503_292459556,0.1849929
20241108_220503_540131906,0.14985223
20241108_220503_790065270,0.37673798
20241108_220504_042702220,0.67367333
20241108_220504_293552579,0.49504837
20241108_220504_542592825,0.41467813
20241108_220504_799423386,0.6717487
20241108_220505_292763551,0.17356531
20241108_220505_543217940,0.0051301513
20241108_220505_792287352,0.047463514
20241108_220506_041783327,0.17751218
20241108_220506_294355705,0.31377247
20241108_220506_542256190,0.47893688
20241108_220507_040622985,0.2518518
20241108_220507_794384169,0.25736782
20241108_220509_294394648,0.26255006
20241108_220509_548700373,-0.105034254
20241108_220509_800464259,-0.18212794
20241108_220510_048969028,-0.31885695
20241108_220510_300198953,-0.41632187
20241108_220510_548859323,-0.17878364
20241108_220510_803245395,0.027055675
20241108_220511_048222547,-0.21967475
20241108_220512_542210252,-0.18613581
20241108_220512_795813084,-0.25180188
20241108_220513_041132341,-0.296286
20241108_220513_292523597,-0.36933938
20241108_220513_541310836,-0.3662465
20241108_220514_791561513,-0.31571352
20241108_220515_042290648,-0.43115672
20241108_220515_297940329,-0.33983794
20241108_220515_539352953,-0.40115073
20241108_220516_542767463,-0.32368907
20241108_220516_793888633,-0.23712333
20241108_220517_043156176,-0.10200577
20241108_220517_293359733,-0.2690793
20241108_220517_538561745,-0.48632553
20241108_220517_791631158,-0.15444387
20241108_220518_043462209,-0.037595425
20241108_220518_297627672,-0.41022542
20241108_220518_546293753,-0.48776963
20241108_220518_795820391,-0.25006166
20241108_220519_292261032,-0.058332495
20241108_220519_545653937,0.022367401
20241108_220519_791445206,0.116305105
20241108_220520_041868465,0.025216619
20241108_220520_292372552,0.23316298
20241108_220520_541204382,0.584205
20241108_220520_794616015,0.25177202
20241108_220521_042468838,0.08169362
20241108_220521_296051575,0.071369745
20241108_220521_793904697,-0.069146655
20241108_220522_539336189,-0.0034798589
20241108_220522_789648946,-0.028543552
20241108_220523_040334848,-0.18065389
20241108_220523_290628821,-0.2044835
20241108_220523_538741884,-0.16589232
20241108_220524_538542573,0.02043585
20241108_220524_794453247,-0.16288556
20241108_220525_042470995,-0.27774346
20241108_220525_293639690,-0.17633219
20241108_220525_540045303,-0.2592496
20241108_220525_791406228,-0.3332467
20241108_220526_039944139,-0.05774802
20241108_220526_290659164,-0.107773684
20241108_220526_539966219,-0.025158009
20241108_220526_793804998,0.07461814
20241108_220527_046254135,0.20143577
20241108_220527_301615077,0.37188503
20241108_220527_551094851,0.049780466
20241108_220527_804884144,-0.16390069
20241108_220528_048910384,-0.1573983
20241108_220528_296676266,-0.18115307
20241108_220528_543810824,-0.09309789
20241108_220528_794315846,-0.0075041857
20241108_220530_042226509,-0.0240468
20241108_220531_294827428,-0.13201682
20241108_220535_303070942,0.07836638
20241108_220535_550022077,0.031871
20241108_220535_804716551,-0.12289163
20241108_220536_053089908,-0.17941938
20241108_220538_541363884,-0.10287579
20241108_220540_792188513,-0.06752952
20241108_220541_292279750,-0.05176147
20241108_220543_802030608,-0.054215692
20241108_220544_047115584,0.044081666
20241108_220544_297260777,0.23074691
20241108_220544_543969741,0.42427114
20241108_220544_792740394,0.06116966
20241108_220545_042006467,-0.1906073
20241108_220545_293416403,-0.4026754
20241108_220545_543102595,-0.46121913
20241108_220545_794417729,-0.2987115
20241108_220546_043000241,-0.27434918
20241108_220547_042578348,-0.41691205
20241108_220547_299115808,-0.2767824
20241108_220547_549290142,-0.19330032
20241108_220547_799415625,0.045816667
20241108_220548_045573389,0.09691107
20241108_220548_294025152,1.2085209
20241108_220548_543734592,0.86544406
20241108_220548_795171385,0.23919998
20241108_220549_052299117,0.25237545
20241108_220549_301336786,-0.046484537
20241108_220549_548409618,0.6101512
20241108_220549_791912118,0.12668829
20241108_220550_039144620,-0.006815573
20241108_220550_291956037,-0.10427948
20241108_220550_540768146,0.11185918
20241108_220550_792899492,0.39374164
20241108_220551_046575357,0.6333767
20241108_220551_295739332,1.2383535
20241108_220551_547543279,0.74589217
20241108_220551_795410617,0.99755067
20241108_220552_042032615,0.7744621
20241108_220552_291374515,0.54564095
20241108_220553_542065789,0.5732969
20241108_220553_800101735,0.5565526
20241108_220554_054465339,0.2608033
20241108_220554_298611326,0.009025106
20241108_220554_546103700,0.04347492
20241108_220554_801951500,0.10465822
20241108_220555_302497901,0.10208697
20241108_220555_547749317,-0.13615634
20241108_220556_299057432,0.010122756
20241108_220556_544671210,-0.0061746445
20241108_220556_794564065,-0.038274847
20241108_220557_043103748,0.050116993
20241108_220557_296215297,0.18987794
20241108_220557_796950876,-0.8845824
20241108_220558_043658525,0.58349335
20241108_220558_295991516,0.8819422
20241108_220558_545866031,0.6942176
20241108_220558_795101243,0.57505757
20241108_220559_044435479,0.5486947
20241108_220559_790730492,0.7305545
20241108_220600_039319638,0.6072935
20241108_220600_795293830,0.49401912
20241108_220601_043067982,0.19582619
20241108_220601_293148501,0.09944872
20241108_220601_541751711,0.18556403
20241108_220601_792867660,0.1991883
20241108_220602_040667653,0.23988007
20241108_220602_291757918,0.24361314
20241108_220602_542081098,0.25403377
20241108_220602_797563543,0.06446377
20241108_220603_048612051,-0.05774259
20241108_220603_294989935,-0.102439724
20241108_220603_544692739,-0.012344321
20241108_220603_791513206,0.066471614
20241108_220604_045272969,0.10354064
20241108_220604_298221577,0.570433
20241108_220604_551521393,1.6901299
20241108_220604_809867677,-0.1859069
20241108_220605_054853285,-0.14725117
20241108_220605_304706956,-0.19535245
20241108_220605_555663646,0.07895214
20241108_220605_801927808,-0.0006383676
20241108_220606_048519326,0.048189975
20241108_220606_303520886,-0.040774606
20241108_220606_552065879,-0.030831357
20241108_220606_802047769,-0.069290064
20241108_220607_055301484,-0.3490994
20241108_220607_547191797,-0.24152614
20241108_220607_794920842,-0.3819594
20241108_220608_292337711,-0.27436498
20241108_220608_544353208,-0.4505717
20241108_220608_792588461,-1.5557885
20241108_220609_041608776,-0.079448365
20241108_220609_291843739,-0.017225098
20241108_220609_538871788,0.111863144
20241108_220609_792790863,0.07518943
20241108_220610_041778089,0.08490639
20241108_220610_293308913,-0.48787665
20241108_220610_545079012,-0.15948337
20241108_220610_797221891,-0.01878585
20241108_220611_299965675,-0.10133923
20241108_220611_800796348,-0.22187264
20241108_220612_047609920,-0.45134917
20241108_220612_297188716,-0.24510266
20241108_220612_544187570,-0.17392847
20241108_220612_793399268,-0.20162459
20241108_220613_543127743,-0.2116989
20241108_220613_795505881,-0.12208887
20241108_220614_042599732,-0.11466249
20241108_220614_292635132,-0.27717236
20241108_220614_541078805,-0.17465825
20241108_220614_791428565,0.35265657
20241108_220615_038832635,0.62840974
20241108_220615_290477842,0.06651732
20241108_220615_538470663,-0.16501133
20241108_220615_789611466,-0.31879786
20241108_220616_039339391,-0.15501328
20241108_220616_291877986,-0.13805802
20241108_220616_543518886,-0.092805944
20241108_220616_791551226,-0.008542439
20241108_220617_037915212,0.105719544
20241108_220617_288363965,0.013977686
20241108_220618_287707896,-0.018019518
20241108_220619_040399309,-0.11327865
20241108_220619_289100789,-0.093265854
20241108_220619_535921861,-0.0015314426
20241108_220620_039280171,0.009512166
20241108_220620_288938938,-0.020667812
20241108_220620_540738106,-0.17208256
20241108_220620_789986282,-0.11002841
20241108_220621_288761749,-0.5006395
20241108_220621_538033907,-0.34311518
20241108_220622_037509392,-0.2518745
20241108_220622_287877642,-0.21088897
20241108_220622_537142539,-0.2568399
20241108_220623_294221960,-0.21098734
20241108_220623_542031858,-0.059325084
20241108_220624_037566894,-0.07265546
20241108_220624_288405072,-0.034444414
20241108_220624_537009435,-0.067396425
20241108_220624_788786274,-0.09734561
20241108_220625_789363435,0.049520075
20241108_220626_295090840,-0.018881818
20241108_220626_543087768,-0.0417678
20241108_220627_290859842,-0.047566973
20241108_220628_040893157,-0.021830162
20241108_220628_292579512,0.27237532
20241108_220628_544556059,0.19984041
20241108_220628_799249433,0.0009932909
20241108_220629_048959449,0.10522703
20241108_220630_037570756,0.091283835
20241108_220630_291003434,0.08072642
20241108_220630_538985277,0.06853519
20241108_220630_791311668,0.19943309
20241108_220631_291350721,0.16112928
20241108_220631_791748191,0.13813566
20241108_220633_040570183,-0.09264704
20241108_220633_295734750,-0.21778838
20241108_220633_542650008,-0.47979861
20241108_220633_803049642,-0.33001077
20241108_220634_051296866,-0.84017193
20241108_220634_303896998,-0.048296414
20241108_220634_554154251,0.27452198
20241108_220634_810635712,1.2800866
20241108_220635_050354091,0.335146
20241108_220635_303013812,0.51636904
20241108_220635_548143349,0.43746492
20241108_220635_794585477,0.30691075
20241108_220636_043307815,0.27417484
20241108_220636_296934205,0.9116455
20241108_220636_545802957,0.50358176
20241108_220637_293643476,0.41766337
20241108_220638_545767836,0.3157654
20241108_220638_805948619,0.030134717
20241108_220639_054042923,0.008191654
20241108_220639_297675901,0.0329471
20241108_220639_543106761,-0.15243246
20241108_220639_801637826,-0.06724074
20241108_220640_047481523,-0.072354965
20241108_220640_298417240,-0.05289998
20241108_220640_541346718,-0.3529326
20241108_220640_793575058,-0.32019332
20241108_220641_041716246,-0.27219716
20241108_220641_292153168,-0.27685818
20241108_220641_541819130,-0.22464879
20241108_220642_044048400,-0.16758437
20241108_220642_292616953,-0.110155486
20241108_220642_538326284,-0.027698955
20241108_220642_789371551,-0.09209224
20241108_220643_041959253,0.016587773
20241108_220643_294764289,0.2167208
20241108_220643_539595214,0.53599215
20241108_220643_795466799,0.48294637
20241108_220644_045720722,0.22208585
20241108_220644_291826219,0.30089748
20241108_220644_792752739,0.15268557
20241108_220645_038753702,0.17650042
20241108_220645_289443481,0.24611647
20241108_220645_789070149,0.118279494
20241108_220646_038182483,-0.031200608
20241108_220646_290893960,-0.11436506
20241108_220646_539042362,-0.14338212
20241108_220646_793444683,-0.30324328
20241108_220647_041581947,-0.2533407
20241108_220647_794170446,-0.17640887
20241108_220648_043050535,-0.17067416
20241108_220648_542685368,-0.33327577
20241108_220648_792239426,-0.37421384
20241108_220649_538260939,-0.35134873
20241108_220649_792980022,-0.09192767
20241108_220650_039260168,0.11746398
20241108_220650_290748040,0.015140871
20241108_220650_541562887,0.13924055
20241108_220650_792077157,0.28189394
20241108_220651_037301563,0.66527355
20241108_220651_288754593,0.33883232
20241108_220651_537534462,0.5061181
20241108_220651_791766511,0.38144293
20241108_220652_037622540,0.36115557
20241108_220652_290746938,0.53764766
20241108_220652_790341664,0.34483388
20241108_220653_043357010,0.17459373
20241108_220653_289559914,0.119109966
20241108_220653_537983682,0.1780905
20241108_220653_792318477,0.19678219
20241108_220654_043222168,0.19042648
20241108_220654_294927832,0.17451833
20241108_220654_540974560,-0.6868118
20241108_220654_792911692,-0.23378874
20241108_220655_041376969,0.25780043
20241108_220655_291961036,0.73899317
20241108_220655_542844306,0.14915876
20241108_220655_790724107,0.18057339
20241108_220656_039684571,0.1285892
20241108_220656_291581662,-0.97295314
20241108_220656_541465327,0.1683864
20241108_220656_790494519,-0.04300543
20241108_220657_041521590,-0.16106166
20241108_220657_302536479,-0.07828196
20241108_220657_545509767,-0.03460475
20241108_220657_791685084,-1.9469445
20241108_220658_044214854,-0.79417557
20241108_220658_291506118,-0.45101735
20241108_220658_538611387,0.3648266
20241108_220658_790608163,0.46535516
20241108_220659_039420258,0.21787363
20241108_220659_290978115,0.0969793
20241108_220659_540696625,0.0065870676
20241108_220659_795163232,0.027747968
20241108_220700_042438744,0.15938579
20241108_220700_292386207,-0.009734711
20241108_220700_548462951,-0.20966215
20241108_220700_806636548,0.11980591
20241108_220701_051251724,-0.10670378
20241108_220701_301802712,-0.030467352
20241108_220701_543015179,0.17310803
20241108_220701_793715065,-0.9007316
20241108_220702_045096382,-0.25932488
20241108_220702_302248208,0.009038063
20241108_220702_544853015,-0.17071201
20241108_220702_795662835,0.19036557
20241108_220703_048301348,0.35856572
20241108_220703_302002383,0.26645035
20241108_220703_553099908,0.11523529
20241108_220704_299530369,0.15187217
20241108_220704_545583175,0.31714907
20241108_220704_798411732,0.16628127
20241108_220705_043029516,0.09116093
20241108_220705_294450496,0.09260628
20241108_220705_541075609,-0.030515453
20241108_220705_791305130,-0.084394716
20241108_220706_041413389,-0.31685263
20241108_220706_289858103,-0.35476157
20241108_220706_537558467,-0.13944317
20241108_220706_789506720,-0.14230348
20241108_220707_292970734,-0.11105057
20241108_220707_546508779,-0.26406023
20241108_220707_797609716,-0.3544324
20241108_220708_043965895,-0.31455883
20241108_220708_294465323,-0.29136163
20241108_220708_541111125,-0.26511255
20241108_220710_537327343,-0.19291301
20241108_220710_788232410,-0.35221162
20241108_220711_039473627,-0.48479196
20241108_220711_288789129,-0.47615907
20241108_220711_790988484,-0.3255259
20241108_220712_037456385,-0.2505837
20241108_220712_289403494,-0.12750341
20241108_220712_540182909,-0.19017594
20241108_220712_794688475,-0.30335388
20241108_220713_043272688,-0.23813625
20241108_220713_290428478,-0.24367128
20241108_220713_538143501,-0.30024186
20241108_220713_790067553,-0.27958244
20241108_220714_539760878,-0.22614767
20241108_220714_788027803,-0.00448223
20241108_220715_038653215,-0.03501328
20241108_220715_289221551,-0.10720911
20241108_220715_538296250,-0.30549243
20241108_220716_292764348,-0.22886209
20241108_220716_540453882,0.0060306806
20241108_220716_789161386,-0.3001232
20241108_220717_539027731,-0.18779899
20241108_220717_790709357,-0.1649961
20241108_220718_045873891,-0.18857326
20241108_220718_295495670,-0.030453054
20241108_220718_548103269,-0.04316958
20241108_220718_795025273,-0.09290286
20241108_220719_041276465,-0.13590111
20241108_220719_540357170,-0.11439475
20241108_220719_792966711,-0.340337
20241108_220720_041800586,-0.21291126
20241108_220720_791037748,-0.16456605
20241108_220721_038612214,-0.12996657
20241108_220721_287755565,-0.05547359
20241108_220721_538612180,-0.046895526
20241108_220721_788308472,0.04094203
20241108_220722_038127524,-0.008787712
20241108_220723_286988372,-0.006932756
20241108_220723_537503562,0.19248255
20241108_220723_786112292,0.3172995
20241108_220724_036591144,0.34345406
20241108_220724_535528025,-0.053757094
20241108_220724_786874197,-0.26569772
20241108_220725_035992586,-0.5201049
20241108_220725_287051161,-0.3721402
20241108_220727_292519991,-0.37077636
20241108_220727_538982752,-0.28209925
20241108_220727_794022179,-0.31215775
20241108_220728_039770950,-1.1178392
20241108_220728_287738374,-0.7061153
20241108_220728_536327541,-0.46308133
20241108_220728_790163541,-0.5580598
20241108_220729_038744173,-0.44522655
20241108_220729_790096717,-0.42919308
20241108_220730_036698826,-0.13836953
20241108_220731_047838115,-0.079737976
20241108_220731_297336340,0.0113695245
20241108_220731_544356660,-0.021874508
20241108_220731_793738447,-0.24742563
20241108_220732_039968296,-0.31966436
20241108_220732_291399244,-0.28214648
20241108_220733_542726027,-0.09290012
20241108_220735_040777853,-0.10321578
20241108_220735_291392494,0.27489853
20241108_220735_538663620,0.50483507
20241108_220735_792940254,0.26030296
20241108_220736_048682285,0.17518803
20241108_220736_305108447,0.1095416
20241108_220736_543292226,0.14646082
20241108_220736_798612827,0.21007387
20241108_220737_045224296,0.17637019
20241108_220737_289986289,0.18324535
20241108_220738_788064502,0.16156386
20241108_220739_290162011,0.15560465
20241108_220739_536959700,0.13840692
20241108_220739_790155588,0.12178413
20241108_220740_036595732,0.056349255
20241108_220740_287006039,0.057784416
20241108_220741_041322148,0.5073871
20241108_220741_291641450,0.28647092
20241108_220741_540032670,0.23688398
20241108_220742_539834040,0.42292285
20241108_220742_788485960,0.29029185
20241108_220743_037041418,1.2883165
20241108_220743_291039480,-0.04767544
20241108_220743_543696288,-0.25909075
20241108_220743_789951853,-0.17880477
20241108_220744_041011548,-0.26021555
20241108_220744_290455068,-0.2914939
20241108_220744_545621167,0.018355934
20241108_220744_798934986,-0.022527536
20241108_220745_047101977,-0.14033513
20241108_220745_542314421,-0.1196036
20241108_220745_793085042,-0.10672488
20241108_220746_039003908,-0.09708717
20241108_220746_291096931,-0.34642053
20241108_220746_541414686,-0.25404912
20241108_220746_805400855,-0.31965083
20241108_220747_044189239,-0.69407344
20241108_220747_292282279,-0.87997204
20241108_220748_043104986,-0.518413
20241108_220748_292527919,-0.48028
20241108_220748_541269904,-0.46161923
20241108_220748_793594264,-0.44480476
20241108_220749_790446902,-0.57432956
20241108_220750_040041234,-0.5051918
20241108_220750_292370043,-0.281843
20241108_220750_540143453,-0.3457221
20241108_220751_289481441,-0.35027146
20241108_220752_541345567,-0.36035332
20241108_220752_791814932,-0.6499364
20241108_220753_038157906,-1.266336
20241108_220753_289436103,0.5679968
20241108_220753_542759645,-0.064471744
20241108_220753_796015251,-0.7707778
20241108_220754_043627089,-0.50549436
20241108_220754_290396834,-0.51271474
20241108_220755_040808859,-0.97910696
20241108_220755_294625583,-0.7715842
20241108_220756_291739025,-0.90384483
20241108_220756_544749256,-0.52264076
20241108_220756_793842560,-0.09142145
20241108_220757_037589598,0.47570953
20241108_220757_288502489,0.026544848
20241108_220757_537507346,0.11165873
20241108_220757_790125759,0.1988437
20241108_220758_039861865,0.19458948
20241108_220758_288904897,0.30669424
20241108_220758_539385447,0.2603754
20241108_220759_286544732,0.2645892
20241108_220759_538286823,-0.04428368
20241108_220759_788307842,0.024373272
20241108_220800_038081466,0.084997274
20241108_220800_291096513,0.31396273
20241108_220800_537387310,0.45762742
20241108_220800_790702777,0.17336747
20241108_220801_042195785,-0.49756807
20241108_220801_292681930,-0.40132397
20241108_220801_545862449,-0.43613374
20241108_220803_039744496,-0.21816064
20241108_220803_289309352,-0.26020268
20241108_220803_539370566,0.90626794
20241108_220803_791720707,0.9639594
20241108_220804_039492960,0.083491184
20241108_220804_288554780,0.15897934
20241108_220805_794926119,0.17778622
20241108_220806_045302004,0.10312719
20241108_220806_300333992,0.11862717
20241108_220806_551820357,0.04064671
20241108_220806_798809145,0.0033194218
20241108_220807_041839957,0.050583936
20241108_220808_291914676,0.060860075
20241108_220808_540872869,0.15984137
20241108_220808_791629918,0.15057646
20241108_220809_039522879,0.2129936
20241108_220809_288175557,0.21992575
20241108_220809_787753845,0.1758477
20241108_220810_039074014,0.2695072
20241108_220810_288401579,0.20397024
20241108_220810_787957320,0.15702309
20241108_220811_035941064,0.14132448
20241108_220811_287311191,0.09940074
20241108_220811_535026384,0.08913288
20241108_220812_036461529,0.091288455
20241108_220812_286633973,0.08444632
20241108_220813_536881295,0.08470721
20241108_220813_787438354,0.06349487
20241108_220814_537720007,0.058354653
20241108_220817_793804499,0.06286854
20241108_220818_792344890,0.1703925
20241108_220819_290776488,-0.011304488
20241108_220820_289109890,0.014357874
20241108_220820_538985731,0.019027153
20241108_220821_286874122,-0.27523267
20241108_220821_538673555,-0.24166198
20241108_220821_787921265,-0.14879937
20241108_220822_038579929,0.0032409225
20241108_220824_043275686,-0.04422041
20241108_220824_292859219,-0.058612697
20241108_220825_037066052,-0.017791172
20241108_220826_034871997,-0.054249607
20241108_220826_794108293,-0.072288655
20241108_220827_536750938,-0.078193985
20241108_220827_789912078,-0.08082237
20241108_220828_290127610,-0.009700736
20241108_220828_541665961,-0.09788772
20241108_220828_790865698,-0.009171983
20241108_220829_042281904,-0.009102901
20241108_220829_292338531,0.12902342
20241108_220829_538447447,-0.055111848
20241108_220829_788245875,-0.023505023
20241108_220830_540985686,-0.032149903
20241108_220831_045527125,0.043682642
20241108_220831_293226152,-0.063030176
20241108_220831_793707783,-0.0572119
20241108_220832_290074251,-0.05994203
20241108_220833_288891042,-0.008792421
20241108_220834_786530733,0.015546659
20241108_220835_035799023,0.035472848
20241108_220836_786004450,0.016204039
20241108_220837_036099983,0.055244602
20241108_220837_288098274,0.073154725
20241108_220837_536754162,0.08880047
20241108_220837_786361730,0.06122438
20241108_220838_286171924,0.24607714
20241108_220838_535707682,0.4271534
20241108_220838_787334534,1.0184199
20241108_220839_035843290,2.5998926
20241108_220839_287419683,0.3832566
20241108_220839_536878473,0.11372433
20241108_220839_788256000,0.40176737
20241108_220840_038591922,0.30388254
20241108_220840_290477855,0.33323523
20241108_220840_540054010,-0.0050676074
20241108_220840_792987774,0.2582586
20241108_220841_040414535,0.25311413
20241108_220841_789707066,0.29757723
20241108_220842_037854615,0.2326762
20241108_220842_287619188,-0.2069606
20241108_220842_537308496,-0.13217963
20241108_220842_786967204,-0.22086777
20241108_220843_536717058,-0.18992324
20241108_220843_787662493,-0.09786453
20241108_220844_035989020,-0.12291583
20241108_220844_288169350,-0.2206905
20241108_220844_786222447,-0.16992427
20241108_220845_286687871,-0.16095568
20241108_220845_537942916,-0.08324021
20241108_220845_790840739,0.15829393
20241108_220846_038301192,0.046474732
20241108_220846_290432588,0.060364522
20241108_220846_538355820,0.015524009
20241108_220846_792209778,0.23671736
20241108_220847_043937352,0.49103794
20241108_220847_309207026,0.6040721
20241108_220847_546960306,0.35935584
20241108_220847_798986015,0.35450256
20241108_220848_788143852,0.32196233
20241108_220849_036175867,0.27266988
20241108_220849_286360377,0.29092863
20241108_220849_536812423,0.27543578
20241108_220849_786363101,0.052907266
20241108_220850_039660536,0.08886615
20241108_220851_037043233,0.115969814
20241108_220853_033132530,0.09726653
20241108_220854_293308487,0.16470222
20241108_220854_541098287,0.13418828
20241108_220855_539574664,0.12868266
20241108_220855_792933690,-0.34032112
20241108_220856_041297931,-0.4147107
20241108_220856_289251116,-0.34284517
20241108_220856_537072202,-0.14681776
20241108_220856_792723214,-0.25422585
20241108_220857_037619839,-0.19310473
20241108_220857_537623459,-0.12316247
20241108_220857_789530835,-0.07060786
20241108_220858_038385995,-0.10703989
20241108_220858_537851800,-0.15553816
20241108_220858_788556100,-0.07651051
20241108_220859_537470350,-0.07429918
20241108_220900_037696812,-0.10065027
20241108_220900_539806924,-0.029913148
20241108_220900_791850715,-0.122572206
20241108_220901_046259157,-0.6024424
20241108_220901_296283368,-0.18069534
20241108_220901_549574724,-0.2153108
20241108_220902_045849960,-0.24063526
20241108_220902_290874176,-0.15839304
20241108_220902_539050639,-0.13938849
20241108_220902_791426621,-0.12326696
20241108_220903_043591039,0.0052612815
20241108_220903_291108246,-0.034634255
20241108_220904_037099494,-0.11230119
20241108_220904_292105871,-0.15481125
20241108_220904_540890808,-0.11837562
20241108_220904_791579947,0.11029614
20241108_220905_039674535,0.10420755
20241108_220905_287779357,0.31890965
20241108_220905_537278905,0.44029582
20241108_220905_791668466,0.56882536
20241108_220906_040839966,0.2884094
20241108_220906_290206441,0.56171125
20241108_220906_538745227,0.25908676
20241108_220906_788442764,0.057817616
20241108_220907_037863433,0.11581246
20241108_220907_289823978,0.11268035
20241108_220907_540208529,0.10898844
20241108_220908_040831494,0.12999727
20241108_220908_287845641,0.1322724
20241108_220908_544780545,0.101280786
20241108_220908_791406107,0.12886684
20241108_220909_042430653,0.11123637
20241108_220909_295069392,0.093173005
20241108_220909_541168021,0.15976359
20241108_220909_793384115,0.07470504
20241108_220910_045730173,-0.09063467
20241108_220910_298089117,0.19538276
20241108_220910_546310465,0.09823362
20241108_220911_543738078,-0.05646374
20241108_220911_794301140,-0.3144683
20241108_220912_039987179,-0.15217702
20241108_220912_294662440,-0.14900471
20241108_220912_538349782,-0.1159453
20241108_220912_794780811,-0.109034084
20241108_220913_038597933,-0.28036264
20241108_220913_293221323,-0.33771357
20241108_220913_540259017,-0.19766487
20241108_220913_793240792,-0.12133565
20241108_220914_040598405,-0.10872873
20241108_220914_290834033,-0.101265036
20241108_220914_538802924,-0.10871699
20241108_220914_791039091,-0.138828
20241108_220915_042759100,-0.06781467
20241108_220915_292911878,-0.20266007
20241108_220915_540197655,-0.5165597
20241108_220915_790563822,0.09117711
20241108_220916_036376308,0.21540563
20241108_220916_288870645,1.5729781
20241108_220916_537931017,-0.785969
20241108_220916_788816736,0.71869886
20241108_220917_038252363,0.29429248
20241108_220917_290547019,0.7238217
20241108_220917_536880931,0.17462195
20241108_220917_786242079,0.48192874
20241108_220918_035796353,0.82755226
20241108_220918_290983566,0.62556326
20241108_220918_539477103,0.087472804
20241108_220918_794113365,0.049792297
20241108_220919_039009244,-0.032330535
20241108_220919_296458572,-0.16205077
20241108_220919_542824815,-0.2734213
20241108_220919_795012705,-0.415178
20241108_220920_037947503,-0.3400612
20241108_220920_540201330,-0.14190473
20241108_220920_787658596,-0.1836256
20241108_220921_035332748,-0.29062
20241108_220921_785871700,-0.22001971
20241108_220922_039588795,-0.1773219
20241108_220922_536213450,-0.22363551
20241108_220923_290600974,-0.34529957
20241108_220923_537876307,-0.12348839
20241108_220923_789100846,0.09210202
20241108_220924_042859574,0.3981661
20241108_220924_293496971,0.23894902
20241108_220924_537944191,0.14652978
20241108_220924_791640302,-0.0572839
20241108_220925_039596632,-0.13339509
20241108_220925_289063376,-0.2902755
20241108_220925_535838064,-0.17052464
20241108_220925_794533968,-0.123624556
20241108_220926_047469158,-0.13188507
20241108_220926_293593758,-0.090165876
20241108_220926_538702492,-0.108242236
20241108_220926_794532155,-0.067389034
20241108_220927_289789990,-0.19110022
20241108_220927_537471550,-0.13895382
20241108_220927_792386839,0.36118275
20241108_220928_042531848,-0.5055949
20241108_220928_293307977,-0.17072846
20241108_220928_544787817,-0.03084906
20241108_220928_797231084,-0.08525809
20241108_220929_041300062,-0.14078833
20241108_220929_290448184,-0.09821244
20241108_220929_539709698,-0.12545921
20241108_220929_787975723,-0.061765336
20241108_220930_035782453,-0.10419058
20241108_220930_286505346,-0.083111815
20241108_220930_538108343,-0.1086319
20241108_220930_786829725,-0.2378513
20241108_220931_285846056,-0.18559574
20241108_220931_534064502,-0.15081106
20241108_220931_786025420,-0.17548771
20241108_220932_035138123,-0.17000638
20241108_220932_288000617,-0.2291462
20241108_220932_534696102,-0.18073349
20241108_220932_788090966,-0.16485058
20241108_220933_284904269,-0.15188126
20241108_220933_534147286,-0.12202316
20241108_220933_787077802,-0.07479205
20241108_220934_035263776,-0.07520383
20241108_220934_285506239,-0.085275136
20241108_220934_533951964,-0.08483299
20241108_220937_286348246,-0.06193804
20241108_220937_785901607,0.022698471
20241108_220938_036993679,-0.024677059
20241108_220938_286622899,-0.12889485
20241108_220938_787435668,-0.06339448
20241108_220939_035053864,-0.048966043
20241108_220939_535860018,-0.03570371
20241108_220939_787793038,-0.040459476
20241108_220940_036653074,-0.073309235
20241108_220940_285966335,-0.09708034
20241108_220940_535262161,-0.04330077
20241108_220940_785701965,-0.04935851
20241108_220941_287481718,-0.053572915
20241108_220941_536338499,-0.03282591
20241108_220942_038550452,-0.055229686
20241108_220942_289387061,0.061075665
20241108_220942_536064552,0.043897875
20241108_220942_788642571,0.0053482447
20241108_220943_036343453,0.036163278
20241108_220943_535561200,0.04844863
20241108_220944_285438965,0.035676397
20241108_220944_536425988,0.05703471
20241108_220944_790896410,0.032353915
20241108_220945_040414410,0.06295643
20241108_220945_289855172,0.3883684
20241108_220945_538228465,0.6885081
20241108_220945_787454807,0.15803449
20241108_220946_038502897,-0.09902867
20241108_220946_290742033,0.018363575
20241108_220946_539656480,0.09035198
20241108_220947_035035579,0.08255754
20241108_220947_289326594,0.27601013
20241108_220947_537057734,0.19142024
20241108_220947_790906676,0.24774827
20241108_220948_036906530,0.1932088
20241108_220948_285189150,0.21705507
20241108_220948_536871811,0.17916672
20241108_220948_787367708,0.20058577
20241108_220949_036597467,0.35190034
20241108_220949_290001070,0.35411605
20241108_220949_540387313,0.90309805
20241108_220949_790850580,0.4916679
20241108_220950_287030914,0.6776188
20241108_220950_533408738,0.7058437
20241108_220950_786959735,0.6453607
20241108_220951_040320661,0.5687964
20241108_220952_035376440,0.7139849
20241108_220952_286686346,-0.25289953
20241108_220952_535955422,-0.0014463123
20241108_220952_790498901,-0.16448021
20241108_220953_038316920,-0.16317837
20241108_220953_286291677,-0.07938313
20241108_220953_534361825,-0.06417131
20241108_220953_786902260,-0.0045018997
20241108_220954_036223976,0.16522957
20241108_220954_290373057,0.15581404
20241108_220954_787152973,0.044333376
20241108_220955_035477941,0.01209856
20241108_220955_285728714,0.047874607
20241108_220955_535959562,-0.008317551
20241108_220955_785094641,-0.022939047
20241108_220956_036451180,0.024650881
20241108_220956_285739601,-0.03833758
20241108_220956_533677980,-0.06067755
20241108_220956_786991375,-0.2748243
20241108_220957_040074337,-0.33641753
20241108_220957_288895852,-0.2493486
20241108_220957_791900038,-0.049502127
20241108_220958_042929121,-0.11676463
20241108_220958_288124169,0.25287262
20241108_220958_540642491,0.6540019
20241108_220958_790344016,0.46210146
20241108_220959_047316587,1.6680386
20241108_220959_299357362,2.5705547
20241108_220959_541961967,0.81001663
20241108_220959_792876954,0.7081785
20241108_221000_039214909,-0.23059298
20241108_221000_291350505,-0.29317755
20241108_221000_538581222,-0.0645053
20241108_221000_791219777,-0.02339079
20241108_221001_050641105,-0.1858886
20241108_221001_296700343,-0.2676846
20241108_221001_542454034,-0.15153278
20241108_221001_791425447,-0.2802622
20241108_221002_296431105,-0.17954983
20241108_221002_542354282,-0.70576936
20241108_221002_791931576,-0.31563923
20241108_221003_049375995,-0.42898092
20241108_221003_295482091,-0.51276183
20241108_221003_540219474,-0.35285577
20241108_221004_038797894,-1.0565746
20241108_221004_291145983,-1.1100658
20241108_221004_540277185,-0.3143324
20241108_221004_789427800,0.26350513
20241108_221005_044370493,0.06982312
20241108_221005_302416701,0.08269415
20241108_221005_548567715,-0.20582853
20241108_221005_795901002,-0.06853541
20241108_221006_043419794,0.09545956
20241108_221006_293905236,-0.07738324
20241108_221006_545940282,-0.045029663
20241108_221006_798041396,0.013870338
20241108_221007_039901419,0.018862585
20241108_221007_292661725,-2.6338913
20241108_221007_539168328,-0.37959307
20241108_221007_788820486,0.21830453
20241108_221008_041277228,0.45782456
20241108_221008_295303374,0.2542006
20241108_221008_542280177,0.2598664
20241108_221008_790934427,0.16864939
20241108_221009_035013963,0.13145523
20241108_221009_790535117,0.10945467
20241108_221010_037854706,0.081208475
20241108_221010_287499920,0.12771858
20241108_221010_535102422,0.171153
20241108_221010_791489986,-0.28048906
20241108_221011_038393244,-0.05212941
20241108_221011_291949563,-0.9260943
20241108_221011_540798006,-0.216648
20241108_221011_792199645,0.31150404
20241108_221012_038296263,-0.29575494
20241108_221012_287971033,-0.45132598
20241108_221012_543878241,-0.46646646
20241108_221012_795329048,-0.39448163
20241108_221013_043498917,-0.3471301
20241108_221013_549132627,-0.13921183
20241108_221013_806044245,-0.14000978
20241108_221014_048018549,0.095880516
20241108_221014_300379102,-0.0036913361
20241108_221015_039741763,-0.15705957
20241108_221015_288891601,-0.29987624
20241108_221015_539463809,-0.20513801
20241108_221015_790050188,-0.20473959
20241108_221016_038486368,-0.047914647
20241108_221016_795560560,-0.016095182
20241108_221017_042848082,-0.01953747
20241108_221017_293609497,-0.2511481
20241108_221017_543699029,-0.1729349
20241108_221017_796241454,-0.71737623
20241108_221018_043136980,-0.52605504
20241108_221018_541829060,-0.45293018
20241108_221018_793279478,-0.775279
20241108_221019_042873522,1.0305264
20241108_221019_292599404,0.23120604
20241108_221019_538429264,0.24440525
20241108_221019_790039886,0.23483561
20241108_221020_036137349,0.23341994
20241108_221020_285201968,1.314816
20241108_221020_537652164,0.6090288
20241108_221020_793502439,-0.6734536
20241108_221021_045194460,-0.5815038
20241108_221021_292336484,-0.08817004
20241108_221021_542656934,-0.13314499
20241108_221021_793449386,-0.0067104995
20241108_221022_042480284,-0.34093824
20241108_221022_292858613,-0.2534984
20241108_221022_539563938,-0.3234338
20241108_221023_039702285,-0.4192608
20241108_221023_295336750,-0.25770792
20241108_221023_792516935,-0.100679964
20241108_221024_040641058,-0.12863316
20241108_221024_297122903,-0.058601134
20241108_221024_794039193,-0.12882973
20241108_221025_038463844,-0.14368357
20241108_221025_293294387,-0.0885044
20241108_221025_538117718,0.13071834
20241108_221025_787678584,-0.28814727
20241108_221026_038954379,-0.5059594
20241108_221026_290653528,-0.30246305
20241108_221026_537653178,-0.07204478
20241108_221026_788171241,-0.13273872
20241108_221027_036455261,-0.119646214
20241108_221027_287393422,-0.16535671
20241108_221027_537671292,-0.22824062
20241108_221027_790131582,-0.15645744
20241108_221028_042930759,-0.24089111
20241108_221028_292662670,-0.40460077
20241108_221028_543244515,-0.4439755
20241108_221028_795801356,-0.29149672
20241108_221029_042372803,-0.019838586
20241108_221029_292622527,-0.14089109
20241108_221029_537985485,-0.41287294
20241108_221029_793896002,-0.41102132
20241108_221030_039327291,-0.4661081
20241108_221030_291371693,-0.3131474
20241108_221030_541234272,-0.21672766
20241108_221030_791907583,-0.64620024
20241108_221031_046387606,-0.4454364
20241108_221031_293753109,-0.30514568
20241108_221031_538729760,-0.3134882
20241108_221032_537465277,-0.37337476
20241108_221032_787283094,-0.6057355
20241108_221033_290099692,0.519881
20241108_221033_539458786,0.033290304
20241108_221033_787131443,0.7682223
20241108_221034_036796322,0.86209756
20241108_221034_287253853,-0.17772214
20241108_221034_536428035,-0.13341308
20241108_221034_785283321,0.43768242
20241108_221035_035319550,-0.02455981
20241108_221035_290280097,-0.0036465805
20241108_221036_533170242,0.011428455
20241108_221036_786107747,-0.020195087
20241108_221037_037755476,-0.030547163
20241108_221037_289293271,-0.018612703
20241108_221037_535313612,-0.009225329
20241108_221037_788050863,0.0068845544
20241108_221038_289252243,-0.02639862
20241108_221039_035486962,-0.012503227
20241108_221039_535191094,0.042506136
20241108_221039_787736169,-0.077634834
20241108_221040_034279457,-0.08849671
20241108_221040_285158860,-0.1669121
20241108_221041_291660668,-0.11788543
20241108_221041_789312055,-0.13754885
20241108_221042_285227150,-0.119602434
20241108_221042_786230491,-0.1133286
20241108_221043_034228523,-0.1041232
20241108_221043_285792828,-0.080342494
20241108_221043_543905353,0.04943601
20241108_221043_794972464,0.13470413
20241108_221044_041713967,0.077746965
20241108_221044_291005132,0.029150346
20241108_221044_537406991,0.031000057
20241108_221044_787679330,0.02737371
20241108_221045_037015986,0.043735422
20241108_221045_287118233,-0.025709232
20241108_221045_534197453,-0.11195522
20241108_221045_784305251,-0.0846568
20241108_221046_032730337,-0.028299412
20241108_221046_284036615,-0.08531769
20241108_221046_789691732,-0.12113937
20241108_221047_288450366,-0.12213387
20241108_221048_788979355,-0.13618822
20241108_221049_036993573,-0.09725728
20241108_221049_286610927,-0.099219136
20241108_221049_536889710,-0.11420926
20241108_221049_793348877,-0.12923633
20241108_221050_038676264,-0.1008003
20241108_221050_295560717,-0.090168916
20241108_221050_538617540,-0.088577114
20241108_221050_791305717,-0.089510284
20241108_221051_790249708,0.11709166
20241108_221052_038102716,0.06538097
20241108_221052_292150657,-0.059923075
20241108_221052_534336738,1.2118577
20241108_221052_787206068,0.53799677
20241108_221053_035084108,-0.6719939
20241108_221053_286324959,-0.21449505
20241108_221053_533360878,-0.28327188
20241108_221053_786539761,-0.12978165
20241108_221054_036277740,-0.067859635
20241108_221054_284496843,-0.1609986
20241108_221055_284391046,-0.14367148
20241108_221055_534082354,-0.1452731
20241108_221055_783942436,-0.112412
20241108_221056_032327219,-0.05241414
20241108_221056_285275905,-0.11165007
20241108_221057_784751682,-0.06764027
20241108_221058_289528011,-0.111096285
20241108_221058_540759440,-0.15456901
20241108_221058_797277573,-0.078311644
20241108_221059_041028622,-0.08773222
20241108_221059_539573498,-0.27225584
20241108_221059_789776088,0.1549445
20241108_221100_038290581,0.5216214
20241108_221100_287671819,1.6243843
20241108_221100_534791020,1.0221386
20241108_221100_787177495,0.23425503
20241108_221101_038225649,0.1771682
20241108_221101_289164162,0.14243872
20241108_221101_540328741,0.695682
20241108_221101_793056428,0.038023956
20241108_221102_041122834,-0.06204506
20241108_221102_289132006,-0.12896346
20241108_221102_537442362,0.010393778
20241108_221102_788497724,0.489576
20241108_221103_036827712,0.5845284
20241108_221103_287020197,0.35357288
20241108_221103_786057421,1.6473032
20241108_221104_035124935,0.5486638
20241108_221104_287232996,1.1016128
20241108_221105_785788577,0.9201545
20241108_221106_284429495,0.5509316
20241108_221106_786743684,0.58829755
20241108_221108_035063140,0.5790991
20241108_221108_285375464,0.38654423
20241108_221108_789091910,0.6815739
20241108_221109_284584252,0.55201215
20241108_221110_036991644,0.5599401
20241108_221111_287700583,0.5928412
20241108_221111_784573746,0.3169148
20241108_221112_036896246,0.36102384
20241108_221112_288506455,0.15559329
20241108_221112_536632703,0.051353134
20241108_221113_035598381,0.13559552
20241108_221113_288456052,0.09056816
20241108_221113_540765515,0.12354822
20241108_221114_289773301,0.14196573
20241108_221115_288046791,0.14474337
20241108_221116_036167257,0.19297357
20241108_221116_285258079,0.06499783
20241108_221116_783632515,0.11461628
20241108_221117_033559769,-0.07289215
20241108_221117_285625040,-0.05458253
20241108_221117_536527646,0.009360502
20241108_221118_532688493,0.048960574
20241108_221118_783933694,-0.03954237
20241108_221119_535844936,0.006748954
20241108_221119_786422652,0.009825477
20241108_221120_284428218,-0.11328822
20241108_221123_542606131,-0.1897869
20241108_221123_802575341,0.5310008
20241108_221124_040735292,0.36026865
20241108_221124_290657548,0.32234323
20241108_221124_540008485,0.33372283
20241108_221125_287535923,0.34689972
20241108_221125_537486838,0.33170208
20241108_221125_787542514,0.43923286
20241108_221126_534682681,0.38184205
20241108_221127_041677041,0.47694173
20241108_221127_292589586,0.44822136
20241108_221128_049156072,0.8930128
20241108_221128_293404018,0.0020712037
20241108_221128_539094068,0.13292384
20241108_221128_791190318,0.19138585
20241108_221129_036420041,0.044155575
20241108_221130_289729308,0.02550296
20241108_221130_536763040,0.038682796
20241108_221130_785931055,-0.048586212
20241108_221131_287290160,0.037812687
20241108_221131_533154376,-0.021570345
20241108_221131_790384755,-0.04709866
20241108_221132_284894475,-0.03302952
20241108_221132_536105358,-0.019700846
20241108_221132_787460953,0.010714391
20241108_221133_037770426,-0.0063525643
20241108_221133_287427692,-0.08267089
20241108_221133_536354388,-0.056680582
20241108_221133_786966883,-0.036069416
20241108_221134_038156566,-0.025588414
20241108_221135_291084805,0.00090915896
20241108_221135_542118316,-0.0057396498
20241108_221135_795194747,-0.07124605
20241108_221136_037756706,0.012530902
20241108_221136_290387343,0.058502056
20241108_221136_533056322,0.016979197
20241108_221140_534784537,0.018764356
20241108_221141_789013305,0.37997738
20241108_221142_040199417,0.19511293
20241108_221142_291076382,1.1738031
20241108_221142_535586091,0.86896116
20241108_221143_037858919,0.6664023
20241108_221143_294176741,0.41611868
20241108_221144_534646579,0.35673302
20241108_221144_784061764,0.36454505
20241108_221145_788377024,0.32482266
20241108_221147_034365985,0.3419004
20241108_221147_284805294,0.30731255
20241108_221147_532083680,0.37902918
20241108_221147_782465127,1.4648637
20241108_221148_034192033,0.09877879
20241108_221148_285896573,0.29243922
20241108_221148_536508168,1.06637
20241108_221148_789662564,0.29497352
20241108_221149_038338025,0.42030272
20241108_221149_286202851,0.30893746
20241108_221149_787144530,0.25150186
20241108_221150_033624613,0.18013039
20241108_221150_536883124,0.21155678
20241108_221150_785419786,0.5091117
20241108_221151_036755853,-0.46804625
20241108_221151_287530611,-0.04300531
20241108_221151_535729086,0.02471915
20241108_221151_784974433,0.21671449
20241108_221152_035647602,0.40775257
20241108_221152_287529377,1.4740868
20241108_221152_534895416,0.5852314
20241108_221152_788029801,0.8763476
20241108_221153_036190607,-0.54385394
20241108_221153_287683119,-1.4591604
20241108_221153_533753855,0.3610693
20241108_221153_784951239,0.16320024
20241108_221154_031907552,0.60020787
20241108_221154_284274142,0.9395334
20241108_221154_533273699,0.5469226
20241108_221154_783878926,0.16459052
20241108_221155_035530169,0.24812947
20241108_221155_284605365,0.02750955
20241108_221155_535963516,0.1366229
20241108_221155_790057229,-0.13172127
20241108_221156_042371215,-0.35322446
20241108_221156_294335809,-0.38438162
20241108_221156_540244669,-0.16332029
20241108_221156_789325779,-0.08420404
20241108_221157_038451860,-0.23603018
20241108_221157_294241301,-0.52854276
20241108_221157_539854196,-0.2456149
20241108_221158_038880525,-0.23408218
20241108_221158_288112394,-0.3922901
20241108_221158_536436403,0.1745046
20241108_221158_786855670,0.67735124
20241108_221159_039667560,0.1569724
20241108_221159_294413259,-0.2910524
20241108_221159_543515984,-0.024061462
20241108_221159_791042915,0.39476556
20241108_221200_040470680,-0.6366471
20241108_221200_289181989,0.86421865
20241108_221200_541865333,0.06935499
20241108_221200_794999001,-0.12696286
20241108_221201_043836550,-0.76766807
20241108_221201_296913772,-0.37770605
20241108_221201_544345029,-0.20442326
20241108_221201_791031384,-0.23228593
20241108_221202_285004765,-0.2731394
20241108_221202_534259333,0.21744138
20241108_221202_782747331,0.24237983
20241108_221203_289787336,0.16956651
20241108_221203_538738929,0.089259125
20241108_221203_791248738,0.0054248963
20241108_221204_053140872,-0.36258766
20241108_221204_296477924,-0.10495063
20241108_221204_540919053,-0.011048576
20241108_221204_788585542,-0.07611527
20241108_221205_035464354,-0.08746608
20241108_221205_290952005,-0.20069583
20241108_221205_543268478,-0.08702745
20241108_221206_294577828,-0.06311747
20241108_221206_545192090,0.022646816
20241108_221206_793647870,0.2622126
20241108_221207_040575107,0.485539
20241108_221207_294004663,1.3820312
20241108_221207_543334266,0.46673808
20241108_221207_789859369,0.9685502
20241108_221208_047563657,0.7082469
20241108_221208_295729464,1.0971242
20241108_221208_549645224,-0.4532634
20241108_221208_797824516,0.074335776
20241108_221209_051364909,-0.0025353152
20241108_221209_297967777,0.445869
20241108_221209_542482432,0.34093556
20241108_221209_794776566,0.19442245
20241108_221210_294436474,0.14808944
20241108_221210_540539406,0.15718454
20241108_221210_789583121,0.29895777
20241108_221211_040414724,-0.13172765
20241108_221211_288618837,-0.3467122
20241108_221211_537298093,-0.08475795
20241108_221211_787643940,-0.024014613
20241108_221212_036175276,-0.021460732
20241108_221212_284740314,-0.033319913
20241108_221212_540356714,-0.034644566
20241108_221212_787307661,0.042125262
20241108_221213_037767500,-0.25241637
20241108_221213_286712646,-0.040329184
20241108_221213_538068198,0.18538515
20241108_221213_790105180,0.50645584
20241108_221214_040398814,0.4811277
20241108_221214_292285260,0.4552703
20241108_221214_538517856,0.5881215
20241108_221214_793234350,0.59946215
20241108_221215_044380586,0.46748236
20241108_221215_301678458,0.39728895
20241108_221215_544387514,0.34961885
20241108_221216_291892319,0.3154128
20241108_221216_538878165,0.28977093
20241108_221216_792634123,0.46678615
20241108_221217_039154123,0.6484065
20241108_221217_293092593,1.1126889
20241108_221217_545307674,0.9825818
20241108_221217_802078217,0.68551964
20241108_221218_048527060,0.6143902
20241108_221218_297560322,0.5776475
20241108_221218_547527343,0.988105
20241108_221218_794265973,1.2017164
20241108_221219_051092366,-0.069932245
20241108_221219_296669840,-0.19717444
20241108_221219_537874416,0.023135075
20241108_221219_789002604,0.38822943
20241108_221220_038985374,1.0494945
20241108_221220_287468933,0.4394971
20241108_221220_538493073,0.30569482
20241108_221220_790761751,0.7464302
20241108_221221_038661941,0.018538164
20241108_221221_291892145,0.7285712
20241108_221221_542423367,0.40002197
20241108_221221_791196236,0.6209825
20241108_221222_289241718,0.97708005
20241108_221222_535665493,0.5837667
20241108_221223_036203098,0.57816947
20241108_221223_535902737,0.54861945
20241108_221223_797781322,-0.3410545
20241108_221224_042898990,-0.1429529
20241108_221224_289937605,0.046225615
20241108_221224_790335991,0.045258917
20241108_221225_045767641,0.17514618
20241108_221225_293814136,-0.098549716
20241108_221225_544623227,-0.09222742
20241108_221225_796039473,-0.11457225
20241108_221226_290077461,0.0041539464
20241108_221226_536209742,-1.4511272
20241108_221226_785374917,-1.7235969
20241108_221227_034568306,0.78777945
20241108_221227_287851062,0.9786044
20241108_221227_789042871,0.87212414
20241108_221228_044212191,0.8063635
20241108_221228_294171686,0.7774784
20241108_221228_796509419,0.6411535
20241108_221229_038708072,0.8884142
20241108_221229_537176146,0.65668505
20241108_221230_287610237,0.759634
20241108_221230_535875698,0.6227602
20241108_221230_788124515,0.050897725
20241108_221231_037987120,0.09544153
20241108_221231_288085394,0.10915048
20241108_221231_535913577,0.585093
20241108_221231_785729849,0.680737
20241108_221232_040318636,0.6324531
20241108_221232_287058520,0.6801164
20241108_221232_534196258,0.67690945
20241108_221232_784459408,0.28592548
20241108_221233_035049398,0.67373914
20241108_221233_291667137,0.26221657
20241108_221233_539161469,0.015721986
20241108_221233_788624335,0.24573101
20241108_221234_039633589,0.6237952
20241108_221234_291235264,0.5516844
20241108_221234_541586773,0.5034393
20241108_221234_792804555,0.3802421
20241108_221235_040743512,0.600001
20241108_221235_291498086,2.1953068
20241108_221235_538910404,-0.24994309
20241108_221235_787986968,0.097225
20241108_221236_035705335,-0.009738825
20241108_221236_290466065,-0.0035786089
20241108_221236_535215667,0.041030258
20241108_221236_784837655,0.010160128
20241108_221237_035762710,0.032489277
20241108_221237_286598598,0.15682524
20241108_221237_789733826,0.14260505
20241108_221238_041091514,0.11323891
20241108_221238_290227964,0.10563294
20241108_221238_801631719,0.103415705
20241108_221239_045510367,0.12515269
20241108_221239_793168145,0.13986552
20241108_221240_050218945,0.111015536
20241108_221240_297691729,0.12228773
20241108_221240_540975379,0.07768778
20241108_221240_790989376,0.05571077
20241108_221241_041037721,0.27035403
20241108_221241_292106388,0.19449203
20241108_221241_541490569,0.14675365
20241108_221242_038229425,0.13372563
20241108_221242_291719803,0.18282466
20241108_221242_539329469,0.13906322
20241108_221242_788252222,0.08230964
20241108_221243_537491144,0.11112473
20241108_221245_290411799,0.0813745
20241108_221245_785377595,0.010857204
20241108_221246_034343039,0.043873228
20241108_221246_285835361,0.019730965
20241108_221246_535712061,0.25707272
20241108_221246_786386046,0.15244661
20241108_221247_286535599,0.17033736
20241108_221247_534629003,0.12362114
20241108_221247_786119414,0.42438087
20241108_221248_290862296,0.2480831
20241108_221249_036216934,0.17892067
20241108_221249_288564681,0.1648501
20241108_221249_536741851,0.6384324
20241108_221250_285611946,0.2519994
20241108_221251_037756486,0.1955307
20241108_221251_287048719,0.1590961
20241108_221251_533990312,0.17767619
20241108_221251_787525141,0.4020648
20241108_221252_043731024,0.25654706
20241108_221252_290823280,0.25561234
20241108_221252_790821597,0.22036628
20241108_221253_036350633,0.17699353
20241108_221254_289860301,0.1659861
20241108_221254_539653114,0.032270588
20241108_221254_788768691,0.005593041
20241108_221255_287316552,0.026864091
20241108_221256_289709029,0.0909364
20241108_221256_541108573,0.03781245
20241108_221256_789734006,0.00898836
20241108_221257_039183178,0.027922312
20241108_221257_287902932,0.49064127
20241108_221257_539216138,0.31414965
20241108_221257_795463192,1.055159
20241108_221258_054579130,0.38049015
20241108_221258_298984371,0.17411523
20241108_221258_540202065,-0.026558122
20241108_221258_793668840,-0.059446834
20241108_221259_047731325,0.08640865
20241108_221259_291637432,0.58753806
20241108_221259_537756195,0.36003622
20241108_221300_036236081,-0.7180333
20241108_221300_289430978,-0.12217203
20241108_221300_537229984,-0.09090151
20241108_221300_788006713,-0.5354807
20241108_221301_036913530,-0.64994186
20241108_221301_290112210,-0.9480397
20241108_221301_537196648,0.023442796
20241108_221301_790086955,0.17196442
20241108_221302_038206282,-0.06583959
20241108_221302_294499728,0.062178455
20241108_221302_534248217,0.1297022
20241108_221302_785326979,0.1612721
20241108_221303_285632846,0.16445743
20241108_221304_035273667,-0.2058511
20241108_221304_284293666,-0.23785527
20241108_221305_284561775,-0.20211194
20241108_221305_782547335,-0.13310982
20241108_221306_033057905,-0.5862877
20241108_221306_284159367,-1.2233411
20241108_221306_532944752,0.47233346
20241108_221306_785093994,0.26201412
20241108_221307_035702654,0.33382162
20241108_221307_288906588,0.23796456
20241108_221307_536857773,0.2986559
20241108_221307_785552687,0.2883227
20241108_221308_032489297,0.33286422
20241108_221308_283857118,0.31426382
20241108_221309_033638208,0.54934263
20241108_221309_286429731,0.56542623
20241108_221309_532955363,0.43474704
20241108_221311_035833844,0.7016229
20241108_221311_289368427,0.5365107
20241108_221311_537380356,0.5033855
20241108_221312_037476674,0.15599976
20241108_221312_289501937,0.119597234
20241108_221312_548581811,0.20399602
20241108_221313_787444944,0.16495354
20241108_221314_035105652,0.37570122
20241108_221314_288491246,0.11787746
20241108_221314_543197948,0.18775637
20241108_221315_041103102,0.84373456
20241108_221315_289878044,0.6927194
20241108_221315_537462596,0.6192522
20241108_221315_787829047,0.6706256
20241108_221317_035304623,0.8049222
20241108_221323_285635939,0.6380038
20241108_221323_532990487,0.5747977
20241108_221323_783746104,0.6787031
20241108_221324_537345181,0.56633985
20241108_221324_791259699,0.46127364
20241108_221325_043725438,0.12929761
20241108_221325_293077079,-0.06592097
20241108_221325_543085509,0.025051573
20241108_221325_789486083,-0.033167623
20241108_221326_286480779,-0.07776239
20241108_221327_787783475,-0.07216676
20241108_221328_034811601,-0.102695726
20241108_221328_284963169,-0.08532699
20241108_221330_535910921,-0.07563647
20241108_221331_536155834,-0.044981025
20241108_221331_783112137,-0.02043905
20241108_221333_284778891,-0.043639563
20241108_221334_043265626,0.28394794
20241108_221334_288524501,0.5175167
20241108_221334_787131207,0.28278735
20241108_221335_035694105,0.21629205
20241108_221335_285013370,0.16972093
20241108_221335_535079415,0.11932472
20241108_221335_788395497,0.086632766
20241108_221336_036090838,0.09141878
20241108_221336_285919316,0.11699227
20241108_221336_790226638,0.24878208
20241108_221337_285537209,0.21716265
20241108_221337_785379596,0.18557255
20241108_221338_032908533,0.0732793
20241108_221338_283017026,0.128606
20241108_221338_533832425,0.23630206
20241108_221339_043889579,0.18221126
20241108_221339_290858478,0.17227362
20241108_221339_539141041,0.15615605
20241108_221339_787648300,0.10828165
20241108_221340_037689887,0.12786762
20241108_221340_287812989,0.13299529
20241108_221341_034294794,0.16471307
20241108_221341_284935090,0.13869981
20241108_221341_782238239,0.16318662
20241108_221342_032189712,0.09568981
20241108_221346_037322082,0.16030686
20241108_221346_291547608,0.26339155
20241108_221346_788795069,0.7233649
20241108_221347_042968093,0.9734971
20241108_221347_293921503,0.5801515
20241108_221347_542356305,0.48885348
20241108_221347_790865186,0.4869074
20241108_221348_532638884,0.43106094
20241108_221348_785030559,0.1913477
20241108_221349_036710384,0.16795446
20241108_221349_286457952,1.04416
20241108_221350_033663927,0.4185593
20241108_221350_285893583,0.36339658
20241108_221350_786377077,0.3698526
20241108_221351_035421757,0.37311295
20241108_221351_286952447,0.31109244
20241108_221351_538531521,0.29228863
20241108_221351_786321557,0.20757462
20241108_221352_036380246,0.27887833
20241108_221352_286954974,0.24468653
20241108_221353_289615747,0.2537422
20241108_221353_541781424,-0.88689774
20241108_221353_789073306,-0.5445929
20241108_221354_034569763,-0.55570906
20241108_221354_285318688,-0.41140273
20241108_221354_533470556,-0.25904387
20241108_221354_789165384,-0.15796256
20241108_221357_539896700,-0.13759203
20241108_221357_786593393,-0.011935249
20241108_221358_032138495,-0.0174643
20241108_221358_532872220,-0.08926495
20241108_221358_784659469,0.16235182
20241108_221359_033932997,0.16920921
20241108_221359_283911528,0.05162195
20241108_221400_035629736,0.57019943
20241108_221400_286197959,1.1665028
20241108_221400_536481792,0.6664329
20241108_221400_789477842,0.14483637
20241108_221401_035948523,0.04751233
20241108_221401_287287925,-0.007052714
20241108_221401_535388697,-0.16466202
20241108_221401_785439342,0.4877449
20241108_221402_034898308,-0.047649406
20241108_221402_287653621,-0.07743766
20241108_221402_536903540,-0.01840069
20241108_221402_786692902,0.035877623
20241108_221403_036294362,-0.008989355
20241108_221403_289088225,-0.30814004
20241108_221403_540245407,-0.5633056
20241108_221403_790526468,-0.4499038
20241108_221404_036717271,-0.2932141
20241108_221404_286441477,-0.06705986
20241108_221404_787405549,0.06606234
20241108_221406_286192965,0.044028975
20241108_221406_536469052,-0.11540737
20241108_221406_797935521,-0.15337367
20241108_221407_046439579,-0.47601357
20241108_221407_290628478,-0.23153718
20241108_221408_035517241,-0.25698736
20241108_221408_792306707,-0.14205556
20241108_221409_289257229,-0.13394342
20241108_221410_285383762,-0.120133065
20241108_221413_040314998,-0.3317559
20241108_221413_290947955,-0.28390932
20241108_221413_537814733,-0.5141266
20241108_221413_788730238,0.3637763
20241108_221414_038648638,0.048459508
20241108_221414_295113049,0.19609116
20241108_221414_552471784,0.22272615
20241108_221414_813724960,-0.07829597
20241108_221415_069860608,-2.1732628
20241108_221415_328054968,0.118072234
20241108_221415_580800396,-0.36570546
20241108_221415_826729783,-0.31367004
20241108_221416_068099382,-0.48783177
20241108_221416_321562244,-0.70482934
20241108_221416_568417238,-0.5469228
20241108_221416_813411428,-0.3518741
20241108_221417_060774436,0.029867234
20241108_221417_307925610,0.1361707
20241108_221417_551152791,0.06018702
20241108_221417_797082335,0.14683291
20241108_221418_051030465,0.12819551
20241108_221418_301258665,1.0338537
20241108_221418_548222359,1.4969261
20241108_221418_793625988,0.48354396
20241108_221419_040503674,0.41769278
20241108_221419_293469705,0.21534172
20241108_221419_541237132,0.25916892
20241108_221420_034829109,0.27985904
20241108_221420_287097320,0.30262116
20241108_221420_536292679,0.3024449
20241108_221421_041750906,0.2878565
20241108_221421_291941589,0.28968614
20241108_221421_539213989,0.30857396
20241108_221421_794548011,0.43975857
20241108_221422_044285402,0.3761218
20241108_221422_296336251,0.29258126
20241108_221422_543384346,0.38364035
20241108_221422_791216950,0.2148989
20241108_221423_040627314,0.2329069
20241108_221423_290168999,0.11379299
20241108_221423_543933002,-0.14655502
20241108_221423_790966073,-0.49057767
20241108_221424_038798248,-0.07049736
20241108_221424_285954058,-0.25113174
20241108_221424_534824035,-0.12624647
20241108_221424_784562373,-0.08768114
20241108_221425_037602619,-0.08605131
20241108_221425_788585684,-0.013925156
20241108_221426_291711728,0.0080693755
20241108_221426_789710600,-0.09173199
20241108_221427_290858572,-0.097444616
20241108_221428_537020280,0.12096276
20241108_221428_787621406,0.10036852
20241108_221429_290002872,0.005207399
20241108_221429_791185808,-0.036481045
20241108_221430_036975741,-0.110084556
20241108_221430_784757667,-0.19309886
20241108_221431_533404510,-0.17822857
20241108_221432_038223262,-0.07259747
20241108_221432_537326943,-0.07337805
20241108_221432_787429191,-0.10241201
20241108_221433_284993051,-0.09204265
20241108_221434_286399776,-0.08517774
20241108_221434_536693167,-0.150025
20241108_221434_786006331,-0.14839552
20241108_221435_038341255,-0.0981762
20241108_221435_289768372,-0.1153399
20241108_221437_789609695,-0.08125629
20241108_221438_038593049,0.066596426
20241108_221438_535278181,-0.012005469
20241108_221438_786116975,-0.021635612
20241108_221439_286653526,-0.061087035
20241108_221440_032821154,-0.1648276
20241108_221440_288137738,-0.15026845
20241108_221441_039071282,0.0020770822
20241108_221441_290544249,-0.07580843
20241108_221441_795164384,-0.02044358
20241108_221442_296986781,-0.009444138
20241108_221442_539480910,0.0890033
20241108_221443_037069400,0.032367267
20241108_221443_536430622,0.039343633
20241108_221443_784397768,-0.013034066
20241108_221444_790908509,0.008600393
20241108_221445_041422881,-0.036673926
20241108_221445_290134145,-0.07330706
20241108_221445_545178712,-0.13631566
20241108_221447_034427119,-0.10697427
20241108_221447_284519628,-0.5315197
20241108_221447_535356093,-0.86169654
20241108_221447_788771066,-0.28893074
20241108_221448_040193883,-0.1738155
20241108_221448_294542649,-0.1720035
20241108_221449_290392010,-0.532069
20241108_221449_536982609,-0.84486383
20241108_221449_788918989,-0.7081128
20241108_221450_289570914,-0.47752914
20241108_221450_788731129,-0.48840368
20241108_221451_041015216,-1.254827
20241108_221451_291209838,-0.6557707
20241108_221452_536208461,-1.0923953
20241108_221452_788871054,-0.21876024
20241108_221453_038475946,-0.06307161
20241108_221453_284288324,-0.02858112
20241108_221453_541640062,-0.13513549
20241108_221456_531495433,-0.14193393
20241108_221456_781721554,-0.37188554
20241108_221457_032772957,-0.3146418
20241108_221457_287580226,-0.64912575
20241108_221457_541331234,0.08477888
20241108_221457_801866443,-0.009629151
20241108_221458_055527975,-0.26059803
20241108_221458_303728928,-0.18041696
20241108_221458_547281523,-0.19696684
20241108_221458_794206563,-0.28664753
20241108_221459_038855777,-0.3537989
20241108_221459_294126781,-0.26643828
20241108_221459_546555155,-0.784206
20241108_221459_800128402,-1.1100773
20241108_221500_045468621,0.12099592
20241108_221500_304837570,0.07462869
20241108_221500_557307236,-0.4795194
20241108_221500_812817546,-0.85449684
20241108_221501_051749410,-0.31899473
20241108_221501_306004671,-0.17008121
20241108_221501_558296010,0.0169153
20241108_221501_808551596,0.25029385
20241108_221502_050847005,0.66504747
20241108_221502_294914462,0.17525496
20241108_221502_538662575,0.3122981
20241108_221502_791483142,0.049147174
20241108_221503_041227600,0.04303637
20241108_221503_298347036,-0.23111822
20241108_221503_547848981,-0.208286
20241108_221503_799433918,-0.122462176
20241108_221504_041872573,-0.3593897
20241108_221504_536527207,-0.7672848
20241108_221504_793163268,-0.14277911
20241108_221505_037495937,-0.13864465
20241108_221505_287578290,-0.25848624
20241108_221505_532928306,-0.27389184
20241108_221505_787542393,-0.21365388
20241108_221506_045474168,-0.1965117
20241108_221506_287790631,0.016818611
20241108_221506_535708105,0.14504255
20241108_221506_784536678,0.03712616
20241108_221507_037211570,-0.019405087
20241108_221507_537925663,-0.028103014
20241108_221507_787924019,-0.056600057
20241108_221508_036069533,0.05514113
20241108_221508_287311670,0.013331333
20241108_221508_535765111,0.062654175
20241108_221508_789288271,0.07331852
20241108_221509_037321108,0.041740693
20241108_221509_288376770,0.27288085
20241108_221509_538446968,0.5195353
20241108_221509_789186711,0.35018653
20241108_221510_040795902,0.26171333
20241108_221510_294068660,0.20492814
20241108_221510_541658974,0.18313481
20241108_221510_787312451,0.18619518
20241108_221511_043442242,0.1702305
20241108_221511_289827139,0.15143286
20241108_221511_540097073,0.1449636
20241108_221511_786923626,0.11612592
20241108_221512_036369682,0.06666682
20241108_221512_289025974,-0.19246401
20241108_221512_540895382,-0.21960957
20241108_221512_793866298,-0.18281229
20241108_221514_037010181,-0.10489481
20241108_221514_286826961,-0.16729717
20241108_221514_785835823,-0.13900562
20241108_221515_539165885,-0.17384852
20241108_221515_793037900,-0.18647133
20241108_221516_286787905,0.024559597
20241108_221516_540898319,0.13383046
20241108_221516_787080557,0.38314533
20241108_221517_035753546,0.41775015
20241108_221517_293971439,0.19651459
20241108_221517_544042628,0.15915515
20241108_221517_790344512,0.19105937
20241108_221518_036051240,0.19707395
20241108_221518_290753831,0.13384078
20241108_221518_535410180,-0.15537737
20241108_221519_284032273,-0.060959123
20241108_221520_034410785,-0.031445466
20241108_221520_288766527,0.26081637
20241108_221520_535598582,0.16459532
20241108_221520_788363968,0.12564923
20241108_221522_033728272,0.11864961
20241108_221522_284077369,0.10705487
20241108_221524_285600750,0.21185033
20241108_221524_534126020,0.14437409
20241108_221524_784546537,0.15602507
20241108_221525_034330308,0.19354503
20241108_221525_287844570,0.3387852
20241108_221525_539112983,0.27849525
20241108_221526_035863315,0.15452303
20241108_221526_533679865,0.28800988
20241108_221526_783973203,0.19071196
20241108_221527_783000741,0.31217414
20241108_221528_032075006,0.32538295
20241108_221528_298293311,0.23227726
20241108_221528_532979090,0.14014737
20241108_221528_782593425,0.18892555
20241108_221529_034263253,0.1797026
20241108_221529_784919066,0.13746054
20241108_221530_784686439,0.0629066
20241108_221531_032395883,0.06074188
20241108_221531_282988639,0.10715852
20241108_221532_286493538,0.09833936
20241108_221533_287616205,0.12325648
20241108_221533_534203252,0.062719144
20241108_221533_786374777,0.0944464
20241108_221534_283675656,0.10553763
20241108_221534_786811350,0.09424866
20241108_221535_284370924,0.11246795
20241108_221535_532872956,0.2766231
20241108_221537_039442994,0.31323248
20241108_221537_289293588,0.24540962
20241108_221537_786642757,0.28116527
20241108_221539_536347609,0.20622425
20241108_221541_786429598,0.19533812
20241108_221542_286964306,1.2941604
20241108_221542_538662816,1.961556
20241108_221542_786817623,-0.515414
20241108_221543_036339470,-0.54405165
20241108_221543_289850280,-0.1591776
20241108_221543_542518280,-0.10863084
20241108_221543_786587778,0.01739722
20241108_221544_035319949,-0.101569235
20241108_221544_286563835,-0.053624943
20241108_221545_783450134,-0.1850728
20241108_221546_032841459,-0.1453553
20241108_221547_787941488,-0.21876307
20241108_221548_035784502,-0.13622244
20241108_221548_532591193,-0.16471507
20241108_221548_785870430,0.11400237
20241108_221549_033964615,0.13121954
20241108_221549_286116251,0.14967827
20241108_221549_535370337,0.09190531
20241108_221550_531292622,0.06821767
20241108_221550_781455295,0.07891462
20241108_221551_033093954,0.064490415
20241108_221552_781644916,0.05386231
20241108_221554_289732684,-0.09982934
20241108_221554_536409705,-0.001120409
20241108_221556_284436451,0.0047457013
20241108_221557_533219661,0.0021623764
20241108_221557_788414133,0.028503696
20241108_221558_535191302,0.038720287
20241108_221558_786901572,0.04382316
20241108_221559_287903663,0.014432887
20241108_221559_788441172,-0.19058852
20241108_221600_290538205,0.32417735
20241108_221600_537941063,0.7184333
20241108_221600_791197963,0.49733153
20241108_221601_037641815,0.47126046
20241108_221601_292605133,0.14939608
20241108_221601_540297068,-0.0019261446
20241108_221601_794939573,0.37885883
20241108_221602_041124429,0.17196079
20241108_221602_288606576,0.16414125
20241108_221602_538169587,0.23615901
20241108_221603_034939165,0.22392605
20241108_221603_292245992,0.2128125
20241108_221603_545613337,0.012590209
20241108_221603_789184775,-0.10362994
20241108_221604_034311477,-0.0543169
20241108_221604_287080349,-0.12566335
20241108_221604_533785809,0.0004887972
20241108_221604_785730212,-0.1897722
20241108_221605_035633800,0.5198552
20241108_221605_286182279,0.4838746
20241108_221605_533687682,0.4524355
20241108_221605_785729537,0.3167442
20241108_221606_033549186,0.69417226
20241108_221606_284794425,0.13313372
20241108_221606_537211879,0.12389464
20241108_221606_788508703,0.0027141366
20241108_221607_040166029,0.076715566
20241108_221607_289873773,0.14785735
20241108_221607_535741756,0.13438942
20241108_221607_787138782,0.50887483
20241108_221608_034258043,1.0383664
20241108_221608_284726966,0.85405606
20241108_221608_784221430,0.28407708
20241108_221609_038179805,-0.10377782
20241108_221609_291770767,0.059808113
20241108_221609_796605980,-1.5644702
20241108_221610_043486811,0.6853495
20241108_221610_290740553,-0.34609652
20241108_221610_536310557,-0.116868846
20241108_221610_786127639,-0.11381791
20241108_221611_033454423,-0.17073125
20241108_221611_286344775,-0.018184062
20241108_221611_533975119,-0.06860443
20241108_221611_785012308,-0.3087019
20241108_221612_032018379,-0.49712566
20241108_221612_282697097,0.5210017
20241108_221612_533842540,0.3845477
20241108_221612_783327296,-0.43181416
20241108_221613_033529677,-0.07118546
20241108_221613_283034787,-0.064863674
20241108_221613_531700184,0.13554277
20241108_221613_780825070,0.27726713
20241108_221614_029660667,0.36332348
20241108_221614_282709770,0.16962646
20241108_221614_530889580,0.09776413
20241108_221614_780720397,0.093467094
20241108_221615_284033916,0.12376908
20241108_221616_041692234,0.09250597
20241108_221617_285936795,0.079038896
20241108_221619_538540091,0.0781844
20241108_221620_038575772,0.08358959
20241108_221620_536423412,0.07614807
20241108_221620_786945033,0.052798606
20241108_221621_033673639,-0.023760935
20241108_221621_286370071,-0.39178512
20241108_221621_537003263,-0.38570884
20241108_221621_788230364,0.15047802
20241108_221622_034314430,1.5127649
20241108_221622_284069841,1.2483451
20241108_221622_533998017,-0.86106306
20241108_221622_786407972,-0.3164217
20241108_221623_039464708,-1.137195
20241108_221623_284646449,-0.4075645
20241108_221623_536252877,-0.52844256
20241108_221623_785570062,-0.8717967
20241108_221624_034515934,-1.5246843
20241108_221624_286995865,-0.5292001
20241108_221624_537952654,-0.29399088
20241108_221624_789862403,-0.8122939
20241108_221625_036352711,-0.3111216
20241108_221625_288827305,0.04375454
20241108_221625_536841242,-0.009972399
20241108_221625_791309177,-0.21432854
20241108_221626_288798040,-0.34133664
20241108_221626_535801583,-0.6169962
20241108_221628_283090221,-0.3751274
20241108_221628_788326984,-0.23742178
20241108_221629_036704031,-0.12863733
20241108_221629_289776990,-0.06929961
20241108_221629_537543149,-0.04714348
20241108_221629_788077457,-0.11254742
20241108_221630_295262187,-0.13154002
20241108_221630_784862000,-0.31551322
20241108_221631_035487168,-0.2772152
20241108_221631_532845945,-0.26687816
20241108_221631_787019744,-0.39051196
20241108_221632_035797482,0.29069498
20241108_221632_292087408,0.14222799
20241108_221632_541355554,0.21172594
20241108_221632_792287720,0.19237219
20241108_221633_037235832,0.5410858
20241108_221633_291592270,0.3989039
20241108_221633_538516537,0.38504162
20241108_221633_789702829,0.3940617
20241108_221634_285602603,0.24816684
20241108_221634_534410738,0.20496286
20241108_221634_790129309,0.046065576
20241108_221635_041660887,-0.26742944
20241108_221635_291105311,-0.2574462
20241108_221635_541587424,-0.103600584
20241108_221635_788423997,-0.077317916
20241108_221636_035375635,-0.06910976
20241108_221636_786306169,-0.050444625
20241108_221637_032606460,0.206941
20241108_221637_283838795,0.6250804
20241108_221637_536707893,0.40681678
20241108_221637_782630641,0.5765774
20241108_221638_032614422,0.42589167
20241108_221638_530958201,0.40949517
20241108_221641_784321681,0.40081975
20241108_221642_031742580,0.015919456
20241108_221642_280284528,0.034999885
20241108_221644_540609774,0.2885517
20241108_221644_794872897,0.26726815
20241108_221645_039353875,0.5912728
20241108_221649_531528004,0.391698
20241108_221649_786352576,0.097450264
20241108_221652_283627717,-0.30317774
20241108_221652_533568446,-0.458671
20241108_221652_784649339,0.10773698
20241108_221653_033235999,0.31378463
20241108_221653_291305552,0.23224162
20241108_221653_537767271,0.6858553
20241108_221653_788941941,0.4727536
20241108_221654_036352053,0.8835204
20241108_221654_286396115,0.9545795
20241108_221654_534014473,0.30212495
20241108_221654_784967644,0.09585879
20241108_221655_036370759,0.08734343
20241108_221655_536237567,0.08827583
20241108_221655_788385089,0.1424345
20241108_221656_284913200,-0.17201199
20241108_221656_536056860,-0.26162434
20241108_221656_789187845,-0.35133383
20241108_221657_036928779,-0.1880501
20241108_221657_288203369,-0.059256755
20241108_221657_541529103,-0.13562085
20241108_221657_789142666,-0.111741744
20241108_221658_035702393,-0.27231222
20241108_221658_286196599,-0.20039897
20241108_221658_535813198,-0.19483738
20241108_221658_787303626,-0.25262484
20241108_221659_034341275,-0.16695194
20241108_221659_285904568,-0.15538754
20241108_221659_530191722,-0.18588756
20241108_221659_781917935,-0.43863246
20241108_221700_037183305,-0.5853413
20241108_221700_285979413,-0.023011971
20241108_221700_533452132,0.3991073
20241108_221700_785844251,1.1610131
20241108_221701_036255183,0.838692
20241108_221701_284302861,-0.78045833
20241108_221701_536909362,-0.57025033
20241108_221701_785396915,-0.17933425
20241108_221702_033935718,-0.06554067
20241108_221702_286064886,-0.2462046
20241108_221702_540796441,-0.53734297
20241108_221702_790614289,0.23703103
20241108_221703_037331857,0.058093905
20241108_221703_286438820,0.32046893
20241108_221703_532414963,-0.0758461
20241108_221703_788393430,-0.18523763
20241108_221704_033459436,-0.06334814
20241108_221704_535567175,-0.03154429
20241108_221705_032377422,-0.007745525
20241108_221705_284043069,0.15875094
20241108_221705_533963282,0.28016067
20241108_221705_782472704,0.24638169
20241108_221706_029390423,0.6439387
20241108_221706_531626827,-0.09295019
20241108_221706_784394827,-0.28108808
20241108_221707_031681201,-0.3511762
20241108_221707_284137179,-0.17611624
20241108_221707_530843918,-0.15261315
20241108_221708_029988971,-0.16752084
20241108_221708_289500539,-0.5161714
20241108_221708_533372054,-0.6528169
20241108_221708_787191084,-0.4830626
20241108_221709_537073937,-0.39471215
20241108_221710_032140529,-0.4354978
20241108_221710_283983103,-1.6222788
20241108_221710_531701732,0.36054668
20241108_221710_783020813,0.47545162
20241108_221711_030904538,0.94903785
20241108_221711_284507670,0.4658943
20241108_221711_531879899,0.57077616
20241108_221712_532580286,0.5416315
20241108_221713_029563703,0.7122162
20241108_221713_281584976,0.81185466
20241108_221713_529496961,0.8512537
20241108_221716_030101117,0.62848115
20241108_221716_281850230,0.5204669
20241108_221716_529507101,0.58486223
20241108_221716_781430224,0.35404533
20241108_221717_030391808,0.55606043
20241108_221717_282191427,0.5770917
20241108_221718_282070688,0.7576657
20241108_221718_531876948,0.33790752
20241108_221718_781954987,-0.49928337
20241108_221719_031125194,-0.4243814
20241108_221719_530795310,-0.45572588
20241108_221719_779620449,-0.12709494
20241108_221720_029968442,-0.17561705
20241108_221720_532795115,-0.24123718
20241108_221720_783742586,-0.6552575
20241108_221721_036755017,-0.46576804
20241108_221721_287021967,0.33196834
20241108_221721_533199568,0.22364287
20241108_221721_783985182,0.20749976
20241108_221722_032390787,0.28704903
20241108_221722_281990792,0.32788435
20241108_221722_530385475,0.338268
20241108_221722_781063667,0.22838031
20241108_221723_036678295,0.19908638
20241108_221723_287501102,0.20380937
20241108_221723_537799231,-0.027873298
20241108_221723_787416162,-0.33578998
20241108_221724_038174075,-0.35098904
20241108_221724_292287317,-0.24990658
20241108_221724_536999229,-0.19219054
20241108_221724_792049356,-0.3340688
20241108_221725_046363607,-0.4430994
20241108_221725_297924916,0.19122462
20241108_221725_546334446,0.5358505
20241108_221725_797808046,0.33030275
20241108_221726_039008031,0.7037092
20241108_221726_289811262,0.49208018
20241108_221726_537268328,0.44401595
20241108_221726_785385938,0.5071868
20241108_221727_032714301,0.3712047
20241108_221727_286443105,-0.2448221
20241108_221727_540582487,-1.0002034
20241108_221727_793377843,-0.15429287
20241108_221728_037935188,0.4048101
20241108_221728_289174235,0.58047265
20241108_221728_539035472,0.3943081
20241108_221728_785964189,1.4482107
20241108_221729_035479918,0.04712964
20241108_221729_287668917,-0.75868833
20241108_221729_534886253,-0.70523334
20241108_221729_788663861,-0.606149
20241108_221730_038760687,-0.24954434
20241108_221730_292165077,-0.24689664
20241108_221730_534643243,-0.24798621
20241108_221730_783843808,-0.4968012
20241108_221731_282719818,-0.2280369
20241108_221731_531598710,-0.24348594
20241108_221731_782820868,0.3896875
20241108_221732_035529698,0.56404406
20241108_221732_284774873,0.34997928
20241108_221732_531463437,0.26670504
20241108_221732_781931610,0.2055144
20241108_221733_033290223,0.24118318
20241108_221733_289817419,0.20565097
20241108_221733_543442329,0.5768458
20241108_221733_800228505,0.22228883
20241108_221734_049301264,0.17559575
20241108_221734_296579183,0.20734738
20241108_221734_536333246,0.23985218
20241108_221734_786176439,0.19601248
20241108_221735_038302979,0.06675909
20241108_221735_290367860,0.03734032
20241108_221735_542964438,0.21684657
20241108_221735_799113427,0.14911579
20241108_221736_043044407,0.6989257
20241108_221736_295389798,0.37093782
20241108_221736_543417132,0.3737934
20241108_221736_789963009,0.40395436
20241108_221737_042010137,0.093780555
20241108_221737_291630484,-0.09261852
20241108_221737_539695525,-0.26287583
20241108_221737_789482322,-0.2207926
20241108_221738_041434227,-1.4492689
20241108_221738_293215452,-0.71638405
20241108_221738_541249676,-0.2742425
20241108_221738_796023622,-0.36481547
20241108_221739_039197405,-0.41735855
20241108_221739_293312019,-0.16447856
20241108_221739_535307046,-0.17426504
20241108_221740_288911375,-0.26385128
20241108_221740_536783180,-0.33646306
20241108_221740_785103003,-0.33822894
20241108_221741_286353861,-0.31056225
20241108_221741_533926476,-0.48750108
20241108_221741_783213333,-0.17662708
20241108_221742_282317483,0.4272394
20241108_221742_535818248,0.41653222
20241108_221742_788801083,0.64075565
20241108_221743_030845136,0.47820893
20241108_221743_282882214,0.29601637
20241108_221743_533400645,0.2550393
20241108_221744_284038417,1.1371299
20241108_221744_536077989,-0.5942752
20241108_221744_786958951,-0.20003594
20241108_221745_032450000,-0.38016543
20241108_221745_287102372,-0.4220025
20241108_221745_534808164,-0.10928754
20241108_221745_787391465,-0.08722508
20241108_221746_032200512,0.22488986
20241108_221746_289074815,0.20170745
20241108_221746_530858226,0.22549544
20241108_221746_784532415,0.131438
20241108_221748_285683658,-0.018270155
20241108_221748_534438102,-0.1420746
20241108_221748_783921266,-0.3301563
20241108_221749_033225858,-0.46642742
20241108_221749_282128580,-0.32219955
20241108_221749_536496069,-0.3282333
20241108_221749_784673478,-0.4759299
20241108_221750_032222612,-0.16730519
20241108_221750_283969478,-0.118847035
20241108_221750_528709843,-0.15513964
20241108_221750_782320466,-0.25582388
20241108_221751_029718399,-0.3160715
20241108_221751_287103025,-0.26162308
20241108_221751_539484305,-0.7544391
20241108_221751_786217165,-0.5874438
20241108_221753_034513565,-0.3138162
20241108_221753_283291977,-0.060081095
20241108_221753_530678355,-0.04541605
20241108_221753_783854515,-0.18939497
20241108_221754_029783307,-0.2786118
20241108_221754_281605750,-0.27981177
20241108_221754_530808079,0.00063915364
20241108_221754_781942947,-0.39745077
20241108_221755_030651128,-0.47184658
20241108_221755_284822013,-0.5432109
20241108_221755_531733205,-1.0273073
20241108_221755_784179529,-1.6285034
20241108_221756_030940410,-0.48434588
20241108_221756_283833058,-0.21026443
20241108_221756_531739185,-0.08192403
20241108_221756_782168290,0.7626556
20241108_221757_030265638,0.33011654
20241108_221757_533406526,0.4905968
20241108_221757_788633155,0.22753201
20241108_221758_034865154,0.2627327
20241108_221758_298051934,0.42477703
20241108_221758_540974385,0.49294075
20241108_221758_791767978,0.8381383
20241108_221759_034773213,0.6654278
20241108_221759_288415368,0.4818515
20241108_221759_538973106,0.60901904
20241108_221759_793173709,0.8601166
20241108_221800_293283119,0.40371224
20241108_221800_537454291,0.09398643
20241108_221800_788063442,0.27564338
20241108_221801_034704936,0.48842707
20241108_221801_287872392,0.2607932
20241108_221801_535347867,0.25081453
20241108_221801_789674924,0.43641716
20241108_221802_537494869,0.6682728
20241108_221802_788415205,0.8424274
20241108_221803_535819979,0.75140995
20241108_221803_785407414,0.19725664
20241108_221804_029788663,0.24246643
20241108_221804_284032588,-0.3697821
20241108_221804_531820386,0.010714868
20241108_221804_784953118,0.005783418
20241108_221805_031946387,0.11337697
20241108_221805_284567141,0.15476128
20241108_221805_532222478,-0.036603592
20241108_221806_791594766,-0.037456296
20241108_221807_299607000,-0.065311454
20241108_221807_546025299,0.018339435
20241108_221807_794005849,0.024564723
20241108_221808_543340958,0.004106978
20241108_221809_296819626,-0.025442025
20241108_221810_044370727,0.17128846
20241108_221810_300138376,0.11603586
20241108_221810_794059336,0.23520155
20241108_221811_039913330,0.16177605
20241108_221812_542591732,-0.07209449
20241108_221812_796727790,-0.32002386
20241108_221813_045508270,-0.020224025
20241108_221813_300606861,0.24023496
20241108_221813_547886064,0.40328494
20241108_221813_802249788,0.08657686
20241108_221814_041787221,0.1289786
20241108_221816_288275764,0.20349775
20241108_221816_532843334,0.45852745
20241108_221816_784066777,0.59480333
20241108_221817_534373010,0.22392206
20241108_221818_537008323,-0.4558053
20241108_221818_800165850,0.005652437
20241108_221819_050907683,0.67946196
20241108_221819_304111220,0.50057805
20241108_221819_549380144,0.341644
20241108_221819_804441960,0.6896556
20241108_221820_047021042,0.31159264
20241108_221820_295982293,0.3463648
20241108_221820_790652698,1.0189724
20241108_221821_038598341,1.6018114
20241108_221821_290284976,0.70436156
20241108_221821_538920162,0.25954622
20241108_221821_789776427,0.5185976
20241108_221822_036470233,0.7741844
20241108_221822_287497353,0.7731179
20241108_221822_536839950,0.618678
20241108_221822_787615900,0.592885
20241108_221824_536191245,0.5007407
20241108_221824_788163554,0.22279228
20241108_221825_035717338,0.6258579
20241108_221825_546545492,-0.47028872
20241108_221825_796935679,-0.25379774
20241108_221826_037641515,0.03345692
20241108_221826_287830039,-0.05913943
20241108_221826_536853183,0.05497507
20241108_221826_795169924,0.18254663
20241108_221827_040164134,0.16837917
20241108_221827_294046203,0.009376923
20241108_221827_539489531,-0.084927164
20241108_221827_795758138,-0.3132622
20241108_221828_041147669,-0.48470473
20241108_221828_292970194,-0.5324051
20241108_221828_539554991,-0.37831062
20241108_221828_786900806,-0.61451536
20241108_221829_034362429,-0.6927991
20241108_221829_289116486,-0.6468421
20241108_221829_534267837,-0.4494047
20241108_221829_786858409,-0.19210161
20241108_221830_034976380,-0.15315221
20241108_221830_292059152,-0.23808967
20241108_221830_787400362,-0.5432206
20241108_221831_035751012,-0.8156665
20241108_221831_285561225,-0.86362815
20241108_221832_032706310,-0.5660984
20241108_221833_040532184,-0.44977862
20241108_221833_293516240,-0.17531936
20241108_221833_535718113,-0.03496833
20241108_221835_283521088,-0.15899308
20241108_221835_532265623,-0.733494
20241108_221835_787276814,0.014166841
20241108_221836_034807245,0.029333549
20241108_221836_532826941,0.076213114
20241108_221836_782990714,0.9711944
20241108_221837_030422137,0.30822387
20241108_221837_288806048,0.18116336
20241108_221837_539974759,0.27636722
20241108_221837_792993594,-0.29861817
20241108_221838_040833655,-0.36667642
20241108_221839_039228759,-0.08554294
20241108_221839_289764576,-0.116095774
20241108_221839_783900687,0.028062562
20241108_221840_034248021,-0.27675056
20241108_221840_286675274,-0.1726764
20241108_221840_536116809,-0.32235384
20241108_221840_793603903,-0.38073245
20241108_221841_049959745,-0.71672124
20241108_221841_309460910,-1.9175076
20241108_221841_562976529,-0.07618477
20241108_221841_807558469,0.97825927
20241108_221842_049777118,1.3748685
20241108_221842_295089281,-0.21083285
20241108_221842_544228894,0.12682685
20241108_221842_795260234,0.11308188
20241108_221843_038628864,-0.09418281
20241108_221843_287574984,-0.010893783
20241108_221843_541697344,-0.006341001
20241108_221843_793752608,0.15512846
20241108_221844_041634213,0.30646738
20241108_221844_292203050,0.1078941
20241108_221844_538023191,0.010676423
20241108_221844_786086118,-0.4937561
20241108_221845_036487277,-0.42072734
20241108_221845_286346214,0.12443898
20241108_221845_538868456,0.35514522
20241108_221845_786420839,0.16416468
20241108_221846_035485288,0.17517217
20241108_221847_039805243,0.10205994
20241108_221847_292073791,0.05299554
20241108_221848_030989056,0.037807323
20241108_221848_282147047,0.047386147
20241108_221849_034184223,0.026136914
20241108_221849_286362025,0.0026206765
20241108_221849_538155436,0.028639475
20241108_221849_784360016,0.04242877
20241108_221850_031291699,0.018400291
20241108_221850_533301552,0.35177678
20241108_221850_785114962,0.07617227
20241108_221851_282019586,0.100022234
20241108_221851_534833908,0.33826232
20241108_221852_786485904,0.18338607
20241108_221853_038008355,0.38364697
20241108_221853_284148435,0.4951714
20241108_221853_535583424,-0.011355301
20241108_221853_784727729,0.036435522
20241108_221854_039561757,0.060757257
20241108_221854_535048857,0.1071047
20241108_221854_785848771,0.517697
20241108_221855_032451767,0.25330788
20241108_221855_286283771,0.24629603
20241108_221855_543322396,-0.10174974
20241108_221855_800158224,0.9093302
20241108_221856_051537900,0.74339586
20241108_221856_299084247,0.19747418
20241108_221856_538414323,0.38450372
20241108_221856_787275604,0.37666073
20241108_221857_784463194,0.47917745
20241108_221858_034583790,0.3341639
20241108_221858_537729859,0.30468774
20241108_221858_787164629,0.7618842
20241108_221859_287296636,0.39536822
20241108_221859_540739649,0.5410792
20241108_221859_794132777,0.47187683
20241108_221900_041638255,0.5651016
20241108_221900_293871920,0.831426
20241108_221900_540411892,-0.55288
20241108_221900_789744897,-1.3435332
20241108_221901_037202634,0.57404923
20241108_221901_287659843,0.214921
20241108_221901_535300082,0.1054487
20241108_221901_786181805,0.030537883
20241108_221902_035294211,-0.21701892
20241108_221902_284228364,0.1793646
20241108_221902_534806528,0.518408
20241108_221903_285838206,0.24035989
20241108_221903_786392253,0.12704985
20241108_221904_290191273,0.19660811
20241108_221904_531865120,0.7007741
20241108_221904_782717725,1.047206
20241108_221905_033929435,1.0970827
20241108_221905_286745095,0.83018655
20241108_221905_537913394,0.33663282
20241108_221905_788474942,0.17655231
20241108_221906_032831622,-0.22420178
20241108_221906_289949650,-0.18428074
20241108_221906_541901976,0.022917548
20241108_221906_788853904,0.019304642
20241108_221907_288201562,0.008209804
20241108_221908_530402148,-0.03006347
20241108_221908_784170468,-0.060792886
20241108_221909_786766478,-0.04149934
20241108_221910_036492156,-0.053387664
20241108_221910_531770812,-0.1943021
20241108_221911_294658372,0.009847859
20241108_221911_540371147,1.1492363
20241108_221911_786173346,-0.24380977
20241108_221912_033270162,-0.15490998
20241108_221912_283237664,0.30807894
20241108_221912_532907279,-0.007003838
20241108_221913_285085251,0.35250106
20241108_221913_535728706,-0.014522922
20241108_221914_040045212,0.022877948
20241108_221914_303885520,0.08388598
20241108_221914_550050344,0.112392284
20241108_221914_802536431,-0.06893136
20241108_221915_046372186,0.16913554
20241108_221915_296578302,0.7652954
20241108_221915_540074271,0.6469183
20241108_221915_790014467,0.4631237
20241108_221916_034651599,0.10057316
20241108_221916_288576164,-0.017034372
20241108_221916_532373900,0.06575195
20241108_221916_782949078,-0.020013949
20241108_221917_033594281,-0.060268067
20241108_221917_289345082,-0.1698231
20241108_221917_787585293,-0.04626646
20241108_221918_032424178,-0.009178957
20241108_221918_786417311,0.05844704
20241108_221919_033314958,0.08445368
20241108_221919_533020157,0.10230384
20241108_221919_784338402,0.2653067
20241108_221920_534489760,0.24357675
20241108_221921_532380236,0.2540157
20241108_221921_787372800,0.048963584
20241108_221922_034793612,-0.05804535
20241108_221922_532639954,0.3034714
20241108_221922_783071271,0.76401645
20241108_221923_031030892,0.5681716
20241108_221923_282337530,0.56748694
20241108_221923_534893782,0.68596137
20241108_221923_789594163,0.7694798
20241108_221924_035467510,0.07319669
20241108_221924_285123579,0.0809199
20241108_221924_533097321,0.19921026
20241108_221924_783894273,-0.005289957
20241108_221925_280343722,0.027207533
20241108_221925_531316564,-0.103610955
20241108_221926_032324631,0.0719795
20241108_221926_282337426,0.27794948
20241108_221926_529583271,0.12832008
20241108_221926_782023646,0.25351486
20241108_221927_029274023,0.028324405
20241108_221927_282491903,-0.23801549
20241108_221927_528401063,-0.26763847
20241108_221928_029433742,-0.14895417
20241108_221928_281395501,0.18234847
20241108_221928_784014289,0.07413838
20241108_221929_279376425,0.058753468
20241108_221930_529466595,0.054082014
20241108_221930_779983956,-0.0751588
20241108_221931_285612935,-0.009320399
20241108_221931_782928804,-0.025927385
20241108_221933_035619182,-0.023576936
20241108_221933_283354398,0.008072952
20241108_221933_530736679,0.004320124
20241108_221934_030851230,0.0033719335
20241108_221934_780379983,0.010111311
20241108_221935_029690845,-0.045154713
20241108_221935_529513546,-0.03305175
20241108_221935_782365938,0.004867712
20241108_221936_029800101,0.026817719
20241108_221936_279892378,0.017464379
20241108_221936_530926506,0.16103461
20241108_221936_780865640,0.25824606
20241108_221937_026699347,0.44423065
20241108_221937_277844391,0.23323368
20241108_221937_530774799,0.00475947
20241108_221937_782706892,-0.0661672
20241108_221938_033087017,-0.11844089
20241108_221938_282084819,-0.5619739
20241108_221938_536644321,0.065728165
20241108_221938_795206792,0.024088124
20241108_221939_037594074,-0.03853997
20241108_221939_288856203,0.47521332
20241108_221939_531321948,0.30470613
20241108_221940_280443755,0.22178836
20241108_221940_531779935,0.37674034
20241108_221940_787687907,-0.007925054
20241108_221941_032181805,-0.028174838
20241108_221941_280920721,0.08608607
20241108_221942_030239368,0.21164088
20241108_221942_279950381,0.85183656
20241108_221942_529281785,0.6785112
20241108_221942_783387427,0.18755709
20241108_221943_031540187,0.17397036
20241108_221943_281418066,0.18469022
20241108_221943_529259661,0.12067459
20241108_221945_031798822,0.21020068
20241108_221946_030407609,0.2196066
20241108_221947_029561146,0.22199614
20241108_221947_530227085,0.25204617
20241108_221947_781304134,0.6091734
20241108_221948_036293607,0.6016799
20241108_221948_781450638,0.5099571
20241108_221949_034453390,0.10826454
20241108_221949_281099029,-0.11081698
20241108_221949_531364419,-0.26542073
20241108_221949_781039770,-0.042002343
20241108_221950_777976228,-0.042229794
20241108_221951_278190265,0.033493914
20241108_221951_529018615,0.015500048
20241108_221951_778901655,-0.03983631
20241108_221952_028876632,-0.06027653
20241108_221952_279116952,-0.014427682
20241108_221952_781667536,-0.11455097
20241108_221954_785530261,-0.02926918
20241108_221955_283098646,-0.028386196
20241108_221956_028241090,-0.004433831
20241108_221956_278768531,0.1559879
20241108_221956_528010067,0.5739667
20241108_221956_784370765,0.30036086
20241108_221958_280266962,0.40187755
20241108_221958_527497211,0.31711632
20241108_221958_780399700,0.7782361
20241108_221959_027861994,-0.0016546696
20241108_221959_281266967,-0.0462934
20241108_221959_784806524,-0.06811526
20241108_222000_030374780,-0.01742663
20241108_222000_282416024,-0.019539556
20241108_222000_530154455,-0.21323778
20241108_222000_786828611,-0.23787655
20241108_222001_037048689,-0.1930889
20241108_222001_288770956,-0.10940435
20241108_222001_795476394,-0.1827723
20241108_222002_039774679,-0.16381879
20241108_222002_290267714,-0.14854415
20241108_222002_536971320,-0.045204006
20241108_222002_790425841,-0.014178297
20241108_222003_034797182,-0.088479064
20241108_222004_541953113,-0.3173403
20241108_222004_791219414,0.23077966
20241108_222005_042714851,-0.1359929
20241108_222005_295174637,-2.8467815
20241108_222005_543667867,-1.5982636
20241108_222005_793220603,1.0688728
20241108_222006_048131123,1.5121945
20241108_222006_290142814,-0.09762617
20241108_222006_535937459,0.7401812
20241108_222006_786085395,1.0528562
20241108_222007_032267107,0.6026588
20241108_222007_281251497,0.16292585
20241108_222007_530313512,0.06008468
20241108_222007_791676654,0.22407745
20241108_222009_284469380,0.16385333
20241108_222010_281632271,0.20250838
20241108_222012_034508732,0.23650746
20241108_222012_289731463,0.24811994
20241108_222012_535368134,0.13100432
20241108_222014_780806247,0.273097
20241108_222015_033061722,0.6307534
20241108_222015_285037937,0.539462
20241108_222015_533203606,0.5047533
20241108_222015_789065344,0.5608203
20241108_222016_288233903,0.41719282
20241108_222016_536969362,0.494185
20241108_222016_784328243,0.572875
20241108_222017_029602732,0.348039
20241108_222017_279198457,0.37806395
20241108_222018_283530676,0.41061053
20241108_222020_283937794,0.3934538
20241108_222020_530401956,0.45966813
20241108_222020_781298172,0.90433985
20241108_222021_032212577,0.97620195
20241108_222021_285045475,0.6445017
20241108_222021_529927022,0.94890374
20241108_222021_782086422,1.0281079
20241108_222022_032613985,0.63812006
20241108_222022_781619317,0.27464792
20241108_222023_032634788,0.3979573
20241108_222023_286428152,1.2824557
20241108_222023_532229048,0.714975
20241108_222023_783652906,0.6688943
20241108_222024_033577977,0.4634023
20241108_222024_290413902,0.5908469
20241108_222024_537589379,0.5883639
20241108_222025_278979184,0.5833381
20241108_222025_532253568,0.3961824
20241108_222025_786285942,0.49774733
20241108_222026_030411959,0.5328058
20241108_222027_034217724,0.6705021
20241108_222027_792321785,0.035735346
20241108_222028_042625118,-0.13723911
20241108_222028_291118794,0.052262224
20241108_222028_538315876,0.34338737
20241108_222029_784338208,0.29278457
20241108_222030_287351668,0.32077685
20241108_222030_530203667,0.40557638
20241108_222030_780198583,0.014383355
20241108_222031_029002722,0.035500236
20241108_222031_279970995,0.0996931
20241108_222031_529447962,-0.21358554
20241108_222031_784543202,0.108230285
20241108_222032_782961727,-0.015957912
20241108_222033_029459870,0.02705119
20241108_222034_279057160,-0.054049455
20241108_222034_779718056,-0.035230003
20241108_222035_285106637,-0.024547717
20241108_222036_030486486,-0.0276651
20241108_222037_027112807,-0.09146913
20241108_222037_526836246,-0.03300997
20241108_222037_779944874,-0.03022637
20241108_222038_279928664,-0.0022834744
20241108_222038_782788722,-0.010697326
20241108_222039_278647418,0.33557677
20241108_222040_280545134,0.20302908
20241108_222040_530472766,0.26106894
20241108_222040_778241670,0.18414254
20241108_222041_279062381,0.6458419
20241108_222041_532187429,0.64250183
20241108_222041_781450286,0.46189237
20241108_222043_026733246,0.33689737
20241108_222043_278055201,0.38895208
20241108_222044_027066957,0.33953977
20241108_222046_530487763,0.59194386
20241108_222046_777445969,0.4053623
20241108_222048_028807409,0.09039933
20241108_222048_283597361,-0.01548942
20241108_222048_528071147,-0.00077207945
20241108_222049_278550308,0.17134787
20241108_222049_528512544,0.25492853
20241108_222049_778261332,1.6671407
20241108_222050_028252296,0.10221038
20241108_222050_278064026,-0.6753413
20241108_222050_530361234,-0.3021526
20241108_222050_784296760,-0.20560777
20241108_222051_032291538,-0.096307404
20241108_222051_279468494,-0.060551614
20241108_222051_534162238,-0.14295654
20241108_222051_783622104,-0.33777693
20241108_222052_029979471,0.727546
20241108_222052_278514797,0.39011768
20241108_222052_526454322,0.2706649
20241108_222053_532772449,0.45459703
20241108_222053_789474733,0.24364744
20241108_222054_031587491,0.44010472
20241108_222055_529303049,0.18954994
20241108_222055_779705256,-0.025657376
20241108_222056_029147730,0.12880723
20241108_222056_279106203,0.39066464
20241108_222056_531231938,0.4307298
20241108_222057_027751713,0.49703595
20241108_222057_282384921,0.38364205
20241108_222057_529929653,0.38249078
20241108_222057_779919223,0.29709142
20241108_222058_528247129,0.30628967
20241108_222058_780445164,0.051497556
20241108_222059_279605743,0.15032126
20241108_222059_528240821,0.49243537
20241108_222059_778554186,0.34086034
20241108_222100_026581578,0.2950005
20241108_222100_277011486,0.41167912
20241108_222100_781758806,0.21102206
20241108_222101_032154356,0.05042649
20241108_222101_284928980,0.15578948
20241108_222101_778464598,0.08031876
20241108_222103_028983746,0.015607337
20241108_222103_284584514,0.004073778
20241108_222103_537356178,-0.19437183
20241108_222103_801936647,-1.3486762
20241108_222104_041413284,-0.29407832
20241108_222104_292971182,-0.8521596
20241108_222104_533364477,-2.0014918
20241108_222104_784883676,0.13897042
20241108_222105_032100692,0.44114387
20241108_222105_283554128,0.29672834
20241108_222105_530042763,0.24982844
20241108_222105_779576890,0.28852233
20241108_222106_030924566,0.28227958
20241108_222106_530556032,0.26865306
20241108_222107_031981333,0.31950995
20241108_222107_284865498,0.27783254
20241108_222108_025748599,0.59092635
20241108_222108_786383783,0.2738996
20241108_222109_027951647,0.24361022
20241108_222109_277696953,0.22963928
20241108_222109_526726082,0.030561665
20241108_222109_780290322,0.09636281
20241108_222110_026311067,0.2469361
20241108_222110_277446413,0.31077322
20241108_222110_528495236,0.80826414
20241108_222110_781903885,0.6699593
20241108_222111_030968858,0.80628526
20241108_222111_284864756,1.2254035
20241108_222111_533352571,-0.31311205
20241108_222111_789436468,-0.52330446
20241108_222112_031394069,-0.32852608
20241108_222112_279839577,0.044992276
20241108_222112_530705831,0.072572395
20241108_222112_782600096,0.12913881
20241108_222113_027585726,0.10597902
20241108_222113_282513830,0.079905376
20241108_222114_281534900,-0.041795395
20241108_222114_533399773,-0.25408134
20241108_222114_783715483,-0.34616798
20241108_222115_031748686,0.11549609
20241108_222115_281850788,0.27765006
20241108_222115_525362545,0.21607563
20241108_222115_776592350,0.1612324
20241108_222116_277532541,0.1378824
20241108_222116_531664160,0.14375691
20241108_222117_031289987,0.16109668
20241108_222117_279595408,0.1980959
20241108_222117_778270191,0.10893772
20241108_222118_785370651,0.12295494
20241108_222119_033077030,0.26109317
20241108_222119_281074399,0.19043843
20241108_222119_784563103,0.1933717
20241108_222120_035150701,0.07897172
20241108_222120_283760893,0.3950738
20241108_222120_529033164,0.19030659
20241108_222120_781164290,1.2344033
20241108_222121_027031058,0.5262878
20241108_222121_277339558,1.2506934
20241108_222121_527872140,0.67630523
20241108_222121_781264931,1.0355973
20241108_222122_033474372,0.8690039
20241108_222122_283973485,-0.018561086
20241108_222122_529131433,0.10400433
20241108_222122_778650232,0.20279856
20241108_222123_281965410,0.2040578
20241108_222123_531146965,0.4289959
20241108_222123_782408261,0.3335074
20241108_222124_029418264,0.61751956
20241108_222124_279234737,0.8911642
20241108_222124_529000721,0.9416867
20241108_222124_784744652,0.8325652
20241108_222125_035129045,0.816889
20241108_222125_285535858,0.5660991
20241108_222125_538763048,0.091378994
20241108_222125_787402975,0.21995603
20241108_222126_032747612,0.260296
20241108_222126_287879740,0.6963132
20241108_222126_536136834,0.637774
20241108_222126_788670218,-0.24134448
20241108_222127_033093285,-1.1139449
20241108_222127_283483037,1.0729864
20241108_222127_531807009,0.26140538
20241108_222127_781104804,-0.033146165
20241108_222128_038318676,-0.028060338
20241108_222128_289197856,0.21075542
20241108_222128_536813333,0.28595516
20241108_222128_785238386,0.27666965
20241108_222129_028994828,0.7329496
20241108_222129_281542316,0.4964811
20241108_222129_530354951,0.5926458
20241108_222130_529249552,0.43336275
20241108_222130_780053774,0.09492753
20241108_222131_030304930,-0.16733737
20241108_222131_282191441,-0.50653297
20241108_222131_528664713,-0.17004175
20241108_222132_029874677,-0.16893171
20241108_222134_031199239,-0.14630373
20241108_222136_028859568,-0.14914118
20241108_222136_278901988,-0.2163754
20241108_222136_525931574,-0.17727171
20241108_222136_777188871,-0.30538127
20241108_222137_026687943,0.21880032
20241108_222137_276504518,0.08113531
20241108_222137_527355417,0.22992425
20241108_222137_781358408,0.21482901
20241108_222140_026398892,0.29344693
20241108_222140_278402919,0.28853056
20241108_222140_779173343,0.19805871
20241108_222141_283276502,0.027707497
20241108_222141_532181698,-0.23209615
20241108_222141_781727572,-0.5399018
20241108_222142_031541036,-0.5291475
20241108_222142_286238021,-0.5829009
20241108_222142_542939755,-0.8141519
20241108_222142_791858766,-0.5515143
20241108_222143_033389185,-0.4709065
20241108_222143_532017373,-0.32500428
20241108_222143_782565102,0.17403306
20241108_222144_030045294,0.12914228
20241108_222144_783406556,0.16088976
20241108_222145_033818877,0.25939912
20241108_222145_283411870,0.6763551
20241108_222145_531710223,0.5213386
20241108_222145_786696030,0.111123376
20241108_222146_034871346,0.29368934
20241108_222146_781529336,0.2960452
20241108_222147_031456796,0.7564612
20241108_222147_282937290,0.53652906
20241108_222147_529994969,0.17444937
20241108_222147_785308441,0.21303499
20241108_222148_028761695,0.624904
20241108_222148_532257765,0.5578774
20241108_222149_285910494,0.28082052
20241108_222149_535484831,-0.10652282
20241108_222149_786561360,-0.0093632545
20241108_222150_034907207,-0.28178716
20241108_222150_288073557,-0.39198434
20241108_222150_531688533,-0.31111607
20241108_222151_276104149,-0.1692328
20241108_222151_525770324,-0.080045186
20241108_222151_776591036,0.17796023
20241108_222152_024907362,0.15270011
20241108_222152_526723106,0.115248986
20241108_222152_778072912,0.48752096
20241108_222153_027915107,0.26835343
20241108_222153_787608871,0.10674266
20241108_222154_036513198,-0.006045839
20241108_222154_286550026,0.22691621
20241108_222154_783650398,0.5817155
20241108_222155_032458536,1.203506
20241108_222155_284924245,0.9481882
20241108_222156_788327893,0.6100207
20241108_222157_033355821,0.5852127
20241108_222157_289268148,0.9219162
20241108_222157_534360302,0.69802916
20241108_222157_786528174,-0.13852914
20241108_222158_033473994,-0.24409117
20241108_222158_286652122,-0.023414206
20241108_222158_532447170,0.024402345
20241108_222158_784888890,0.08447859
20241108_222159_035589438,0.6841102
20241108_222159_288540320,0.33635223
20241108_222159_532807342,0.2638768
20241108_222200_032305759,0.3949119
20241108_222200_281362261,0.3891871
20241108_222200_777888374,0.2310764
20241108_222201_029051760,0.25530136
20241108_222201_280281610,0.25584826
20241108_222201_528243575,0.25922808
20241108_222202_027747216,0.25882944
20241108_222202_276829038,0.111184694
20241108_222202_528238483,0.18496607
20241108_222203_025325815,0.2008702
20241108_222203_282480122,0.10971854
20241108_222203_531506927,0.12614404
20241108_222203_784148384,0.35033262
20241108_222204_529893131,0.24865459
20241108_222205_278182837,0.27971607
20241108_222205_526836890,0.2504419
20241108_222205_777630779,0.23683278
20241108_222206_278153184,0.23343377
20241108_222206_527156991,0.23225988
20241108_222207_276903651,0.034743704
20241108_222207_526205161,0.091540016
20241108_222207_781006429,-0.053082787
20241108_222208_036028544,-0.27114013
20241108_222208_282750467,-0.31286407
20241108_222208_536374919,-0.11405965
20241108_222208_784611338,-0.009489736
20241108_222209_028237290,0.22070621
20241108_222212_281461921,-0.16651501
20241108_222212_528063198,-0.43704584
20241108_222212_781551031,-0.1430809
20241108_222213_525213901,-0.19197755
20241108_222213_780251094,-0.01622971
20241108_222214_033432183,0.45575806
20241108_222214_287212458,1.0956438
20241108_222214_538094487,0.45921138
20241108_222214_784542001,0.6179988
20241108_222215_030719093,1.1808398
20241108_222215_280925924,0.6800217
20241108_222215_530841320,0.17007224
20241108_222215_779350568,0.2870612
20241108_222216_026691489,-0.06311645
20241108_222216_276556940,-0.0350981
20241108_222216_525921450,-0.053789817
20241108_222216_774385284,0.088716544
20241108_222217_026611471,0.31653515
20241108_222217_276310835,0.051153757
20241108_222217_527710966,0.103991665
20241108_222217_776192577,0.17580263
20241108_222218_026765766,0.1550562
20241108_222218_280497780,0.14181404
20241108_222218_528139978,0.14433621
20241108_222218_781117522,-0.12160363
20241108_222219_030009643,-0.47453892
20241108_222219_281043546,-0.37198475
20241108_222219_531664507,-0.44233748
20241108_222219_785139856,0.16275048
20241108_222220_036580616,0.08492285
20241108_222220_536471841,0.046532728
20241108_222220_787373474,-0.16712661
20241108_222221_038756454,-0.3947683
20241108_222221_284446348,-0.38736758
20241108_222221_529865084,0.48800424
20241108_222221_779715439,0.4903457
20241108_222222_529889052,0.54353124
20241108_222223_283178564,0.9776971
20241108_222223_529761031,-0.46080363
20241108_222223_778106217,-0.23724724
20241108_222224_026980947,0.0310482
20241108_222224_285024563,-0.045963936
20241108_222225_529497882,-0.36384636
20241108_222225_779653538,-0.61153305
20241108_222226_029100454,-0.45449445
20241108_222227_030682588,0.022718208
20241108_222227_277808733,0.41184142
20241108_222227_529765816,0.15372704
20241108_222228_290414519,0.2298509
20241108_222228_534305290,0.14238685
20241108_222230_279992906,0.19281511
20241108_222230_528908691,-0.076923035
20241108_222230_781011439,-0.16528802
20241108_222232_787317113,0.2532107
20241108_222233_532349804,0.18376218
20241108_222233_785725260,0.1384813
20241108_222234_034136514,0.14034908
20241108_222234_282164428,0.12578057
20241108_222234_528481550,0.1307907
20241108_222234_778187501,0.117724515
20241108_222235_278576323,0.115006186
20241108_222235_530206933,0.09897492
20241108_222235_781633588,0.11095867
20241108_222236_028145404,0.060555376
20241108_222236_279550777,0.08475042
20241108_222236_525747697,0.08655242
20241108_222236_777450828,0.11270068
20241108_222237_027309418,0.10093842
20241108_222237_279821464,0.11227337
20241108_222238_029861113,-0.39551127
20241108_222238_281261752,-0.4022626
20241108_222238_527516252,-0.22842605
20241108_222238_779405991,-0.16219349
20241108_222240_281533303,-0.15854819
20241108_222240_531490482,-0.306428
20241108_222240_781993153,-0.2802356
20241108_222241_778695981,-0.27028528
20241108_222242_028018606,-0.22731338
20241108_222243_533344155,-0.18623106
20241108_222244_031035906,0.05444657
20241108_222244_281027245,-0.046176933
20241108_222245_287362443,0.021173218
20241108_222246_028140522,0.3468182
20241108_222246_281320515,-0.0887341
20241108_222246_536057455,-0.29129454
20241108_222246_784728880,-0.28229648
20241108_222247_030647931,-0.30583537
20241108_222247_288372796,-0.28067493
20241108_222247_535866027,-0.25178638
20241108_222247_783249862,-0.21969779
20241108_222248_036369804,-0.20706128
20241108_222249_030831415,-0.23343445
20241108_222249_281559998,-0.20309378
20241108_222249_529970497,-0.18857135
20241108_222249_783687259,-0.014566246
20241108_222250_027643619,0.022385815
20241108_222250_279524508,0.09989623
20241108_222250_533850456,0.09754638
20241108_222250_785037784,0.15111874
20241108_222251_029424145,0.12726282
20241108_222251_280398474,0.47393218
20241108_222251_531269922,0.49052683
20241108_222251_783748613,0.22262365
20241108_222252_036939027,0.11758611
20241108_222252_286919750,0.19690327
20241108_222252_532794354,0.13966738
20241108_222252_782679463,0.20089202
20241108_222253_281800144,0.2734846
20241108_222253_533684610,0.1562175
20241108_222253_781893635,-0.016263148
20241108_222254_029991107,0.024496892
20241108_222254_282239973,-0.2766153
20241108_222254_527458088,-0.34078535
20241108_222255_031336581,-0.060773693
20241108_222255_278930652,-0.09291323
20241108_222255_525912640,-0.09953161
20241108_222255_781110488,-0.03483715
20241108_222256_035017008,-0.09219029
20241108_222256_285699061,-0.025807163
20241108_222256_533707714,-0.06931069
20241108_222256_783780073,-0.3734177
20241108_222257_029295423,-0.37184018
20241108_222257_282223074,0.09731657
20241108_222257_530955014,0.28945112
20241108_222257_786405050,0.42946365
20241108_222258_037027663,0.37703714
20241108_222258_287018408,0.38009867
20241108_222259_029275602,0.41133428
20241108_222259_279887572,0.44421035
20241108_222259_529997228,-0.3289591
20241108_222259_781541270,-0.3296597
20241108_222300_296852967,-0.19520943
20241108_222300_543998799,0.14711796
20241108_222300_792441203,-0.0072089694
20241108_222301_036216176,-0.02385328
20241108_222301_285310065,0.05138687
20241108_222301_541593724,-0.055127047
20241108_222301_790210751,-0.090309344
20241108_222302_035820664,-0.09393629
20241108_222302_295614072,-0.43439537
20241108_222302_539045301,-1.2382942
20241108_222302_791441098,0.3765795
20241108_222303_033387281,0.4556555
20241108_222303_284342382,0.3467331
20241108_222303_529831452,0.6811184
20241108_222303_780326877,0.65547144
20241108_222304_032346213,0.7640363
20241108_222304_282082422,0.8560303
20241108_222304_530435126,0.6968176
20241108_222305_028659302,0.99187154
20241108_222305_279136831,0.011126438
20241108_222305_528615283,-0.30069667
20241108_222305_784268161,-0.32647654
20241108_222306_028531443,-0.1756496
20241108_222306_281073164,0.021372648
20241108_222306_530137394,0.094968095
20241108_222306_785347167,0.31361577
20241108_222307_034178104,0.46384075
20241108_222307_280303508,0.34875426
20241108_222307_528625642,0.6439984
20241108_222307_777807187,0.57869714
20241108_222308_029349261,0.63110495
20241108_222308_279286775,1.2543398
20241108_222308_531963924,0.65336823
20241108_222308_788311704,0.25885668
20241108_222309_033136474,0.21362272
20241108_222309_285814760,0.66659117
20241108_222309_528950272,0.36456698
20241108_222309_779862590,-0.39973894
20241108_222310_028947509,-0.3364342
20241108_222310_278331494,-0.187947
20241108_222311_278448349,-0.2999245
20241108_222311_528477287,-0.53154534
20241108_222311_778862729,-0.809588
20241108_222312_028851566,-0.9356767
20241108_222312_282511369,-0.6879174
20241108_222312_530469157,-0.6463099
20241108_222312_781348114,-0.64297414
20241108_222313_282042314,-0.5620968
20241108_222313_532906778,-0.16803111
20241108_222313_781186447,-0.022334335
20241108_222314_027855607,0.041207336
20241108_222314_281062759,0.1661885
20241108_222314_527276008,0.030997096
20241108_222314_779888422,-0.11461588
20241108_222315_029376698,-0.17143594
20241108_222315_279297689,-0.11183133
20241108_222316_781865012,-0.092572354
20241108_222317_777876429,-0.47472137
20241108_222318_026008541,-1.384288
20241108_222318_276111228,-0.9350645
20241108_222318_526328454,-0.6633082
20241108_222318_779806684,-0.32020637
20241108_222319_026730535,-0.23093219
20241108_222319_526628097,-0.123995565
20241108_222320_777152948,-0.11879202
20241108_222321_278899596,0.503945
20241108_222321_528937507,0.2002363
20241108_222321_779551186,0.14815865
20241108_222322_026198011,0.16356741
20241108_222322_276591035,0.115247525
20241108_222322_524181895,0.20695989
20241108_222324_027351639,0.3312545
20241108_222324_275632378,0.7086535
20241108_222324_524653142,0.83473533
20241108_222326_026159097,0.11704699
20241108_222326_278826745,0.17741935
20241108_222326_778094916,0.6809482
20241108_222327_026495183,0.5802322
20241108_222327_276258532,0.16505043
20241108_222327_526744779,0.015551666
20241108_222327_777226967,-0.05542784
20241108_222328_025367389,-0.24664466
20241108_222328_275434673,-0.16590573
20241108_222328_524984953,-0.3329869
20241108_222328_776338572,-0.36869702
20241108_222329_025529868,-0.2432322
20241108_222329_276005249,-0.35904273
20241108_222329_525709088,-0.31967348
20241108_222330_778590977,-0.2756002
20241108_222331_026342160,-0.36490357
20241108_222331_275862902,-0.47533765
20241108_222331_525482528,-0.71715224
20241108_222331_776765047,-0.6800883
20241108_222332_030095424,-0.33838066
20241108_222332_282316992,-0.053554825
20241108_222333_534774591,0.09386661
20241108_222333_784946655,0.9556369
20241108_222334_029477186,0.37105387
20241108_222334_779713259,0.21974443
20241108_222335_028731007,0.25764093
20241108_222335_278858252,0.2290151
20241108_222335_526477567,0.21408705
20241108_222335_775256113,0.16583605
20241108_222336_026180743,0.20888676
20241108_222336_776032424,0.2044415
20241108_222337_777377640,0.29421163
20241108_222338_278809148,0.23435526
20241108_222338_526934082,0.29712507
20241108_222338_780423823,0.17546259
20241108_222339_026148853,0.28967232
20241108_222339_281439235,0.20138957
20241108_222339_532891305,0.30576903
20241108_222339_781729924,0.17834468
20241108_222340_030831391,0.21041335
20241108_222340_284772101,0.15044065
20241108_222341_777079591,-0.11211064
20241108_222342_027784400,-0.37291768
20241108_222342_278118092,-0.45697495
20241108_222342_525180569,-0.5665943
20241108_222342_779810861,-0.38386238
20241108_222343_032683435,-0.3474702
20241108_222343_285833297,-0.13762303
20241108_222343_531584878,0.12807602
20241108_222343_785135049,0.2335174
20241108_222344_030616783,0.308199
20241108_222344_281129360,0.26977205
20241108_222344_781163624,0.2199623
20241108_222345_027476269,0.23421307
20241108_222345_277456111,0.27892452
20241108_222345_527116586,0.22169231
20241108_222345_780022126,0.40324485
20241108_222346_029762950,0.21515565
20241108_222346_282684541,0.37293065
20241108_222346_526027372,0.25940087
20241108_222346_774553746,0.23077394
20241108_222347_023844835,0.22128032
20241108_222347_277509971,0.17000179
20241108_222347_529277432,0.18699776
20241108_222347_777937452,0.19090097
20241108_222348_027132617,-0.085430525
20241108_222348_277754485,-0.27931723
20241108_222348_526077458,-0.44867906
20241108_222348_777835734,-0.21136777
20241108_222349_028468386,-0.1947666
20241108_222349_531583344,-0.16480748
20241108_222349_784720757,-0.14696647
20241108_222350_030941797,0.15281515
20241108_222350_285746233,0.2540499
20241108_222350_532907244,0.12749587
20241108_222350_782206909,0.113560714
20241108_222351_026944574,0.13658874
20241108_222351_278718084,0.116658546
20241108_222351_781249154,0.103147544
20241108_222352_279817383,-0.108151935
20241108_222352_531249329,-0.5980838
20241108_222352_780456615,-0.5616552
20241108_222353_032118180,-0.4808644
20241108_222353_278914719,-0.46900895
20241108_222353_526315946,-0.42282784
20241108_222354_026149839,-0.4057801
20241108_222354_278673212,0.0154054705
20241108_222354_531281809,0.36243412
20241108_222354_779999268,0.39574385
20241108_222355_026934688,0.2674056
20241108_222355_277469219,0.2100082
20241108_222355_526549806,0.10642085
20241108_222355_782870020,0.17301664
20241108_222356_030648834,0.1703283
20241108_222356_278342058,0.21178941
20241108_222357_277224253,0.19462548
20241108_222357_529177140,0.14396797
20241108_222358_023022563,0.14870666
20241108_222358_275882720,0.1457104
20241108_222358_524856632,0.20668416
20241108_222358_774260605,0.2123531
20241108_222359_025534600,0.14482878
20241108_222359_527453368,0.14882605
20241108_222359_780785825,0.3513424
20241108_222400_033477975,0.44409245
20241108_222400_289930210,0.35545507
20241108_222400_785715594,0.2348101
20241108_222401_031845445,0.18069775
20241108_222402_285706073,0.17369862
20241108_222402_529848182,0.29314643
20241108_222402_784710449,0.16405432
20241108_222403_284684855,0.05482433
20241108_222405_526109180,0.074198164
20241108_222405_778170358,0.11640272
20241108_222406_528375832,0.114014365
20241108_222406_779329852,0.12016813
20241108_222409_028937034,0.42317587
20241108_222409_282326829,0.0029224548
20241108_222409_528681403,-0.15093242
20241108_222409_777219017,-0.29962516
20241108_222410_284062404,-0.12785067
20241108_222410_529375300,-0.102392815
20241108_222410_783039961,-0.29001713
20241108_222411_027171867,-0.73106486
20241108_222411_276650916,-0.5800119
20241108_222411_533782829,-0.28304663
20241108_222411_782121859,-0.15900181
20241108_222412_025056338,0.120560266
20241108_222412_275582828,0.37832806
20241108_222413_279818984,0.099165
20241108_222413_525439672,0.08435837
20241108_222413_778384566,0.33872822
20241108_222416_275487849,0.23369063
20241108_222416_775594409,0.63057333
20241108_222417_024400104,1.1783755
20241108_222417_274857517,0.37435237
20241108_222418_276815606,0.37118196
20241108_222418_524964593,0.32762754
20241108_222418_776128625,0.12220023
20241108_222419_027616519,0.20240887
20241108_222419_277243895,0.47369817
20241108_222421_278822940,0.37620074
20241108_222421_775069448,0.22841679
20241108_222422_025460010,0.16005625
20241108_222422_274569892,0.19985698
20241108_222422_522977638,0.20456372
20241108_222422_780323571,0.19782169
20241108_222423_030444807,-0.007036945
20241108_222424_031727811,0.07745115
20241108_222424_288276396,0.32566178
20241108_222424_545149875,0.3524958
20241108_222424_789556975,-0.53369635
20241108_222425_038817678,0.35435086
20241108_222425_290660510,0.363877
20241108_222425_534165618,0.20733295
20241108_222425_784044523,0.112009235
20241108_222426_279595297,0.047674753
20241108_222426_525650425,0.49528196
20241108_222426_782061470,-0.07049067
20241108_222427_031044770,0.030557578
20241108_222427_286009268,0.06856477
20241108_222427_527109443,0.796439
20241108_222427_777684744,0.68778235
20241108_222428_279210315,0.70965004
20241108_222428_528142205,0.53138405
20241108_222428_781026110,0.8670622
20241108_222429_026111916,0.70664376
20241108_222430_027583376,0.28549296
20241108_222430_277959230,-0.5453675
20241108_222430_528176351,-0.7544877
20241108_222430_775900017,-0.67631334
20241108_222431_029070583,-0.60460955
20241108_222431_528233207,-0.6130797
20241108_222432_280943914,-0.5971928
20241108_222432_526649286,-0.6581367
20241108_222433_279101126,-0.7535141
20241108_222433_775895058,-0.85173994
20241108_222436_029349909,-0.10898259
20241108_222436_278275639,-0.12702967
20241108_222436_527766622,-0.17677535
20241108_222436_778268865,-0.24052458
20241108_222437_024542800,-0.26009881
20241108_222437_277344234,-0.17336805
20241108_222437_527587414,0.090120845
20241108_222437_783153400,0.4991497
20241108_222438_027777904,0.06515334
20241108_222438_286835178,0.46746647
20241108_222438_529098095,0.04204122
20241108_222438_777745473,-0.24919082
20241108_222439_283078068,-0.062026463
20241108_222439_535766154,-0.0012658443
20241108_222439_791490087,0.08979408
20241108_222440_527608034,-0.010366997
20241108_222440_778980329,-0.14714672
20241108_222441_030045213,-0.081976734
20241108_222441_280622048,-0.09940501
20241108_222443_025832365,-0.06927433
20241108_222443_527347004,-0.00040384196
20241108_222443_783696838,0.11139894
20241108_222444_040148705,-0.17025243
20241108_222444_297588629,0.3126574
20241108_222444_545373057,-0.024010083
20241108_222444_793378027,-0.64209455
20241108_222445_031995540,-0.67251736
20241108_222445_284391106,-0.3299794
20241108_222445_778600488,-0.24378826
20241108_222446_028544618,0.017967885
20241108_222446_281474196,0.111874305
20241108_222446_528729882,0.02742658
20241108_222446_782646920,-0.0081081595
20241108_222447_026456368,-0.009141227
20241108_222447_276719332,-0.021208664
20241108_222447_526406564,-0.029303452
20241108_222447_784059050,-0.011551043
20241108_222448_027160203,-0.033144377
20241108_222448_781673863,-0.23689525
20241108_222449_028263088,0.020902665
20241108_222449_281043693,-0.021736821
20241108_222449_527512491,-0.09087654
20241108_222450_026267200,-0.08284577
20241108_222450_276980373,-0.05844053
20241108_222450_528294355,-0.066903375
20241108_222450_775429070,-0.094099246
20241108_222451_524656592,-0.050713025
20241108_222451_776210559,-0.051840924
20241108_222452_025989655,-0.1125622
20241108_222452_778758399,-0.07133856
20241108_222453_281154202,-0.057102047
20241108_222453_525268476,-0.045777224
20241108_222453_779565454,0.13267142
20241108_222454_027378207,0.21342345
20241108_222454_283865260,0.27207616
20241108_222454_526271397,0.34078807
20241108_222455_025786994,0.3336138
20241108_222455_526039843,0.32276428
20241108_222456_030788272,0.0028777514
20241108_222456_277267963,0.023383835
20241108_222457_025912823,0.064009406
20241108_222457_274114857,0.026140193
20241108_222457_526825469,0.06984041
20241108_222457_777078619,0.22458123
20241108_222458_030140722,0.21480022
20241108_222458_280345165,0.026120106
20241108_222458_524171651,0.10644887
20241108_222459_024731044,0.12626676
20241108_222459_528000979,0.09492735
20241108_222500_281358135,0.10010014
20241108_222500_526672010,0.232596
20241108_222500_776560526,0.0017939005
20241108_222501_026409218,-0.115073286
20241108_222501_279474909,-0.14003189
20241108_222501_530354838,-0.20671688
20241108_222501_797777678,0.15961803
20241108_222502_046054646,-0.07098093
20241108_222502_286279950,-0.10633298
20241108_222502_527760426,-0.05274161
20241108_222502_779743293,-0.067780636
20241108_222503_031129192,-0.41518575
20241108_222503_281204577,-0.22385694
20241108_222503_778710479,-0.047368906
20241108_222504_029042253,0.20176867
20241108_222504_279046071,0.41469723
20241108_222504_530772064,0.19040011
20241108_222504_781100402,0.12529252
20241108_222505_275501762,0.13566963
20241108_222505_527698352,0.12512277
20241108_222506_276745702,0.29969317
20241108_222506_526042760,0.42419678
20241108_222506_775940187,0.21277045
20241108_222507_023520558,0.1618175
20241108_222507_773243531,0.37039372
20241108_222508_023863466,0.20413654
20241108_222508_773109389,0.21714963
20241108_222509_278700090,0.2687458
20241108_222509_529298461,0.17986496
20241108_222509_777774406,0.17557336
20241108_222510_279682370,0.15645541
20241108_222510_785732126,0.14200132
20241108_222511_282703912,0.13046809
20241108_222511_528178204,0.120751955
20241108_222511_775835302,0.11443386
20241108_222512_022685116,0.07838044
20241108_222512_274157385,0.112031914
20241108_222513_024153805,0.09979997
20241108_222513_274964724,0.0886604
20241108_222513_526739642,0.050271727
20241108_222513_782311820,0.027325073
20241108_222514_300762780,0.070841946
20241108_222514_535214889,0.07736886
20241108_222514_782501155,0.09134511
20241108_222515_275850269,0.06866745
20241108_222515_523278041,0.10104195
20241108_222516_277970912,0.046703674
20241108_222516_524958821,0.088063754
20241108_222516_775219666,0.07438914
20241108_222517_026401695,0.014174858
20241108_222517_780546009,0.050921895
20241108_222518_025040556,0.11779026
20241108_222518_277603521,0.079459585
20241108_222518_773816474,0.19627394
20241108_222519_276264813,0.1246692
20241108_222519_523291195,0.078963734
20241108_222519_775977990,0.090872444
20241108_222520_275125596,0.09054435
20241108_222521_025496347,0.061117567
20241108_222521_276572323,0.060228147
20241108_222521_526102057,0.20208152
20241108_222521_776727339,0.42080215
20241108_222522_024260318,0.2445807
20241108_222522_272499485,0.20738877
20241108_222522_522403923,0.18513082
20241108_222522_773120771,0.17313622
20241108_222523_023505211,0.19334356
20241108_222523_275696367,0.19981815
20241108_222524_274634318,0.17990558
20241108_222524_522004321,0.14657472
20241108_222525_524761343,0.14635141
20241108_222525_776174296,0.25754565
20241108_222526_022598896,0.1390457
20241108_222526_273969998,0.27502054
20241108_222526_521177691,0.19074987
20241108_222526_773446184,0.4185796
20241108_222527_022817886,0.53629017
20241108_222527_274113748,0.35196576
20241108_222527_520413444,0.08285726
20241108_222527_771828601,0.24691202
20241108_222528_023169201,0.24101661
20241108_222528_271790709,0.25943926
20241108_222528_773328955,0.20061667
20241108_222529_523215425,-0.10169371
20241108_222529_773064533,0.03204403
20241108_222530_522263005,0.049253024
20241108_222530_771860025,0.072167136
20241108_222531_021181425,0.07495085
20241108_222531_271195675,0.062210716
20241108_222531_523080226,-0.3509372
20241108_222531_773084574,-0.8485144
20241108_222532_022305897,-0.4906536
20241108_222532_272330887,0.36998352
20241108_222532_522038565,0.48187056
20241108_222532_772998070,0.3428072
20241108_222533_020976375,0.8065969
20241108_222533_272757280,0.14024194
20241108_222533_523145470,0.008339757
20241108_222533_773184261,-0.06590631
20241108_222534_022657097,-0.69198
20241108_222534_273542886,-0.33761477
20241108_222534_520731294,-0.8041075
20241108_222534_771451389,-0.20397714
20241108_222535_020675889,-0.06898697
20241108_222535_272218263,0.009882661
20241108_222535_520383097,0.04357282
20241108_222535_772376353,0.050012387
20241108_222536_024252560,-0.73478264
20241108_222536_275838945,-0.87133926
20241108_222536_523707450,-0.9837488
20241108_222537_772081120,-0.06851073
20241108_222538_022152000,-0.015516752
20241108_222538_271676320,-0.93679476
20241108_222538_522743152,-0.38334513
20241108_222538_771920480,-0.19257782
20241108_222539_021051108,-0.6006507
20241108_222539_276255113,-0.6640448
20241108_222539_523729441,-0.4570108
20241108_222539_775780481,-0.34869924
20241108_222540_278829183,-0.3901874
20241108_222540_524872552,-0.415215
20241108_222540_777867817,-0.3570117
20241108_222541_025052013,-0.09627034
20241108_222541_274346581,-0.18764253
20241108_222541_523212208,-1.3626487
20241108_222541_774831220,0.46930352
20241108_222542_023356565,1.1104184
20241108_222542_272729753,0.46577537
20241108_222542_520802516,0.022006074
20241108_222542_772921464,0.24156038
20241108_222543_022793773,0.21989332
20241108_222543_271726347,-0.047713183
20241108_222543_522847289,-0.035630785
20241108_222543_774529195,-0.08971091
20241108_222544_022755222,0.054227866
20241108_222544_275974944,0.11335377
20241108_222544_524563686,0.09751318
20241108_222545_527314585,0.13362525
20241108_222546_025442628,0.086093105
20241108_222546_274264295,0.1178656
20241108_222546_522998271,0.10567669
20241108_222546_774304416,-0.28759524
20241108_222547_024866233,-0.3417063
20241108_222547_281045478,-0.11308574
20241108_222547_524377892,-0.043604754
20241108_222547_774355122,-0.022695264
20241108_222548_022309709,0.10657296
20241108_222548_274069861,0.26845798
20241108_222548_521869481,0.31160542
20241108_222548_772031754,0.3703803
20241108_222549_022319333,0.64718676
20241108_222549_272947320,0.29035413
20241108_222549_519763679,0.19703469
20241108_222549_770970902,0.17690216
20241108_222550_022123776,0.1734715
20241108_222550_272582647,-0.057709895
20241108_222550_523874206,-0.5178532
20241108_222550_774685602,-1.0233098
20241108_222551_021366673,-0.10026666
20241108_222551_274003828,0.9145381
20241108_222551_523843726,1.2910506
20241108_222551_776521183,-0.20500304
20241108_222552_026499133,0.023794847
20241108_222552_274907762,0.17379293
20241108_222552_521917999,0.30530196
20241108_222552_773555915,0.1645846
20241108_222553_520834435,0.11769206
20241108_222553_775145443,0.048264317
20241108_222554_025231668,-0.07318177
20241108_222554_278061252,-0.29628882
20241108_222554_524423610,-0.112558626
20241108_222555_023782359,-0.12020954
20241108_222555_519982566,-0.064592026
20241108_222556_523499858,-0.045083247
20241108_222556_773596958,-0.03906437
20241108_222557_272295784,-0.04624238
20241108_222557_522185872,-0.19161995
20241108_222557_779728451,-0.40801623
20241108_222558_024628665,-0.23423004
20241108_222559_521960164,-0.07313862
20241108_222559_771815370,0.101788975
20241108_222600_021695026,0.26973158
20241108_222600_273651246,-0.11905714
20241108_222600_521615807,-0.34877768
20241108_222600_771787980,-1.1743115
20241108_222601_022448469,-1.0699202
20241108_222601_279143775,-1.0320708
20241108_222601_529595464,0.98020357
20241108_222601_787458473,0.71776015
20241108_222602_044963314,-0.15559925
20241108_222602_303544120,-0.17497738
20241108_222602_545322785,-0.16903986
20241108_222602_788196936,-0.12295898
20241108_222603_031391962,-0.15406819
20241108_222603_280070213,-0.25086692
20241108_222603_775046157,-0.08529111
20241108_222604_278181951,0.115171544
20241108_222604_526397638,0.09139071
20241108_222604_777086007,0.013724009
20241108_222606_029612295,0.020341435
20241108_222606_774227956,0.03233991
20241108_222607_027071244,-0.4568192
20241108_222607_279611022,0.67058617
20241108_222607_529920565,0.8419151
20241108_222607_782125425,-0.30091736
20241108_222608_027179111,-0.28508762
20241108_222608_277154064,-0.31422845
20241108_222608_530540406,-0.18148573
20241108_222608_779384285,-0.22695436
20241108_222610_279992353,-0.11322584
20241108_222610_529360502,0.0030676816
20241108_222610_779685726,0.30563706
20241108_222611_030816554,0.4958093
20241108_222611_281081669,0.27613267
20241108_222611_775420683,0.42123255
20241108_222612_031831512,0.5550481
20241108_222612_282161321,0.32672656
20241108_222612_528090571,2.482469
20241108_222612_777097200,-0.24902625
20241108_222613_025893671,-0.2110648
20241108_222613_276224872,-0.24450172
20241108_222613_525494677,-0.061447702
20241108_222613_779649350,-0.0655876
20241108_222614_025334276,-0.07335653
20241108_222614_276547096,0.16034235
20241108_222614_523507285,0.58325
20241108_222614_773475244,0.5619752
20241108_222615_031876447,0.59988225
20241108_222615_281098972,0.35631382
20241108_222615_775829181,0.31638873
20241108_222616_026097161,0.34828618
20241108_222616_278504198,0.26452786
20241108_222616_529519100,0.24670859
20241108_222617_042140462,0.09918354
20241108_222617_287420933,0.113776304
20241108_222618_022871805,0.10030756
20241108_222618_522330826,0.21822019
20241108_222618_780899695,0.14731742
20241108_222619_283206374,0.14365114
20241108_222619_528293079,0.13749476
20241108_222621_277848842,0.1354243
20241108_222621_528143322,0.17916806
20241108_222621_777794765,-0.15914492
20241108_222622_028510404,-0.011586925
20241108_222622_275314552,0.3354204
20241108_222622_524395121,0.33017862
20241108_222622_773221419,0.1390578
20241108_222623_022350840,0.1822149
20241108_222623_272311128,0.21462868
20241108_222623_771743343,0.20748232
20241108_222624_022224314,0.23222618
20241108_222624_273617820,0.22549282
20241108_222625_020870873,0.108882464
20241108_222625_273332512,0.09690223
20241108_222625_522802416,0.10098974
20241108_222625_773989452,0.09810028
20241108_222626_024803023,-0.019136807
20241108_222626_274037313,0.045606114
20241108_222626_521339003,0.059643485
20241108_222626_769592577,-0.0103175845
20241108_222627_020903965,-0.24411528
20241108_222627_271419681,-0.13210501
20241108_222627_520167241,-0.38068426
20241108_222627_771880017,-0.35354167
20241108_222628_021971924,-0.2136177
20241108_222628_274290894,-0.20563532
20241108_222628_783135384,-0.19142084
20241108_222629_028537633,-0.12584288
20241108_222629_275094133,0.0677791
20241108_222629_521937475,0.016376117
20241108_222630_273521123,0.010256061
20241108_222630_521440570,-0.00083210133
20241108_222630_773787478,0.16211252
20241108_222631_022601859,0.18617822
20241108_222631_270871462,0.07413123
20241108_222631_770243501,0.047971107
20241108_222632_020601944,0.093269445
20241108_222632_524514608,0.08835987
20241108_222632_775047437,0.061930694
20241108_222633_024007303,0.080603756
20241108_222633_276143730,0.8185411
20241108_222633_526669046,1.5121522
20241108_222633_775631384,0.2327197
20241108_222634_034589760,0.25389838
20241108_222634_281663482,0.17448603
20241108_222634_534220727,0.1790211
20241108_222635_025480495,0.20885022
20241108_222635_529106301,0.21435337
20241108_222636_027068499,0.24797763
20241108_222636_282843001,0.25970942
20241108_222636_777053116,0.2267984
20241108_222637_025676060,0.21576498
20241108_222637_280843027,0.20718975
20241108_222638_276482509,0.21720041
20241108_222638_782222959,0.61609304
20241108_222639_028725318,0.3519011
20241108_222639_274375097,0.36438638
20241108_222639_521867706,0.26909003
20241108_222639_773163691,0.22056733
20241108_222640_024406500,0.24639814
20241108_222641_028904482,0.20376118
20241108_222642_777003383,0.27619523
20241108_222644_022935718,0.24676429
20241108_222644_273214185,0.24483256
20241108_222644_772662677,0.23280485
20241108_222645_028199404,-0.20422973
20241108_222645_277840382,-0.25091243
20241108_222645_522953221,-0.27193168
20241108_222645_775444193,-0.22538738
20241108_222646_022581442,-0.25538713
20241108_222646_275942556,-0.25650188
20241108_222646_521520153,-0.14496218
20241108_222646_771430358,0.06500047
20241108_222647_025522953,0.19092265
20241108_222647_278506658,0.083741605
20241108_222647_527420291,-0.0072197523
20241108_222647_775713485,-0.014399668
20241108_222648_025563120,0.03258995
20241108_222648_274021921,0.002805749
20241108_222648_521466860,0.025303701
20241108_222648_771943187,0.060760535
20241108_222649_022528349,-0.018509647
20241108_222650_021093880,-0.0075566377
20241108_222650_274769461,-0.0065411534
20241108_222650_526757976,-0.004546186
20241108_222651_022059135,-0.003452262
20241108_222653_023733740,0.03621439
20241108_222653_275243646,-0.10057416
20241108_222653_520772625,0.0673585
20241108_222653_772707175,0.25277427
20241108_222654_019762959,0.59472185
20241108_222654_273332688,1.2126733
20241108_222654_522766200,0.74841076
20241108_222654_772314477,0.51407814
20241108_222655_021337974,0.29466853
20241108_222655_271803270,0.3495812
20241108_222655_519706598,0.30258211
20241108_222655_771889076,0.16501932
20241108_222656_022202581,0.15761875
20241108_222656_274562850,0.17898177
20241108_222656_524133982,0.20128815
20241108_222656_777834861,0.37045306
20241108_222657_031646877,0.48191848
20241108_222657_281464150,-0.080303654
20241108_222657_530665211,0.07065709
20241108_222657_781306898,0.6989303
20241108_222658_028501414,0.22924088
20241108_222658_279259868,0.18787783
20241108_222658_528824331,0.5671437
20241108_222658_777257233,0.4852685
20241108_222659_026798828,0.60747516
20241108_222659_274961720,0.566773
20241108_222659_527416266,0.55402166
20241108_222659_776372322,0.42385563
20241108_222700_278958786,0.5873895
20241108_222700_525141792,0.20115067
20241108_222700_775598661,-0.058911197
20241108_222701_023085129,-0.09815245
20241108_222701_272718126,-0.010421446
20241108_222701_524508456,0.22329505
20241108_222701_775660186,0.15711834
20241108_222702_024665662,0.11520425
20241108_222702_274373258,0.13836525
20241108_222702_774434255,0.082539596
20241108_222703_023130930,0.20847444
20241108_222703_277365178,0.29312918
20241108_222703_775264387,0.20437305
20241108_222704_022328063,0.18265693
20241108_222704_274395514,0.16795461
20241108_222704_523747846,0.1590092
20241108_222704_776786734,0.22221132
20241108_222705_020531108,0.21233292
20241108_222705_271828224,-0.12244477
20241108_222705_519674682,-0.26939383
20241108_222705_772081409,-0.36908787
20241108_222706_021018256,-0.10834857
20241108_222706_269427489,-0.43720147
20241108_222706_518652253,-0.953418
20241108_222706_769927399,0.18592714
20241108_222707_021852362,0.10516552
20241108_222707_275103609,0.28426316
20241108_222707_522697041,0.1747735
20241108_222707_772290140,0.2596515
20241108_222708_021529462,0.08445171
20241108_222708_273733165,0.29051605
20241108_222708_523596138,0.31528047
20241108_222708_774668234,0.54453194
20241108_222709_023342381,0.5575099
20241108_222709_523018601,0.35032648
20241108_222709_772630522,0.3527781
20241108_222710_276328296,0.37754944
20241108_222710_522438903,0.24630491
20241108_222710_772854655,0.17045371
20241108_222711_021992197,-0.04815712
20241108_222711_271179889,0.2943437
20241108_222711_772314294,0.28654557
20241108_222712_020725701,0.49974045
20241108_222712_273749347,0.5534603
20241108_222712_521688743,0.36227447
20241108_222712_770776646,0.37884286
20241108_222713_023670991,1.3061502
20241108_222713_275873422,2.0230455
20241108_222713_523596161,-0.24264482
20241108_222713_775769527,-0.15871334
20241108_222714_024031240,-0.15842132
20241108_222714_274140898,-0.19073893
20241108_222714_525984933,-0.39151874
20241108_222715_029833341,-0.24291377
20241108_222715_280086086,-0.21580698
20241108_222716_028568625,-0.18635036
20241108_222716_283817102,-0.21152796
20241108_222716_528415101,-0.054550085
20241108_222716_780054425,0.1980919
20241108_222717_025084124,0.13897033
20241108_222717_278652077,0.09866091
20241108_222717_524103471,0.07734827
20241108_222719_277140533,0.076661564
20241108_222719_519884415,0.057599403
20241108_222720_018761735,-0.0053077545
20241108_222720_272358338,-0.27576265
20241108_222720_521483783,-0.69714504
20241108_222720_771728850,-1.222134
20241108_222721_020523572,-0.49255753
20241108_222721_275669399,-0.10300151
20241108_222721_524325713,-0.09468757
20241108_222722_020920742,-0.23014899
20241108_222722_274871825,-0.38319787
20241108_222722_771505045,-0.33766654
20241108_222723_273699969,-0.35036352
20241108_222723_518923799,-0.423171
20241108_222723_769826079,-0.48071164
20241108_222724_019269818,-0.7864004
20241108_222724_269137016,-0.61594266
20241108_222724_518225935,0.36258408
20241108_222724_769855816,0.10267726
20241108_222725_019838101,0.04896287
20241108_222725_273780110,-0.03148993
20241108_222725_521646179,0.15860175
20241108_222725_773648793,0.16667841
20241108_222726_024590398,0.1375827
20241108_222726_274625555,0.09825609
20241108_222726_521884379,-0.20538355
20241108_222726_775331479,-0.25668842
20241108_222728_272955854,-0.05198147
20241108_222728_520100631,-0.07093289
20241108_222729_019609942,-0.06566843
20241108_222729_271946145,-0.06428417
20241108_222729_520167140,-0.024774035
20241108_222729_771399374,-0.07080456
20241108_222730_271760030,-0.061238788
20241108_222730_518925516,-0.10070052
20241108_222730_770541499,-0.23843612
20241108_222731_020132634,-0.2534977
20241108_222731_270643653,-0.14819117
20241108_222731_518214539,-0.13451879
20241108_222731_770104257,-0.088626735
20241108_222732_275373604,-0.11111017
20241108_222732_521891475,0.67476267
20241108_222732_771625086,0.44232345
20241108_222733_520605788,0.2832565
20241108_222733_778104131,0.28896183
20241108_222734_025774983,0.27608615
20241108_222734_277018876,0.2586206
20241108_222734_525246485,0.8324174
20241108_222734_776025923,0.73114955
20241108_222735_020687229,0.5824497
20241108_222735_272655481,0.34610978
20241108_222735_524910348,0.42725813
20241108_222735_775088530,0.43521068
20241108_222736_020923460,0.74153703
20241108_222736_271121583,0.20353873
20241108_222736_522533996,0.1873893
20241108_222737_024169099,0.2557415
20241108_222737_274394042,0.28697
20241108_222737_519686653,0.33865285
20241108_222738_518879422,0.30469227
20241108_222738_771226136,0.35543135
20241108_222739_276292065,0.31286556
20241108_222739_771225674,0.32573813
20241108_222740_025095598,0.45328835
20241108_222740_521051104,0.57255834
20241108_222741_022731400,0.43280387
20241108_222741_273615435,-0.18183337
20241108_222741_528802162,-0.120491706
20241108_222741_773343665,0.031795986
20241108_222742_021478261,0.47004616
20241108_222742_272430177,0.018382886
20241108_222742_521012200,0.038930006
20241108_222742_771164682,0.041975982
20241108_222743_021737988,-0.38322958
20241108_222743_272777541,-0.07919993
20241108_222743_519941189,-0.07720452
20241108_222743_769490594,-0.15797512
20241108_222744_018661993,-0.098706834
20241108_222744_271302335,-0.09079518
20241108_222744_523439729,-0.0772131
20241108_222745_019394319,-0.070171885
20241108_222745_771575464,-0.029702475
20241108_222746_520620366,-0.7360577
20241108_222746_778095670,-0.19646718
20241108_222747_030889612,-0.14248143
20241108_222747_284313700,-0.13238625
20241108_222747_526784905,-0.13095872
20241108_222748_529025841,0.17888826
20241108_222748_781309828,0.36139622
20241108_222749_280212203,0.24814387
20241108_222749_522671522,0.7079967
20241108_222749_775687624,0.4243701
20241108_222750_020758777,0.33983782
20241108_222750_271729040,0.38124758
20241108_222750_522891821,0.088689335
20241108_222750_772920854,0.6190564
20241108_222751_020592119,0.16045134
20241108_222751_273311638,0.018951336
20241108_222751_522676238,0.10718442
20241108_222751_774298873,0.1336009
20241108_222752_022875579,0.20507358
20241108_222752_270647895,0.14399292
20241108_222752_519778578,0.21046342
20241108_222752_769561219,0.21491481
20241108_222753_019366768,0.039546646
20241108_222754_023249099,0.27473968
20241108_222754_283230508,0.48878756
20241108_222754_534325676,0.5202599
20241108_222754_781096804,0.12969698
20241108_222755_027577912,0.12841298
20241108_222755_522457509,0.13347875
20241108_222755_775808147,0.18294932
20241108_222756_023262303,0.18583204
20241108_222756_273282332,0.1905104
20241108_222756_521997523,0.20831896
20241108_222756_771308662,0.26314825
20241108_222757_020997740,0.8084194
20241108_222757_273353116,1.0086435
20241108_222757_521446346,0.69530666
20241108_222757_772874019,-0.2391348
20241108_222758_023897599,0.7953908
20241108_222758_273221311,0.4356818
20241108_222758_517569945,0.4604111
20241108_222759_023552114,0.48660758
20241108_222759_272717331,0.14644553
20241108_222759_521243745,0.097344674
20241108_222759_771558813,-0.005100688
20241108_222800_020353036,0.258287
20241108_222800_273824968,0.15052931
20241108_222800_523375214,-0.06308507
20241108_222800_777631183,-0.08873158
20241108_222801_031488002,0.002922574
20241108_222801_279322561,0.19673826
20241108_222801_523612549,-0.08835106
20241108_222801_775601030,-0.14908491
20241108_222802_022987784,-0.21717872
20241108_222802_273743330,-0.21304117
20241108_222802_522583803,-0.07174715
20241108_222803_019531131,-0.05815216
20241108_222804_019213907,-0.09252777
20241108_222804_272379504,-0.078777395
20241108_222804_518422324,-0.06280901
20241108_222805_524701704,-0.067845784
20241108_222805_776797079,-0.06692936
20241108_222806_022456262,-0.04041519
20241108_222806_279447646,-0.072526924
20241108_222807_275276656,-0.017497202
20241108_222807_521474287,-0.0034477916
20241108_222807_774537026,-0.042212866
20241108_222811_270938740,0.009166697
20241108_222811_519656132,-0.040206514
20241108_222811_769757081,1.2285695
20241108_222812_019892303,0.2843156
20241108_222812_270668536,0.023230055
20241108_222812_520669214,-0.015530666
20241108_222812_772948151,-0.12070989
20241108_222813_020419626,-0.6124946
20241108_222813_271330170,-0.20876001
20241108_222813_518668871,-0.17192231
20241108_222813_768640945,-0.10251536
20241108_222814_022423473,-0.08905455
20241108_222814_521672360,0.1720078
20241108_222814_778312669,0.29342335
20241108_222815_019174301,0.19198252
20241108_222815_273539404,0.16914193
20241108_222815_525924711,0.38855267
20241108_222815_777197679,0.57428384
20241108_222820_271173672,0.50993997
20241108_222820_520944044,0.9250375
20241108_222820_773146446,1.0252999
20241108_222821_027714114,0.4223923
20241108_222821_286814619,-0.5009198
20241108_222821_529958373,0.74995494
20241108_222821_780785334,-0.011887083
20241108_222822_026144812,0.49753729
20241108_222822_274899918,0.23680393
20241108_222822_519457870,0.2912034
20241108_222822_770839442,0.16930054
20241108_222823_519606885,0.21184169
20241108_222823_772596056,0.15618382
20241108_222824_275806749,0.18935834
20241108_222825_271513770,0.41941527
20241108_222825_523252567,0.45798683
20241108_222826_787400783,0.38458708
20241108_222827_041362744,0.043763734
20241108_222827_292071383,-0.031993352
20241108_222827_540838899,-0.28901836
20241108_222827_787268257,-0.06528153
20241108_222828_028695990,-0.058331363
20241108_222828_277889531,0.034222998
20241108_222828_526442142,0.25688055
20241108_222828_773323117,0.54781234
20241108_222829_021579935,0.54620165
20241108_222829_271871490,0.28526127
20241108_222829_518847921,0.19777025
20241108_222829_772224292,0.022540132
20241108_222830_021748887,0.069657184
20241108_222830_528473144,0.02099214
20241108_222830_775591783,-0.2799721
20241108_222834_524312258,-0.11233615
20241108_222834_773720369,0.10417811
20241108_222835_020595407,0.09115223
20241108_222836_279278377,-0.42713302
20241108_222836_532976924,-0.2660189
20241108_222836_782614057,-0.16403933
20241108_222837_029527337,-0.108066104
20241108_222837_278328714,-0.09886476
20241108_222837_525085312,-0.12143882
20241108_222837_774526715,-0.097441755
20241108_222838_026705701,-0.09142276
20241108_222839_771099510,-0.10166108
20241108_222840_768638739,-0.123127066
20241108_222841_520693745,-0.121777795
20241108_222842_022893574,-0.110134356
20241108_222842_519069416,-0.080389254
20241108_222843_525020076,0.13376136
20241108_222844_270776380,0.070889
20241108_222844_518911084,0.21304975
20241108_222845_774219376,0.21440385
20241108_222846_021201137,0.18505435
20241108_222846_271340296,0.32853115
20241108_222846_519459718,0.2614852
20241108_222847_016023399,0.19098972
20241108_222847_268475572,0.1668732
20241108_222847_518071953,0.191507
20241108_222847_768506079,0.027797678
20241108_222848_019767969,0.092470385
20241108_222848_275668420,0.11120806
20241108_222849_271578284,0.13676159
20241108_222851_021094265,0.13442604
20241108_222851_273468921,0.025467554
20241108_222851_519596909,0.3099328
20241108_222851_768304591,0.15439974
20241108_222852_018349193,0.17881037
20241108_222852_274400552,0.11204938
20241108_222852_523647632,0.2505748
20241108_222852_779314177,0.2157424
20241108_222853_027181432,0.12410406
20241108_222853_282318554,0.17459919
20241108_222853_528337384,0.16837831
20241108_222853_775505176,0.12533264
20241108_222854_277859431,0.16895948
20241108_222854_526822267,0.22738741
20241108_222855_272607455,0.18264697
20241108_222855_521243180,0.1855946
20241108_222856_773120744,0.19566627
20241108_222857_019576630,-0.16606228
20241108_222857_273018279,-0.22774635
20241108_222857_771200429,-0.16827555
20241108_222858_024477430,-0.08051064
20241108_222858_274060486,-0.038378917
20241108_222858_519254434,-0.056372546
20241108_222858_773039127,-0.041148208
20241108_222859_020669948,-0.092169724
20241108_222859_273462413,-0.087705515
20241108_222859_519020420,-0.07957711
20241108_222859_769429287,-0.07009127
20241108_222900_518812977,-0.08453622
20241108_222900_771987314,-0.10377341
20241108_222901_275621380,-0.042856775
20241108_222901_524830120,-0.07767429
20241108_222901_774509739,-0.065611385
20241108_222902_022299230,-0.06841066
20241108_222902_271895253,-0.25906935
20241108_222902_522958548,0.080200695
20241108_222902_772525027,0.24540852
20241108_222903_019319421,0.13216616
20241108_222903_775880841,0.09425614
20241108_222904_023208579,0.07567922
20241108_222904_275164087,0.07186846
20241108_222905_276775974,0.2116866
20241108_222905_521248725,0.13146912
20241108_222905_771466344,0.10592667
20241108_222906_018686524,0.08578596
20241108_222906_272560396,0.03921113
20241108_222907_525601771,0.027013162
20241108_222908_024628367,0.052806206
20241108_222908_772000894,0.21202269
20241108_222909_022286907,0.16772388
20241108_222909_520312834,0.14820094
20241108_222911_778836436,0.16399036
20241108_222912_273445043,-0.7464693
20241108_222912_522567637,-1.3910621
20241108_222912_780330540,0.44812462
20241108_222913_036762949,0.1683865
20241108_222913_289840514,0.09788982
20241108_222913_528174765,0.21103863
20241108_222913_777396459,0.13648407
20241108_222914_026736474,0.15680645
20241108_222914_525108861,0.14040951
20241108_222914_776142012,0.016286949
20241108_222915_274576772,-0.06519302
20241108_222915_522011887,-0.19437744
20241108_222915_771945408,0.025625447
20241108_222916_027782613,0.02653269
20241108_222916_274758807,0.023479143
20241108_222916_520115833,0.19118278
20241108_222917_526677899,0.18741082
20241108_222917_778229714,0.114995696
20241108_222918_025284438,0.52198946
20241108_222918_290393443,0.8598351
20241108_222918_530548531,0.3313028
20241108_222918_777714537,0.3577006
20241108_222919_278507934,-0.47937015
20241108_222919_525935916,-0.70476586
20241108_222919_776643637,-0.2330205
20241108_222920_022037520,-0.25860363
20241108_222920_273254639,-0.23108919
20241108_222920_519714997,-0.1621448
20241108_222921_018817764,-0.18856837
20241108_222921_520108680,-0.27022472
20241108_222921_769833167,-0.30942935
20241108_222922_019410733,-0.12745978
20241108_222922_270630674,0.15494338
20241108_222922_519377400,0.17659226
20241108_222922_766907462,0.12139896
20241108_222923_020601941,0.06075228
20241108_222923_269436465,0.041737415
20241108_222923_519746966,0.012526074
20241108_222923_772628732,0.20947169
20241108_222924_020700723,0.106287725
20241108_222924_522374596,1.005369
20241108_222924_775267417,1.3289998
20241108_222925_022246131,0.4233806
20241108_222925_275951146,0.26675093
20241108_222925_525049844,0.66092926
20241108_222925_782511832,-0.14259034
20241108_222926_033120703,-0.3601814
20241108_222926_292573007,-0.0650154
20241108_222926_538836563,0.03712461
20241108_222926_786670878,0.95326495
20241108_222927_028134172,-0.62239236
20241108_222927_275912980,-0.60765034
20241108_222927_521284919,-0.3185591
20241108_222927_772550340,0.4367828
20241108_222928_018574832,0.2313358
20241108_222928_273718050,0.2901691
20241108_222928_522933869,0.048469104
20241108_222928_775599779,0.12257955
20241108_222929_022913916,-0.07533582
20241108_222929_277419496,-0.20182534
20241108_222929_527322230,0.13033776
20241108_222929_779443406,0.121686794
20241108_222930_028702451,0.07200644
20241108_222930_277934142,0.17702185
20241108_222930_524690857,0.10628823
20241108_222930_774252968,0.12738143
20241108_222931_026806888,0.31171486
20241108_222931_273526874,0.28783277
20241108_222932_520063536,0.32937127
20241108_222933_017460636,0.17741178
20241108_222933_271221743,0.18351232
20241108_222933_518817021,0.17568557
20241108_222933_768768673,0.4458366
20241108_222934_017829528,0.5287301
20241108_222934_278300047,1.0382273
20241108_222934_523027193,0.51181287
20241108_222934_772242040,-0.062229834
20241108_222935_025376850,-0.23511745
20241108_222935_287860304,-0.35683006
20241108_222935_531301437,-0.50339913
20241108_222935_777256303,-0.42006832
20241108_222936_021033914,-0.52662116
20241108_222936_274988400,-1.333563
20241108_222936_519680117,-0.14352608
20241108_222936_773984832,0.53112906
20241108_222937_021798970,0.56449795
20241108_222937_273397867,0.6083297
20241108_222937_524479309,0.45486948
20241108_222937_769887132,0.8857176
20241108_222938_018326078,0.30986634
20241108_222938_273096323,-0.28598788
20241108_222938_520585814,0.034904256
20241108_222938_771149066,-0.0018303525
20241108_222939_020421093,0.34737688
20241108_222939_270097377,-0.009718072
20241108_222939_768454039,0.057752326
20241108_222940_520607932,0.03995111
20241108_222940_772347559,0.05557146
20241108_222941_023019580,0.16367269
20241108_222941_275474805,0.47435847
20241108_222941_523467259,0.55962193
20241108_222941_774014479,0.32032365
20241108_222942_022724918,0.29425675
20241108_222942_276800359,0.3015266
20241108_222942_522050630,0.3165031
20241108_222942_772952703,0.35441512
20241108_222943_019960275,0.40853962
20241108_222943_276102910,0.5562287
20241108_222943_771765039,0.46613753
20241108_222944_018944724,0.6052706
20241108_222944_271020896,-0.06351044
20241108_222944_519293574,-1.2841579
20241108_222944_768335754,-0.4975295
20241108_222945_019853066,-0.023631517
20241108_222945_271304217,-0.24437048
20241108_222945_523365040,-0.30482087
20241108_222945_770561892,-0.96068394
20241108_222946_021830459,-0.03272246
20241108_222946_270290655,0.01841917
20241108_222946_519304077,0.05638402
20241108_222946_769002772,-0.019757774
20241108_222948_019247489,-0.027732274
20241108_222948_268917186,-0.03971871
20241108_222948_520737919,-0.062121056
20241108_222948_781505665,0.24013181
20241108_222949_022944164,0.5591361
20241108_222949_272281321,0.20731837
20241108_222950_767898184,0.1746761
20241108_222951_021152894,0.43661097
20241108_222951_273440346,0.6399323
20241108_222951_521514461,0.32636946
20241108_222951_771402318,0.7906115
20241108_222952_020777068,0.8673067
20241108_222952_275356912,0.752147
20241108_222952_520945867,1.0220033
20241108_222952_768484328,1.3647414
20241108_222953_774465303,0.75533986
20241108_222954_520741274,0.7347621
20241108_222954_769533255,0.71411437
20241108_222955_269061144,0.6785678
20241108_222955_769599866,0.60679364
20241108_222956_018563001,0.2774161
20241108_222956_271814999,0.3100764
20241108_222956_520004922,0.20331126
20241108_222956_770058457,0.49049893
20241108_222957_019173877,0.76417404
20241108_222957_268505354,0.44346002
20241108_222957_517293523,-0.62654805
20241108_222957_767342303,0.87399936
20241108_222958_016818886,0.45994684
20241108_222958_269611474,0.5958403
20241108_222959_770862301,0.5502478
20241108_223000_018508581,0.43105516
20241108_223000_280677452,0.7882006
20241108_223000_538394086,-1.3795308
20241108_223000_797412954,0.85723644
20241108_223001_047751114,1.0515805
20241108_223001_294310923,0.79658127
20241108_223001_540112652,-0.80396646
20241108_223001_789459507,-0.15615575
20241108_223002_036467926,0.29299578
20241108_223002_292284921,0.37488413
20241108_223002_543753955,0.7083525
20241108_223002_785510011,0.2968243
20241108_223003_028185642,0.13847324
20241108_223003_278998866,-0.19571303
20241108_223003_527322104,-0.266311
20241108_223003_787485420,-0.11111849
20241108_223004_037161255,-0.5911586
20241108_223004_296074303,0.32853037
20241108_223004_540393399,0.24981807
20241108_223004_784138305,0.59648365
20241108_223005_024959262,0.48013297
20241108_223005_276651488,0.034922816
20241108_223005_526994070,-0.2339332
20241108_223005_781777543,-0.16232316
20241108_223006_024470271,0.0399156
20241108_223006_279393950,0.613244
20241108_223006_528757184,1.4550022
20241108_223006_783081025,-0.25606236
20241108_223007_030118955,-0.12834734
20241108_223007_283328423,0.169538
20241108_223007_536486458,0.09057727
20241108_223007_784578478,-0.40112054
20241108_223008_022442865,-0.09244126
20241108_223008_275389220,0.041368447
20241108_223008_528046360,0.3866054
20241108_223008_781753063,0.9253454
20241108_223009_031831770,0.68332964
20241108_223009_286707236,0.510091
20241108_223009_540281030,-0.22214389
20241108_223009_787160521,-0.06693727
20241108_223010_027766416,-0.09721931
20241108_223010_283633047,-0.3440753
20241108_223010_543768600,-0.36992928
20241108_223010_789379768,-0.3595922
20241108_223011_037450337,-0.35121867
20241108_223011_285373284,-0.586926
20241108_223011_535165877,-0.9780381
20241108_223011_783780108,-1.3291098
20241108_223012_037460503,-1.0805856
20241108_223012_288329840,0.3559452
20241108_223012_531650005,0.6346149
20241108_223012_781061868,0.83134407
20241108_223013_036367290,0.8215152
20241108_223013_289355518,0.52926916
20241108_223013_528309737,0.8101927
20241108_223014_275462468,0.29383132
20241108_223014_524398598,-0.6263282
20241108_223014_772981542,-0.4220213
20241108_223015_024791308,-0.32538006
20241108_223015_273247616,-0.25498864
20241108_223015_524020046,-0.40187728
20241108_223015_778123907,-0.54150385
20241108_223016_026554402,-0.32295492
20241108_223016_276082850,-0.20621417
20241108_223016_524007571,-0.09983178
20241108_223016_774821482,-0.036378168
20241108_223017_023235791,-0.014724156
20241108_223017_271959569,-0.114363454
20241108_223017_524762469,-0.062657796
20241108_223018_272654093,-0.5098616
20241108_223018_526006531,0.17404933
20241108_223018_773959884,0.43328795
20241108_223019_024078916,0.50019866
20241108_223019_274823465,0.8560528
20241108_223019_533565357,1.691276
20241108_223019_780995572,0.78839844
20241108_223020_029311410,0.8796861
20241108_223020_277198487,0.7544538
20241108_223020_779148925,0.84530246
20241108_223021_024493353,0.49754074
20241108_223021_274408837,0.74540794
20241108_223021_771748123,0.70601505
20241108_223022_022160909,0.8037666
20241108_223022_276298751,-0.61925316
20241108_223022_527134513,0.72422266
20241108_223022_778964421,-0.17329212
20241108_223023_025641342,-0.4889388
20241108_223023_274927138,0.65071183
20241108_223023_522420857,0.863937
20241108_223023_774970600,0.60527503
20241108_223024_024982189,0.5973784
20241108_223024_271770213,0.44232842
20241108_223024_522242146,0.6349935
20241108_223024_777478538,0.92231035
20241108_223025_026889613,-0.6246487
20241108_223025_277628653,0.6717264
20241108_223025_526851563,-0.129725
20241108_223025_776776860,-1.2185403
20241108_223026_031119905,-0.6864888
20241108_223026_282583924,-0.6362053
20241108_223026_534324653,-0.5504129
20241108_223026_779931783,-0.56105167
20241108_223027_023979301,-0.6534322
20241108_223027_274668058,-0.5070029
20241108_223027_522788865,-1.3172417
20241108_223027_773821879,-0.45539215
20241108_223028_024881660,-0.38214007
20241108_223028_280578410,-0.3005036
20241108_223028_527987574,0.07070743
20241108_223028_783253604,0.13219826
20241108_223029_036730240,0.10598842
20241108_223029_283643439,0.2969822
20241108_223029_532970317,0.13304149
20241108_223030_024596354,1.0168558
20241108_223030_273986224,-0.079361826
20241108_223030_523289614,0.17752479
20241108_223030_780472052,-0.066514574
20241108_223031_023805810,-0.17014648
20241108_223031_277886418,-0.2969434
20241108_223031_545795392,-0.3559277
20241108_223032_022288469,-0.17000856
20241108_223032_272236769,-0.41945657
20241108_223032_523641902,-0.3210853
20241108_223032_777626249,-0.35239533
20241108_223033_022573599,-0.23112635
20241108_223033_275487057,-0.16215684
20241108_223033_522045808,-0.3911604
20241108_223033_774155593,-0.15549867
20241108_223034_021608605,-0.17862768
20241108_223034_523064777,-0.15648963
20241108_223034_772934700,0.066320375
20241108_223035_275011443,0.05787895
20241108_223035_520201220,-0.6324287
20241108_223035_772976702,0.11508187
20241108_223036_020956671,-0.19628526
20241108_223036_269920459,-0.3339675
20241108_223036_520821097,-0.16476871
20241108_223037_276767842,0.009781087
20241108_223037_521937058,-0.08392986
20241108_223037_773080768,0.05004713
20241108_223038_018157094,-0.11186018
20241108_223038_523701920,-0.31434682
20241108_223038_775758993,-0.2154661
20241108_223039_022607029,-0.13517906
20241108_223039_276040434,-0.020049382
20241108_223039_524783754,0.17496243
20241108_223039_778464268,0.17554437
20241108_223040_024725282,0.1624537
20241108_223040_276034024,0.21768858
20241108_223040_523231802,0.21482806
20241108_223040_770646488,0.13642287
20241108_223041_522708683,0.14022861
20241108_223041_775863289,-0.020505449
20241108_223042_274071141,0.03010855
20241108_223043_282141326,0.034763314
20241108_223043_529186628,-0.24119939
20241108_223043_777952314,-0.32522097
20241108_223044_025626041,-0.0638751
20241108_223044_526601397,0.028661707
20241108_223044_779920569,-0.055227123
20241108_223045_036023437,0.08540477
20241108_223045_277356094,0.038004436
20241108_223046_019688566,0.02850614
20241108_223046_271075170,0.007860461
20241108_223046_769190879,0.02972267
20241108_223047_020050295,0.17634897
20241108_223047_269288280,0.4733788
20241108_223047_522534068,0.37079212
20241108_223047_771429822,0.33210012
20241108_223048_022875431,0.18845953
20241108_223048_277851710,-0.07412007
20241108_223048_525923984,-0.54889303
20241108_223048_779795586,-0.90707046
20241108_223049_023715242,-0.47255102
20241108_223049_280229868,-0.3667729
20241108_223049_531730402,0.49662766
20241108_223049_782932065,0.22776137
20241108_223050_035264154,0.20101015
20241108_223050_279392480,-0.11356559
20241108_223050_531463928,-0.033210896
20241108_223050_782182364,0.021046797
20241108_223051_278880790,0.0675321
20241108_223051_525092464,0.031289198
20241108_223052_023483173,0.35804424
20241108_223052_280717211,0.6416703
20241108_223052_528518470,1.0788097
20241108_223052_779517777,0.6111002
20241108_223053_028302373,0.6563278
20241108_223053_284404655,0.5345007
20241108_223053_536096251,0.021448234
20241108_223053_790803165,-0.048155688
20241108_223054_032245010,-0.11196088
20241108_223054_285324705,0.3727797
20241108_223054_523163454,1.0907705
20241108_223054_776219677,0.7109146
20241108_223055_026357692,1.2578629
20241108_223055_281733947,-0.681196
20241108_223055_524068393,-0.37701544
20241108_223055_779048909,-1.0552506
20241108_223056_284211977,0.5744413
20241108_223056_540100378,0.56812197
20241108_223056_790609032,0.66213393
20241108_223057_032759149,0.6703648
20241108_223057_285954403,0.68689173
20241108_223057_527776595,0.7046965
20241108_223058_027615485,0.5812534
20241108_223058_277109327,0.2810878
20241108_223058_779590393,0.055318937
20241108_223059_027227182,-0.5234686
20241108_223059_277691308,-0.7608188
20241108_223059_529121529,-0.5883083
20241108_223059_782941482,-0.78061223
20241108_223100_029132611,0.8529566
20241108_223100_282877951,0.035434827
20241108_223100_526702519,-0.51827395
20241108_223100_778033537,-0.45747042
20241108_223101_024239007,-0.61294127
20241108_223101_277338742,-1.1160514
20241108_223101_526859381,0.78258204
20241108_223101_775661074,0.60784405
20241108_223102_023675208,0.32460287
20241108_223102_273616999,0.09661291
20241108_223102_521767325,0.014570454
20241108_223102_783746366,-0.16578422
20241108_223103_029293221,-0.07810732
20241108_223103_287047640,-0.07440051
20241108_223103_535241449,-0.107378595
20241108_223103_781074787,-0.031140527
20241108_223104_276679994,0.24652769
20241108_223104_522352235,0.09879843
20241108_223104_773838095,0.049241222
20241108_223105_023689912,0.039118864
20241108_223105_522585102,0.548164
20241108_223105_775742535,0.89589655
20241108_223106_022006575,0.32927504
20241108_223106_273308062,0.36108238
20241108_223106_523691471,0.037847467
20241108_223106_773211378,-0.1645859
20241108_223107_018167792,0.028780589
20241108_223107_274274866,-0.06338685
20241108_223107_523744242,-0.02015992
20241108_223108_022126634,0.04603646
20241108_223108_274513908,0.074882664
20241108_223108_518730912,0.039426066
20241108_223109_030901197,0.0029704366
20241108_223109_282352913,0.00920544
20241108_223109_533223926,-0.048637293
20241108_223109_782636355,-0.07838454
20241108_223110_027540451,-0.07758292
20241108_223110_279693888,-0.23725651
20241108_223110_532156222,-0.76173514
20241108_223110_781913704,-1.7647051
20241108_223111_024599234,0.38594493
20241108_223111_271784862,0.10091243
20241108_223111_522797143,0.12279097
20241108_223111_778146756,0.20479958
20241108_223112_025481442,0.35546377
20241108_223112_278665450,-0.083739154
20241108_223112_521692286,-0.068349026
20241108_223112_781541212,0.016786376
20241108_223113_023326982,0.013389269
20241108_223113_274253714,-0.30258694
20241108_223113_529030154,-0.14018269
20241108_223113_779298282,-0.34889898
20241108_223114_026664129,-0.2505645
20241108_223114_281324222,-0.32312372
20241108_223114_779800530,-0.22316404
20241108_223115_023989764,-0.2990334
20241108_223115_275153612,-0.2340795
20241108_223115_519711946,-0.015181458
20241108_223115_771030777,-0.033203546
20241108_223116_020696864,0.0058854613
20241108_223116_272214649,-0.16453208
20241108_223116_525599657,-0.17745383
20241108_223116_777697621,-0.099565946
20241108_223117_023026073,-0.25215593
20241108_223117_268359778,-0.2309166
20241108_223117_517327239,-0.17802007
20241108_223117_770529073,-0.2502969
20241108_223118_266928061,-0.24522878
20241108_223118_517629204,-0.3016691
20241108_223118_767795446,-0.22569181
20241108_223119_016364311,-0.107431374
20241108_223119_517389310,-0.17332079
20241108_223119_769592232,-0.18706895
20241108_223120_017193504,0.037097514
20241108_223120_273536941,0.0840552
20241108_223120_520194730,0.11582633
20241108_223120_770658036,0.44070318
20241108_223121_020248300,0.54015917
20241108_223121_269925244,0.53827727
20241108_223121_529390600,0.53823173
20241108_223121_779726252,0.5178973
20241108_223122_023907045,0.53260607
20241108_223122_271177138,0.57147735
20241108_223122_522775147,0.49459264
20241108_223122_773569100,0.8704985
20241108_223123_028231235,0.7501942
20241108_223123_279110075,0.70603925
20241108_223123_522663734,0.9122679
20241108_223123_771773822,0.1916547
20241108_223124_019416607,0.26894897
20241108_223124_271709114,0.39237365
20241108_223124_521004822,0.9479546
20241108_223124_774581156,0.88208884
20241108_223125_022385136,0.7928553
20241108_223126_019684074,0.7547139
20241108_223126_272274069,0.069034494
20241108_223126_519323995,0.013995657
20241108_223126_771815256,-0.25690013
20241108_223127_021638247,-0.0031520333
20241108_223127_272147754,-0.030544182
20241108_223127_522720410,0.0848188
20241108_223127_775500376,0.6790201
20241108_223128_032026539,0.925627
20241108_223128_276404024,-0.49458754
20241108_223128_521190364,-0.14504829
20241108_223128_770004487,-0.7876666
20241108_223129_018447760,-0.98813236
20241108_223129_272091515,-0.28465927
20241108_223129_520625012,-0.1713318
20241108_223129_772738228,0.54614484
20241108_223130_020018321,0.32432988
20241108_223130_272296912,-0.008547744
20241108_223130_525572797,0.0018650088
20241108_223130_778160893,-0.29727694
20241108_223131_030693070,-0.14219083
20241108_223131_273546365,-0.2048998
20241108_223131_526420281,-0.030224403
20241108_223131_784553053,0.055699848
20241108_223132_028411754,-0.052353106
20241108_223132_526944699,-0.07069155
20241108_223133_276562550,-0.11287495
20241108_223133_771105450,-0.16730608
20241108_223134_022205942,-0.08714672
20241108_223135_285628797,-0.14995421
20241108_223135_528647651,-0.2751837
20241108_223135_776320068,-0.44322404
20241108_223136_024716053,-0.45083454
20241108_223136_275390214,-0.54938465
20241108_223136_521981985,-0.38097575
20241108_223137_016233953,-0.3536344
20241108_223137_271102801,-0.42955625
20241108_223137_521107078,0.5014421
20241108_223137_773918466,0.2307447
20241108_223138_028135830,-0.2595856
20241108_223138_282507991,-0.2606018
20241108_223138_529669018,0.30826735
20241108_223138_781704083,0.5216749
20241108_223139_035295689,0.17520954
20241108_223139_280294550,-0.15984459
20241108_223139_524595436,-0.14025517
20241108_223139_778663375,-0.047067784
20241108_223140_025017999,-0.046907745
20241108_223140_280140909,-0.20974658
20241108_223140_527145553,-0.15198399
20241108_223140_780866629,-0.35989466
20241108_223141_024410335,-0.15800817
20241108_223141_284654183,0.07445071
20241108_223141_527262853,0.009436825
20241108_223141_777708171,-0.07832106
20241108_223142_022219939,0.11767597
20241108_223142_277832825,0.069082774
20241108_223142_528616993,0.02321575
20241108_223142_779810676,0.09061418
20241108_223143_022915358,0.17927025
20241108_223143_274611390,0.2119116
20241108_223143_522653342,0.40944996
20241108_223143_770505776,0.3180082
20241108_223144_527590016,0.24406527
20241108_223144_782077540,0.13694958
20241108_223145_024455086,0.115972795
20241108_223145_269053002,0.132681
20241108_223145_769614016,0.27893332
20241108_223146_017169621,0.24293037
20241108_223146_267296827,0.18026428
20241108_223146_517283504,0.17388158
20241108_223146_767482655,0.0027895365
20241108_223147_018393100,-0.082137965
20241108_223147_271766439,-0.04296889
20241108_223147_769330431,0.004478732
20241108_223148_019328791,0.1148474
20241108_223148_274104169,1.41638
20241108_223148_522676327,-0.07551171
20241108_223148_772850569,-0.03697659
20241108_223149_020969887,-0.038585305
20241108_223149_273599080,-0.08013632
20241108_223149_520240952,-0.49598902
20241108_223149_776196396,-0.24244262
20241108_223150_023350736,-0.21461613
20241108_223150_271272566,-0.20758642
20241108_223150_525435377,-0.38698265
20241108_223150_782534688,-0.29754004
20241108_223151_022889160,-0.3365126
20241108_223151_275958451,-0.3008849
20241108_223151_522091640,-0.23189338
20241108_223152_021549486,-0.23434211
20241108_223152_277605810,-0.23851945
20241108_223152_522119360,-0.23194362
20241108_223152_773792813,-0.22772516
20241108_223153_017635689,-0.22275789
20241108_223154_018929373,-0.21595718
20241108_223154_269914787,-0.25652668
20241108_223154_518064331,-0.5140443
20241108_223154_770565095,-0.36459112
20241108_223155_019111145,-0.1485723
20241108_223155_276213212,0.1557697
20241108_223155_526479073,0.21652931
20241108_223155_779745797,0.476566
20241108_223156_026705987,0.2707331
20241108_223156_276841183,0.4117267
20241108_223156_522640198,0.52722174
20241108_223156_774085833,0.44782624
20241108_223157_271755377,0.36041385
20241108_223157_520591975,0.22782056
20241108_223157_769481007,0.13352846
20241108_223158_017675017,0.46704143
20241108_223158_274028131,0.45399943
20241108_223158_519213259,0.6533988
20241108_223159_015861180,0.48836753
20241108_223159_271791668,0.64038396
20241108_223200_276082940,0.53126514
20241108_223200_773205547,0.07572845
20241108_223201_025716649,-0.6779487
20241108_223201_292894746,-0.28223577
20241108_223201_540682975,0.1559382
20241108_223201_793450489,0.8913977
20241108_223202_036457220,0.572792
20241108_223202_282154622,0.22619797
20241108_223202_527943626,0.052697636
20241108_223202_782407099,-0.25380242
20241108_223203_022534062,-0.18674211
20241108_223203_270397097,0.107076384
20241108_223203_525034899,0.12252072
20241108_223203_782668944,0.008620122
20241108_223204_029342350,0.037665762
20241108_223204_281779692,0.057243086
20241108_223204_531218491,-0.19278108
20241108_223204_781185213,-0.4803954
20241108_223205_028281779,-1.276936
20241108_223205_278818127,0.2628594
20241108_223205_530967574,0.38547733
20241108_223205_778144421,0.36916897
20241108_223206_023897275,0.20943849
20241108_223206_282196591,0.12163774
20241108_223206_520625840,0.10082392
20241108_223206_774201644,0.199279
20241108_223207_021659965,0.45166317
20241108_223207_272424380,0.6790672
20241108_223207_527802140,0.511134
20241108_223207_772933498,0.338028
20241108_223208_020519707,0.21834983
20241108_223208_268253575,1.1412
20241108_223208_516333142,0.53557473
20241108_223208_771017601,1.4076436
20241108_223209_023841579,0.78923094
20241108_223209_274965266,0.44532883
20241108_223209_524053701,0.45253453
20241108_223209_775022169,0.5138007
20241108_223210_020404180,0.1576
20241108_223210_272720400,0.14849259
20241108_223210_520249114,0.07306106
20241108_223210_773380886,-0.17584445
20241108_223211_022959863,-0.22606187
20241108_223211_276643126,-0.12605865
20241108_223211_529856363,-0.18779977
20241108_223211_783838707,-0.12736107
20241108_223212_029716733,-0.19810762
20241108_223212_284097021,-0.26381585
20241108_223212_533035596,-0.2199366
20241108_223212_779494393,-0.6931215
20241108_223213_020669790,-0.3483319
20241108_223213_271358734,-0.34865618
20241108_223213_520596437,-0.12503637
20241108_223213_782272252,0.08242122
20241108_223214_024899686,0.12253598
20241108_223214_272388264,0.2910196
20241108_223214_520424441,0.15342568
20241108_223214_773446904,0.05041556
20241108_223215_018528195,-0.05457928
20241108_223215_267530599,-0.038038038
20241108_223215_518076585,0.18046512
20241108_223215_769029918,0.48708835
20241108_223216_019779516,0.24282031
20241108_223216_271275555,0.17544554
20241108_223216_519742114,-0.12434616
20241108_223216_772743373,0.005742112
20241108_223217_280557997,-1.6747195
20241108_223217_526286710,0.9846472
20241108_223217_777167806,0.29921052
20241108_223218_025238931,0.27861485
20241108_223218_278043917,0.34336248
20241108_223218_523195731,0.32351348
20241108_223218_773552115,0.5007677
20241108_223219_020053048,0.43468618
20241108_223219_272739778,0.3679977
20241108_223219_518360120,0.18264474
20241108_223219_767727330,0.2973113
20241108_223220_019326856,0.563615
20241108_223220_273916441,0.3795314
20241108_223220_525129528,0.49723855
20241108_223220_783178463,0.050448664
20241108_223221_031059943,0.12318013
20241108_223221_274357583,0.1309252
20241108_223221_520943735,0.073330976
20241108_223221_770531673,0.41597337
20241108_223222_271187038,0.5101617
20241108_223222_521254104,0.82390356
20241108_223222_771769086,0.62604594
20241108_223223_024804050,0.5680513
20241108_223223_275483224,-0.29421285
20241108_223223_524766140,-0.29804203
20241108_223223_771353457,-0.012495893
20241108_223224_026894328,-0.055541843
20241108_223224_275184931,-0.15603013
20241108_223224_520084870,-0.35594934
20241108_223224_768262435,-0.64178675
20241108_223225_022636915,-0.78752416
20241108_223225_272990830,-0.18570477
20241108_223225_522175807,-0.05428715
20241108_223225_776165242,-0.05051583
20241108_223226_268712877,-0.124574445
20241108_223226_514827375,-0.20224817
20241108_223226_767232823,-0.16035147
20241108_223227_017178844,-0.15159519
20241108_223227_267625309,-0.15470578
20241108_223227_768216375,-0.33549455
20241108_223228_018717567,-0.35511908
20241108_223228_268455884,-0.7762361
20241108_223228_516847908,-1.1249813
20241108_223228_768567120,-0.3144396
20241108_223229_019273644,0.27921936
20241108_223229_273883925,0.22187261
20241108_223229_525076724,0.2784125
20241108_223229_773991369,-0.050835453
20241108_223230_018521887,-0.15441652
20241108_223230_269391421,-0.01206561
20241108_223230_522356918,0.44873202
20241108_223230_779306440,0.07629732
20241108_223231_024454230,-0.049847625
20241108_223232_016818280,0.050677694
20241108_223232_270931754,0.19339143
20241108_223232_522726967,0.50542814
20241108_223233_526551218,0.30577698
20241108_223233_772947587,0.29351768
20241108_223236_269381009,0.30498007
20241108_223237_268017655,0.26625213
20241108_223237_516663297,0.27297592
20241108_223237_767917866,0.83667266
20241108_223238_020034805,0.36160982
20241108_223238_276680241,0.60579175
20241108_223238_521036663,0.53261095
20241108_223238_774133165,0.49029407
20241108_223239_519760990,0.4597803
20241108_223239_772281946,-0.06397047
20241108_223240_019468703,-0.19451316
20241108_223240_268817846,-0.058976583
20241108_223242_019672898,0.039284863
20241108_223242_268904277,0.13083915
20241108_223242_518019208,0.22012965
20241108_223242_771927930,0.19728787
20241108_223243_769251240,0.15640913
20241108_223245_017816865,0.19554393
20241108_223245_268597586,0.11792032
20241108_223246_278534346,0.118451394
20241108_223246_785792997,0.11921001
20241108_223247_031017177,0.12711425
20241108_223247_526623658,0.12796177
20241108_223247_778339031,0.22602747
20241108_223248_023988061,0.17557044
20241108_223248_778006143,0.172188
20241108_223249_023938037,0.4567575
20241108_223249_283190009,0.41082388
20241108_223249_525025693,0.31184226
20241108_223249_771144358,1.1109935
20241108_223250_019364830,0.32657206
20241108_223250_268173355,-0.03144493
20241108_223250_518064483,-0.7185127
20241108_223250_770340021,-0.5448001
20241108_223251_016834656,-0.2578641
20241108_223251_269135404,-0.21313252
20241108_223251_517586451,-0.13688906
20241108_223251_772456519,0.11729374
20241108_223252_017670038,0.045656875
20241108_223252_273957214,-0.122824274
20241108_223252_515067462,-0.20410971
20241108_223252_768457578,-0.19802688
20241108_223253_019780088,-0.13247265
20241108_223254_522587811,1.1511514
20241108_223254_777932403,0.13557155
20241108_223255_025845693,-0.14243992
20241108_223255_276220941,-0.09849199
20241108_223255_519712889,-0.08807763
20241108_223255_771687030,-0.1384544
20241108_223256_022857041,-0.56264675
20241108_223256_273008965,0.16957085
20241108_223256_520200081,0.8327614
20241108_223256_770396926,0.18972956
20241108_223257_016294797,-0.0012225714
20241108_223257_265846845,0.13013898
20241108_223257_516725756,0.4888281
20241108_223257_771908168,0.47751114
20241108_223258_020270478,0.29582116
20241108_223258_274470076,0.3322234
20241108_223258_522119098,0.03229127
20241108_223258_771946158,0.15439503
20241108_223259_020519353,-0.0019428935
20241108_223259_270049164,0.15235053
20241108_223259_517826004,0.43849078
20241108_223259_769222963,0.34313443
20241108_223300_017093881,0.44754457
20241108_223300_269822391,0.35752997
20241108_223300_518395134,0.4386884
20241108_223300_777540724,0.03582517
20241108_223301_019948744,-0.15038438
20241108_223301_273396663,0.032260813
20241108_223301_520219375,0.20975454
20241108_223301_767996036,-0.052754663
20241108_223302_022237525,-0.54757345
20241108_223302_270009547,-0.9187036
20241108_223302_521567197,-0.08310076
20241108_223302_776049289,-0.14427249
20241108_223303_020470856,0.5020439
20241108_223303_274774835,0.4326581
20241108_223303_521895342,0.31822857
20241108_223303_771708380,0.35029167
20241108_223304_028927212,0.1342669
20241108_223304_272550305,-0.19179817
20241108_223304_518301954,-0.20111518
20241108_223304_771017425,-0.07393601
20241108_223305_016124761,0.119941615
20241108_223305_267607142,0.21184944
20241108_223305_771679577,0.10443995
20241108_223306_016010419,0.08430282
20241108_223306_517817530,0.07056955
20241108_223306_767855410,-0.049794517
20241108_223307_018472412,-0.013650676
20241108_223307_269898413,0.0074513946
20241108_223307_517586219,-0.14301868
20241108_223307_769421326,-0.34586874
20241108_223308_020060154,-0.3595164
20241108_223308_280588010,0.20375432
20241108_223308_524918849,0.4978589
20241108_223308_784012839,0.028973201
20241108_223309_044103632,-0.1340894
20241108_223309_289658086,0.0009661112
20241108_223309_531791619,-0.0144545045
20241108_223310_026206646,0.3907621
20241108_223310_275186300,0.71826524
20241108_223310_518531930,0.3279898
20241108_223310_770500962,0.14931203
20241108_223311_022120320,0.6242253
20241108_223312_015835618,0.7641084
20241108_223312_272477861,0.82699215
20241108_223312_516893527,0.66621435
20241108_223312_769904602,0.47070456
20241108_223313_017364076,0.7600099
20241108_223313_269174230,0.583189
20241108_223313_517735582,0.726513
20241108_223313_773082347,0.7947372
20241108_223314_024104391,0.4666081
20241108_223315_018728560,0.7024348
20241108_223315_270965713,0.53854007
20241108_223316_016754217,0.73486847
20241108_223316_268117194,1.8497577
20241108_223316_517415674,0.81018
20241108_223316_771697130,0.5232121
20241108_223317_019885725,0.44717804
20241108_223317_277261221,0.33254296
20241108_223317_769277937,0.36587724
20241108_223318_016845203,0.35431787
20241108_223318_273226136,0.4317043
20241108_223318_523938692,0.61392325
20241108_223318_775490525,0.42692667
20241108_223319_019621988,0.37345952
20241108_223319_270756429,0.32920682
20241108_223319_518616348,-0.018772325
20241108_223319_774617020,0.07320974
20241108_223320_024614785,0.0768571
20241108_223320_275782453,0.11799494
20241108_223320_520218831,0.12122134
20241108_223321_018541650,0.07423777
20241108_223321_266523160,0.11186106
20241108_223321_772642041,0.107646205
20241108_223322_024131254,0.10508887
20241108_223322_520209469,-0.026723823
20241108_223322_778261720,0.018375376
20241108_223323_028289408,-0.006953558
20241108_223323_275821225,-0.16073029
20241108_223323_524860669,-0.53563154
20241108_223323_774867378,-0.115267895
20241108_223324_018135732,-0.114229284
20241108_223324_272319937,-0.1476859
20241108_223324_773309086,-0.10133024
20241108_223325_026277100,-0.09408217
20241108_223326_278485697,-0.026397726
20241108_223326_530832639,-0.08763432
20241108_223326_785458255,-0.288129
20241108_223327_030171210,-0.3066698
20241108_223327_278816508,-0.39562398
20241108_223327_531065834,-0.13948195
20241108_223327_778650850,0.13743111
20241108_223328_026539511,-0.23791833
20241108_223328_282211727,-0.28106114
20241108_223328_526353138,-0.16239242
20241108_223328_782330890,0.05843798
20241108_223329_026793672,-0.16934124
20241108_223329_286888801,-0.3792481
20241108_223329_542401283,-0.19859721
20241108_223329_788466817,-0.14579554
20241108_223330_027866482,-0.18611194
20241108_223330_279420777,-0.16361798
20241108_223330_521004791,-0.15602566
20241108_223330_775202712,-0.34817967
20241108_223331_020095714,-0.30427116
20241108_223331_518865470,-0.27840665
20241108_223331_768386171,-0.33799997
20241108_223332_020486939,-0.24159081
20241108_223332_274375225,-0.22670694
20241108_223332_778382827,-0.26636294
20241108_223333_021356927,-0.3197949
20241108_223333_275693056,0.020307804
20241108_223333_524198963,0.009055534
20241108_223333_773370932,-0.108602725
20241108_223334_022073393,-0.09492674
20241108_223334_277582661,-0.06511261
20241108_223334_774381421,-0.054354988
20241108_223335_018768848,-0.019611975
20241108_223335_274171301,-0.21161796
20241108_223335_523367200,-0.2471105
20241108_223335_770916543,-0.29689074
20241108_223336_017935086,-0.23613332
20241108_223336_271786101,-0.12509258
20241108_223336_769781738,-0.097749256
20241108_223337_021460816,-0.16284402
20241108_223337_272462844,-0.18772118
20241108_223337_521034437,-0.5396325
20241108_223337_774348883,-0.27300027
20241108_223338_017647112,-0.23406117
20241108_223338_271764996,-0.1387928
20241108_223338_774926539,-0.09489205
20241108_223339_272281350,-0.13509871
20241108_223339_521783602,-0.17613764
20241108_223339_773686008,-0.13829078
20241108_223340_023764868,-0.1161057
20241108_223340_519240170,-0.16249378
20241108_223340_774482726,-0.1506278
20241108_223341_020890290,-0.7805626
20241108_223341_270043552,-0.94022626
20241108_223341_519969410,-0.42105874
20241108_223341_776675216,-0.2699957
20241108_223342_020492445,-0.15539612
20241108_223342_272117575,-0.19594814
20241108_223342_518816628,-0.16300197
20241108_223342_770583340,0.10463754
20241108_223343_023758163,-0.036774896
20241108_223343_279843590,-0.027142545
20241108_223343_522326041,0.17146623
20241108_223344_271836830,0.035617746
20241108_223344_519036946,0.008701244
20241108_223344_769702705,0.064932086
20241108_223345_021056308,0.05574123
20241108_223345_277677085,-0.4673324
20241108_223345_525875227,-0.035197064
20241108_223345_780557404,-0.08159577
20241108_223346_026243655,-0.06311532
20241108_223347_023690416,-0.018409451
20241108_223347_275910160,0.075559415
20241108_223347_523563107,0.30399922
20241108_223347_775782308,0.14938225
20241108_223348_022848639,0.10852928
20241108_223348_272311837,0.222982
20241108_223348_774418063,0.16307975
20241108_223349_519777326,0.23146741
20241108_223349_772716872,0.14249991
20241108_223350_772954217,0.12230588
20241108_223351_270947730,0.11986015
20241108_223351_521945586,0.12364558
20241108_223351_771650811,0.14807881
20241108_223352_021971219,0.122983254
20241108_223352_273058557,0.5276745
20241108_223352_523847012,0.321995
20241108_223352_772826842,0.25450093
20241108_223353_019284982,0.25788715
20241108_223353_271009302,0.34500572
20241108_223353_517257682,0.31130105
20241108_223353_771763590,0.33979332
20241108_223354_025907368,0.24699198
20241108_223354_278231417,-0.7843774
20241108_223354_528543446,-0.2563999
20241108_223354_776249558,0.111995645
20241108_223355_019524890,0.22956909
20241108_223355_271675640,0.78896976
20241108_223355_518684144,0.46578076
20241108_223355_778574749,0.45572898
20241108_223356_024014261,0.32853493
20241108_223356_278927151,0.33496585
20241108_223356_524753930,0.29358175
20241108_223356_777100386,0.36440235
20241108_223357_022291916,0.19477926
20241108_223357_276413013,0.20223157
20241108_223357_525508278,0.1461188
20241108_223357_773509541,-0.08074015
20241108_223358_020702929,0.08194009
20241108_223358_271484874,0.1301498
20241108_223358_517532197,0.08681265
20241108_223358_771704265,0.086328305
20241108_223359_270586524,0.03407816
20241108_223359_766471556,0.03875301
20241108_223400_017154210,0.037904896
20241108_223400_771762622,-0.08579465
20241108_223401_024602872,-1.5111551
20241108_223401_277609982,0.5457383
20241108_223401_530775812,-0.10356035
20241108_223401_777666122,-1.208198
20241108_223402_027174368,-0.22267313
20241108_223402_275789963,0.8665913
20241108_223402_525350618,-0.27334973
20241108_223402_773748952,-0.027597986
20241108_223403_025565081,-0.31166717
20241108_223403_273969472,0.10331192
20241108_223403_519284844,0.21227929
20241108_223403_771172446,0.25610507
20241108_223404_018611402,0.32445517
20241108_223404_274012975,-0.19388251
20241108_223404_517720237,-0.7847108
20241108_223404_770823254,-1.214611
20241108_223405_018202998,-0.84408814
20241108_223405_268396311,0.83956176
20241108_223405_517502366,-0.17247197
20241108_223405_778387640,-1.0923642
20241108_223406_024947942,0.9374542
20241108_223406_274715469,0.48208287
20241108_223406_523265121,-0.3071219
20241108_223406_771989529,-0.95762676
20241108_223407_018346284,1.1159092
20241108_223407_267571288,1.0123599
20241108_223407_516265136,0.5097838
20241108_223408_015295663,0.63961285
20241108_223408_264922076,0.6470074
20241108_223408_513773198,-0.49117416
20241108_223408_768257058,-0.30607438
20241108_223409_015541974,-0.22777005
20241108_223409_266446195,-0.30115232
20241108_223409_513375255,-0.2624813
20241108_223409_765883589,-0.24119176
20241108_223410_769631095,-0.07998117
20241108_223411_016493562,0.040338196
20241108_223411_268566253,0.0014380012
20241108_223411_522638038,0.09258524
20241108_223411_772557709,0.74161994
20241108_223412_017881626,0.6599168
20241108_223412_272233347,0.60428995
20241108_223412_520822642,1.6138121
20241108_223412_777022978,0.6015645
20241108_223413_022684349,0.7084446
20241108_223413_269574464,0.65859354
20241108_223414_016473215,0.643959
20241108_223414_265947425,0.5358595
20241108_223414_765861400,0.60423183
20241108_223415_014975411,0.12568341
20241108_223415_266036487,0.21346472
20241108_223415_516238529,0.21392544
20241108_223415_766385848,0.2706288
20241108_223416_014967531,0.64984107
20241108_223416_265855627,0.60100156
20241108_223416_514639761,0.53427035
20241108_223416_764962903,0.5080994
20241108_223417_013655873,0.53823864
20241108_223417_266394542,0.51175153
20241108_223417_764241192,0.13819663
20241108_223418_012936577,0.19428588
20241108_223418_265360771,0.18051212
20241108_223418_767071391,0.3233757
20241108_223419_014074122,0.63412344
20241108_223420_018369907,0.6937951
20241108_223420_269549187,0.58371747
20241108_223420_517771869,-0.24596106
20241108_223420_768272791,-0.18063526
20241108_223421_014971355,-0.037795424
20241108_223421_265329906,-0.127746
20241108_223421_515301575,-0.02258848
20241108_223421_764431894,-0.06796356
20241108_223422_017507759,-0.13337924
20241108_223422_267286207,-0.08104446
20241108_223422_513434826,-0.13893147
20241108_223422_763892649,-0.07602491
20241108_223423_012338774,-0.13327606
20241108_223423_266262247,-0.01640757
20241108_223423_517986575,-1.0739031
20241108_223423_766081404,0.9039172
20241108_223424_014721154,0.0684097
20241108_223424_266268845,-0.45901686
20241108_223424_514482696,-0.29338285
20241108_223424_767387667,-0.20431021
20241108_223425_016472545,-0.19905224
20241108_223425_771475480,-0.10629309
20241108_223426_021365008,-0.31130084
20241108_223426_269607142,-0.20503272
20241108_223427_021717745,-0.01264192
20241108_223427_282212929,0.280274
20241108_223427_531231896,0.14918214
20241108_223427_781633068,0.15657434
20241108_223428_021743272,-0.022134861
20241108_223428_271197981,0.03018264
20241108_223428_517852484,0.0070625935
20241108_223428_771553858,-0.035620414
20241108_223429_266912338,-0.13239075
20241108_223429_518398149,-0.10825797
20241108_223430_271167734,-0.092138074
20241108_223430_768667689,-0.26500142
20241108_223431_016256256,-0.72761935
20241108_223431_266858690,-0.32360014
20241108_223431_519959217,0.26839393
20241108_223431_773355540,0.24990986
20241108_223432_019836161,0.00074906833
20241108_223432_266414770,-0.1472118
20241108_223432_517889071,-0.22101022
20241108_223432_771459924,-0.6578849
20241108_223433_026206091,-0.4802922
20241108_223433_283062713,-0.6518178
20241108_223433_522027852,-0.35449448
20241108_223433_768094923,-0.3283237
20241108_223434_017640758,-0.3456604
20241108_223434_268161585,-0.32266164
20241108_223434_517266914,-0.0033094436
20241108_223434_769400487,-0.07520339
20241108_223435_014714662,-0.1630844
20241108_223435_269636770,-0.062239073
20241108_223435_516123946,-0.121149026
20241108_223437_013759133,-0.13990362
20241108_223437_270532995,-0.1073375
20241108_223437_518181943,-0.12028321
20241108_223437_768905704,-0.14483519
20241108_223438_516123151,-0.14485605
20241108_223438_767452770,-0.09682795
20241108_223439_263469851,-0.0366114
20241108_223439_765899619,-0.07405963
20241108_223440_013261278,-0.04291358
20241108_223440_268117719,-0.09425517
20241108_223440_515595421,-0.11605533
20241108_223440_770713575,0.16902255
20241108_223441_017927830,0.26474535
20241108_223441_265812658,0.2200112
20241108_223441_515468395,0.17217681
20241108_223443_019102068,0.052956738
20241108_223443_277120360,0.048386075
20241108_223443_519604510,-0.32228428
20241108_223443_776207307,-0.47021
20241108_223444_017714637,-0.43842736
20241108_223444_272240847,-0.17921562
20241108_223444_517762977,-0.18022914
20241108_223444_782914612,-0.2555034
20241108_223445_278251041,-0.20774259
20241108_223446_516415589,-0.09528949
20241108_223446_765968818,-0.18048055
20241108_223447_015624506,-0.13573928
20241108_223447_263851824,-0.13968773
20241108_223447_513961811,-0.19237639
20241108_223447_764474423,-0.27978382
20241108_223448_015404406,-0.38904616
20241108_223448_263437677,-0.27331883
20241108_223448_513593354,-0.23038013
20241108_223448_763519981,-0.1939822
20241108_223449_012243993,-0.14492364
20241108_223450_265207562,-0.16320015
20241108_223450_514622531,-0.17970075
20241108_223451_764925761,-0.1761051
20241108_223452_015964364,-0.3584725
20241108_223452_266866026,-0.41166973
20241108_223452_513551518,-0.33801487
20241108_223452_765080179,-0.1826814
20241108_223453_015961917,-0.5296579
20241108_223453_266059489,0.33254108
20241108_223453_513831635,-0.0058458652
20241108_223453_763953387,-0.17381312
20241108_223454_011633459,-0.22178872
20241108_223454_262036738,-0.14857347
20241108_223454_510527477,-0.12574776
20241108_223455_267757516,0.08987632
20241108_223455_514636199,0.055984832
20241108_223455_763358901,0.09946487
20241108_223456_261868242,0.08518139
20241108_223456_764260425,0.009688297
20241108_223457_015155151,-0.13079454
20241108_223457_766501343,-0.06372126
20241108_223458_014342003,-0.06119766
20241108_223458_268716147,-0.05738058
20241108_223458_515368801,-0.05490937
20241108_223458_771104821,0.057272546
20241108_223459_015068273,0.10673819
20241108_223459_766023565,0.10749952
20241108_223500_015224707,-0.019199034
20241108_223500_266032115,0.063888766
20241108_223500_769615917,0.19793147
20241108_223501_270858740,0.2471367
20241108_223501_521869054,0.44692203
20241108_223501_773326019,0.98457116
20241108_223502_025530075,0.4975498
20241108_223502_272456907,0.12209109
20241108_223502_520220809,-0.12924398
20241108_223502_776132510,0.26357982
20241108_223503_026651321,0.0676961
20241108_223503_277323438,0.13701938
20241108_223503_523967500,-0.023917278
20241108_223503_779977951,-0.077921055
20241108_223504_023608617,-0.01722606
20241108_223504_287543527,-0.5914923
20241108_223504_540531687,-0.51452583
20241108_223504_787000671,-0.42940092
20241108_223505_040718080,-0.33458123
20241108_223505_295890901,-0.2739202
20241108_223505_529713690,-0.6106824
20241108_223505_780731435,-0.43835607
20241108_223506_026866625,-0.2735779
20241108_223506_277934951,-0.04037656
20241108_223506_520686681,-0.014214655
20241108_223507_018665777,-0.16355796
20241108_223507_272677767,-0.15081175
20241108_223508_013823348,-0.16403683
20241108_223508_267892334,-0.17009155
20241108_223508_515273123,-0.14572535
20241108_223508_771663824,-0.29583973
20241108_223509_013876624,-0.15084
20241108_223509_516148621,-0.17227282
20241108_223509_765241661,-0.169825
20241108_223510_267668381,-0.16207771
20241108_223510_514161860,0.07011409
20241108_223510_766537430,0.06692974
20241108_223512_265673262,-0.013350269
20241108_223512_764106130,-0.022827944
20241108_223513_262121082,-0.01793488
20241108_223514_013605861,-0.0281535
20241108_223514_764245073,-0.0421051
20241108_223515_263521865,0.7027886
20241108_223515_515727752,1.4410924
20241108_223515_779692096,0.75694746
20241108_223516_023500540,0.33049643
20241108_223516_273037073,0.25339788
20241108_223517_018383111,0.3191922
20241108_223517_274004854,0.8542405
20241108_223517_518420195,0.64441705
20241108_223517_773892861,0.7136699
20241108_223518_026430207,0.69479895
20241108_223518_519826983,0.8571577
20241108_223518_768171229,0.93638474
20241108_223519_021984981,0.7704214
20241108_223519_270102271,0.69097877
20241108_223519_519409419,0.6601078
20241108_223519_772318635,0.2576957
20241108_223520_019685140,0.09986559
20241108_223520_272413294,-0.053527825
20241108_223520_521585476,-0.24449344
20241108_223520_769249739,-0.1915216
20241108_223521_015307139,-0.10618969
20241108_223521_269090962,-0.08912834
20241108_223521_518015744,-0.13178845
20241108_223521_767822397,-0.06967678
20241108_223522_515530300,-0.35564545
20241108_223524_015569285,-0.13466366
20241108_223525_016138000,-0.15423103
20241108_223525_269058203,-0.120665275
20241108_223525_521589820,-0.13551272
20241108_223525_768168734,-0.047414266
20241108_223526_015856956,-0.17418312
20241108_223526_267258256,-0.15823992
20241108_223526_517842256,-0.19552995
20241108_223527_016977692,-0.17400952
20241108_223527_266838986,-0.25153854
20241108_223527_770734170,-0.24412368
20241108_223528_520481683,-0.14245047
20241108_223529_268231170,-0.08439007
20241108_223529_521635595,-0.38146254
20241108_223529_767519410,-0.51470244
20241108_223530_269036521,-0.26647833
20241108_223530_516696158,-0.28158614
20241108_223530_769198173,-0.37019205
20241108_223531_019327821,-0.39567485
20241108_223531_515931992,-0.28945628
20241108_223531_765711833,-0.1929181
20241108_223532_013295249,-0.22388224
20241108_223532_264122308,-0.22774018
20241108_223532_516639333,-0.26840878
20241108_223532_765084199,-0.24060012
20241108_223533_269152745,-0.28025258
20241108_223533_523214407,-0.2604546
20241108_223534_037600073,-0.08500518
20241108_223534_283084828,0.36764747
20241108_223534_534538439,-0.19539309
20241108_223534_781698342,0.058355026
20241108_223535_024729961,0.1720251
20241108_223535_278111031,0.43582797
20241108_223535_526525466,0.22226363
20241108_223535_771421563,0.1515101
20241108_223536_017376074,-0.2763049
20241108_223536_275463640,-0.5923447
20241108_223536_518428773,-0.49124956
20241108_223536_767274969,0.1431673
20241108_223537_016497462,-0.048414193
20241108_223538_526280050,-0.061039828
20241108_223538_772852513,-0.048706137
20241108_223539_267689447,-0.05236771
20241108_223539_516545109,0.00026218034
20241108_223539_770291968,0.32091436
20241108_223540_017983083,0.1622393
20241108_223540_266904762,0.18855056
20241108_223540_513815178,0.21052043
20241108_223540_770016209,0.03573755
20241108_223541_266906186,0.10666392
20241108_223541_765588695,-0.11838295
20241108_223542_018975637,-0.09154322
20241108_223542_270072386,-0.35263276
20241108_223542_518101242,-0.2520412
20241108_223542_766306286,-1.8622091
20241108_223543_013968425,0.5221892
20241108_223543_262611742,0.35202792
20241108_223543_512917249,0.64573735
20241108_223543_763781607,0.4332493
20241108_223544_013229119,-0.39458466
20241108_223544_262949128,-0.4241086
20241108_223544_514206053,-0.365186
20241108_223544_764718542,-0.59730357
20241108_223545_017244555,-0.5143762
20241108_223545_265337114,-0.48884523
20241108_223545_513808228,-0.48177865
20241108_223546_014016194,-0.47906497
20241108_223546_263331473,-0.22321184
20241108_223546_512693064,-0.33593377
20241108_223546_765529827,-0.038610283
20241108_223547_014510862,-0.4837544
20241108_223547_266360878,-0.43678325
20241108_223547_765804826,-0.33393422
20241108_223548_012656449,-0.32009074
20241108_223548_263175705,-0.044465207
20241108_223548_516212542,0.10042214
20241108_223548_765684106,0.02345989
20241108_223549_013465635,0.023135046
20241108_223549_765941052,0.007033685
20241108_223550_272376124,-0.01947405
20241108_223550_525926005,-0.009843549
20241108_223550_775351809,0.264627
20241108_223551_021357043,0.20167227
20241108_223551_269737944,1.5325102
20241108_223551_517598625,-0.51432186
20241108_223551_773810695,-0.4551499
20241108_223552_265657667,-0.7238172
20241108_223554_512512554,-0.6064623
20241108_223554_765528289,-0.61592895
20241108_223555_014390245,-0.60639334
20241108_223555_266250823,-0.62603456
20241108_223556_016213482,-0.61393434
20241108_223556_264723317,-0.59303385
20241108_223556_515082770,-0.38644454
20241108_223556_766356629,-0.18042408
20241108_223557_015287169,0.2673526
20241108_223557_265099788,0.3084204
20241108_223557_514066982,0.16709234
20241108_223557_763843512,0.14193423
20241108_223558_512004897,0.13996433
20241108_223558_763862816,-0.03484746
20241108_223559_014079063,0.13838626
20241108_223559_271882876,0.17158243
20241108_223559_523975731,0.3752414
20241108_223559_780431557,0.5749671
20241108_223600_027555676,0.23029558
20241108_223600_275555870,0.1090991
20241108_223600_522085721,0.067564346
20241108_223600_773729400,-0.28620246
20241108_223601_019540890,-1.1876901
20241108_223601_270100411,-0.39164814
20241108_223601_519360561,0.3946591
20241108_223601_779020194,0.3425196
20241108_223602_019578844,0.20709257
20241108_223602_270846036,0.24242435
20241108_223602_517145037,0.25575754
20241108_223602_767298856,0.27936295
20241108_223603_017972014,0.2730532
20241108_223603_515801004,0.2537373
20241108_223603_768997572,0.565205
20241108_223604_013538917,0.80977345
20241108_223604_264064197,0.8712072
20241108_223604_513947631,1.01889
20241108_223605_765070317,0.69643945
20241108_223606_264109701,0.6350071
20241108_223606_512145390,0.15465756
20241108_223606_765916912,0.18346693
20241108_223607_016641164,-0.14822413
20241108_223607_268515269,-0.02538087
20241108_223607_517392671,-0.06351753
20241108_223607_769288120,-0.03032126
20241108_223608_018595338,0.07659457
20241108_223608_269835430,0.0837361
20241108_223608_516708137,0.08451823
20241108_223608_764099484,0.070609726
20241108_223609_264309553,0.016722241
20241108_223609_512197496,0.09006397
20241108_223609_763564771,0.018467406
20241108_223610_018799886,0.09508822
20241108_223610_270580630,0.02454106
20241108_223610_517622364,0.10109768
20241108_223610_765684392,0.02942715
20241108_223611_014796044,0.1024541
20241108_223611_265121949,0.12724559
20241108_223611_513121946,0.2529194
20241108_223611_770857994,0.9676824
20241108_223612_026436541,-0.028374812
20241108_223612_276226153,-0.08391517
20241108_223612_531470973,-0.4514304
20241108_223612_779784867,0.16403027
20241108_223613_025763131,0.096444525
20241108_223613_266258811,-0.9215099
20241108_223613_516691356,0.004144473
20241108_223613_766999049,-0.07683917
20241108_223614_019043856,-0.12124301
20241108_223614_267580090,-0.21495296
20241108_223614_515049715,-0.14446892
20241108_223614_770603865,-0.21809132
20241108_223615_017574072,-0.3555881
20241108_223615_267272913,-0.6697827
20241108_223615_514165546,-0.50636554
20241108_223616_016186565,-0.40743563
20241108_223616_266612620,-0.110214084
20241108_223616_515222025,-0.054375134
20241108_223617_013886260,-0.11284032
20241108_223617_267596067,-0.14618666
20241108_223617_516593707,-0.467003
20241108_223617_765103085,-0.45594516
20241108_223618_015409170,-0.16946037
20241108_223618_266863304,-0.46436453
20241108_223618_515988108,-1.1668581
20241108_223618_766389810,0.6872773
20241108_223619_013129637,0.71259445
20241108_223619_263339107,0.6570482
20241108_223620_262408391,0.75766146
20241108_223620_511501226,0.81423247
20241108_223620_763493078,1.0488986
20241108_223621_015237300,-0.7334995
20241108_223621_265673458,-0.4759827
20241108_223621_512495035,-0.7432407
20241108_223621_763473153,-0.48198527
20241108_223622_011990360,-0.6918555
20241108_223622_518888622,-0.6004819
20241108_223622_764907630,0.058223046
20241108_223623_013688850,-0.15704739
20241108_223623_263980252,-0.13628937
20241108_223623_514880927,-0.009639056
20241108_223623_769508203,0.05790513
20241108_223624_018229051,0.31089315
20241108_223624_271753085,0.46165544
20241108_223624_516276544,0.5705297
20241108_223624_764685846,0.36519864
20241108_223625_264255618,0.33451414
20241108_223625_512457696,0.15173402
20241108_223625_763827551,0.221729
20241108_223626_013341912,-0.061186336
20241108_223626_266264924,-0.4151524
20241108_223626_513505739,-0.44645488
20241108_223626_765312424,-0.4067614
20241108_223627_012716101,-0.6003429
20241108_223627_264037967,-0.438881
20241108_223627_513612247,0.027439503
20241108_223627_764615473,-0.07177718
20241108_223628_511619733,-0.1287073
20241108_223628_763250446,-0.4946091
20241108_223629_015615815,-0.109639846
20241108_223629_266096980,-0.16228165
20241108_223629_517063584,-0.21152206
20241108_223629_763666076,-0.33568493
20241108_223630_015140550,-0.26285294
20241108_223630_266212121,-0.6369262
20241108_223630_515731031,-0.3888612
20241108_223630_763681553,-0.93652034
20241108_223631_015265428,-0.58612996
20241108_223631_264877604,-0.46141878
20241108_223631_515624297,-0.34576246
20241108_223631_770705284,-0.25236315
20241108_223632_017043039,-0.52383286
20241108_223632_265035949,-0.6775646
20241108_223633_267047352,-0.96742445
20241108_223633_768256210,-0.09352931
20241108_223634_013958710,-0.09386131
20241108_223634_261596578,0.09222637
20241108_223634_512607565,0.35785535
20241108_223634_763250687,0.07570251
20241108_223635_010643440,0.082969554
20241108_223635_761673714,-0.04824146
20241108_223636_012400341,-0.3676876
20241108_223636_266892677,-0.5837181
20241108_223636_514680575,-0.60156536
20241108_223636_770018773,-0.5562518
20241108_223637_022534433,-0.461705
20241108_223637_272932507,-0.001166271
20241108_223637_518620688,0.17359023
20241108_223637_769159450,0.29670343
20241108_223638_015854091,0.24528815
20241108_223639_014826641,0.15956752
20241108_223639_264475226,0.14694367
20241108_223639_513478279,-0.016588708
20241108_223639_768524304,-0.14873786
20241108_223640_019131839,-0.3556174
20241108_223640_278919019,-0.801166
20241108_223640_523959890,-0.37959528
20241108_223640_771539032,-0.32568115
20241108_223641_016276007,-0.26968947
20241108_223641_269291768,-0.18176468
20241108_223641_519253388,-0.15367098
20241108_223641_769202241,-0.27171883
20241108_223642_018744308,-0.55054563
20241108_223642_269978141,-0.20547684
20241108_223642_516676921,0.14144766
20241108_223642_766138580,0.13949773
20241108_223643_015698267,0.011339048
20241108_223643_268778265,0.020590464
20241108_223643_515764797,0.47709212
20241108_223643_765740354,0.35325867
20241108_223644_013876853,0.20162602
20241108_223644_264757900,0.19054435
20241108_223644_514674474,0.16660915
20241108_223644_761143030,-9.520911e-05
20241108_223645_268516514,0.1350895
20241108_223645_520379170,0.15489434
20241108_223645_770593148,0.21170662
20241108_223646_022066563,0.1549897
20241108_223646_769261965,0.13113557
20241108_223647_014066172,0.123851396
20241108_223647_269034601,0.119633414
20241108_223647_514439707,0.100784995
20241108_223647_765077147,0.10097847
20241108_223648_766034429,0.0960627
20241108_223649_011986144,0.05789844
20241108_223649_267976595,0.10891012
20241108_223649_512895605,0.08867297
20241108_223649_765850811,0.12015698
20241108_223650_012501781,0.13672428
20241108_223650_265406467,0.14444707
20241108_223650_514272742,0.12299804
20241108_223650_764583894,-0.26086348
20241108_223651_012443381,-0.15504263
20241108_223651_263193989,-0.02550616
20241108_223651_512752402,-0.06614836
20241108_223651_766277669,-0.0522817
20241108_223652_017890704,-0.046087943
20241108_223652_267151908,-0.038484953
20241108_223652_511421818,-0.22964172
20241108_223653_013027826,-0.13277228
20241108_223653_514998709,-0.124509476
20241108_223654_010287352,-0.11307701
20241108_223654_510883314,-0.10747226
20241108_223654_761756045,-0.05323311
20241108_223655_762532833,-0.085902594
20241108_223657_261660755,-0.061816834
20241108_223657_760932389,0.041614033
20241108_223659_012379834,-0.0009549465
20241108_223659_263245776,0.011225322
20241108_223659_511175770,-0.003991386
20241108_223700_267395674,-0.01523759
20241108_223700_763501366,-0.054922126
20241108_223701_014251138,-0.06855758
20241108_223701_265702023,-0.07805791
20241108_223701_513176829,-0.039521
20241108_223701_762707087,-0.08638372
20241108_223702_014516215,-0.10292249
20241108_223702_268348367,-0.03824403
20241108_223702_516435692,0.055702604
20241108_223702_763146870,0.021509925
20241108_223703_014454872,-0.015534421
20241108_223703_266238971,-0.025944611
20241108_223703_516451933,-0.05628171
20241108_223703_767118113,-0.03841283
20241108_223704_017264698,-0.33022588
20241108_223704_267171043,-0.4200271
20241108_223704_517516974,-0.30576676
20241108_223704_764008074,-1.15211
20241108_223705_015867454,-0.037192546
20241108_223705_270889967,-0.3101659
20241108_223705_517025137,-0.31627002
20241108_223705_768908808,-0.28945187
20241108_223706_019434169,-0.46383122
20241108_223706_513865008,-0.45312214
20241108_223706_764466223,-0.30123588
20241108_223707_013193412,-0.06063787
20241108_223707_264152875,0.22137167
20241108_223707_514490956,0.32806024
20241108_223707_764664543,-0.007205002
20241108_223708_263905971,0.030609189
20241108_223709_017471772,0.03297607
20241108_223709_264154413,-0.023388227
20241108_223709_511645018,0.03646127
20241108_223709_762134762,0.06480978
20241108_223710_013336823,0.053439595
20241108_223710_262519388,0.09728084
20241108_223710_761709605,0.080528714
20241108_223711_260627699,1.52383e-05
20241108_223711_767289227,0.06322215
20241108_223712_515063280,0.18468322
20241108_223713_011674889,0.036454536
20241108_223713_263593328,-0.089611284
20241108_223713_512337664,-0.2898377
20241108_223713_761112598,0.036269285
20241108_223714_012405139,0.044178344
20241108_223714_262694099,0.14986359
20241108_223714_511546399,0.10341988
20241108_223715_264205696,0.031299748
20241108_223716_012663567,-0.042262398
20241108_223716_263867249,-0.32288334
20241108_223716_512198124,-0.56246346
20241108_223716_762777577,-0.39110085
20241108_223717_011795193,-0.11465977
20241108_223717_260497271,0.120969184
20241108_223717_509718740,0.06278298
20241108_223717_760687435,0.02508066
20241108_223718_261087950,0.0025806222
20241108_223718_510430692,0.12603413
20241108_223718_759124526,0.0857018
20241108_223719_009053586,0.18088295
20241108_223719_260854076,0.23761742
20241108_223719_511626355,0.21660827
20241108_223719_771296678,0.15384243
20241108_223720_023977900,0.13430195
20241108_223720_274625935,0.102348424
20241108_223720_772928643,-0.18660061
20241108_223721_018263127,-0.09797975
20241108_223721_518665245,-0.24745806
20241108_223721_769032982,-0.33163273
20241108_223722_015225754,-0.3347165
20241108_223722_265939855,-0.5090711
20241108_223723_014651775,-0.2985781
20241108_223723_262216038,0.08308782
20241108_223723_511624210,0.05408553
20241108_223725_510404995,-0.024072608
20241108_223725_760154919,0.7491358
20241108_223726_011520747,0.15504886
20241108_223726_262215067,0.16869941
20241108_223727_012473329,0.30464026
20241108_223727_266245694,0.62151724
20241108_223727_514354096,0.26299748
20241108_223727_766573210,-0.046529375
20241108_223728_018795155,0.027029673
20241108_223728_267263177,0.044206776
20241108_223730_762739110,-0.09204488
20241108_223731_011057468,-0.34457538
20241108_223731_262309605,-0.27785143
20241108_223731_514153237,-0.29675105
20241108_223731_766060479,-0.606478
20241108_223732_014343113,-0.21326293
20241108_223732_261110746,-0.09532335
20241108_223732_510097169,0.16032721
20241108_223732_762372069,0.4117207
20241108_223733_012932026,0.20674755
20241108_223733_264927280,0.478381
20241108_223733_513523297,0.0043355916
20241108_223733_761168167,0.38201913
20241108_223734_009797319,0.18894766
20241108_223734_260274300,0.07402263
20241108_223734_510101539,0.09885494
20241108_223735_010419403,0.09980444
20241108_223735_511154566,0.19814359
20241108_223735_765436666,0.316204
20241108_223736_012574653,0.5998561
20241108_223736_263955013,0.5340921
20241108_223736_766320984,0.4226017
20241108_223737_011723153,0.3660556
20241108_223738_261237046,0.1498331
20241108_223738_511912818,0.62146366
20241108_223738_763718024,1.1848977
20241108_223739_012255173,0.15814744
20241108_223739_262373522,0.004182676
20241108_223740_010688460,-0.008642128
20241108_223740_261483177,0.31626803
20241108_223740_516685934,0.30521566
20241108_223741_513493083,0.76022416
20241108_223741_764606465,1.4303944
20241108_223742_012733786,1.0710446
20241108_223742_263494905,0.78055435
20241108_223743_012911742,-0.17882599
20241108_223743_269489697,-0.0705179
20241108_223743_514891986,-0.13239135
20241108_223743_764425853,-0.26831988
20241108_223744_262370948,-0.19958796
20241108_223744_510287054,-0.16622742
20241108_223744_759298775,0.0054397676
20241108_223745_008290517,-0.05123099
20241108_223745_261144547,0.003696898
20241108_223745_758757067,-0.00895091
20241108_223746_260903721,0.0018452201
20241108_223746_764093892,0.090827964
20241108_223747_012192193,0.03944532
20241108_223747_266252286,0.070192374
20241108_223747_760672472,0.0648518
20241108_223748_011053930,0.2576668
20241108_223748_263164547,0.185616
20241108_223748_761839276,0.13824616
20241108_223749_010635934,0.14605401
20241108_223749_260795365,0.15497796
20241108_223749_511522255,0.12691174
20241108_223750_262739711,0.17195152
20241108_223751_264405379,0.14353822
20241108_223751_511315190,0.103857376
20241108_223751_760290024,0.061370768
20241108_223752_262777522,0.12158302
20241108_223753_265467007,0.0987458
20241108_223753_761054618,0.082583465
20241108_223754_264582930,0.07534186
20241108_223754_767992629,0.048446514
20241108_223755_264680762,0.07195488
20241108_223755_764240276,-0.2976217
20241108_223756_015818274,-0.097919784
20241108_223756_265037545,-0.011103889
20241108_223757_262106997,0.019130388
20241108_223757_764634235,0.0053927694
20241108_223758_013040280,0.12630689
20241108_223758_270505126,0.3161718
20241108_223758_521272640,0.08339415
20241108_223758_770965986,0.06914678
20241108_223759_019859918,-0.12059345
20241108_223759_269679443,-1.3548962
20241108_223759_511092182,-0.036592565
20241108_223759_761397475,-0.98321575
20241108_223800_010596276,-0.43104276
20241108_223800_262363672,-0.52566224
20241108_223800_511555295,-0.031207172
20241108_223800_763918632,0.028937818
20241108_223801_012270533,0.03880859
20241108_223801_268373244,0.1029237
20241108_223801_766677049,0.04188267
20241108_223802_014224208,0.087677516
20241108_223802_268832649,0.14210556
20241108_223802_517714528,0.10367725
20241108_223802_772505203,0.021223525
20241108_223803_014883698,0.04628197
20241108_223803_267282403,0.20693655
20241108_223803_513302268,0.23122768
20241108_223803_765220104,0.15437524
20241108_223804_268678003,0.13581477
20241108_223804_768779972,0.22146529
20241108_223805_023076035,0.6428635
20241108_223805_276396857,1.1402088
20241108_223805_531916709,0.16788913
20241108_223805_778833123,0.31216466
20241108_223806_021291187,0.4513001
20241108_223806_270387600,0.44374758
20241108_223806_513856493,0.23229595
20241108_223806_767116276,0.30921578
20241108_223807_012284097,0.345586
20241108_223807_266701545,0.06451342
20241108_223807_512215029,0.07292131
20241108_223807_766810450,0.17451434
20241108_223808_265275777,-0.32657114
20241108_223808_515376543,-0.1712962
20241108_223808_765622616,-0.12826546
20241108_223809_016038340,-0.011665126
20241108_223809_262996323,0.0011337791
20241108_223810_264984150,0.1215679
20241108_223810_518900634,0.042350568
20241108_223810_772491260,0.158292
20241108_223811_016331487,0.4691228
20241108_223811_265491745,0.38393486
20241108_223811_513735182,0.298888
20241108_223811_765561393,0.26419774
20241108_223812_018149321,0.3329687
20241108_223812_264200032,0.38143468
20241108_223812_513088998,0.0048120413
20241108_223812_761561249,0.090278186
20241108_223813_262066695,0.07812009
20241108_223814_014603549,0.14311092
20241108_223814_263828256,0.21018009
20241108_223814_762642650,0.2157409
20241108_223815_262169097,0.17935632
20241108_223815_760641992,0.12653594
20241108_223816_008437272,0.38936493
20241108_223816_260482039,0.7297991
20241108_223816_510683740,0.4270067
20241108_223816_761657580,0.48703775
20241108_223817_013585631,0.4589415
20241108_223817_267696484,0.1117752
20241108_223817_514957682,0.41215613
20241108_223818_510925952,0.39003238
20241108_223818_760905117,0.38603154
20241108_223819_259237210,0.28372878
20241108_223820_013072495,0.27642414
20241108_223820_265121334,0.2796107
20241108_223820_516861232,0.27323198
20241108_223821_264847402,0.26027068
20241108_223821_515278454,0.48300168
20241108_223821_770155427,0.56639093
20241108_223822_016086864,0.44510555
20241108_223822_267103023,0.40559176
20241108_223822_515179919,0.4423878
20241108_223822_769616933,0.56394434
20241108_223823_029164868,-0.29738596
20241108_223823_286718231,-0.27296835
20241108_223823_522006559,-0.51443404
20241108_223823_772391512,-0.39053696
20241108_223824_029158182,-0.19773526
20241108_223824_274318305,-0.05680044
20241108_223824_518829511,0.019028226
20241108_223824_767760141,0.11805952
20241108_223825_017312249,-0.052318715
20241108_223825_264364084,0.06542411
20241108_223825_767932594,0.19347738
20241108_223826_014360151,0.25228637
20241108_223826_265900928,0.38859394
20241108_223826_518368791,-0.23666409
20241108_223826_772746131,-0.11708995
20241108_223827_018373760,-1.8842736
20241108_223827_267120344,0.46599045
20241108_223827_512925684,0.123530485
20241108_223827_762718245,0.28650013
20241108_223828_012779223,0.25453484
20241108_223828_262821813,0.23475362
20241108_223828_512127141,0.8078435
20241108_223828_766169241,0.28649697
20241108_223829_016378301,-0.62513334
20241108_223829_267508916,-0.572668
20241108_223829_765422790,-0.43503654
20241108_223830_017312656,-0.38148424
20241108_223830_267256952,-0.37653524
20241108_223830_762990238,-0.4666803
20241108_223831_016522901,-0.31379667
20241108_223831_268998979,0.12612808
20241108_223831_517241029,-0.07266278
20241108_223831_765883509,-0.08046671
20241108_223832_012924717,-0.11537083
20241108_223832_263726112,-0.28473082
20241108_223832_511282226,-1.1652652
20241108_223832_761892741,-0.43430778
20241108_223833_011383067,-0.39355305
20241108_223833_263344749,0.006643722
20241108_223833_510535709,0.05087868
20241108_223833_766073687,0.18607812
20241108_223834_015495380,0.047036633
20241108_223834_263578470,0.11448578
20241108_223834_766047579,0.103207625
20241108_223835_017089883,0.07663838
20241108_223835_267994261,0.37953398
20241108_223835_514316994,0.48712966
20241108_223836_018422720,0.2600063
20241108_223836_264160670,0.2932203
20241108_223836_765472614,0.39100143
20241108_223837_017071953,0.1592391
20241108_223837_262229142,0.20806427
20241108_223837_511563387,0.14807652
20241108_223838_016578253,0.121431805
20241108_223838_262576592,0.10078577
20241108_223838_513196225,0.06576178
20241108_223838_764796070,0.1361915
20241108_223839_015430977,0.09968642
20241108_223839_262264181,0.10009936
20241108_223839_762863115,0.0862985
20241108_223840_013406491,0.10206405
20241108_223840_264618732,0.09225217
20241108_223840_765279097,0.076982714
20241108_223841_015906392,0.060787298
20241108_223841_268484866,-0.0011656489
20241108_223841_761874815,0.05313889
20241108_223842_764540713,0.03705869
20241108_223844_262984490,0.053163238
20241108_223844_765388515,0.042060502
20241108_223845_269205503,0.06875191
20241108_223845_513597847,0.10378573
20241108_223845_762426526,0.11673764
20241108_223846_012515464,0.096871294
20241108_223846_262159580,0.21976142
20241108_223846_510797123,0.09634767
20241108_223846_760525618,0.064879216
20241108_223847_011086281,0.09700254
20241108_223847_261258977,0.06028954
20241108_223847_509932842,0.09704087
20241108_223847_760323893,0.03626237
20241108_223848_009080449,0.017891506
20241108_223848_263505287,0.13867716
20241108_223848_510688813,0.10505281
20241108_223848_761452215,0.067633785
20241108_223849_012158501,0.064276375
20241108_223849_265170982,0.039390124
20241108_223849_511157249,0.049322404
20241108_223849_762837210,0.027974347
20241108_223850_017258344,0.043480434
20241108_223850_267320187,-0.0026829448
20241108_223850_511240524,0.035505034
20241108_223850_762917553,0.28449997
20241108_223851_013044947,0.15217586
20241108_223851_265402898,2.198879
20241108_223851_515672356,-0.17921804
20241108_223851_778835139,0.016481487
20241108_223852_025934219,0.26680434
20241108_223852_270259474,0.16803306
20241108_223852_517755558,0.10924541
20241108_223852_770314646,0.12554836
20241108_223853_270311089,-0.00018209778
20241108_223853_515433376,-0.18602128
20241108_223853_768173072,-0.045815967
20241108_223854_010973652,0.030440608
20241108_223854_263238561,0.106286906
20241108_223854_762793926,0.07301197
20241108_223855_010638405,0.08468685
20241108_223855_510918253,0.098716535
20241108_223855_761795803,1.1058723
20241108_223856_010810657,1.0982305
20241108_223856_264059975,1.0744354
20241108_223856_514409471,1.0358942
20241108_223856_767114372,0.87650096
20241108_223859_012669015,0.74528307
20241108_223859_511509926,0.74779934
20241108_223859_765107597,-0.42639786
20241108_223900_016231091,-0.3305109
20241108_223900_268910998,-0.51523834
20241108_223900_513750663,-0.37092233
20241108_223900_767735375,-0.78683716
20241108_223901_014806085,0.45520934
20241108_223901_265674217,0.25341251
20241108_223901_514047261,0.09690074
20241108_223901_774271637,0.051639058
20241108_223902_026472679,-0.097298644
20241108_223902_271317525,-0.30619144
20241108_223902_521141470,-0.08045807
20241108_223902_773736203,-0.20873733
20241108_223903_017611485,-0.31083974
20241108_223903_266507102,-0.2571852
20241108_223903_515400105,-0.2676008
20241108_223903_767534085,-0.23084451
20241108_223904_023476139,-0.25060084
20241108_223904_263359463,-0.13812481
20241108_223904_518894045,-0.1572362
20241108_223904_768008005,-0.1653123
20241108_223905_264487220,-0.15025939
20241108_223905_528816931,-0.2083131
20241108_223905_785976377,-0.1314895
20241108_223906_027015091,-0.13804324
20241108_223906_275108762,-0.14444388
20241108_223906_523545135,-0.091162525
20241108_223906_768718146,-0.075056456
20241108_223907_015153348,0.13050689
20241108_223907_268245940,0.06741116
20241108_223907_515502220,0.078995325
20241108_223908_012609344,0.0052567516
20241108_223908_267058741,0.018107155
20241108_223908_510467074,0.0071225557
20241108_223908_761712944,0.04189173
20241108_223909_518998968,0.0017921124
20241108_223909_765894069,-0.0063881483
20241108_223910_017045006,-0.047141694
20241108_223910_263293616,0.0027017388
20241108_223911_765292045,-0.15729253
20241108_223912_011576438,-1.8915936
20241108_223912_267993770,0.5358377
20241108_223912_514864157,0.19878046
20241108_223912_770633249,0.77888876
20241108_223913_013779274,0.54083806
20241108_223913_261683133,0.5053023
20241108_223913_515523240,0.38993755
20241108_223913_765902096,0.2247092
20241108_223914_020386194,0.26826525
20241108_223914_267320291,0.2718635
20241108_223914_510616591,0.6274578
20241108_223914_764160467,0.32701227
20241108_223915_013844846,0.25808743
20241108_223915_263117357,0.010393063
20241108_223915_512815888,-0.2130182
20241108_223915_767665112,-0.21971454
20241108_223916_019091473,-0.30263722
20241108_223916_265237097,0.07887452
20241108_223916_519258724,0.26409885
20241108_223916_770436930,0.61925894
20241108_223917_019388799,0.55498886
20241108_223917_264027146,0.36748177
20241108_223917_763554195,0.30394173
20241108_223918_012581362,0.043440588
20241108_223918_261880902,-0.2264467
20241108_223918_510993723,-0.10635053
20241108_223918_770096369,-0.2363488
20241108_223919_015967056,-0.31580836
20241108_223919_262726420,-0.19895105
20241108_223919_513726172,-0.46441606
20241108_223919_765857011,-0.6086516
20241108_223920_014035237,-0.23535873
20241108_223920_264228734,0.9736354
20241108_223920_514015956,0.60644203
20241108_223920_766449929,0.6062146
20241108_223921_014682619,0.17168896
20241108_223921_261213744,0.36820766
20241108_223921_511395469,0.40611243
20241108_223921_765482970,0.8653218
20241108_223922_258687233,0.6033508
20241108_223923_262969719,0.5916521
20241108_223923_509769332,0.49875405
20241108_223923_761337356,0.43404987
20241108_223924_014990188,0.4537585
20241108_223924_760435858,0.46194395
20241108_223925_261540797,0.3726413
20241108_223925_511346123,0.5074356
20241108_223925_762959581,0.80778253
20241108_223926_262154490,0.6066634
20241108_223926_513389272,0.55808353
20241108_223926_761716729,0.8151767
20241108_223927_012379383,0.619621
20241108_223927_261605046,0.59637076
20241108_223927_510314719,0.578105
20241108_223927_760176760,1.2255423
20241108_223928_009502194,0.42659584
20241108_223928_261592342,1.2141097
20241108_223928_509999417,0.43077403
20241108_223928_761849659,0.5449918
20241108_223929_012653586,-0.15246795
20241108_223929_269038265,-0.5327556
20241108_223929_512310441,-0.26741228
20241108_223929_765663973,-0.05962809
20241108_223930_018965415,-0.07780393
20241108_223930_275245946,0.01689581
20241108_223930_529525608,0.11733725
20241108_223930_773928592,0.324958
20241108_223931_021827504,0.5483973
20241108_223931_267007199,0.25557375
20241108_223931_767168543,0.19872223
20241108_223932_014648381,-0.12565787
20241108_223932_264851276,-0.2752442
20241108_223933_766346590,-0.02949669
20241108_223934_012914774,0.23812138
20241108_223934_261443763,0.13395421
20241108_223934_759285487,0.20962189
20241108_223935_260959700,0.15054525
20241108_223935_763610898,0.06747598
20241108_223936_013492851,0.26960218
20241108_223936_267678208,0.26589286
20241108_223936_514683574,0.5962798
20241108_223937_016174412,0.33848703
20241108_223937_265995519,0.30129948
20241108_223937_514940499,0.28228498
20241108_223938_264994022,0.24736665
20241108_223938_515116654,0.13938148
20241108_223938_764960074,0.13527037
20241108_223939_769077400,0.16813694
20241108_223940_016643040,0.08822117
20241108_223940_269960824,0.13896705
20241108_223941_009918746,0.15863423
20241108_223941_265673887,-0.14249994
20241108_223941_513085887,-0.21800508
20241108_223941_771274520,-0.072211586
20241108_223942_017438829,-0.049993955
20241108_223943_012667450,-0.04584583
20241108_223943_509293681,-0.03286668
20241108_223944_506745045,-0.02042087
20241108_223945_513884203,-0.020613631
20241108_223945_767245401,0.0008200798
20241108_223946_019155359,0.025161305
20241108_223946_271314265,0.037048317
20241108_223946_768534362,0.0252646
20241108_223947_015649258,0.30305013
20241108_223947_264337314,0.80898964
20241108_223947_509786041,0.4881973
20241108_223947_765547734,0.40059718
20241108_223948_012940595,0.13146906
20241108_223949_516623617,0.18605237
20241108_223949_770680652,0.18409483
20241108_223950_016276006,0.5934598
20241108_223950_264732548,0.41148204
20241108_223950_515699410,0.079327084
20241108_223950_765368478,-0.17414568
20241108_223951_011605636,-0.13644128
20241108_223951_266950152,-0.0009773877
20241108_223952_277457041,-0.0045548286
20241108_223952_777188432,-0.064127766
20241108_223953_024164307,-0.036089443
20241108_223953_274194623,0.039249875
20241108_223953_519543530,0.03700886
20241108_223953_767550034,0.32033542
20241108_223954_012132218,0.57068557
20241108_223954_264798729,1.0745559
20241108_223954_514518748,0.6144696
20241108_223955_013089916,0.51130235
20241108_223956_012363862,0.44998235
20241108_223956_263601019,0.6510548
20241108_223956_512171767,0.6550182
20241108_223957_765332247,0.5591227
20241108_223958_013535572,0.13406916
20241108_223958_262812852,0.54042965
20241108_223958_512885161,0.222818
20241108_223958_765616701,0.11871723
20241108_223959_017511754,-0.11331772
20241108_223959_265355239,-0.067952774
20241108_223959_512061154,0.028124342
20241108_224000_016682938,0.009921918
20241108_224000_270165403,0.27395257
20241108_224000_517444731,0.3598064
20241108_224000_768668532,0.8099476
20241108_224001_021203529,1.164771
20241108_224001_275196742,1.118222
20241108_224001_518807899,0.9617545
20241108_224001_769008737,-0.45799878
20241108_224002_018321165,-0.8280126
20241108_224002_278446126,-0.13397783
20241108_224002_526962944,0.03498432
20241108_224002_779131280,0.34939227
20241108_224003_036079101,0.5005141
20241108_224003_279182606,0.25231135
20241108_224003_519473161,0.115229405
20241108_224003_770177680,-0.23144431
20241108_224004_014823224,-0.28931692
20241108_224004_266419309,-0.17832412
20241108_224004_520582593,-0.24955206
20241108_224004_782562475,-0.13810183
20241108_224005_024843083,-0.09472319
20241108_224005_270345102,-0.06687965
20241108_224005_516542768,0.041743822
20241108_224005_765204473,0.18479417
20241108_224006_017164543,-0.1161898
20241108_224006_269836954,-0.13918592
20241108_224006_516203875,-0.22835942
20241108_224006_770818861,-0.3978574
20241108_224007_016346441,-0.34498516
20241108_224007_264545712,-0.16617782
20241108_224007_511675540,-0.34508127
20241108_224007_779297531,-0.27855322
20241108_224008_767588794,-0.22618802
20241108_224009_769278005,-0.30361423
20241108_224010_014434674,-0.3660718
20241108_224010_270265267,-0.244179
20241108_224010_517510957,-0.22538684
20241108_224010_770438837,-0.16544653
20241108_224011_019433393,-0.19140114
20241108_224011_265917376,-0.2822326
20241108_224011_513641807,-0.43290228
20241108_224011_772242249,-0.35935155
20241108_224012_020363788,0.11865652
20241108_224012_271938409,0.20371602
20241108_224012_514509545,0.008303205
20241108_224012_773765825,-0.37371275
20241108_224013_019213967,-0.122420155
20241108_224013_270561654,0.029432217
20241108_224013_516492131,0.33913133
20241108_224013_763973009,1.0716552
20241108_224014_011700604,0.5086581
20241108_224014_262386481,0.84141976
20241108_224014_512083338,0.34201023
20241108_224014_763116814,0.014778236
20241108_224015_011806944,-0.15038092
20241108_224015_264622406,0.052175023
20241108_224016_014376220,0.20495357
20241108_224016_272423046,0.31934
20241108_224016_525955778,0.52323
20241108_224016_773874933,0.83413625
20241108_224017_015853091,0.6885969
20241108_224017_264829839,0.28655532
20241108_224017_511052486,0.28833705
20241108_224017_763235652,0.2820315
20241108_224018_010756559,0.24576078
20241108_224018_265659984,0.20825766
20241108_224018_510792948,-0.012207916
20241108_224018_763682406,-0.2312438
20241108_224019_015141127,-0.1829948
20241108_224019_263567726,-0.03691455
20241108_224019_511798802,0.014868388
20241108_224019_762994217,-0.01987811
20241108_224020_015723088,0.01912574
20241108_224022_265213869,0.0022836719
20241108_224022_513201706,-0.058409117
20241108_224022_769664539,-0.07988777
20241108_224023_017702883,0.016827682
20241108_224023_763617086,0.56634533
20241108_224024_009865782,0.47503564
20241108_224024_264149029,0.78046346
20241108_224024_510687739,0.5112535
20241108_224024_762042489,1.0809548
20241108_224025_008709012,0.64043796
20241108_224025_260295094,0.52800256
20241108_224025_508199646,0.6076015
20241108_224025_763217446,0.72656703
20241108_224026_013584924,0.8083019
20241108_224026_262290973,-0.4446841
20241108_224026_511119050,-0.68051696
20241108_224026_760804247,-0.60711545
20241108_224027_009577429,-0.16860324
20241108_224027_262401074,0.08317211
20241108_224027_515621386,-0.091016516
20241108_224027_769453083,-0.08329419
20241108_224028_264038205,-0.14306435
20241108_224028_512502033,-0.23875259
20241108_224029_266400674,-0.39025617
20241108_224029_515660042,-1.7155834
20241108_224029_773563829,0.6225011
20241108_224030_019844393,-0.06326463
20241108_224030_264542028,0.28440168
20241108_224030_514277034,0.47985294
20241108_224030_769329383,0.3036833
20241108_224031_030402970,0.21770957
20241108_224031_271450022,0.3304167
20241108_224031_515884703,0.31102386
20241108_224031_768175784,0.564332
20241108_224032_014167548,1.1890821
20241108_224032_270118114,0.5820064
20241108_224032_513189206,-0.11053922
20241108_224032_770400869,-0.14166765
20241108_224033_020095370,-0.13571157
20241108_224033_268956365,-0.06698512
20241108_224033_514668298,-0.056417428
20241108_224034_267118671,-0.0636579
20241108_224034_510963855,0.21419625
20241108_224034_765416666,0.8378084
20241108_224035_015332417,0.5814061
20241108_224035_263596422,0.5337134
20241108_224035_766830568,0.51073194
20241108_224036_269642724,0.26651245
20241108_224036_520367343,-0.22447318
20241108_224036_770164006,0.018624848
20241108_224037_015045897,0.029868005
20241108_224037_268140350,-0.0215762
20241108_224037_514395004,0.007288227
20241108_224037_763734123,0.0057685766
20241108_224038_014214730,-0.05841597
20241108_224038_270925515,-0.04485979
20241108_224039_269449962,0.19641596
20241108_224039_764606243,0.095379986
20241108_224040_011303236,0.060373463
20241108_224040_266599160,-0.078774
20241108_224040_513999373,-0.26228914
20241108_224040_765703757,-0.54726595
20241108_224041_021557192,-0.6665308
20241108_224041_265910281,-1.355422
20241108_224041_511763821,-0.49486414
20241108_224041_760317679,-0.06255548
20241108_224042_014881320,-0.024783181
20241108_224042_265638967,-0.15012981
20241108_224042_510686974,-0.5117357
20241108_224042_763704986,-0.5002732
20241108_224043_012413818,-0.41086143
20241108_224043_263982089,-0.3926464
20241108_224045_523721494,-0.6608597
20241108_224045_768853691,0.5014278
20241108_224046_020672699,-0.20480742
20241108_224046_273599804,-0.23225935
20241108_224046_519589235,-0.12626769
20241108_224046_765901238,-0.14294668
20241108_224047_012706148,-0.13343848
20241108_224047_265573044,-0.12485399
20241108_224047_513970990,-0.07355734
20241108_224047_763043358,-0.08366241
20241108_224048_011317768,0.28254166
20241108_224048_263644686,0.90876275
20241108_224048_513743406,0.7965731
20241108_224048_774318718,0.68638813
20241108_224049_018992178,0.68383706
20241108_224049_270072402,0.5350802
20241108_224049_515366473,0.49830708
20241108_224049_763918604,0.5043922
20241108_224050_017395723,0.40502805
20241108_224050_269086037,0.46689236
20241108_224050_514510623,0.36075237
20241108_224050_767889593,0.45374274
20241108_224051_014167029,0.2450945
20241108_224051_264371432,0.41778344
20241108_224051_511055783,0.29052705
20241108_224051_761787581,0.20610417
20241108_224052_008797933,0.22912969
20241108_224052_263834961,0.6071096
20241108_224052_516604608,0.52199984
20241108_224052_766761866,0.59878653
20241108_224053_016899568,-0.16071604
20241108_224053_267117873,0.019506918
20241108_224053_511620583,0.037717797
20241108_224053_760165538,-0.0026646126
20241108_224054_513813339,-0.023949062
20241108_224054_764171770,-0.0102194175
20241108_224055_266330574,-0.3008617
20241108_224055_512325340,-0.57773226
20241108_224055_762214221,-0.794063
20241108_224056_010913107,-0.6035091
20241108_224056_262543912,-0.18187094
20241108_224056_507344764,-0.1517332
20241108_224056_757977167,-0.1488007
20241108_224057_006798158,-0.00059005804
20241108_224057_260690428,-0.08432344
20241108_224057_510648875,0.086341776
20241108_224059_009482483,-0.07846644
20241108_224059_263933630,-0.75621057
20241108_224059_510741130,0.51862514
20241108_224059_765307139,0.2231505
20241108_224100_012340894,0.120341696
20241108_224100_274047718,0.02322469
20241108_224100_517834520,0.035771705
20241108_224100_770389301,-0.13009997
20241108_224101_021166799,-0.24343409
20241108_224101_265633786,-0.14229287
20241108_224101_513743397,-0.17064603
20241108_224101_763989684,-0.11040779
20241108_224102_011365507,-0.088803194
20241108_224102_265487860,-0.059100293
20241108_224102_768905223,0.18132843
20241108_224103_266670010,0.07060913
20241108_224103_513549359,0.08356271
20241108_224103_767840354,0.028606305
20241108_224104_013437249,0.730987
20241108_224104_260914344,0.57280326
20241108_224104_509741908,0.6086953
20241108_224104_762020165,0.4037519
20241108_224105_010326641,0.4603842
20241108_224105_264010659,-0.86610645
20241108_224105_515360773,-0.1146078
20241108_224105_770484041,-0.7651022
20241108_224106_014732098,-0.30214736
20241108_224106_266878342,-0.10164298
20241108_224106_513070039,-0.21725464
20241108_224106_763076127,-0.20995833
20241108_224107_013343625,-0.2355422
20241108_224107_266312477,-0.18137087
20241108_224108_512294159,-0.19916429
20241108_224109_262090415,-0.16028209
20241108_224110_512530571,-0.13124771
20241108_224110_768978474,-0.6411975
20241108_224111_015576558,-0.5645188
20241108_224111_271538948,-0.5604337
20241108_224111_522523859,-0.4376538
20241108_224111_766275039,-0.41227072
20241108_224115_511376479,-0.38252842
20241108_224115_761152942,-0.0440138
20241108_224116_013690709,0.7469165
20241108_224116_263101480,1.5609745
20241108_224116_513022341,-0.15790308
20241108_224116_764595226,-0.061669968
20241108_224117_015662172,-0.41690224
20241108_224117_268906724,-0.13406183
20241108_224117_768418533,-0.07421919
20241108_224118_010668911,0.06528679
20241108_224118_261379672,0.22501735
20241108_224118_509219122,0.5253813
20241108_224118_765377041,0.3829842
20241108_224119_264003259,0.24614798
20241108_224119_511566297,-0.10476979
20241108_224119_761961143,-0.2186323
20241108_224120_009818098,-0.04839637
20241108_224120_260991228,0.04393647
20241108_224120_508924438,0.13164741
20241108_224120_760997939,0.08880351
20241108_224121_517655352,0.111461736
20241108_224121_766926624,0.16152523
20241108_224122_012513772,0.13097309
20241108_224122_262929165,0.019182125
20241108_224122_510834305,-0.07089581
20241108_224122_762154626,-0.2762595
20241108_224123_014161346,-0.23579313
20241108_224123_262477153,-0.25444725
20241108_224123_514316775,-0.13162954
20241108_224123_777271398,-0.14505048
20241108_224124_016798175,0.054668866
20241108_224124_267319289,0.0008046422
20241108_224124_510864605,-0.010375699
20241108_224124_761496035,-0.05239042
20241108_224125_009633278,-0.00845035
20241108_224125_262503841,-0.040485464
20241108_224125_516070911,-0.0064708795
20241108_224125_764248274,-0.031643115
20241108_224126_009050065,0.0019749198
20241108_224126_261670652,0.08862469
20241108_224126_512995668,0.05642108
20241108_224126_762537312,0.007714847
20241108_224127_010811060,0.03788487
20241108_224127_263893344,0.013370553
20241108_224127_511390115,0.036465444
20241108_224127_762664269,0.021178583
20241108_224128_008902558,0.046555437
20241108_224128_257873761,0.017383257
20241108_224128_507691093,0.03863273
20241108_224128_761976195,0.1548193
20241108_224129_009871289,0.19224869
20241108_224129_261538110,0.07181165
20241108_224129_509592951,0.09891478
20241108_224129_760519640,0.12527786
20241108_224130_008940984,0.12272463
20241108_224130_265118212,0.07487688
20241108_224130_519135719,0.09922699
20241108_224130_771892825,0.04757444
20241108_224131_015584449,0.18614261
20241108_224131_267363229,0.094086625
20241108_224131_513089571,0.11167923
20241108_224131_763552735,0.06592146
20241108_224132_018311919,0.100332774
20241108_224132_264736606,0.0609136
20241108_224132_511689167,0.09589849
20241108_224132_761670467,0.05288122
20241108_224133_008487324,0.09038053
20241108_224133_262114370,0.052955188
20241108_224133_508914615,0.07203958
20241108_224133_761492420,0.017874876
20241108_224134_010560762,0.069240786
20241108_224134_261095072,0.061149634
20241108_224134_508059374,0.08321605
20241108_224134_759661232,0.044255413
20241108_224135_008945517,0.056448974
20241108_224135_263018398,0.052026846
20241108_224135_513142120,0.22490655
20241108_224135_770297114,0.8778338
20241108_224136_018070032,-0.17209044
20241108_224136_267261184,-0.41336587
20241108_224136_513035097,-0.3391265
20241108_224136_762844403,-0.6686235
20241108_224137_009003730,-0.54620796
20241108_224137_261968528,-0.98100704
20241108_224137_512749028,0.022709945
20241108_224137_763362080,-0.21622117
20241108_224138_019906348,-0.17006178
20241108_224138_266343494,-0.1552359
20241108_224138_764245576,-0.12871017
20241108_224139_011383058,-0.3674642
20241108_224139_261027562,-0.5147981
20241108_224139_509095997,-0.38013652
20241108_224139_760002526,-0.20890988
20241108_224140_259709980,-0.13637312
20241108_224140_508785026,-0.1516604
20241108_224140_759995157,-0.10062244
20241108_224142_261926867,-0.12373837
20241108_224143_259885876,0.11372767
20241108_224143_508187151,0.16086978
20241108_224143_759127758,0.70049906
20241108_224144_014101401,0.91528213
20241108_224144_270235947,0.32541463
20241108_224144_514300621,0.20821328
20241108_224144_759816268,-0.17189474
20241108_224145_011007323,-0.37933838
20241108_224145_264042604,-0.26033667
20241108_224146_759488998,-0.045688257
20241108_224147_010789330,-0.06428441
20241108_224147_262347110,-0.028209409
20241108_224147_508744186,0.11742788
20241108_224148_008700083,0.11230544
20241108_224148_262429242,0.22246002
20241108_224148_757815111,0.9019214
20241108_224149_006813454,-0.08218121
20241108_224149_259440510,-0.56954336
20241108_224149_507962132,-0.23465241
20241108_224149_760624894,-0.9457283
20241108_224150_010984062,-0.6219959
20241108_224150_263174201,-0.32561582
20241108_224150_507345071,-0.7962645
20241108_224150_759629937,-0.40523154
20241108_224151_011045547,-0.22882153
20241108_224151_266709998,-0.59899276
20241108_224151_512723575,-0.18335755
20241108_224151_762933424,-0.22199143
20241108_224152_010063065,-0.13615765
20241108_224154_258916972,-0.1410652
20241108_224154_506873881,-0.12582941
20241108_224154_757912325,-0.08852699
20241108_224155_756819120,-0.08329048
20241108_224156_006236151,-0.0795336
20241108_224156_258545740,0.06566606
20241108_224156_507505400,0.769279
20241108_224156_760694725,-0.53350264
20241108_224157_013748110,-0.5725429
20241108_224157_262498347,-0.69123906
20241108_224157_507371562,-0.45532236
20241108_224157_757802499,-0.4197246
20241108_224158_009871595,-0.46574807
20241108_224158_264504815,-0.2598344
20241108_224158_511561619,0.08910188
20241108_224158_762394189,0.02771761
20241108_224159_011350520,-0.34179565
20241108_224159_267310949,-0.27994043
20241108_224159_511336473,-0.23281194
20241108_224159_761561142,-0.16068108
20241108_224200_009152535,-0.18343802
20241108_224200_511345514,-0.108786784
20241108_224200_765269232,0.10220591
20241108_224201_010420994,0.013771692
20241108_224201_259505680,-0.05283954
20241108_224201_511317416,-0.33835012
20241108_224201_762030188,-0.5079349
20241108_224202_010536631,-0.53139323
20241108_224202_263889424,-0.49667883
20241108_224202_510802085,-0.2866058
20241108_224202_760377982,-0.2950977
20241108_224203_266050935,-0.231667
20241108_224203_511207525,-0.23934741
20241108_224203_758581925,-0.09279724
20241108_224204_259671266,-0.11004164
20241108_224204_504947731,-0.085232876
20241108_224205_005395134,-0.076907896
20241108_224205_258429367,-0.07836332
20241108_224205_761766271,-0.10902657
20241108_224206_009874454,0.17239909
20241108_224206_258911773,0.25154915
20241108_224206_508270344,0.11154417
20241108_224207_259637284,0.09049604
20241108_224207_509124164,0.07786844
20241108_224208_260121542,0.1496002
20241108_224208_511583722,0.13018726
20241108_224209_009126241,0.22169606
20241108_224209_265743018,0.26063105
20241108_224209_517212386,0.16134684
20241108_224210_010070852,0.13127242
20241108_224211_009699408,0.38772926
20241108_224211_262390018,0.24156739
20241108_224211_512335715,0.21083836
20241108_224212_016038303,0.1967194
20241108_224212_261800972,0.17601405
20241108_224212_760269646,-0.019121965
20241108_224213_007136761,-0.2473401
20241108_224213_259054163,-0.4097822
20241108_224213_511287885,-0.19782342
20241108_224214_261151352,-0.18566842
20241108_224216_508716572,-0.13398649
20241108_224216_762353081,-0.13239159
20241108_224217_012252840,-0.1302044
20241108_224217_259252284,0.20386246
20241108_224217_507429017,1.7198688
20241108_224217_757685193,0.31212518
20241108_224218_008365084,0.24357922
20241108_224218_258069406,0.29572406
20241108_224219_262199358,0.28837872
20241108_224219_511915756,0.10577796
20241108_224219_761921478,-0.07155021
20241108_224220_007408484,-0.23629503
20241108_224220_262519157,-0.3036286
20241108_224220_508026861,-0.12804891
20241108_224220_758073539,-0.14826281
20241108_224221_007789846,-0.06539359
20241108_224221_260189415,-0.037341736
20241108_224222_257559098,-0.05827727
20241108_224224_758795885,-0.053215466
20241108_224225_006545281,-0.031570457
20241108_224225_758442534,-0.090953134
20241108_224226_007077386,-0.050459467
20241108_224226_260223367,-0.050324343
20241108_224226_760116081,-0.6476295
20241108_224227_006759207,-1.5331663
20241108_224227_259759471,0.4986005
20241108_224227_510120538,0.49227235
20241108_224227_760336826,0.9201325
20241108_224228_005020140,0.6824955
20241108_224228_257101888,0.38711515
20241108_224228_505751384,0.19086783
20241108_224228_756709154,0.43286216
20241108_224230_755218485,0.33953822
20241108_224231_005542064,0.2666202
20241108_224231_507019686,0.3474274
20241108_224231_757247796,0.27273402
20241108_224232_005628081,0.23736735
20241108_224232_755413003,0.28091872
20241108_224233_005895895,0.22729672
20241108_224233_256249998,0.262502
20241108_224233_504649060,0.25137687
20241108_224234_005242999,0.23459272
20241108_224234_255356139,0.11347357
20241108_224234_507369927,0.14320578
20241108_224234_758455609,0.009763459
20241108_224235_006751118,-0.20977549
20241108_224235_257240214,0.008090714
20241108_224235_507798035,9.969808e-05
20241108_224236_255108290,0.03644619
20241108_224236_505739710,-0.011735817
20241108_224236_755460947,0.032482423
20241108_224237_006156992,0.03042815
20241108_224238_258378962,0.032390095
20241108_224238_510318788,0.030411461
20241108_224238_763050663,0.35557207
20241108_224239_010890779,0.70508504
20241108_224239_261282499,0.28332844
20241108_224239_508389094,0.37319782
20241108_224240_755885170,0.41061634
20241108_224241_006499995,0.42353424
20241108_224241_257048700,-0.107374094
20241108_224241_505813741,0.064226635
20241108_224241_756377301,0.4605604
20241108_224242_009345275,0.98982686
20241108_224242_263505830,0.51885104
20241108_224242_509865898,0.58906317
20241108_224242_759654058,0.690258
20241108_224243_010898515,0.3731898
20241108_224243_261076308,-0.021554878
20241108_224243_508691191,-0.24714513
20241108_224243_760379670,-0.10411548
20241108_224244_010948521,-0.06661781
20241108_224244_506195807,-0.05932852
20241108_224244_756115008,0.050480224
20241108_224245_260512951,-0.14939253
20241108_224245_508665936,-0.24341269
20241108_224246_256512593,-0.14145423
20241108_224246_505155068,-0.20124342
20241108_224246_757626632,-0.2027448
20241108_224247_260164769,-0.09358891
20241108_224247_758680093,-0.25916728
20241108_224248_007193439,-0.18334903
20241108_224248_259145362,0.5206999
20241108_224248_507117573,0.053339757
20241108_224248_757373852,0.07580904
20241108_224249_016175265,-0.29378644
20241108_224249_266087753,-0.5053513
20241108_224249_514266061,-0.220466
20241108_224249_766623569,-0.07656326
20241108_224250_012817038,0.45550734
20241108_224250_258873982,0.5227141
20241108_224250_506304943,0.10084785
20241108_224250_755710881,0.1886537
20241108_224251_259174660,0.10090152
20241108_224251_757629577,0.1466013
20241108_224252_012852177,0.55460113
20241108_224252_267297891,0.4075076
20241108_224252_511856954,0.045823075
20241108_224252_760328609,0.069730856
20241108_224253_260857842,0.08167664
20241108_224253_508871455,0.0019390378
20241108_224255_003744616,0.07036606
20241108_224255_254476822,0.024324039
20241108_224255_504404580,0.052445747
20241108_224256_508387054,0.079990484
20241108_224256_763835144,0.4828845
20241108_224257_015991843,0.6373656
20241108_224257_264247076,0.8999502
20241108_224257_509740366,0.60891587
20241108_224257_758657825,0.5393582
20241108_224258_006413673,0.55397683
20241108_224258_758584340,0.60698485
20241108_224259_510807843,0.64038676
20241108_224259_763042351,0.20577191
20241108_224300_262116469,0.27783117
20241108_224300_509219651,0.16143386
20241108_224300_760203513,0.12524925
20241108_224301_010682043,0.2831161
20241108_224301_261306057,0.42120215
20241108_224301_510518275,0.3808542
20241108_224301_761548493,0.0498685
20241108_224302_010609143,0.06825284
20241108_224302_258097970,0.11441482
20241108_224302_760408849,0.023712615
20241108_224303_006593440,-0.06356683
20241108_224303_262059993,-0.32994893
20241108_224303_510054633,-0.39696848
20241108_224303_759789700,-0.31786734
20241108_224304_009272062,-0.2862773
20241108_224304_261224978,-0.13340487
20241108_224304_508110185,-0.03874
20241108_224305_258311202,-0.106862806
20241108_224307_758019757,-0.08253195
20241108_224308_004827432,-0.017347595
20241108_224308_257979459,-0.020055851
20241108_224308_505689097,0.20183322
20241108_224308_757852280,0.48168555
20241108_224309_005475578,0.14389394
20241108_224309_259678597,0.2846712
20241108_224309_506784442,0.19903491
20241108_224310_506820710,0.18617813
20241108_224313_009914771,0.16518061
20241108_224313_264361067,0.11286942
20241108_224313_512668533,0.11868135
20241108_224313_766979056,0.15989666
20241108_224314_015257269,0.3417795
20241108_224314_263374745,0.6530147
20241108_224314_510360286,0.9798699
20241108_224314_756047339,0.6816508
20241108_224315_256525911,0.5333804
20241108_224315_757994197,0.51329994
20241108_224316_257006916,0.16375257
20241108_224316_508271338,0.16587661
20241108_224316_756643657,0.25128627
20241108_224317_258674562,0.042898454
20241108_224317_506379535,0.005901018
20241108_224317_758387929,0.13393606
20241108_224318_259576416,0.16339065
20241108_224318_760033870,0.18014209
20241108_224319_011050224,0.40771946
20241108_224319_257879431,0.3561453
20241108_224321_761774338,0.54472554
20241108_224322_009389582,0.2905824
20241108_224326_005993288,0.23931669
20241108_224327_010377980,0.18954052
20241108_224327_261291329,0.029503861
20241108_224327_511610036,-0.09677898
20241108_224327_763740927,-0.23778929
20241108_224328_015231261,-0.08854594
20241108_224328_517855076,-0.010780653
20241108_224328_764816825,0.00014911033
20241108_224329_762129892,-0.10018315
20241108_224330_007947936,-0.24929653
20241108_224330_259143489,-0.15462102
20241108_224330_508179484,-0.013389217
20241108_224330_758143614,-0.11068895
20241108_224331_008746051,-0.10261925
20241108_224331_257366077,-0.15831162
20241108_224332_262152027,-0.11262091
20241108_224333_004998949,-0.08776607
20241108_224333_758905702,-0.066166185
20241108_224334_010972465,-0.062432133
20241108_224334_259584758,-0.047839366
20241108_224335_013327273,-0.016317567
20241108_224336_260856315,-0.0094321575
20241108_224336_756676275,-0.007543644
20241108_224339_508004156,0.1913441
20241108_224339_765678423,0.16491131
20241108_224340_019517651,0.21367635
20241108_224340_268106116,0.7395518
20241108_224340_514735026,1.1639675
20241108_224340_763799045,1.1640382
20241108_224341_011418971,1.3709406
20241108_224341_259055824,-0.23310979
20241108_224341_506648383,-0.67623544
20241108_224341_757009724,-0.1947977
20241108_224342_007214100,-0.023853417
20241108_224342_261145617,-0.30418113
20241108_224342_506058563,0.01606072
20241108_224342_754480811,0.04330615
20241108_224344_261424798,-0.058455013
20241108_224344_508545013,-0.24827518
20241108_224344_758594665,-0.29243812
20241108_224345_005154653,-0.5628776
20241108_224345_256278653,-0.27425906
20241108_224345_506127023,-0.23945527
20241108_224345_755079743,-0.16759683
20241108_224346_257174306,-0.1418397
20241108_224346_506569755,-0.18483873
20241108_224346_755708535,-0.13595815
20241108_224347_255654206,-0.10978546
20241108_224347_754296432,-0.08761742
20241108_224348_003142466,-0.013409099
20241108_224348_255789232,-0.037886225
20241108_224348_755333289,-0.03711196
20241108_224349_005309552,-0.1064203
20241108_224349_256115755,-0.06302341
20241108_224349_755123561,-0.032896362
20241108_224350_260981650,-0.021842262
20241108_224350_508777092,-0.04931029
20241108_224350_758287249,-0.43882558
20241108_224351_012062633,-1.1781589
20241108_224351_258594685,0.23427717
20241108_224351_508687865,-0.011833569
20241108_224351_758052554,0.03136543
20241108_224352_005910864,-0.055006586
20241108_224352_256149759,-0.10822072
20241108_224352_505526311,-0.03249743
20241108_224352_756409407,0.044430353
20241108_224353_007699336,0.045785584
20241108_224354_004523414,0.110705175
20241108_224354_255666823,0.11880795
20241108_224354_503942190,-0.0015937295
20241108_224354_755795616,0.03365717
20241108_224355_758749495,0.04227171
20241108_224357_260573671,0.21216057
20241108_224357_505202508,0.1959505
20241108_224357_754791730,0.36092892
20241108_224358_002675001,0.6311696
20241108_224358_255150711,0.4195867
20241108_224358_503774062,0.12527375
20241108_224358_753161831,-0.0064109173
20241108_224359_254141814,0.09376524
20241108_224359_754524756,0.40810046
20241108_224400_005156354,0.5521212
20241108_224400_257465247,0.44777557
20241108_224400_504636052,0.7632825
20241108_224400_756447678,0.31314477
20241108_224401_006701370,-0.070383005
20241108_224401_260669254,-0.029972514
20241108_224401_506847892,-0.08463078
20241108_224401_758974121,-0.16061802
20241108_224402_258728281,-0.0935575
20241108_224402_760653561,0.17581992
20241108_224403_006743576,0.22312178
20241108_224403_259740061,0.56791425
20241108_224403_513180889,0.03972446
20241108_224403_763305718,-0.5109021
20241108_224404_010724073,-0.05147244
20241108_224404_263430901,-0.00836125
20241108_224404_512811667,-0.23156764
20241108_224404_760277234,-0.2505351
20241108_224405_004749643,-0.32228377
20241108_224405_257835313,-0.1946453
20241108_224405_508671106,-0.55088955
20241108_224405_762622262,-0.641786
20241108_224406_007681703,-0.62860197
20241108_224406_260617106,-0.16833898
20241108_224406_510404033,-0.11088387
20241108_224407_508137827,-0.14563449
20241108_224407_758308976,-0.5805871
20241108_224408_006385976,-0.5235601
20241108_224408_257769856,-0.28767964
20241108_224408_508993385,0.37731096
20241108_224408_768641401,0.4774311
20241108_224409_015334656,0.5707306
20241108_224409_274011621,0.50301635
20241108_224410_262198297,0.41857806
20241108_224410_512482383,0.19087751
20241108_224410_760387860,0.087519445
20241108_224411_008667861,-0.03341099
20241108_224411_263980891,-0.042418383
20241108_224412_760141439,-0.076747976
20241108_224413_258687085,-0.04315152
20241108_224413_755582225,0.0026775394
20241108_224414_004008798,-0.0032897796
20241108_224414_758522722,-0.0335057
20241108_224415_504607217,-0.032056533
20241108_224415_755464307,-0.1991917
20241108_224416_010288888,-0.6223529
20241108_224416_261220072,-0.3015314
20241108_224416_506137377,-0.22916414
20241108_224417_005275904,-0.19087543
20241108_224417_258713801,-0.17207886
20241108_224417_511853028,-0.13147916
20241108_224417_759485729,-0.09517249
20241108_224418_005448109,-0.08901962
20241108_224419_013253736,-0.083221816
20241108_224419_515136414,-0.06039252
20241108_224419_761220458,-0.14093472
20241108_224420_007948570,-0.13027443
20241108_224420_268400850,0.07127873
20241108_224420_511374996,0.13087605
20241108_224420_762604952,0.28392044
20241108_224421_010808019,0.26773417
20241108_224422_268493646,0.19408034
20241108_224422_515826958,0.21066754
20241108_224422_767084317,0.20712833
20241108_224423_012434910,0.47826007
20241108_224423_259916272,0.23509707
20241108_224423_756933329,0.22078292
20241108_224424_005608857,0.06721
20241108_224425_008301832,0.14810054
20241108_224425_261724718,0.15482192
20241108_224425_507436533,0.13993482
20241108_224425_759308927,0.12161598
20241108_224426_258831528,0.12797461
20241108_224426_508182357,0.124819376
20241108_224426_758041826,0.11647669
20241108_224427_004964830,0.14364825
20241108_224427_256422966,0.3164181
20241108_224427_505804423,0.5863329
20241108_224427_759661799,1.9109035
20241108_224428_010678409,0.43742165
20241108_224428_270187734,-0.37904242
20241108_224428_524133681,-0.49771515
20241108_224428_782768350,-0.17495428
20241108_224429_022655145,-0.121216595
20241108_224429_272870382,-0.16547771
20241108_224429_516096129,-0.13997377
20241108_224429_766024451,-0.012906751
20241108_224430_009775636,-0.84494406
20241108_224430_267546787,-0.6594718
20241108_224430_775104053,-0.7622234
20241108_224432_013247879,-0.57170314
20241108_224432_265392488,-0.6354032
20241108_224432_516758944,-0.4691177
20241108_224432_765568486,-0.38638654
20241108_224433_011114237,-0.55646706
20241108_224434_758142533,-0.6921151
20241108_224435_006889507,-0.7489437
20241108_224435_768331081,-0.5535115
20241108_224436_007988040,-0.12967421
20241108_224436_259542913,-0.15162268
20241108_224436_510823372,-0.14251171
20241108_224438_507527895,-0.21538039
20241108_224438_756525623,-0.34972522
20241108_224440_506497816,-0.17645301
20241108_224441_003992635,-0.22659262
20241108_224441_256467972,-0.57616025
20241108_224441_510122789,-0.22278766
20241108_224442_013201755,-0.25458923
20241108_224442_259036711,0.01737394
20241108_224443_258216348,-0.0975711
20241108_224443_506298832,-0.39986223
20241108_224443_759694989,-0.512663
20241108_224444_008875536,-0.5501116
20241108_224444_258865424,-0.36241186
20241108_224444_507842165,-0.28839293
20241108_224444_759066835,-0.24469583
20241108_224445_257326865,-0.21426304
20241108_224445_505142259,0.024197483
20241108_224445_756178777,-0.0565485
20241108_224446_005602815,-0.34666824
20241108_224446_257637304,-0.2093846
20241108_224448_514557248,-0.17438002
20241108_224448_758525519,0.062375873
20241108_224449_006050155,-0.033543132
20241108_224449_258996446,-0.05126532
20241108_224449_506619801,-0.33139825
20241108_224452_011771193,-0.13356246
20241108_224452_506513149,-0.11979421
20241108_224452_758935154,-0.14122511
20241108_224453_005374155,0.9023214
20241108_224453_259241756,0.46458492
20241108_224453_511368995,0.75624126
20241108_224453_758078615,0.87272376
20241108_224454_009823361,-0.41264063
20241108_224454_264311958,-0.65580714
20241108_224455_260192083,-0.48451284
20241108_224455_506117049,-0.19070986
20241108_224455_760228584,-0.083776675
20241108_224456_009295176,-0.1153447
20241108_224457_509868845,-0.009289933
20241108_224457_759353101,0.12802012
20241108_224458_262132093,-0.06505833
20241108_224458_508190088,-0.14950593
20241108_224458_762025509,-0.040224634
20241108_224459_017809423,0.025169956
20241108_224500_268468698,0.1329937
20241108_224501_513142230,0.021155039
20241108_224501_762848400,-0.20812155
20241108_224502_008392726,-0.25573015
20241108_224502_259386022,-0.20207204
20241108_224502_511323864,-0.3934441
20241108_224502_762755556,-0.3003902
20241108_224503_008681634,-0.41364932
20241108_224503_261164277,-0.38354066
20241108_224503_519865289,-0.007420482
20241108_224503_768024808,0.14707626
20241108_224504_015417255,0.3730247
20241108_224504_263171113,0.36353475
20241108_224504_517493084,0.067844935
20241108_224504_773927678,-0.06558355
20241108_224505_016199758,-1.0169735
20241108_224505_264198905,0.6611878
20241108_224505_514030591,0.1789007
20241108_224505_764386537,-0.30755153
20241108_224506_014177716,-0.17165686
20241108_224506_272345577,-0.026277682
20241108_224506_517542382,-0.02862837
20241108_224507_008081205,-0.33100668
20241108_224507_262131816,-0.15833391
20241108_224507_517745653,-0.11899819
20241108_224507_765803294,-0.11283567
20241108_224508_018232643,0.051826634
20241108_224508_512348119,-0.00890263
20241108_224508_766065837,-0.030445596
20241108_224509_009969939,-0.0391291
20241108_224509_263822004,-0.06756749
20241108_224509_511157505,-0.057140253
20241108_224509_759881110,-0.05028399
20241108_224510_505532021,-0.05154892
20241108_224510_756222363,-0.046568714
20241108_224511_007212896,-0.1675693
20241108_224511_257261214,-0.15798579
20241108_224511_758463268,-0.07987776
20241108_224512_006544728,-0.06942483
20241108_224512_257019975,-0.54681814
20241108_224512_507651333,-0.4779645
20241108_224512_758402280,-0.2596614
20241108_224513_262181437,-0.16020463
20241108_224513_510668097,-0.17193143
20241108_224513_760744918,-0.1753812
20241108_224514_256607428,-0.2180938
20241108_224514_759041947,-0.17852615
20241108_224515_765667349,-0.17379732
20241108_224516_008552614,-0.22692515
20241108_224516_262398858,-0.53197515
20241108_224516_510463206,-0.84888214
20241108_224516_759847471,-1.1638956
20241108_224517_008074938,-0.38771358
20241108_224517_265746812,-0.040040486
20241108_224517_511308984,-0.034658037
20241108_224517_760954055,0.46077886
20241108_224518_008483500,0.22721778
20241108_224518_261079183,0.1727892
20241108_224518_509816736,0.17042373
20241108_224518_757715229,0.18818675
20241108_224519_259425160,-0.51080084
20241108_224519_508189011,-0.13812141
20241108_224519_759286669,-0.4560795
20241108_224520_255525407,-0.27543363
20241108_224520_762789585,-0.2746754
20241108_224521_261884413,-0.26396802
20241108_224521_760840104,-0.28517988
20241108_224522_008094925,-0.19854338
20241108_224522_258487383,-0.09313129
20241108_224522_510626351,-0.1346611
20241108_224523_008091510,-0.19376828
20241108_224523_257709005,-0.2664114
20241108_224523_506741994,-0.22637744
20241108_224523_761846553,-0.20146991
20241108_224525_504214186,-0.2084461
20241108_224526_253869541,-0.20737453
20241108_224526_506224892,-0.21397127
20241108_224526_759460309,-0.2110026
20241108_224527_756921573,-0.21262051
20241108_224529_254210626,-0.1528609
20241108_224529_502683600,-0.21936126
20241108_224529_755232506,-0.41036847
20241108_224530_010240095,-0.29636344
20241108_224530_260542664,-0.25724086
20241108_224530_758877426,-0.3660289
20241108_224531_258126308,0.51995057
20241108_224531_509320982,0.03252337
20241108_224531_761700668,-0.06316861
20241108_224532_011157597,-0.004075667
20241108_224532_262169972,-0.013844749
20241108_224532_506451033,0.0070574675
20241108_224532_756502639,0.13875984
20241108_224533_003022957,0.115279175
20241108_224533_257702485,0.092681326
20241108_224533_507028468,0.07187352
20241108_224534_508729849,0.073218025
20241108_224534_756762728,0.1309403
20241108_224535_004636720,0.09804431
20241108_224535_253607206,0.10515741
20241108_224535_761604678,0.0934755
20241108_224536_003962393,0.0941763
20241108_224536_755555332,0.09044937
20241108_224537_257901100,0.08538572
20241108_224537_758998932,-0.026935717
20241108_224539_258370035,0.027972141
20241108_224539_508450606,0.23487045
20241108_224539_757907683,0.29548728
20241108_224540_012203062,0.11314336
20241108_224540_258442003,0.15514402
20241108_224540_510761677,0.06628219
20241108_224540_758714739,0.0839955
20241108_224542_256991574,0.106884934
20241108_224542_509895747,0.10667
20241108_224542_757302620,0.09906236
20241108_224543_007500106,0.1307656
20241108_224543_759186658,0.1066976
20241108_224544_759175900,-0.1016837
20241108_224545_008348027,-0.12027591
20241108_224545_256977861,-0.038435183
20241108_224546_764220659,-0.011501631
20241108_224547_009775639,0.21436144
20241108_224547_256771315,0.15097032
20241108_224547_755892380,0.53733623
20241108_224548_003570997,-0.34941062
20241108_224548_254980629,-0.48408327
20241108_224548_756767763,-0.662403
20241108_224549_007103883,-0.28768632
20241108_224549_259873083,-0.20678411
20241108_224549_506677558,-0.05943393
20241108_224549_757980219,-0.1481745
20241108_224550_008243838,-0.45388263
20241108_224550_258805451,-0.77961576
20241108_224550_507698086,-0.79618084
20241108_224551_510442804,-0.579653
20241108_224552_008671889,-0.5362278
20241108_224552_760403040,-0.5145711
20241108_224553_008945142,-0.9064036
20241108_224553_262426269,-0.5137205
20241108_224553_514383332,-0.5206258
20241108_224553_763372067,-0.45271468
20241108_224554_012953412,-0.19587159
20241108_224554_507024187,-0.27043328
20241108_224555_763596215,-0.22990967
20241108_224558_758257456,-0.0064044036
20241108_224559_008361233,0.13824362
20241108_224559_259399005,0.21928401
20241108_224559_510796006,2.1937494
20241108_224559_763515312,-0.20776583
20241108_224600_008086523,0.19707721
20241108_224600_255653689,0.23504089
20241108_224600_505510069,0.29148796
20241108_224600_756301973,0.44462922
20241108_224601_011694284,0.26872823
20241108_224601_261587536,0.23546053
20241108_224602_510043997,0.21132685
20241108_224602_763358083,0.079929926
20241108_224603_005598307,0.07296757
20241108_224603_258629230,0.15044855
20241108_224603_508027848,0.19089888
20241108_224603_763495192,0.36265954
20241108_224604_015488976,0.33735606
20241108_224604_275169548,-0.284181
20241108_224604_521432670,-0.19873913
20241108_224604_768313228,-0.5882735
20241108_224605_010035836,-0.83065015
20241108_224605_260315004,-1.1720072
20241108_224605_505799061,-0.65807545
20241108_224605_760053578,-0.057433814
20241108_224606_010409193,-0.47295225
20241108_224606_269315099,-0.2574306
20241108_224606_514403720,-0.0011081155
20241108_224606_769393268,0.17411777
20241108_224607_020139171,0.2910727
20241108_224607_267731920,0.13946603
20241108_224607_764312636,0.009112099
20241108_224608_012845013,0.045316078
20241108_224608_262396897,-0.015324196
20241108_224608_506848030,-0.035225652
20241108_224608_760057949,-0.034269117
20241108_224609_014220999,0.08734832
20241108_224609_264672728,0.04505775
20241108_224609_509832168,0.025667587
20241108_224609_763699109,0.030454198
20241108_224610_261543225,0.20869401
20241108_224610_519148638,0.40466845
20241108_224610_769785581,0.44645324
20241108_224611_011857173,0.2698579
20241108_224611_266986877,1.7009906
20241108_224611_514393967,0.013544058
20241108_224611_775784659,-0.37134787
20241108_224612_014509955,0.46349564
20241108_224612_264366117,0.2090457
20241108_224612_518818553,0.065289654
20241108_224612_773657230,-0.002939364
20241108_224613_011616878,-0.049410366
20241108_224613_261191303,-0.3078794
20241108_224613_513302838,-0.66106915
20241108_224613_763463205,-0.28962564
20241108_224614_010818255,0.054911084
20241108_224614_263664095,-0.024505993
20241108_224614_509323489,0.006683985
20241108_224614_766415714,0.26213875
20241108_224615_010261404,0.75057894
20241108_224615_258334218,0.8492873
20241108_224615_506362275,0.10056525
20241108_224615_755798274,0.23817901
20241108_224616_009255518,0.18524554
20241108_224616_260047017,0.28823116
20241108_224616_507561584,0.5974366
20241108_224616_756275025,0.48099247
20241108_224617_006728323,0.61083394
20241108_224619_006667752,0.45531192
20241108_224619_259559050,0.44986632
20241108_224619_506718214,0.39510474
20241108_224619_761776350,0.36925006
20241108_224620_255112139,0.3117778
20241108_224620_753890210,0.4596483
20241108_224622_504899547,0.22544347
20241108_224622_754447374,-0.010434618
20241108_224623_002855997,-0.028459033
20241108_224623_253465932,-0.38001356
20241108_224623_505708375,-0.3459602
20241108_224623_757122792,-0.20048977
20241108_224624_005297757,-0.14631353
20241108_224624_260347136,-0.16098185
20241108_224625_258864253,-0.15531416
20241108_224625_513884395,0.021871472
20241108_224625_767130043,0.24974816
20241108_224626_012538501,0.67311615
20241108_224626_261171403,0.46593842
20241108_224626_506459886,0.41248807
20241108_224626_758245977,0.39713895
20241108_224627_008222792,0.04388813
20241108_224627_258829636,-0.119652115
20241108_224627_504678842,0.23862512
20241108_224627_760705865,0.31484672
20241108_224628_004597952,0.3810692
20241108_224628_254974199,0.31555206
20241108_224629_503646521,0.2869399
20241108_224629_757896903,0.46778083
20241108_224630_254681667,0.65635115
20241108_224630_503834846,0.1648991
20241108_224630_756047174,-0.091577195
20241108_224631_010114859,-0.009543082
20241108_224631_261410841,-0.14131792
20241108_224631_509225106,-0.35500252
20241108_224631_759138494,-0.1650628
20241108_224632_003043343,-0.2380584
20241108_224632_254419221,-0.46786696
20241108_224632_504811942,-0.38278696
20241108_224632_758693012,-0.5738588
20241108_224633_004146187,-0.5722862
20241108_224633_254634983,-0.3930677
20241108_224633_507088441,-0.29488277
20241108_224633_757431357,-0.21502037
20241108_224634_003295144,-0.015423261
20241108_224634_253213178,0.15547463
20241108_224634_502163039,0.2193704
20241108_224634_754398488,0.119396366
20241108_224635_008204401,0.09050137
20241108_224635_261187078,0.16045792
20241108_224635_504252475,0.058851577
20241108_224636_012063672,0.05278728
20241108_224636_258504307,0.52471274
20241108_224636_505208899,0.7282264
20241108_224638_255640115,0.5799396
20241108_224639_509505211,0.50833565
20241108_224639_761003384,-0.04932698
20241108_224640_006817701,-0.0067855325
20241108_224640_260607159,-0.39571255
20241108_224640_506614572,-0.4448277
20241108_224640_755448423,-0.5342199
20241108_224641_008290717,-0.35317785
20241108_224641_255086750,-0.22417028
20241108_224641_505503759,-0.14607103
20241108_224641_759038643,-0.044553377
20241108_224642_006845327,0.14114238
20241108_224642_257609356,0.43369657
20241108_224642_506565218,0.73201036
20241108_224642_761961149,1.1611817
20241108_224643_005249205,0.5766342
20241108_224643_254059637,0.12958226
20241108_224643_503414266,0.18529937
20241108_224644_008136459,0.15939191
20241108_224644_262864258,0.19812106
20241108_224644_514652505,0.6919254
20241108_224644_758734894,0.52709854
20241108_224645_005427551,0.6001585
20241108_224645_256979515,0.4413771
20241108_224646_255313185,0.88635516
20241108_224646_506576508,0.8169818
20241108_224646_756857945,0.69251704
20241108_224647_003438827,0.9598145
20241108_224647_258053194,0.7418618
20241108_224647_503711140,0.6923961
20241108_224647_756663805,0.71070814
20241108_224648_257038812,0.3395008
20241108_224648_510233181,-0.102139674
20241108_224649_005634268,0.7577345
20241108_224649_254974638,0.11056677
20241108_224649_504305609,0.008929232
20241108_224649_755289678,0.08363811
20241108_224650_004657845,0.08838264
20241108_224650_260895321,0.23200916
20241108_224650_756919935,0.14928947
20241108_224651_508083153,0.14788173
20241108_224652_016847587,0.13217555
20241108_224652_511015897,0.10754017
20241108_224653_272276194,0.09818105
20241108_224653_759767986,0.051372327
20241108_224654_007659786,0.05801461
20241108_224654_513810442,-0.12204232
20241108_224654_767050080,-0.35082743
20241108_224655_016602437,-0.47029385
20241108_224655_270518024,-0.41372046
20241108_224655_514668574,-0.21651386
20241108_224655_761982150,-0.23842697
20241108_224656_255233492,-0.22820564
20241108_224658_007677642,-0.2166443
20241108_224658_506640415,-0.26217297
20241108_224658_761757788,-1.2076238
20241108_224659_006380208,-0.28094363
20241108_224659_261747766,-0.022115445
20241108_224659_514587007,-0.0030639935
20241108_224659_766518389,0.21454324
20241108_224700_014909491,0.28956893
20241108_224700_762203728,0.084934205
20241108_224701_009371403,0.054369368
20241108_224701_261983956,-0.15812777
20241108_224701_509623010,-0.291578
20241108_224701_768849728,-0.16406973
20241108_224702_267363722,-0.063610576
20241108_224702_757973759,0.061871886
20241108_224703_260726072,0.08687929
20241108_224703_505593938,0.012092689
20241108_224703_756213776,-0.010634145
20241108_224704_254528083,0.055598177
20241108_224705_501736768,-0.31999254
20241108_224705_756107945,-0.15832283
20241108_224706_012760185,-0.1533855
20241108_224706_259767686,-0.13358934
20241108_224706_755459553,-0.09584137
20241108_224707_004484513,-0.43208006
20241108_224707_256443244,-0.7093573
20241108_224707_507172472,-0.38611284
20241108_224708_252508863,-0.29377308
20241108_224709_253660108,-0.2506074
20241108_224710_003487387,-0.16294388
20241108_224710_253863526,0.09161768
20241108_224710_502117285,0.22928233
20241108_224711_004475181,-0.0008474197
20241108_224711_258150933,-0.30381387
20241108_224711_509056832,-0.6120053
20241108_224711_759150081,-0.4912584
20241108_224712_006462573,-0.3070245
20241108_224712_255520220,-0.34256917
20241108_224712_503664559,-0.3037774
20241108_224712_756214274,-0.18753113
20241108_224713_001022287,-0.17439921
20241108_224713_503438225,-0.13966735
20241108_224713_755438306,0.046283364
20241108_224714_003825224,0.23699747
20241108_224716_005926169,0.046105213
20241108_224716_259225979,-0.76753604
20241108_224716_518377526,-0.019345095
20241108_224716_776411445,-0.182301
20241108_224717_012400093,0.15694132
20241108_224717_261572977,0.2839843
20241108_224717_509186235,0.78182465
20241108_224717_756040446,0.36500677
20241108_224718_004014486,0.32804376
20241108_224718_255728583,0.3463914
20241108_224718_503859646,0.17678763
20241108_224718_759680759,0.010660091
20241108_224719_004051304,0.101914205
20241108_224719_257292578,0.12197886
20241108_224719_504564646,0.49547622
20241108_224719_754337050,0.059201278
20241108_224720_010784962,0.089120485
20241108_224720_262984386,-0.06469401
20241108_224720_512554125,0.0043419395
20241108_224721_255826657,0.038310446
20241108_224721_503241880,0.05098007
20241108_224721_755630149,0.11148051
20241108_224724_001483634,0.13076721
20241108_224725_254404566,0.9538982
20241108_224725_501966527,-0.47146538
20241108_224725_756445955,-0.31109503
20241108_224726_001736678,0.6056272
20241108_224726_252378051,0.29755962
20241108_224726_501228393,0.62299067
20241108_224728_009967428,0.69126564
20241108_224728_508641345,0.56632274
20241108_224729_502931565,0.53962696
20241108_224729_751586359,0.55233765
20241108_224730_002147622,0.49220982
20241108_224730_252326076,1.0880958
20241108_224730_502687132,0.7168324
20241108_224730_755254897,0.6217556
20241108_224731_005686489,0.6496488
20241108_224733_003584611,0.79425716
20241108_224733_499960186,0.6179632
20241108_224733_751341746,0.62851423
20241108_224734_000578557,0.6167651
20241108_224734_752626542,0.22200891
20241108_224735_001904273,-0.013553925
20241108_224735_252072496,-0.044098936
20241108_224737_752434508,-0.0080588665
20241108_224739_001511817,0.067312635
20241108_224739_251516137,-0.10814787
20241108_224739_503376599,-0.1906108
20241108_224739_757984123,-0.20067854
20241108_224740_006650901,-0.33793008
20241108_224740_263828178,-0.19177677
20241108_224740_505237157,-0.23466553
20241108_224741_002824012,-0.3019559
20241108_224741_256371759,-0.49638504
20241108_224741_503778647,-0.70097935
20241108_224741_758230731,-0.6933912
20241108_224742_003331553,-0.49816763
20241108_224742_258412353,-0.43459302
20241108_224742_501923810,-0.4149789
20241108_224742_755541508,-0.5296592
20241108_224743_000872846,-0.5187844
20241108_224743_254050312,-0.54320085
20241108_224743_501239812,-0.4181287
20241108_224743_757952298,-0.54657084
20241108_224744_001952838,-0.41095704
20241108_224744_253123094,-0.011048989
20241108_224744_501486330,0.12901007
20241108_224744_753078286,0.099633195
20241108_224745_005583064,0.06421145
20241108_224745_512206767,0.04411725
20241108_224746_002788918,0.073819734
20241108_224746_751422940,0.035227634
20241108_224747_252548690,-0.107901655
20241108_224747_500365077,-0.10098358
20241108_224748_502423020,-0.08728095
20241108_224748_753336946,-0.053070746
20241108_224749_002866627,-0.08245566
20241108_224750_251724628,-0.024281284
20241108_224750_505168852,-0.38108227
20241108_224750_755345721,-0.5269367
20241108_224751_003471452,-0.4105317
20241108_224751_503767284,-0.2479892
20241108_224751_754480744,-0.30906853
20241108_224752_001961830,-0.17243107
20241108_224753_253447814,-0.49218148
20241108_224753_501292003,-0.59095424
20241108_224753_750959005,-0.5068753
20241108_224754_003730021,-0.5821803
20241108_224754_252652496,-0.47112387
20241108_224754_501428852,-0.4162245
20241108_224754_753281128,-0.33750698
20241108_224756_001181591,-0.35158265
20241108_224756_254883945,-0.1489836
20241108_224756_502281807,-0.11293622
20241108_224756_751521080,0.20550516
20241108_224757_001097601,0.09404875
20241108_224757_501906159,0.015918175
20241108_224757_754313781,0.20998172
20241108_224758_004779384,0.20436095
20241108_224758_263918433,0.2750841
20241108_224800_502162304,0.2880322
20241108_224800_760539484,0.14460777
20241108_224801_011098766,0.1392539
20241108_224801_262921740,0.23032354
20241108_224801_509620006,0.24176745
20241108_224801_758826506,0.7818235
20241108_224802_006484355,0.9589715
20241108_224802_257062321,0.6945168
20241108_224802_504111141,0.27411583
20241108_224802_759815251,0.23834388
20241108_224803_001981535,0.34212944
20241108_224803_252744311,0.11044953
20241108_224803_501543201,0.020811597
20241108_224803_750267622,-0.15856369
20241108_224804_005385900,-0.073401295
20241108_224804_255976779,-0.028867325
20241108_224805_753061568,-0.019804796
20241108_224806_268552420,-0.08900543
20241108_224806_523093128,-0.025005003
20241108_224806_767441738,-0.021549007
20241108_224810_251917877,-0.008538386
20241108_224810_500653386,-0.042479537
20241108_224811_001676559,-0.06633171
20241108_224811_502351605,-0.045658194
20241108_224812_004700616,0.03791342
20241108_224812_254791564,-0.0025089588
20241108_224812_502085099,-0.03722342
20241108_224812_753124875,-0.04486587
20241108_224817_004330565,-0.0535328
20241108_224817_255745567,-0.10312506
20241108_224819_252152097,0.06879586
20241108_224819_500785704,0.37133256
20241108_224819_756034241,0.20875452
20241108_224820_252158562,0.17552017
20241108_224821_250642052,0.12222568
20241108_224821_499113185,-0.011066338
20241108_224821_749501565,-0.19103782
20241108_224823_497957307,-0.040834628
20241108_224824_248527044,0.16205396
20241108_224824_498772910,0.36653808
20241108_224825_500383797,0.35911125
20241108_224826_002613649,0.4714999
20241108_224826_255914574,0.65947986
20241108_224826_502345850,0.99659437
20241108_224826_751103333,0.6938685
20241108_224827_000638471,-0.12825765
20241108_224827_250553750,-0.01562651
20241108_224827_498861694,0.08584758
20241108_224827_749088762,0.16930833
20241108_224827_998630886,0.24557374
20241108_224828_252243591,0.10489463
20241108_224828_751639262,0.09156282
20241108_224830_004211388,0.043485142
20241108_224830_253148478,-0.18599446
20241108_224830_501189702,-0.33002117
20241108_224830_750280788,-0.24636538
20241108_224831_752465403,-0.18646868
20241108_224832_002680363,-0.20906772
20241108_224832_255890250,-0.19235666
20241108_224832_752317497,-0.23265077
20241108_224834_250660809,-0.065893255
20241108_224834_507548009,0.15486233
20241108_224834_760881726,0.3238675
20241108_224835_012134396,0.17261659
20241108_224835_257236163,0.14039564
20241108_224835_753452441,0.3046806
20241108_224836_001146480,0.28652978
20241108_224836_252160070,0.15620242
20241108_224836_750072559,0.19151096
20241108_224837_250642818,0.16501342
20241108_224837_750125376,0.19759141
20241108_224838_001588261,0.307571
20241108_224838_250219158,0.48896006
20241108_224838_502941078,0.539311
20241108_224838_753560012,0.5383391
20241108_224838_999832792,0.15838869
20241108_224839_251233842,-0.0378054
20241108_224839_500779153,-0.2846837
20241108_224839_751391561,-0.07471075
20241108_224840_501016578,-0.07630917
20241108_224840_751096346,-0.08799406
20241108_224840_999374324,0.05990938
20241108_224841_498429442,-0.014652213
20241108_224841_750754535,0.013642171
20241108_224841_999175336,0.059800185
20241108_224842_498618936,-0.012039324
20241108_224842_999387269,0.06487206
20241108_224843_247794180,0.029976705
20241108_224844_752720477,0.02162675
20241108_224844_998944404,0.007554451
20241108_224845_249669751,0.00869582
20241108_224845_750200470,-0.026024302
20241108_224846_000443768,-0.17432468
20241108_224846_253673625,-0.07274028
20241108_224848_999994854,-0.035009287
20241108_224849_252875147,0.07472346
20241108_224849_999699885,0.027696947
20241108_224850_250454196,0.041038223
20241108_224850_500376680,0.31283307
20241108_224850_750324934,0.5735059
20241108_224851_000198417,0.45020196
20241108_224851_251452792,0.393095
20241108_224851_499321855,0.1713215
20241108_224851_750114810,0.19012463
20241108_224851_998647832,0.32518226
20241108_224852_250598560,0.48063484
20241108_224852_501872507,0.3304846
20241108_224852_753646189,0.29566294
20241108_224856_251356725,0.2559949
20241108_224856_503239812,0.6646635
20241108_224856_757061300,0.5907209
20241108_224857_007719731,0.048096813
20241108_224857_255889814,0.09845353
20241108_224857_503002272,0.13754712
20241108_224857_751873835,-0.10868009
20241108_224858_250603147,0.013972918
20241108_224858_750220066,0.025810638
20241108_224858_999533461,-0.19657941
20241108_224900_000807236,-0.045420013
20241108_224900_253708979,-0.05824723
20241108_224900_501029313,0.25242296
20241108_224900_753323144,0.2734412
20241108_224901_250099273,0.08121381
20241108_224901_501421880,0.10464386
20241108_224902_254147863,0.00023917295
20241108_224902_506870131,0.11281071
20241108_224902_760756954,0.2977364
20241108_224903_012017556,0.45219955
20241108_224903_508530293,1.8003472
20241108_224903_756332712,1.1345226
20241108_224904_003328396,0.28021634
20241108_224904_251831644,-0.061552487
20241108_224904_501710361,-0.08402618
20241108_224904_755083839,-0.813647
20241108_224905_005238580,-0.6098621
20241108_224905_258257218,-0.23459195
20241108_224905_502970241,-0.1843387
20241108_224905_752639795,-0.47075075
20241108_224906_002436695,-0.42691422
20241108_224906_753390200,-0.3823503
20241108_224907_000681878,-0.124064796
20241108_224907_252185439,0.09272599
20241108_224907_499180108,0.19117153
20241108_224907_753323587,0.101754434
20241108_224907_999467375,0.15131505
20241108_224908_252177675,0.3465966
20241108_224908_752855236,0.3016042
20241108_224909_002149672,0.35092145
20241108_224909_256859757,0.3618694
20241108_224909_505901548,0.2050104
20241108_224910_261738003,1.1186794
20241108_224910_512842832,0.15886204
20241108_224910_777522253,-0.03370688
20241108_224911_019090114,0.10748149
20241108_224911_263096521,-0.13840087
20241108_224911_504047099,-0.61857206
20241108_224911_755196822,-0.45895913
20241108_224912_003392577,0.39360073
20241108_224912_259061599,1.02275
20241108_224912_506056855,-0.64365476
20241108_224912_754074121,-0.8317062
20241108_224912_999050961,-0.25793606
20241108_224913_252723184,-0.19166441
20241108_224913_501960124,-0.122704096
20241108_224913_752461509,0.58532506
20241108_224914_000650212,0.15307038
20241108_224914_254190071,-0.09791043
20241108_224914_502357100,0.046279408
20241108_224914_751148232,0.094278134
20241108_224915_000195899,0.07695422
20241108_224915_251823608,0.06651781
20241108_224915_500987959,0.23040445
20241108_224915_754135124,0.14677455
20241108_224915_997938678,0.07815013
20241108_224916_250419125,0.072402604
20241108_224916_500513975,0.0817456
20241108_224916_750536521,0.10400868
20241108_224917_000486315,0.09794185
20241108_224917_250489052,0.084769525
20241108_224917_499963495,0.06976656
20241108_224917_998556292,0.06327454
20241108_224918_251023384,0.05525557
20241108_224918_498794760,0.06958065
20241108_224918_750717382,0.4213643
20241108_224919_000179096,0.5384787
20241108_224919_252695440,0.65916806
20241108_224919_500882010,0.10113717
20241108_224919_752193642,-0.8018712
20241108_224919_999538840,-0.37780073
20241108_224920_250783086,-0.13058491
20241108_224920_501355479,-0.16813134
20241108_224920_751574567,-0.1579854
20241108_224921_000512058,-0.08261933
20241108_224921_250509947,-0.18993498
20241108_224921_499096982,-0.13603278
20241108_224921_753565458,-0.2068186
20241108_224922_253425819,-0.24723439
20241108_224923_251021716,-0.0010647681
20241108_224923_500089584,-0.04924109
20241108_224923_749982408,0.11071067
20241108_224923_999134595,0.02390031
20241108_224924_249399024,0.046460725
20241108_224924_500082852,0.0018223319
20241108_224924_751352400,-0.031872712
20241108_224925_002332801,-0.02224948
20241108_224925_261355994,-0.026671609
20241108_224925_507499226,0.21399887
20241108_224925_753299385,0.34847042
20241108_224926_000465379,0.6448359
20241108_224926_253062795,0.6387642
20241108_224926_501451502,0.3364242
20241108_224926_754787699,0.32993963
20241108_224927_002093000,0.48045048
20241108_224927_254607678,0.32230908
20241108_224927_503769169,-0.024852952
20241108_224927_753037174,0.078844346
20241108_224928_002586545,0.103364654
20241108_224928_252312954,0.10923687
20241108_224928_502825276,0.18522076
20241108_224928_759613894,0.15534855
20241108_224929_007765088,0.046757646
20241108_224929_259095093,0.21094804
20241108_224929_505521336,-0.15147881
20241108_224929_753016772,-0.27969053
20241108_224930_001551490,-0.24849565
20241108_224930_252457819,-0.2520934
20241108_224930_499603041,-0.15760265
20241108_224930_753380513,-0.2710536
20241108_224930_998928862,-0.21715267
20241108_224931_248737536,-0.18705343
20241108_224931_499510083,-0.23195262
20241108_224931_751006081,-0.22370566
20241108_224931_999591560,0.20223823
20241108_224932_251070847,-0.15516932
20241108_224932_498766176,-0.111788
20241108_224932_751803326,-0.12366887
20241108_224932_999157521,-0.11792221
20241108_224933_248915656,-0.094411395
20241108_224933_501129109,-0.16209923
20241108_224933_755841657,-0.3548402
20241108_224934_004861347,-0.18271367
20241108_224934_256049514,-0.12917463
20241108_224934_500262784,-0.18219627
20241108_224934_756063712,-0.17050408
20241108_224936_000418650,0.005771322
20241108_224937_265832446,-0.016887566
20241108_224937_511507460,-0.05479213
20241108_224938_500637450,-0.0629467
20241108_224939_255321297,0.00987778
20241108_224940_252861056,0.011166731
20241108_224940_998378444,0.16495578
20241108_224941_250093646,0.1332554
20241108_224941_749016847,0.17978774
20241108_224941_998765966,0.14381318
20241108_224942_499865734,-0.12585808
20241108_224942_752173975,-0.063075505
20241108_224943_001411636,-0.019633433
20241108_224943_498307696,0.1639515
20241108_224943_749869060,0.09198574
20241108_224943_998602162,0.40525967
20241108_224944_250715859,0.118630506
20241108_224944_497092848,0.07302228
20241108_224944_749557582,0.118695654
20241108_224944_998457423,0.13235311
20241108_224945_250217255,0.002460936
20241108_224945_501684144,0.035760738
20241108_224946_250938082,0.06718738
20241108_224946_498467594,0.101873495
20241108_224946_998408981,0.11417357
20241108_224947_504776106,0.07887963
20241108_224947_754408688,0.059242167
20241108_224948_252777822,0.05551485
20241108_224948_504051767,0.05924002
20241108_224948_755465650,0.09519888
20241108_224949_253367798,0.0630729
20241108_224949_503107857,0.026909808
20241108_224949_754236290,0.037556745
20241108_224950_251956651,0.020617286
20241108_224950_502784463,0.059798695
20241108_224950_756327194,0.05364964
20241108_224951_003966059,0.06989751
20241108_224951_255253793,0.06816397
20241108_224951_999713705,0.09150461
20241108_224952_248886609,-0.004706165
20241108_224952_500436172,-1.2316403
20241108_224952_750287121,-0.19962035
20241108_224952_999781173,0.038568087
20241108_224953_252177162,0.08073879
20241108_224953_500605639,-0.055120192
20241108_224953_753609049,-0.012665233
20241108_224954_002222640,-0.007420918
20241108_224954_251709477,-0.0055601206
20241108_224954_501587018,0.11059914
20241108_224954_751103373,0.018216351
20241108_224955_250961781,0.054217674
20241108_224955_503631604,0.38054004
20241108_224955_756949602,0.20431073
20241108_224956_250267239,0.1942568
20241108_224956_500568366,0.15716551
20241108_224957_750826219,0.1662228
20241108_224958_253086984,0.16809116
20241108_224958_503660310,0.15980552
20241108_224958_751441044,0.13214211
20241108_224959_000025536,0.1612442
20241108_224959_250785462,0.13497649
20241108_224959_751602046,0.08760599
20241108_225000_251264410,0.063424684
20241108_225000_503289010,0.0567436
20241108_225000_759752143,0.15941505
20241108_225001_007714069,0.14569198
20241108_225001_256282122,-0.105575584
20241108_225001_500154463,-0.34687528
20241108_225001_753327349,-0.15355875
20241108_225001_999544617,-0.16693012
20241108_225002_500496890,-0.069534026
20241108_225002_751715795,-0.1342882
20241108_225002_997803405,-0.0978026
20241108_225003_250147779,-0.050356828
20241108_225003_498368489,-0.107051454
20241108_225003_998313396,-0.088932835
20241108_225004_755122566,-0.08884766
20241108_225005_003108156,-0.03587427
20241108_225005_256808254,-0.043249987
20241108_225006_250063381,0.041745044
20241108_225006_750899322,0.14333497
20241108_225006_999346585,0.42636812
20241108_225007_250787479,0.17028658
20241108_225007_999920724,0.11875806
20241108_225008_254686496,0.12945716
20241108_225008_502610967,-0.14832787
20241108_225009_249514095,0.0075897966
20241108_225009_754589127,0.060869403
20241108_225009_999679382,0.0037316475
20241108_225011_498262974,-0.014175197
20241108_225011_749454642,-0.0075960364
20241108_225011_998388591,-0.008583924
20241108_225012_251508133,-0.033571504
20241108_225013_251587297,-0.010514578
20241108_225013_499658473,-0.01634713
20241108_225014_764043072,-0.014340242
20241108_225015_011925159,-0.022672495
20241108_225015_260188165,-0.03532525
20241108_225015_754808803,-0.037558757
20241108_225016_001489482,-0.18957032
20241108_225016_501075684,0.002659358
20241108_225017_505978897,-0.0050136056
20241108_225017_755827702,0.072589494
20241108_225018_261603779,0.1616175
20241108_225018_510020943,0.094250716
20241108_225019_252405652,-0.11443155
20241108_225019_499023053,-0.13540982
20241108_225020_503062849,-0.08399125
20241108_225020_999987212,-0.07412263
20241108_225021_999778668,-0.3049754
20241108_225022_251760908,0.8311559
20241108_225022_500921902,0.13046654
20241108_225022_751690095,0.091341056
20241108_225022_998993930,0.13367914
20241108_225024_001025237,0.59115607
20241108_225024_251825413,-0.06261291
20241108_225024_501163376,0.028679708
20241108_225024_752976877,0.06353972
20241108_225024_999889647,0.12577008
20241108_225025_252857726,0.3614336
20241108_225025_503764425,0.13697793
20241108_225025_760726170,0.16843198
20241108_225026_266283409,0.17172565
20241108_225027_501540065,0.15933968
20241108_225028_253735469,0.15470488
20241108_225028_499850092,0.2625125
20241108_225028_753559421,0.207693
20241108_225029_006319749,0.20790292
20241108_225029_257605540,0.0675743
20241108_225029_504898639,-0.21101846
20241108_225029_760254091,-0.12186267
20241108_225030_010618705,-0.08440962
20241108_225030_258807424,-0.21025155
20241108_225030_761599131,-0.19428565
20241108_225031_002084989,0.047896706
20241108_225031_253554163,0.13905428
20241108_225031_501784004,0.2078185
20241108_225032_498147813,0.14776231
20241108_225032_750130071,0.1879972
20241108_225032_997681667,0.15034749
20241108_225033_250065298,0.13825877
20241108_225033_499214220,0.12839182
20241108_225035_750540882,0.12384943
20241108_225035_997550633,0.07883129
20241108_225036_252306551,0.14397152
20241108_225036_508005488,0.33677253
20241108_225036_754580839,1.0454885
20241108_225037_004107568,1.2195618
20241108_225037_251356819,0.85349923
20241108_225037_499503525,0.9585226
20241108_225037_749337857,1.0885992
20241108_225037_998966209,0.6172462
20241108_225038_250052906,0.42111635
20241108_225038_498095941,1.4329119
20241108_225038_751585944,1.4866368
20241108_225039_000910120,0.35071376
20241108_225039_252329798,0.040691443
20241108_225039_503033575,-0.061076544
20241108_225039_759452945,-0.013571462
20241108_225040_009043690,0.0017579589
20241108_225040_501078240,0.014805594
20241108_225040_750395885,-0.6303716
20241108_225041_005704838,-0.13928106
20241108_225041_255797612,-0.12270081
20241108_225041_505891513,0.11071613
20241108_225041_762256461,0.25748032
20241108_225042_006829309,0.20468172
20241108_225042_262829079,0.63211554
20241108_225042_512868053,0.54481864
20241108_225042_771028589,0.25457
20241108_225043_010692198,0.5710349
20241108_225043_260858653,-0.2304841
20241108_225043_519989097,-1.0755969
20241108_225043_769503196,-0.03733661
20241108_225044_020486154,0.043994762
20241108_225044_271607045,0.25258029
20241108_225044_516081295,0.25005054
20241108_225044_760540352,0.023701197
20241108_225045_008243551,-0.24333186
20241108_225045_256840278,-0.121426605
20241108_225045_752993214,-0.077958606
20241108_225046_504470800,-0.09702798
20241108_225046_755630091,-0.12934919
20241108_225047_005893183,-0.12469699
20241108_225047_256159865,0.0341867
20241108_225047_504912244,-0.031757377
20241108_225047_756933869,-0.032394074
20241108_225048_010818127,-0.08281853
20241108_225048_259521106,-0.05759885
20241108_225048_505354656,-0.04929789
20241108_225048_758911130,0.17023253
20241108_225049_006188190,0.3337026
20241108_225049_266422378,0.07646147
20241108_225049_506536243,-0.15755008
20241108_225049_759261386,-0.10508808
20241108_225050_007061339,-0.06506535
20241108_225050_256849184,-0.12568112
20241108_225050_503209827,-0.12660314
20241108_225050_753464044,-0.12959187
20241108_225051_002082987,-0.175263
20241108_225051_254440717,-0.19484182
20241108_225051_508738830,-0.16551317
20241108_225052_009220514,-0.17634074
20241108_225052_262006518,-0.11341139
20241108_225052_508967289,-0.032151286
20241108_225052_763629142,-0.055458628
20241108_225053_006355467,0.14528829
20241108_225053_254998844,-0.030329784
20241108_225053_501182655,-0.34167564
20241108_225054_007260870,-0.17435922
20241108_225054_259211797,-0.12000968
20241108_225054_502949339,-0.1203505
20241108_225054_756631492,-0.5859093
20241108_225055_002960204,-0.660796
20241108_225055_255432491,-0.45461795
20241108_225055_508428885,-0.2577184
20241108_225055_761713192,-0.18430217
20241108_225056_009882456,-0.16319396
20241108_225056_258197317,-0.17561676
20241108_225056_502542728,0.114807956
20241108_225056_754571948,0.19303365
20241108_225057_001413393,0.17242588
20241108_225057_253697724,0.114460625
20241108_225057_501660829,-0.19376282
20241108_225057_752592064,-0.29572418
20241108_225058_001216110,-0.082157955
20241108_225058_252462021,0.12732013
20241108_225058_501214794,0.23819204
20241108_225058_754558946,0.19759126
20241108_225059_003191504,0.09612206
20241108_225059_257741017,-0.23453324
20241108_225059_504609412,-0.11938431
20241108_225100_004469904,-0.046663605
20241108_225100_253357720,0.013556698
20241108_225100_504694134,0.4691918
20241108_225100_762143904,0.20115629
20241108_225101_005668472,0.11161337
20241108_225101_255863371,0.014265636
20241108_225101_508863803,-0.28321096
20241108_225101_758795496,-0.3723297
20241108_225102_000900390,-0.36401406
20241108_225102_253405454,-0.22027253
20241108_225102_502725144,-0.19143839
20241108_225102_754227843,-0.25190443
20241108_225103_001760680,-0.09722259
20241108_225103_258371259,-0.097862326
20241108_225103_503850356,0.04000946
20241108_225103_756797676,0.21015374
20241108_225104_003820200,1.6200165
20241108_225104_257881050,0.79337364
20241108_225104_503032034,1.2914559
20241108_225104_755238351,-0.6583159
20241108_225105_006958278,-0.28801262
20241108_225105_258039195,-0.5638094
20241108_225105_506483255,-0.46002272
20241108_225105_759110547,-0.28811637
20241108_225106_009294159,-0.38047338
20241108_225106_256807149,-0.70571816
20241108_225106_498786323,-1.7366074
20241108_225106_752338247,0.38731936
20241108_225107_003621293,0.5780559
20241108_225107_253988495,0.22927405
20241108_225107_504616953,0.9604358
20241108_225107_751573554,0.47585925
20241108_225107_999768548,0.17028517
20241108_225108_254017159,0.27530017
20241108_225108_500110069,-0.050200813
20241108_225108_751856793,0.1353264
20241108_225109_252207380,-0.026759407
20241108_225109_498755596,-0.32921118
20241108_225109_753742667,-0.11864912
20241108_225110_001773312,0.033481278
20241108_225110_253535334,-0.014673194
20241108_225110_998362555,0.09659125
20241108_225111_248185854,0.2625939
20241108_225111_500029644,0.16547059
20241108_225111_750865094,-0.1529419
20241108_225112_000159187,-0.09149059
20241108_225112_254187010,-0.17288603
20241108_225112_753928769,-0.11362719
20241108_225114_515454503,-0.0042674746
20241108_225114_762156382,-0.050691508
20241108_225115_256537185,-0.065150104
20241108_225115_752214130,-0.060777687
20241108_225116_001630421,-0.055526577
20241108_225116_506570046,0.008590201
20241108_225116_752606396,0.11633671
20241108_225117_002321367,0.11430118
20241108_225117_252159804,0.018716374
20241108_225117_504561909,0.13254316
20241108_225118_505084556,0.32744348
20241108_225118_755057147,0.94750774
20241108_225119_003921595,0.29455113
20241108_225119_254201940,0.3761545
20241108_225119_501847707,0.37772813
20241108_225119_753665753,0.3527309
20241108_225120_001261952,0.29646364
20241108_225120_255054053,0.5509271
20241108_225120_502919418,0.38163674
20241108_225120_757909872,0.70069873
20241108_225121_001805340,0.6546012
20241108_225121_252988588,0.4127293
20241108_225121_501671507,0.08614821
20241108_225121_754362167,-0.057551496
20241108_225122_002779546,-0.10916152
20241108_225122_252289198,0.0019006226
20241108_225122_500237314,0.018140653
20241108_225122_753087313,-0.02232196
20241108_225123_001281380,0.25127757
20241108_225123_255737052,0.46357
20241108_225123_505489234,0.5292963
20241108_225123_756953654,0.16912173
20241108_225124_002158154,0.16596518
20241108_225124_253504038,0.1834531
20241108_225124_503989547,-0.12688129
20241108_225124_754525296,-0.15266247
20241108_225125_251750873,-0.0067308154
20241108_225125_501667872,-0.015157064
20241108_225125_749754807,0.24812327
20241108_225125_999181244,0.32988772
20241108_225126_254391657,0.21151449
20241108_225126_509542192,0.5987965
20241108_225126_755888195,0.37972724
20241108_225127_007316920,0.16151665
20241108_225127_259578698,0.12781622
20241108_225127_754903607,0.116144665
20241108_225128_257951925,-0.08666005
20241108_225128_504707467,-0.687055
20241108_225128_756633015,-0.13121207
20241108_225129_007384519,-0.24485745
20241108_225129_260884519,-0.08951428
20241108_225129_505676370,-0.100393824
20241108_225129_754357963,-0.113831036
20241108_225130_001090439,-0.24279244
20241108_225130_252037836,-0.124060206
20241108_225130_504454497,0.084573366
20241108_225130_755792482,0.51153994
20241108_225131_004318524,0.784664
20241108_225131_254596011,0.52223
20241108_225131_499334470,0.76255924
20241108_225131_756344236,0.97333986
20241108_225132_001910040,0.69643784
20241108_225133_255667357,0.6551403
20241108_225133_503885536,0.14971386
20241108_225133_753373856,-0.22774188
20241108_225134_002798884,-0.07527467
20241108_225134_254700452,-0.18504055
20241108_225135_003095563,-0.3004928
20241108_225135_252621050,-0.259684
20241108_225135_748318127,-0.17597534
20241108_225135_998609257,0.16701205
20241108_225136_252041941,0.31678903
20241108_225136_499413847,0.57014763
20241108_225136_750195800,0.40014112
20241108_225137_500498662,0.35741356
20241108_225137_752720623,0.40418467
20241108_225138_000024434,0.80943984
20241108_225138_250393575,0.088144876
20241108_225138_499236441,0.9877371
20241108_225138_753280160,0.6535615
20241108_225139_001933837,0.14365886
20241108_225139_259021303,0.18140726
20241108_225139_498865424,0.5593743
20241108_225139_749730362,0.9757642
20241108_225139_998236856,0.8088617
20241108_225140_497891171,0.7025297
20241108_225140_748988012,0.3804632
20241108_225140_999808421,0.1252176
20241108_225141_256629383,-0.018078377
20241108_225141_502966446,-0.05763512
20241108_225141_750411649,-0.10443964
20241108_225141_998142963,0.00010008551
20241108_225142_254356758,1.005711
20241108_225142_502019673,1.812657
20241108_225142_752460513,-0.41861367
20241108_225143_001380220,-0.05655863
20241108_225143_251530955,-0.45073533
20241108_225143_502004483,-0.5435514
20241108_225143_757667562,-0.31322226
20241108_225144_003053876,-0.33667085
20241108_225144_253494554,-0.2544324
20241108_225144_502497537,-0.31293312
20241108_225144_751949517,-0.29650083
20241108_225145_001118903,0.03345894
20241108_225145_253090270,-0.24341698
20241108_225145_501796193,-0.08400854
20241108_225145_752346012,-0.41909808
20241108_225146_000028947,-0.13035055
20241108_225146_251179767,-0.17113288
20241108_225146_503154197,-0.18720143
20241108_225146_762603440,-0.19623102
20241108_225147_005219515,-0.20118617
20241108_225147_252333532,-0.15295447
20241108_225147_499680040,-0.17907353
20241108_225147_748939806,-0.030138945
20241108_225148_251274485,0.01832495
20241108_225148_497793104,-0.08240982
20241108_225148_750563943,-0.14850779
20241108_225148_996768336,-0.14489861
20241108_225149_248224915,-0.02125158
20241108_225149_495998973,-0.15106769
20241108_225149_748188525,0.14707282
20241108_225149_998445561,0.104795866
20241108_225150_250360623,0.014408151
20241108_225150_498135104,0.22151017
20241108_225150_747922351,0.40713584
20241108_225150_998117613,0.5292174
20241108_225151_252406079,1.3894416
20241108_225151_499099555,-0.29769883
20241108_225151_750991605,-0.8781163
20241108_225151_999017566,-0.22631584
20241108_225152_249164296,-0.21143202
20241108_225152_500175324,-0.789487
20241108_225152_750566642,-0.5676832
20241108_225153_000159313,-0.6830346
20241108_225153_258034373,-0.5698017
20241108_225153_500301931,-0.58005536
20241108_225153_751445026,-0.5537735
20241108_225153_999198572,-0.4779093
20241108_225154_247984585,0.26417848
20241108_225154_500094873,0.29274315
20241108_225154_751399285,0.7579011
20241108_225155_001025648,0.3650689
20241108_225155_256243308,0.48001066
20241108_225155_500855328,0.33266258
20241108_225155_752083016,0.47506693
20241108_225155_999633922,0.10659055
20241108_225156_251691919,0.05078522
20241108_225156_502038631,-0.13541044
20241108_225156_758460795,0.08176563
20241108_225157_004998306,0.009897569
20241108_225157_265565859,0.027069012
20241108_225157_505632430,0.030622879
20241108_225157_757078304,-0.051724814
20241108_225158_009624473,0.04033593
20241108_225158_257789303,0.032818772
20241108_225158_504327277,0.023344973
20241108_225159_006870100,0.0385255
20241108_225159_262045836,-0.008462867
20241108_225159_507588644,-0.023031076
20241108_225159_754380951,0.029569814
20241108_225200_003288378,0.029077927
20241108_225200_255215328,-1.1021072
20241108_225200_503992357,-0.12497439
20241108_225200_757406302,-0.2896251
20241108_225201_004329600,-0.9853458
20241108_225201_254684283,-0.30834153
20241108_225201_502514269,-0.94033945
20241108_225201_756070798,-0.18616064
20241108_225202_004621215,-0.17871512
20241108_225202_253456246,-0.10481336
20241108_225202_499875483,-0.9130361
20241108_225202_750268482,-0.6313817
20241108_225203_000120683,-0.96732646
20241108_225203_253446696,-0.49276397
20241108_225203_499111331,-0.46704713
20241108_225203_751791725,-0.48857036
20241108_225203_998857867,-0.65239054
20241108_225204_251552693,-0.59215516
20241108_225204_498350935,-0.4181345
20241108_225204_754853202,-0.28323677
20241108_225205_002621174,-0.64982176
20241108_225205_250189567,-0.6541628
20241108_225205_499838939,-0.9828851
20241108_225205_749017087,-0.5900489
20241108_225206_001825684,-0.47084138
20241108_225206_257757078,-0.24248452
20241108_225206_505240238,0.018683197
20241108_225206_755740072,0.11792319
20241108_225207_002980046,0.19379722
20241108_225207_254011753,0.09248612
20241108_225207_498934383,0.07257078
20241108_225208_255901554,0.06740794
20241108_225208_504604460,0.18698172
20241108_225208_754507441,0.12476311
20241108_225209_003515264,0.2776726
20241108_225209_254295447,1.4073591
20241108_225209_505843836,0.56750846
20241108_225209_760710698,1.5568242
20241108_225210_014857118,1.1467358
20241108_225210_259534619,0.5886807
20241108_225210_510629829,0.053549446
20241108_225210_761045384,0.1032478
20241108_225211_006493120,0.11130867
20241108_225211_256591406,-0.35558638
20241108_225211_506045492,-0.19820027
20241108_225211_759925539,-0.18442853
20241108_225212_004961734,0.053928584
20241108_225212_260560995,-0.11940106
20241108_225212_505965764,-0.09826096
20241108_225212_752978188,0.050622977
20241108_225212_999089680,-0.06342509
20241108_225213_254796867,-0.157043
20241108_225213_499780288,-0.12960221
20241108_225213_753941097,-0.14028074
20241108_225214_009854746,0.15886928
20241108_225214_269740936,0.23422529
20241108_225214_518025714,0.18605448
20241108_225214_760969965,0.11502204
20241108_225215_005547357,0.1518722
20241108_225215_259328828,0.14708607
20241108_225215_503215682,0.12305979
20241108_225215_752561808,0.11609451
20241108_225215_999097812,0.108623184
20241108_225216_252791563,0.09990332
20241108_225216_499995239,0.11652801
20241108_225216_752058949,0.12487308
20241108_225217_000384825,0.13724755
20241108_225217_250786642,0.1481934
20241108_225217_501898256,0.19010244
20241108_225217_756736449,0.15800188
20241108_225218_003702285,0.13321482
20241108_225218_258763709,0.12719016
20241108_225218_502274615,0.10095767
20241108_225218_752517813,0.09327868
20241108_225219_006624643,0.14825724
20241108_225219_259615684,0.09347961
20241108_225219_506730340,-0.27839282
20241108_225219_753394336,-0.05033692
20241108_225220_249727361,-0.051471017
20241108_225220_504454138,-0.045431755
20241108_225220_753118046,-0.06712093
20241108_225221_000621521,-0.059214734
20241108_225221_251612521,-0.045038246
20241108_225221_499162926,-0.09156831
20241108_225221_753079108,-0.07220175
20241108_225221_998224440,-0.22503446
20241108_225222_248265395,-0.16583918
20241108_225222_501665166,-0.1372257
20241108_225222_753722464,-0.09343114
20241108_225223_004536337,-0.1339636
20241108_225223_500361865,-0.11777588
20241108_225223_751692321,-0.42236486
20241108_225223_999391934,-0.28266692
20241108_225224_251271589,-0.15665825
20241108_225224_498659472,-0.19836022
20241108_225225_251446083,0.043717034
20241108_225225_498602875,0.28847164
20241108_225225_747258996,0.20967162
20241108_225225_998488341,0.13943642
20241108_225226_499501510,0.101115264
20241108_225226_752530884,-0.20303126
20241108_225227_002085186,-0.42387375
20241108_225227_251845431,-0.2874961
20241108_225227_498879406,-0.11891826
20241108_225227_749651761,-0.16456081
20241108_225227_996701940,-0.13483806
20241108_225229_749834558,0.6758781
20241108_225230_001677136,0.32133713
20241108_225230_252321250,0.19429354
20241108_225230_506375859,0.38285205
20241108_225230_757929460,0.094327904
20241108_225231_003527203,-0.11424055
20241108_225231_253487810,0.0013565812
20241108_225231_759651595,0.08130703
20241108_225232_007418349,0.046042956
20241108_225232_255483837,0.055550702
20241108_225232_502490600,0.08466492
20241108_225232_752375039,0.07259182
20241108_225232_998962534,-0.11367171
20241108_225233_248946503,-0.10569819
20241108_225233_999634971,-0.025221726
20241108_225234_502126248,-0.13387434
20241108_225234_748759649,-0.045501612
20241108_225235_499843276,0.21582194
20241108_225235_748407883,0.41236767
20241108_225236_000718907,0.2474684
20241108_225236_249873322,0.21368138
20241108_225236_501659207,0.19841252
20241108_225236_753357101,0.20965187
20241108_225237_497925684,0.18549459
20241108_225237_747874732,0.17042677
20241108_225237_998681251,0.40826136
20241108_225238_247815374,0.32519004
20241108_225238_747346797,0.27192742
20241108_225238_997090828,0.23754527
20241108_225239_250801444,0.28234228
20241108_225239_495305932,0.24888341
20241108_225239_747326098,0.3121092
20241108_225239_995912761,0.27811667
20241108_225240_249003610,0.33469266
20241108_225240_756241186,0.42550352
20241108_225241_253057409,0.2971327
20241108_225241_501192896,0.28396547
20241108_225241_750909192,0.27498382
20241108_225241_999063713,0.38562244
20241108_225242_251031570,0.31832835
20241108_225242_501498399,0.38868946
20241108_225242_748109815,0.36397383
20241108_225242_998754502,0.33600923
20241108_225243_252478486,0.028891573
20241108_225243_501190326,0.34040296
20241108_225243_752581593,0.25969064
20241108_225244_003063225,0.20438065
20241108_225244_251800395,0.20423736
20241108_225244_502208101,0.21860181
20241108_225244_751927923,0.23893495
20241108_225244_999829634,0.23808224
20241108_225245_251021954,0.24426918
20241108_225245_750588546,0.24706681
20241108_225245_999251107,0.25448605
20241108_225246_250448730,-0.034483396
20241108_225246_498008045,-0.21458565
20241108_225246_750910801,-0.21871428
20241108_225246_998059751,-0.088129096
20241108_225247_250396156,-0.55411613
20241108_225247_498271194,-1.0932605
20241108_225247_750490915,-0.44593802
20241108_225247_999108489,-0.23066933
20241108_225248_249279094,-0.1864519
20241108_225248_496295421,-0.07253226
20241108_225248_998545942,-0.13253994
20241108_225249_254906489,-0.14749609
20241108_225249_503623148,-0.120968066
20241108_225249_752276386,-0.12157508
20241108_225250_001900234,-0.44525644
20241108_225250_253154954,-0.5744465
20241108_225250_496775690,-0.08368881
20241108_225250_746535999,0.040968187
20241108_225250_995692700,0.040822543
20241108_225251_248875783,0.16361058
20241108_225251_497721036,0.3847093
20241108_225251_747976299,0.20008503
20241108_225251_995456123,0.27623427
20241108_225252_247481649,0.20310374
20241108_225252_752185110,0.36304402
20241108_225253_002607711,0.69384295
20241108_225253_247845049,0.35418913
20241108_225253_746982849,0.23509143
20241108_225254_250395472,0.38585564
20241108_225254_747204577,0.29651818
20241108_225254_998121045,0.2877874
20241108_225257_497467281,0.13069229
20241108_225257_748557817,-0.14110865
20241108_225257_997822874,-0.89533013
20241108_225258_251503396,-0.6282314
20241108_225258_499781531,-0.39662042
20241108_225259_002096764,-0.30911046
20241108_225259_248480809,-0.30181628
20241108_225259_497758860,-0.27183622
20241108_225259_999962341,-0.2756325
20241108_225300_250592387,0.1723109
20241108_225300_499199554,0.5738474
20241108_225300_749002137,0.13631241
20241108_225301_254549883,0.11368834
20241108_225301_498853124,0.15588616
20241108_225301_752856499,0.3138231
20241108_225301_999003394,0.2768332
20241108_225302_250267909,0.26732263
20241108_225302_499672139,0.20458849
20241108_225302_997740155,0.105152346
20241108_225303_250845323,0.056172736
20241108_225303_498907183,-0.009300074
20241108_225303_750480504,0.02931575
20241108_225304_249107783,0.06559358
20241108_225304_500240495,0.025645593
20241108_225305_744422571,0.0360528
20241108_225306_247386247,0.065839656
20241108_225306_496463743,0.049352802
20241108_225306_747406311,0.07527617
20241108_225307_997142697,0.12674062
20241108_225308_245615478,0.06888793
20241108_225308_496011106,0.08918343
20241108_225308_744978647,-0.028461954
20241108_225309_248577701,0.54472923
20241108_225309_497956990,0.22587653
20241108_225310_497556014,0.13662504
20241108_225310_747270373,0.29635134
20241108_225310_997726661,0.26534933
20241108_225311_247163045,0.51924247
20241108_225311_497746593,0.3277694
20241108_225311_749031498,0.29055554
20241108_225311_995720998,0.32870463
20241108_225312_246934288,0.36119613
20241108_225312_496981656,0.29005888
20241108_225312_747405643,0.26086748
20241108_225312_997625986,0.24531974
20241108_225313_246988714,0.24020116
20241108_225313_495329273,-0.43788788
20241108_225313_747516094,-0.31978235
20241108_225313_997798916,-0.2247817
20241108_225314_249615648,-0.12378746
20241108_225314_497692231,-0.23575695
20241108_225314_748350747,-0.28037244
20241108_225315_245663854,-0.32097554
20241108_225315_496194167,-0.16994067
20241108_225315_746634968,-0.23083158
20241108_225315_998354229,-0.25116232
20241108_225316_250137539,0.06434236
20241108_225316_498402787,0.08072708
20241108_225316_748756720,0.00229148
20241108_225316_995931572,0.09322319
20241108_225317_246207518,-0.044743143
20241108_225317_750069252,0.23390912
20241108_225318_000699344,0.74717706
20241108_225318_257795959,0.38580197
20241108_225318_503403596,0.5339616
20241108_225318_754690851,1.019392
20241108_225319_001393448,0.23352863
20241108_225319_249739100,0.14416648
20241108_225319_496090929,0.06459496
20241108_225319_748023370,0.40459332
20241108_225319_994853202,0.5329377
20241108_225320_246707174,0.6930466
20241108_225320_495616461,1.0530462
20241108_225320_753965487,0.24011283
20241108_225321_005378835,0.12603863
20241108_225321_250192990,0.21147208
20241108_225321_498184820,0.019208709
20241108_225321_748026080,0.09081221
20241108_225322_496585324,0.15574084
20241108_225322_747286679,0.19060354
20241108_225322_999003386,-0.02521806
20241108_225323_249040511,-0.083089344
20241108_225323_499929344,-0.09410324
20241108_225323_746560203,-0.2661397
20241108_225324_247454254,-0.23962714
20241108_225324_495592710,-0.12677507
20241108_225324_747342657,-0.10601943
20241108_225324_998256627,0.035972096
20241108_225325_248408154,0.1844212
20241108_225325_498466708,0.41841045
20241108_225325_750134309,0.6142187
20241108_225325_997207839,0.6020008
20241108_225326_247345872,0.68621624
20241108_225326_495487007,1.3966435
20241108_225326_752266464,0.8110072
20241108_225327_001980200,0.7113204
20241108_225327_247038617,0.64703506
20241108_225327_496850715,0.28907603
20241108_225327_746384939,0.24047731
20241108_225327_995637533,0.36692303
20241108_225328_247317510,0.40602246
20241108_225328_496589934,0.5493291
20241108_225328_747035837,0.21949424
20241108_225329_000728951,0.23165746
20241108_225329_251071872,0.27302974
20241108_225329_497594691,0.33392242
20241108_225329_749665655,0.44964644
20241108_225329_995445003,0.11764956
20241108_225330_246534438,-0.14500614
20241108_225330_499554528,-0.22668307
20241108_225330_748346161,0.03725922
20241108_225331_247341146,-0.046920322
20241108_225331_496788652,-0.16081591
20241108_225331_745563394,-0.13442568
20241108_225333_247956272,-0.25989798
20241108_225333_499574543,-0.38868317
20241108_225333_750839578,-0.24533157
20241108_225334_246610876,-0.11862344
20241108_225334_498955214,0.30211487
20241108_225334_749040975,0.39015517
20241108_225334_999795635,0.32254475
20241108_225335_257983606,0.14730127
20241108_225335_500652644,-0.017712584
20241108_225335_747283994,0.1477422
20241108_225335_996648835,-0.1792912
20241108_225336_247594874,-0.02060937
20241108_225336_749338479,-0.008588454
20241108_225337_258048687,0.014120379
20241108_225337_502283830,-0.008578142
20241108_225337_750362373,-0.0026832428
20241108_225337_997517365,0.21474876
20241108_225338_251891987,0.6554265
20241108_225338_499162453,0.26945937
20241108_225338_749286878,-0.07591643
20241108_225338_998610243,-0.087182544
20241108_225339_249334663,-0.24941765
20241108_225339_497191660,-0.07906147
20241108_225339_751150473,-0.078703456
20241108_225340_748124752,-0.07706081
20241108_225341_997651164,-0.06438961
20241108_225342_247978580,-0.2850506
20241108_225342_497102398,-0.38050607
20241108_225342_749309276,-0.15222858
20241108_225342_997677189,-0.16688107
20241108_225343_248659460,-0.21053042
20241108_225343_500042868,-0.16602741
20241108_225343_756970422,-0.32023427
20241108_225344_503095478,-0.2776937
20241108_225345_497478366,-0.22627236
20241108_225345_997475634,-1.3856044
20241108_225346_247866769,-0.2930546
20241108_225346_497593249,-0.21155645
20241108_225347_250408242,-0.19145693
20241108_225347_746856965,-0.2399139
20241108_225348_495331619,-0.2330208
20241108_225348_747370624,-0.1838022
20241108_225348_994901048,-0.19161023
20241108_225349_745580557,-0.18555935
20241108_225349_997680011,0.8719407
20241108_225350_247529398,0.96562153
20241108_225350_496287008,0.33135226
20241108_225350_746415767,0.027120097
20241108_225350_996904107,0.0321934
20241108_225351_248970570,0.05424074
20241108_225352_494955073,-0.38290262
20241108_225352_745866271,-0.43881235
20241108_225353_746335489,-0.45535162
20241108_225353_993788914,-0.38481885
20241108_225354_493927582,-0.37111023
20241108_225354_745853611,-0.2800002
20241108_225354_996662378,0.86630994
20241108_225355_246728789,0.28274733
20241108_225355_497239155,0.13876776
20241108_225355_747251204,0.13482444
20241108_225355_996250548,0.35893986
20241108_225356_246185222,0.58801764
20241108_225356_497124313,0.80294937
20241108_225356_747200308,0.6851675
20241108_225356_996308450,0.46515927
20241108_225357_246852736,0.11570007
20241108_225357_497257868,0.18733792
20241108_225357_751132318,0.19112264
20241108_225357_998738062,0.21622927
20241108_225358_246592674,0.278807
20241108_225358_496293913,0.85585934
20241108_225358_748111766,1.1198113
20241108_225358_995036599,0.9384788
20241108_225359_246824727,0.12368617
20241108_225359_497652788,-0.14570732
20241108_225359_748200330,-0.42516193
20241108_225359_998455398,-0.13872175
20241108_225400_252865201,0.33082417
20241108_225400_498082855,0.81319004
20241108_225400_751084818,0.13225524
20241108_225401_001151632,-0.029736003
20241108_225401_251571238,-0.08875262
20241108_225401_498936717,-0.18746187
20241108_225401_749756816,-0.33884868
20241108_225401_996580897,-0.19533433
20241108_225402_245475821,-0.15608142
20241108_225402_495732840,-0.18754746
20241108_225402_745164011,-0.47702813
20241108_225402_995778695,-0.17118947
20241108_225403_247868752,-0.34429738
20241108_225403_497230406,-0.18345244
20241108_225403_748727704,-0.11619397
20241108_225404_505945729,-0.17640807
20241108_225405_000869566,-0.20197614
20241108_225405_501966008,-0.20322116
20241108_225405_752069845,-0.12060573
20241108_225406_002769836,-0.13076635
20241108_225406_254900157,-0.109602235
20241108_225406_504850138,-0.1667114
20241108_225406_753711892,-0.13189693
20241108_225406_997617717,-0.13254781
20241108_225407_250292504,-0.04855635
20241108_225407_495571518,-0.053581618
20241108_225407_752800947,-0.09205177
20241108_225408_002426882,-0.11191305
20241108_225408_250349300,-0.15612395
20241108_225408_500289093,0.097908005
20241108_225408_747537973,0.44908166
20241108_225408_996840957,0.19205576
20241108_225409_246692145,0.16539977
20241108_225409_497526533,0.17146741
20241108_225409_747217444,-0.040726684
20241108_225409_996673040,-0.21925555
20241108_225410_245274012,-0.3676894
20241108_225410_496866213,-0.13459434
20241108_225410_746463487,-0.13675372
20241108_225410_997104698,0.10063077
20241108_225411_250130168,0.25983086
20241108_225411_499063359,0.26715595
20241108_225411_745232746,0.16508923
20241108_225411_995842355,0.09914104
20241108_225412_252593646,0.078007914
20241108_225412_500689555,0.09277073
20241108_225412_751834442,0.08862976
20241108_225412_997089572,0.08667467
20241108_225413_248673185,0.029840866
20241108_225413_498695762,0.9559483
20241108_225413_749573550,0.2868027
20241108_225414_498680301,0.27618334
20241108_225414_748683453,0.28161404
20241108_225414_996671605,0.27061635
20241108_225415_247185144,-0.039577894
20241108_225415_503297243,0.050611593
20241108_225415_752189955,0.11193613
20241108_225415_998653194,0.13703673
20241108_225416_247898666,0.09184606
20241108_225416_496143322,0.11094893
20241108_225416_752001443,0.123477586
20241108_225417_000027539,0.12110511
20241108_225417_249446946,0.12380559
20241108_225417_501841435,0.12056021
20241108_225417_754861355,0.12901579
20241108_225417_998804864,0.018460372
20241108_225418_248405630,0.13438262
20241108_225418_496235192,0.11589331
20241108_225418_746090107,0.22856565
20241108_225418_995704696,0.09085525
20241108_225419_247427484,0.09233702
20241108_225419_495801605,0.13177173
20241108_225419_746084920,0.073237516
20241108_225419_996440867,0.0865118
20241108_225420_496785056,0.08438558
20241108_225421_249629671,0.08448238
20241108_225421_498859462,0.098360725
20241108_225421_748231957,0.19199632
20241108_225421_998751951,0.34029663
20241108_225422_995601954,0.2832904
20241108_225423_245491100,0.25535503
20241108_225423_496443257,0.22234641
20241108_225423_745527514,0.19645374
20241108_225423_994692791,0.16754706
20241108_225424_245718629,-0.09217655
20241108_225424_748946734,-0.003887495
20241108_225424_995083896,-0.14823379
20241108_225425_244749612,-0.045646153
20241108_225425_496490243,-0.033586524
20241108_225426_250124540,0.31330967
20241108_225426_509887516,-0.06773176
20241108_225426_763495861,-0.14433245
20241108_225427_006536840,-0.11568757
20241108_225427_251596896,0.5838652
20241108_225427_497262272,0.49136952
20241108_225427_746871864,0.59476924
20241108_225427_996578149,0.3827393
20241108_225428_245623501,0.2302031
20241108_225428_494402695,0.38893566
20241108_225428_746123641,0.31761855
20241108_225428_995176580,0.25933367
20241108_225429_245228905,0.6940661
20241108_225429_498287477,0.17673711
20241108_225429_748668427,0.20603968
20241108_225430_002131180,-0.11847948
20241108_225430_262491939,-0.23783451
20241108_225430_517881895,-0.053966485
20241108_225430_766311316,0.2144052
20241108_225431_007938092,0.2948664
20241108_225431_260240285,0.2037519
20241108_225431_507823698,0.17230694
20241108_225431_759846563,0.1556723
20241108_225432_003301716,0.15065794
20241108_225432_257830808,0.07388214
20241108_225432_499957161,0.37244236
20241108_225432_750115899,0.1774341
20241108_225433_497897949,0.1481701
20241108_225433_751437816,0.14701425
20241108_225435_000678566,0.08848444
20241108_225435_256319158,-0.09117135
20241108_225435_496576877,0.041997828
20241108_225435_996323986,0.016674915
20241108_225436_251297280,-0.051284276
20241108_225436_505216131,0.00081286766
20241108_225436_753929846,0.17093574
20241108_225437_011076413,0.11137948
20241108_225437_260631525,-0.2220933
20241108_225437_504063476,-0.41872773
20241108_225438_504740949,-0.42815349
20241108_225438_754894753,-0.31237605
20241108_225439_754836313,-0.22202386
20241108_225439_998877191,-0.07223167
20241108_225440_249370420,-0.17673154
20241108_225441_001737760,-0.10907646
20241108_225441_249834720,0.02967074
20241108_225441_497860991,-0.026989898
20241108_225441_996310756,-0.059042476
20241108_225442_249806614,0.06935341
20241108_225442_999318993,-0.10712489
20241108_225443_249919792,-0.08228036
20241108_225443_497418553,-0.06680008
20241108_225443_995764337,-0.06988957
20241108_225444_245185510,0.0042760167
20241108_225444_500608630,-0.025520405
20241108_225444_751548022,-0.12020626
20241108_225445_253490959,-0.25146693
20241108_225445_500162791,-0.24138378
20241108_225445_995557434,-0.15937142
20241108_225446_249041520,-0.027487298
20241108_225447_246436614,-0.082409285
20241108_225447_995638696,-0.08096471
20241108_225448_249256929,-0.07310148
20241108_225448_747836287,-0.05083009
20241108_225449_246313280,-0.03284689
20241108_225449_497215387,-0.028173586
20241108_225450_249322917,0.13976121
20241108_225451_000236398,0.13334624
20241108_225451_250849993,0.08740602
20241108_225451_499251251,0.071005024
20241108_225452_746092696,0.07180951
20241108_225453_496333411,0.08101768
20241108_225454_247897561,0.07811854
20241108_225454_761930317,0.17786346
20241108_225455_251995741,-0.00050129555
20241108_225455_502468942,0.026841382
20241108_225457_000984345,0.057119884
20241108_225457_252878579,0.024136344
20241108_225458_000559571,0.47957322
20241108_225458_252272334,0.22362499
20241108_225458_497425695,0.23266123
20241108_225458_749580579,0.052198566
20241108_225458_997999977,0.15983234
20241108_225459_498826884,0.18285446
20241108_225500_251813808,0.4403098
20241108_225500_502389781,0.052032657
20241108_225500_758147940,-0.37328625
20241108_225501_006483740,-0.36335036
20241108_225501_255742962,-0.35979
20241108_225501_504736964,-0.27188423
20241108_225501_757909878,-0.43228975
20241108_225502_008281858,-0.30159763
20241108_225502_253729815,-0.09793373
20241108_225502_504357127,-0.08713776
20241108_225502_753080505,-0.17708786
20241108_225503_002468791,-0.5333349
20241108_225503_250262611,-0.79676807
20241108_225503_502309198,-0.57842916
20241108_225503_752509358,-0.1835759
20241108_225504_002037215,-0.10660424
20241108_225504_254245198,-0.8809564
20241108_225504_502162206,0.8854687
20241108_225504_749899762,0.7413718
20241108_225505_251383338,0.51233256
20241108_225505_502985414,0.18874578
20241108_225505_755203722,0.028089264
20241108_225506_005108026,-0.0076489355
20241108_225506_253510823,0.1981029
20241108_225506_501411734,0.38987684
20241108_225506_750377245,0.65980715
20241108_225506_997230228,0.5673615
20241108_225507_256088126,0.56451565
20241108_225507_752321753,0.6725085
20241108_225507_998104217,0.6520176
20241108_225508_998417072,0.318473
20241108_225509_246766017,0.2716862
20241108_225509_496425941,0.30552953
20241108_225510_498696494,-0.75409544
20241108_225510_750019525,-0.2788267
20241108_225511_005375410,-0.7997353
20241108_225511_254844910,-0.66681516
20241108_225511_500838396,-0.19780342
20241108_225511_750234186,-0.8335074
20241108_225511_999434668,-0.9673068
20241108_225512_248661937,-1.4429077
20241108_225512_495636881,-0.7921653
20241108_225512_747829718,-0.3520317
20241108_225512_997806055,-0.40916234
20241108_225513_496905213,-0.33915678
20241108_225513_749928927,-0.47717974
20241108_225513_997263299,-0.87691814
20241108_225514_498234430,-0.56921583
20241108_225514_748403579,-0.20681496
20241108_225514_995992858,-0.21567398
20241108_225516_253089575,-0.22619952
20241108_225516_498985647,-0.6513713
20241108_225516_750893404,-0.8517907
20241108_225517_246718004,-0.5746669
20241108_225517_746804245,-0.76361644
20241108_225517_996973485,-0.3378491
20241108_225518_247897831,-0.109276116
20241108_225518_496601980,0.6827888
20241108_225518_747837961,1.2321842
20241108_225518_996887319,0.5884801
20241108_225519_251971327,0.71527326
20241108_225519_500869759,0.52251065
20241108_225519_748244452,0.46667418
20241108_225519_996467144,0.070293374
20241108_225520_246248945,-0.18693231
20241108_225520_496769028,-0.047017388
20241108_225520_747591881,0.06531835
20241108_225520_998444888,0.22716875
20241108_225521_249313956,0.26781213
20241108_225521_498891009,0.19479172
20241108_225523_251444355,0.16441153
20241108_225524_496225135,0.08674375
20241108_225524_749800638,0.13731937
20241108_225525_000677309,0.1494041
20241108_225525_246547027,-0.29471385
20241108_225525_496006097,-0.097915314
20241108_225525_745360099,-0.08729195
20241108_225526_497603251,-0.08572801
20241108_225526_747001045,-0.079271965
20241108_225526_999545434,-0.06902438
20241108_225527_250103595,-0.06275495
20241108_225527_500827491,-0.05944725
20241108_225527_755239738,-0.055020235
20241108_225528_000229857,-0.05005797
20241108_225528_248199897,-0.0449455
20241108_225528_496206363,-0.04025217
20241108_225528_746502328,-0.036800884
20241108_225528_997140883,-0.032521807
20241108_225529_248074347,-0.027546069
20241108_225529_496668748,0.02505345
20241108_225529_750465387,0.21453528
20241108_225529_999955934,0.1269878
20241108_225530_251507486,0.059872307
20241108_225530_503033552,0.07466654
20241108_225530_751593677,0.016670505
20241108_225531_000073012,0.11219088
20241108_225531_248552260,0.090665735
20241108_225531_494796358,0.09300146
20241108_225531_747071869,0.09362433
20241108_225531_995420848,0.08705465
20241108_225532_246560401,0.08198617
20241108_225532_495609010,0.07506595
20241108_225533_495067564,0.07325373
20241108_225533_747716042,0.071565785
20241108_225533_996404051,-0.047313653
20241108_225534_245979966,-0.08601617
20241108_225534_495392243,-0.029179534
20241108_225534_746470819,-0.005165836
20241108_225534_999190472,-0.2129112
20241108_225535_254655300,-0.1162593
20241108_225535_501949084,-0.08801126
20241108_225535_751679517,-0.045615338
20241108_225535_999173705,-0.03803929
20241108_225536_246885351,-0.03252759
20241108_225536_499248633,-0.029519996
20241108_225536_753766446,-0.5335311
20241108_225537_001608667,-0.13979521
20241108_225537_252015732,-0.07873737
20241108_225537_501481298,0.1955307
20241108_225537_755498722,0.5335925
20241108_225538_010339289,0.35275185
20241108_225538_264344049,0.6190518
20241108_225538_513829220,0.5736288
20241108_225538_759703913,0.41469496
20241108_225540_996952423,0.65562874
20241108_225541_249645449,0.4264082
20241108_225541_497165813,0.1448239
20241108_225541_998459232,0.21767782
20241108_225542_250441529,0.32281867
20241108_225542_502196988,0.26576754
20241108_225545_497942249,0.25255504
20241108_225545_751051986,0.2548069
20241108_225546_003108230,0.5196791
20241108_225546_253433077,-0.12456775
20241108_225546_508366981,-0.104311444
20241108_225546_757092473,-0.2431133
20241108_225547_008098222,0.088278376
20241108_225547_259550521,0.9431593
20241108_225547_504638338,0.6010112
20241108_225547_752304223,0.38626322
20241108_225547_999672887,0.26211843
20241108_225548_251470156,-0.08654209
20241108_225548_498494812,-0.13047464
20241108_225548_750835490,-0.025708994
20241108_225549_258576968,-0.08396795
20241108_225549_753932258,-0.10922619
20241108_225549_999225573,-0.035893105
20241108_225550_252129493,-0.17590703
20241108_225550_506580456,-0.4456379
20241108_225550_761349131,-1.4115745
20241108_225551_005314232,0.94014925
20241108_225551_256041275,0.2501503
20241108_225551_504028380,0.0067743454
20241108_225551_758114710,0.10324363
20241108_225552_005542108,0.35698205
20241108_225552_254673622,0.44013497
20241108_225552_499513183,0.5026338
20241108_225552_748368267,0.3371208
20241108_225552_996168838,0.097843744
20241108_225553_496969145,0.20772527
20241108_225553_751182592,0.2800453
20241108_225553_999071609,0.25633344
20241108_225554_248794198,-0.13829224
20241108_225554_499932445,-0.17705609
20241108_225554_749581379,-0.23831941
20241108_225554_999913078,-0.30967793
20241108_225555_256148895,-0.69139767
20241108_225555_505834327,0.59340954
20241108_225555_764094411,0.31252345
20241108_225556_004533165,0.16593234
20241108_225556_253697272,0.15792756
20241108_225556_501993102,0.050331213
20241108_225556_753692456,0.032949843
20241108_225557_747318867,0.13821362
20241108_225557_996516673,0.10145948
20241108_225559_748195917,0.1324356
20241108_225559_996406093,0.2267657
20241108_225600_249907572,0.15402934
20241108_225600_503402120,0.08682588
20241108_225600_756544310,0.7576322
20241108_225601_006141536,-0.6143336
20241108_225601_258758948,-0.99838
20241108_225601_508213628,-0.561214
20241108_225601_763673133,-0.20858891
20241108_225602_012721626,1.5973026
20241108_225602_268188760,1.1548609
20241108_225602_521677406,0.19342686
20241108_225602_768392941,0.16139753
20241108_225603_009062221,0.30588537
20241108_225603_258659476,0.49221495
20241108_225603_502850402,0.85933226
20241108_225603_754892697,0.92528623
20241108_225603_998045954,1.2094578
20241108_225604_247495562,-0.12464699
20241108_225604_497953159,-0.6202807
20241108_225604_749399455,-0.88242894
20241108_225604_996501727,-0.20156665
20241108_225605_253062142,-0.19345017
20241108_225605_506940914,-0.28388613
20241108_225606_004734317,-0.3206383
20241108_225606_504981156,-0.2857854
20241108_225608_002303792,-0.30761206
20241108_225608_253715694,-0.2710628
20241108_225608_502517171,-0.05536613
20241108_225608_755768379,-0.013633257
20241108_225609_003778191,0.18444301
20241108_225609_254426650,0.5070298
20241108_225609_501257299,0.11420939
20241108_225609_751620455,0.32241255
20241108_225609_998849090,0.538149
20241108_225610_252743643,0.39581117
20241108_225610_499042890,0.48695078
20241108_225610_750539158,2.1750042
20241108_225611_001081714,-0.40777054
20241108_225611_259890017,-0.17554234
20241108_225611_504286451,-0.8470153
20241108_225611_748766897,-1.3707119
20241108_225612_000178366,-0.75943285
20241108_225612_256825449,-0.12689
20241108_225612_504350293,-0.04849173
20241108_225612_754020670,-0.12368814
20241108_225613_006797316,-0.14680558
20241108_225613_752943637,-0.22357358
20241108_225614_246591129,-0.19863953
20241108_225614_750695827,-0.1990967
20241108_225615_003449750,-0.15210958
20241108_225615_252229361,-0.12634976
20241108_225615_747870778,-0.16113569
20241108_225615_995167678,-0.16683485
20241108_225616_257677148,-0.16244031
20241108_225616_508813748,0.03713412
20241108_225616_756342532,0.39658588
20241108_225617_001680721,0.2573087
20241108_225617_252279313,0.16925506
20241108_225617_500251019,0.16986291
20241108_225617_751034254,0.12944363
20241108_225617_998132446,0.09741799
20241108_225618_250703649,0.16756563
20241108_225618_499914522,0.1796441
20241108_225618_751836035,0.17635725
20241108_225619_249260088,0.15733944
20241108_225619_749801421,0.015365044
20241108_225620_497599204,0.055747606
20241108_225620_745970616,0.077311374
20241108_225621_496437732,-0.20039351
20241108_225621_753170258,-0.09711423
20241108_225621_995995413,-0.021226903
20241108_225622_746294155,-0.053850256
20241108_225622_996049481,-0.19881217
20241108_225623_247007946,-0.123710595
20241108_225623_756937534,-0.09891864
20241108_225624_004816730,-0.078998946
20241108_225624_249828187,-0.07175621
20241108_225624_499015718,-0.3113067
20241108_225624_749582171,-0.5544918
20241108_225624_996202626,-0.29429084
20241108_225625_251081920,-0.33665708
20241108_225625_750047382,-0.5585709
20241108_225625_996700651,-0.38782427
20241108_225626_996445326,-0.49703273
20241108_225627_495794478,-0.58163506
20241108_225627_748422867,-0.3594065
20241108_225627_997601690,-0.4307748
20241108_225628_249065351,-0.16225995
20241108_225628_495439278,-0.2372242
20241108_225628_747220722,0.080618046
20241108_225628_998616060,0.081299104
20241108_225629_248060267,-0.013282081
20241108_225630_747777994,-0.12555309
20241108_225631_247853457,-0.06147077
20241108_225631_496568842,-0.014480194
20241108_225631_748530217,-0.06340494
20241108_225632_251834075,0.1564416
20241108_225632_752568096,0.06908212
20241108_225633_248868343,0.057297505
20241108_225633_747380283,-0.0107026305
20241108_225633_999949436,-0.1174688
20241108_225634_249870215,0.062092103
20241108_225634_499265783,0.033364095
20241108_225634_749640657,-0.036924265
20241108_225635_499457005,0.007972339
20241108_225635_753212938,-0.03778442
20241108_225635_996679362,-0.065003954
20241108_225636_247111734,-0.012024423
20241108_225637_249491297,-0.03179439
20241108_225637_502809369,0.056570925
20241108_225637_749478468,0.06438611
20241108_225637_997050553,0.030597428
20241108_225638_496460642,0.01725624
20241108_225639_746971751,-0.01604869
20241108_225640_245457799,-0.013079962
20241108_225640_993416884,-0.015956422
20241108_225641_245882574,0.010945121
20241108_225641_495176791,0.008746663
20241108_225641_746733192,-0.004369935
20241108_225641_993585104,-0.1120828
20241108_225642_243304894,-0.10504576
20241108_225642_493766443,-0.10896482
20241108_225642_752476587,-0.092976354
20241108_225643_253518080,-0.026083311
20241108_225644_505383616,-0.03830006
20241108_225644_997365718,-0.04579725
20241108_225645_249013677,-0.10052016
20241108_225645_504384000,0.20532756
20241108_225645_753359275,0.82047004
20241108_225646_008909477,0.20734982
20241108_225646_251952706,-0.09432497
20241108_225646_505226106,-0.11280116
20241108_225646_748407574,-0.03823664
20241108_225647_000365818,-0.038655125
20241108_225647_497497935,0.018350163
20241108_225647_750470760,0.14959364
20241108_225647_997244352,0.0826445
20241108_225648_495176073,0.4007426
20241108_225648_747767591,0.72223085
20241108_225648_995975039,0.48685148
20241108_225649_248543097,0.3101883
20241108_225650_246420974,0.14493535
20241108_225650_497914593,0.23846759
20241108_225650_994929166,0.24241303
20241108_225651_245628671,0.10226718
20241108_225651_495810823,0.1771761
20241108_225651_752839431,0.59466356
20241108_225652_006933532,0.27361637
20241108_225652_497100847,0.1894959
20241108_225652_749746504,0.37264875
20241108_225653_496039940,0.26774845
20241108_225653_747764340,0.23475732
20241108_225654_002962652,0.2247986
20241108_225654_502170932,0.22876944
20241108_225654_755051064,0.223206
20241108_225655_496003040,0.21890946
20241108_225655_746143395,0.593089
20241108_225656_250016227,0.7174707
20241108_225656_494954091,0.9776471
20241108_225656_746923355,0.5958782
20241108_225657_246436077,0.5698521
20241108_225657_748998144,0.4705306
20241108_225657_995022613,1.7215946
20241108_225658_247321818,0.57076985
20241108_225658_996833809,0.6888345
20241108_225659_244458420,0.5116942
20241108_225659_500954352,-0.22870995
20241108_225659_748393968,0.4046758
20241108_225659_995521274,-0.29563448
20241108_225700_248839524,1.1018798
20241108_225700_500792905,0.40988895
20241108_225700_764113268,-0.00982172
20241108_225701_007287873,-0.3697015
20241108_225701_260967499,-0.3998359
20241108_225701_502128805,-0.8497465
20241108_225701_758819079,-0.2306572
20241108_225701_996642475,-0.25536773
20241108_225702_250064987,-0.07052877
20241108_225702_498547644,-0.046372913
20241108_225702_999356865,-0.17092843
20241108_225703_254534184,-0.1850958
20241108_225703_497823226,-0.26777902
20241108_225703_748757048,-0.53932726
20241108_225704_000012191,-0.15216067
20241108_225704_254114333,-0.4777734
20241108_225704_498842481,-0.34816337
20241108_225704_995235876,-0.366379
20241108_225706_006860750,-0.33515394
20241108_225706_259157195,-0.34445384
20241108_225706_505644739,-0.3464851
20241108_225706_756398755,-0.28483933
20241108_225707_001581032,-0.33679256
20241108_225707_749491358,0.25023866
20241108_225707_998886048,-0.018415533
20241108_225708_251030185,-0.1258498
20241108_225708_501303550,0.039436854
20241108_225708_754619192,0.06655327
20241108_225709_002615872,0.022258857
20241108_225709_497947134,0.027186492
20241108_225709_747389809,0.038990177
20241108_225709_997303530,-0.046189927
20241108_225710_755711823,0.010231653
20241108_225711_502078232,-0.25638402
20241108_225712_004687515,-0.19380929
20241108_225712_268249866,-0.18854193
20241108_225713_002233530,-0.17582412
20241108_225713_257984590,-0.11443599
20241108_225713_754301772,-0.07409414
20241108_225714_000932983,-0.15484367
20241108_225714_257189344,0.14972688
20241108_225714_749531888,-0.13080741
20241108_225715_002076286,-0.12558164
20241108_225715_507463382,-0.11215057
20241108_225715_756501311,-0.32207534
20241108_225716_005440834,-0.35617334
20241108_225716_263457916,-0.30916414
20241108_225716_502321786,-0.2747856
20241108_225716_751306169,-0.3117821
20241108_225716_998550234,-0.294319
20241108_225717_250102601,-0.3289828
20241108_225717_749920072,-0.17273153
20241108_225718_250113678,-0.18020593
20241108_225718_749211002,-0.347227
20241108_225718_998470767,-0.34427452
20241108_225719_502561842,-0.2497827
20241108_225719_998385151,-0.24979465
20241108_225720_247304461,-0.23193027
20241108_225720_747718312,-0.2673376
20241108_225721_247619642,-0.20601921
20241108_225721_500623474,-0.26332328
20241108_225721_748483746,-0.24936555
20241108_225721_996969343,0.48925486
20241108_225722_252064170,0.08309195
20241108_225722_501532393,-0.117305
20241108_225722_757058350,-0.062234126
20241108_225723_005794916,-0.10696747
20241108_225723_253446457,-0.12257405
20241108_225723_500262297,-0.3267717
20241108_225723_751192790,-0.30333802
20241108_225724_001067907,-0.20664947
20241108_225724_252504566,-0.13731958
20241108_225724_748068855,-0.15053965
20241108_225724_994708876,-0.0005231146
20241108_225725_248774640,0.021155873
20241108_225726_251525293,-0.009656509
20241108_225726_750009068,-0.023863873
20241108_225727_995192931,-0.046723567
20241108_225728_251233449,-0.14453141
20241108_225728_502773058,-0.38019067
20241108_225728_762287203,-0.31009614
20241108_225728_999370802,-0.4800116
20241108_225729_256342091,-0.39787108
20241108_225729_751111808,-0.31160584
20241108_225729_996727592,-0.34031463
20241108_225730_253596380,-0.33936378
20241108_225730_496890851,-0.31886518
20241108_225730_749053501,-0.48198372
20241108_225730_998692617,-0.3640168
20241108_225731_258945918,-0.3213754
20241108_225731_499225862,-0.37909013
20241108_225732_995180422,-0.31958896
20241108_225733_262089187,-0.4288648
20241108_225733_493325042,-0.1717117
20241108_225733_996847861,-0.086522385
20241108_225734_248835173,0.0012915526
20241108_225734_495144200,0.012639323
20241108_225734_748231216,-0.08700248
20241108_225734_994798947,-0.059930168
20241108_225735_245724516,0.12843524
20241108_225735_494083481,0.2808998
20241108_225735_744574214,0.013886968
20241108_225736_995145853,-0.022305986
20241108_225737_249488326,-0.013350805
20241108_225738_245300501,-0.07368412
20241108_225738_496052547,-0.37842757
20241108_225738_746870130,-0.44171402
20241108_225738_998165650,-0.19883595
20241108_225739_249935334,0.11179819
20241108_225739_748068829,-0.016110918
20241108_225739_995674364,-0.031749748
20241108_225740_248074444,-0.011758527
20241108_225741_000570270,-0.012384733
20241108_225741_497374458,-1.3052577
20241108_225741_748008897,-0.088762425
20241108_225741_994738000,-0.007145008
20241108_225742_247194899,-0.040096305
20241108_225742_495960177,0.5175291
20241108_225742_746282334,0.1511346
20241108_225742_997850190,-0.2836294
20241108_225743_248221668,-0.2759659
20241108_225743_496585095,-0.103316925
20241108_225743_752507589,0.2047923
20241108_225744_004235858,0.28838897
20241108_225744_255324536,-0.03715726
20241108_225744_498274915,0.21971841
20241108_225744_750076502,0.16281258
20241108_225745_244681944,0.1081507
20241108_225745_496119494,0.08230386
20241108_225745_749293925,0.08196477
20241108_225745_997811730,0.058096863
20241108_225746_246758898,0.035426237
20241108_225746_499427086,-0.1519864
20241108_225746_747601622,-0.5361701
20241108_225746_994241283,-0.2858989
20241108_225747_993776329,-0.45461205
20241108_225748_243210580,-0.38339975
20241108_225748_494847922,-0.30930275
20241108_225748_747126118,-0.25068614
20241108_225748_995299152,-0.53484243
20241108_225749_247361297,-0.35471073
20241108_225749_993850102,-0.45225406
20241108_225750_246811033,-0.38713077
20241108_225750_494396225,0.5081814
20241108_225750_746983386,0.014413634
20241108_225750_995743666,-0.06897464
20241108_225751_251809940,0.029413799
20241108_225751_495736245,0.04145638
20241108_225751_746120310,0.08196596
20241108_225751_996397070,0.08163688
20241108_225752_246912511,0.058659412
20241108_225752_494838316,0.07361267
20241108_225752_745734436,0.07077954
20241108_225752_995092823,0.08585928
20241108_225753_244871445,0.08604551
20241108_225753_493121852,0.09270839
20241108_225753_744662088,0.065218784
20241108_225753_994257014,0.058272757
20241108_225754_246244488,-0.11440071
20241108_225754_492724346,-0.03271856
20241108_225754_747370622,-0.108834825
20241108_225754_994456561,-0.21654765
20241108_225755_245339102,-0.106321774
20241108_225755_495936167,-0.061451875
20241108_225755_753789083,-0.051279567
20241108_225755_996479404,-0.040540658
20241108_225756_246532954,-0.07505723
20241108_225756_496271150,-0.04712864
20241108_225756_748436672,0.0022855196
20241108_225756_997124760,0.02478213
20241108_225757_245563639,-0.26018667
20241108_225757_495928206,-0.29728153
20241108_225757_747543185,-0.24713041
20241108_225758_002966540,-0.16073169
20241108_225758_252168894,-0.16520952
20241108_225758_498447041,-0.15286286
20241108_225758_749813471,-0.15906896
20241108_225758_997584181,-0.14037187
20241108_225759_248223741,-0.02175649
20241108_225759_497341237,0.023401266
20241108_225759_746121923,-0.025722107
20241108_225759_998881236,-0.09367373
20241108_225800_256311129,-0.27067283
20241108_225800_532659379,-0.25297037
20241108_225800_772577201,-0.06106531
20241108_225801_018510987,-0.04948064
20241108_225801_263092362,-0.01849272
20241108_225801_510389859,-0.04025521
20241108_225801_754439540,-0.028734108
20241108_225802_005286697,0.06785188
20241108_225802_257962828,-0.05869817
20241108_225802_504140814,-0.035811834
20241108_225803_002773721,0.0730866
20241108_225804_750726264,0.06590218
20241108_225805_249216274,0.063821055
20241108_225805_747217231,0.029157678
20241108_225806_250319783,0.008917341
20241108_225806_751336947,0.25040123
20241108_225806_996456243,-0.87868375
20241108_225807_248042456,0.07467883
20241108_225807_501211782,0.47513017
20241108_225807_750744777,0.0038493667
20241108_225807_999537871,-0.22367935
20241108_225808_271222170,-0.012616774
20241108_225808_759599491,0.05314485
20241108_225809_002297261,0.054785646
20241108_225809_253467264,0.21150354
20241108_225809_497913121,-0.042794965
20241108_225810_255416691,0.09145696
20241108_225810_498913069,0.15901516
20241108_225810_755528655,0.3273116
20241108_225811_253479012,0.15431927
20241108_225811_501344289,0.26473767
20241108_225811_758786909,0.44411027
20241108_225812_006421981,0.3645877
20241108_225812_499475161,0.22703622
20241108_225812_753780139,0.23938362
20241108_225812_995834689,0.23667188
20241108_225813_258226890,0.1708049
20241108_225813_499739889,0.03883121
20241108_225814_000760738,0.37000138
20241108_225814_250633813,0.43063718
20241108_225814_499606496,1.4959621
20241108_225814_758871837,0.9184881
20241108_225815_000122867,0.43931025
20241108_225815_752558306,0.3270511
20241108_225815_995567093,0.14839144
20241108_225816_246606413,0.15341608
20241108_225816_499250805,0.4842399
20241108_225816_748613998,1.31348
20241108_225816_996588067,0.37416404
20241108_225817_249680826,0.38227758
20241108_225817_751808688,0.6500991
20241108_225818_000421491,0.7000414
20241108_225818_498986481,0.48004368
20241108_225818_747941893,0.13197665
20241108_225818_994212840,0.31252846
20241108_225819_306109498,0.13505624
20241108_225819_497141604,0.15677081
20241108_225820_281356257,0.23090886
20241108_225821_273444102,0.18976746
20241108_225821_498237902,0.535763
20241108_225821_780687460,0.12679003
20241108_225821_997484002,0.2449146
20241108_225824_760903302,0.19967566
20241108_225824_997152553,0.009099999
20241108_225825_249435472,-0.4463599
20241108_225825_509312923,-0.2771729
20241108_225825_757580532,-0.08798387
20241108_225826_001215237,0.08310104
20241108_225826_252514846,-0.06750753
20241108_225826_508336291,-0.14841159
20241108_225826_766169877,-0.08022114
20241108_225826_998709385,-0.09737869
20241108_225827_260090182,-0.108040474
20241108_225827_772443829,-0.10062718
20241108_225828_258110579,-0.08548262
20241108_225828_768594514,-0.12594198
20241108_225829_002105816,0.17466097
20241108_225829_259869666,0.88172895
20241108_225829_496938847,0.508159
20241108_225830_798174617,0.10277174
20241108_225831_031401771,0.10203753
20241108_225831_256326403,-0.07035031
20241108_225831_515426017,-0.22007306
20241108_225831_770586080,-0.4101294
20241108_225832_010541954,-0.35087773
20241108_225832_262504157,-0.23581453
20241108_225832_506299731,-0.35702714
20241108_225832_761365949,-0.5538843
20241108_225832_998456186,-0.4786871
20241108_225833_251300185,-0.5109988
20241108_225833_498707300,-0.38809767
20241108_225833_753400273,-0.35853922
20241108_225833_999782614,-0.11349594
20241108_225834_252980517,-0.21408789
20241108_225834_512263853,-0.25117356
20241108_225834_757700685,-0.22228284
20241108_225835_496054582,-0.210472
20241108_225835_753474961,-0.23056196
20241108_225835_997612675,-0.18849345
20241108_225836_256658109,-0.37022066
20241108_225836_503993817,-0.04103572
20241108_225836_761965734,0.087678686
20241108_225837_000973483,0.03659729
20241108_225837_502285185,-0.025570652
20241108_225838_247656962,-0.029904386
20241108_225838_500368882,-0.020787617
20241108_225838_758042213,-0.13451238
20241108_225839_008821367,-0.087453865
20241108_225839_253713551,-0.29952
20241108_225839_497432733,-0.33700636
20241108_225839_752008159,-0.41649446
20241108_225839_998224147,-0.5959348
20241108_225840_500958065,-0.39007172
20241108_225840_751983502,-0.32696846
20241108_225840_997144644,-0.48658368
20241108_225841_254102106,-0.2538666
20241108_225841_499004635,-0.26620135
20241108_225841_999500632,-0.28019366
20241108_225842_252940328,-0.2613104
20241108_225842_756285058,-0.2638552
20241108_225842_996743562,-0.2176026
20241108_225843_497837026,-0.5750567
20241108_225843_752227803,-0.38854334
20241108_225843_999712609,-0.34650195
20241108_225844_250081910,-0.36047858
20241108_225844_500160523,-0.8326265
20241108_225844_756461882,-0.61404693
20241108_225844_994447514,-0.49319285
20241108_225845_247340787,-0.49074447
20241108_225845_748897901,-0.48848623
20241108_225846_248592535,-0.7284652
20241108_225846_498610449,-1.4332651
20241108_225846_751224257,-0.68258363
20241108_225846_995900192,0.12825285
20241108_225847_256273748,-0.15548499
20241108_225847_498820863,0.020413259
20241108_225847_748507390,0.08258013
20241108_225847_998111541,0.15282206
20241108_225849_247050776,0.2689043
20241108_225849_497913794,0.4458857
20241108_225849_747276180,0.6255422
20241108_225849_996393290,0.25602642
20241108_225850_261278795,0.27339613
20241108_225850_498543868,0.23500125
20241108_225850_746144979,0.14833303
20241108_225850_996717151,-0.363813
20241108_225851_248341167,-0.18241605
20241108_225851_497601451,-0.42723498
20241108_225851_750617476,-0.20219608
20241108_225851_997717081,-0.02117098
20241108_225852_255422278,0.018524779
20241108_225852_754251168,-0.0070746746
20241108_225852_998224653,0.09885115
20241108_225853_247558954,0.13989861
20241108_225853_494824610,0.10179525
20241108_225854_754232539,1.0912474
20241108_225854_998677868,1.6738037
20241108_225855_252138768,-0.52227974
20241108_225855_496994932,0.019131841
20241108_225855_750084083,0.055928104
20241108_225855_997073522,-0.019406412
20241108_225856_248163681,-0.08543154
20241108_225856_748357247,-0.10724225
20241108_225858_247847186,-0.100945435
20241108_225858_496414039,-0.0116082635
20241108_225858_749629192,-0.00603511
20241108_225859_253799280,-0.15723188
20241108_225859_507576696,-0.015662095
20241108_225859_756690729,0.0033501182
20241108_225900_004810850,-0.16712613
20241108_225900_261465013,-0.25640848
20241108_225900_528605369,-1.6059616
20241108_225900_775860788,-0.83627033
20241108_225901_035164128,-1.3664112
20241108_225901_271546539,-1.2773446
20241108_225901_515483253,0.2132514
20241108_225901_759715583,-0.039903127
20241108_225902_018557820,-0.04355254
20241108_225902_270282758,-0.111021064
20241108_225903_507008621,-0.012657067
20241108_225903_753779231,0.059892125
20241108_225904_495733421,0.09625692
20241108_225904_753475409,0.08098195
20241108_225904_997493078,0.06975449
20241108_225905_257542802,0.12765808
20241108_225905_751693381,0.06810961
20241108_225906_009399130,0.35495815
20241108_225906_253666950,0.4167209
20241108_225906_499223934,0.32073027
20241108_225906_752790476,0.18073122
20241108_225907_500307036,0.81208867
20241108_225907_751016512,0.55927706
20241108_225908_497509996,0.5754165
20241108_225908_748528459,0.1829424
20241108_225908_998065835,0.18791021
20241108_225909_256456200,0.07036842
20241108_225909_502041411,0.055432923
20241108_225910_502383671,0.114556946
20241108_225910_755739511,0.08678115
20241108_225910_999417082,0.05291263
20241108_225911_251409137,0.117420174
20241108_225911_506844224,0.09356073
20241108_225911_755344477,0.50171655
20241108_225912_001183552,0.24770056
20241108_225912_251297074,0.24190505
20241108_225912_498261497,0.17844968
20241108_225912_750310171,0.031866886
20241108_225912_998282857,0.06338505
20241108_225913_246787357,0.10238821
20241108_225913_495001842,0.10667015
20241108_225913_747078217,0.083732225
20241108_225913_997039248,0.5172481
20241108_225914_251249959,0.40632588
20241108_225914_494295933,0.99089605
20241108_225914_745982466,0.35686398
20241108_225915_249293857,0.4560649
20241108_225915_495602706,0.44613215
20241108_225915_748954500,0.3927148
20241108_225915_996201605,0.35074008
20241108_225916_249556727,0.32372886
20241108_225916_500659268,0.21953087
20241108_225916_753261402,-0.06519457
20241108_225916_999921322,-0.19359253
20241108_225917_250875320,-0.1593269
20241108_225917_498656398,-0.07606312
20241108_225917_750104014,-0.0511752
20241108_225917_996308976,-0.032631032
20241108_225918_752588815,0.05409295
20241108_225918_997338463,0.037155755
20241108_225919_249522120,0.028517822
20241108_225919_495926388,0.047614552
20241108_225919_748261093,0.04869715
20241108_225919_997322756,0.076184995
20241108_225920_249366613,0.073356934
20241108_225920_500353075,-0.6198413
20241108_225920_749029579,-0.099700205
20241108_225921_003535938,-0.084259115
20241108_225921_249245973,-0.061899386
20241108_225921_495179440,-0.060284637
20241108_225921_747421178,-0.10473137
20241108_225921_997893803,-0.071831904
20241108_225922_249662127,-0.15376851
20241108_225922_495811919,-0.09320875
20241108_225922_749268969,-0.08962067
20241108_225923_254014533,-0.03663396
20241108_225923_749503666,-0.03854247
20241108_225924_248746070,-0.05293142
20241108_225924_495686706,-0.20995383
20241108_225924_749404790,-0.18807335
20241108_225924_996735420,-0.13289042
20241108_225925_249519249,-0.33875605
20241108_225925_496816269,-0.1958047
20241108_225925_749009552,-0.14948525
20241108_225925_999245602,-0.32422495
20241108_225926_750531183,-0.40982395
20241108_225926_995579914,-0.22622837
20241108_225927_500278341,-0.38065833
20241108_225927_759295538,-0.20268838
20241108_225927_998896771,-0.1978033
20241108_225929_257086492,-0.38913032
20241108_225929_507402138,-0.81947243
20241108_225929_759289129,-0.22557537
20241108_225930_005061223,-0.18818921
20241108_225930_268580951,0.7968026
20241108_225930_511637779,0.23130818
20241108_225930_764341089,-0.0333698
20241108_225931_014626122,0.19695517
20241108_225931_282421938,0.21172695
20241108_225931_510286351,0.18876629
20241108_225931_761135975,0.19795148
20241108_225932_015076998,0.29944667
20241108_225932_288025167,0.019265572
20241108_225932_510368064,-0.11383053
20241108_225932_753386447,-0.31760862
20241108_225933_002032862,-0.16291888
20241108_225933_255309923,0.66634226
20241108_225933_504310901,-0.04621341
20241108_225933_759784861,-0.0985175
20241108_225934_001801111,-0.17848028
20241108_225934_253153813,-0.11310726
20241108_225934_499571843,0.5497164
20241108_225934_753505055,-0.039654933
20241108_225935_000033999,0.090309955
20241108_225935_252202383,-0.107223175
20241108_225935_748618729,-0.03268387
20241108_225935_996945642,0.75869435
20241108_225936_256590787,-0.1473179
20241108_225936_500910869,-0.12280696
20241108_225936_754441581,0.016381422
20241108_225936_997623217,0.04152531
20241108_225937_250982231,-0.18745868
20241108_225937_498356678,0.14755367
20241108_225937_749329877,0.28283402
20241108_225937_993783622,0.26378843
20241108_225938_249501847,0.24847017
20241108_225938_497315637,0.28095314
20241108_225938_751990520,0.28572968
20241108_225938_996934517,0.2605113
20241108_225939_259474027,0.34694797
20241108_225939_755197340,0.2075812
20241108_225941_999846369,0.22980903
20241108_225942_247134688,0.22637318
20241108_225942_495345953,0.33098784
20241108_225942_749866008,0.3742879
20241108_225942_996361424,0.34112945
20241108_225943_248181649,0.52033633
20241108_225943_496102356,0.38660976
20241108_225943_747708404,0.36693522
20241108_225943_995929503,0.34309453
20241108_225944_248665326,0.34666896
20241108_225944_498064385,0.26256368
20241108_225944_751247062,0.3357096
20241108_225944_999730607,0.29306027
20241108_225945_256148260,0.27281404
20241108_225945_500078542,0.25655606
20241108_225945_752606264,0.1668468
20241108_225945_997849678,0.26686275
20241108_225946_278395309,0.44378304
20241108_225946_503498179,0.5501391
20241108_225946_752532210,0.43103537
20241108_225946_999612523,0.46065035
20241108_225947_252350221,0.32895327
20241108_225947_498052240,0.36510423
20241108_225947_749639526,0.36788598
20241108_225948_001222381,0.7482695
20241108_225948_256493759,0.5487956
20241108_225948_497702548,0.7001732
20241108_225948_750643804,0.5783815
20241108_225948_994594949,0.5046162
20241108_225949_259571304,0.48474982
20241108_225949_494966904,0.44854787
20241108_225949_747035611,0.50918853
20241108_225949_999781312,0.5881174
20241108_225950_259474813,-0.1258016
20241108_225950_502987251,-0.33195946
20241108_225950_755133983,-0.04078927
20241108_225951_268628692,0.02695612
20241108_225951_497267614,-0.13302858
20241108_225951_750130486,0.642301
20241108_225951_993896478,0.18581122
20241108_225952_274167790,-0.09074923
20241108_225952_493965171,-0.15087546
20241108_225952_996457917,-0.036460422
20241108_225953_251542946,0.02656583
20241108_225953_496229814,-0.010699591
20241108_225953_754445822,-0.21881212
20241108_225953_995955781,-0.16176434
20241108_225954_265147121,-0.325336
20241108_225954_493358618,-0.43656665
20241108_225954_748276034,-0.41288263
20241108_225954_995677765,0.14395009
20241108_225955_278869027,-0.32290807
20241108_225955_498870264,-0.070395075
20241108_225955_754144673,0.008567909
20241108_225955_995303469,0.20039408
20241108_225956_264118290,-0.16693343
20241108_225956_497542831,-0.051234327
20241108_225956_755996064,0.0636212
20241108_225957_001213066,-0.12274593
20241108_225957_276575669,0.3139228
20241108_225957_495603567,2.132155
20241108_225957_751193979,1.1068633
20241108_225958_000695585,0.924723
20241108_225958_253472873,1.5560502
20241108_225958_501722934,0.5835918
20241108_225958_748164738,0.45827213
20241108_225959_255228378,0.79696757
20241108_225959_509413834,0.9690238
20241108_225959_761173949,0.87121767
