trade_date,FW_label
20241107_090000_277045005,0.41012296
20241107_090000_535449016,-0.7784307
20241107_090000_779134634,0.02301911
20241107_090001_024158898,0.37464222
20241107_090001_271506691,0.8280096
20241107_090001_537553247,0.043508686
20241107_090001_774764016,0.20636041
20241107_090002_025368588,0.5544012
20241107_090002_278243200,0.07502757
20241107_090002_529823274,-0.4646424
20241107_090002_770825475,-0.23982379
20241107_090003_029746816,-0.1018964
20241107_090003_273670820,-0.031321988
20241107_090003_524714206,0.1642736
20241107_090003_768990712,-0.66055864
20241107_090004_023407123,-0.088396795
20241107_090004_272688358,0.029953202
20241107_090004_524862582,-0.028498432
20241107_090004_769563202,0.009886781
20241107_090005_022469696,-0.6262811
20241107_090005_271999692,-0.025433024
20241107_090005_526850791,0.12263224
20241107_090005_775831538,-0.5749742
20241107_090006_022697273,-0.03861888
20241107_090006_271223993,0.0633918
20241107_090006_524337047,0.14157695
20241107_090006_770951324,0.30687794
20241107_090007_021683484,0.4528105
20241107_090007_269795780,0.3844028
20241107_090007_524407607,1.6474849
20241107_090007_769017706,2.0851505
20241107_090008_014702997,-0.51634246
20241107_090008_265693590,-0.02303422
20241107_090008_522095139,0.20197637
20241107_090008_767384891,-0.09366734
20241107_090009_023577964,0.34995672
20241107_090009_271027379,0.07932699
20241107_090009_524114291,0.06343173
20241107_090009_764096027,0.4812002
20241107_090010_014199453,-0.15397395
20241107_090010_263957722,0.031009296
20241107_090010_519312719,-0.07608535
20241107_090010_766345975,-0.3444251
20241107_090011_015977017,-0.66532797
20241107_090011_264724626,0.56727046
20241107_090011_521021738,1.8393624
20241107_090011_769118231,0.14626764
20241107_090012_020845363,-0.14778663
20241107_090012_273006704,0.23642258
20241107_090012_524009563,-0.81441176
20241107_090012_767485239,0.44490737
20241107_090013_019673173,-0.6821192
20241107_090013_271545409,-0.3415066
20241107_090013_530799836,-0.38488096
20241107_090013_775567336,-0.8646548
20241107_090014_024263956,-1.0288147
20241107_090014_274270761,1.6878923
20241107_090014_532294583,-0.43879357
20241107_090014_777745433,0.62239707
20241107_090015_022225871,0.50802195
20241107_090015_273924716,0.46401224
20241107_090015_531230912,-0.14477153
20241107_090015_772194390,0.16120853
20241107_090016_023102263,-0.20315392
20241107_090016_271359641,0.076631196
20241107_090016_527853028,-0.36593422
20241107_090016_770690478,-0.29289582
20241107_090017_024316420,0.44660604
20241107_090017_274689442,0.19063704
20241107_090017_526769435,-0.033701383
20241107_090017_765734095,-0.21323945
20241107_090018_020650368,-0.62259984
20241107_090018_265334708,-0.15926887
20241107_090018_523381232,-0.06965931
20241107_090018_762960587,-0.123778395
20241107_090019_013699686,0.022153387
20241107_090019_266858071,0.7148378
20241107_090019_518138517,-0.04928208
20241107_090019_764217466,-0.5774323
20241107_090020_013526139,0.49028972
20241107_090020_265709861,-0.19301803
20241107_090020_522109470,0.107457854
20241107_090020_770448243,0.41815254
20241107_090021_018262948,0.2683581
20241107_090021_266681570,0.4867349
20241107_090021_516360786,-0.33521703
20241107_090021_765200822,-0.29031345
20241107_090022_014705597,-0.09776779
20241107_090022_262512697,-0.0037460532
20241107_090022_518038163,-0.23630516
20241107_090022_764105658,-0.20453374
20241107_090023_017445385,-0.6700881
20241107_090023_261307134,-0.35930166
20241107_090023_514940802,0.14030175
20241107_090023_758122798,-0.3430983
20241107_090024_011717270,-0.12588695
20241107_090024_263822433,0.12547989
20241107_090024_513636848,0.11063025
20241107_090024_760813118,1.7190853
20241107_090025_015270379,0.4098157
20241107_090025_262222203,0.4675804
20241107_090025_517648829,0.40067258
20241107_090025_765706576,0.27683726
20241107_090026_016123083,0.27760836
20241107_090026_260838443,0.34088185
20241107_090026_519808593,0.3096077
20241107_090026_759371939,0.2426406
20241107_090027_012960379,0.2706021
20241107_090027_260647867,0.1899678
20241107_090027_519831726,0.034230508
20241107_090027_768058417,0.037980713
20241107_090028_267032677,0.09358928
20241107_090028_513090593,0.09480814
20241107_090028_765959867,0.12330935
20241107_090029_013656030,-0.16222511
20241107_090029_260980530,0.022225002
20241107_090029_532738350,-0.05200126
20241107_090029_766726597,0.23954375
20241107_090030_019013592,-0.06541543
20241107_090030_263326494,0.19760083
20241107_090030_520730348,1.3829154
20241107_090030_769771689,-1.1110243
20241107_090031_014564765,-0.7796092
20241107_090031_260608524,-0.06550472
20241107_090031_526720369,0.19671904
20241107_090031_766183633,0.52530515
20241107_090032_023193332,0.930168
20241107_090032_266897661,-1.5734464
20241107_090032_524064057,-1.1863328
20241107_090032_769198433,-0.4558164
20241107_090033_020494681,-0.26666936
20241107_090033_265126291,-0.25181666
20241107_090033_524102448,-0.63543415
20241107_090033_767989627,-0.8654495
20241107_090034_015267788,0.22478642
20241107_090034_261641014,-0.58070517
20241107_090034_525422539,-0.45829841
20241107_090035_010850029,-0.05061935
20241107_090035_265281732,0.36410287
20241107_090035_519923336,0.27000734
20241107_090035_759965475,0.20593587
20241107_090036_012471524,0.038108304
20241107_090036_271380715,-0.01170833
20241107_090036_520221438,0.055713095
20241107_090036_763428003,0.35959682
20241107_090037_013986897,0.31940088
20241107_090037_260595326,0.66550034
20241107_090037_519140988,-0.0073996503
20241107_090037_766294864,0.08559542
20241107_090038_021387571,0.65396327
20241107_090038_263894185,0.42407432
20241107_090038_516677324,0.35833052
20241107_090038_767486291,0.33684167
20241107_090039_014607022,0.65519065
20241107_090039_266926064,0.19242768
20241107_090039_523435170,0.36832574
20241107_090039_759905518,0.2183179
20241107_090040_011462029,-0.26422176
20241107_090040_265838556,-1.3521794
20241107_090040_524851664,0.38671622
20241107_090040_763287220,1.4356048
20241107_090041_012200254,0.97922534
20241107_090041_269631212,1.2330924
20241107_090041_522486900,-0.7141625
20241107_090041_763063472,-0.09790464
20241107_090042_017286555,0.3839028
20241107_090042_259515365,-0.14496617
20241107_090042_526292131,-0.06799651
20241107_090042_765458759,-0.90452474
20241107_090043_014645590,-0.7968059
20241107_090043_267666137,-1.2418277
20241107_090043_529864379,0.9248139
20241107_090043_764449276,1.2246977
20241107_090044_009741061,1.2421658
20241107_090044_260317367,-0.3902746
20241107_090044_524590405,-0.15073633
20241107_090044_762125309,0.011285609
20241107_090045_011558888,-0.15591815
20241107_090045_272317451,-0.20296033
20241107_090045_518607677,-0.45536238
20241107_090045_763129250,-0.8698668
20241107_090046_010674460,0.45257774
20241107_090046_262791945,0.055008866
20241107_090046_513587101,-0.22132911
20241107_090046_758053245,0.53730893
20241107_090047_016623088,0.44083747
20241107_090047_262752017,0.20450197
20241107_090047_521041810,-0.11067917
20241107_090047_763823598,-0.2960392
20241107_090048_016474209,0.053777076
20241107_090048_267493672,0.9149019
20241107_090048_522514534,-0.4664182
20241107_090048_758065030,-0.2714101
20241107_090049_015748091,-0.16877736
20241107_090049_263645960,-0.23837793
20241107_090049_516885193,0.18711434
20241107_090049_761143393,-0.018107671
20241107_090050_009686284,0.45766443
20241107_090050_264904209,0.27585298
20241107_090050_517452105,-1.1698699
20241107_090050_764094950,0.14296083
20241107_090051_022759349,0.034668602
20241107_090051_266657794,0.09662149
20241107_090051_519491108,0.08913041
20241107_090051_774280946,-0.019577263
20241107_090052_016675342,-0.23147132
20241107_090052_268972444,-0.627644
20241107_090052_519851326,-0.42527267
20241107_090052_770743271,0.8842577
20241107_090053_012102926,0.7734699
20241107_090053_266185362,0.0028078593
20241107_090053_518794945,0.73162067
20241107_090053_762160904,-0.21942459
20241107_090054_014296259,0.29807568
20241107_090054_273109717,-0.307072
20241107_090054_515838499,1.3170507
20241107_090054_762869354,0.21530642
20241107_090055_016433660,-1.6470602
20241107_090055_264010511,0.11324272
20241107_090055_516290240,0.18418078
20241107_090055_761172122,0.17886196
20241107_090056_018797104,0.05370277
20241107_090056_261111558,0.056597687
20241107_090056_515798453,0.21092275
20241107_090056_769992815,0.42691928
20241107_090057_014036052,0.74328405
20241107_090057_260825886,0.19651334
20241107_090057_524449223,-0.653133
20241107_090057_760544066,-0.6751744
20241107_090058_014379311,-0.06894711
20241107_090058_259311686,0.14548258
20241107_090058_523055587,0.0021034367
20241107_090058_762411358,-0.38382044
20241107_090059_015437806,0.24009676
20241107_090059_267675316,0.33227587
20241107_090059_519575776,0.287702
20241107_090059_761718676,-0.110526405
20241107_090100_016471776,0.74989086
20241107_090100_265592872,1.5418699
20241107_090100_528919364,1.4672633
20241107_090100_767649012,-0.04242506
20241107_090101_028222091,0.1396529
20241107_090101_276929771,0.8925696
20241107_090101_529364502,0.2549977
20241107_090101_766732289,0.3176616
20241107_090102_016032040,0.38906094
20241107_090102_270431661,0.008988598
20241107_090102_520016271,0.010307947
20241107_090102_770379145,0.06804363
20241107_090103_012178428,0.005091468
20241107_090103_268036904,-0.004592797
20241107_090103_528842568,-0.35115334
20241107_090103_766570076,-0.7605334
20241107_090104_016472595,-0.08888864
20241107_090104_273749662,0.12907939
20241107_090104_516991326,-0.4115219
20241107_090104_763720155,0.07998574
20241107_090105_020604078,0.22455625
20241107_090105_269223067,0.050352372
20241107_090105_519115340,-0.41015753
20241107_090105_767010285,-0.49003103
20241107_090106_021256616,0.10253648
20241107_090106_263593527,0.13156043
20241107_090106_526477998,-0.117259085
20241107_090106_764230979,0.13615794
20241107_090107_016481443,1.0964018
20241107_090107_262263157,-0.9708338
20241107_090107_519862303,0.6112996
20241107_090107_762334905,0.8746353
20241107_090108_016899723,-0.38551927
20241107_090108_266061408,-0.98529685
20241107_090108_520020346,-1.4704357
20241107_090108_761301556,-0.06968524
20241107_090109_009870009,-0.21602173
20241107_090109_267424927,-0.14374681
20241107_090109_517746560,0.1419636
20241107_090109_761730912,-0.920571
20241107_090110_011384540,-0.0649419
20241107_090110_265097221,-1.7086445
20241107_090110_514561632,0.880274
20241107_090110_767406963,0.82609665
20241107_090111_011414721,0.69140303
20241107_090111_264258249,1.1202455
20241107_090111_514652799,0.2435235
20241107_090111_765887998,-0.46776015
20241107_090112_013769240,-0.702747
20241107_090112_267669559,-1.0002549
20241107_090112_513527945,0.11720396
20241107_090112_762981579,-0.06504315
20241107_090113_014661780,-0.5675531
20241107_090113_263033913,-0.7309879
20241107_090113_514131210,-1.5412092
20241107_090113_759361797,-0.2715259
20241107_090114_012205437,-0.17017479
20241107_090114_261724677,0.7059375
20241107_090114_510730339,1.2430328
20241107_090114_762752964,0.45308486
20241107_090115_012756881,0.7206445
20241107_090115_262866562,0.34448037
20241107_090115_514815678,0.07802633
20241107_090115_762584237,-0.3827411
20241107_090116_015820575,-0.5901349
20241107_090116_264434350,-0.5287407
20241107_090116_512939328,0.3537822
20241107_090116_761052347,0.4149938
20241107_090117_012186543,1.0642645
20241107_090117_262233043,0.5722861
20241107_090117_513188033,0.28334817
20241107_090117_760478304,1.1708277
20241107_090118_012715503,2.1719155
20241107_090118_260876196,-0.3565962
20241107_090118_510205718,-0.70721465
20241107_090118_757941750,-0.5670357
20241107_090119_010942817,-0.78285074
20241107_090119_260088324,-0.59409493
20241107_090119_514449891,-0.52199346
20241107_090119_758935917,-0.39201495
20241107_090120_012803785,-0.55099744
20241107_090120_259501139,0.04937529
20241107_090120_512344050,0.122179694
20241107_090120_759287059,-0.06584703
20241107_090121_017781518,-0.16286075
20241107_090121_268103921,-0.4851692
20241107_090121_522705186,-0.17268492
20241107_090121_760608480,-0.09254726
20241107_090122_015537291,-0.0658636
20241107_090122_262279637,-0.10899266
20241107_090122_517314745,-0.13619961
20241107_090122_761914892,-0.007008219
20241107_090123_016659600,-0.06525835
20241107_090123_268344687,-0.033030413
20241107_090123_512335229,-0.06081035
20241107_090123_757885697,-0.118816696
20241107_090124_011309557,-0.09824499
20241107_090124_509972523,-0.10287472
20241107_090124_763099033,-0.0070362296
20241107_090125_013744537,-0.12676878
20241107_090125_260516369,0.0064227376
20241107_090125_515883604,0.21820454
20241107_090125_770943996,0.62557554
20241107_090126_014861976,0.17071997
20241107_090126_260650068,-0.103620134
20241107_090126_512724146,0.012883941
20241107_090126_762329086,0.33963928
20241107_090127_020611682,0.24572153
20241107_090127_265425833,1.4687947
20241107_090127_518121693,-0.48491743
20241107_090127_762812183,-0.7470902
20241107_090128_015512075,-0.51212823
20241107_090128_265799051,-0.27689198
20241107_090128_517381299,-0.096473075
20241107_090128_767619767,0.6245476
20241107_090129_017897713,0.38448545
20241107_090129_267552530,-0.18641533
20241107_090129_545080928,-0.38439554
20241107_090129_771198653,0.08765285
20241107_090130_014593751,0.074537136
20241107_090130_264018442,0.18507217
20241107_090130_516981527,0.24282898
20241107_090130_768823269,0.2155383
20241107_090131_012390634,1.0826766
20241107_090131_262248660,0.37600425
20241107_090131_514810482,0.1319743
20241107_090131_760407364,-0.027591428
20241107_090132_010387606,-0.18484779
20241107_090132_263131433,-0.5148336
20241107_090132_512978299,-0.01393112
20241107_090132_758744525,-0.11350527
20241107_090133_005715814,-0.0515854
20241107_090133_260606114,0.3829604
20241107_090133_510014953,-0.15024133
20241107_090133_760253562,-0.15936746
20241107_090134_015087790,-0.054072104
20241107_090135_013657548,0.0057118926
20241107_090135_260567674,0.7002302
20241107_090135_513835672,0.52635586
20241107_090135_764181242,0.4429935
20241107_090136_017933465,0.33643126
20241107_090136_513934429,0.3288734
20241107_090136_760117669,0.51931274
20241107_090137_014816614,-1.2973744
20241107_090137_259764839,-0.32701892
20241107_090137_510603908,-1.0863372
20241107_090137_761997325,0.77670866
20241107_090138_017858715,0.028467657
20241107_090138_271719659,-0.7979951
20241107_090138_518176303,-0.073306285
20241107_090138_768757376,-0.08428481
20241107_090139_021184985,0.20620514
20241107_090139_263173287,0.13963355
20241107_090139_513782283,0.16062972
20241107_090139_768908407,-0.18696602
20241107_090140_016226720,-0.6229059
20241107_090140_266025303,-0.694876
20241107_090140_516613546,-0.27241218
20241107_090140_765587483,-0.32916114
20241107_090141_016705809,-0.4259437
20241107_090141_267038615,-0.3323888
20241107_090141_525269761,-0.321148
20241107_090141_769453521,-0.7651551
20241107_090142_017004294,-0.9933575
20241107_090142_265999652,-0.50393754
20241107_090142_512200715,-0.15340458
20241107_090142_761588387,0.11137699
20241107_090143_017739419,1.6002067
20241107_090143_274214255,0.8517005
20241107_090143_520674638,-1.0616583
20241107_090143_764251008,-0.49996793
20241107_090144_014803855,0.27538633
20241107_090144_261173967,0.7123805
20241107_090144_514627083,-0.17748089
20241107_090144_760681101,-0.83191967
20241107_090145_009326967,-0.6269093
20241107_090145_263615880,-0.09413429
20241107_090145_512512712,0.042550743
20241107_090145_762765186,-0.2798691
20241107_090146_018677510,-0.5636047
20241107_090146_256812863,0.27527842
20241107_090146_518251848,0.2560602
20241107_090146_758249884,0.17118858
20241107_090147_011739352,-0.091637455
20241107_090147_259100094,0.003792623
20241107_090147_515365727,-0.1933849
20241107_090147_764757725,-1.0956916
20241107_090148_009754653,-0.44894662
20241107_090148_260949023,-0.15859383
20241107_090148_513145993,-0.26263162
20241107_090148_764344090,-0.3150672
20241107_090149_012012354,-0.12416925
20241107_090149_260006600,-0.12775798
20241107_090149_521742073,0.97432965
20241107_090149_761486039,1.2320316
20241107_090150_016227322,0.5168893
20241107_090150_261946955,0.34114358
20241107_090150_520698393,0.6033906
20241107_090150_758992745,1.057882
20241107_090151_013533508,-2.8312113
20241107_090151_265836099,-0.11383619
20241107_090151_516371223,0.44866654
20241107_090151_761207379,0.26014775
20241107_090152_013997849,-0.17603411
20241107_090152_259191515,-0.15041737
20241107_090152_517892038,-0.010087451
20241107_090152_764159499,0.03168056
20241107_090153_262292579,0.14031929
20241107_090153_509035136,-0.10945871
20241107_090153_759256272,-0.06266221
20241107_090154_015767882,-0.006618997
20241107_090154_516417608,0.01654003
20241107_090154_758913992,-0.07270535
20241107_090155_013647638,-0.031978868
20241107_090155_258043891,-0.17862923
20241107_090155_516615018,-0.46900788
20241107_090155_762467707,-1.2525359
20241107_090156_013276838,-0.44965395
20241107_090156_259302262,0.4636949
20241107_090156_512112382,0.81992674
20241107_090156_759453497,0.46095458
20241107_090157_008599515,1.1349539
20241107_090157_255803734,0.099099346
20241107_090157_515600201,0.5574333
20241107_090157_758054589,0.08262989
20241107_090158_012588601,0.5347086
20241107_090158_262918266,0.21495454
20241107_090158_518473494,0.4979454
20241107_090158_758686544,-0.0762765
20241107_090159_011023617,0.7451362
20241107_090159_258628901,0.031319596
20241107_090159_516454971,-0.48697215
20241107_090159_762871320,0.10771551
20241107_090200_015719939,-0.013199111
20241107_090200_262532001,-2.55426
20241107_090200_519170007,0.018803457
20241107_090200_764283729,0.0022558365
20241107_090201_016692407,-0.28854343
20241107_090201_263907513,-0.12792303
20241107_090201_520253879,0.18762766
20241107_090201_761867530,0.28423712
20241107_090202_014963063,0.42150983
20241107_090202_263282492,0.26039016
20241107_090202_519516329,0.08605934
20241107_090202_764814616,-0.21702524
20241107_090203_018662307,-1.4782647
20241107_090203_269756826,-1.1193222
20241107_090203_520190925,-0.8801022
20241107_090203_765720381,-0.5321584
20241107_090204_012796126,-0.39678517
20241107_090204_258442051,-0.0662393
20241107_090204_513040678,0.04192204
20241107_090204_757710623,0.11787126
20241107_090205_021302291,0.06780103
20241107_090205_265134785,-0.16214333
20241107_090205_514755512,-0.5016262
20241107_090205_764206593,-0.3686797
20241107_090206_012322321,-0.20368256
20241107_090206_261272735,-0.21874519
20241107_090206_519889387,-0.47924933
20241107_090206_763197804,-0.29916382
20241107_090207_012423319,-0.9069811
20241107_090207_259745593,-0.7269918
20241107_090207_515184890,-0.3499524
20241107_090207_761524048,-0.24547897
20241107_090208_012190261,-0.13670823
20241107_090208_259810151,-0.21646763
20241107_090208_514569880,-0.10379775
20241107_090208_760080439,-0.41752592
20241107_090209_010283020,-0.89228857
20241107_090209_258897669,-0.2737881
20241107_090209_516591626,-0.33314136
20241107_090209_763280872,-0.32338533
20241107_090210_015913523,-0.29746768
20241107_090210_266591813,0.07630593
20241107_090210_520647417,0.1616918
20241107_090210_765962539,-0.40087572
20241107_090211_018701604,-0.44324654
20241107_090211_267207155,-1.0925728
20241107_090211_521413841,-0.57018685
20241107_090211_763473715,-0.22455035
20241107_090212_012716285,0.1414152
20241107_090212_261319925,0.055770703
20241107_090212_521699574,-0.14224075
20241107_090212_758958685,-1.405812
20241107_090213_011135577,1.0363122
20241107_090213_258479699,-0.63891685
20241107_090213_516585866,-0.3727857
20241107_090213_760203661,0.10844118
20241107_090214_011087450,0.18660836
20241107_090214_259227393,0.084493764
20241107_090214_513686522,-0.07587882
20241107_090214_760135300,-0.025173208
20241107_090215_009913355,0.057159014
20241107_090215_256916913,-0.10965695
20241107_090215_512048073,-0.17075388
20241107_090215_759621076,-0.32858393
20241107_090216_008756528,0.61502135
20241107_090216_255394565,0.71955866
20241107_090216_510274521,0.73509717
20241107_090216_757141097,0.5425488
20241107_090217_009508661,0.48385283
20241107_090217_266184141,0.27271473
20241107_090217_521489434,0.6510117
20241107_090217_763074908,0.96580285
20241107_090218_015014703,0.72280294
20241107_090218_273882152,0.8633758
20241107_090218_514802491,0.67134213
20241107_090219_009140164,-0.43072104
20241107_090219_266202060,-0.15392402
20241107_090219_516113817,-0.26065472
20241107_090219_762639851,-0.19629933
20241107_090220_015459377,-0.34824938
20241107_090220_257796802,-0.43411982
20241107_090220_515946729,-0.44577447
20241107_090220_759502918,-0.31746054
20241107_090221_009775639,0.29490507
20241107_090221_257175406,0.5149904
20241107_090221_516907062,0.22573124
20241107_090221_760399692,0.20650925
20241107_090222_009829681,0.16322847
20241107_090222_256167901,0.17699747
20241107_090222_514194377,0.10168592
20241107_090222_759036075,0.06953583
20241107_090223_009614500,0.05787412
20241107_090223_262284898,0.061857738
20241107_090223_519576810,0.084951885
20241107_090223_763753951,0.07368801
20241107_090224_013157686,0.14487164
20241107_090224_262889595,0.10187117
20241107_090224_520918681,0.02827246
20241107_090224_760470385,0.121368594
20241107_090225_008669397,0.10504074
20241107_090225_253542203,-0.024325898
20241107_090225_514851744,0.19854079
20241107_090225_757849273,-0.052182816
20241107_090226_006324278,0.14287297
20241107_090226_510385949,0.15203129
20241107_090226_755664818,0.13153549
20241107_090227_008587390,0.072875984
20241107_090227_257580758,-0.011543265
20241107_090227_515001189,0.19091178
20241107_090227_756815069,0.084140904
20241107_090228_013047218,0.06428144
20241107_090228_258000082,0.025295893
20241107_090229_251791758,0.34674147
20241107_090229_524085434,0.20866127
20241107_090230_512283094,0.34611017
20241107_090230_756493872,0.16081078
20241107_090231_010089209,-0.028315565
20241107_090231_256928299,0.222382
20241107_090231_514204620,3.8337028
20241107_090231_762605529,2.0538108
20241107_090232_014690002,-0.7460599
20241107_090232_258899130,-0.74619794
20241107_090232_511433790,-0.21923096
20241107_090232_755327565,-0.09708174
20241107_090233_007244845,-0.08730886
20241107_090233_253283620,-0.13354217
20241107_090233_510759739,-0.07005113
20241107_090233_754081660,-0.33242485
20241107_090234_005736292,-0.40799126
20241107_090234_510175696,-0.26462236
20241107_090234_754427610,-0.19986944
20241107_090235_007719361,-0.21276207
20241107_090235_256930429,-0.12033784
20241107_090235_511521427,-0.08505368
20241107_090235_757572722,-0.04699515
20241107_090236_013460588,0.06528565
20241107_090236_260025947,-0.063576035
20241107_090236_526503221,-0.06276246
20241107_090236_764892725,-0.070993625
20241107_090237_257052007,0.009957632
20241107_090237_511273411,-0.07335367
20241107_090237_759351890,-0.10337307
20241107_090238_009513366,0.01609596
20241107_090238_256682618,-0.039802752
20241107_090238_510123911,-0.11003927
20241107_090239_005858634,-0.12626818
20241107_090239_256673088,-0.08992743
20241107_090239_510876477,-0.10851436
20241107_090239_758200499,-0.09710731
20241107_090240_015603555,-0.09319823
20241107_090240_257463184,-0.09181293
20241107_090240_519564300,-0.08527129
20241107_090240_757069735,-0.047762215
20241107_090241_009428895,-0.40499184
20241107_090241_260167982,-0.043363728
20241107_090241_519712436,-0.091525726
20241107_090241_756717336,-0.08082067
20241107_090242_006900603,0.011245491
20241107_090242_258471936,-0.14428367
20241107_090242_522180956,-0.17886193
20241107_090242_758989190,-0.31238475
20241107_090243_014523640,-0.6434673
20241107_090243_267577946,-0.8583518
20241107_090243_521254461,-1.4334642
20241107_090243_765985919,-0.6589262
20241107_090244_015238712,-2.9177375
20241107_090244_261701101,0.5819309
20241107_090244_518720674,0.30083224
20241107_090244_756714286,0.10996542
20241107_090245_010914828,0.48941264
20241107_090245_259052948,0.35994196
20241107_090245_513487194,0.42511174
20241107_090245_756793039,0.82077205
20241107_090246_012396575,0.79152745
20241107_090246_256637738,0.5228165
20241107_090246_519731993,0.39260474
20241107_090246_753972044,1.8422256
20241107_090247_005310667,-0.52064645
20241107_090247_254113312,-0.7151244
20241107_090247_515897522,-0.9084936
20241107_090247_756368491,-0.7036768
20241107_090248_004985076,-0.37496176
20241107_090248_255008423,-0.30618253
20241107_090248_516677244,0.46011758
20241107_090248_755674113,0.46476164
20241107_090249_009931588,0.18069153
20241107_090249_255974781,1.2834287
20241107_090249_519481305,-0.01958925
20241107_090249_761614836,0.15105957
20241107_090250_018455138,-0.26873013
20241107_090250_261223677,-0.37611747
20241107_090250_515188189,-0.24728246
20241107_090250_761286390,-0.44127622
20241107_090251_014814101,-0.5126266
20241107_090251_255830086,-0.06145273
20241107_090251_515221812,0.016646618
20241107_090251_757215076,0.21619494
20241107_090252_014874517,0.06790466
20241107_090252_258369827,0.0054695364
20241107_090252_510535465,-0.35341838
20241107_090252_758036460,-1.4625477
20241107_090253_008435379,0.65397865
20241107_090253_255693588,-0.5214065
20241107_090253_512843167,-0.0038068034
20241107_090253_760388524,-0.7179861
20241107_090254_009651595,0.34636438
20241107_090254_253956244,-0.024699375
20241107_090254_514642262,-0.06799606
20241107_090254_759754687,-0.093410395
20241107_090255_012348235,-0.045771025
20241107_090255_259325262,-0.06720682
20241107_090255_510293740,-1.8511738
20241107_090255_756171321,-1.2835803
20241107_090256_008764651,-0.34120062
20241107_090256_259486066,0.19552504
20241107_090256_510365259,-0.124597125
20241107_090256_757718744,0.20835833
20241107_090257_012450346,0.82214993
20241107_090257_261285097,0.340211
20241107_090257_512381996,0.3836596
20241107_090257_757123149,0.718949
20241107_090258_006473110,0.8620371
20241107_090258_252204794,-0.5531603
20241107_090258_504761219,0.16137071
20241107_090258_752982862,-0.7226037
20241107_090259_005138493,-0.1820194
20241107_090259_256449673,0.7316185
20241107_090259_508490032,0.48148957
20241107_090259_756676394,0.6152167
20241107_090300_010144898,1.0531572
20241107_090300_260117089,-0.61480486
20241107_090300_514957418,-0.8307082
20241107_090300_761378641,-0.1925226
20241107_090301_019713950,-0.26205668
20241107_090301_265226940,-0.32816085
20241107_090301_512620092,-0.67387116
20241107_090301_760949472,0.087177835
20241107_090302_020129599,0.5056441
20241107_090302_264214343,0.6285067
20241107_090302_514193902,2.2047997
20241107_090302_759493261,2.3585489
20241107_090303_011167944,-0.9536348
20241107_090303_259488878,-0.69679374
20241107_090303_514939670,0.59828264
20241107_090303_762446537,0.8886
20241107_090304_012760214,0.93274397
20241107_090304_260798503,0.70372456
20241107_090304_511197917,0.26615673
20241107_090304_757625701,-0.083706014
20241107_090305_009173748,-0.39573553
20241107_090305_257434339,-0.13194327
20241107_090305_513201620,0.06397111
20241107_090305_757828307,0.035437293
20241107_090306_011432785,0.15343104
20241107_090306_257429993,0.68217474
20241107_090306_512969592,1.3512336
20241107_090306_756174340,-1.0660491
20241107_090307_011956334,-0.4182585
20241107_090307_258150365,-0.4704466
20241107_090307_510176565,-0.15745652
20241107_090307_766975346,-0.27399874
20241107_090308_011121474,-0.35021752
20241107_090308_255432732,-0.32436892
20241107_090308_511797052,-0.6758549
20241107_090308_758028925,-0.36147082
20241107_090309_018934966,-0.5185169
20241107_090309_257619482,-0.1520135
20241107_090309_516502530,0.42499498
20241107_090309_757376128,-0.16071506
20241107_090310_012009441,0.0676374
20241107_090310_252824143,0.0031197462
20241107_090310_509670663,-0.0032932367
20241107_090310_754699871,0.009314338
20241107_090311_010980852,-0.28148186
20241107_090311_258527793,-0.343263
20241107_090311_515148784,-0.32198218
20241107_090311_760069865,-0.23696573
20241107_090312_011588555,-0.2735313
20241107_090312_257313636,-0.18972166
20241107_090312_511925097,-0.1489731
20241107_090312_759385507,-0.18099494
20241107_090313_009452106,-0.2454095
20241107_090313_255790939,-0.15930216
20241107_090313_512695499,-0.059738174
20241107_090314_009380940,-0.1827297
20241107_090314_255193883,-0.10968151
20241107_090314_512748897,0.111238144
20241107_090314_755959470,0.33578235
20241107_090315_011942022,2.5471556
20241107_090315_264261932,0.3274165
20241107_090315_513586454,1.115723
20241107_090315_756815223,0.8630555
20241107_090316_020033702,0.46458563
20241107_090316_261565833,-1.4606532
20241107_090316_516202602,-1.3666688
20241107_090316_759380811,0.15673104
20241107_090317_016158767,-1.7349768
20241107_090317_271332906,-0.83642757
20241107_090317_519512465,0.5111743
20241107_090317_760491133,0.40469044
20241107_090318_012685654,-0.057931904
20241107_090318_261390134,-0.09472635
20241107_090318_514652065,-0.22723101
20241107_090318_756516329,0.14620978
20241107_090319_013657983,0.32405603
20241107_090319_263054530,0.3464234
20241107_090319_519021859,-0.2629864
20241107_090319_757437846,-0.16661938
20241107_090320_011109436,-0.117680036
20241107_090320_257936671,-0.09875276
20241107_090320_510659690,-0.92127216
20241107_090320_755598559,0.53026706
20241107_090321_008085098,1.0250202
20241107_090321_254502524,0.08523599
20241107_090321_513040977,0.06417964
20241107_090321_761080711,-0.02698358
20241107_090322_009113615,-0.07844305
20241107_090322_256461224,-0.20986266
20241107_090322_516855773,-0.08400656
20241107_090322_760755792,0.047990344
20241107_090323_012776833,-1.387765
20241107_090323_255869330,0.18937796
20241107_090323_511121758,-1.323469
20241107_090323_760890206,0.6615983
20241107_090324_011813499,-0.8197555
20241107_090324_259773573,0.6114473
20241107_090324_515984792,-0.091237746
20241107_090324_756244572,0.27759078
20241107_090325_008311313,0.123067
20241107_090325_256677236,-0.16606797
20241107_090325_511835882,0.00013856031
20241107_090325_758766188,0.16590169
20241107_090326_007099727,0.156835
20241107_090326_254949366,0.089310385
20241107_090326_509580885,0.06644467
20241107_090326_761467544,-0.037286423
20241107_090327_011861479,-0.1327612
20241107_090327_255920434,0.021180904
20241107_090327_514185188,-0.2393065
20241107_090327_752805173,-0.11899816
20241107_090328_007301520,-0.2001367
20241107_090328_252843340,-0.11319744
20241107_090328_510266941,-0.21306215
20241107_090328_755932295,-0.08347278
20241107_090329_007482468,0.09294214
20241107_090329_254859625,-0.017129323
20241107_090329_523968594,0.24532352
20241107_090329_754765254,0.18643169
20241107_090330_009443427,0.55699426
20241107_090330_256430634,0.11938595
20241107_090330_510190420,0.028257227
20241107_090330_758512999,0.07444803
20241107_090331_007090544,0.20431943
20241107_090331_252711455,0.24605678
20241107_090331_508418832,-0.11136737
20241107_090331_753458670,-0.05618813
20241107_090332_012025985,0.14676091
20241107_090332_262539732,0.2936905
20241107_090332_517940982,0.15483674
20241107_090332_759559601,0.16933373
20241107_090333_009880164,0.26154578
20241107_090333_260330552,0.56980026
20241107_090333_520777445,0.026316417
20241107_090333_764209218,-0.626051
20241107_090334_013701671,-0.050028525
20241107_090334_258687768,-0.008733934
20241107_090334_506839498,0.1726962
20241107_090334_757074281,1.1430285
20241107_090335_009923019,1.1859113
20241107_090335_255203201,0.28792787
20241107_090335_511099772,0.33198735
20241107_090335_755197196,0.07168544
20241107_090336_008931068,1.3349272
20241107_090336_253518340,0.03996802
20241107_090336_507201197,-0.5336838
20241107_090336_756534486,-0.9977738
20241107_090337_006806911,-0.41360426
20241107_090337_260933093,-0.15618698
20241107_090337_509391689,-0.32189557
20241107_090337_757017971,-0.33155254
20241107_090338_008169305,-0.2412702
20241107_090338_258968477,-0.1675259
20241107_090338_511450895,-0.038487814
20241107_090338_753456649,-0.08282577
20241107_090339_005225090,-0.12886499
20241107_090339_258789649,-0.16108675
20241107_090339_517012142,-0.22661607
20241107_090339_759668653,-0.34339008
20241107_090340_014040561,-0.35323682
20241107_090340_262725468,0.105597146
20241107_090340_519480805,0.07221279
20241107_090340_758166359,-0.109276794
20241107_090341_012252073,0.09431583
20241107_090341_257337986,0.38849628
20241107_090341_511620163,0.4342039
20241107_090341_754715975,0.7763331
20241107_090342_012139420,1.0711496
20241107_090342_258203676,-0.6634358
20241107_090342_508581875,0.5583171
20241107_090342_753222295,1.0900171
20241107_090343_006893032,0.36691803
20241107_090343_263884366,0.203411
20241107_090343_512766178,0.0024903212
20241107_090343_759739783,0.043359973
20241107_090344_009243568,-0.104910396
20241107_090344_256152952,0.053407647
20241107_090344_512295548,0.04406561
20241107_090344_760354372,0.25695089
20241107_090345_021469962,0.09058794
20241107_090345_258678669,0.18854676
20241107_090345_511318790,-0.47655156
20241107_090345_754244022,-0.44595295
20241107_090346_008468176,-0.20031615
20241107_090346_254881436,-0.2861105
20241107_090346_503846049,-0.4406599
20241107_090346_759898013,-0.24060984
20241107_090347_005348347,-0.20622034
20241107_090347_256961805,-0.19150023
20241107_090347_509461476,-0.17141826
20241107_090348_012942028,0.08195739
20241107_090348_255673693,-0.006470373
20241107_090348_505799572,-0.03918811
20241107_090348_756182425,-0.27485734
20241107_090349_009954585,0.10041242
20241107_090349_259502780,0.15285854
20241107_090349_509607770,0.1218567
20241107_090349_756301596,-0.00059389137
20241107_090350_008116141,-0.06477069
20241107_090350_253820626,-0.09522655
20241107_090350_510681258,-0.096588336
20241107_090350_762715084,-0.098210536
20241107_090351_255932670,-0.028410664
20241107_090351_513618006,-0.025376668
20241107_090351_759449789,-0.042689316
20241107_090352_011710086,0.088558204
20241107_090352_256605802,-0.35922912
20241107_090352_507302401,-0.26918912
20241107_090352_755008120,-0.22018181
20241107_090353_005390404,-0.033975773
20241107_090353_254190211,-0.042506926
20241107_090353_508207861,-0.09671485
20241107_090354_007095477,-0.08215206
20241107_090354_262087834,-0.10663017
20241107_090354_517208224,-0.103214465
20241107_090354_766066594,-0.031944595
20241107_090355_014327056,0.24031381
20241107_090355_260608798,0.23232676
20241107_090355_757980363,0.17280187
20241107_090356_011980496,0.06798757
20241107_090356_260345467,0.016330102
20241107_090356_508313387,-0.051043026
20241107_090356_756174623,-0.04599055
20241107_090357_007402606,0.010776261
20241107_090357_506733931,-0.0436187
20241107_090357_752751581,-0.06962281
20241107_090358_007971779,-0.10047998
20241107_090358_259609459,-0.11968549
20241107_090358_510149306,-0.1078577
20241107_090358_756437009,-0.04732304
20241107_090359_008818654,-0.08048015
20241107_090359_260301864,-0.06019058
20241107_090359_514228229,-0.005378207
20241107_090359_757096500,0.021106819
20241107_090400_011097499,0.4798288
20241107_090400_263748286,3.20013
20241107_090400_517994556,0.24434473
20241107_090400_766635356,1.4224904
20241107_090401_015339569,1.7098514
20241107_090401_260866257,0.11653379
20241107_090401_513783167,0.84036857
20241107_090401_759165733,-0.11135348
20241107_090402_019588859,-1.0142627
20241107_090402_268258092,0.69333625
20241107_090402_521523660,-0.34209624
20241107_090402_761993013,-1.2998543
20241107_090403_020244496,-0.029533258
20241107_090403_271019442,0.055483676
20241107_090403_518537736,-0.10014932
20241107_090403_766665181,-0.26575163
20241107_090404_016203525,0.25483537
20241107_090404_266444352,0.62291086
20241107_090404_521214739,0.14518826
20241107_090404_767165333,-0.071375035
20241107_090405_014386717,0.25207347
20241107_090405_262997852,0.66619104
20241107_090405_510181957,1.2414755
20241107_090405_759436245,0.44104397
20241107_090406_013166262,-0.66369885
20241107_090406_260057136,0.49935046
20241107_090406_516823954,-0.9463173
20241107_090406_764292392,-0.022537652
20241107_090407_008435383,0.6935471
20241107_090407_256479304,0.41839975
20241107_090407_503942608,0.6232101
20241107_090407_753105547,0.42487198
20241107_090408_002775516,0.07014588
20241107_090408_253395399,0.2992691
20241107_090408_507189588,0.2733144
20241107_090408_753509520,0.24114291
20241107_090409_013189596,0.40755484
20241107_090409_255832746,0.26418522
20241107_090409_510516870,-0.0028107967
20241107_090409_756701543,-0.48604038
20241107_090410_006512878,-1.5889004
20241107_090410_257679232,0.46201834
20241107_090410_508237927,1.9742397
20241107_090410_755847514,-0.9582972
20241107_090411_007437521,-0.86202234
20241107_090411_255421510,0.1425937
20241107_090411_505757299,0.24178009
20241107_090411_755509100,0.26947513
20241107_090412_013798620,0.41130805
20241107_090412_259986300,0.11233183
20241107_090412_753535964,0.14721112
20241107_090413_005184379,0.13601793
20241107_090413_252439345,0.05777899
20241107_090413_507047526,-0.11569192
20241107_090414_012756866,0.04861445
20241107_090414_265361777,0.122588165
20241107_090414_514968907,-0.056556962
20241107_090414_762603791,-0.01253291
20241107_090415_010982081,0.08589799
20241107_090415_509486925,-0.044742785
20241107_090415_761448622,0.13863523
20241107_090416_010795629,0.5084602
20241107_090416_256065052,0.5843474
20241107_090416_508796928,0.28076687
20241107_090416_755548369,0.045566596
20241107_090417_006982345,-0.13847642
20241107_090417_253592616,-0.6899326
20241107_090417_509556825,0.10271982
20241107_090417_755508783,0.013864698
20241107_090418_010877121,0.8747723
20241107_090418_257661805,0.81404036
20241107_090418_510508238,0.770211
20241107_090418_758485776,0.8608545
20241107_090419_010958970,0.14966589
20241107_090419_255124179,-0.43417165
20241107_090419_508562316,0.7265961
20241107_090419_758380223,0.09886003
20241107_090420_010642606,-0.39407372
20241107_090420_259251086,-0.080648266
20241107_090420_520451088,-0.11090853
20241107_090420_758297267,-0.246202
20241107_090421_010216959,-0.48133594
20241107_090421_255866222,-1.3988806
20241107_090421_506353875,-2.1735592
20241107_090421_755088818,0.5154906
20241107_090422_006663644,0.8552744
20241107_090422_255259679,0.54202515
20241107_090422_506740350,0.42017016
20241107_090422_756026470,0.46487772
20241107_090423_008444221,0.11089615
20241107_090423_253382446,0.3296251
20241107_090423_505845372,0.31878316
20241107_090423_754234805,0.27099377
20241107_090424_007211666,0.22339423
20241107_090424_255688766,0.2536105
20241107_090424_507433005,0.24256201
20241107_090425_011793543,0.55748653
20241107_090425_258830811,0.33922058
20241107_090425_506468260,0.36902806
20241107_090425_758397516,0.98087615
20241107_090426_006778431,0.30896762
20241107_090426_256465023,0.12452213
20241107_090426_510597821,0.34150508
20241107_090426_761055702,0.49667397
20241107_090427_009304032,0.32973924
20241107_090427_256296221,0.010913322
20241107_090427_505545031,-0.116143726
20241107_090427_760877116,-0.018535724
20241107_090428_011211427,0.02030016
20241107_090428_506899423,-0.20983972
20241107_090428_757732805,-0.11068251
20241107_090429_006496764,-1.3787425
20241107_090429_253761640,-1.8204468
20241107_090429_520204311,0.46200803
20241107_090429_754395692,0.33658066
20241107_090430_013399479,0.24947973
20241107_090430_262471709,0.35095042
20241107_090430_509336704,-0.22898355
20241107_090430_756937760,0.09038117
20241107_090431_010896553,-0.23800671
20241107_090431_255371901,-0.47963154
20241107_090431_509610420,0.082795136
20241107_090431_754526307,-0.29480115
20241107_090432_004487546,-0.25890955
20241107_090432_253075232,-0.26424772
20241107_090432_506175231,0.6121277
20241107_090432_755552173,-0.06908377
20241107_090433_007129013,0.17932905
20241107_090433_258444101,0.35623783
20241107_090433_513196839,-0.07957741
20241107_090433_757614279,0.063275434
20241107_090434_008414931,0.75182265
20241107_090434_258384797,-0.31267098
20241107_090434_510266813,-0.37379465
20241107_090434_760254657,-0.14053063
20241107_090435_017277021,-0.08858367
20241107_090435_260933548,-0.04643955
20241107_090435_509015552,0.070097655
20241107_090435_760686449,-0.075109296
20241107_090436_007031576,0.11508293
20241107_090436_258682376,-0.008333137
20241107_090436_509733658,-0.008886715
20241107_090436_756302375,0.024426797
20241107_090437_005662046,-0.049012147
20241107_090437_253769238,-0.01547589
20241107_090437_505050091,0.03548748
20241107_090437_756642600,-0.0010121372
20241107_090438_010667391,-0.011583557
20241107_090438_256455029,0.5157499
20241107_090438_510205244,-0.050305925
20241107_090438_757000498,-0.70887876
20241107_090439_006392134,-0.22186391
20241107_090439_257379935,-0.35550186
20241107_090439_512544763,-0.25830212
20241107_090439_754932388,-0.27790123
20241107_090440_005231559,-0.43035927
20241107_090440_256395156,-0.38109702
20241107_090440_508400920,-0.57689565
20241107_090440_755410446,-0.9749001
20241107_090441_010905064,-1.0620697
20241107_090441_260135955,-1.0047836
20241107_090441_512508678,-1.3473425
20241107_090441_757256530,-1.3512939
20241107_090442_014759428,-1.0567956
20241107_090442_256043828,-0.623483
20241107_090442_511516492,-0.2379495
20241107_090442_753354471,-0.11471542
20241107_090443_008557302,-0.19764097
20241107_090443_261327318,-0.051795714
20241107_090443_527970365,0.071201034
20241107_090443_770266355,0.044550575
20241107_090444_016457054,0.0037677381
20241107_090444_259460017,0.030896345
20241107_090444_508907689,0.024716923
20241107_090444_753692163,0.89235145
20241107_090445_005264246,0.5304618
20241107_090445_255248027,1.8300406
20241107_090445_505764829,0.7934415
20241107_090445_750849447,0.19372095
20241107_090446_005115065,0.253561
20241107_090446_258730565,0.5730818
20241107_090446_505892128,1.8080066
20241107_090446_756749195,0.11084544
20241107_090447_009839897,0.15721075
20241107_090447_255635660,-0.70906574
20241107_090447_506557735,0.18047361
20241107_090447_758272036,-0.5315561
20241107_090448_007989290,-0.16369696
20241107_090448_264913935,0.12621331
20241107_090448_508030069,0.29700494
20241107_090448_753822920,0.047221817
20241107_090449_014467932,1.216257
20241107_090449_262569147,-0.17923406
20241107_090449_512079092,-0.18644066
20241107_090449_757410740,-0.7289236
20241107_090450_007835736,-0.8405539
20241107_090450_262626175,0.060275845
20241107_090450_516907909,-0.0847901
20241107_090450_767520080,0.15111811
20241107_090451_025706607,-0.092920355
20241107_090451_272563836,-0.42764091
20241107_090451_528110062,-0.3600891
20241107_090451_766396289,-0.40603498
20241107_090452_019665328,-0.4540896
20241107_090452_264865090,0.01430756
20241107_090452_516117481,-0.4333209
20241107_090452_758178997,-0.057692684
20241107_090453_012579826,-0.057558976
20241107_090453_259327576,-0.108254604
20241107_090453_508480144,-0.12738346
20241107_090453_761062596,-0.20563014
20241107_090454_009878382,-0.22115381
20241107_090454_258032184,0.8763646
20241107_090454_507169834,0.2113422
20241107_090454_760232693,-0.5570303
20241107_090455_018517450,-0.80368483
20241107_090455_265360574,-0.61740637
20241107_090455_524068097,-0.239851
20241107_090456_020606993,-0.49020788
20241107_090456_278601949,-0.4102789
20241107_090456_516411983,-0.042611264
20241107_090456_763113620,-0.02151384
20241107_090457_011579343,-0.015483012
20241107_090457_766615087,-0.10549929
20241107_090458_029676413,1.6879581
20241107_090458_269181866,0.7776231
20241107_090458_514737446,0.74253166
20241107_090458_759837096,0.71144944
20241107_090459_015358792,1.1785932
20241107_090459_273702051,0.28858185
20241107_090459_528039501,2.4458544
20241107_090459_768517058,0.6845908
20241107_090500_025699839,-1.3387105
20241107_090500_268375542,-0.7755283
20241107_090500_515353885,-0.9509836
20241107_090500_760904979,-1.338404
20241107_090501_022347669,0.77498335
20241107_090501_270505603,1.7420385
20241107_090501_518544703,0.5388358
20241107_090501_765749011,-0.060321502
20241107_090502_021047075,0.034854986
20241107_090502_271710137,0.37613288
20241107_090502_518143143,-0.27225637
20241107_090502_763367910,0.09455368
20241107_090503_012505612,-0.19022958
20241107_090503_265084096,0.10734219
20241107_090503_512910972,0.0610561
20241107_090503_760281879,-0.7317226
20241107_090504_013063278,0.28789642
20241107_090504_264569856,1.028791
20241107_090504_518161374,0.89719254
20241107_090504_763657072,0.13116483
20241107_090505_012956109,0.54484445
20241107_090505_268265120,1.6248997
20241107_090505_518526892,-0.5808856
20241107_090505_767657999,-0.058633864
20241107_090506_023954758,0.20063947
20241107_090506_265704278,-0.046580635
20241107_090506_518179347,-0.46753785
20241107_090506_757804819,-0.42709455
20241107_090507_006303640,-0.16334535
20241107_090507_260307073,0.040891863
20241107_090507_512654188,-0.017203888
20241107_090507_756427059,-0.08331885
20241107_090508_010352660,-0.074785724
20241107_090508_260825301,-0.029304346
20241107_090508_511207679,0.11422477
20241107_090508_752681269,0.06736683
20241107_090509_007811696,0.32726255
20241107_090509_257120262,0.35044304
20241107_090509_508311455,-0.21516581
20241107_090509_757390735,-0.28305697
20241107_090510_009059235,-0.19626416
20241107_090510_257399797,-0.10490989
20241107_090510_516884392,0.054223277
20241107_090510_755249359,0.27491286
20241107_090511_007200217,0.12086747
20241107_090511_253737957,0.25404134
20241107_090511_505874670,0.2421291
20241107_090511_751502582,1.1090162
20241107_090512_008040434,2.190271
20241107_090512_256091239,-0.24618706
20241107_090512_513131456,0.13933629
20241107_090512_757588435,0.18419717
20241107_090513_006528619,0.4118293
20241107_090513_255070487,0.79768234
20241107_090513_527324702,0.8760347
20241107_090513_773930443,1.5491769
20241107_090514_037497109,-0.8447195
20241107_090514_269849631,0.43688935
20241107_090514_512203710,0.4626123
20241107_090514_759873143,0.33504513
20241107_090515_013695140,0.09680171
20241107_090515_258406246,-0.21031229
20241107_090515_511717791,-0.2678138
20241107_090515_761219628,-0.15959002
20241107_090516_009164614,-0.5394458
20241107_090516_257557988,-0.19265647
20241107_090516_512711804,-0.014143417
20241107_090516_769373503,-0.2354051
20241107_090517_019612232,-0.27422044
20241107_090517_265346797,-0.26686627
20241107_090517_512042639,-0.2255129
20241107_090517_761814207,-0.09113445
20241107_090518_020209980,-0.14867516
20241107_090518_268154983,-0.2285812
20241107_090518_513602341,-0.15772851
20241107_090518_759228567,-0.20544665
20241107_090519_009381798,0.0623625
20241107_090519_259576636,0.12392532
20241107_090519_507026718,0.55906826
20241107_090519_762228759,0.525547
20241107_090520_015827571,0.27170038
20241107_090520_264133072,0.09999064
20241107_090520_515546856,0.028751472
20241107_090520_765880468,-0.20966126
20241107_090521_018452762,-0.98417604
20241107_090521_262416140,-0.6615767
20241107_090521_513304667,0.44701603
20241107_090521_753824378,0.6288348
20241107_090522_005776473,0.0654792
20241107_090522_253101658,0.2626771
20241107_090522_505152833,0.5140864
20241107_090522_752834081,0.3456641
20241107_090523_004341240,0.39353824
20241107_090523_257913371,0.48259595
20241107_090523_506169596,0.13655488
20241107_090523_753134942,0.24525659
20241107_090524_014942466,0.18504347
20241107_090524_254677026,0.18711938
20241107_090524_504718028,0.106958576
20241107_090524_752522256,-0.24377252
20241107_090525_006679299,-0.14994164
20241107_090525_253663799,-0.22416402
20241107_090525_508358929,-0.5684435
20241107_090525_758372451,-1.6393713
20241107_090526_010412274,-0.38971028
20241107_090526_257050080,-0.13147579
20241107_090526_508483650,-0.08463051
20241107_090526_757371967,-0.036045454
20241107_090527_006881191,0.26368865
20241107_090527_259502440,0.4739134
20241107_090527_504817025,0.112565674
20241107_090527_756518850,0.08858324
20241107_090528_016317182,-0.27708963
20241107_090528_253808931,-0.953322
20241107_090528_509062072,-0.0733644
20241107_090528_750026592,-0.08711498
20241107_090529_002945065,0.07411394
20241107_090529_250309909,0.18772225
20241107_090529_517688369,0.54924536
20241107_090529_751384466,0.8955669
20241107_090530_001304267,0.42409378
20241107_090530_250634506,-0.11534049
20241107_090530_510991326,-0.3485348
20241107_090530_760861973,-0.1292993
20241107_090531_012868700,0.40761986
20241107_090531_258631120,1.2653875
20241107_090531_507418770,0.28962559
20241107_090531_762390586,1.0912614
20241107_090532_004331788,0.1348494
20241107_090532_261897525,-0.04706853
20241107_090532_516252142,0.018108854
20241107_090532_762060179,0.009888569
20241107_090533_005995428,0.14658175
20241107_090533_250159600,0.019957284
20241107_090533_504971253,-0.18664433
20241107_090533_755023614,-0.4442275
20241107_090534_000441532,-0.069081984
20241107_090534_252455727,0.25837782
20241107_090534_508107652,0.008572975
20241107_090534_759935522,-0.20594196
20241107_090535_019688332,-0.17455007
20241107_090535_268337134,-0.13675454
20241107_090535_514868645,-0.69312435
20241107_090535_758470068,-0.4155932
20241107_090536_006462390,-0.7987837
20241107_090536_262950440,-1.4020475
20241107_090536_516867736,-1.1525375
20241107_090536_763036823,-0.60280806
20241107_090537_016916579,0.14232475
20241107_090537_264613607,0.33117983
20241107_090537_517488535,0.56982714
20241107_090537_757688797,0.30193365
20241107_090538_009862931,-0.45349562
20241107_090538_254836848,-1.4277524
20241107_090538_508918916,0.4153882
20241107_090538_755838791,0.1726792
20241107_090539_009143762,-0.9912502
20241107_090539_257416659,-0.87161165
20241107_090539_515961889,-0.8852816
20241107_090539_760555849,-1.0055615
20241107_090540_004558307,-0.18382494
20241107_090540_268229120,-0.02994266
20241107_090540_513868161,-0.16652258
20241107_090540_763462725,-0.35667467
20241107_090541_006589700,-0.7712064
20241107_090541_250778430,1.1256443
20241107_090541_502638207,-0.6794453
20241107_090541_750851333,-0.5434723
20241107_090542_002584026,-0.27988508
20241107_090542_253319485,-0.15644996
20241107_090542_758104642,-0.2511799
20241107_090543_012484632,-0.26768756
20241107_090543_256760001,-0.24420913
20241107_090543_511771881,-0.24936049
20241107_090543_752303370,0.24097668
20241107_090544_007084508,-0.563853
20241107_090544_257787960,-0.043017752
20241107_090544_505912442,0.18627103
20241107_090544_755419408,0.021933863
20241107_090545_002836705,0.36444318
20241107_090545_254227003,0.2186841
20241107_090545_504447434,0.004421631
20241107_090545_755775645,0.024385134
20241107_090546_003810678,0.12619169
20241107_090546_253403551,0.51554066
20241107_090546_506483751,0.42975718
20241107_090546_754145397,0.33868995
20241107_090547_008044757,0.3184093
20241107_090547_255653611,0.35515776
20241107_090547_506660677,0.3573796
20241107_090547_752555318,0.124576725
20241107_090548_008792990,0.14766665
20241107_090548_257418094,0.12642337
20241107_090548_505674501,0.28877208
20241107_090548_752857446,0.40621486
20241107_090549_006531602,0.43359822
20241107_090549_255046556,-0.72482514
20241107_090549_505647096,-0.61683327
20241107_090549_764846629,-0.18235618
20241107_090550_009105771,-0.32939073
20241107_090550_256756689,-0.36412558
20241107_090550_507627107,-0.24749567
20241107_090550_759624643,-0.10947131
20241107_090551_012689053,-0.051458202
20241107_090551_255297014,0.03616623
20241107_090551_508937585,0.8430778
20241107_090551_755060153,-0.63839394
20241107_090552_008941976,-0.16587664
20241107_090552_266443698,0.066282965
20241107_090552_509276260,-0.15061738
20241107_090552_753900371,-0.13256879
20241107_090553_007896363,-0.32423475
20241107_090553_252551176,-0.20759583
20241107_090553_503091623,-0.20460509
20241107_090553_750811489,-0.3467776
20241107_090554_006334800,-0.29947248
20241107_090554_262068622,-0.3662807
20241107_090554_507757676,-0.18792547
20241107_090555_003792667,-0.24535027
20241107_090555_252132419,-0.2791035
20241107_090555_503791184,-0.29148653
20241107_090555_753989476,-0.2901542
20241107_090556_006199461,-0.2872841
20241107_090556_257622505,-0.21049117
20241107_090556_514000746,-0.22348942
20241107_090556_757001900,-0.2570555
20241107_090557_007107603,-0.13551454
20241107_090557_255064285,-0.23698933
20241107_090557_513944645,-0.23692383
20241107_090557_754511858,-0.1684585
20241107_090558_009347913,-0.27363226
20241107_090558_257539680,-0.17325492
20241107_090558_507148219,-0.20768146
20241107_090558_750617016,-0.09582674
20241107_090559_006194963,0.08128632
20241107_090559_260954328,0.05906699
20241107_090559_508522279,0.09023849
20241107_090559_757327342,0.12419648
20241107_090600_005628017,0.14827864
20241107_090600_258767021,0.13358109
20241107_090600_506141108,0.49940804
20241107_090600_755550760,0.3961462
20241107_090601_010149412,0.9806909
20241107_090601_260711260,2.1164165
20241107_090601_513190138,1.9842488
20241107_090601_765755562,1.7596973
20241107_090602_010451545,2.036452
20241107_090602_263542262,3.744855
20241107_090602_516912508,1.8720677
20241107_090602_763609871,0.13828123
20241107_090603_019260105,-0.90190554
20241107_090603_270575102,-1.3086659
20241107_090603_515413000,-1.5535415
20241107_090603_760151651,1.1223091
20241107_090604_012783078,-0.78112674
20241107_090604_259819406,-1.2287449
20241107_090604_512658408,-0.35975403
20241107_090604_757915079,-0.25657332
20241107_090605_012792243,0.058675922
20241107_090605_265244307,0.12095008
20241107_090605_514429064,0.31517303
20241107_090605_760115765,0.08058168
20241107_090606_012009929,0.059829988
20241107_090606_261531798,0.29144645
20241107_090606_513789489,0.07161418
20241107_090606_756644917,-0.01152285
20241107_090607_009714124,0.028719524
20241107_090607_261978120,0.02491323
20241107_090607_509497432,-0.30688307
20241107_090607_755020494,-0.28994027
20241107_090608_008620368,-0.45200518
20241107_090608_255846800,-0.9820365
20241107_090608_510537654,0.12118138
20241107_090608_764860951,0.12639867
20241107_090609_012289950,0.3499691
20241107_090609_258741809,1.228078
20241107_090609_511867932,-0.005159756
20241107_090609_756593114,0.04693482
20241107_090610_006257479,0.10200862
20241107_090610_255197294,0.029823998
20241107_090610_516341072,-0.00047679804
20241107_090610_762647762,-0.7884301
20241107_090611_015353139,-0.6989606
20241107_090611_260997065,0.8456295
20241107_090611_512426308,-1.2737789
20241107_090611_759120711,-0.562821
20241107_090612_007497685,-0.9714038
20241107_090612_257792713,-0.7023818
20241107_090612_510485778,-0.15755029
20241107_090612_755933318,-0.7898001
20241107_090613_008915450,-0.27603808
20241107_090613_253927403,-0.12737207
20241107_090613_506961046,0.124208145
20241107_090613_756040946,0.068034835
20241107_090614_007374079,0.18006973
20241107_090614_251665530,0.21731387
20241107_090614_509926883,0.41313472
20241107_090614_753730768,0.36808988
20241107_090615_008039280,0.5259388
20241107_090615_260331930,0.8929319
20241107_090615_509200209,0.011983195
20241107_090615_752934124,0.07679818
20241107_090616_003898377,0.087790824
20241107_090616_250222193,0.18699445
20241107_090616_499217089,0.4770207
20241107_090616_756490060,0.63448113
20241107_090617_009299828,0.7400447
20241107_090617_259182047,1.4438128
20241107_090617_513570421,0.15826413
20241107_090617_762169060,-0.87097126
20241107_090618_018080102,0.4854996
20241107_090618_262760250,1.4624606
20241107_090618_513592425,0.17677663
20241107_090618_757743629,-0.76421905
20241107_090619_011029060,0.14460704
20241107_090619_257133770,0.77056855
20241107_090619_511955980,0.3512731
20241107_090619_758008010,0.17029569
20241107_090620_010593400,0.08434961
20241107_090620_255816833,0.12131552
20241107_090620_511600651,0.56889
20241107_090620_754261856,0.3058513
20241107_090621_011304511,0.38796297
20241107_090621_255588249,0.38656783
20241107_090621_505612510,0.28259832
20241107_090621_756002806,0.39714605
20241107_090622_008135498,0.28540322
20241107_090622_255196100,0.3134526
20241107_090622_510945635,0.6137511
20241107_090622_760737530,0.9514242
20241107_090623_019584079,1.2176725
20241107_090623_257834375,-0.6447235
20241107_090623_508739097,0.07898774
20241107_090623_756981659,-0.035445265
20241107_090624_009207775,1.3138311
20241107_090624_256022399,0.6818132
20241107_090624_513074654,1.393665
20241107_090624_759083014,0.65971875
20241107_090625_010164923,0.784752
20241107_090625_259367049,0.63720423
20241107_090625_507027815,-0.18962057
20241107_090625_755177910,0.44459397
20241107_090626_006507157,0.52840024
20241107_090626_259670188,0.73133373
20241107_090626_513142680,0.6472246
20241107_090626_760524508,0.01355193
20241107_090627_015358654,0.5116805
20241107_090627_262004508,1.3963304
20241107_090627_507040982,0.5960771
20241107_090627_753627192,0.2235566
20241107_090628_258913106,0.2825387
20241107_090628_513988109,-0.1677977
20241107_090628_765119829,0.5056983
20241107_090629_009806670,0.71108294
20241107_090629_257227355,0.25302097
20241107_090629_525460107,-0.20269312
20241107_090629_756297022,-0.108151995
20241107_090630_004816221,-0.3373442
20241107_090630_262336951,-0.3755689
20241107_090630_508719555,-0.6540057
20241107_090630_761721148,-0.5854464
20241107_090631_016629845,0.32494214
20241107_090631_276689150,0.1811694
20241107_090631_519704432,-0.23904978
20241107_090631_766205603,-0.49743378
20241107_090632_019602846,1.1740099
20241107_090632_271476091,1.0689816
20241107_090632_515136843,-0.91054845
20241107_090632_767251295,-0.033771932
20241107_090633_022847793,0.019810839
20241107_090633_271309455,0.19793147
20241107_090633_519457036,0.056299523
20241107_090633_767294378,-0.03790771
20241107_090634_020701229,0.028902749
20241107_090634_260824631,0.14886472
20241107_090634_509937473,-1.2687179
20241107_090634_760661925,-1.8063627
20241107_090635_009942630,0.03726361
20241107_090635_260739044,0.11708257
20241107_090635_511527298,1.2672492
20241107_090635_760290829,-1.168121
20241107_090636_012509536,0.43633655
20241107_090636_267344141,0.52867496
20241107_090636_514282676,0.4837576
20241107_090636_761646015,0.8998459
20241107_090637_009884854,-0.5948685
20241107_090637_264204142,-0.036334887
20241107_090637_511555711,-0.71956897
20241107_090637_757886596,-0.28985086
20241107_090638_011295094,-0.41215107
20241107_090638_263137871,-0.19930859
20241107_090638_511625951,-0.08465727
20241107_090638_761112585,-0.3609897
20241107_090639_015348102,0.050690793
20241107_090639_264503060,0.50813806
20241107_090639_512421608,0.104026206
20241107_090639_761429649,-0.016875645
20241107_090640_016299963,0.20734026
20241107_090640_264980502,0.40733507
20241107_090640_510335954,0.45509726
20241107_090640_756689244,0.43793482
20241107_090641_007431738,0.55116314
20241107_090641_259640351,0.50818646
20241107_090641_511076299,0.064739205
20241107_090641_760276220,-0.14228435
20241107_090642_018624446,0.1287268
20241107_090642_272613362,0.03996954
20241107_090642_515471301,-0.3800693
20241107_090642_760574394,-0.09868028
20241107_090643_009439005,0.06267097
20241107_090643_255959838,-0.088129066
20241107_090643_508614028,-0.29199415
20241107_090643_758424337,0.013306344
20241107_090644_010309214,0.0623407
20241107_090644_259320601,0.23505445
20241107_090644_512878174,0.24368356
20241107_090644_768341501,-0.25089228
20241107_090645_023384004,0.017135596
20241107_090645_269473612,0.04366357
20241107_090645_512168443,0.14801697
20241107_090645_762313251,-0.005691668
20241107_090646_014071859,0.013970355
20241107_090646_258838302,0.022737304
20241107_090646_509491581,0.0007764492
20241107_090646_755832718,-0.2515755
20241107_090647_016778896,-0.32910666
20241107_090647_262270815,0.67693245
20241107_090647_514211634,-0.583062
20241107_090647_761433102,-0.59542286
20241107_090648_009736213,0.4065281
20241107_090648_261112446,0.99490625
20241107_090648_508737303,-0.052446805
20241107_090648_758358332,0.37582013
20241107_090649_007921488,0.13640521
20241107_090649_258878007,-0.0770097
20241107_090649_509283083,0.0401913
20241107_090649_757405939,0.10223911
20241107_090650_010038541,0.14482675
20241107_090650_263079492,0.09933121
20241107_090650_518916005,0.20178662
20241107_090650_762262613,0.31344566
20241107_090651_014433944,0.24238665
20241107_090651_260190665,0.094627924
20241107_090651_515220477,0.08523501
20241107_090651_761973883,0.12379969
20241107_090652_025574948,0.062835015
20241107_090652_273091626,0.08096347
20241107_090652_519024885,0.281256
20241107_090652_765150118,0.22930337
20241107_090653_013234089,0.26914826
20241107_090653_260959808,0.2706924
20241107_090653_516406166,0.2227735
20241107_090653_766292865,0.14260651
20241107_090654_012112715,0.096440054
20241107_090654_265717605,0.10997299
20241107_090654_521323096,0.019110302
20241107_090654_760684420,-0.022641739
20241107_090655_012735045,-0.19049688
20241107_090655_261254556,-1.5233411
20241107_090655_513164858,-0.30902752
20241107_090655_762285869,-0.1328242
20241107_090656_016043467,0.004159609
20241107_090656_262255103,0.055041008
20241107_090656_516476570,0.18610929
20241107_090656_763235447,0.058897056
20241107_090657_017800441,-0.003820857
20241107_090657_271215265,-0.15232839
20241107_090657_524726405,-0.2715932
20241107_090657_769144095,-0.47472247
20241107_090658_017573146,-0.51075935
20241107_090658_268933927,0.17867063
20241107_090658_517434357,-0.052350305
20241107_090658_763970237,0.019165108
20241107_090659_011041698,0.05935449
20241107_090659_257408695,0.1764412
20241107_090659_511412008,-0.20955962
20241107_090659_759274059,-0.024242407
20241107_090700_016316174,0.47953686
20241107_090700_269818700,0.4115434
20241107_090700_528303536,-0.084341936
20241107_090700_774497403,0.07703624
20241107_090701_023250928,0.29678637
20241107_090701_270045271,2.0527477
20241107_090701_519764870,-0.82197845
20241107_090701_761010415,-0.24534146
20241107_090702_020521502,-0.17918651
20241107_090702_268530064,-0.09563511
20241107_090702_522555680,0.002991179
20241107_090702_767950591,-0.04206311
20241107_090703_267001446,-0.11810746
20241107_090703_517467813,-0.29821914
20241107_090703_763901535,-0.21175592
20241107_090704_019565488,-0.24300815
20241107_090704_269761553,-0.2105007
20241107_090704_514091551,-0.21750246
20241107_090704_761261266,-0.35859147
20241107_090705_014849982,-0.2748937
20241107_090705_272777662,-0.42803505
20241107_090705_516908301,-0.36277372
20241107_090705_767907419,-0.3097856
20241107_090706_019364897,-0.2600128
20241107_090706_512282392,0.6073189
20241107_090706_758870580,1.4784476
20241107_090707_011898842,-0.6337109
20241107_090707_262701863,1.1083713
20241107_090707_518810795,1.0716665
20241107_090707_758496461,1.0122122
20241107_090708_009311560,-0.84096473
20241107_090708_264253992,-1.0348083
20241107_090708_513837388,-0.0928364
20241107_090708_760497012,0.071355976
20241107_090709_013763785,-0.47692764
20241107_090709_258200214,-0.050664
20241107_090709_511222618,-0.23649164
20241107_090709_761532911,-0.20432957
20241107_090710_258397492,-0.23892312
20241107_090710_511014002,-0.34112525
20241107_090710_758030977,-0.31553492
20241107_090711_011591191,-0.6406567
20241107_090711_269935480,-0.48775116
20241107_090711_512222960,-0.16444577
20241107_090711_762456921,-0.07836253
20241107_090712_010669520,-0.01545324
20241107_090712_260608019,0.046555378
20241107_090712_508947220,-0.005881151
20241107_090712_753859792,-0.034658335
20241107_090713_011364865,-0.08739468
20241107_090713_262269514,-0.24085675
20241107_090713_512995820,-0.18429045
20241107_090713_757520265,-0.20511799
20241107_090714_014035761,-0.14318953
20241107_090714_262597494,-0.03588798
20241107_090714_509700722,-0.11772185
20241107_090714_758762196,-0.12637843
20241107_090715_014580339,-0.104931735
20241107_090715_255962598,-0.5494082
20241107_090715_506857134,0.14854385
20241107_090715_754189110,0.07352466
20241107_090716_006218731,0.12450857
20241107_090716_255054245,0.23833032
20241107_090716_516346057,0.18045162
20241107_090716_772279223,0.19131373
20241107_090717_021698417,0.7908191
20241107_090717_269072773,0.39459535
20241107_090717_521498778,1.3904885
20241107_090717_770419415,3.011532
20241107_090718_022401335,0.7828088
20241107_090718_268273501,0.18478166
20241107_090718_521094847,-0.08600887
20241107_090718_774939325,-0.061416976
20241107_090719_018859499,-0.32232147
20241107_090719_260264393,0.17293353
20241107_090719_513082842,0.709333
20241107_090719_757867415,0.029701153
20241107_090720_012693453,-0.119166635
20241107_090720_264115249,-0.0028185453
20241107_090720_517368582,-0.1104938
20241107_090720_767541011,-0.062722825
20241107_090721_013402876,-0.26755217
20241107_090721_262845004,-0.08009862
20241107_090721_514114994,-0.13535888
20241107_090721_758783998,0.050630935
20241107_090722_012405243,0.075304545
20241107_090722_258708415,0.06122426
20241107_090722_511198301,0.2160408
20241107_090723_023032205,-0.081308566
20241107_090723_273306896,0.60530484
20241107_090723_522981805,-0.033581965
20241107_090723_763598948,-0.03901147
20241107_090724_016552217,0.06698469
20241107_090724_272577177,0.037052967
20241107_090724_527900856,0.012515942
20241107_090724_766995557,-0.12356233
20241107_090725_018646421,-0.11929508
20241107_090725_263953582,-0.073194675
20241107_090725_513593771,-0.16318084
20241107_090725_766069416,-0.064357094
20241107_090726_011333866,-0.16597833
20241107_090726_262565621,-0.08463868
20241107_090726_518994146,-0.18410318
20241107_090726_761764218,-0.10699152
20241107_090727_014217341,-0.089558326
20241107_090727_268083038,-0.07978546
20241107_090727_516183859,0.23518981
20241107_090727_760776278,-0.020171663
20241107_090728_009413030,-0.006522944
20241107_090728_258570571,0.020600924
20241107_090728_514130206,-0.13176058
20241107_090728_758667049,-0.18504386
20241107_090729_011795609,0.15113546
20241107_090729_266047119,-0.23746356
20241107_090729_530958325,-0.23592658
20241107_090729_757919392,-0.14100899
20241107_090730_013976086,-0.14252536
20241107_090730_267491568,-0.10051682
20241107_090730_522937628,-0.17122333
20241107_090730_777349642,-1.5017642
20241107_090731_024203213,0.77006406
20241107_090731_269585327,-0.5936515
20241107_090731_524459215,0.9764362
20241107_090731_765684571,-0.8560404
20241107_090732_017802199,-0.5648817
20241107_090732_265447729,-0.56511563
20241107_090732_516255988,-0.69873714
20241107_090732_761732403,-1.1061229
20241107_090733_011498956,-0.8493247
20241107_090733_263107474,-0.304223
20241107_090733_511478558,0.31744006
20241107_090733_762552273,0.2882239
20241107_090734_011632306,-0.3676922
20241107_090734_259352924,-0.77733403
20241107_090734_517163771,-0.5236026
20241107_090734_764373276,-0.30704737
20241107_090735_017101177,-0.479863
20241107_090735_264686159,-1.1176878
20241107_090735_518636721,-0.26196095
20241107_090735_766070673,-0.54404587
20241107_090736_012897155,0.99898213
20241107_090736_260214619,-0.6369095
20241107_090736_513731573,-0.5782477
20241107_090736_763036257,-0.569423
20241107_090737_019315790,-0.80577606
20241107_090737_266286309,-0.15414895
20241107_090737_516154086,0.7879704
20241107_090737_762520068,1.1867267
20241107_090738_018651432,1.2238213
20241107_090738_265103047,0.50584704
20241107_090738_521024576,-0.783995
20241107_090738_768989882,-0.16841057
20241107_090739_014779006,-0.0020578708
20241107_090739_259952361,1.3869121
20241107_090739_513052746,0.29193223
20241107_090739_760971957,0.7201611
20241107_090740_011707379,-0.3903594
20241107_090740_258130059,-0.31710538
20241107_090740_510802928,-0.18837316
20241107_090740_758650517,0.15831034
20241107_090741_011515752,0.13301818
20241107_090741_255831638,0.1369081
20241107_090741_509294241,0.20471488
20241107_090741_760733764,0.46530375
20241107_090742_015034244,1.3101518
20241107_090742_260351812,1.6325418
20241107_090742_508694854,-0.71134734
20241107_090742_763382861,-0.6050471
20241107_090743_015682690,-1.8106105
20241107_090743_263667220,0.3410028
20241107_090743_550046994,-0.35378185
20241107_090743_769669887,-1.1173174
20241107_090744_024654266,0.44746894
20241107_090744_269119303,0.513277
20241107_090744_527634078,0.07902608
20241107_090744_765782335,0.29306445
20241107_090745_013945811,0.14468135
20241107_090745_260789765,0.19598769
20241107_090745_510636802,0.24504344
20241107_090745_759061941,0.05790431
20241107_090746_010223975,0.02998487
20241107_090746_261782102,0.15390842
20241107_090746_759142185,-0.27447227
20241107_090747_007664780,0.23215096
20241107_090747_257871191,-0.38577303
20241107_090747_508577422,-0.33522567
20241107_090747_759927973,-0.2500057
20241107_090748_013030324,-0.048920646
20241107_090748_274216924,-0.35207662
20241107_090748_517349534,0.022468979
20241107_090748_762001899,-0.86747074
20241107_090749_017372795,0.48678198
20241107_090749_267675323,0.42803535
20241107_090749_522187505,0.089735664
20241107_090749_768574019,0.12927751
20241107_090750_020125088,-0.3263598
20241107_090750_261310297,-0.121131174
20241107_090750_513718863,-0.12064605
20241107_090750_760805292,-0.28774723
20241107_090751_010475074,0.035586394
20241107_090751_258340349,0.088570096
20241107_090751_514746767,0.27619857
20241107_090751_759612296,-0.12947269
20241107_090752_011486430,0.11717505
20241107_090752_257993222,0.58518165
20241107_090752_508329833,-0.14136036
20241107_090752_759094241,-0.361643
20241107_090753_008781596,-0.38666657
20241107_090753_259745762,-0.49566504
20241107_090753_515148637,-0.39753136
20241107_090753_772674815,-0.2673366
20241107_090754_016520278,-0.3282617
20241107_090754_259445753,-0.31502792
20241107_090754_512625685,-0.33290815
20241107_090754_755611875,-0.2575301
20241107_090755_257391913,-0.17343684
20241107_090755_511969824,-0.11286082
20241107_090755_762182118,-0.2741737
20241107_090756_011523569,-1.2089719
20241107_090756_259795173,0.22483586
20241107_090756_512005328,0.35650566
20241107_090756_763521377,0.4848639
20241107_090757_016817624,0.08878855
20241107_090757_263507655,0.21594344
20241107_090757_517309504,-0.021803161
20241107_090757_766190406,0.4235801
20241107_090758_021895207,0.3865361
20241107_090758_269281215,0.6180521
20241107_090758_519169117,-0.7457685
20241107_090758_762755991,-0.95405453
20241107_090759_015031981,-0.8205183
20241107_090759_261141228,-0.9356884
20241107_090759_509696484,-0.6804634
20241107_090759_760163498,-0.41458347
20241107_090800_012811310,-0.19747034
20241107_090800_269739604,-0.13413371
20241107_090800_518521216,-0.38466278
20241107_090800_768047687,-0.52656424
20241107_090801_017332972,0.49754718
20241107_090801_271307653,0.41342065
20241107_090801_519424534,0.6285418
20241107_090801_758665705,0.18796496
20241107_090802_010571965,0.1547124
20241107_090802_258896985,0.82204336
20241107_090802_515392652,2.2624776
20241107_090802_764218768,-0.06948014
20241107_090803_020449898,0.07483583
20241107_090803_270304722,-0.05786117
20241107_090803_529040554,-0.22875167
20241107_090803_777707306,-0.35453752
20241107_090804_023123966,-0.44463548
20241107_090804_270631549,-0.22446848
20241107_090804_522401882,-0.117206
20241107_090804_784336057,-0.14176144
20241107_090805_044147902,0.15748812
20241107_090805_278471206,0.119165935
20241107_090805_524204404,0.12916754
20241107_090805_775367055,1.7490124
20241107_090806_026428715,-0.6456753
20241107_090806_264649522,-0.9961069
20241107_090806_515890378,-1.6073433
20241107_090806_766796219,0.43917796
20241107_090807_019546185,0.071503915
20241107_090807_268034347,0.2837486
20241107_090807_524613617,0.3031645
20241107_090807_772272731,0.41952214
20241107_090808_024619630,0.5790053
20241107_090808_266728678,0.18266146
20241107_090808_515695309,0.026255468
20241107_090808_762882749,0.039688922
20241107_090809_017301962,0.1464635
20241107_090809_260262477,0.066703804
20241107_090809_512858964,-0.038400672
20241107_090809_767467582,0.20372824
20241107_090810_014227214,0.1058794
20241107_090810_260952235,-0.02584984
20241107_090810_514927582,0.043741085
20241107_090810_761050393,-0.28929767
20241107_090811_016694443,-0.084327005
20241107_090811_268622779,-0.09109657
20241107_090811_514472665,-0.033691667
20241107_090811_764771685,0.11399751
20241107_090812_016956596,0.008401314
20241107_090812_262552961,0.026068011
20241107_090812_521111291,0.03762368
20241107_090812_774255248,0.08555452
20241107_090813_021828605,0.038203396
20241107_090813_271209519,-0.094459526
20241107_090813_523471152,-0.10282483
20241107_090813_772345786,0.13396381
20241107_090814_029179413,0.16371433
20241107_090814_272569141,0.3678771
20241107_090814_524401469,0.2251424
20241107_090814_775751851,0.22132711
20241107_090815_021806023,0.12797157
20241107_090815_266629753,0.8397093
20241107_090815_518214075,1.1265465
20241107_090815_763375277,0.6366554
20241107_090816_016175200,-0.6619179
20241107_090816_271629138,-0.013255179
20241107_090816_524087343,-0.087880164
20241107_090816_774743642,-0.9040633
20241107_090817_020387609,0.80885226
20241107_090817_266702275,-0.5458805
20241107_090817_520384263,-0.67833143
20241107_090817_773990224,-0.04381378
20241107_090818_022581392,-0.031306684
20241107_090818_266830069,0.21186052
20241107_090818_527850925,0.41887343
20241107_090818_772397388,0.51402265
20241107_090819_017311395,0.71656513
20241107_090819_264248837,0.35301742
20241107_090819_516703848,0.43636546
20241107_090819_771865243,0.70433825
20241107_090820_022109298,0.3056037
20241107_090820_264002091,0.16145484
20241107_090820_513756013,0.12765078
20241107_090820_767500231,0.34324366
20241107_090821_013908202,0.3452715
20241107_090821_261134369,0.60865766
20241107_090821_518442632,-0.602566
20241107_090821_763573212,-0.039565925
20241107_090822_015901371,-0.3467476
20241107_090822_264338204,-0.22998609
20241107_090822_515619130,0.28336176
20241107_090822_764701169,0.48960027
20241107_090823_017715319,0.8503362
20241107_090823_265134253,0.9082396
20241107_090823_523518029,-0.15120523
20241107_090823_767590934,0.034870185
20241107_090824_263652693,0.14168625
20241107_090824_515516781,0.16030042
20241107_090824_763386259,0.12252759
20241107_090825_014323378,0.05046002
20241107_090825_270549480,0.2997301
20241107_090825_519082200,0.31556153
20241107_090825_774961951,0.23710157
20241107_090826_023126861,0.18140103
20241107_090826_265777939,-0.7198306
20241107_090826_517082992,-1.4763862
20241107_090826_760712402,-0.3635002
20241107_090827_016460600,0.5591022
20241107_090827_258923327,-1.0985972
20241107_090827_509797760,-0.98235464
20241107_090827_759232636,-1.0766623
20241107_090828_018802871,-0.46207508
20241107_090828_260509825,-0.71634024
20241107_090828_511280120,-1.0224138
20241107_090828_765386922,0.5220808
20241107_090829_015672223,0.37858224
20241107_090829_262156554,0.2392637
20241107_090829_525848349,0.39208248
20241107_090829_763162966,0.3763428
20241107_090830_020546617,0.31539223
20241107_090830_267955005,0.5473876
20241107_090830_518013017,0.38475534
20241107_090830_759080730,0.35544917
20241107_090831_009214179,0.9397682
20241107_090831_260025288,0.64934945
20241107_090831_512002313,1.1436697
20241107_090831_758579702,0.7694721
20241107_090832_010913541,0.037119187
20241107_090832_263640457,-0.19037403
20241107_090832_509628182,-0.13766147
20241107_090833_012879709,1.8816086
20241107_090833_265011914,1.724715
20241107_090833_515102240,-0.29495603
20241107_090833_761947783,-0.37256172
20241107_090834_012140507,-0.32672057
20241107_090834_257649369,1.1354189
20241107_090834_513423412,-0.06010899
20241107_090834_761301766,-0.14909531
20241107_090835_016997186,0.7082074
20241107_090835_262079672,0.45718297
20241107_090835_510942195,1.4352058
20241107_090835_762041394,0.42131057
20241107_090836_014910577,0.25159428
20241107_090836_262580681,0.59083056
20241107_090836_516166049,0.93684065
20241107_090836_767374378,1.2914541
20241107_090837_023004538,0.04632289
20241107_090837_266612479,-0.81451315
20241107_090837_516890200,-0.63390607
20241107_090837_762040004,-0.77202594
20241107_090838_013161643,-0.68246686
20241107_090838_509724717,0.2793018
20241107_090838_760764284,-0.16990347
20241107_090839_010090978,-0.18486156
20241107_090839_257818722,0.90662754
20241107_090839_512549355,0.08429568
20241107_090839_761167861,0.65351003
20241107_090840_013976810,0.38713813
20241107_090840_263239224,0.26082698
20241107_090840_511983872,0.32728797
20241107_090840_759185360,0.3025599
20241107_090841_010258023,-0.12653725
20241107_090841_261802971,-0.21825902
20241107_090841_510695273,-0.18025069
20241107_090841_757166667,0.54068995
20241107_090842_009369004,0.56360596
20241107_090842_264352670,0.51532656
20241107_090842_524331745,-0.026074132
20241107_090842_768636327,0.2790918
20241107_090843_017182229,0.2658195
20241107_090843_263509453,0.5850821
20241107_090843_514101532,0.5206159
20241107_090843_764915568,0.27729562
20241107_090844_015939521,-0.13029985
20241107_090844_263205857,-0.14423768
20241107_090844_511309565,-0.14290403
20241107_090844_758104808,-0.075495385
20241107_090845_007649932,-0.059933208
20241107_090845_255946336,-0.14334835
20241107_090845_508151061,-0.033007167
20241107_090845_756392623,0.047312357
20241107_090846_021271828,-0.32221168
20241107_090846_277252972,-0.2934667
20241107_090846_529832129,-0.043133937
20241107_090846_773322813,-0.49363837
20241107_090847_021235579,-0.42596486
20241107_090847_263154190,-0.88997245
20241107_090847_511811309,-0.88465184
20241107_090847_758541590,-0.48673835
20241107_090848_011542124,-0.41250524
20241107_090848_258763139,-0.26464856
20241107_090848_509980850,-0.37609923
20241107_090849_268785945,-0.44717667
20241107_090849_516165261,-0.43695804
20241107_090849_762430361,-0.44810045
20241107_090850_014754337,-0.40654072
20241107_090850_267865409,0.33214137
20241107_090850_514341659,-0.061782457
20241107_090850_764113541,-0.07789019
20241107_090851_010991137,0.07186339
20241107_090851_262264280,-0.060185038
20241107_090851_515617081,-0.31559178
20241107_090851_760430104,-0.24437912
20241107_090852_021305567,-0.1660908
20241107_090852_270669812,-0.37585065
20241107_090852_519617758,-0.323703
20241107_090852_764740778,-0.40133372
20241107_090853_016280165,-0.29820228
20241107_090853_268682735,-0.46850374
20241107_090853_511847460,-0.18626247
20241107_090853_760972762,-0.2386548
20241107_090854_266753709,-0.37527683
20241107_090854_518783203,-0.058034472
20241107_090854_768064379,0.31407803
20241107_090855_020745247,0.26416996
20241107_090855_267649894,0.1254084
20241107_090855_515193755,0.045949794
20241107_090855_763811089,0.11068032
20241107_090856_012707597,0.15889429
20241107_090856_257244878,0.0834258
20241107_090856_513358668,0.10374484
20241107_090856_762903887,0.14063822
20241107_090857_011549404,0.086093165
20241107_090857_260729489,0.22731064
20241107_090857_512942144,0.17659794
20241107_090857_762722857,0.3171133
20241107_090858_013182434,0.36142418
20241107_090858_261156557,0.20933722
20241107_090858_515034870,0.10752723
20241107_090858_760784850,-0.0053012576
20241107_090859_012825784,-0.276299
20241107_090859_263179150,-0.07198643
20241107_090859_511476692,-0.11942925
20241107_090859_760848206,0.045319848
20241107_090900_014822806,0.17197432
20241107_090900_271654371,0.23033397
20241107_090900_523037342,0.32367754
20241107_090900_774136581,-0.671531
20241107_090901_019705132,-0.036598146
20241107_090901_268395174,0.1721106
20241107_090901_523858394,-0.03350874
20241107_090901_766093698,0.22082679
20241107_090902_015727777,-0.058763772
20241107_090902_268022927,0.59528834
20241107_090902_523562601,0.40729836
20241107_090902_770562536,0.085854195
20241107_090903_018691872,-0.028933665
20241107_090903_267564551,0.43572506
20241107_090903_521863558,0.07963792
20241107_090904_266101193,-1.3182421
20241107_090904_528038634,-0.13575311
20241107_090904_771128243,-0.2593486
20241107_090905_030339633,-0.110283
20241107_090905_269542952,-0.2587249
20241107_090905_519180446,0.06564165
20241107_090905_766042916,0.14520636
20241107_090906_013357929,0.27621293
20241107_090906_262229792,0.5535295
20241107_090906_521647301,0.7250394
20241107_090906_775524629,-0.5737511
20241107_090907_014825745,-0.29682922
20241107_090907_262316447,-0.63716394
20241107_090907_515671992,-1.4624405
20241107_090907_762406929,-0.80483335
20241107_090908_012596188,-1.0484409
20241107_090908_259292038,-0.7201902
20241107_090908_515346489,-0.97566813
20241107_090908_764036687,-0.710698
20241107_090909_018489848,-0.34117505
20241107_090909_265695488,-0.22478311
20241107_090909_519536587,-0.30211347
20241107_090909_770998534,-0.26735803
20241107_090910_025495344,-0.09962304
20241107_090910_271062822,-0.14437257
20241107_090910_516897347,-0.22982813
20241107_090910_768212298,0.1948589
20241107_090911_027357734,0.028168181
20241107_090911_266698236,-0.13321854
20241107_090911_519016435,-0.11957475
20241107_090911_767546437,-0.06273856
20241107_090912_020866790,0.085411526
20241107_090912_265969021,0.059150614
20241107_090912_513496133,0.031455733
20241107_090913_012675415,0.05144862
20241107_090913_263605934,0.020897964
20241107_090913_514604191,0.11862213
20241107_090913_765418057,0.2826559
20241107_090914_016963923,0.38341862
20241107_090914_270163737,-0.033105694
20241107_090914_527059714,-0.11338391
20241107_090914_772928057,-0.22090788
20241107_090915_016533999,-0.18798082
20241107_090915_265701306,-0.122558676
20241107_090915_515956156,-0.060045563
20241107_090915_764428598,0.021496339
20241107_090916_014576938,0.025042573
20241107_090916_265092652,0.081677176
20241107_090916_515811054,0.15636098
20241107_090916_766525849,0.1235129
20241107_090917_015298506,0.21442883
20241107_090917_273030076,-0.008445581
20241107_090917_525469247,0.052020714
20241107_090917_775588001,0.24855275
20241107_090918_029235808,0.24567927
20241107_090918_284350187,0.31347173
20241107_090918_526430371,0.3609969
20241107_090918_771964540,0.29491946
20241107_090919_019119008,0.43841314
20241107_090919_266663985,0.9414263
20241107_090919_513230037,0.10486024
20241107_090919_762987588,0.19039944
20241107_090920_017999407,0.20548353
20241107_090920_266076793,-0.148515
20241107_090920_515973611,-0.28748444
20241107_090920_767389820,-0.40054676
20241107_090921_019233923,-0.19449444
20241107_090921_262320567,-0.2930698
20241107_090921_512393523,-0.25658783
20241107_090922_010819946,-0.19269086
20241107_090922_263573425,-0.1601968
20241107_090922_512972346,-0.8004037
20241107_090922_758980553,-0.65558976
20241107_090923_010855257,0.82207423
20241107_090923_261830565,0.6074162
20241107_090923_512850503,0.34986073
20241107_090923_759224156,0.67855424
20241107_090924_009072109,0.5369704
20241107_090924_257387215,0.52549684
20241107_090924_509935683,0.263019
20241107_090924_765452427,0.27867013
20241107_090925_014813793,0.40393865
20241107_090925_263275367,1.0468562
20241107_090925_516680122,0.06287513
20241107_090925_762735270,0.00980247
20241107_090926_012458314,-0.097068034
20241107_090926_262769333,-0.006096801
20241107_090926_513312589,0.02978311
20241107_090927_275067452,0.06344015
20241107_090927_518676341,0.013035754
20241107_090927_766327384,-0.053270094
20241107_090928_014491620,0.5381115
20241107_090928_261138745,0.6077483
20241107_090928_511828566,0.68849635
20241107_090928_758784039,0.52292866
20241107_090929_014039215,-0.016168436
20241107_090929_265898215,0.0074755345
20241107_090929_539524449,0.06664074
20241107_090929_769920333,0.055468358
20241107_090930_019100546,0.12397263
20241107_090930_269268796,0.36078396
20241107_090930_518807842,1.5038453
20241107_090930_764430742,0.41348273
20241107_090931_014820078,0.5180902
20241107_090931_264361894,1.0902475
20241107_090931_513901351,0.4723212
20241107_090931_762962233,0.6462761
20241107_090932_024712553,1.2077374
20241107_090932_273762074,-0.40831566
20241107_090932_522942184,-0.038611136
20241107_090932_766164888,-0.12816717
20241107_090933_015866058,-0.21288015
20241107_090933_265968598,-0.18436767
20241107_090933_516511610,-0.16125567
20241107_090934_759703093,-0.14565708
20241107_090935_009849255,-0.7545663
20241107_090935_259290789,-0.3104811
20241107_090935_513140356,-0.054915518
20241107_090935_758917783,-0.07260087
20241107_090936_011931120,-0.2481436
20241107_090936_258292329,-0.034902968
20241107_090936_512875926,-0.040349323
20241107_090936_760972856,-0.09929737
20241107_090937_010557723,-0.22132467
20241107_090937_255909645,-0.012981465
20241107_090937_508667717,-0.20742239
20241107_090937_755179188,-0.10062468
20241107_090938_010186337,-0.17606692
20241107_090938_257096986,-0.15599675
20241107_090938_762766908,-0.09738716
20241107_090939_012643058,-0.13039024
20241107_090939_259921599,-0.1002899
20241107_090939_763076146,-0.120317005
20241107_090940_013126681,-0.09119088
20241107_090940_259787356,-0.08417793
20241107_090940_511087370,-0.1391095
20241107_090940_761912975,-0.10406133
20241107_090941_015935005,-0.13862874
20241107_090941_263738249,-0.13409646
20241107_090941_514382700,-0.1341774
20241107_090941_760873384,-0.12498876
20241107_090942_009843958,-0.024247795
20241107_090942_258910317,-0.034932718
20241107_090942_511403099,-0.075896226
20241107_090942_767344667,-0.63538474
20241107_090943_012968278,-0.20259458
20241107_090943_260309472,0.0051301364
20241107_090943_514240918,-0.050201517
20241107_090943_761224451,-0.21842165
20241107_090944_013094046,-0.40445516
20241107_090944_257958376,-0.20453234
20241107_090944_511166158,-0.09076745
20241107_090944_760296840,-0.123079024
20241107_090945_011697159,-0.16839238
20241107_090945_260647929,-0.08679394
20241107_090945_512440966,0.17419748
20241107_090945_763024347,0.17577125
20241107_090946_019060423,0.26707852
20241107_090946_265283231,0.41651914
20241107_090946_514851287,0.27246746
20241107_090946_761802901,0.63726646
20241107_090947_014201922,0.47877082
20241107_090947_262671074,0.28860036
20241107_090947_518037375,0.3142078
20241107_090947_767047357,0.33610293
20241107_090948_018202988,0.40311816
20241107_090948_262334493,0.18421231
20241107_090948_514715169,0.25535208
20241107_090949_013792748,0.3016084
20241107_090949_258613689,0.29055405
20241107_090949_509867406,0.682024
20241107_090949_759653510,0.39078024
20241107_090950_009045399,0.4209404
20241107_090950_258628009,0.9325293
20241107_090950_512010625,2.1627107
20241107_090950_758719602,0.33552954
20241107_090951_009326898,0.083400585
20241107_090951_259617768,0.05089531
20241107_090951_512048999,0.11379767
20241107_090951_762793669,0.23692705
20241107_090952_019530773,0.0037925038
20241107_090952_262813808,0.065465964
20241107_090952_512295934,0.08846537
20241107_090952_764307173,-0.5304311
20241107_090953_264350457,-0.2922531
20241107_090953_512122081,-1.698993
20241107_090953_761173240,-1.9436021
20241107_090954_010181547,0.41323176
20241107_090954_257407150,0.3489304
20241107_090954_508583266,0.44544095
20241107_090954_758106355,-3.7339358
20241107_090955_013842401,-2.317954
20241107_090955_264880915,0.97693294
20241107_090955_517170649,0.21835373
20241107_090955_760099202,0.26557776
20241107_090956_011409319,0.18579136
20241107_090956_257973262,-0.8841049
20241107_090956_506741928,1.9009137
20241107_090956_758438915,0.11708135
20241107_090957_011774850,-0.17755039
20241107_090957_257910547,-0.5264655
20241107_090957_505915125,-0.05012922
20241107_090957_756643642,0.051625073
20241107_090958_008181088,0.3786209
20241107_090958_257741050,0.74838066
20241107_090958_512918632,-1.1095414
20241107_090958_762383155,-0.37812322
20241107_090959_019636729,-0.5018525
20241107_090959_263642559,-0.21064733
20241107_090959_515337268,-0.47557136
20241107_090959_766970730,0.42771554
20241107_091000_022535179,-0.4964633
20241107_091000_273830579,-0.77683115
20241107_091000_526073806,0.0851144
20241107_091000_773508276,-0.06412389
20241107_091001_020587535,-0.086877845
20241107_091001_264883081,0.5087302
20241107_091001_521954865,-0.124791466
20241107_091001_767924548,-0.21933945
20241107_091002_020036542,0.010404127
20241107_091002_273269610,-0.021945616
20241107_091002_522356017,-0.13333492
20241107_091002_770505009,-0.32553306
20241107_091003_016543839,-2.306188
20241107_091003_269479756,0.24462233
20241107_091003_518657931,1.3586037
20241107_091003_764887940,-0.21651709
20241107_091004_019070362,-0.16868348
20241107_091004_267899453,-0.41269547
20241107_091004_524369224,-0.38151005
20241107_091004_766722322,-0.32480708
20241107_091005_024362911,-0.17959054
20241107_091005_264748173,-0.20791288
20241107_091005_513612974,-0.14901532
20241107_091006_011754760,-0.15557466
20241107_091006_267551146,-0.21152164
20241107_091006_525314120,-0.1958033
20241107_091006_760675737,-0.20015402
20241107_091007_015300587,-0.22139172
20241107_091007_265909104,-0.19340639
20241107_091007_512420171,-0.14330493
20241107_091007_762876723,-0.3073504
20241107_091008_015566735,0.82546115
20241107_091008_260187030,1.0158807
20241107_091008_513190078,0.45047668
20241107_091008_760870730,0.30238983
20241107_091009_006316780,0.42613888
20241107_091009_257587566,0.7527518
20241107_091009_511975261,0.5996207
20241107_091009_761643693,0.40559733
20241107_091010_016712806,0.3995568
20241107_091010_274623237,0.43201506
20241107_091010_519137844,0.19880812
20241107_091010_763310389,-0.2844645
20241107_091011_010721587,-0.30569893
20241107_091011_261368270,-0.15835388
20241107_091011_517414499,0.35299882
20241107_091011_763519042,-0.074544124
20241107_091012_013677657,-0.18122227
20241107_091012_262908743,-0.19350024
20241107_091012_518378102,-0.07217624
20241107_091012_768677499,-0.11165636
20241107_091013_020160667,-0.26774356
20241107_091013_271600085,0.14697564
20241107_091013_518677983,0.33032256
20241107_091014_012969877,0.31508657
20241107_091014_259982357,-0.19040798
20241107_091014_514833527,-0.10407337
20241107_091014_768591740,-0.012241682
20241107_091015_260157094,-0.008021435
20241107_091015_512841228,0.021128068
20241107_091015_768181298,0.024846027
20241107_091016_015659141,-0.016368052
20241107_091016_261350519,-0.03595879
20241107_091016_513393634,-0.044405244
20241107_091016_762043956,-0.061695866
20241107_091017_016591092,-0.055475377
20241107_091017_268200062,-0.06389358
20241107_091017_759199582,-0.063318275
20241107_091018_512255022,-0.04291942
20241107_091019_014831814,-0.0643641
20241107_091019_263426353,-0.07774564
20241107_091020_007902204,0.05536837
20241107_091020_256743510,-0.8673572
20241107_091020_507180589,-0.1917682
20241107_091020_763107028,-0.110246114
20241107_091021_260302187,-0.075005434
20241107_091021_519410434,-0.06667089
20241107_091021_769506680,0.018290075
20241107_091022_016530049,0.12516186
20241107_091022_266233844,0.11459748
20241107_091022_512495553,0.10801894
20241107_091022_764617669,0.06873543
20241107_091023_012938683,0.04527337
20241107_091023_511583358,0.042972274
20241107_091023_764811050,0.05514402
20241107_091024_017310702,0.10122547
20241107_091024_268894955,0.08192549
20241107_091024_522544888,-0.03561776
20241107_091024_759868140,-0.0021554437
20241107_091025_257616774,-0.049876295
20241107_091025_510525227,-0.21762295
20241107_091025_756298596,-0.15153028
20241107_091026_015031752,-0.16691063
20241107_091026_256647609,-0.046430826
20241107_091026_507925956,0.46058208
20241107_091026_760190967,0.49157652
20241107_091027_019901860,0.29203916
20241107_091027_267038391,-0.5498212
20241107_091027_518192477,0.099729635
20241107_091027_768460103,0.012406418
20241107_091028_024019633,0.030721614
20241107_091028_278109066,0.14403452
20241107_091028_525060256,0.058909185
20241107_091028_775222201,-0.114574395
20241107_091029_017192413,-0.21545352
20241107_091029_259928876,-0.17318602
20241107_091029_530953840,-0.18454869
20241107_091029_762794736,-0.1552309
20241107_091030_012773946,-0.13430478
20241107_091030_268593935,0.8489328
20241107_091030_516762452,-0.007007977
20241107_091030_772970459,0.14902581
20241107_091031_020277588,0.28781885
20241107_091031_265944452,0.43896946
20241107_091031_518508339,0.22342055
20241107_091031_768862616,0.15211152
20241107_091032_010686246,1.3527997
20241107_091032_268514244,2.8404243
20241107_091032_525076317,-0.17217423
20241107_091032_762760543,-0.044957794
20241107_091033_011685476,0.23515423
20241107_091033_266229664,0.24960555
20241107_091033_531293198,0.3943043
20241107_091033_768276412,0.31400472
20241107_091034_012587752,0.19262855
20241107_091034_266467730,0.27247104
20241107_091034_521023735,0.26489434
20241107_091034_768226109,0.044157542
20241107_091035_014572577,0.06292883
20241107_091035_264101645,-0.112833165
20241107_091035_512816514,-0.12415501
20241107_091035_764982867,0.021433154
20241107_091036_012941514,-0.04551948
20241107_091036_269777731,0.5028598
20241107_091036_515000521,1.3348582
20241107_091036_763665822,-0.13522245
20241107_091037_019515682,-0.020525625
20241107_091037_272559136,0.17513244
20241107_091037_518739247,-0.19371821
20241107_091037_764038681,-0.12276181
20241107_091038_030979370,-0.01404809
20241107_091038_267378823,-0.050746284
20241107_091038_513527746,-0.31604645
20241107_091039_017216621,0.1304674
20241107_091039_264006165,0.010596791
20241107_091039_520171554,-0.03253808
20241107_091039_766319125,-0.039877497
20241107_091040_018129912,-0.052183412
20241107_091040_260034424,-0.016982635
20241107_091040_512305662,-0.044174813
20241107_091040_755569305,-0.10269954
20241107_091041_017542176,-0.09524908
20241107_091041_258772332,0.17445156
20241107_091041_508477334,0.14260148
20241107_091041_761012926,0.009994188
20241107_091042_016413334,-0.023360452
20241107_091042_263510280,-0.039470337
20241107_091042_509894504,-0.8041237
20241107_091042_764889254,-1.2489095
20241107_091043_012092472,-0.42313603
20241107_091043_258989733,0.05612643
20241107_091043_507361526,0.013276795
20241107_091043_770579653,-0.012047073
20241107_091044_010682279,-0.8001713
20241107_091044_261635861,-0.37669322
20241107_091044_511121779,0.110564254
20241107_091044_766921509,0.008628542
20241107_091045_020233900,0.15930274
20241107_091045_269280369,1.441041
20241107_091045_517084166,-0.81244725
20241107_091045_767635254,-0.62188625
20241107_091046_013546495,-0.73835224
20241107_091046_265409694,0.05368948
20241107_091046_522079387,0.13990127
20241107_091046_768457892,0.16305955
20241107_091047_019857057,0.7475764
20241107_091047_265026929,-0.01132383
20241107_091047_757467745,0.0064124335
20241107_091048_006500709,-0.14011998
20241107_091048_255398093,-0.0137795415
20241107_091048_755088135,-0.08786708
20241107_091049_006747967,-0.067467056
20241107_091049_257405529,0.33453822
20241107_091049_512106593,-0.11475625
20241107_091049_756732102,-0.42048034
20241107_091050_008860232,-0.15206243
20241107_091050_259909687,-0.6503671
20241107_091050_507855478,-0.18204303
20241107_091050_756533767,-0.14737971
20241107_091051_010107944,-0.24846049
20241107_091051_260637064,-0.5568422
20241107_091051_510766513,-0.3506839
20241107_091051_758207328,-0.15454407
20241107_091052_011609199,-0.53816336
20241107_091052_274624400,-0.37081727
20241107_091052_520677415,-0.4873257
20241107_091052_768428410,-0.44826365
20241107_091053_018567714,-0.39100432
20241107_091053_263210360,-0.26981008
20241107_091053_511245347,-0.32930923
20241107_091053_760298348,-0.3198768
20241107_091054_267057263,-0.24756043
20241107_091054_513868576,-0.34086895
20241107_091054_759616761,-0.21257539
20241107_091055_005234082,-0.25489283
20241107_091055_257169691,-0.14867584
20241107_091055_509004693,-0.61261326
20241107_091055_764026371,-0.13860615
20241107_091056_007973551,0.44220626
20241107_091056_257286178,0.09934916
20241107_091056_507678696,0.0762336
20241107_091056_757551396,0.32609773
20241107_091057_017699455,1.2365676
20241107_091057_266836625,0.37824768
20241107_091057_515973186,0.8665123
20241107_091057_757452892,0.056903407
20241107_091058_011168959,-0.74228793
20241107_091058_264139830,-0.30147907
20241107_091058_509671924,-1.1222762
20241107_091058_758218643,-2.001276
20241107_091059_013125058,-0.82676053
20241107_091059_262384883,-0.7143562
20241107_091059_515713128,-0.7999981
20241107_091059_767204022,-0.34906164
20241107_091100_018294420,-0.169758
20241107_091100_269079357,0.05390004
20241107_091100_510054132,0.39015964
20241107_091100_762621980,0.044069983
20241107_091101_018819266,0.37660483
20241107_091101_276219867,0.3591213
20241107_091101_531616968,1.2873831
20241107_091101_776245928,0.6961537
20241107_091102_026014573,0.756241
20241107_091102_276508285,0.8391021
20241107_091102_530754580,2.4594526
20241107_091102_775218723,0.44983062
20241107_091103_025587925,-0.83448285
20241107_091103_269980072,-1.8986471
20241107_091103_527053248,0.4077032
20241107_091103_774541759,0.1276596
20241107_091104_017191775,0.09594283
20241107_091104_264034314,0.13606708
20241107_091104_518907564,-0.18157865
20241107_091104_767635111,-0.06318485
20241107_091105_018461737,-0.17232008
20241107_091105_268183169,-0.2093351
20241107_091105_518448937,-0.18472548
20241107_091105_768529991,0.006956795
20241107_091106_014336352,-0.34393573
20241107_091106_262646458,-0.09329098
20241107_091106_510691947,-0.0754722
20241107_091106_762903230,-0.8669674
20241107_091107_018285568,0.4085617
20241107_091107_274754362,-0.3201895
20241107_091107_523210785,-0.3494525
20241107_091107_778731452,-1.7044076
20241107_091108_033823512,0.7363487
20241107_091108_281708057,0.22847556
20241107_091108_531998247,0.42711824
20241107_091108_767705601,1.1171548
20241107_091109_014507269,0.51991034
20241107_091109_259771923,0.38748297
20241107_091109_510046845,0.16219603
20241107_091109_756074163,0.29915023
20241107_091110_010747920,0.2168421
20241107_091110_259291647,0.2650596
20241107_091110_515337089,0.3573006
20241107_091110_759159504,0.45884037
20241107_091111_009170507,0.3653872
20241107_091111_262069959,0.27033702
20241107_091111_509614914,0.21642758
20241107_091111_761955093,0.42122117
20241107_091112_009639435,1.5040364
20241107_091112_261026642,-0.6245001
20241107_091112_508597230,-0.18615007
20241107_091112_764139685,-0.3645524
20241107_091113_013835374,-0.4232894
20241107_091113_270143221,-0.29002616
20241107_091113_516888472,-0.19068046
20241107_091114_017547739,-0.11645353
20241107_091114_264528773,-0.17871861
20241107_091114_514436918,-0.36600256
20241107_091114_765152845,-0.29352072
20241107_091115_017336832,-0.33071098
20241107_091115_263042402,-0.10560318
20241107_091115_516126627,-0.21708007
20241107_091115_761501346,-0.06256201
20241107_091116_016972355,0.2102042
20241107_091116_257003760,0.40952376
20241107_091116_511036742,0.13764341
20241107_091116_759321003,0.13446848
20241107_091117_009414585,0.082343765
20241107_091117_254763924,0.10697863
20241107_091117_508962135,-0.11413892
20241107_091117_765374983,-0.041678272
20241107_091118_010451529,-0.17250662
20241107_091118_261587885,-1.6467949
20241107_091118_516533832,0.08055962
20241107_091118_764306537,0.42096704
20241107_091119_010546261,0.19546656
20241107_091119_263430877,0.2129163
20241107_091119_511271418,1.0769824
20241107_091119_758195689,0.37699747
20241107_091120_010940837,0.05434654
20241107_091120_260985125,-0.1798815
20241107_091120_515936470,-0.0435723
20241107_091120_761879087,0.05057422
20241107_091121_010309789,-0.008059045
20241107_091121_259809048,-0.08048477
20241107_091121_505651729,0.18601789
20241107_091121_756715141,0.23908578
20241107_091122_012509058,0.057748593
20241107_091122_257395598,0.11769185
20241107_091122_506371587,0.113174
20241107_091122_760448982,0.09027407
20241107_091123_015405606,0.2659655
20241107_091123_260960154,0.8116597
20241107_091123_512684672,0.26606312
20241107_091123_764824069,0.0362188
20241107_091124_016352142,-0.09944462
20241107_091124_259595062,-0.31565145
20241107_091124_509255337,0.0021160338
20241107_091124_753124886,-0.034588
20241107_091125_009411878,-0.03731128
20241107_091125_261331564,-0.016367098
20241107_091125_760204361,-0.0694473
20241107_091126_012475043,-0.073585294
20241107_091126_260015441,-0.00896888
20241107_091126_520716123,-0.16097562
20241107_091126_759250573,-0.0888915
20241107_091127_013501805,0.04297564
20241107_091127_260790938,0.020910302
20241107_091127_508564365,-0.1494648
20241107_091127_761766848,-0.022171399
20241107_091128_007709234,0.4963462
20241107_091128_261207194,0.3356336
20241107_091128_509785664,0.560277
20241107_091128_754705743,0.09782068
20241107_091129_005786777,-0.34018728
20241107_091129_263586921,-0.14583154
20241107_091129_530836712,-0.026411196
20241107_091129_762327163,-0.42828515
20241107_091130_012654098,-0.19310929
20241107_091130_258782803,-0.11895817
20241107_091130_513707151,0.075170666
20241107_091130_756543322,0.0018437896
20241107_091131_014525781,0.35588
20241107_091131_259801389,0.30604005
20241107_091131_508270863,0.1927443
20241107_091132_260087608,0.036269285
20241107_091132_504742054,-0.054581128
20241107_091132_753574968,-0.6869576
20241107_091133_014030508,-0.20663233
20241107_091133_264419546,0.11398464
20241107_091133_511832055,0.2639094
20241107_091133_758106078,0.27312088
20241107_091134_010779513,0.31665793
20241107_091134_268769481,0.231205
20241107_091134_513500938,0.07594774
20241107_091134_760581494,0.04571853
20241107_091135_014070772,0.10580329
20241107_091135_264686981,0.09526227
20241107_091135_758980892,-0.0002900567
20241107_091136_009138073,0.41236934
20241107_091136_258746297,0.29081953
20241107_091136_754993840,0.22140662
20241107_091137_016054723,0.027781883
20241107_091137_254498039,0.01310418
20241107_091137_505935552,0.037131168
20241107_091137_752205157,0.04831437
20241107_091138_260451997,0.034488656
20241107_091138_510275210,0.23561476
20241107_091138_760493960,0.24444418
20241107_091139_025538891,0.18966119
20241107_091139_262659628,0.17104624
20241107_091139_513586989,0.18463914
20241107_091139_759621494,0.14444248
20241107_091140_019739355,-0.036443554
20241107_091140_767215541,0.007363895
20241107_091141_017968016,0.050499298
20241107_091141_259255562,0.021492163
20241107_091141_512469480,0.025017777
20241107_091143_016825737,-0.008574089
20241107_091143_263798915,0.08334816
20241107_091143_511347605,0.061046578
20241107_091143_763680601,0.042905487
20241107_091144_266364674,0.051697023
20241107_091144_513023341,0.054321744
20241107_091144_760704327,0.046309985
20241107_091145_012949185,0.017898897
20241107_091145_256041507,0.0379119
20241107_091145_509392504,0.112102546
20241107_091145_757757119,0.049623407
20241107_091146_011702654,0.06629983
20241107_091146_506229651,0.112517096
20241107_091146_755106739,0.08770839
20241107_091147_007763634,0.07870982
20241107_091147_262035566,0.09011171
20241107_091147_511017911,0.05819095
20241107_091148_762928725,0.2343816
20241107_091149_008844798,0.20866452
20241107_091149_260331627,0.08260814
20241107_091149_515068117,-0.6050218
20241107_091149_757658181,-1.3393158
20241107_091150_007423865,-2.2842422
20241107_091150_256933901,0.04673753
20241107_091150_513997407,-0.24822067
20241107_091150_770133158,0.05337113
20241107_091151_020823087,-0.090452574
20241107_091151_272219546,-0.05747219
20241107_091152_009807712,-0.06720664
20241107_091152_263542469,-0.059121452
20241107_091152_514578677,0.022256473
20241107_091152_759155955,-0.08871945
20241107_091153_017016964,-0.11212357
20241107_091153_263657968,-0.1590171
20241107_091153_516830421,-0.14925517
20241107_091153_766149558,-0.16331078
20241107_091154_013610118,-0.23444648
20241107_091154_261466788,-0.17326815
20241107_091154_510893300,-0.11881479
20241107_091154_755171915,-0.06437536
20241107_091155_006534791,-0.12952097
20241107_091155_756779310,-0.15343644
20241107_091156_015654135,-1.2544034
20241107_091156_261593853,-0.023136815
20241107_091156_510156725,0.6326402
20241107_091156_759462956,0.56458306
20241107_091157_010531298,0.77146983
20241107_091157_263621427,0.51655793
20241107_091157_510417004,0.28151646
20241107_091157_761391008,0.17298062
20241107_091158_012672593,0.12741391
20241107_091158_262247889,0.18372534
20241107_091158_511732579,0.29825833
20241107_091158_758774729,0.3059487
20241107_091159_008119760,0.26633808
20241107_091159_253404058,0.43611714
20241107_091159_506702465,0.26074085
20241107_091159_754994547,0.25259194
20241107_091200_009410047,0.29940686
20241107_091200_259593505,0.87494403
20241107_091200_509586411,1.1887274
20241107_091200_757487339,0.87780863
20241107_091201_011903449,0.7675931
20241107_091201_258426606,1.4971843
20241107_091201_512459489,-0.39480892
20241107_091201_759767343,-0.03830704
20241107_091202_011000987,-0.14330676
20241107_091202_262358045,0.08004478
20241107_091202_525969963,0.5561669
20241107_091202_776943559,0.25838464
20241107_091203_023385051,0.33050352
20241107_091203_268801418,0.8241641
20241107_091203_511266070,0.2306944
20241107_091203_755854113,0.1613639
20241107_091204_007551061,0.20050465
20241107_091204_256478430,-0.0011403766
20241107_091204_508426409,-0.018885216
20241107_091204_757563234,-0.44761413
20241107_091205_014537254,-0.28203022
20241107_091205_264442021,-0.055662237
20241107_091205_517015625,-0.02496834
20241107_091205_767926794,-0.14849676
20241107_091206_013233380,-0.2929966
20241107_091206_259304904,-0.27142504
20241107_091206_510542517,0.09719145
20241107_091206_755148003,-0.06891056
20241107_091207_007205701,-0.14313622
20241107_091207_260594674,-0.060265385
20241107_091207_505712305,-0.07978817
20241107_091207_757504324,0.062084325
20241107_091208_013305997,0.26441982
20241107_091208_264566328,0.3346659
20241107_091208_519008653,0.26216397
20241107_091208_766423640,0.5439236
20241107_091209_017861481,-0.025051853
20241107_091209_262557504,0.119266726
20241107_091209_514945302,0.16276957
20241107_091209_756565302,0.14932172
20241107_091210_006239156,0.17539696
20241107_091210_255832046,0.16455607
20241107_091210_508647234,0.15521978
20241107_091210_758524643,0.14214383
20241107_091211_252804692,0.16380121
20241107_091211_503056766,0.20470995
20241107_091211_752600540,0.22745137
20241107_091212_006083607,0.36634055
20241107_091212_256868671,1.5577683
20241107_091212_510693150,1.4704521
20241107_091212_756035310,-0.65896773
20241107_091213_016472382,-0.32685044
20241107_091213_261203891,-0.3926613
20241107_091213_514835280,-0.3553946
20241107_091214_014931198,-0.4718851
20241107_091214_508341586,-0.46336424
20241107_091214_759101494,-0.4199011
20241107_091215_008345289,-0.50491685
20241107_091215_254085616,-0.59475905
20241107_091215_501783906,-0.43505388
20241107_091215_751546528,-0.36931697
20241107_091216_002789637,-0.26545736
20241107_091216_252428446,-0.3007508
20241107_091216_504656007,-0.39789984
20241107_091216_756639910,-0.35756367
20241107_091217_009623563,-0.29174882
20241107_091217_261168143,-0.033233024
20241107_091217_509788859,0.010630006
20241107_091217_756452460,-0.024768492
20241107_091218_011067153,0.11902443
20241107_091218_261185381,0.14005296
20241107_091218_507681703,0.31957883
20241107_091218_756193851,0.09442784
20241107_091219_007053840,0.20145537
20241107_091219_259372118,0.18189172
20241107_091219_507043008,0.19025905
20241107_091219_763026013,0.40399668
20241107_091220_012902007,0.26129767
20241107_091220_262556813,0.20773117
20241107_091220_510050393,0.18404655
20241107_091220_755060640,0.1836135
20241107_091221_007892176,0.21624091
20241107_091221_253318589,0.21732192
20241107_091221_505761886,-0.019848606
20241107_091221_753888301,-0.16196455
20241107_091222_011296992,0.13685884
20241107_091222_263412455,0.089185454
20241107_091222_517323851,0.08905474
20241107_091222_765897035,0.39516413
20241107_091223_015137997,0.078298844
20241107_091223_259641998,-0.032047115
20241107_091223_509036210,-0.37059847
20241107_091223_760053860,-0.25755695
20241107_091224_264254484,-0.064593785
20241107_091224_512849433,-0.056406043
20241107_091224_759072662,-0.03332653
20241107_091225_004829407,0.14645307
20241107_091225_259397032,0.33976156
20241107_091225_512554930,0.02150903
20241107_091225_756034965,-0.06362381
20241107_091226_009438334,-0.3237142
20241107_091226_260904588,-0.46315145
20241107_091226_508568516,-0.19875343
20241107_091226_756075938,-0.19840734
20241107_091227_014951523,-0.34351474
20241107_091227_259963078,-0.2391621
20241107_091227_509061043,-0.01674512
20241107_091227_754900551,0.04516267
20241107_091228_007970398,-0.020803174
20241107_091228_255564936,-0.046497308
20241107_091228_508039433,-0.033516787
20241107_091228_754500798,0.012125174
20241107_091229_008027685,-0.14519788
20241107_091229_255284829,-0.11551027
20241107_091229_524640244,-0.12236943
20241107_091229_755563272,-0.16720565
20241107_091230_018413214,-0.2615155
20241107_091230_256053013,-0.103953026
20241107_091230_508088612,-0.0032926388
20241107_091230_754300550,-0.072419964
20241107_091231_006603105,0.052109763
20241107_091231_506060409,-0.029838594
20241107_091231_753910053,-0.1005415
20241107_091232_003267925,-0.11666962
20241107_091232_251500811,-0.0899786
20241107_091232_754203094,-0.10909691
20241107_091233_254655407,-0.109168135
20241107_091233_512594045,-0.045220874
20241107_091234_263965600,-0.45033768
20241107_091234_518373629,-0.04120218
20241107_091234_766018271,-0.08501407
20241107_091235_012718409,0.107214846
20241107_091235_270135137,0.50804836
20241107_091235_525650524,0.92247164
20241107_091235_766535931,0.32892293
20241107_091236_021808879,0.17072056
20241107_091236_261454636,0.20364933
20241107_091236_508946774,0.451954
20241107_091236_755668641,0.18926768
20241107_091237_018462668,-0.07127284
20241107_091237_265830774,0.07234634
20241107_091237_517709383,-0.032725595
20241107_091237_760029970,-0.6538935
20241107_091238_016402679,0.060883872
20241107_091238_260285678,-0.32742175
20241107_091238_513739924,-0.090824895
20241107_091238_769433149,-0.05192276
20241107_091239_029560261,-0.021995297
20241107_091239_272687786,-0.02346768
20241107_091239_513410440,0.0018072221
20241107_091239_759538114,0.6646611
20241107_091240_014549539,0.22493915
20241107_091240_267052321,0.22626303
20241107_091240_519809435,0.58643305
20241107_091240_766364429,0.682006
20241107_091241_019521155,0.19387458
20241107_091241_264883299,0.097547285
20241107_091241_512661676,0.044329144
20241107_091241_757673642,0.95363015
20241107_091242_010096981,0.81143665
20241107_091242_259405440,0.7417567
20241107_091242_510501157,0.43641782
20241107_091242_756993824,0.4185823
20241107_091243_008025568,0.50183433
20241107_091243_260432751,0.5343547
20241107_091243_508632643,0.52424043
20241107_091243_756632621,0.2600667
20241107_091244_014890520,0.7756831
20241107_091244_260481023,1.0204337
20241107_091244_513541471,0.63300747
20241107_091244_756207113,0.6818393
20241107_091245_008944457,0.6165516
20241107_091245_260403377,0.1105978
20241107_091245_512643132,0.35200435
20241107_091245_757791838,0.52185667
20241107_091246_007643027,0.49843392
20241107_091246_262618953,0.20645224
20241107_091246_514170525,0.20803206
20241107_091246_755608277,0.18321969
20241107_091247_006811624,0.19937669
20241107_091247_255680334,0.27945969
20241107_091247_505359907,0.39813828
20241107_091247_756754950,0.9221011
20241107_091248_008180803,0.56245774
20241107_091248_257496815,0.68086565
20241107_091248_511313749,0.66328615
20241107_091248_755296463,0.5656808
20241107_091249_006146917,-0.23559628
20241107_091249_256204763,-0.5401615
20241107_091249_513683847,-0.08092425
20241107_091249_767906375,-0.25167236
20241107_091250_021818138,-0.2906379
20241107_091250_505688866,-0.32741147
20241107_091250_752663918,-0.5194184
20241107_091251_263868506,-0.33486927
20241107_091251_514861056,-0.79706454
20241107_091251_758258310,-0.412306
20241107_091252_263793891,-0.4833638
20241107_091252_514947210,-0.51634085
20241107_091252_757612768,-0.42201698
20241107_091253_011976727,-0.57439613
20241107_091253_261041299,-0.37379652
20241107_091254_015784745,-0.49200258
20241107_091254_261077149,-0.54520595
20241107_091254_512130110,-0.18995552
20241107_091254_761137074,0.25090888
20241107_091255_015436291,-0.054505378
20241107_091255_269308916,0.2971435
20241107_091255_518597612,-0.21240406
20241107_091255_761843692,-0.14490505
20241107_091256_014519415,-0.01883094
20241107_091256_257421249,-0.030593297
20241107_091256_504886615,-0.29251647
20241107_091256_751314651,-0.18190004
20241107_091257_003038114,-0.16385706
20241107_091257_253392115,-0.7743516
20241107_091257_505468542,-1.0678653
20241107_091257_752267587,0.8433365
20241107_091258_009576099,0.039893247
20241107_091258_261009648,0.19534944
20241107_091258_520422537,0.30824164
20241107_091258_770349667,0.8588156
20241107_091259_023208749,0.5885432
20241107_091259_262965386,0.04946778
20241107_091259_514276911,-0.17255531
20241107_091259_760551835,-0.4883665
20241107_091300_010280764,-0.9027397
20241107_091300_258767460,1.4434978
20241107_091300_507390430,0.64082056
20241107_091300_754288279,-0.6250642
20241107_091301_016164964,0.36196062
20241107_091301_264690407,0.2765046
20241107_091301_507393910,0.23344503
20241107_091301_764137055,0.31530988
20241107_091302_018693293,1.5440856
20241107_091302_271001646,1.2312607
20241107_091302_536196126,1.12441
20241107_091302_783053196,1.169751
20241107_091303_022887585,0.8401991
20241107_091303_283803230,0.4644601
20241107_091303_532176968,0.2084861
20241107_091303_771749999,0.053272314
20241107_091304_016874530,-1.4602257
20241107_091304_265278674,0.5083987
20241107_091304_511921416,0.42141992
20241107_091304_761549802,0.7039803
20241107_091305_018127315,0.5101346
20241107_091305_271138973,0.4991041
20241107_091305_518673431,-0.008511921
20241107_091305_765324387,0.21738215
20241107_091306_024575228,0.2527509
20241107_091306_271730969,0.23096047
20241107_091306_521718891,0.52686673
20241107_091306_760963643,0.399183
20241107_091307_010684622,0.29133692
20241107_091307_261533438,0.3112283
20241107_091307_759464421,0.3903091
20241107_091308_014326379,0.5761989
20241107_091308_262797985,0.500796
20241107_091308_510156032,0.6187554
20241107_091308_759320235,-0.46158993
20241107_091309_014932023,0.00041393004
20241107_091309_267010858,-0.26946273
20241107_091309_522540395,0.12887642
20241107_091309_766808290,0.22116719
20241107_091310_016311026,0.06121126
20241107_091310_261827505,0.099910654
20241107_091310_512514260,-0.23637576
20241107_091311_024237434,-0.110366486
20241107_091311_267683597,-0.08874556
20241107_091312_012644916,-0.16010804
20241107_091312_263036220,-0.21563376
20241107_091312_509356060,-0.64776766
20241107_091312_757522249,-0.8855144
20241107_091313_013778314,-0.21549946
20241107_091313_269585465,-0.05938694
20241107_091313_520522909,-0.19254802
20241107_091313_762232121,-0.12562771
20241107_091314_015251091,-0.06880625
20241107_091314_269504900,-0.1032572
20241107_091314_524876198,-0.13065536
20241107_091314_762536899,0.0009363629
20241107_091315_013392171,0.031422473
20241107_091315_263317727,-0.023374101
20241107_091315_516534045,-0.09924128
20241107_091315_761130761,-0.09803083
20241107_091316_012490372,-0.053283833
20241107_091316_261048393,-0.1422572
20241107_091316_511359209,-0.13599922
20241107_091316_759108196,-0.0031119194
20241107_091317_010367208,0.13855496
20241107_091317_260447648,0.063499786
20241107_091317_766681819,0.080157675
20241107_091318_015872846,0.055214502
20241107_091318_264836616,0.10636494
20241107_091318_518869093,-0.15420426
20241107_091318_762161191,-0.110413395
20241107_091319_010584137,-0.008432766
20241107_091319_259793895,0.054739274
20241107_091319_512632140,0.06925527
20241107_091320_007784804,0.049468793
20241107_091320_507308365,0.117236175
20241107_091321_256581673,1.0513821
20241107_091321_514127516,0.04355067
20241107_091321_761169287,0.10239629
20241107_091322_022902129,0.07458178
20241107_091322_271107510,0.24924825
20241107_091322_522591249,0.4452614
20241107_091322_766006469,0.1352674
20241107_091323_022104450,0.18284099
20241107_091323_265428153,0.19510637
20241107_091323_523590829,0.26784208
20241107_091323_772214500,0.32534006
20241107_091324_261862217,0.39525226
20241107_091324_524924988,0.32693207
20241107_091325_013458972,0.44932315
20241107_091325_519148543,0.29075542
20241107_091325_770139552,0.3768496
20241107_091326_016165114,0.20815428
20241107_091326_260219440,0.28180045
20241107_091326_509950911,0.3701843
20241107_091326_756484823,0.29259512
20241107_091327_508316051,0.3088228
20241107_091327_751008212,-0.67955166
20241107_091328_006992674,-0.39506572
20241107_091328_264110070,-0.19389887
20241107_091328_523251425,0.07553409
20241107_091328_766762983,0.09978462
20241107_091329_020795920,-0.15300949
20241107_091329_265731480,-0.06890831
20241107_091329_533452237,-0.04004564
20241107_091329_754235775,0.044951133
20241107_091330_004924851,-0.38977805
20241107_091330_255780306,-0.46761936
20241107_091330_507194218,-0.31401622
20241107_091330_751441367,-0.22910483
20241107_091331_006401317,0.064301595
20241107_091331_259705289,0.15076649
20241107_091331_509078443,0.14357954
20241107_091331_755564489,0.07516321
20241107_091332_008981817,0.09944563
20241107_091332_510880266,0.25032976
20241107_091332_754471506,0.11161596
20241107_091333_008672633,0.031919397
20241107_091333_260172245,0.07216326
20241107_091333_508082400,-0.07546123
20241107_091334_017674799,-0.051645957
20241107_091334_268459514,0.055579998
20241107_091335_012327386,-0.42881632
20241107_091335_259821332,-0.4729002
20241107_091335_521002578,-0.5393516
20241107_091335_769714297,-0.2894811
20241107_091336_019635601,-0.114241205
20241107_091336_257632375,0.31073794
20241107_091336_508149036,0.099533565
20241107_091336_756070564,-0.24043073
20241107_091337_008556271,-0.27889776
20241107_091337_511117812,-0.20864509
20241107_091337_759139964,-0.14394335
20241107_091338_015122385,-0.011926492
20241107_091338_260161010,-0.059532486
20241107_091338_510709668,-0.20774569
20241107_091339_013419192,-0.27063873
20241107_091339_512543675,-0.15719096
20241107_091339_764821984,-0.27741596
20241107_091340_009369518,-0.2644225
20241107_091340_259861193,0.057488993
20241107_091340_514518555,0.021265605
20241107_091341_752514298,-0.077048026
20241107_091342_010176841,-0.085166894
20241107_091342_263502872,-0.09992113
20241107_091342_513995267,-0.039395176
20241107_091342_758527558,0.06741543
20241107_091343_016137002,0.11033229
20241107_091343_259868959,-0.16578098
20241107_091343_510411608,-0.22003983
20241107_091343_755608647,-0.14370187
20241107_091345_750191350,0.01645706
20241107_091346_005989446,0.108490385
20241107_091346_262424612,0.18794775
20241107_091346_517831352,0.26295555
20241107_091346_755602815,0.16673385
20241107_091347_009381043,-0.03938105
20241107_091347_259436856,0.023912558
20241107_091347_752514580,0.05130676
20241107_091348_005078975,0.065980114
20241107_091348_255942192,0.023136595
20241107_091348_505873245,0.0018484984
20241107_091348_756717424,0.18537682
20241107_091349_266155105,0.102367856
20241107_091349_524372244,0.6401958
20241107_091349_774781539,0.6735527
20241107_091350_022598992,0.26438597
20241107_091350_264126692,0.15953843
20241107_091350_522499249,0.25010556
20241107_091350_762314092,-0.04997667
20241107_091351_012374323,0.051567473
20241107_091351_255395628,0.15253435
20241107_091351_505960912,0.039840974
20241107_091352_009320976,0.08028338
20241107_091352_757098704,0.20020328
20241107_091353_007386880,0.1585346
20241107_091353_506477096,0.21068834
20241107_091353_752994493,0.148472
20241107_091354_003030977,0.08209977
20241107_091354_255048360,0.07698173
20241107_091354_751546449,0.0016507003
20241107_091355_253842763,0.19600317
20241107_091355_507992237,0.24695669
20241107_091355_762781397,0.17909859
20241107_091356_507950356,0.07844863
20241107_091356_755817777,0.20808245
20241107_091357_009012897,-0.019304177
20241107_091357_258288587,0.091482975
20241107_091357_504468780,0.08383194
20241107_091358_508202914,0.12460805
20241107_091358_753970392,0.056168295
20241107_091359_007340652,-0.02173723
20241107_091359_256543063,-0.14391811
20241107_091359_509020055,-0.17312323
20241107_091359_758798933,-0.28002337
20241107_091400_015432831,-0.07993489
20241107_091400_259234751,0.2840003
20241107_091400_507984510,0.2084183
20241107_091400_759058920,0.13298325
20241107_091401_007392416,0.18937252
20241107_091401_261782886,0.32265508
20241107_091401_515292316,0.5792646
20241107_091401_764277683,0.6062667
20241107_091402_014443838,0.6206307
20241107_091402_259468169,0.7789444
20241107_091402_518445571,0.66299665
20241107_091402_766277351,-0.079254024
20241107_091403_010273855,0.04316292
20241107_091403_256085048,-0.0059118476
20241107_091403_506552021,-0.039803855
20241107_091403_756819019,0.022716204
20241107_091404_005094538,0.02044935
20241107_091404_251715819,0.15558861
20241107_091404_756555896,0.119345166
20241107_091405_013326004,0.09202928
20241107_091405_259331193,0.04173056
20241107_091405_509839050,0.2386569
20241107_091405_757031267,0.2639611
20241107_091406_027234913,0.6411186
20241107_091406_264014245,0.43031764
20241107_091406_512603793,0.23024817
20241107_091406_759212585,0.42320535
20241107_091407_012647646,0.36291555
20241107_091407_262174897,0.38851446
20241107_091407_518224694,0.14559494
20241107_091407_762735406,-0.04417052
20241107_091408_013215018,-0.56321764
20241107_091408_259868265,-0.91025007
20241107_091408_510435842,-0.032963097
20241107_091408_764259867,-0.0609447
20241107_091409_014920759,-0.11535608
20241107_091409_262222959,-0.16706432
20241107_091409_509626580,-0.34100196
20241107_091409_758322915,-0.09774848
20241107_091410_007237729,-0.12702383
20241107_091410_258778924,-0.12385362
20241107_091410_507069409,-0.10870307
20241107_091410_752143603,-0.1214725
20241107_091411_007905300,-0.19762374
20241107_091411_255572034,-0.1289744
20241107_091411_510863352,-0.1402253
20241107_091411_757007755,0.2627439
20241107_091412_006054917,0.4769235
20241107_091412_256184090,-0.048977345
20241107_091412_506823589,-0.15621145
20241107_091412_757632693,0.22307645
20241107_091413_006817237,0.5739881
20241107_091413_258877307,0.1929615
20241107_091413_509546463,0.26553187
20241107_091413_757768423,0.34014902
20241107_091414_004212454,-0.19384055
20241107_091414_254804546,-0.088899694
20241107_091414_509308757,0.130282
20241107_091414_771067194,0.17451634
20241107_091415_020916514,-0.008670634
20241107_091415_271088466,-0.10235002
20241107_091415_516372157,0.0155301485
20241107_091415_761917430,-0.023733696
20241107_091416_013392034,-0.027093133
20241107_091416_261734782,0.18711506
20241107_091416_512459643,0.22550313
20241107_091416_757504217,0.5512216
20241107_091417_013035926,1.511148
20241107_091417_270105419,-0.23622446
20241107_091417_518324422,-0.4653387
20241107_091417_758276455,-0.78526145
20241107_091418_005167302,-0.9437246
20241107_091418_250955346,-0.5784001
20241107_091418_502986183,-0.4733804
20241107_091418_752404360,-0.43183655
20241107_091419_003494232,-0.08005852
20241107_091419_254953240,-0.0053573176
20241107_091419_502236113,0.17489357
20241107_091419_749519712,-0.019364344
20241107_091420_002428937,-0.084232114
20241107_091420_252915704,-0.028301438
20241107_091420_504862932,0.022134343
20241107_091420_752805424,0.010378936
20241107_091421_253346538,0.021162966
20241107_091421_505466176,-0.1358911
20241107_091421_752477529,-0.06851771
20241107_091422_014212068,0.021042624
20241107_091422_514499681,0.4160489
20241107_091422_763035183,2.5843842
20241107_091423_013870757,-0.22074144
20241107_091423_262710997,-0.3439553
20241107_091423_515253768,-0.37570888
20241107_091423_759319190,-0.6703191
20241107_091424_010507905,-0.42032674
20241107_091424_261724404,-0.26217693
20241107_091424_508633769,-0.33309776
20241107_091424_755637879,0.3709215
20241107_091425_007389689,-0.26772588
20241107_091425_259923810,-0.12857679
20241107_091425_509127101,-0.31940016
20241107_091425_754213325,-0.15344544
20241107_091426_006516219,-0.044702917
20241107_091426_256141235,-0.35925692
20241107_091426_508675454,-0.25096622
20241107_091426_755284239,-0.18009456
20241107_091427_008747619,-0.024782917
20241107_091427_255688296,-0.052150868
20241107_091427_505368222,-0.07543572
20241107_091427_754505003,-0.36199358
20241107_091428_006550792,0.14299712
20241107_091428_258216951,0.24821864
20241107_091428_502370576,-0.7151248
20241107_091428_750703794,0.27219918
20241107_091429_002375110,0.47985592
20241107_091429_261925164,0.6613292
20241107_091429_537123289,0.43877622
20241107_091429_765381970,0.47049528
20241107_091430_009805330,0.3581057
20241107_091430_257217623,0.2782068
20241107_091430_507451838,0.43833706
20241107_091430_757536646,0.5284741
20241107_091431_017971369,1.5185127
20241107_091431_266788160,-0.98780733
20241107_091431_511869875,-0.40018508
20241107_091431_763715546,-0.8000136
20241107_091432_258244584,-0.4724202
20241107_091432_512833422,-0.5044654
20241107_091432_762414175,-0.44929293
20241107_091433_011562098,-1.2704996
20241107_091433_255513176,-0.7504511
20241107_091433_505131004,-0.8544367
20241107_091434_004739532,-1.0914209
20241107_091434_253361197,-0.34624857
20241107_091434_502413068,-0.19349603
20241107_091434_753505348,-0.40137914
20241107_091435_012369199,-0.46396357
20241107_091435_258251136,-0.38117194
20241107_091435_504144228,-0.1613636
20241107_091435_752132605,-0.15638198
20241107_091436_001706330,-0.16646974
20241107_091436_252248329,-0.14561854
20241107_091436_506866870,-0.23170443
20241107_091436_764427394,-0.19811039
20241107_091437_018173994,-0.17181231
20241107_091437_269692750,-0.2227184
20241107_091438_006938771,-0.22727717
20241107_091438_259897488,-0.46199402
20241107_091438_510509032,-0.42499325
20241107_091438_753622401,-0.0561573
20241107_091439_009655773,-0.015131326
20241107_091439_264803556,-0.2492104
20241107_091439_520775619,0.04746116
20241107_091439_759907605,-0.32924363
20241107_091440_009406767,-0.42991763
20241107_091440_261868075,-0.51132697
20241107_091440_755686119,-0.43541428
20241107_091441_015025867,-0.5727702
20241107_091441_505721158,-0.49625313
20241107_091441_753265784,-0.4576393
20241107_091442_253462936,-0.29345244
20241107_091442_504732050,0.055590637
20241107_091442_750306586,0.09123144
20241107_091442_999296420,-0.037724577
20241107_091443_249496371,-0.5100684
20241107_091443_505061212,-0.73080367
20241107_091443_760382620,-0.69968563
20241107_091444_259993586,0.09524182
20241107_091444_507878554,-0.31287482
20241107_091444_758735689,-1.9961123
20241107_091445_011031185,-0.8029776
20241107_091445_257814109,-1.4135718
20241107_091445_509632725,0.48844108
20241107_091445_760326551,0.95841074
20241107_091446_013526927,-0.78568643
20241107_091446_258712053,-0.40693396
20241107_091446_508925020,-0.38966957
20241107_091446_759039584,-0.20246454
20241107_091447_007794746,0.2705101
20241107_091447_253380384,0.45477048
20241107_091447_507814984,0.05643923
20241107_091447_754862138,0.16638248
20241107_091448_006791134,0.06892858
20241107_091448_255398834,0.035496004
20241107_091448_504111369,0.013005147
20241107_091448_753536614,-0.04718321
20241107_091449_003286987,0.37422374
20241107_091449_252872886,-0.04209896
20241107_091449_502771885,0.40310198
20241107_091449_751351928,0.16519035
20241107_091450_004634344,0.21060438
20241107_091450_252047381,0.3169522
20241107_091450_506965063,0.36558133
20241107_091450_753014042,0.3491836
20241107_091451_004341741,0.23766302
20241107_091451_253849880,0.3045646
20241107_091451_503955993,0.031297125
20241107_091451_762204486,0.040148713
20241107_091452_011098979,0.62211525
20241107_091452_260648374,0.09056485
20241107_091452_515992712,-0.031193057
20241107_091452_758904264,-0.04655127
20241107_091453_009032636,0.07523818
20241107_091453_266186305,0.1471213
20241107_091453_507748316,0.3585479
20241107_091453_754168991,0.28325674
20241107_091454_005611521,-0.08664791
20241107_091454_256997260,0.19535206
20241107_091454_504606102,0.2941455
20241107_091454_758827686,0.11795596
20241107_091455_005728302,0.1688224
20241107_091455_261135574,0.3349984
20241107_091455_517284743,0.07833288
20241107_091455_760307573,-2.4451332
20241107_091456_010545917,-0.7615794
20241107_091456_258795401,0.04864786
20241107_091456_510825152,-0.8825994
20241107_091456_762220952,0.07577149
20241107_091457_008061478,0.010374824
20241107_091457_255373148,-0.4746784
20241107_091457_504836343,-0.7435347
20241107_091457_765358848,0.9155501
20241107_091458_011410778,0.83077496
20241107_091458_260203279,0.5333117
20241107_091458_505015728,0.12305593
20241107_091458_756542387,-1.2259855
20241107_091459_019964205,-0.426554
20241107_091459_253759248,-0.6992416
20241107_091459_513213081,0.10113502
20241107_091459_768364748,0.32064238
20241107_091500_021632413,0.11536277
20241107_091500_267020788,0.30433807
20241107_091500_515553864,0.26265973
20241107_091500_766280981,-0.20616817
20241107_091501_015669734,0.7380112
20241107_091501_283855493,1.0843374
20241107_091501_540252991,0.39514565
20241107_091501_787346877,0.26852807
20241107_091502_038819473,0.0584263
20241107_091502_280565415,0.10388545
20241107_091502_538086061,0.48664132
20241107_091502_786166435,0.27613142
20241107_091503_028984057,1.0458951
20241107_091503_266305979,-0.5450252
20241107_091503_518750317,-0.21415986
20241107_091503_768409476,-0.34906167
20241107_091504_022787873,-0.5198039
20241107_091504_262616885,0.32037753
20241107_091504_516800605,0.64218843
20241107_091504_758471442,0.21040751
20241107_091505_014242876,0.14391215
20241107_091505_260101808,0.86855096
20241107_091505_512080408,0.2678021
20241107_091505_759821971,0.9875789
20241107_091506_010176312,0.21617664
20241107_091506_278174191,0.06784568
20241107_091506_523086251,0.18935062
20241107_091506_773297977,0.4678875
20241107_091507_021081994,1.4242592
20241107_091507_275898365,-0.6087603
20241107_091507_518706606,-0.53946203
20241107_091507_768819621,0.000516206
20241107_091508_017516839,-0.0039633997
20241107_091508_268671908,-0.07904299
20241107_091508_532002310,-0.06410723
20241107_091508_770641081,-0.2873469
20241107_091509_023419441,-0.31813633
20241107_091509_271146304,-0.14282037
20241107_091509_521170652,-0.34961453
20241107_091509_762397766,-0.22418235
20241107_091510_019133908,-0.20021741
20241107_091510_263815305,-0.22864771
20241107_091510_510247033,-0.27175018
20241107_091510_760665749,-0.26934695
20241107_091511_022091976,-0.2011488
20241107_091511_266939581,-0.30697453
20241107_091511_511522102,-0.08837403
20241107_091511_755919455,-0.1109037
20241107_091512_010770508,-0.16158299
20241107_091512_260570218,0.0009889174
20241107_091512_509152947,-0.045431454
20241107_091512_765638702,-0.06385302
20241107_091513_008497960,1.1706265
20241107_091513_260926939,0.37931457
20241107_091513_510119926,0.49683747
20241107_091514_013282285,1.0129399
20241107_091514_265333768,1.0200926
20241107_091514_516390473,1.5150768
20241107_091514_757998400,-0.49253044
20241107_091515_005561221,-0.7293618
20241107_091515_253715353,-0.49879143
20241107_091515_503349364,-0.4811058
20241107_091515_754069346,-0.45459795
20241107_091516_004843410,-0.6970337
20241107_091516_256764962,-1.0633928
20241107_091516_510895995,-0.7920687
20241107_091516_759503627,-0.13941613
20241107_091517_010965964,0.34728906
20241107_091517_262551411,0.8790432
20241107_091517_511227307,0.47158566
20241107_091517_758596024,0.5362092
20241107_091518_004713526,0.59606457
20241107_091518_258324424,-0.46687087
20241107_091518_511540450,-0.09208008
20241107_091518_768299575,-0.19187419
20241107_091519_012019825,-0.16648139
20241107_091519_258807619,-0.093802504
20241107_091519_506240475,-0.07392498
20241107_091519_753556531,-0.10526337
20241107_091520_010039680,-0.06305166
20241107_091520_260241225,0.05983825
20241107_091520_507174493,0.008203367
20241107_091520_756525133,0.18683697
20241107_091521_009626483,0.08543185
20241107_091521_258413278,0.16329531
20241107_091521_512154035,0.07701764
20241107_091521_753343380,-0.20827495
20241107_091522_007115289,-0.79831755
20241107_091522_259054194,-0.22836392
20241107_091522_512343979,0.022384444
20241107_091522_757248808,0.53130686
20241107_091523_013309417,0.2900903
20241107_091523_256251451,0.8280146
20241107_091523_517624696,0.3004225
20241107_091523_767886580,0.11939827
20241107_091524_023473362,0.24793653
20241107_091524_286581347,0.01881511
20241107_091524_529828896,0.053526737
20241107_091524_768102669,0.10834146
20241107_091525_027319150,-0.12884916
20241107_091525_260771654,-0.05528339
20241107_091525_509134933,-0.1990618
20241107_091525_757572181,-0.111942165
20241107_091526_260692558,-0.026605269
20241107_091526_511623401,0.16109665
20241107_091527_013475849,0.10951681
20241107_091527_279146895,0.14161272
20241107_091527_517897146,0.18327682
20241107_091527_761205974,0.15732087
20241107_091528_012735557,0.16809948
20241107_091528_260761103,0.18845864
20241107_091528_756480365,0.14827947
20241107_091529_017889592,0.072719075
20241107_091529_255482916,0.12766941
20241107_091529_522009121,0.13484119
20241107_091529_761059302,0.015183577
20241107_091530_020198484,-1.3759447
20241107_091530_268565441,0.37471056
20241107_091530_521579933,0.19580637
20241107_091530_769180734,0.044828482
20241107_091531_015389749,0.24550806
20241107_091531_514226107,0.14813338
20241107_091531_756725300,0.10270635
20241107_091532_010883627,0.083483346
20241107_091532_257852554,0.12923436
20241107_091532_510376247,0.07829643
20241107_091532_763887747,0.10928986
20241107_091533_014673459,0.23771025
20241107_091533_262462909,0.17729406
20241107_091533_511229750,0.1861376
20241107_091533_758598627,0.36180982
20241107_091534_011781549,0.32543495
20241107_091534_259341065,0.3307215
20241107_091534_510640064,0.15430619
20241107_091534_754765286,0.15416078
20241107_091535_005845108,0.15251453
20241107_091535_250601257,0.12450684
20241107_091535_503999306,0.3666062
20241107_091535_747763223,0.18403675
20241107_091536_000623485,0.19117011
20241107_091536_251557235,0.2688242
20241107_091536_507089156,0.29106858
20241107_091536_758912609,1.4809608
20241107_091537_006673820,0.40300897
20241107_091537_252626987,-0.0070488956
20241107_091537_502363313,-0.031444035
20241107_091537_756159477,-0.24711902
20241107_091538_003142487,0.017894635
20241107_091538_249006768,0.23784487
20241107_091538_503594194,0.11638454
20241107_091538_750885444,0.04189775
20241107_091539_005471880,-0.06732886
20241107_091539_259996139,-0.01324763
20241107_091539_511057263,0.027332077
20241107_091539_759310053,-0.22334887
20241107_091540_006795083,-0.2138349
20241107_091540_264550877,-1.5215566
20241107_091540_520152132,-1.1912717
20241107_091540_757473913,-0.103564344
20241107_091541_010275022,-0.08754601
20241107_091541_256412255,0.88132745
20241107_091541_505275544,0.7818917
20241107_091542_010080500,0.29504275
20241107_091542_262551394,0.42058107
20241107_091542_509113999,0.47244465
20241107_091542_767303364,0.23087837
20241107_091543_006676001,0.7080106
20241107_091543_503832389,0.47693983
20241107_091543_751089905,0.27801308
20241107_091544_004994854,0.7324493
20241107_091544_256913079,1.2909153
20241107_091544_509683311,-0.64232296
20241107_091544_754124033,-0.5866479
20241107_091545_003527078,-0.57745403
20241107_091545_253825930,-0.6826761
20241107_091545_507907015,-0.5241615
20241107_091545_754170873,-0.44662264
20241107_091546_006365112,-0.49604073
20241107_091546_261035969,-0.6348799
20241107_091546_512941537,-0.47261778
20241107_091546_754872301,-0.310426
20241107_091547_014404030,-0.24933372
20241107_091547_256350797,-0.27674294
20241107_091547_507772272,-0.2923517
20241107_091547_759705046,-0.26325426
20241107_091548_506000237,-0.27903348
20241107_091548_750124859,-0.27179095
20241107_091549_006457940,-0.36775613
20241107_091549_253201729,-0.51598716
20241107_091549_509306971,-0.40123144
20241107_091549_754122209,-0.03204509
20241107_091550_003153171,-0.06944608
20241107_091550_251334284,0.04999832
20241107_091550_505047193,-0.037739895
20241107_091550_750474646,0.009867588
20241107_091551_005833275,0.1362574
20241107_091551_253376028,0.34524435
20241107_091551_506923580,0.024425725
20241107_091552_013240589,-0.7687133
20241107_091552_254177771,1.1594123
20241107_091552_507239850,0.8865978
20241107_091552_749238946,1.0085541
20241107_091553_003720558,0.2834786
20241107_091553_250397884,-0.6576173
20241107_091553_500429388,-0.24806528
20241107_091553_748712388,-0.10808083
20241107_091554_005824135,0.03217402
20241107_091554_255369088,-0.013762852
20241107_091554_505689849,-0.025344005
20241107_091555_011395187,-0.095213406
20241107_091555_258323423,-0.07093503
20241107_091555_511398268,-0.5098183
20241107_091555_754742747,-0.81409
20241107_091556_009278568,-0.7175548
20241107_091556_256803089,-0.57550293
20241107_091556_520682589,0.56128275
20241107_091556_766741302,0.02655379
20241107_091557_009396907,0.79323417
20241107_091557_256091700,-0.16153367
20241107_091557_512236339,-0.037028335
20241107_091557_753983159,-0.5747952
20241107_091558_007136411,-0.44436496
20241107_091558_255877418,-0.16668741
20241107_091558_506841694,-0.24211772
20241107_091558_754233191,-0.187005
20241107_091559_006837907,-0.37597552
20241107_091559_254418195,-0.32486567
20241107_091559_505093430,-0.42753118
20241107_091559_758029658,-0.09311474
20241107_091600_023919953,-0.06250473
20241107_091600_266976597,0.119857036
20241107_091600_519657129,0.41342187
20241107_091600_760401242,0.101661004
20241107_091601_012787732,0.18110958
20241107_091601_266197105,0.26996565
20241107_091601_519897337,0.27197608
20241107_091601_768076184,0.42790955
20241107_091602_023141719,0.88397026
20241107_091602_277627736,0.13883266
20241107_091602_533868499,0.03334365
20241107_091602_775949249,0.02023063
20241107_091603_021719153,0.50886333
20241107_091603_266199729,0.104710646
20241107_091603_525446048,1.737359
20241107_091603_768470906,0.96130127
20241107_091604_011077821,0.28910324
20241107_091604_267214904,-0.09545829
20241107_091604_526743062,-0.1715612
20241107_091604_760466644,-0.10168969
20241107_091605_031604789,-0.1493736
20241107_091605_268938705,0.5768183
20241107_091605_521321356,0.7465151
20241107_091605_767642969,0.10914377
20241107_091606_038209297,0.10919023
20241107_091606_286243688,0.30884314
20241107_091606_543086097,0.3123096
20241107_091606_780261676,0.36867175
20241107_091607_035877244,0.459151
20241107_091607_263575237,1.0519758
20241107_091607_520090484,1.6378841
20241107_091607_761499245,-0.673158
20241107_091608_014330517,0.12201185
20241107_091608_262345927,-0.00095801614
20241107_091608_522260762,-0.2757713
20241107_091609_013883351,-0.6105558
20241107_091609_265130546,-0.28520092
20241107_091609_532490407,-0.48406872
20241107_091609_760268437,-0.99883074
20241107_091610_015061552,0.37851533
20241107_091610_262184558,0.25880995
20241107_091610_523579211,0.2110305
20241107_091610_756945285,-0.3603593
20241107_091611_014085610,0.8455116
20241107_091611_257478495,0.6593362
20241107_091611_518361030,0.22893102
20241107_091611_758658847,1.2672706
20241107_091612_016026124,0.24755244
20241107_091612_270096126,0.088728584
20241107_091612_523388091,0.40416655
20241107_091612_763382683,0.3086458
20241107_091613_008251108,0.16057308
20241107_091613_255918118,-0.20852126
20241107_091613_518864406,-1.0948081
20241107_091613_768102262,-1.326547
20241107_091614_020654681,-0.2891741
20241107_091614_272090246,-0.08728873
20241107_091614_533154243,0.07594051
20241107_091614_777907668,0.24136119
20241107_091615_027026945,0.6763745
20241107_091615_268756903,0.31332675
20241107_091615_521054322,0.20351504
20241107_091616_753203431,0.01578019
20241107_091617_009423891,0.20544533
20241107_091617_260012728,0.23045172
20241107_091617_513584414,0.21475469
20241107_091617_761861848,0.22407956
20241107_091618_017296402,0.35856584
20241107_091619_010437926,0.24099912
20241107_091619_264255068,0.7728808
20241107_091619_514961110,0.12221936
20241107_091619_757149241,0.22464226
20241107_091620_014640405,0.07532603
20241107_091620_265466053,0.19504021
20241107_091620_510810417,0.8577723
20241107_091620_754586402,0.1469153
20241107_091621_006160676,1.0725558
20241107_091621_255264921,1.190377
20241107_091621_512317241,-0.782443
20241107_091621_757375576,-0.08831078
20241107_091622_008196342,-0.4441938
20241107_091622_253504086,-0.1044395
20241107_091622_507190177,-0.06969688
20241107_091622_759450234,-0.38911775
20241107_091623_008300638,-0.40060282
20241107_091623_252339971,-0.6585936
20241107_091623_501573980,-0.6338956
20241107_091623_750739663,-0.18601544
20241107_091624_000060735,0.4627467
20241107_091624_262991975,0.59002614
20241107_091624_512551035,0.19613892
20241107_091624_758491575,0.2857578
20241107_091625_011291672,0.24124978
20241107_091625_253457675,-0.13449086
20241107_091625_508604693,-0.26520023
20241107_091625_754632003,-0.23260815
20241107_091626_009626082,-0.07196661
20241107_091626_251347768,-0.31343016
20241107_091626_501218720,-0.40076664
20241107_091626_750350894,-0.2610756
20241107_091627_011206326,-0.44279087
20241107_091627_255413422,-0.8881589
20241107_091627_506573916,-0.72016793
20241107_091627_756114097,-0.74708575
20241107_091628_003600412,-0.83919674
20241107_091628_253894940,-0.038436517
20241107_091628_512777887,-0.15951459
20241107_091628_758571848,-0.20533045
20241107_091629_011205725,0.026197428
20241107_091629_251521563,0.21336985
20241107_091629_515603800,0.024952265
20241107_091629_750944593,0.047221042
20241107_091630_003914286,0.13538359
20241107_091630_254641547,0.08431331
20241107_091630_503456204,0.099238314
20241107_091630_751646731,-0.008216521
20241107_091631_001722900,0.32963192
20241107_091631_254249952,-0.2503229
20241107_091631_512701144,0.5425114
20241107_091631_773068788,0.40895566
20241107_091632_012807171,0.07255367
20241107_091632_256584006,0.04098279
20241107_091632_752027072,-0.034683667
20241107_091633_004838627,-1.8027588
20241107_091633_251995129,-1.043409
20241107_091633_501108265,-0.6911495
20241107_091633_751296387,-0.38109067
20241107_091633_999812898,0.7508255
20241107_091634_251924343,0.12829487
20241107_091634_506451417,-0.4720889
20241107_091634_766740235,-0.5253189
20241107_091635_012816233,-0.28973803
20241107_091635_257021529,-0.47129044
20241107_091635_505276390,-0.48761135
20241107_091635_748387635,-0.5193632
20241107_091636_000521463,-1.1385511
20241107_091636_256555656,-0.17207293
20241107_091636_512551413,-0.20893688
20241107_091637_006024906,-0.15649568
20241107_091637_253073027,-0.083472885
20241107_091637_505607953,0.29459995
20241107_091637_770571680,0.8153383
20241107_091638_026169943,0.21942626
20241107_091638_261425482,-0.34604943
20241107_091638_512982282,-0.026366076
20241107_091639_012611729,0.017995814
20241107_091639_257664171,0.22270618
20241107_091639_507266111,-0.08263754
20241107_091639_750036605,-0.13387577
20241107_091640_007859093,0.17656635
20241107_091640_251324822,-0.23440574
20241107_091640_505126876,-0.12794454
20241107_091640_751598045,-0.21031825
20241107_091641_002712668,-0.028253635
20241107_091641_248267171,-0.35239443
20241107_091641_502149311,-0.14355822
20241107_091641_747417979,-0.27665326
20241107_091642_002883198,-0.26426277
20241107_091642_249483027,-0.4061975
20241107_091642_499369546,-0.39765766
20241107_091642_750512266,-0.3246209
20241107_091643_005112028,-0.20440431
20241107_091643_250949080,-0.16894262
20241107_091643_499551129,-0.26130006
20241107_091643_750281622,-0.24000017
20241107_091644_000854853,-0.0056047644
20241107_091644_248354369,0.077087335
20241107_091644_503289500,0.003230909
20241107_091644_759092277,0.066774495
20241107_091645_013922521,0.07521785
20241107_091645_263425387,0.20099773
20241107_091645_522623415,-0.054975532
20241107_091645_767741479,0.08862964
20241107_091646_017943369,-0.0019648876
20241107_091646_260970817,-0.2803045
20241107_091646_516449069,-0.16343237
20241107_091646_754470155,-0.13224871
20241107_091647_006037670,-0.094428085
20241107_091647_508316555,-0.10172679
20241107_091647_754342353,-0.023334285
20241107_091648_008254338,0.07736317
20241107_091648_253962239,0.008104244
20241107_091648_503101060,-0.048691534
20241107_091648_754122360,0.072877266
20241107_091649_002987661,-0.8163777
20241107_091649_250473055,-0.15823348
20241107_091649_503841188,-0.34495106
20241107_091649_748810808,-0.21244542
20241107_091650_246949442,-0.07975223
20241107_091650_500861131,0.060864426
20241107_091651_003435466,-0.048610173
20241107_091651_253391031,0.97010547
20241107_091651_502729876,1.123579
20241107_091651_750365738,0.3938198
20241107_091652_004530592,0.29425347
20241107_091652_258047581,0.32003787
20241107_091652_503310239,0.14593507
20241107_091652_751984907,0.068339266
20241107_091653_001512589,-0.12382277
20241107_091653_250531302,0.04403297
20241107_091653_500240726,0.0724679
20241107_091653_750307625,0.10268284
20241107_091653_999440557,0.11417083
20241107_091654_501980330,0.19130771
20241107_091654_747370355,0.08451644
20241107_091654_999998732,-0.17483737
20241107_091655_253250743,0.11556483
20241107_091655_510258198,0.34103993
20241107_091655_755279741,0.30257735
20241107_091656_002921163,0.4122215
20241107_091656_254009720,0.47930267
20241107_091656_510165860,0.42257696
20241107_091656_750988262,0.46453193
20241107_091657_000001757,0.2179211
20241107_091657_257619353,-0.35237706
20241107_091657_515223392,-0.33555543
20241107_091657_759230177,-0.6155347
20241107_091658_014280613,-1.0654516
20241107_091658_262012494,-2.1574867
20241107_091658_506396037,0.15906845
20241107_091658_750919395,-0.22020252
20241107_091659_012439612,-0.12504031
20241107_091659_254232226,-0.20949407
20241107_091659_503857018,-0.19726922
20241107_091659_752593533,-0.03184445
20241107_091700_000750871,-0.0475808
20241107_091700_257139339,0.39543316
20241107_091700_510281749,1.6542195
20241107_091700_757815799,-0.641657
20241107_091701_018854812,0.163329
20241107_091701_257468474,-0.34361932
20241107_091701_514678240,-0.38764426
20241107_091701_756859415,-0.11430573
20241107_091702_007056773,0.0085322205
20241107_091702_251936889,0.29579437
20241107_091702_509933484,0.24653293
20241107_091702_752623235,0.16073638
20241107_091703_004560028,0.66240156
20241107_091703_256153566,1.6784332
20241107_091703_508997094,0.613879
20241107_091703_759850408,0.44695145
20241107_091704_014253599,0.53034234
20241107_091704_265949065,0.012955407
20241107_091704_511195104,0.011819253
20241107_091705_003171854,0.15419213
20241107_091705_250470656,0.53015745
20241107_091705_502304628,0.42952225
20241107_091705_999458614,0.45704335
20241107_091706_500828295,0.50475484
20241107_091706_748939269,1.3122604
20241107_091707_001471280,0.16979142
20241107_091707_253065185,-0.53125125
20241107_091707_503575090,-0.14962423
20241107_091707_752480867,-0.026604196
20241107_091708_004217125,-0.02420654
20241107_091708_250424263,0.019844363
20241107_091708_505220388,-0.044020317
20241107_091708_748923646,-0.02521809
20241107_091709_001140709,0.3752018
20241107_091709_250033618,0.2283277
20241107_091709_504782547,0.3158055
20241107_091710_000700422,0.15203084
20241107_091710_257791753,0.014370898
20241107_091710_505449107,-0.119338356
20241107_091711_008528181,0.036633767
20241107_091711_263546083,-0.028611204
20241107_091712_006194408,-0.10630622
20241107_091712_257661419,0.008077482
20241107_091712_515043262,-0.1077899
20241107_091712_759738046,-0.00059469603
20241107_091713_510203171,-0.02445819
20241107_091714_246979085,-0.7305069
20241107_091714_500082097,-0.16314791
20241107_091714_748958427,-0.19262587
20241107_091715_001234342,-0.10383984
20241107_091715_254746893,-0.09214672
20241107_091715_501185203,-0.046473704
20241107_091715_752013570,0.103406854
20241107_091716_006998981,0.083919235
20241107_091716_505441825,0.013873259
20241107_091716_753536261,-0.0035740938
20241107_091718_513544422,0.0189477
20241107_091719_255648994,-0.04981848
20241107_091720_015854050,-0.058301233
20241107_091720_264265027,0.11856932
20241107_091720_515267948,0.24973337
20241107_091720_765335040,2.0993893
20241107_091721_024346861,-0.01128835
20241107_091721_271751726,0.7602184
20241107_091721_533545818,0.053178318
20241107_091721_775321219,0.17061551
20241107_091722_023078982,0.22629274
20241107_091722_267542491,0.099230774
20241107_091722_514562111,0.42850444
20241107_091722_761419434,0.36738443
20241107_091723_005030747,0.2971617
20241107_091723_261355562,0.6692243
20241107_091723_505464508,2.061852
20241107_091723_751964747,-0.17926303
20241107_091724_009494847,-0.21682687
20241107_091724_255461127,-0.33898464
20241107_091724_511761978,-0.6540077
20241107_091724_752633522,-0.24973117
20241107_091725_004490961,-0.08792939
20241107_091725_259520689,-0.079362236
20241107_091725_510564777,-0.035929643
20241107_091725_759569834,-0.0029912796
20241107_091726_007685966,-0.06524449
20241107_091726_252652642,-0.04769104
20241107_091726_511750473,0.09359605
20241107_091726_759162056,-0.21957184
20241107_091727_014476291,0.027061233
20241107_091727_258898884,-0.022277286
20241107_091727_516086673,0.3179036
20241107_091727_756941075,0.025003621
20241107_091728_004344749,0.81713974
20241107_091728_253264516,0.8556537
20241107_091728_505482397,0.6142537
20241107_091728_755153734,0.244137
20241107_091729_008783037,0.058748074
20241107_091729_255129528,0.18725325
20241107_091729_522015929,0.29640856
20241107_091729_754777865,0.15000083
20241107_091730_005229917,-0.08746218
20241107_091730_260679027,0.048091732
20241107_091730_513682668,0.14620526
20241107_091730_755106589,0.18403186
20241107_091731_005416481,0.48085597
20241107_091731_254633243,0.44730043
20241107_091731_502008590,0.3593865
20241107_091731_750326224,0.3050882
20241107_091732_003462194,0.28277656
20241107_091732_251243046,0.22204725
20241107_091732_500791772,0.2193767
20241107_091732_751166867,0.24834566
20241107_091733_004417043,0.21475105
20241107_091733_248850218,0.14915054
20241107_091733_506187430,0.09870929
20241107_091733_749297487,0.11170191
20241107_091734_251945296,0.14261602
20241107_091734_507583297,0.12027458
20241107_091734_763243665,0.24631654
20241107_091735_009728851,0.18425168
20241107_091735_260537676,-0.012472531
20241107_091735_752389891,0.11518664
20241107_091736_001653770,-0.9973827
20241107_091736_253152394,-1.2889665
20241107_091736_508630032,-0.5265849
20241107_091736_757617563,-0.09597987
20241107_091737_015441477,-0.08728982
20241107_091737_258591824,-0.15517159
20241107_091737_518711485,-0.22154243
20241107_091737_760021701,-0.4900665
20241107_091738_011571369,-0.4348392
20241107_091738_254074317,-0.7600861
20241107_091738_505914757,-0.4645712
20241107_091738_753332770,-0.33281088
20241107_091739_003364988,-0.29297855
20241107_091739_252986268,-0.46421322
20241107_091739_506629725,-0.856271
20241107_091739_752451992,-0.20328458
20241107_091740_016671063,0.56409603
20241107_091740_260003209,0.57955027
20241107_091740_504723364,0.40144044
20241107_091740_755619820,1.1682863
20241107_091741_008879655,0.42631447
20241107_091741_252368815,0.34736007
20241107_091741_752786682,0.423741
20241107_091742_002990943,0.14702006
20241107_091742_253900374,-0.11080467
20241107_091742_505918813,-0.17491944
20241107_091742_748533521,-0.16031317
20241107_091743_005140365,-0.13031079
20241107_091743_251557157,0.003277937
20241107_091743_499617616,-0.024318954
20241107_091743_754384262,-0.06500485
20241107_091744_006948099,0.28804663
20241107_091744_265992146,-0.21451075
20241107_091744_518591017,-0.0625272
20241107_091744_757080590,-0.013406714
20241107_091745_007183763,0.035815336
20241107_091745_252870156,0.19609348
20241107_091745_507737912,0.06593207
20241107_091745_751003221,0.054363467
20241107_091746_001335925,0.054723777
20241107_091746_250355263,0.04312984
20241107_091746_504677307,0.023281971
20241107_091746_760207383,0.16358845
20241107_091747_007287833,-0.038193367
20241107_091747_252338636,-0.14563496
20241107_091747_503581466,-0.0681928
20241107_091747_750198445,-0.08155992
20241107_091748_003374149,-0.05711081
20241107_091748_251793509,-0.080185615
20241107_091748_507851418,-0.11069422
20241107_091748_753251743,-0.052297316
20241107_091749_016307421,-0.06675931
20241107_091749_255681033,-0.07413157
20241107_091749_505412654,0.19540499
20241107_091749_755079739,0.0699983
20241107_091750_004757377,0.015666226
20241107_091750_248220143,0.024538497
20241107_091750_501161924,0.05040679
20241107_091750_752300918,0.060514785
20241107_091751_004671192,0.033262827
20241107_091751_247687403,-0.039969467
20241107_091751_501255291,-0.1462651
20241107_091751_752797708,-0.10299488
20241107_091752_003183306,-1.7212448
20241107_091752_248363266,0.7423405
20241107_091752_502965864,0.28531495
20241107_091752_747132987,0.24478628
20241107_091753_002299250,0.224645
20241107_091753_254679453,0.20605667
20241107_091753_510273458,0.12736766
20241107_091753_749810557,0.3653209
20241107_091754_001712372,0.10197989
20241107_091754_249038176,-0.051104806
20241107_091754_500750569,0.06458891
20241107_091754_749897218,0.115684785
20241107_091754_998293888,0.07425324
20241107_091755_250583258,0.05748979
20241107_091755_502177908,0.038025893
20241107_091755_751954976,0.6785907
20241107_091756_010831821,0.59926724
20241107_091756_255828532,0.09847107
20241107_091756_512977537,-0.7954684
20241107_091756_753574146,-0.4892884
20241107_091757_002955560,-0.25612214
20241107_091757_254662985,-0.419636
20241107_091757_505981330,-0.6270064
20241107_091757_754498255,-0.5483559
20241107_091758_005751620,-0.545196
20241107_091758_251270782,-0.54421055
20241107_091758_512599847,-0.2079082
20241107_091758_761005448,-0.16129099
20241107_091759_011367386,0.04374086
20241107_091759_253366436,0.09818479
20241107_091759_502666803,0.11558426
20241107_091759_768184817,-0.17706771
20241107_091800_009813609,-0.016202232
20241107_091800_260952236,-0.04270204
20241107_091800_507144230,-0.046076678
20241107_091800_759382390,0.006658295
20241107_091801_009633326,0.36984992
20241107_091801_261510885,0.16591789
20241107_091801_507541097,-0.21468727
20241107_091801_755989579,0.041625388
20241107_091802_011515012,-0.10907658
20241107_091802_263192888,-0.18427058
20241107_091802_517909363,0.035053782
20241107_091802_762049120,-0.09344385
20241107_091803_005562311,-0.44513264
20241107_091803_256780874,-0.2053044
20241107_091803_505435974,-0.19818966
20241107_091803_749308797,-0.38497287
20241107_091804_007565612,-0.40717277
20241107_091804_259502269,-0.3250421
20241107_091804_520844877,-0.21502255
20241107_091804_758969521,-0.24210371
20241107_091805_022124835,-0.70944166
20241107_091805_265940827,-1.8028637
20241107_091805_513038880,-0.6593909
20241107_091805_760534707,-0.22335032
20241107_091806_011897116,-0.31239834
20241107_091806_260096152,-0.28760546
20241107_091806_512107587,-0.3157682
20241107_091806_752240305,-0.5971237
20241107_091807_005282724,-1.1727513
20241107_091807_254872250,-0.8753002
20241107_091807_507077486,-0.26375785
20241107_091807_761603300,-0.08797365
20241107_091808_008956656,-0.10114651
20241107_091808_251858348,-0.040623643
20241107_091808_518090315,0.34201154
20241107_091808_753707481,0.29461733
20241107_091809_003293414,0.41939133
20241107_091809_261729711,0.21924625
20241107_091809_515935604,0.19594784
20241107_091809_771454331,0.2002926
20241107_091810_011029043,0.20218198
20241107_091810_256776791,0.20086445
20241107_091810_508707734,0.25207922
20241107_091811_008885685,0.18676616
20241107_091811_258411180,0.17377745
20241107_091811_507724703,0.22824834
20241107_091811_755222803,0.2128032
20241107_091812_257334751,0.14802791
20241107_091812_505122896,-0.17089634
20241107_091812_750730546,0.037313886
20241107_091812_999945455,0.11219517
20241107_091813_248798597,0.0019978676
20241107_091813_500739766,0.05434493
20241107_091814_011235384,0.09056268
20241107_091814_260813266,0.1063743
20241107_091814_518480150,0.007983962
20241107_091814_761259181,0.22218381
20241107_091815_006418146,0.25861585
20241107_091815_253885517,0.43434462
20241107_091815_503761918,0.21191354
20241107_091816_001870071,0.20740275
20241107_091816_250120958,0.1937281
20241107_091816_748675762,0.23885934
20241107_091817_007462377,0.17948614
20241107_091817_249912208,0.14855205
20241107_091817_499835490,0.15518586
20241107_091817_746166892,0.13366388
20241107_091817_997899362,0.18001841
20241107_091818_248786473,-0.027540704
20241107_091818_501223543,-0.040423594
20241107_091818_753630595,0.049082138
20241107_091819_001177944,0.110438205
20241107_091819_250911337,0.036114134
20241107_091819_502129502,0.032985307
20241107_091819_747616732,-0.06692644
20241107_091820_246232645,-0.040676616
20241107_091820_500017944,0.016575197
20241107_091820_746057488,-0.058696054
20241107_091820_997361648,-0.059393965
20241107_091821_247107060,-0.65312064
20241107_091821_497697667,-0.29673716
20241107_091821_746847618,-0.4835967
20241107_091821_997896591,-0.48361772
20241107_091822_246142461,-0.6123501
20241107_091822_496128769,-0.84506476
20241107_091822_747620764,-0.41058144
20241107_091822_996133190,-0.42945203
20241107_091823_247894607,-0.51079184
20241107_091823_497422067,-0.41163108
20241107_091823_750027540,-0.12335887
20241107_091823_999830775,-0.14416017
20241107_091824_255637271,-0.25005913
20241107_091824_501999743,-0.1429628
20241107_091824_752936682,-0.244983
20241107_091825_006506310,-0.18713494
20241107_091825_256241517,-0.14466693
20241107_091825_503590888,-0.2710224
20241107_091825_756049492,-0.41437986
20241107_091826_006578130,-0.5382063
20241107_091826_251276673,0.3707063
20241107_091826_504196841,-0.15586169
20241107_091826_757472103,-0.2442189
20241107_091827_009684335,-0.068929695
20241107_091827_251495175,-0.015159687
20241107_091827_501137220,0.074118875
20241107_091827_753030739,0.25936657
20241107_091828_001040368,0.14640899
20241107_091828_246918534,0.16397941
20241107_091828_498810149,0.3092182
20241107_091828_745089332,0.19314769
20241107_091828_996936880,0.19977969
20241107_091829_245319184,0.110662766
20241107_091829_515895309,0.07693584
20241107_091829_748602439,0.049892664
20241107_091830_251645810,0.104211666
20241107_091830_498428378,0.08485484
20241107_091830_744392982,0.27414116
20241107_091830_997452445,0.5536451
20241107_091831_247632784,0.28768516
20241107_091831_500866103,0.20397884
20241107_091831_754676893,0.22565772
20241107_091832_005409078,0.6253111
20241107_091832_248385080,0.45089096
20241107_091832_495802370,0.768839
20241107_091832_998884530,1.1409982
20241107_091833_260496900,-0.32639763
20241107_091833_519007157,0.43562165
20241107_091833_757624690,0.18809548
20241107_091834_006290407,0.07843616
20241107_091834_252628085,0.3237842
20241107_091834_504582974,0.17899375
20241107_091835_014106963,0.16883843
20241107_091835_263052011,0.1575592
20241107_091835_512497068,0.0790026
20241107_091835_753765939,0.1842662
20241107_091836_001714096,0.16649507
20241107_091836_504642787,0.1447417
20241107_091836_749387392,0.15671672
20241107_091836_996812555,0.20089616
20241107_091837_245586346,0.14906354
20241107_091837_497632331,0.1911556
20241107_091838_251135144,0.1563348
20241107_091838_500530494,0.16246079
20241107_091838_746461134,-0.06827112
20241107_091839_000727877,0.0836756
20241107_091839_253699189,0.12834321
20241107_091839_501121010,0.20306237
20241107_091839_747971064,0.19212286
20241107_091840_001323328,0.10161928
20241107_091840_247449440,0.098252095
20241107_091840_498145537,0.061805405
20241107_091841_000445845,-0.023266098
20241107_091841_250603402,0.0382934
20241107_091841_505373332,0.16450079
20241107_091841_749504489,0.16243322
20241107_091841_995001552,0.12665813
20241107_091842_495956472,-0.0775912
20241107_091842_744332900,-0.070250474
20241107_091842_996720080,-0.4090779
20241107_091843_249025339,-0.72765905
20241107_091843_499386449,-0.28713265
20241107_091844_000680672,-0.24863349
20241107_091844_247725474,-0.2174079
20241107_091844_497978817,-0.3270872
20241107_091844_745844101,-0.24999659
20241107_091844_996151378,-0.21297212
20241107_091845_246407899,-0.16799144
20241107_091845_497969906,-0.23502956
20241107_091846_000827793,-0.18299957
20241107_091846_251028351,-0.18398847
20241107_091846_512143287,0.033133462
20241107_091846_761172366,0.036017813
20241107_091847_011938898,0.1688237
20241107_091847_253662859,0.04073996
20241107_091847_503142762,-0.13185944
20241107_091847_753352991,-0.13139184
20241107_091847_998890319,-0.052675568
20241107_091848_248406854,-0.0020883884
20241107_091848_499157330,-0.022533258
20241107_091849_001633505,0.020307818
20241107_091849_257851570,-0.034336172
20241107_091849_503084935,-0.0048577394
20241107_091849_747915289,-0.030710837
20241107_091850_247533436,-0.13474672
20241107_091850_502111198,-0.16456197
20241107_091850_748339670,0.15526043
20241107_091851_002455473,0.5669468
20241107_091851_258117287,0.2743356
20241107_091851_507012028,0.47301802
20241107_091851_751759293,0.41089082
20241107_091852_009671884,0.24191175
20241107_091852_510681775,0.51362497
20241107_091852_760853445,0.5520784
20241107_091853_011397955,0.34818912
20241107_091853_259657557,0.4429082
20241107_091853_998325820,1.4605114
20241107_091854_247990309,1.327238
20241107_091854_497946567,2.1836693
20241107_091854_749342256,-0.7309695
20241107_091855_002770459,-0.16182362
20241107_091855_256929297,-0.2986577
20241107_091855_509600384,-0.51163214
20241107_091855_750382349,-0.33690205
20241107_091856_000906185,-0.3796209
20241107_091856_748635907,-0.3652475
20241107_091857_245965808,-0.30652377
20241107_091857_500335029,1.0249037
20241107_091857_747691866,0.9283225
20241107_091857_997591008,0.7293875
20241107_091858_244384569,0.66373926
20241107_091858_497200991,0.69885904
20241107_091859_000067872,0.816933
20241107_091859_245752465,0.97451884
20241107_091859_498328466,0.20163216
20241107_091859_745850391,0.07825524
20241107_091900_002057078,0.36032027
20241107_091900_251029683,0.13437773
20241107_091900_505354966,-0.21695088
20241107_091900_749930631,-0.06377446
20241107_091901_003654605,0.41718996
20241107_091901_258110122,0.8989582
20241107_091901_512357858,0.8785071
20241107_091901_762733764,0.7692664
20241107_091902_006803460,1.3413377
20241107_091902_249859251,-0.7543222
20241107_091902_506152782,-0.38340548
20241107_091903_010120928,-0.1919532
20241107_091903_252689987,-0.12241673
20241107_091903_501457327,-0.22296096
20241107_091903_747869680,-0.30748674
20241107_091903_996923905,-0.48797184
20241107_091904_248846694,-0.37128136
20241107_091904_500833666,-0.25850928
20241107_091904_743622749,-0.31733766
20241107_091904_994523954,-0.80770475
20241107_091905_253421595,-0.32533
20241107_091905_502559544,-0.4131015
20241107_091905_749397931,-0.274783
20241107_091906_002975727,0.5267935
20241107_091906_259377851,0.15627049
20241107_091906_510031554,0.13162003
20241107_091906_754285171,0.2047178
20241107_091907_004820249,0.21956496
20241107_091907_257461120,0.25853252
20241107_091907_518357247,0.2497314
20241107_091907_765966669,0.24824353
20241107_091908_252423311,0.265896
20241107_091908_506700713,0.19870546
20241107_091908_756816831,0.045956142
20241107_091909_017283349,0.5437218
20241107_091909_266027185,0.13171221
20241107_091909_514746268,-0.012022695
20241107_091910_009721807,0.068566866
20241107_091910_254412232,0.11626185
20241107_091910_503409570,0.1194293
20241107_091910_750404670,0.13065334
20241107_091911_000088457,0.1338275
20241107_091911_256232066,-0.8254612
20241107_091911_505172746,0.09148312
20241107_091911_751650555,0.024999367
20241107_091912_006761959,-0.14958467
20241107_091912_255219989,-0.18188815
20241107_091912_508610125,-0.15944989
20241107_091912_752186463,-0.12049707
20241107_091913_004796449,-0.15347914
20241107_091913_251671876,-0.1530772
20241107_091913_505706674,0.14557801
20241107_091913_749469089,0.34854823
20241107_091914_004717166,0.33083072
20241107_091914_258050590,0.20794892
20241107_091914_507053988,-0.016925445
20241107_091914_752158963,0.023671458
20241107_091915_000126350,0.02677689
20241107_091915_256425694,0.07137362
20241107_091915_503660258,0.2192275
20241107_091915_749531942,0.26375908
20241107_091916_005162000,0.30095008
20241107_091916_254761770,0.24527974
20241107_091916_504477824,0.073290356
20241107_091916_752647431,-0.021353653
20241107_091917_006603958,-1.2580612
20241107_091917_263533896,-0.9309918
20241107_091917_511354254,-0.2802826
20241107_091917_760621651,0.08467386
20241107_091918_013155745,-0.0018308964
20241107_091918_256329687,-0.04208567
20241107_091918_507010388,-0.074893646
20241107_091918_752086667,-0.083452456
20241107_091919_250916001,-0.14004458
20241107_091919_503915042,-0.31964684
20241107_091919_753073837,-0.3452926
20241107_091920_003994222,-0.27906856
20241107_091920_259147649,-0.19152872
20241107_091920_516146956,-0.23803447
20241107_091920_755947504,-0.22419651
20241107_091921_015159663,-0.25546223
20241107_091921_263775597,-0.4003711
20241107_091921_511903067,-0.26245707
20241107_091922_003459527,-0.35770202
20241107_091922_247208533,-0.32723933
20241107_091922_748616122,-0.43653455
20241107_091922_998207825,-0.35950443
20241107_091923_497002303,-0.41907123
20241107_091923_744809702,-0.3792753
20241107_091924_007946514,-0.33080238
20241107_091924_253016025,-1.246579
20241107_091924_507693923,0.7983205
20241107_091924_750220219,0.51228935
20241107_091925_005599680,0.7503805
20241107_091925_251614251,0.56172025
20241107_091925_504025926,0.41819522
20241107_091925_749809394,0.24546997
20241107_091925_997311323,0.48673257
20241107_091926_499602992,0.47833183
20241107_091926_751583797,0.4820157
20241107_091927_000049348,0.15211387
20241107_091927_246326115,-0.009274324
20241107_091927_501819410,0.26626408
20241107_091927_749932732,0.59762526
20241107_091928_004611421,-0.7358858
20241107_091928_254456374,-0.50580055
20241107_091928_508940319,-0.69925714
20241107_091928_763690482,-0.44107077
20241107_091929_014613036,-0.58136094
20241107_091929_267239269,-0.56673
20241107_091929_535854986,-0.555167
20241107_091929_757893115,-1.9042687
20241107_091930_004119739,0.8347213
20241107_091930_250321167,0.7418295
20241107_091930_501145132,0.42247048
20241107_091930_754997887,0.25657722
20241107_091931_010680617,0.40241957
20241107_091931_266571376,0.36531353
20241107_091931_520107936,0.3593845
20241107_091931_758856647,0.36917916
20241107_091932_005204723,0.33010513
20241107_091932_254840690,0.12890263
20241107_091932_501917977,0.12257183
20241107_091933_004542856,0.24427693
20241107_091933_249766840,0.15846194
20241107_091933_504565691,0.20099558
20241107_091933_753627975,0.270118
20241107_091934_003747894,0.3443503
20241107_091934_252785049,0.5598546
20241107_091934_500721568,0.37397814
20241107_091934_748711378,0.12169302
20241107_091935_001012481,0.20280527
20241107_091935_251113397,0.17692779
20241107_091935_503887875,0.0874672
20241107_091935_756030440,0.11610425
20241107_091936_008090000,0.26138884
20241107_091936_504173948,0.66848326
20241107_091936_748540253,1.3537136
20241107_091936_998889666,1.134159
20241107_091937_249029697,0.26709366
20241107_091937_498216078,0.18012752
20241107_091937_746713119,0.16919649
20241107_091938_005372902,0.100705184
20241107_091938_246706483,0.3191878
20241107_091938_499205158,0.27146706
20241107_091938_745675868,0.5840356
20241107_091938_998423478,-0.65726525
20241107_091939_249903097,-1.0208728
20241107_091939_500784777,0.40314582
20241107_091939_750435955,1.0398294
20241107_091940_000987751,0.359685
20241107_091940_246724017,0.09330533
20241107_091940_504200037,0.40394253
20241107_091940_751056894,0.38743603
20241107_091941_003394320,0.3740778
20241107_091941_247272832,0.28800485
20241107_091941_751681971,0.2567114
20241107_091941_997249284,1.1255949
20241107_091942_245857376,0.8769762
20241107_091942_498490300,0.6600806
20241107_091942_747177563,0.97067034
20241107_091942_997189829,0.80798674
20241107_091943_251341697,0.83057517
20241107_091943_506812987,-0.6650709
20241107_091943_754306738,-0.55146635
20241107_091944_002686012,-0.95884806
20241107_091944_249509125,-0.94849586
20241107_091944_499788180,0.85614973
20241107_091944_748733087,0.32420772
20241107_091944_998263915,0.5497991
20241107_091945_246277193,0.50737566
20241107_091945_498751788,0.7909322
20241107_091945_747984106,0.18540113
20241107_091945_997435017,0.29547736
20241107_091946_251241892,0.299737
20241107_091946_750828653,0.29257077
20241107_091947_000168683,0.2581777
20241107_091947_499948350,0.40758955
20241107_091948_244575059,0.33416793
20241107_091948_494596597,0.3362461
20241107_091948_743166092,0.34217235
20241107_091948_993957390,0.18699516
20241107_091949_502623044,0.5407002
20241107_091949_749152024,-0.11460628
20241107_091950_000789182,-0.86272174
20241107_091950_250854502,-0.23168392
20241107_091950_503423890,-0.4567687
20241107_091950_755519179,-0.3762454
20241107_091951_004765123,-0.37522617
20241107_091951_250582841,-0.37040058
20241107_091951_501838341,-0.40937352
20241107_091951_750036892,-0.27783105
20241107_091952_001231499,-0.3291175
20241107_091952_256413528,-0.25582892
20241107_091952_504501889,-0.21175258
20241107_091952_997819168,-0.5471005
20241107_091953_250213104,-0.23299696
20241107_091953_502366631,0.0016304348
20241107_091953_749665662,-0.08931219
20241107_091954_000173191,-0.05106931
20241107_091954_501384701,-0.079532556
20241107_091955_002460844,-0.031401686
20241107_091955_267417102,0.04650817
20241107_091955_507145875,-0.09176987
20241107_091955_757056609,0.15246446
20241107_091956_015013606,0.087323405
20241107_091956_510337787,0.0075279865
20241107_091957_022130143,-0.010190001
20241107_091957_253379773,-0.020592203
20241107_091957_503917128,0.053333886
20241107_091957_753362887,0.019051382
20241107_091958_009623070,-0.059653394
20241107_091958_258847484,-0.092050456
20241107_091958_511689583,-0.08122628
20241107_091959_013012517,-0.086185776
20241107_091959_264269854,0.011229912
20241107_091959_521260145,0.17181973
20241107_091959_770925208,0.17925759
20241107_092000_019688336,0.5374378
20241107_092000_265427224,3.666309
20241107_092000_527975972,1.1069362
20241107_092000_778760715,-0.21387868
20241107_092001_027961939,-0.8063381
20241107_092001_296752719,-2.2586932
20241107_092001_529417519,-1.1667558
20241107_092001_778741143,1.0927414
20241107_092002_041906431,0.39801437
20241107_092002_282735815,1.125218
20241107_092002_528251619,-0.53442603
20241107_092002_765513077,-0.38222125
20241107_092003_013512170,0.30638337
20241107_092003_263245752,0.060862333
20241107_092003_524730323,-0.00060015544
20241107_092003_762560281,0.013274441
20241107_092004_018652614,0.30967787
20241107_092004_260529650,1.2937168
20241107_092004_522335336,1.1912171
20241107_092004_767314707,2.1986887
20241107_092005_019819242,-0.25140193
20241107_092005_260200574,0.014559371
20241107_092005_516399003,0.16409463
20241107_092005_759679486,0.19485289
20241107_092006_025294998,0.3224264
20241107_092006_264803841,0.8607613
20241107_092006_513930104,0.5183154
20241107_092006_758138864,0.4599747
20241107_092007_004949266,0.36104152
20241107_092007_252861092,0.29301983
20241107_092007_500502522,0.6046608
20241107_092007_748848462,0.54492825
20241107_092008_003248753,0.38749495
20241107_092008_249149383,0.36877626
20241107_092008_497356672,-0.030737067
20241107_092008_748571063,-0.1552815
20241107_092009_000277469,-0.028360864
20241107_092009_248764171,-0.2185603
20241107_092009_499870076,-0.005131241
20241107_092009_748257301,-0.22116216
20241107_092010_260161630,0.044668563
20241107_092010_506554675,0.06674633
20241107_092010_753520511,0.06295601
20241107_092011_000280484,-0.008653423
20241107_092011_249908207,0.12528138
20241107_092011_500721382,0.08368928
20241107_092011_752282823,0.08757306
20241107_092012_003669883,0.50613445
20241107_092012_256569414,1.0945442
20241107_092012_508743017,0.29094875
20241107_092012_756721619,0.24868624
20241107_092013_004743403,0.2663544
20241107_092013_250473003,0.28607476
20241107_092013_510607434,0.32339787
20241107_092013_763445814,0.3061284
20241107_092014_016126840,0.3621192
20241107_092014_256393830,0.55698794
20241107_092014_503486963,0.36341208
20241107_092014_750192621,0.31951147
20241107_092015_009046331,0.2473161
20241107_092015_260239694,-0.022639355
20241107_092015_499149673,0.16448955
20241107_092015_745397618,0.20471506
20241107_092015_998996871,0.1633359
20241107_092016_248521691,0.2210138
20241107_092016_498812903,-0.1598898
20241107_092016_749187036,-0.035330527
20241107_092017_009735908,0.016702482
20241107_092017_255762021,0.12651311
20241107_092017_505617552,0.09470213
20241107_092017_755959061,0.09877253
20241107_092018_003902629,0.09773741
20241107_092018_253525458,0.18730892
20241107_092018_507537859,0.26269233
20241107_092018_746087653,0.43706417
20241107_092018_996671751,0.67989665
20241107_092019_246045478,0.017555123
20241107_092019_496220116,0.0035472307
20241107_092019_753907681,-0.19110842
20241107_092020_006883865,-1.839925
20241107_092020_254107721,0.8707929
20241107_092020_510718107,0.57935685
20241107_092020_752923940,0.35827821
20241107_092021_008728420,0.58060473
20241107_092021_253186557,0.09254305
20241107_092021_502570062,-0.13234468
20241107_092021_755503646,-0.06044116
20241107_092022_007426943,0.24793051
20241107_092022_256316465,-0.08382901
20241107_092022_507875683,-0.019698938
20241107_092022_748775577,-0.007073125
20241107_092023_000366672,-0.008851131
20241107_092023_258820174,0.05527482
20241107_092023_507333719,0.0448064
20241107_092023_752013091,-0.032371663
20241107_092024_004829061,1.0506727
20241107_092024_264741477,0.70532054
20241107_092024_514289769,0.8748592
20241107_092024_757382016,0.93843204
20241107_092025_002425715,0.553501
20241107_092025_251955037,0.32521564
20241107_092025_515492473,0.86310047
20241107_092025_752877143,1.2177887
20241107_092026_007997010,0.4606008
20241107_092026_255390512,0.21482165
20241107_092026_504747246,0.21950604
20241107_092026_753029178,0.19823141
20241107_092027_010757696,0.27014253
20241107_092027_250024148,0.2862555
20241107_092027_504686542,0.32852128
20241107_092027_748424428,0.509293
20241107_092028_007172604,0.40027708
20241107_092028_253354111,0.3592262
20241107_092028_501966710,-0.020878037
20241107_092028_747791663,0.025949785
20241107_092029_001119714,0.065550216
20241107_092029_249304991,0.042851783
20241107_092029_520652099,0.08586276
20241107_092029_751010842,0.015053937
20241107_092029_997230026,0.124619015
20241107_092030_244514416,0.026465157
20241107_092030_493763725,0.18785955
20241107_092030_745747608,0.2544968
20241107_092030_998370971,0.50058156
20241107_092031_247140547,0.2736034
20241107_092031_500962671,0.15788056
20241107_092031_748697937,0.10572306
20241107_092031_997427339,0.15728818
20241107_092032_245047503,0.11284102
20241107_092032_498783984,0.09954751
20241107_092032_746633505,0.103605814
20241107_092033_001054665,0.052490152
20241107_092033_246966182,0.27078885
20241107_092033_504940743,0.36743027
20241107_092033_749287501,0.2723124
20241107_092033_998882328,0.039009847
20241107_092034_246493756,0.111208506
20241107_092034_507454953,0.15250929
20241107_092034_755631697,0.18208595
20241107_092035_005865209,0.10227845
20241107_092035_249547126,0.2599196
20241107_092035_498301390,0.204571
20241107_092036_502668162,0.17694797
20241107_092036_750258068,0.16579048
20241107_092036_997554395,0.19573204
20241107_092037_251507084,0.1538821
20241107_092037_499520428,0.16708685
20241107_092037_996384968,-0.23702343
20241107_092038_249419843,-0.011209032
20241107_092038_507584065,0.16205275
20241107_092038_752839243,-0.028904786
20241107_092039_010914827,-0.09678202
20241107_092039_262481941,-0.12334939
20241107_092039_999387501,-0.08291396
20241107_092040_245479245,0.06340237
20241107_092040_497618799,-0.004413238
20241107_092040_743521553,0.0046177898
20241107_092040_994863444,0.01856018
20241107_092041_242555190,0.026322046
20241107_092041_746362521,-0.045829944
20241107_092042_001066543,0.0462488
20241107_092042_245970461,0.12742828
20241107_092042_500058423,0.0641307
20241107_092042_745202610,0.10139466
20241107_092043_001738954,0.054951616
20241107_092043_498889480,0.14429277
20241107_092043_749404682,0.10715187
20241107_092044_255086395,0.62367344
20241107_092044_506292779,-0.5846277
20241107_092044_754474846,0.07656637
20241107_092045_010872876,0.075125314
20241107_092045_253297050,0.11640001
20241107_092045_518349281,0.20610677
20241107_092045_761269267,0.114855
20241107_092046_008978573,0.13797815
20241107_092046_254596119,0.30422413
20241107_092046_509415741,0.48881826
20241107_092046_754905589,0.19353102
20241107_092047_002308697,-0.976952
20241107_092047_256368847,1.3382856
20241107_092047_509352964,0.75758994
20241107_092047_758723967,0.60479784
20241107_092048_017353578,0.22434728
20241107_092048_255379558,-0.7279159
20241107_092048_506411162,-0.32617864
20241107_092048_750032558,-0.45570737
20241107_092049_004285994,-0.5746518
20241107_092049_244742818,0.8088242
20241107_092049_495940657,0.17869405
20241107_092049_746324539,-0.8146388
20241107_092049_994795985,0.24629693
20241107_092050_248208684,-0.46554342
20241107_092050_495668246,-0.39291647
20241107_092050_744283191,-0.6505791
20241107_092050_999081405,-0.65284616
20241107_092051_251589984,-0.24208282
20241107_092051_503671692,-0.04542751
20241107_092052_013107218,-0.025923392
20241107_092052_254689413,-0.0358276
20241107_092052_507377395,-0.036850058
20241107_092052_752514576,-0.29205725
20241107_092053_000936803,-0.34025505
20241107_092053_243815129,-0.41783658
20241107_092053_748506296,-0.3289484
20241107_092053_997810256,-0.23670746
20241107_092054_247531180,-0.091796316
20241107_092054_499544376,-0.021401932
20241107_092054_742750260,-0.12682422
20241107_092054_993906308,-0.1684718
20241107_092055_242512687,-0.029526671
20241107_092055_498827859,1.523095
20241107_092055_747881571,0.78349495
20241107_092056_004955261,0.35670513
20241107_092056_251715967,0.4329782
20241107_092056_507433434,0.4807444
20241107_092057_011478511,0.48601004
20241107_092057_254630884,0.3105643
20241107_092057_505261622,0.4073625
20241107_092057_754480997,-0.89112204
20241107_092058_002752320,0.36113763
20241107_092058_250626087,1.1019765
20241107_092058_506102577,0.31492543
20241107_092058_755581447,0.287894
20241107_092059_009296496,0.09034497
20241107_092059_253208467,0.3408363
20241107_092059_508789243,0.5832598
20241107_092059_753180780,0.87167543
20241107_092100_008443112,1.942101
20241107_092100_256651591,-0.5898939
20241107_092100_509545103,0.34901634
20241107_092100_761695715,0.38218197
20241107_092101_018198705,0.6493372
20241107_092101_266319101,2.2368999
20241107_092101_517723324,2.6768477
20241107_092101_761469782,1.763552
20241107_092102_013768470,0.26585326
20241107_092102_259873378,0.07667122
20241107_092102_508687596,-0.2202843
20241107_092102_758196149,-0.1505497
20241107_092103_007487135,-0.1700996
20241107_092103_253563277,-0.26017448
20241107_092103_503563073,-1.9307959
20241107_092103_749745947,-0.2236384
20241107_092104_001096282,-0.15843172
20241107_092104_248333223,0.026989201
20241107_092104_499972913,0.31511495
20241107_092104_750015667,0.110879965
20241107_092104_998593186,0.1401109
20241107_092105_496374935,-0.115127586
20241107_092105_749659893,-0.019474527
20241107_092106_005797827,0.3214098
20241107_092106_256211095,0.17535736
20241107_092106_510573302,0.102141894
20241107_092106_755680833,0.36489883
20241107_092107_009429810,0.7888408
20241107_092107_257839092,0.92430437
20241107_092107_507699568,1.3470625
20241107_092107_750011167,0.39246365
20241107_092108_000145769,0.12723038
20241107_092108_256526295,0.011259923
20241107_092108_514028306,0.24206688
20241107_092108_761883506,0.21004803
20241107_092109_009942604,0.39876693
20241107_092109_250215518,0.6295838
20241107_092109_501203486,0.8819122
20241107_092109_747026615,0.62463397
20241107_092109_998504976,0.25269157
20241107_092110_248158347,-0.017597338
20241107_092110_497160211,0.0011619721
20241107_092110_747987104,0.04512284
20241107_092111_010335515,0.062789775
20241107_092111_252246342,-0.6007925
20241107_092111_502706153,-0.7598334
20241107_092111_747185631,-0.23155867
20241107_092112_000654359,-0.20443405
20241107_092112_251814474,-0.4522482
20241107_092112_504209352,-1.1542237
20241107_092112_753216102,-0.98126644
20241107_092113_001067774,-0.34383392
20241107_092113_245457339,0.20810716
20241107_092113_500524187,-0.40247113
20241107_092113_759583495,-0.5598918
20241107_092114_007544219,-0.40247044
20241107_092114_249763353,-0.34822157
20241107_092114_500915804,-0.7638011
20241107_092114_748308125,-0.09718571
20241107_092114_998063515,-0.07543614
20241107_092115_246518927,-0.0065737087
20241107_092115_503781133,0.41076803
20241107_092115_750729044,0.07179964
20241107_092115_996126164,0.14927055
20241107_092116_244988017,0.0044745
20241107_092116_499314859,-0.08263626
20241107_092116_750168650,-1.4675734
20241107_092117_009489760,0.48749617
20241107_092117_258389564,0.4503278
20241107_092117_502434108,0.8143431
20241107_092117_748963290,1.5779945
20241107_092117_998929808,0.28514662
20241107_092118_241910776,-0.12588798
20241107_092118_494742383,-0.19630685
20241107_092118_748352741,-0.11333027
20241107_092119_002245755,-0.05751448
20241107_092119_250408498,-0.03996771
20241107_092119_504998492,0.35494995
20241107_092119_748838158,0.31110305
20241107_092120_001530111,0.1590481
20241107_092120_248366011,0.123335816
20241107_092120_498220422,-0.14283474
20241107_092120_742388872,-0.31895962
20241107_092120_995322287,-0.20645203
20241107_092121_243791235,-0.04567065
20241107_092121_494131759,-0.078789674
20241107_092121_745255989,-0.11200789
20241107_092121_995142184,-0.074916475
20241107_092122_242151767,0.0022262726
20241107_092122_491785265,-0.08662274
20241107_092122_740732301,-0.031728767
20241107_092122_992641421,-0.06694456
20241107_092123_242208814,-0.016064694
20241107_092123_498114656,-0.008768639
20241107_092123_745820186,0.053356506
20241107_092123_994385626,-0.028960964
20241107_092124_239432323,-0.022734603
20241107_092124_491929876,0.0044010673
20241107_092124_743050835,0.058930613
20241107_092124_998666028,-0.7032651
20241107_092125_256187583,-0.33640143
20241107_092125_510511576,-0.2821256
20241107_092125_751638695,0.05002608
20241107_092126_004502532,0.132403
20241107_092126_246567838,0.3970179
20241107_092126_505126420,0.595304
20241107_092126_752704314,0.16612488
20241107_092127_003066103,0.16129781
20241107_092127_246292823,-0.33935204
20241107_092127_506380676,-0.16000135
20241107_092127_748368191,-0.6242498
20241107_092128_005707833,-0.53860396
20241107_092128_250781484,-0.31471947
20241107_092128_510979973,-0.025270602
20241107_092128_757218921,0.2965641
20241107_092129_004532212,0.1762728
20241107_092129_249454777,0.008555101
20241107_092129_514689331,1.0555506
20241107_092129_745844368,-0.112523936
20241107_092129_994375030,0.0382754
20241107_092130_245694100,0.009211281
20241107_092130_497639284,-0.1919965
20241107_092130_746964435,-0.11197861
20241107_092131_000788481,0.16837086
20241107_092131_252856848,-0.82978135
20241107_092131_504674013,-1.5973542
20241107_092131_754282949,0.6522519
20241107_092132_004919918,0.7782406
20241107_092132_256500311,0.37616435
20241107_092132_516437082,0.6727935
20241107_092132_756661794,0.8028456
20241107_092133_003049856,0.93999845
20241107_092133_250608674,0.7059706
20241107_092133_505936515,0.5331061
20241107_092133_752437515,0.45665458
20241107_092133_999467456,0.43163523
20241107_092134_250888550,0.40272814
20241107_092134_494983800,0.3655119
20241107_092134_741756188,0.27435216
20241107_092134_994759754,0.31047446
20241107_092135_243540980,0.3486757
20241107_092135_494643990,0.30961844
20241107_092135_749535131,0.52688116
20241107_092135_996645211,0.22244139
20241107_092136_251297376,0.19380416
20241107_092136_501548415,0.014149973
20241107_092136_747149718,-0.04126384
20241107_092136_996728566,-0.052363954
20241107_092137_246372156,-0.37456298
20241107_092137_497516312,-0.12964974
20241107_092137_747725958,-0.078596376
20241107_092137_995578790,-0.08302691
20241107_092138_249122441,-0.36371994
20241107_092138_499122198,-0.124707066
20241107_092138_748866319,0.02438257
20241107_092138_996422295,-0.04181256
20241107_092139_245319004,-0.12803842
20241107_092139_497916297,-0.008471211
20241107_092139_746307826,0.09858263
20241107_092139_996289101,-0.01145502
20241107_092140_243519970,-0.0008044448
20241107_092140_492307792,-0.0392048
20241107_092140_745358309,-0.055005454
20241107_092140_999517820,-0.06807294
20241107_092141_244166448,-0.03993448
20241107_092141_497398130,-0.026550671
20241107_092141_745420015,-0.15827824
20241107_092142_001135222,-0.077520214
20241107_092142_245037458,0.051419124
20241107_092142_496552140,0.12544404
20241107_092142_748947929,0.26286474
20241107_092142_998387467,-0.04846903
20241107_092143_243830268,-0.40459505
20241107_092143_496828805,-0.15915538
20241107_092143_750371768,-0.11169442
20241107_092144_003634313,-0.069648825
20241107_092144_250815351,-0.06939914
20241107_092144_509617980,-0.1244215
20241107_092144_751662228,-0.101539634
20241107_092145_003313344,-0.054119132
20241107_092145_248835546,-1.6784314
20241107_092145_505671185,0.03329479
20241107_092145_758948840,0.36872303
20241107_092146_015596662,0.14553624
20241107_092146_257831002,0.123002715
20241107_092146_506961123,0.07068298
20241107_092146_757304403,-0.15900342
20241107_092147_005785837,-1.0151982
20241107_092147_254178695,-0.18439122
20241107_092147_506166702,1.0281439
20241107_092147_754918959,0.6651493
20241107_092148_009031513,0.1238989
20241107_092148_255992286,1.1403283
20241107_092148_512827375,-0.86790854
20241107_092148_757078833,0.7896454
20241107_092149_011705512,0.7513304
20241107_092149_259415319,-0.1417788
20241107_092149_504868220,-0.17354274
20241107_092149_755520344,-0.085165225
20241107_092150_014667616,-0.4363666
20241107_092150_252419169,-0.99210006
20241107_092150_500507142,0.577695
20241107_092150_751046681,0.16970684
20241107_092150_998119207,1.6406529
20241107_092151_244983003,0.4742441
20241107_092151_502372614,0.36669543
20241107_092151_752487253,0.531482
20241107_092152_245921604,0.7448533
20241107_092152_502159176,0.30698234
20241107_092152_752786789,0.25572145
20241107_092153_001402832,0.3753717
20241107_092153_244496752,0.3264502
20241107_092153_498479192,0.18254118
20241107_092153_751269194,0.13507704
20241107_092153_998313308,0.25741574
20241107_092154_498154294,0.1925656
20241107_092155_009713712,0.19917952
20241107_092155_257873904,0.17007862
20241107_092155_500669279,0.2435383
20241107_092155_744819216,0.21760844
20241107_092155_997937102,0.18614231
20241107_092156_247347079,-0.16649546
20241107_092156_498551682,0.022512177
20241107_092156_753610815,0.02648593
20241107_092156_999737795,-0.05403509
20241107_092157_745527767,-0.20650055
20241107_092157_996990969,0.3441076
20241107_092158_248454725,-0.43123868
20241107_092158_502978864,-1.364675
20241107_092158_751890721,-0.46656826
20241107_092159_001309368,-0.29520938
20241107_092159_249054846,-1.5557169
20241107_092159_506038439,1.0314547
20241107_092159_756880695,-0.7857198
20241107_092200_008580019,-0.024986
20241107_092200_255437914,-0.116894506
20241107_092200_506736553,-0.37764555
20241107_092200_748681952,-0.24719615
20241107_092201_014136256,0.13293782
20241107_092201_269795980,-0.23207875
20241107_092201_523903546,0.025721872
20241107_092201_770289137,-0.022981783
20241107_092202_018719876,0.052588604
20241107_092202_260513660,0.07514868
20241107_092202_520131623,-0.08299645
20241107_092202_763898376,-0.04417821
20241107_092203_255276458,-0.19607987
20241107_092203_506024731,-1.5864049
20241107_092203_752221792,0.31184795
20241107_092204_005388876,-0.848612
20241107_092204_255274139,-0.3451599
20241107_092204_504942872,-0.22255929
20241107_092204_756671494,0.074821055
20241107_092205_014696687,-0.12067606
20241107_092205_262222112,-0.10312923
20241107_092205_508482562,-0.1320404
20241107_092205_756975367,-0.11947449
20241107_092206_006171403,-0.1246674
20241107_092206_251310444,0.047423974
20241107_092206_504363600,0.10276095
20241107_092206_757471650,0.49904814
20241107_092207_007538155,0.43338868
20241107_092207_257664731,1.5132077
20241107_092207_507759193,0.65479153
20241107_092207_761698007,0.3373895
20241107_092208_012298582,0.4118084
20241107_092208_258509089,1.0325562
20241107_092208_755664601,0.42900267
20241107_092209_011315134,-0.17127599
20241107_092209_262447204,-0.033787675
20241107_092209_511100158,-0.44368136
20241107_092209_759620166,-0.27300498
20241107_092210_013283423,-0.088528775
20241107_092210_260619579,-0.13123207
20241107_092210_515993515,-0.06059023
20241107_092210_762828430,-0.04726412
20241107_092211_252197005,-0.05862304
20241107_092211_507008261,-0.14922185
20241107_092211_762402908,-0.122596405
20241107_092212_011763707,-0.0743291
20241107_092212_254558063,-0.033132456
20241107_092212_501999640,-0.08565571
20241107_092212_753038888,-0.10734173
20241107_092213_013204614,-0.106041275
20241107_092213_263695664,-0.07503118
20241107_092213_511700497,-0.10179695
20241107_092213_758830692,-0.24278273
20241107_092214_009947855,-0.25651196
20241107_092214_505537173,-0.8345146
20241107_092214_754821242,-0.54783624
20241107_092215_005947120,-0.35077924
20241107_092215_251883169,-0.22388177
20241107_092215_512027019,-1.7482497
20241107_092215_754587214,0.5563943
20241107_092216_010436554,0.19921462
20241107_092216_256920682,0.31797376
20241107_092216_508666712,-0.16761096
20241107_092216_761680860,-0.24577744
20241107_092217_015603322,-0.17889167
20241107_092217_256329646,-0.109080754
20241107_092217_508361265,-0.11928978
20241107_092217_754252120,-0.12215795
20241107_092218_008439726,-0.12246623
20241107_092218_253637693,-0.12632532
20241107_092218_755297484,0.046214677
20241107_092219_010059162,-0.03338804
20241107_092219_252692208,0.04950986
20241107_092219_511897813,0.15582976
20241107_092220_253789584,0.037146486
20241107_092220_504860987,-0.046264134
20241107_092220_757241572,-0.010384759
20241107_092221_014711151,-0.00921317
20241107_092221_258243661,0.06299559
20241107_092221_506442368,0.057234146
20241107_092222_005114115,0.027342537
20241107_092222_258180764,0.3030806
20241107_092222_507068950,0.24416007
20241107_092222_754687336,0.19953255
20241107_092223_259947513,0.11889265
20241107_092223_506291174,0.010338107
20241107_092223_756100399,-0.08577102
20241107_092224_006761350,0.15153365
20241107_092224_508210031,0.49264178
20241107_092224_756744818,0.9095537
20241107_092225_018640768,0.46110502
20241107_092225_258725478,0.41780373
20241107_092225_754659930,0.46878165
20241107_092226_003487771,0.28927457
20241107_092226_251850530,0.26713276
20241107_092226_501913399,1.5461801
20241107_092226_751313560,-0.3267604
20241107_092227_006593464,-0.30143222
20241107_092227_267314797,-0.28333694
20241107_092227_512887612,-0.2557142
20241107_092227_758634209,-0.31305382
20241107_092228_004483860,-0.57994634
20241107_092228_253972967,-0.031960316
20241107_092228_505302273,-0.09238719
20241107_092228_757686057,-0.30477205
20241107_092229_018282597,-0.40326023
20241107_092229_256565840,-0.34424108
20241107_092229_523828287,-0.92900467
20241107_092229_752036205,-0.7962257
20241107_092230_004226348,-0.58579904
20241107_092230_750484039,-0.39951077
20241107_092231_002136665,-0.557009
20241107_092231_251757544,-0.43668935
20241107_092231_503438748,-0.4111062
20241107_092231_749698818,-0.49588612
20241107_092232_253281572,-0.58581096
20241107_092232_757823700,-0.5046168
20241107_092233_264649250,-0.45050392
20241107_092233_510119191,-0.37942544
20241107_092234_020954619,-0.56455517
20241107_092234_265549845,-1.2718354
20241107_092234_514583810,-0.7640647
20241107_092234_765476345,0.22487818
20241107_092235_019460889,-0.045867942
20241107_092235_277804258,-1.1718482
20241107_092235_537395731,-0.07060643
20241107_092235_778540205,1.3069763
20241107_092236_032517121,1.4847002
20241107_092236_269481903,-0.66190326
20241107_092236_517699076,-0.10519947
20241107_092236_759934357,-0.14817816
20241107_092237_254814128,-0.098210774
20241107_092237_505602585,-0.16653682
20241107_092237_754674401,-0.18223967
20241107_092238_252842750,0.26618063
20241107_092238_503097799,0.0073859487
20241107_092238_755226981,-0.016174337
20241107_092239_010070807,-0.026706716
20241107_092239_257583486,0.00447152
20241107_092239_502886405,0.05003182
20241107_092239_755732928,0.01734064
20241107_092240_011701348,0.11116368
20241107_092240_260980084,0.08320061
20241107_092240_760605822,0.05874131
20241107_092241_255008556,0.05678294
20241107_092242_001657679,0.20996304
20241107_092242_250270652,0.05924163
20241107_092242_503036148,0.056581356
20241107_092242_757655948,0.2777579
20241107_092243_011712141,0.1779914
20241107_092243_254587745,0.17825566
20241107_092243_504392268,0.13714902
20241107_092243_753494114,0.10340927
20241107_092244_001317219,0.10487793
20241107_092244_253258802,0.09542111
20241107_092244_502757044,0.09382806
20241107_092244_753614515,0.060265817
20241107_092245_009307658,0.05430398
20241107_092245_252590829,0.04693822
20241107_092245_507544284,0.107980885
20241107_092246_005619227,0.1820823
20241107_092246_256359971,0.1309828
20241107_092246_502434715,-0.09796836
20241107_092246_751557474,-0.1420423
20241107_092247_004719806,-0.0025657024
20241107_092247_255286653,0.005055705
20241107_092247_503188737,0.014769951
20241107_092248_249333844,0.04604856
20241107_092248_499514620,0.15780447
20241107_092248_746364828,0.34194583
20241107_092249_000766910,1.1986836
20241107_092249_257292851,-0.26624715
20241107_092249_509835617,-0.18086635
20241107_092249_767272264,-0.72396845
20241107_092250_021986362,0.011090161
20241107_092250_257789785,0.066808365
20241107_092250_507112360,0.0708867
20241107_092250_751704195,0.058946073
20241107_092251_006793027,0.4633613
20241107_092251_259948853,-0.17591967
20241107_092251_508729504,-0.07096789
20241107_092251_758787663,0.04745824
20241107_092252_011703043,-0.57922024
20241107_092252_253652933,-0.33968285
20241107_092252_502970937,0.60472995
20241107_092252_750861973,0.22764097
20241107_092253_005827326,0.29807517
20241107_092253_251336986,0.4562176
20241107_092253_501715798,0.43232182
20241107_092253_748246324,1.1314896
20241107_092254_000081869,0.36742646
20241107_092254_253406819,0.018693874
20241107_092254_509979645,0.022741864
20241107_092254_757499603,-0.5985746
20241107_092255_010275684,-0.62083286
20241107_092255_254254010,-0.5332793
20241107_092255_507694318,-0.07315691
20241107_092255_753767093,-0.27144268
20241107_092256_003995595,-0.7752255
20241107_092256_498698181,-0.5173979
20241107_092256_748590381,-0.14221695
20241107_092257_001052699,-0.22494496
20241107_092257_254945637,0.1451089
20241107_092257_503366189,0.5017009
20241107_092257_750019300,0.7842556
20241107_092258_001770902,0.7533587
20241107_092258_250559575,0.6968535
20241107_092258_503821110,0.43894523
20241107_092258_749703616,0.0031391177
20241107_092258_998983529,0.010233561
20241107_092259_249726951,0.13616689
20241107_092259_754094347,0.36218658
20241107_092300_007532996,0.21561666
20241107_092300_254059167,-0.013642749
20241107_092300_509337051,-0.31949583
20241107_092300_755963024,-0.14789484
20241107_092301_007682080,-0.08780684
20241107_092301_257443307,-0.38596216
20241107_092301_509109743,-1.8110262
20241107_092301_753053584,1.0026062
20241107_092302_003791829,0.3484742
20241107_092302_253646449,0.4108116
20241107_092302_507733534,1.0483824
20241107_092302_758096272,0.3966097
20241107_092303_011358677,0.06282205
20241107_092303_250131930,0.111831136
20241107_092303_503850907,0.012093106
20241107_092304_003858360,0.03547091
20241107_092304_252378268,0.016561309
20241107_092304_499374750,-0.021162232
20241107_092304_746218108,-0.09459215
20241107_092304_999231005,-0.04223802
20241107_092305_248941171,-0.050462447
20241107_092305_502391998,-0.01385512
20241107_092305_751222397,-0.004668018
20241107_092306_248644830,-0.04453238
20241107_092306_497791220,-0.08384555
20241107_092306_746255203,-0.20333453
20241107_092306_997225652,-0.17429008
20241107_092307_247611772,-0.21575142
20241107_092307_496452998,-0.00048197247
20241107_092307_746444800,-0.066081606
20241107_092307_999299709,0.018613378
20241107_092308_246932050,0.0053095613
20241107_092309_249336241,0.026061693
20241107_092310_250504867,0.01641784
20241107_092311_002848494,-0.14821051
20241107_092311_251995712,-0.058834396
20241107_092311_752008030,-0.024946978
20241107_092312_001238082,0.1181548
20241107_092312_254674699,0.045093544
20241107_092312_504932394,0.090415634
20241107_092312_749570885,-0.047269545
20241107_092313_000625746,0.13117234
20241107_092313_250699253,0.19026063
20241107_092313_757770960,0.57260835
20241107_092314_011149694,0.1855184
20241107_092314_259072067,0.24341653
20241107_092314_751358784,0.13463135
20241107_092315_008428872,-0.24237613
20241107_092315_263222940,-0.1829939
20241107_092315_508341725,-0.10084214
20241107_092315_752835450,-0.087795906
20241107_092316_250262667,-0.05537697
20241107_092316_503803632,-0.22096474
20241107_092316_751155485,-0.09138223
20241107_092317_000697323,-0.06492772
20241107_092317_247843217,0.20881458
20241107_092317_501855083,0.2662985
20241107_092317_755227934,-0.021630784
20241107_092318_013894173,0.03857813
20241107_092318_260366785,0.0838115
20241107_092318_510619223,0.11080966
20241107_092318_752488845,0.1484438
20241107_092319_013276129,0.28009215
20241107_092319_267458717,0.37178776
20241107_092319_519955887,0.36696675
20241107_092319_759708576,0.48361018
20241107_092320_013766521,0.15489684
20241107_092320_258978861,0.079013266
20241107_092320_515424060,0.16692011
20241107_092320_758995790,0.17882608
20241107_092321_007578545,0.14416079
20241107_092321_264491548,0.2529371
20241107_092322_023953406,0.65211725
20241107_092322_273139880,-0.09696645
20241107_092322_522355702,-0.4086921
20241107_092322_778251315,-0.28397998
20241107_092323_035206270,-0.15124859
20241107_092323_264553557,-0.16110106
20241107_092323_507812376,-0.1462123
20241107_092323_751518858,-0.16557802
20241107_092324_006008867,-0.18809189
20241107_092324_250843684,-0.12434875
20241107_092324_501440779,-0.14258136
20241107_092325_003236314,-0.14491297
20241107_092325_256030150,-0.34915653
20241107_092325_512515971,-0.43389633
20241107_092326_024057744,-0.2628032
20241107_092326_266509340,-0.45447534
20241107_092326_518772261,-0.45857033
20241107_092326_760564044,-0.91196656
20241107_092327_014615852,0.11870859
20241107_092327_258969214,0.031066218
20241107_092327_520408833,0.090931155
20241107_092327_757032331,0.16009305
20241107_092328_012554247,-0.019351503
20241107_092328_272410645,0.047167577
20241107_092328_520598422,-0.3594025
20241107_092328_763367915,-0.13399564
20241107_092329_020308193,-0.09605994
20241107_092329_259306640,-0.22672804
20241107_092329_527514064,0.06349649
20241107_092329_757942001,-0.13816468
20241107_092330_014458011,0.4446164
20241107_092330_260566772,-0.08763095
20241107_092330_510670585,-0.08437007
20241107_092330_752378295,-0.015188536
20241107_092331_001394622,-0.023774942
20241107_092331_253347719,0.013970653
20241107_092331_505151622,0.057781853
20241107_092331_752266346,0.005029062
20241107_092332_003520316,0.06841371
20241107_092332_251799242,0.1742178
20241107_092332_501656310,0.066456355
20241107_092332_750069591,-0.010064444
20241107_092333_000487218,-0.09039297
20241107_092333_248479510,0.033488907
20241107_092333_505080234,0.09149752
20241107_092333_750411862,0.3515793
20241107_092334_002277965,0.3267275
20241107_092334_254206797,0.22283606
20241107_092334_503677437,0.26663432
20241107_092334_752615937,0.5955804
20241107_092335_005144676,0.30705824
20241107_092335_257129893,0.46464905
20241107_092336_509135376,0.48699108
20241107_092336_752739420,0.77206403
20241107_092337_005103576,0.5808489
20241107_092337_252053828,0.5127538
20241107_092337_507293490,0.18942179
20241107_092337_755155116,0.75014174
20241107_092338_009898880,0.22333239
20241107_092338_258640685,0.12405709
20241107_092338_505992126,0.26710635
20241107_092338_750216629,-0.4149845
20241107_092339_001553412,-0.0049682166
20241107_092339_249345454,-0.046421133
20241107_092339_505183303,-0.05143728
20241107_092339_753046103,-0.022646686
20241107_092340_004367137,0.097454466
20241107_092340_251173229,0.31288487
20241107_092340_507276027,0.35368523
20241107_092340_757497675,0.68554175
20241107_092341_012607120,0.35724273
20241107_092341_251773879,0.17429824
20241107_092341_508497497,0.20678851
20241107_092341_749131453,0.2709493
20241107_092342_002501939,0.19174178
20241107_092342_249148082,0.31778488
20241107_092342_500564095,-0.0039835777
20241107_092342_752147777,-0.050742917
20241107_092342_998336019,-0.14706929
20241107_092343_248851207,-0.1735967
20241107_092343_500169691,-0.084102206
20241107_092343_746700489,-0.020472666
20241107_092343_997728179,0.030706445
20241107_092344_246440163,0.12559797
20241107_092344_501088113,0.18685527
20241107_092344_747589300,0.3101662
20241107_092345_005663882,0.20836528
20241107_092345_256298995,0.16977347
20241107_092345_509743527,0.28694177
20241107_092345_748870300,0.077673115
20241107_092346_000017796,-0.044380687
20241107_092346_250044613,0.14886563
20241107_092346_507698674,0.20699202
20241107_092346_751670792,0.22701989
20241107_092347_005676104,0.20049198
20241107_092347_248502687,0.36409768
20241107_092347_500218366,0.53160465
20241107_092347_751143854,0.40677154
20241107_092348_005475491,0.42305544
20241107_092348_252361330,0.5929776
20241107_092348_504708794,1.4257092
20241107_092348_758366265,1.0053718
20241107_092349_000678895,0.743587
20241107_092349_250696192,0.2942958
20241107_092349_503100107,0.35806808
20241107_092349_754536757,0.2864043
20241107_092350_009147774,0.22681041
20241107_092350_252317739,0.31437144
20241107_092350_506230342,0.30903685
20241107_092350_750934302,0.40559986
20241107_092351_005762631,-0.011454156
20241107_092351_256291850,0.03964237
20241107_092351_507677678,0.16817744
20241107_092351_752866859,-0.044680975
20241107_092352_004112301,-0.06360408
20241107_092352_254208309,-0.5356427
20241107_092352_507147620,-0.4438704
20241107_092352_762433905,-2.0183463
20241107_092353_009800825,0.55261177
20241107_092353_255230374,0.62996197
20241107_092353_506549612,0.49778965
20241107_092353_755708849,0.4884844
20241107_092354_003372129,0.37831974
20241107_092354_499461415,0.406827
20241107_092354_745758619,-0.12611316
20241107_092355_001186203,-0.038891427
20241107_092355_257825589,-0.08811461
20241107_092355_518847778,-0.31095153
20241107_092355_766180346,-0.1802163
20241107_092356_012588462,-0.35499814
20241107_092356_511326001,-0.1034359
20241107_092356_752035917,-0.13179256
20241107_092357_002930038,-0.05678778
20241107_092357_255152646,-0.04889556
20241107_092357_502581741,-0.0041107144
20241107_092357_746057993,-0.09193685
20241107_092357_998307026,-0.06122201
20241107_092358_249670904,-0.009796789
20241107_092358_499684917,-0.24247222
20241107_092358_747082218,-0.09816485
20241107_092359_001483707,-0.13621823
20241107_092359_254789467,-0.031509046
20241107_092359_504271412,0.029459396
20241107_092359_758207024,-0.35384998
20241107_092400_015766587,0.273528
20241107_092400_270316785,0.43118027
20241107_092400_519319794,0.4868776
20241107_092400_763821291,0.44102058
20241107_092401_011735050,0.6283472
20241107_092401_268511301,0.3839127
20241107_092401_527637716,0.12367562
20241107_092401_771162505,0.2873443
20241107_092402_018406309,0.08624915
20241107_092402_262708573,0.25671908
20241107_092402_753856117,0.26798
20241107_092402_999415673,0.26050892
20241107_092403_247246994,0.27980867
20241107_092403_498201264,0.3622698
20241107_092403_747970598,0.35920697
20241107_092403_997360654,0.33839124
20241107_092404_251273074,0.55909866
20241107_092404_498856943,0.40272537
20241107_092404_751481888,0.44627506
20241107_092405_003956825,0.3072457
20241107_092405_257182029,0.37054154
20241107_092405_518651548,0.717382
20241107_092405_755734297,0.5943598
20241107_092406_010508150,0.5588446
20241107_092406_258682350,0.7331678
20241107_092406_510766963,0.57039875
20241107_092406_754049814,1.3957891
20241107_092407_010095833,0.042816244
20241107_092407_263280514,-0.06586518
20241107_092407_518107232,0.10208062
20241107_092407_761608439,0.063616075
20241107_092408_011038407,0.026823798
20241107_092408_249147320,-0.0055337753
20241107_092408_499255559,-0.00078102015
20241107_092408_749795001,-0.13016172
20241107_092409_011128954,-0.06517463
20241107_092409_250665746,-0.13187583
20241107_092409_500769625,-0.17035057
20241107_092409_747011601,-0.48364103
20241107_092410_002035495,-0.16964127
20241107_092410_250629488,-0.61540633
20241107_092410_505202695,-0.37677845
20241107_092410_751746158,-0.19597049
20241107_092411_001981729,-0.33066377
20241107_092411_249860735,-0.42931193
20241107_092411_502682293,0.5171323
20241107_092411_751400469,0.6317341
20241107_092412_004010550,0.62428105
20241107_092412_251897992,1.051883
20241107_092412_501146360,-0.74382806
20241107_092412_744616287,-0.6914624
20241107_092412_999782120,-0.86645216
20241107_092413_249080294,-0.52570045
20241107_092413_505728670,-0.4894506
20241107_092413_756416473,-0.5438899
20241107_092414_013517457,-0.1444844
20241107_092414_272452435,0.081916794
20241107_092414_535160332,0.11034181
20241107_092414_770982793,0.0724635
20241107_092415_015604066,0.10671029
20241107_092415_259284791,0.18730344
20241107_092415_509343148,0.095117785
20241107_092416_005932837,0.116221346
20241107_092416_251361785,0.12448726
20241107_092416_511661684,0.42404777
20241107_092416_753307884,0.15707667
20241107_092417_012358989,0.16096143
20241107_092417_254740380,0.22835876
20241107_092417_505096898,0.26420465
20241107_092417_754738534,0.15854414
20241107_092418_006811922,0.23039474
20241107_092418_253020768,0.43710896
20241107_092418_508521365,0.69557947
20241107_092418_753533424,0.30565205
20241107_092419_001104221,0.16337584
20241107_092419_249833711,0.2667466
20241107_092419_503344284,0.16119476
20241107_092419_765567766,-0.012572667
20241107_092420_019313747,0.055584975
20241107_092420_261657551,0.07896111
20241107_092420_509436867,0.097430296
20241107_092420_758570759,0.08196346
20241107_092421_015321714,0.15852039
20241107_092421_258697007,0.117266454
20241107_092421_506111329,0.29458478
20241107_092421_760511885,0.30282488
20241107_092422_007908063,0.22428174
20241107_092422_248050777,0.10981659
20241107_092422_498711527,0.1394865
20241107_092422_751597086,0.091234066
20241107_092423_004624611,-0.061897628
20241107_092423_251419305,-0.34926066
20241107_092423_501010095,-1.8341106
20241107_092423_755231142,0.832493
20241107_092424_008002395,0.09283695
20241107_092424_264700861,0.81629366
20241107_092424_520577561,1.0913403
20241107_092424_756422536,0.3881595
20241107_092425_008533684,0.41453332
20241107_092425_260270402,0.42590582
20241107_092425_755129910,0.40990832
20241107_092426_004023685,0.40376434
20241107_092426_250483262,0.8689625
20241107_092426_501901942,0.33798262
20241107_092426_753329198,0.4456439
20241107_092427_002777850,0.15100019
20241107_092427_251996882,-0.040310375
20241107_092427_507709008,-0.20189841
20241107_092427_751285419,0.09536443
20241107_092428_003326448,0.074356325
20241107_092428_252233135,0.03462658
20241107_092428_749836368,-0.00067599677
20241107_092428_999131923,0.07605262
20241107_092429_250084187,0.055055358
20241107_092429_514139391,0.10068674
20241107_092430_005712545,0.118612446
20241107_092430_503683243,0.07294715
20241107_092430_999642747,0.034210123
20241107_092431_250111993,0.060527302
20241107_092431_499030911,0.11800674
20241107_092431_747456768,1.0300759
20241107_092432_001712661,0.77962214
20241107_092432_251760556,0.70536155
20241107_092432_502712186,0.1532591
20241107_092432_751593960,0.13149162
20241107_092433_002955426,-0.23315205
20241107_092433_255667714,0.086460106
20241107_092433_508692111,0.0045661572
20241107_092433_757970551,0.103905685
20241107_092434_004659025,-0.016497156
20241107_092434_250113875,-0.01264449
20241107_092434_498010786,-0.0030383077
20241107_092435_002278728,-0.16418575
20241107_092435_255983784,-0.10742899
20241107_092435_498761128,-0.08912524
20241107_092435_748164259,-0.092988275
20241107_092436_246960280,-0.114393346
20241107_092436_498201125,-0.04452964
20241107_092436_747645625,-0.0009321179
20241107_092436_996076256,-0.009117326
20241107_092437_252077596,-0.058240436
20241107_092438_003235650,0.0695043
20241107_092438_253715535,0.079414465
20241107_092438_499228287,0.0911781
20241107_092439_002211918,0.15407096
20241107_092439_248787822,0.2021939
20241107_092439_503127936,0.48917338
20241107_092439_752616152,0.21675007
20241107_092440_008441107,0.2403553
20241107_092440_508079422,1.0665255
20241107_092440_751264095,2.152504
20241107_092441_008228409,-0.32407808
20241107_092441_250871727,-0.21318683
20241107_092441_502366189,0.033985063
20241107_092441_748600781,0.0049881656
20241107_092441_997712203,0.09869545
20241107_092442_248523586,-0.022999858
20241107_092442_503597576,0.06917826
20241107_092442_752196860,-0.009300968
20241107_092443_004407814,0.013192156
20241107_092443_747727467,0.34588546
20241107_092443_997648415,0.54487634
20241107_092444_245026706,0.45684758
20241107_092444_495681049,1.2506028
20241107_092444_751472758,-0.7200487
20241107_092445_005520805,-0.10321448
20241107_092445_250134091,-0.40702093
20241107_092445_502665732,-0.16228707
20241107_092445_749136166,-0.2348545
20241107_092445_999146221,-0.061885007
20241107_092446_248183548,0.49215326
20241107_092446_497513542,-0.09045588
20241107_092447_007049134,-0.39140472
20241107_092447_252390017,-0.21163021
20241107_092447_507119856,-0.100038044
20241107_092448_005887102,-0.04727681
20241107_092448_254405382,0.11237446
20241107_092448_508501490,0.23299451
20241107_092448_755817482,0.1758312
20241107_092449_010058147,0.083496965
20241107_092449_254441641,0.07464609
20241107_092449_504720982,-0.07386067
20241107_092449_751490268,-0.0047143903
20241107_092450_003322478,-0.2826943
20241107_092450_249290301,-0.30985966
20241107_092450_505045774,-0.5541902
20241107_092451_252572049,-0.2737511
20241107_092451_501119966,-0.22108592
20241107_092451_753297370,0.004077891
20241107_092452_001139786,0.09490789
20241107_092452_248859874,-0.1710505
20241107_092452_500787597,-0.3111649
20241107_092452_748190352,-0.015088055
20241107_092452_998240665,-0.5353051
20241107_092453_248554965,-0.21363367
20241107_092453_503755021,-0.2469144
20241107_092453_757606946,0.01439972
20241107_092454_017438551,-0.04778733
20241107_092454_255647925,-0.031771205
20241107_092454_502101064,-0.07786312
20241107_092455_002306066,-0.08272221
20241107_092455_248073719,0.1179535
20241107_092455_498647264,0.03769044
20241107_092455_746797884,-0.01321747
20241107_092456_246210840,0.24825503
20241107_092456_497088812,-0.0061713066
20241107_092456_746373725,-0.025912842
20241107_092456_998979745,-0.39064488
20241107_092457_251684218,-0.15677245
20241107_092457_500610046,-1.1300721
20241107_092457_756180271,-2.0639944
20241107_092458_011470264,0.56841916
20241107_092458_255848389,0.20030098
20241107_092458_503197748,0.9466386
20241107_092458_754703477,1.0167048
20241107_092459_004490508,-0.53698957
20241107_092459_260421436,0.09780361
20241107_092459_512888457,0.10046523
20241107_092459_770008261,0.2528282
20241107_092500_028079599,0.41000646
20241107_092500_263901856,0.22083437
20241107_092500_515383622,0.21191196
20241107_092500_756394915,0.28470674
20241107_092501_004724664,0.34216
20241107_092501_251687240,-0.11495157
20241107_092501_505060403,0.097232886
20241107_092501_756468411,0.0048475955
20241107_092502_012532650,0.113123335
20241107_092502_257803735,0.10103873
20241107_092502_509258096,0.24099942
20241107_092502_754918119,0.21805514
20241107_092503_006659688,0.13877685
20241107_092503_254120182,0.17096041
20241107_092503_503173982,0.18239526
20241107_092504_005469273,0.15690671
20241107_092504_251693023,0.14042406
20241107_092504_507190509,0.10374419
20241107_092504_756209482,-0.20377244
20241107_092505_009362450,-0.13930331
20241107_092505_257012076,-0.3024165
20241107_092505_755986234,-0.08629485
20241107_092506_009109664,-0.04916086
20241107_092506_261297588,-0.23181923
20241107_092506_511823595,-0.21373333
20241107_092506_750972429,-0.16908409
20241107_092507_004016255,-0.15268119
20241107_092507_252347293,-0.15751724
20241107_092507_502572079,-0.037146803
20241107_092507_750013873,0.004224995
20241107_092508_012950544,-0.058222793
20241107_092508_514650382,-0.12241384
20241107_092508_758828410,-0.10159644
20241107_092509_250690498,-0.036196254
20241107_092509_505969126,-0.09843012
20241107_092509_751353352,-0.10830178
20241107_092510_001998969,-0.4392535
20241107_092510_248934335,-0.13163479
20241107_092510_506450754,-0.08422484
20241107_092510_750942914,-0.107063375
20241107_092510_999704463,-0.0003644433
20241107_092511_246168532,-0.12038528
20241107_092511_503693846,0.045587353
20241107_092511_753475855,-0.07520842
20241107_092512_005973206,0.09195901
20241107_092512_251458809,-0.10489374
20241107_092512_501704017,-0.12776347
20241107_092512_753965129,-0.22373624
20241107_092513_010074534,-0.15333973
20241107_092513_251950074,-0.35679552
20241107_092513_502806080,-0.09778348
20241107_092513_749223172,-0.2763707
20241107_092514_002661115,-0.060394727
20241107_092514_249682859,-0.091393255
20241107_092514_498030190,0.120136835
20241107_092514_754861457,0.17526896
20241107_092515_005010620,0.08965165
20241107_092515_249574324,0.040880896
20241107_092515_500603187,0.14425223
20241107_092515_749120394,0.073650576
20241107_092516_003801037,-0.5774186
20241107_092516_252015884,-0.15249847
20241107_092516_502855553,0.0053487513
20241107_092516_750896450,-0.09724321
20241107_092517_006968634,-0.09895881
20241107_092517_259323010,-0.10924768
20241107_092517_510997872,-0.11769044
20241107_092517_754619863,-0.07057392
20241107_092518_011066664,0.0065073166
20241107_092518_254121965,0.007039586
20241107_092518_748455931,-0.020596882
20241107_092519_248397177,-0.040703885
20241107_092519_746455570,-0.051037483
20241107_092520_003175237,-0.33192617
20241107_092520_251629462,-0.26412055
20241107_092520_500502495,-0.26683152
20241107_092520_996694970,-0.22297503
20241107_092521_245407787,-0.23426013
20241107_092521_498248221,-0.24035333
20241107_092521_751004677,-0.22150303
20241107_092522_007058542,-0.19401105
20241107_092522_506034747,-0.12351256
20241107_092522_758220544,-0.021910165
20241107_092523_012037763,-0.30595264
20241107_092523_255932011,-0.3574473
20241107_092523_749950107,-0.23513316
20241107_092524_249199006,-0.18557645
20241107_092524_497055978,0.087668575
20241107_092524_744237600,0.21873449
20241107_092524_997677730,0.14872672
20241107_092525_247039776,0.08695183
20241107_092525_495331515,0.097282566
20241107_092525_743645776,0.048672237
20241107_092526_250324779,0.02369533
20241107_092526_499876614,0.38464114
20241107_092526_745408313,0.6282404
20241107_092526_996796510,0.25483164
20241107_092527_502561288,0.20214944
20241107_092527_744645704,0.094639935
20241107_092527_995438712,-0.017124495
20241107_092528_495817768,-0.028120121
20241107_092528_744549913,-0.05556073
20241107_092528_999385430,-0.10258003
20241107_092529_250121349,-0.82714075
20241107_092529_517850372,-0.5610607
20241107_092529_748828905,-1.0820996
20241107_092530_005687365,0.019096294
20241107_092530_251796593,0.15571932
20241107_092530_503901389,0.050338544
20241107_092530_755181119,-0.0018905606
20241107_092531_010745973,-0.25389108
20241107_092531_262232426,-0.5307504
20241107_092531_509608758,-0.29767576
20241107_092531_761070810,-0.20339034
20241107_092532_014767822,-0.17697339
20241107_092532_259560570,-0.21010359
20241107_092532_511864458,-0.1639222
20241107_092532_757060860,-0.2247781
20241107_092533_004215518,0.097924136
20241107_092533_254558352,-0.12194797
20241107_092533_509991592,-0.06919249
20241107_092533_755006326,-0.058349453
20241107_092534_005103408,-0.07455721
20241107_092534_249519783,-0.0693241
20241107_092534_509658712,-0.080589734
20241107_092534_755718582,-0.24918716
20241107_092535_007207764,-0.19392012
20241107_092535_254134388,-0.08847394
20241107_092535_501457717,-0.13785835
20241107_092535_750368795,-0.44865683
20241107_092536_003616292,-0.3419365
20241107_092536_258262363,-0.34377828
20241107_092536_503058209,-0.23579602
20241107_092536_747556201,-0.23129784
20241107_092537_003940983,-0.22403528
20241107_092537_261943464,-0.18884926
20241107_092537_753953741,0.030072099
20241107_092538_006385841,-0.009707114
20241107_092538_251561234,-0.006912371
20241107_092538_501507812,0.013434211
20241107_092538_999647648,-0.3041869
20241107_092539_253197567,-0.67134386
20241107_092539_502159610,-0.45511326
20241107_092539_751382759,-0.31461248
20241107_092540_002193937,-0.11766118
20241107_092540_496751233,-0.12565793
20241107_092540_746782917,-0.16166224
20241107_092541_252487640,-0.16148551
20241107_092541_501992097,-0.26314434
20241107_092541_747239618,-0.03134775
20241107_092542_000274722,0.041912742
20241107_092542_246936221,-0.2095543
20241107_092542_500337825,-0.081571124
20241107_092542_753686433,-0.027717432
20241107_092543_002349385,-0.12757598
20241107_092543_503965065,0.034905292
20241107_092543_756789191,-0.02873989
20241107_092544_011652516,0.012523869
20241107_092544_254994410,-0.048291765
20241107_092544_502534175,0.030748615
20241107_092544_746375151,-0.1834865
20241107_092544_996877013,-0.10817327
20241107_092545_247159119,-0.050364815
20241107_092545_495241481,0.08741875
20241107_092545_744834358,-0.0677165
20241107_092545_995598507,-0.034202956
20241107_092546_246354192,-0.1366371
20241107_092546_498401123,-0.14517753
20241107_092546_746045102,-0.08573481
20241107_092546_998370347,-0.053078257
20241107_092547_249779738,0.08136197
20241107_092547_496869742,-0.2747247
20241107_092547_745266384,-0.023945792
20241107_092548_002414840,-0.20243801
20241107_092548_247673180,-0.64518404
20241107_092548_500377560,-0.36639935
20241107_092549_742797515,-0.207413
20241107_092549_996698950,-0.26453617
20241107_092550_247858986,-0.54981136
20241107_092550_497503490,-0.50752157
20241107_092550_746432638,-0.37202576
20241107_092550_996892230,-0.4374697
20241107_092551_245275194,-0.50062054
20241107_092551_501593477,-0.6589203
20241107_092551_745246537,-0.4174938
20241107_092551_996176306,-0.2351531
20241107_092552_493829012,-0.34765387
20241107_092552_745235472,-0.039573833
20241107_092552_997998732,0.40414748
20241107_092553_248915777,0.4276903
20241107_092553_502034201,-0.035912752
20241107_092553_751501708,-0.010335993
20241107_092554_003850021,-0.014349362
20241107_092554_253238039,0.025046
20241107_092554_500856554,-0.14795317
20241107_092554_999025073,-0.03424766
20241107_092555_249806594,-0.02600368
20241107_092555_502220043,-0.080437325
20241107_092555_996444225,-0.0105535295
20241107_092556_248642163,-0.032339
20241107_092556_495445267,-0.018563053
20241107_092556_999104253,-0.02159681
20241107_092557_244950297,0.005226234
20241107_092557_497203670,-0.056334816
20241107_092557_744775629,-0.04312917
20241107_092558_001232438,-0.09977039
20241107_092558_247507559,-0.3055119
20241107_092558_497947675,-0.17309843
20241107_092558_744988956,-0.18438824
20241107_092559_001423092,-0.20158459
20241107_092559_247049522,-0.14568748
20241107_092559_500345656,-0.16371341
20241107_092559_744260792,-0.077836476
20241107_092559_997853707,-0.11107292
20241107_092600_247765705,0.10231013
20241107_092600_499771616,0.24719097
20241107_092600_751451947,0.13527514
20241107_092601_006893128,0.039999165
20241107_092601_251997315,0.03918449
20241107_092601_509379504,-0.027177533
20241107_092601_766019206,0.007315675
20241107_092602_009367694,-0.79765445
20241107_092602_253064549,0.37573838
20241107_092602_504754928,0.072453
20241107_092602_764762952,-0.7817945
20241107_092603_021936183,-0.7693526
20241107_092603_267718734,0.43138474
20241107_092603_520933895,1.5114732
20241107_092603_762303359,-0.57490295
20241107_092604_009902811,-0.20260693
20241107_092604_255445551,-0.22228962
20241107_092604_506886499,-0.5007901
20241107_092604_752418527,-0.56929857
20241107_092605_002227452,-0.18707724
20241107_092605_246551656,-0.30668557
20241107_092605_506635527,-0.11421777
20241107_092605_756370684,0.11453917
20241107_092606_011522804,0.29283494
20241107_092606_257969496,0.2987308
20241107_092606_506878707,0.24979691
20241107_092606_758693901,1.3871372
20241107_092607_009045111,0.4595642
20241107_092607_253706213,0.18820839
20241107_092607_508644467,0.24760242
20241107_092607_753360549,0.12127412
20241107_092608_009642640,0.21128638
20241107_092608_258358545,0.06973577
20241107_092608_511757626,-0.68880844
20241107_092608_752640371,-0.8187907
20241107_092609_003948962,-0.07233741
20241107_092609_250806125,0.1310151
20241107_092609_501874415,0.1613047
20241107_092609_747018170,-0.002583703
20241107_092609_999509435,-0.0705783
20241107_092610_248883305,-0.31164265
20241107_092610_501004888,-0.45830366
20241107_092610_753973556,-0.41595146
20241107_092611_005995572,-0.18412852
20241107_092611_256169852,-0.24094285
20241107_092611_509304247,-0.12747194
20241107_092611_757427280,0.0056093875
20241107_092612_003329030,-0.045913957
20241107_092612_251770268,-0.021431765
20241107_092612_498635057,-0.17110015
20241107_092612_744911568,-0.7000818
20241107_092613_006180313,-0.8362323
20241107_092613_249032958,0.3702462
20241107_092613_498290808,-0.090842806
20241107_092613_750655207,-0.005296966
20241107_092614_003615644,0.49990693
20241107_092614_248646874,0.20171194
20241107_092614_498323046,0.042596795
20241107_092614_750422533,0.17097147
20241107_092615_245153451,0.20662536
20241107_092615_500907882,0.17808174
20241107_092615_749591767,0.12619464
20241107_092616_009361303,0.09935824
20241107_092616_510083577,0.06008313
20241107_092616_753335472,0.025080005
20241107_092617_004130862,-0.47779074
20241107_092617_254288797,-0.15730824
20241107_092617_508929168,-0.1512249
20241107_092617_748834051,-0.22412057
20241107_092618_002822973,-0.18203582
20241107_092618_250346579,-0.24384092
20241107_092618_506337045,-0.40483668
20241107_092618_751057667,-0.58679247
20241107_092619_003410067,-0.3538985
20241107_092619_255380173,-0.3273718
20241107_092619_506111441,-0.38523883
20241107_092620_003819926,-0.42136762
20241107_092620_248681907,-0.37453726
20241107_092620_500497664,-0.38497165
20241107_092620_749892822,-0.35381588
20241107_092621_002650363,-0.2933697
20241107_092621_251458366,-1.6935105
20241107_092621_502334135,0.058556832
20241107_092621_757041914,0.0022815857
20241107_092622_005218842,-0.790528
20241107_092622_254268069,0.10693625
20241107_092622_508165783,-0.031939887
20241107_092622_750973468,-0.06525051
20241107_092623_000291872,-0.0032713618
20241107_092623_503434002,0.23119609
20241107_092623_750598119,0.097528435
20241107_092623_999902907,-0.1751553
20241107_092624_246664108,0.15108049
20241107_092624_499277698,0.038175233
20241107_092624_757671192,-0.14530237
20241107_092625_001658195,-0.07197913
20241107_092625_251288580,-0.44090092
20241107_092625_510442367,-0.53334695
20241107_092625_759401042,-0.6523846
20241107_092626_005300774,-0.39679042
20241107_092626_260767598,-0.2948608
20241107_092626_516314918,-0.26782328
20241107_092627_019020801,-0.4002752
20241107_092627_269448017,-0.5386363
20241107_092627_519794964,-0.26986453
20241107_092628_007704879,-0.34899816
20241107_092628_253945361,-0.19890524
20241107_092628_507666054,-0.17332153
20241107_092628_754562656,-0.1518992
20241107_092629_259819188,-0.16476385
20241107_092629_533186026,-0.1768599
20241107_092629_754026209,-0.18780787
20241107_092630_001869453,-0.16306265
20241107_092630_248320944,0.10214407
20241107_092630_501146289,0.1677392
20241107_092630_748517052,0.19160505
20241107_092631_016214001,0.09502322
20241107_092631_270391394,0.20895769
20241107_092631_512509466,0.38277864
20241107_092631_752930843,0.31697688
20241107_092632_000971631,0.2562564
20241107_092632_254458728,0.25517523
20241107_092632_502496481,0.24354826
20241107_092632_751230716,0.34649992
20241107_092633_002033191,0.7516968
20241107_092633_249792239,1.7258474
20241107_092633_500789649,0.018257039
20241107_092633_759370273,-1.3412751
20241107_092634_008206400,-0.7666436
20241107_092634_259869524,-0.20227091
20241107_092634_507653123,0.023265997
20241107_092634_763979279,0.1864577
20241107_092635_014640737,-0.045531265
20241107_092635_766824709,0.04834775
20241107_092636_020648453,0.065625705
20241107_092636_258967256,-0.110950254
20241107_092636_507653885,-0.013050219
20241107_092636_753048844,-0.19918664
20241107_092637_001850349,-0.35256737
20241107_092637_248886664,-0.19991075
20241107_092637_507140004,-0.243627
20241107_092637_766862334,-0.6171393
20241107_092638_007893759,-0.52041316
20241107_092638_253057310,-0.4725227
20241107_092638_501707290,-0.4507241
20241107_092638_761912116,-0.8540459
20241107_092639_007322492,-1.1210111
20241107_092639_248778834,-1.3170928
20241107_092639_501183400,-1.4966859
20241107_092639_747267518,0.3439289
20241107_092640_007575946,-0.16816665
20241107_092640_259557064,-0.18238117
20241107_092640_510204255,-0.59828013
20241107_092640_763010867,-0.61615306
20241107_092641_018511400,-2.404842
20241107_092641_256640498,-2.6804066
20241107_092641_508777440,0.69525504
20241107_092641_758348630,0.7664718
20241107_092642_012291526,0.43194693
20241107_092642_257117826,-0.056006543
20241107_092642_517827349,-0.15688013
20241107_092642_763673620,-0.0879479
20241107_092643_013909533,0.20584978
20241107_092643_263857939,0.01377199
20241107_092643_512330158,-0.08556538
20241107_092643_756939158,0.011601964
20241107_092644_002032723,0.027943352
20241107_092644_256055221,0.18882973
20241107_092644_751499990,-0.036740087
20241107_092645_002593574,-0.056477807
20241107_092645_252510186,-0.016499659
20241107_092645_498706660,0.11681221
20241107_092645_745091475,0.039107777
20241107_092646_000751924,-0.33764273
20241107_092646_247431608,-0.53476846
20241107_092646_507843195,-0.8351311
20241107_092646_755833319,-0.5505598
20241107_092647_005845631,-0.45347846
20241107_092647_250358689,-0.38713223
20241107_092647_499897874,-0.7598542
20241107_092647_749967901,-0.7059669
20241107_092648_000115205,-0.37075183
20241107_092648_249741623,-0.984985
20241107_092648_499274506,-0.54343337
20241107_092648_749167802,-0.45834902
20241107_092648_999272975,-0.432467
20241107_092649_253088794,0.099263124
20241107_092649_501492448,0.49807242
20241107_092649_756152088,0.22522052
20241107_092650_013199464,0.16944826
20241107_092650_256578016,0.16478057
20241107_092650_505853046,0.28010032
20241107_092650_748497781,0.02597765
20241107_092651_002724503,-0.017448148
20241107_092651_254394903,-0.0674979
20241107_092651_500019606,0.0030781124
20241107_092651_746758500,0.13193132
20241107_092652_498078619,0.23003079
20241107_092652_748885867,0.1963299
20241107_092652_997161405,-0.09390267
20241107_092653_248581710,-0.36383387
20241107_092653_502522982,-0.5190921
20241107_092653_747831394,-0.72912496
20241107_092654_004658131,-0.50114536
20241107_092654_252953479,0.7867633
20241107_092654_502496096,0.34085616
20241107_092654_748399601,1.0638545
20241107_092655_002313358,0.3050708
20241107_092655_249736244,0.20359485
20241107_092655_496738858,0.18960051
20241107_092655_757003613,0.6611927
20241107_092656_004506435,0.18413006
20241107_092656_250315038,-0.014610013
20241107_092656_505053455,0.070676364
20241107_092656_755912764,0.21237041
20241107_092657_001396989,0.11135811
20241107_092657_246557975,0.1727357
20241107_092657_499065982,0.17425014
20241107_092657_747149556,-0.045497112
20241107_092658_002448341,-0.5902255
20241107_092658_260261780,-0.53432244
20241107_092658_510911474,-0.19726183
20241107_092658_763837155,-0.2413667
20241107_092659_021487579,0.3290735
20241107_092659_272766184,0.32755563
20241107_092659_517689415,-0.13314356
20241107_092659_759507091,0.10218779
20241107_092700_009685863,0.06838585
20241107_092700_262015893,0.07857842
20241107_092700_511821687,0.0822619
20241107_092700_762222704,0.17421336
20241107_092701_005252828,-0.06994774
20241107_092701_259289989,0.122604825
20241107_092701_507428486,-0.16793312
20241107_092701_770612822,-0.13035043
20241107_092702_020760253,-0.035564344
20241107_092702_263493069,0.007920155
20241107_092702_515364128,0.046882577
20241107_092702_762945385,-1.8437074
20241107_092703_029554696,0.50854176
20241107_092703_272878912,-0.35307118
20241107_092703_523728312,-0.33971587
20241107_092703_772093461,-0.5477942
20241107_092704_031578751,-0.48433056
20241107_092704_279256629,-0.7639754
20241107_092704_521171436,-0.39505884
20241107_092704_759437707,0.06910438
20241107_092705_013766156,-0.032382272
20241107_092705_259435365,-0.041924797
20241107_092705_505664237,-0.07475009
20241107_092705_754409377,-0.13717557
20241107_092706_008512173,-0.13156272
20241107_092706_252715335,0.12174513
20241107_092706_501128284,-0.03750577
20241107_092706_750461101,-0.24845092
20241107_092707_001026198,-0.22687478
20241107_092707_248033824,-1.102137
20241107_092707_502283741,0.9340013
20241107_092707_748313473,0.48270133
20241107_092708_001114579,0.016766766
20241107_092708_250780861,-0.14209922
20241107_092708_501950582,0.42418858
20241107_092708_748521785,1.0240178
20241107_092709_021123787,0.39288077
20241107_092709_262179031,-0.24601682
20241107_092709_515898898,0.8808281
20241107_092709_765089374,-0.5387188
20241107_092710_024788082,-0.51176226
20241107_092710_272596485,-1.0277171
20241107_092710_520000944,-0.36187518
20241107_092710_760945856,-0.4522382
20241107_092711_007216632,-0.024318656
20241107_092711_253265500,-0.047833584
20241107_092711_504580356,1.2946297
20241107_092711_749070003,-0.5732213
20241107_092712_002832191,-0.54933304
20241107_092712_251353084,-0.8735179
20241107_092712_504201850,-0.5564245
20241107_092712_746114049,-0.77330446
20241107_092712_995657206,-0.91127115
20241107_092713_246548414,-1.2965845
20241107_092713_502999260,-1.1814317
20241107_092713_748227908,-0.66384155
20241107_092714_001746029,-0.38818005
20241107_092714_252491688,-0.2872903
20241107_092714_511939169,-0.19979213
20241107_092714_758105751,0.21690549
20241107_092715_008272143,0.1679942
20241107_092715_255018772,-0.20331438
20241107_092715_508421157,-0.28758255
20241107_092715_754543294,-0.23656435
20241107_092716_003342137,0.05725222
20241107_092716_256019983,1.0286483
20241107_092716_515946386,0.12552579
20241107_092716_756670590,-0.2685784
20241107_092717_019928950,-0.32711294
20241107_092717_260981739,-0.98774546
20241107_092717_504565424,-0.5537611
20241107_092717_749087542,-0.6408621
20241107_092718_007891137,-0.9947898
20241107_092718_252078741,-1.0477933
20241107_092718_507138915,-0.53953236
20241107_092718_748565980,-0.07204616
20241107_092719_000624651,-0.1782864
20241107_092719_249070432,0.19729409
20241107_092719_505790441,-0.6240398
20241107_092719_756239744,-0.004670011
20241107_092720_014047230,0.40626696
20241107_092720_260898878,0.31659624
20241107_092720_505090692,0.26609954
20241107_092720_751371288,0.74461955
20241107_092721_005939890,0.31362972
20241107_092721_254458673,0.5597135
20241107_092721_505942786,0.3322394
20241107_092721_760339267,0.42149842
20241107_092722_009578075,0.03174962
20241107_092722_259530385,-0.43563357
20241107_092722_515940787,0.37943792
20241107_092722_764773939,0.47388485
20241107_092723_034666132,1.3837959
20241107_092723_278989815,-1.1191596
20241107_092723_525172113,-0.55388206
20241107_092723_774282221,-0.82259864
20241107_092724_021938582,-0.8112677
20241107_092724_266117524,-0.7756056
20241107_092725_024845937,-1.2581276
20241107_092725_263947759,-0.79820395
20241107_092725_517452576,0.10437731
20241107_092725_757158851,-0.10866942
20241107_092726_006922983,0.058972873
20241107_092726_254403108,0.1640226
20241107_092726_517693652,0.05780629
20241107_092726_761060655,-0.029531797
20241107_092727_008969486,-0.15739529
20241107_092727_261261138,-0.08349987
20241107_092727_512044335,-0.41574574
20241107_092727_754914274,-0.40449426
20241107_092728_007628543,-1.0392071
20241107_092728_250490957,-0.5357047
20241107_092728_500051806,-0.34548065
20241107_092728_747666615,0.5281952
20241107_092728_998019802,0.3836325
20241107_092729_245069406,0.14796804
20241107_092729_515735029,0.3325553
20241107_092729_747629640,0.3459115
20241107_092729_997770977,0.30077335
20241107_092730_246843551,-0.27213946
20241107_092730_502578802,-1.8245429
20241107_092730_751780033,-0.43617633
20241107_092731_011343091,-0.96805763
20241107_092731_262590721,-0.5416035
20241107_092731_511372454,0.00047115423
20241107_092731_752026520,-0.3471733
20241107_092732_005942655,0.12465552
20241107_092732_254116723,-0.031561457
20241107_092732_509268429,-0.32155278
20241107_092732_760332437,-0.29026398
20241107_092733_012178093,-0.09709569
20241107_092733_266112963,-0.9164582
20241107_092733_518411722,-0.3934121
20241107_092733_766618248,-0.5041487
20241107_092734_034857299,0.5425084
20241107_092734_273179954,0.60320175
20241107_092734_515708742,-0.7910963
20241107_092734_754228066,-0.58441895
20241107_092735_008351294,-0.7759994
20241107_092735_258939791,0.08732653
20241107_092735_535769006,-0.26501408
20241107_092735_773508786,0.22441272
20241107_092736_015676250,-0.09208437
20241107_092736_253867529,-0.33624116
20241107_092736_509209656,-0.4263047
20241107_092736_758615639,-0.3042536
20241107_092737_259873737,-0.11485585
20241107_092737_513948931,-0.22644342
20241107_092737_756408841,-0.044667207
20241107_092738_005949914,0.05466471
20241107_092738_256297759,0.039879717
20241107_092738_511990802,0.27888498
20241107_092738_753870758,0.26724896
20241107_092739_001411584,0.15150855
20241107_092739_501646753,-0.019185325
20241107_092739_757242944,0.057151325
20241107_092740_007232774,0.03196571
20241107_092740_257319555,-0.073156856
20241107_092740_508549353,-0.12972333
20241107_092740_751431754,-0.09844919
20241107_092741_014819382,-0.012321582
20241107_092741_510247511,-0.04862859
20241107_092741_761279431,-0.07993617
20241107_092742_015628346,-0.07656055
20241107_092742_503440046,-0.019630691
20241107_092743_000769761,0.012489179
20241107_092743_244093851,-0.002785137
20241107_092743_495277558,0.035793938
20241107_092744_244663016,0.060641505
20241107_092744_502683700,0.030974755
20241107_092744_753246474,0.017399082
20241107_092745_249510826,-0.02705576
20241107_092745_498834108,-0.049563132
20241107_092745_751159658,-0.027283808
20241107_092745_999350273,0.058625855
20241107_092746_248443764,-0.56225765
20241107_092746_498208155,-1.1784067
20241107_092746_753674728,0.7886401
20241107_092747_001709162,0.5985556
20241107_092747_246661351,0.5139209
20241107_092747_495418140,0.51327825
20241107_092747_748289217,0.63862675
20241107_092748_004549038,0.5402484
20241107_092748_249978190,0.9778014
20241107_092748_501085551,0.99853927
20241107_092748_746361714,-0.62233955
20241107_092749_010786362,0.52352273
20241107_092749_254685124,0.90211046
20241107_092749_504497658,1.2773646
20241107_092749_751419845,-0.61820835
20241107_092750_004985404,-0.39739665
20241107_092750_252321359,-0.21886577
20241107_092750_505914938,0.45439583
20241107_092750_759706385,0.22057088
20241107_092751_012860965,0.03527025
20241107_092751_254194100,0.04548321
20241107_092751_503566040,-0.16711853
20241107_092751_744367186,-0.092558585
20241107_092751_997203549,-0.119382314
20241107_092752_246256661,-0.055890463
20241107_092752_501192831,-0.06905808
20241107_092752_746968821,-0.09659477
20241107_092753_003634227,-0.16101591
20241107_092753_498050168,-0.0888805
20241107_092753_999271126,-0.014378509
20241107_092754_251584859,-0.0016108956
20241107_092754_498143015,0.05627639
20241107_092754_744228784,-0.019995948
20241107_092754_999715150,-0.015511474
20241107_092755_248911249,0.020925919
20241107_092755_497598942,0.007802585
20241107_092755_748742466,0.35240617
20241107_092756_007208655,1.872899
20241107_092756_258682324,-0.14105675
20241107_092756_508480758,-1.3124348
20241107_092756_757983762,-1.695695
20241107_092757_012406052,-0.2717397
20241107_092757_255723091,-0.13275482
20241107_092757_511259829,0.3968143
20241107_092757_755401296,0.26641518
20241107_092758_014250341,0.1198704
20241107_092758_257513121,0.09946204
20241107_092758_751703523,0.03732977
20241107_092759_003884201,0.026022175
20241107_092759_505389852,0.073023535
20241107_092759_754128649,0.17612018
20241107_092800_006475845,0.42843175
20241107_092800_249837869,0.5371995
20241107_092800_506143868,0.3180782
20241107_092800_756306565,0.5037715
20241107_092801_008033832,0.535167
20241107_092801_256728582,0.29648203
20241107_092801_515510852,-0.01215299
20241107_092801_769313677,0.14114828
20241107_092802_009510593,0.074323274
20241107_092802_261885381,0.0482618
20241107_092802_507449544,0.28368104
20241107_092802_751259564,0.07992665
20241107_092803_002011894,-0.09853461
20241107_092803_246770462,-0.323565
20241107_092803_747543695,0.19995072
20241107_092804_010268897,0.36235195
20241107_092804_256267106,0.27562165
20241107_092804_519193763,0.4744331
20241107_092804_764865996,-0.044942856
20241107_092805_021596131,0.21931942
20241107_092805_274619073,-0.08453091
20241107_092805_528065468,-0.25741562
20241107_092805_769842150,-0.7530643
20241107_092806_023125764,-0.8585137
20241107_092806_264147037,-0.12631154
20241107_092806_516963975,-0.0105975475
20241107_092806_758751470,0.23183264
20241107_092807_012128838,0.16376548
20241107_092807_256483432,0.24545957
20241107_092807_506336630,0.2904947
20241107_092807_748125878,-0.036090575
20241107_092808_018862991,0.06839026
20241107_092808_256088593,0.1428131
20241107_092808_509605920,-0.000240108
20241107_092808_759063962,-0.075510465
20241107_092809_014260969,-0.03647568
20241107_092809_251883241,0.0838146
20241107_092809_503206721,-0.027401587
20241107_092810_249695864,0.008959213
20241107_092810_498761738,-0.15888114
20241107_092810_745853213,-0.25640032
20241107_092810_996114274,-0.6205422
20241107_092811_242443850,-0.5868636
20241107_092811_496804920,0.15664317
20241107_092811_754428178,0.11988167
20241107_092812_001989300,-0.046533786
20241107_092812_251881365,-0.0021396745
20241107_092812_509027862,0.08121077
20241107_092812_997514192,0.12706964
20241107_092813_245697296,0.1643567
20241107_092813_495116846,0.1235714
20241107_092813_745689341,0.20797257
20241107_092813_996202876,0.27396938
20241107_092814_249522781,0.1849898
20241107_092814_502789548,0.22420768
20241107_092815_244822488,0.1748689
20241107_092815_502593337,0.34640905
20241107_092815_997190686,0.3734923
20241107_092816_247670526,0.16531797
20241107_092816_512339615,-0.19581832
20241107_092816_766524003,-0.041023396
20241107_092817_501977620,-0.011139831
20241107_092818_252564067,-0.041649006
20241107_092818_498749638,-0.06930705
20241107_092818_748963544,0.241062
20241107_092818_998572332,-0.39194325
20241107_092819_244247141,-0.18349029
20241107_092819_495996059,-0.20238195
20241107_092819_741673760,-0.18075098
20241107_092819_993563479,-0.23637979
20241107_092820_242633570,-0.09800067
20241107_092820_497300248,-0.24800114
20241107_092820_747663208,-0.63769513
20241107_092821_005331212,-0.43403366
20241107_092821_749609562,-0.15436636
20241107_092822_005124111,-0.10152718
20241107_092822_250294473,0.10180103
20241107_092822_497293139,-0.13541184
20241107_092822_747866150,-0.11160936
20241107_092823_002977424,-0.09828635
20241107_092823_248688738,-0.085427545
20241107_092823_503160153,-0.07943737
20241107_092823_756537776,-0.10752433
20241107_092824_001829301,-0.041504078
20241107_092824_502373448,0.020847866
20241107_092825_001848871,-0.35396278
20241107_092825_245782189,-0.27318856
20241107_092825_745271560,-0.26535487
20241107_092826_010434058,-0.362999
20241107_092826_254071578,-1.7354288
20241107_092826_505192448,-2.661121
20241107_092826_753327057,-1.1792437
20241107_092826_998409096,-0.6811019
20241107_092827_246853692,-0.41434738
20241107_092827_495305216,-0.70208
20241107_092827_742252436,-0.7113228
20241107_092827_993033396,-0.599896
20241107_092828_244147710,-0.17978114
20241107_092828_496150279,-0.05320189
20241107_092828_751392945,0.24466442
20241107_092829_002811970,0.50264287
20241107_092829_249895667,0.088350646
20241107_092829_520909778,-0.010240873
20241107_092829_746038921,0.028041134
20241107_092830_000363421,1.6638453
20241107_092830_255419094,0.42866126
20241107_092830_516900311,-1.1174086
20241107_092830_765556208,-0.3120736
20241107_092831_021192048,-0.16076504
20241107_092831_262735467,-0.2751832
20241107_092831_504636272,-0.46826372
20241107_092831_747392198,-1.9276716
20241107_092831_997626669,0.4629281
20241107_092832_243424369,0.6365462
20241107_092832_495304646,0.97889346
20241107_092832_741336019,0.63907075
20241107_092832_993187773,0.61641884
20241107_092833_244274658,0.19084702
20241107_092833_496810758,0.49501804
20241107_092833_743617626,0.64543
20241107_092833_995940370,0.22451185
20241107_092834_248466486,-0.43781593
20241107_092834_499986969,-0.93285847
20241107_092834_747237467,-0.82926446
20241107_092835_001176224,1.0221312
20241107_092835_250372853,0.8076478
20241107_092835_497753249,1.2723688
20241107_092835_741952540,-0.59847134
20241107_092835_993343529,-0.07651006
20241107_092836_242742349,-0.25208953
20241107_092836_494006775,-0.18671931
20241107_092836_745040960,-0.013215503
20241107_092836_993607436,-0.15788443
20241107_092837_247276777,-0.08836474
20241107_092837_492793032,-0.8460981
20241107_092837_742326969,0.20958708
20241107_092837_991839597,-0.3498226
20241107_092838_247394558,-0.28588083
20241107_092838_495723403,-0.17455272
20241107_092838_749511395,-0.2240444
20241107_092839_006148875,-0.2653374
20241107_092839_250554844,-0.4582843
20241107_092839_497227970,-0.3091609
20241107_092839_749441161,-0.060727023
20241107_092839_998953720,0.030768352
20241107_092840_246054384,0.5588561
20241107_092840_494172610,0.34868786
20241107_092840_741986075,0.29948115
20241107_092840_995609855,0.11316077
20241107_092841_745104979,-0.18316074
20241107_092842_004679302,-0.5447552
20241107_092842_250754502,-2.5586205
20241107_092842_507652297,0.21640708
20241107_092842_755357038,0.41810247
20241107_092843_010932726,0.220744
20241107_092843_266117354,0.25658283
20241107_092843_518288543,0.03153596
20241107_092843_767974299,0.047698833
20241107_092844_014887964,0.37315384
20241107_092844_257491873,0.072180904
20241107_092844_501689886,-0.03667798
20241107_092844_746788643,0.04327593
20241107_092844_998624283,0.008975843
20241107_092845_249784941,0.44508114
20241107_092845_500927057,0.59749347
20241107_092845_751181767,0.7713308
20241107_092846_008100386,0.56495154
20241107_092846_499103191,0.3838115
20241107_092846_995036003,0.4695616
20241107_092847_250323739,0.4473586
20241107_092847_498934948,0.26196352
20241107_092847_746084157,-0.096157275
20241107_092847_998312087,0.06815917
20241107_092848_247834517,0.1771266
20241107_092848_746594341,0.31532577
20241107_092848_996765309,0.23395233
20241107_092849_246615728,0.3527076
20241107_092849_497062952,0.5599003
20241107_092849_743227100,0.571441
20241107_092849_995345988,0.28099087
20241107_092850_241923431,-0.14264207
20241107_092850_492590385,-0.046334825
20241107_092850_743514790,0.019929329
20241107_092850_995298518,0.09028069
20241107_092851_246993028,0.17894809
20241107_092851_500022297,0.15255569
20241107_092852_245285144,0.09407363
20241107_092852_495283460,-0.24933119
20241107_092852_745765869,-1.9562231
20241107_092852_997936302,1.0519
20241107_092853_250787979,-0.3641565
20241107_092853_501368001,-0.059151724
20241107_092853_747122795,-0.65082127
20241107_092854_007914800,-0.5021566
20241107_092854_251659784,-0.5872208
20241107_092854_495504369,-0.29314074
20241107_092854_744583121,-0.38923693
20241107_092854_994719859,-0.30472174
20241107_092855_246850042,-0.25259596
20241107_092855_498668709,-0.30940667
20241107_092856_010300765,-0.36595568
20241107_092856_259758751,-0.107859604
20241107_092856_508896542,-0.12906598
20241107_092856_751355975,-0.14997299
20241107_092856_995671253,-0.10896375
20241107_092857_492149889,0.266006
20241107_092857_741073993,0.45022836
20241107_092857_998287635,1.4428282
20241107_092858_249666025,0.08797991
20241107_092858_498958398,0.1585715
20241107_092859_495622640,0.39764413
20241107_092859_748883996,0.06477515
20241107_092859_999790295,-0.42128983
20241107_092900_252733966,-0.2847177
20241107_092900_503290226,-0.18502332
20241107_092900_754469402,-0.24748431
20241107_092901_004408845,-0.9390565
20241107_092901_259228169,0.4328151
20241107_092901_507051483,0.076278605
20241107_092901_754401076,0.1882879
20241107_092902_001453081,0.36663836
20241107_092902_250935795,-0.23316276
20241107_092902_502495139,-0.7083418
20241107_092902_753106623,-0.56641644
20241107_092903_004308973,-0.36311832
20241107_092903_249556930,0.012788111
20241107_092903_504905970,0.31543714
20241107_092903_770200652,-0.16499095
20241107_092904_027846651,-0.16428472
20241107_092904_273466281,-0.4868243
20241107_092904_521102860,-0.9683527
20241107_092904_759961377,-1.8780242
20241107_092905_011819584,0.5198345
20241107_092905_262662776,0.16442417
20241107_092905_522027273,0.23364954
20241107_092905_758150599,0.23835848
20241107_092906_004191976,0.23289083
20241107_092906_248950040,0.24807386
20241107_092906_503801139,0.8038458
20241107_092906_756903394,1.1737962
20241107_092907_007877062,0.6148153
20241107_092907_248512396,0.35278815
20241107_092907_502239300,1.4472129
20241107_092907_757862393,-0.6783219
20241107_092908_002985533,0.16367874
20241107_092908_257472877,0.099015854
20241107_092908_515252179,-0.5377942
20241107_092908_761012414,-0.45119494
20241107_092909_019344131,-0.38103148
20241107_092909_265594797,-0.9051567
20241107_092909_519492481,-0.14950173
20241107_092909_763791849,-0.2703922
20241107_092910_014155812,-0.63433236
20241107_092910_252140829,-0.6566633
20241107_092910_512147477,-0.5983329
20241107_092910_758237446,-1.0303148
20241107_092911_009434721,-0.8397405
20241107_092911_249474867,-0.67666316
20241107_092911_499820837,-1.0030724
20241107_092911_749624988,1.0947069
20241107_092911_998991318,0.1324394
20241107_092912_244538639,1.2336298
20241107_092913_008471080,0.7821994
20241107_092913_254695611,0.36043864
20241107_092913_510086793,0.42232817
20241107_092913_751195668,1.0389514
20241107_092914_006219639,0.7576514
20241107_092914_248305728,0.77455056
20241107_092914_499965305,0.8929563
20241107_092914_758175409,0.893732
20241107_092915_005834532,0.87462986
20241107_092915_255532318,1.3405931
20241107_092915_507832682,0.9556779
20241107_092915_750057861,1.1753832
20241107_092915_997304070,0.7640695
20241107_092916_244041884,0.74086106
20241107_092916_498204888,0.44540876
20241107_092916_753756455,-0.44972408
20241107_092917_000909037,0.0027993862
20241107_092917_246311748,-0.090849884
20241107_092917_503727914,-0.13484527
20241107_092917_747003932,-0.23173727
20241107_092917_998606592,0.08268312
20241107_092918_250420473,0.06632651
20241107_092918_504328563,0.2977138
20241107_092918_752925125,0.3559464
20241107_092918_997941514,0.27825207
20241107_092919_244876504,0.25003248
20241107_092919_504529607,0.09244237
20241107_092919_749658156,-0.1211743
20241107_092920_002960410,-0.52017784
20241107_092920_255590293,-0.113466255
20241107_092920_507820911,-0.026498606
20241107_092920_756421892,-0.2065909
20241107_092921_003401822,-0.18587144
20241107_092921_746337895,0.050098404
20241107_092922_002782957,-0.054732166
20241107_092922_250604379,-0.08582076
20241107_092922_505929573,-0.11579525
20241107_092922_746675215,0.022378618
20241107_092922_995052322,-0.2032844
20241107_092923_493652290,-0.21165822
20241107_092923_744468041,0.18224974
20241107_092923_994484649,0.16780803
20241107_092924_241497983,0.18755035
20241107_092924_497345868,0.35173354
20241107_092924_997853198,0.22745891
20241107_092925_506320243,0.2484513
20241107_092925_747222735,0.11528287
20241107_092925_998626361,-1.4165118
20241107_092926_246407509,-0.21622096
20241107_092926_499263405,-1.1952703
20241107_092926_745680353,0.042805113
20241107_092926_996046055,0.06231395
20241107_092927_250478179,0.06596763
20241107_092927_506888959,-0.36172462
20241107_092927_749641402,-0.45890808
20241107_092927_998308376,-0.49121335
20241107_092928_243590635,-0.6046349
20241107_092928_491723402,-0.8207722
20241107_092928_741584008,-0.4819589
20241107_092928_992849912,-0.42093945
20241107_092929_514160881,-0.3728262
20241107_092929_745228762,-0.4439702
20241107_092929_995248677,-0.5485324
20241107_092930_245169373,-0.61927676
20241107_092930_496095710,-0.37713897
20241107_092930_749786845,-0.31271848
20241107_092931_007569732,0.52129453
20241107_092931_252923550,0.9451998
20241107_092931_502261666,0.13759598
20241107_092931_749906309,0.070388064
20241107_092931_994848085,-0.7361334
20241107_092932_245027162,-0.7772577
20241107_092932_504239062,-0.62917066
20241107_092932_747794143,-0.8563299
20241107_092933_004245031,-0.8184274
20241107_092933_242877093,-0.7028009
20241107_092933_744763976,-0.3053262
20241107_092933_992239904,-0.19991119
20241107_092934_240396487,-0.01994588
20241107_092934_489722043,0.08872799
20241107_092934_741758000,0.8576972
20241107_092934_994646071,0.429719
20241107_092935_242734720,0.2610794
20241107_092935_494057626,0.27548268
20241107_092935_748490314,-0.1467952
20241107_092935_999546971,-0.2904305
20241107_092936_254732610,-0.11656173
20241107_092936_508178332,-0.13046806
20241107_092936_756279376,-0.12359732
20241107_092937_010932081,-0.23721309
20241107_092937_250784401,-0.17739888
20241107_092937_503594700,-0.006882509
20241107_092937_752690783,0.7584048
20241107_092938_003368994,0.5862477
20241107_092938_246746785,0.40458938
20241107_092938_494082689,0.8094844
20241107_092938_745803715,0.94207865
20241107_092939_003446105,0.468784
20241107_092939_246713029,-0.056436516
20241107_092939_495432567,-0.15295245
20241107_092939_744914069,-0.0653344
20241107_092939_994130556,0.6457638
20241107_092940_240686548,0.08305273
20241107_092940_493351589,-0.06541904
20241107_092940_744602663,0.006937245
20241107_092940_996160173,0.105185665
20241107_092941_239776917,0.111671425
20241107_092941_491025635,0.1053162
20241107_092941_738924626,0.074861385
20241107_092942_739903483,0.12295798
20241107_092942_994602924,0.06879751
20241107_092943_243669773,0.08453063
20241107_092943_493180131,0.123596705
20241107_092943_742654098,0.035152234
20241107_092943_994903491,-0.07369473
20241107_092944_245951936,-0.18913
20241107_092944_495209895,-0.39599004
20241107_092944_744439645,-0.56745565
20241107_092944_997478712,0.7869883
20241107_092945_246409716,0.2585433
20241107_092945_495363393,0.977642
20241107_092945_743792531,-0.73783064
20241107_092946_003249809,-0.2845217
20241107_092946_250411792,-0.6445583
20241107_092946_499981885,-0.59985167
20241107_092946_750735251,-0.61349237
20241107_092946_999786709,-0.46244204
20241107_092947_249413700,-0.1295262
20241107_092947_499950650,-0.53565264
20241107_092947_743948204,-0.29947248
20241107_092947_992263069,-0.13910964
20241107_092948_240380002,-0.28677282
20241107_092948_492003512,-0.6109297
20241107_092948_739957739,-0.64767796
20241107_092948_990466244,-0.72715634
20241107_092949_239728627,-0.6694248
20241107_092949_741117802,0.04128231
20241107_092949_992922773,0.24483596
20241107_092950_243602601,0.43012184
20241107_092950_504260634,0.4409798
20241107_092950_758303345,-0.42482123
20241107_092951_003431440,-1.2770542
20241107_092951_251253288,-1.7748588
20241107_092951_503577660,-0.2610685
20241107_092951_747476398,-0.14866169
20241107_092951_997358398,-0.13380916
20241107_092952_247863496,0.6195494
20241107_092952_500262785,-0.0005393233
20241107_092952_746728930,0.24325691
20241107_092952_999429292,-0.6637723
20241107_092953_249393539,-0.29701152
20241107_092953_498444162,-0.042293273
20241107_092953_744457434,0.10873882
20241107_092953_994852784,0.014288882
20241107_092954_240845373,0.04159797
20241107_092954_491463925,0.043467917
20241107_092954_738995718,-0.19987543
20241107_092954_991971368,0.037308402
20241107_092955_243711065,-0.059273057
20241107_092955_494719004,0.13477366
20241107_092955_741849187,0.24635758
20241107_092955_995596425,0.7110454
20241107_092956_249445384,1.4591466
20241107_092956_501075525,-1.088854
20241107_092956_743598395,-1.3216854
20241107_092956_997231732,-0.8158742
20241107_092957_245205449,-0.94704294
20241107_092957_493655034,-1.5048364
20241107_092957_742311152,0.65576935
20241107_092957_996087661,-0.010697689
20241107_092958_245954120,0.53103983
20241107_092958_500034061,0.49820217
20241107_092958_752343174,0.49766675
20241107_092958_998388871,0.46504122
20241107_092959_249884266,0.089215375
20241107_092959_500248175,-0.5521341
20241107_092959_751870725,-0.26930606
20241107_093000_013387737,-0.11022218
20241107_093000_255505543,-0.34416544
20241107_093000_506329121,-0.1485296
20241107_093000_752654053,-1.6890118
20241107_093001_019147932,0.58313465
20241107_093001_267632137,0.7677193
20241107_093001_517904268,0.48263237
20241107_093001_763543456,0.36463377
20241107_093002_012778220,1.2139074
20241107_093002_250223176,0.19949298
20241107_093002_503398694,-0.3172585
20241107_093002_759168853,-0.116020195
20241107_093003_017221436,-0.2828394
20241107_093003_258414088,0.1622334
20241107_093003_507400144,0.76584846
20241107_093003_754617684,-0.021467937
20241107_093004_006618056,0.27415913
20241107_093004_252377790,0.073015384
20241107_093004_517359374,-0.09943881
20241107_093004_774447870,-0.019128403
20241107_093005_021894547,-0.086653374
20241107_093005_264711162,0.76078373
20241107_093005_514525563,1.3851106
20241107_093005_759256651,-0.0007861741
20241107_093006_011714098,-0.09719234
20241107_093006_268317731,0.3085948
20241107_093006_515762398,0.003084818
20241107_093006_759870879,0.74666035
20241107_093007_013465076,-0.8475906
20241107_093007_260499647,0.0065746997
20241107_093007_506172029,0.6582097
20241107_093007_763964480,0.95981693
20241107_093008_008861909,-1.0118822
20241107_093008_258043126,-0.36110893
20241107_093008_511292278,-1.0778267
20241107_093008_752612992,-1.1906308
20241107_093009_001562383,0.4235713
20241107_093009_246345123,-0.32894787
20241107_093009_500638955,-0.16323172
20241107_093009_748202238,0.124539025
20241107_093010_002084576,0.23305331
20241107_093010_254239497,0.22550039
20241107_093010_506203648,0.223047
20241107_093010_746069971,0.20192938
20241107_093011_242300972,0.25032306
20241107_093011_492747599,0.288097
20241107_093011_741016462,0.6947242
20241107_093011_991338740,0.7387633
20241107_093012_246257785,0.47776744
20241107_093012_497615737,0.78689647
20241107_093012_738487274,0.07892773
20241107_093012_995279806,0.23961012
20241107_093013_246743186,0.51122606
20241107_093013_494017042,0.5115642
20241107_093013_741609137,0.56555027
20241107_093013_993356658,0.13691987
20241107_093014_239622635,0.15645294
20241107_093014_491382108,0.07446275
20241107_093014_739617354,-0.4527657
20241107_093014_993157790,-0.28898296
20241107_093015_243827543,-0.15123866
20241107_093015_501528388,-0.12300261
20241107_093015_744704494,0.22438489
20241107_093015_996483142,0.5954037
20241107_093016_244100949,0.34222576
20241107_093016_494372468,0.08888916
20241107_093016_742123194,-1.2299749
20241107_093017_004458108,-0.4280201
20241107_093017_254859627,-1.0413294
20241107_093017_511200296,-0.65459615
20241107_093017_753563502,-0.6063957
20241107_093018_007717278,0.38095108
20241107_093018_251661765,0.59499925
20241107_093018_501093252,1.1758777
20241107_093018_743813709,-0.75754625
20241107_093019_008693280,0.07126684
20241107_093019_263613897,0.21824084
20241107_093019_504608374,0.12220282
20241107_093019_749486007,0.21244285
20241107_093020_003065761,0.78094244
20241107_093020_250880299,0.4828101
20241107_093020_498811854,0.2508413
20241107_093020_749067248,0.6855136
20241107_093021_008709404,0.38767952
20241107_093021_257596714,-0.59781903
20241107_093021_502725013,0.1905484
20241107_093021_747398271,0.06786911
20241107_093021_999084516,0.83854026
20241107_093022_246500197,0.12039576
20241107_093022_495048983,0.046233505
20241107_093022_990536338,0.01955519
20241107_093023_992583898,0.022941211
20241107_093024_739952715,0.32135114
20241107_093024_997095503,0.32100752
20241107_093025_247248617,0.39084518
20241107_093025_748601056,0.4576283
20241107_093025_997991669,1.1176075
20241107_093026_247999502,-0.8362628
20241107_093026_501607376,-0.037976928
20241107_093026_742921917,-1.6798978
20241107_093026_994121276,-0.930664
20241107_093027_253110512,0.836396
20241107_093027_509278193,0.5601762
20241107_093027_753626018,0.82151186
20241107_093027_998853616,0.33647135
20241107_093028_251385620,-1.1665201
20241107_093028_504591491,0.5703084
20241107_093028_753544475,0.7026132
20241107_093028_998263341,0.29099634
20241107_093029_250431907,0.21811864
20241107_093029_517735518,0.28556105
20241107_093029_745357063,0.38573998
20241107_093030_001157701,0.8603337
20241107_093030_242154183,0.84312445
20241107_093030_495048143,0.14126468
20241107_093030_748689946,-0.7937476
20241107_093031_008108202,-0.5434597
20241107_093031_258464870,-0.00581065
20241107_093031_512354622,0.5070161
20241107_093031_763795636,0.35934886
20241107_093032_016682411,1.0203505
20241107_093032_255412893,-1.2556313
20241107_093032_510788180,-0.9975615
20241107_093032_751239067,-0.44708177
20241107_093033_003670645,0.0587508
20241107_093033_256183162,-0.09266101
20241107_093033_503978171,-0.055442177
20241107_093033_750203057,-0.15376772
20241107_093033_997038008,-0.18799867
20241107_093034_244652100,-0.47627512
20241107_093034_501571609,-0.8897689
20241107_093034_748214174,-0.45490292
20241107_093035_247436398,-0.4990133
20241107_093035_499036482,-0.4147919
20241107_093035_742026302,-0.5443235
20241107_093035_995896306,-1.3709615
20241107_093036_242521856,0.61028314
20241107_093036_496092350,0.4521196
20241107_093036_747881791,0.36193112
20241107_093036_995292611,0.5629356
20241107_093037_247465313,0.5054877
20241107_093037_498072131,-1.0086423
20241107_093037_743557962,-0.66816974
20241107_093037_995164697,-0.48345947
20241107_093038_243152976,-0.65690696
20241107_093038_492161868,-0.7359954
20241107_093038_739664974,-0.8939164
20241107_093039_253303752,-0.78708476
20241107_093039_500117234,-0.7477723
20241107_093040_005937982,-0.20358427
20241107_093040_250554424,-0.5392783
20241107_093040_500406152,-0.38595036
20241107_093040_995798519,-0.51730055
20241107_093041_248366426,-0.42742637
20241107_093041_497016257,-0.700506
20241107_093041_744663123,-0.6319982
20241107_093042_491897590,-0.47337064
20241107_093042_739886466,-0.55190516
20241107_093042_989187455,-0.5410782
20241107_093043_492833572,0.10704658
20241107_093043_739905781,0.114585616
20241107_093043_991995074,0.10910497
20241107_093044_240693882,0.132048
20241107_093044_496283961,0.14529656
20241107_093044_741939225,0.15624039
20241107_093044_993126056,0.1926782
20241107_093045_241444028,0.2500616
20241107_093045_495801633,0.24459253
20241107_093045_744942516,0.16164587
20241107_093045_997692979,0.29451162
20241107_093046_248236143,-0.646589
20241107_093046_505619617,-0.0036035944
20241107_093046_757064096,-0.02349915
20241107_093047_755494965,-0.1489246
20241107_093048_011914687,0.22273311
20241107_093048_268503060,0.8825341
20241107_093048_520903609,0.7689004
20241107_093048_755908066,0.3212621
20241107_093049_255268972,0.55537915
20241107_093049_516669721,0.5132398
20241107_093049_752028178,0.35436153
20241107_093050_003371012,0.6003828
20241107_093050_254504360,0.76917213
20241107_093050_506697924,1.1235058
20241107_093050_751554168,0.12295271
20241107_093051_007221999,-0.052865975
20241107_093051_257206983,-1.4043199
20241107_093051_508347997,-0.8569496
20241107_093052_254364382,-0.093904994
20241107_093052_509136226,-0.0268689
20241107_093052_752895903,0.024677256
20241107_093052_998738326,0.019918004
20241107_093053_244379297,-0.09993955
20241107_093053_501836471,-0.044067353
20241107_093053_753389720,0.24278878
20241107_093054_005054722,0.14580534
20241107_093054_258239158,-0.35451666
20241107_093054_502993457,-0.06566217
20241107_093054_744400792,-0.13768019
20241107_093054_994234275,-0.1527517
20241107_093055_248468913,0.80192035
20241107_093055_500884298,-0.07131531
20241107_093055_760687769,-0.5374761
20241107_093056_006586195,-0.5496021
20241107_093056_252883172,-0.22706969
20241107_093056_500969376,-0.340066
20241107_093056_746574690,0.059215702
20241107_093057_003292774,0.14093469
20241107_093057_243075389,-0.1303943
20241107_093057_498091495,-0.28040454
20241107_093057_753782748,-0.38446686
20241107_093058_006681603,-0.302103
20241107_093058_248314975,-0.25908118
20241107_093058_498861899,-0.37292907
20241107_093058_742636956,-0.32740447
20241107_093058_997328777,-0.30234802
20241107_093059_245006983,-0.7791881
20241107_093059_513270911,0.2522277
20241107_093059_783661839,-0.22770633
20241107_093100_028557954,-0.2198657
20241107_093100_263340797,-0.43260172
20241107_093100_530158975,-0.29849246
20241107_093100_769251335,-0.3012947
20241107_093101_013189399,-0.3545005
20241107_093101_253743727,-0.10506233
20241107_093101_504977883,-0.5667569
20241107_093101_750707969,-0.18885536
20241107_093102_007481859,0.041882016
20241107_093102_251531399,0.18858008
20241107_093102_499678994,0.20438455
20241107_093102_744964922,0.28903067
20241107_093103_003192376,0.1470754
20241107_093103_254955516,0.17459899
20241107_093103_497308334,0.19556028
20241107_093103_758412967,0.044361927
20241107_093104_011837931,-0.16023336
20241107_093104_250511708,0.84141886
20241107_093104_506483022,0.5943574
20241107_093104_768312541,0.13753222
20241107_093105_018468093,-0.1635309
20241107_093105_258793373,0.23137484
20241107_093105_516936461,0.19722052
20241107_093105_768558543,0.117557146
20241107_093106_013274057,0.52667135
20241107_093106_255835180,1.1534083
20241107_093106_502605546,0.86289203
20241107_093106_745137700,0.4637064
20241107_093107_245133628,0.5667479
20241107_093107_498437693,1.2158465
20241107_093107_751471686,0.76887375
20241107_093108_010522002,0.70074695
20241107_093108_259126872,0.63376033
20241107_093108_508259059,0.5037729
20241107_093109_010043698,0.52151245
20241107_093110_493474397,0.7552466
20241107_093110_742701942,0.43560067
20241107_093110_994599355,1.34605
20241107_093111_240762766,0.9704254
20241107_093111_497235474,0.31470546
20241107_093111_743516353,-0.48468992
20241107_093112_006809538,0.3482169
20241107_093112_260561439,0.4177657
20241107_093112_505318944,-0.9368885
20241107_093112_750248994,-0.09364382
20241107_093113_003071527,0.085938804
20241107_093113_256325746,-0.047264554
20241107_093113_506845130,-0.38949433
20241107_093113_751417238,-0.51271135
20241107_093113_999198781,-0.5916341
20241107_093114_244629658,0.38868055
20241107_093114_502437760,0.6981962
20241107_093114_746381095,0.7830981
20241107_093114_995257372,0.34184882
20241107_093115_240925912,0.37216392
20241107_093115_492791873,0.17218046
20241107_093115_740860659,0.22981869
20241107_093115_997476590,0.013356904
20241107_093116_252808053,-0.07962891
20241107_093116_500222430,0.15427785
20241107_093116_748487247,0.17001699
20241107_093117_003636301,0.3451239
20241107_093117_257467736,0.8425852
20241107_093117_508700018,0.37048882
20241107_093117_752755641,0.4035096
20241107_093117_995595133,0.43946913
20241107_093118_243280037,0.4324444
20241107_093118_496945506,0.256231
20241107_093118_742954596,0.14165197
20241107_093118_994694330,-0.016955277
20241107_093119_253176349,-0.5228528
20241107_093119_502244222,-0.10401522
20241107_093119_742987754,-0.23627625
20241107_093119_998145960,-0.27334636
20241107_093120_241689667,-0.23251309
20241107_093120_490783593,-0.11983802
20241107_093121_241129547,-0.08039596
20241107_093121_492213473,-0.255099
20241107_093121_744725827,-0.24486546
20241107_093121_998800201,-1.1825074
20241107_093122_246822983,-1.3323826
20241107_093122_505322442,-1.785288
20241107_093122_760726216,0.5985598
20241107_093123_012472368,-0.30797204
20241107_093123_259876073,-0.3355396
20241107_093123_520242163,-0.2161581
20241107_093123_763029714,-0.6120827
20241107_093124_010282450,-0.7285028
20241107_093124_258817830,-0.2703341
20241107_093124_506308139,-0.12067812
20241107_093124_743849004,-0.056599133
20241107_093124_997261508,-0.13695027
20241107_093125_245617660,0.019313583
20241107_093125_497420346,0.039225616
20241107_093125_752004684,0.2431102
20241107_093126_004868783,0.28381336
20241107_093126_251245370,0.19489606
20241107_093126_499086817,0.49756387
20241107_093126_746640409,0.43693164
20241107_093126_996102220,0.33534393
20241107_093127_243526032,0.34608865
20241107_093127_499628216,0.38726366
20241107_093127_744548658,0.3481065
20241107_093128_000898682,0.39645168
20241107_093128_249924500,0.3484529
20241107_093128_496176901,0.29469106
20241107_093128_744900768,0.27258554
20241107_093128_997649838,0.17769249
20241107_093129_247304564,0.69512486
20241107_093129_515177915,0.5289753
20241107_093129_751149734,0.09577707
20241107_093129_998221727,-0.19809444
20241107_093130_240470312,-0.03319522
20241107_093130_490109720,0.03415457
20241107_093130_742468828,-0.021594873
20241107_093130_992642852,-0.12808962
20241107_093131_244187917,-0.010204842
20241107_093131_493000063,0.01758019
20241107_093131_743777006,0.016740242
20241107_093131_991699461,-0.003709456
20241107_093132_239403295,0.018870423
20241107_093132_492987005,-0.0022886004
20241107_093132_739034737,0.04995162
20241107_093132_991538947,0.0027565155
20241107_093133_238053190,-0.013730189
20241107_093133_498596495,-0.029315641
20241107_093133_744478920,-0.13227503
20241107_093133_993876576,-0.06543528
20241107_093134_242253006,-0.04261359
20241107_093134_494000478,-0.06535336
20241107_093134_740324507,-0.188361
20241107_093134_990364312,-0.06009298
20241107_093135_245904715,-0.09895047
20241107_093135_496651592,-0.17355914
20241107_093135_746944107,-0.12169983
20241107_093135_996671334,-1.1130351
20241107_093136_244409659,0.115447484
20241107_093136_494650401,-0.006804606
20241107_093136_745487758,-0.29395813
20241107_093136_999028094,-0.21479182
20241107_093137_242056673,-0.06705441
20241107_093137_500328400,-0.06784906
20241107_093137_744929687,-0.11020359
20241107_093137_992178060,-0.014321586
20241107_093138_239547884,-0.10070943
20241107_093138_498605760,0.39445743
20241107_093138_750372273,-0.995809
20241107_093139_008327739,-0.075683385
20241107_093139_257541324,-0.04783155
20241107_093139_502977971,-0.22535868
20241107_093139_999705345,-0.28652635
20241107_093140_243227808,-0.20534404
20241107_093140_494863477,-0.055790745
20241107_093140_745999527,0.52398384
20241107_093141_007590060,0.5424512
20241107_093141_264605908,0.5768197
20241107_093141_509551449,0.6449415
20241107_093141_755094609,0.43580243
20241107_093142_002123350,0.98802227
20241107_093142_248629981,0.60853976
20241107_093142_496204024,0.6914982
20241107_093142_742362614,0.5804315
20241107_093142_993200419,0.6286399
20241107_093143_249008634,0.51737
20241107_093143_507745519,-0.0047831405
20241107_093143_750824067,-0.043449964
20241107_093144_003825788,0.66461587
20241107_093144_253277929,0.31673655
20241107_093144_497214197,0.06283078
20241107_093144_745156830,0.28377405
20241107_093144_997814723,0.23639296
20241107_093145_495904725,0.21353297
20241107_093145_746079602,0.342294
20241107_093146_001938940,0.75859267
20241107_093146_248992103,0.4892625
20241107_093146_497429215,0.44351494
20241107_093146_743351460,0.36980546
20241107_093146_995794288,0.115710355
20241107_093147_240906883,0.0048491154
20241107_093147_496754833,0.14360179
20241107_093147_742963730,0.11266611
20241107_093147_996787217,-0.48788026
20241107_093148_247291827,-0.38982183
20241107_093148_500788569,-0.23267768
20241107_093148_996948601,-0.20534413
20241107_093149_507158790,-0.21208133
20241107_093149_756865899,0.116369165
20241107_093150_013554336,0.44587144
20241107_093150_264084234,0.028234536
20241107_093150_527382956,0.24291725
20241107_093150_759804556,0.2305042
20241107_093151_014545503,0.260815
20241107_093151_265399464,0.2488574
20241107_093151_525990512,0.26360938
20241107_093151_765430653,0.24491404
20241107_093152_012953261,1.4417083
20241107_093152_271925183,-0.218318
20241107_093152_513723582,0.12094403
20241107_093152_752561874,0.13801007
20241107_093153_005079902,-0.074710034
20241107_093153_247345548,-0.014369389
20241107_093153_500356407,0.031500615
20241107_093153_747222989,0.024501482
20241107_093154_007297918,0.011660555
20241107_093154_252513940,0.09258477
20241107_093154_503486647,0.3527334
20241107_093154_749120803,0.088181175
20241107_093154_996628872,0.08323506
20241107_093155_497398852,0.103767075
20241107_093155_998198331,0.14656876
20241107_093156_246041937,0.24945934
20241107_093156_498622048,0.16398047
20241107_093156_748856506,-0.67251384
20241107_093157_003070763,-0.80726624
20241107_093157_251590494,-0.31539646
20241107_093157_502583794,-0.08498127
20241107_093157_745645872,-0.055710353
20241107_093157_997290675,0.37454963
20241107_093158_243455932,0.8445889
20241107_093158_495202186,0.70427793
20241107_093158_742686697,0.052708045
20241107_093158_997862012,-0.11632972
20241107_093159_246111807,-0.31996202
20241107_093159_502641417,-0.27601835
20241107_093159_749193062,-0.3892614
20241107_093200_003073217,-0.81638664
20241107_093200_246305671,-0.44466126
20241107_093200_501568882,-0.13535412
20241107_093200_743875428,0.23423631
20241107_093201_006494809,0.38915762
20241107_093201_254903318,-0.9342508
20241107_093201_517231024,-0.8037756
20241107_093201_767426631,-0.80844736
20241107_093202_026107077,-0.22699907
20241107_093202_271842714,0.98367625
20241107_093202_538694179,0.07622535
20241107_093202_775381785,-1.4670283
20241107_093203_025353785,0.2958086
20241107_093203_277489220,-0.39378673
20241107_093203_548307267,-0.114428274
20241107_093203_782686146,0.038542815
20241107_093204_017709514,-0.27666157
20241107_093204_256631737,-0.19537537
20241107_093204_507155172,-0.17472894
20241107_093204_749574432,-0.15626855
20241107_093205_000666946,-0.15982737
20241107_093205_253403069,-0.858449
20241107_093205_502186336,-0.5289119
20241107_093205_757129860,-0.47118533
20241107_093206_004570264,-0.19905634
20241107_093206_250819687,-0.4479725
20241107_093206_504892178,-0.663651
20241107_093206_751893030,-0.67784363
20241107_093207_012149695,-0.6260312
20241107_093207_254436383,-0.60477436
20241107_093207_506460433,0.5766401
20241107_093207_765115197,-0.1259941
20241107_093208_013463544,-0.07650914
20241107_093208_261465801,-0.25075296
20241107_093208_511467267,-0.35312977
20241107_093208_753926030,-0.017108282
20241107_093209_003471771,0.039398707
20241107_093209_248855610,0.27318034
20241107_093209_503830817,0.3447271
20241107_093209_747298137,0.43359917
20241107_093210_009793435,0.94638264
20241107_093210_255431976,0.47663632
20241107_093210_514559458,0.26421192
20241107_093210_756420697,-0.68604887
20241107_093211_006850246,-2.0678368
20241107_093211_253570387,0.18550812
20241107_093211_511161692,0.03993974
20241107_093211_751223407,0.046344735
20241107_093212_003421777,0.09587274
20241107_093212_250119500,0.11074213
20241107_093212_498406380,0.2547544
20241107_093212_750382175,-0.024890264
20241107_093212_998656852,-0.16800995
20241107_093213_249977960,-0.15197845
20241107_093213_507445084,0.19005664
20241107_093213_748816543,0.22150326
20241107_093214_000392572,0.17152359
20241107_093214_264316278,0.58580416
20241107_093214_507639692,1.2382565
20241107_093214_749683743,0.041457742
20241107_093215_005260407,-0.23653825
20241107_093215_251388484,0.1048444
20241107_093215_498678518,0.17952348
20241107_093215_749001096,0.107670106
20241107_093216_004222984,0.26462868
20241107_093216_250576211,0.3259617
20241107_093216_501180399,0.06521759
20241107_093216_751998817,0.03422282
20241107_093217_008955975,-0.00879862
20241107_093217_251653248,0.020874301
20241107_093217_502251882,0.16469242
20241107_093218_000646509,0.09729544
20241107_093218_502106101,0.14229117
20241107_093218_750125811,0.03357605
20241107_093219_004185099,-0.06073936
20241107_093219_241635813,0.09191568
20241107_093219_496802486,-0.24845822
20241107_093219_741511547,-0.13827981
20241107_093219_992744647,-0.05857428
20241107_093220_499181676,-0.08684971
20241107_093220_750589502,-0.06695183
20241107_093220_995611069,0.055598475
20241107_093221_245462210,0.16358759
20241107_093221_508262078,-0.17124946
20241107_093221_754278416,-0.05621662
20241107_093222_000960368,-0.46498576
20241107_093222_245928280,-0.34324518
20241107_093222_503866879,-0.21032397
20241107_093222_756771677,0.046531208
20241107_093223_243532290,0.029647658
20241107_093223_499670683,-0.027708312
20241107_093223_741994658,-0.023512771
20241107_093224_245565947,0.17799431
20241107_093224_500901891,0.27979636
20241107_093224_997928983,0.272961
20241107_093225_243097209,0.21349545
20241107_093225_499329593,0.18860467
20241107_093225_741763392,-0.0052088406
20241107_093225_999519326,-0.01152285
20241107_093226_243260300,0.0414756
20241107_093227_002722214,0.12435267
20241107_093227_249691913,-0.068893604
20241107_093227_993579595,0.09709097
20241107_093228_241942519,-0.017293354
20241107_093228_493330215,-0.07672729
20241107_093228_739113660,-0.07028376
20241107_093228_992363164,-0.015030524
20241107_093229_246720040,-0.045943193
20241107_093229_749404227,-0.10340502
20241107_093230_002002518,-0.03239753
20241107_093230_254149364,0.24260284
20241107_093230_512223668,1.4694785
20241107_093230_754141747,-0.027143408
20241107_093231_017096821,-0.5634838
20241107_093231_253612795,-0.2705459
20241107_093231_508079260,-0.14266896
20241107_093231_749112749,-0.6773821
20241107_093232_001709845,-0.66206187
20241107_093232_250440226,-0.67837507
20241107_093232_496869042,-0.028413871
20241107_093232_742229767,0.31204197
20241107_093232_996014222,0.20481901
20241107_093233_243676112,0.103814684
20241107_093233_493190431,0.18593733
20241107_093233_740234667,0.17840023
20241107_093234_244036973,0.16736375
20241107_093234_492944695,0.14991538
20241107_093234_743792406,0.12922607
20241107_093234_995612889,0.07818512
20241107_093235_250916804,-0.13851835
20241107_093235_521920833,0.045303203
20241107_093235_777513682,0.101921774
20241107_093236_263108864,0.11701278
20241107_093236_506782974,0.11726276
20241107_093236_753932837,-0.07087644
20241107_093237_001104453,0.081418194
20241107_093237_504143235,0.13712536
20241107_093237_749279367,0.13427441
20241107_093238_004622395,0.40664497
20241107_093238_251389456,0.63866013
20241107_093238_506757898,1.6092098
20241107_093238_760457295,-0.514965
20241107_093239_009959715,-0.28030878
20241107_093239_256240471,-0.40509623
20241107_093239_506671898,-0.26117054
20241107_093239_745917310,-0.3261645
20241107_093239_999325596,-0.24406092
20241107_093240_494457102,-0.28326258
20241107_093240_739563849,-0.33503473
20241107_093240_993006784,-0.2460416
20241107_093241_245657536,-0.79662526
20241107_093241_498944087,-1.8484126
20241107_093241_747117836,-0.6322949
20241107_093241_997275224,-0.43439227
20241107_093242_244319005,-0.47266653
20241107_093242_503822505,-1.5709938
20241107_093242_746916524,-0.48688945
20241107_093243_240810875,-0.7758003
20241107_093243_494842870,-0.65476465
20241107_093243_743970586,0.17668514
20241107_093244_004316260,-0.12443849
20241107_093244_262264755,-0.9502496
20241107_093244_521923839,0.810227
20241107_093244_764756506,-0.057199262
20241107_093245_017761923,-0.041227482
20241107_093245_256844845,0.0935354
20241107_093245_504397290,0.11780993
20241107_093245_746125977,0.4308338
20241107_093245_998203174,1.4730667
20241107_093246_247193342,0.981376
20241107_093246_502226757,0.32002282
20241107_093246_754016597,0.6732833
20241107_093246_999522152,0.68779856
20241107_093247_250454657,0.18453862
20241107_093247_495540254,0.04591129
20241107_093247_758878930,-0.009446343
20241107_093248_010416684,0.7631286
20241107_093248_250392337,0.20002012
20241107_093248_501460485,0.091240205
20241107_093248_746835727,0.17448919
20241107_093248_993980103,-0.024662932
20241107_093249_240138407,0.0849748
20241107_093249_494268363,0.107849635
20241107_093249_738601340,0.30320424
20241107_093249_987745255,0.3317778
20241107_093250_240183592,0.2559341
20241107_093250_493809897,1.0161718
20241107_093250_743044068,1.3371905
20241107_093250_994379968,1.0332714
20241107_093251_238548615,0.22932927
20241107_093251_491293581,0.324505
20241107_093251_736930657,0.32215968
20241107_093252_739607455,0.36810812
20241107_093252_990806275,0.34132513
20241107_093253_237516068,0.8435614
20241107_093253_489111269,0.94345415
20241107_093254_241706496,0.7430904
20241107_093254_495521121,0.63263726
20241107_093254_752562071,0.71688265
20241107_093254_997787162,0.74871355
20241107_093255_247076126,0.3246699
20241107_093255_496632685,-0.23338139
20241107_093255_746199175,-0.033433523
20241107_093255_995671032,0.006386811
20241107_093256_244350817,0.09094809
20241107_093256_493313461,0.16208471
20241107_093256_739187208,1.0011094
20241107_093256_993353841,0.45753285
20241107_093257_240517365,0.45795095
20241107_093257_494456283,0.43113965
20241107_093257_747181097,0.5431216
20241107_093257_993409815,0.38518995
20241107_093258_241992522,0.35267496
20241107_093258_497015237,0.03852103
20241107_093258_738003603,0.07048003
20241107_093258_991660560,0.13442035
20241107_093259_497532531,0.9770289
20241107_093259_748179719,-0.86800927
20241107_093259_997594710,-0.54720336
20241107_093300_248622565,-0.5192167
20241107_093300_495869516,-0.6521236
20241107_093300_745135642,-0.66753143
20241107_093300_998781933,-1.1728567
20241107_093301_252446788,-0.112231255
20241107_093301_500457892,-0.17685528
20241107_093301_746631570,-0.70015365
20241107_093301_996497020,-0.7814969
20241107_093302_245197291,-1.231573
20241107_093302_504743475,-0.7214505
20241107_093302_754875074,-0.4878771
20241107_093303_013684641,-0.23648886
20241107_093303_252441145,-0.11849094
20241107_093303_507574877,-0.22564267
20241107_093303_752458337,-1.1663713
20241107_093304_005924886,0.4641541
20241107_093304_254494812,0.12494496
20241107_093304_499144390,0.09456024
20241107_093304_742879515,0.16123824
20241107_093304_993634207,0.24639378
20241107_093305_248757278,0.6978603
20241107_093305_501353242,0.3848982
20241107_093305_749520931,0.47511092
20241107_093306_000540887,0.61748993
20241107_093306_251816409,0.51212597
20241107_093306_507139083,-0.37879232
20241107_093306_755841010,-0.027117837
20241107_093307_015164459,-0.63688964
20241107_093307_255266267,-0.8883989
20241107_093307_511777406,0.46043718
20241107_093307_759972151,-0.60925186
20241107_093308_026135907,-0.31527144
20241107_093308_254454169,-0.6259382
20241107_093308_508490301,-0.9224563
20241107_093308_755907314,-0.51798296
20241107_093309_006864414,0.78076905
20241107_093309_260769079,1.7407035
20241107_093309_508289455,-0.11023074
20241107_093309_749817270,-0.081750065
20241107_093310_002900974,-0.077521585
20241107_093310_249007972,-0.21411367
20241107_093310_496464520,-0.5879236
20241107_093310_746956083,-0.6453329
20241107_093310_993940787,-0.6014415
20241107_093311_240482722,-0.5800807
20241107_093311_492204635,-1.6653281
20241107_093311_742962417,0.15200864
20241107_093311_996748002,0.39537114
20241107_093312_251234932,-0.113644086
20241107_093312_510732833,-0.018515786
20241107_093312_753958534,-0.07428741
20241107_093313_000558040,-0.022763988
20241107_093313_244084650,-0.09282269
20241107_093313_492826115,-0.04751917
20241107_093313_738933114,0.13096121
20241107_093313_991063022,0.061027564
20241107_093314_244424661,0.24196391
20241107_093314_495345609,0.24724029
20241107_093314_739767174,0.11895413
20241107_093314_991627324,0.24985482
20241107_093315_240805594,0.1840714
20241107_093315_490610985,0.14412741
20241107_093316_494975256,0.15120254
20241107_093316_991438990,0.15310769
20241107_093317_237486870,0.28437796
20241107_093317_491549115,0.2663802
20241107_093318_489809303,0.18838061
20241107_093318_742547992,0.15385519
20241107_093318_993514866,0.15135972
20241107_093319_244730832,0.13485174
20241107_093319_493325047,0.10752956
20241107_093319_990635699,0.11925719
20241107_093320_240726118,0.1277421
20241107_093320_492375052,0.10218219
20241107_093321_239551027,0.0790628
20241107_093321_492665468,0.08790592
20241107_093321_998879975,-0.41918296
20241107_093322_247636530,-0.35058245
20241107_093322_494741782,-0.19493409
20241107_093322_993120604,-0.14974625
20241107_093323_239696223,-0.1384968
20241107_093323_491958109,-0.19742595
20241107_093323_745656627,0.23809145
20241107_093324_006567995,-0.1977757
20241107_093324_256071067,0.13880529
20241107_093324_516106977,-0.059516482
20241107_093324_756785360,-0.4402769
20241107_093325_004753841,-0.25648278
20241107_093325_243841447,-0.07465022
20241107_093325_494092599,0.18676189
20241107_093325_740729762,0.15372483
20241107_093325_994609284,0.07972715
20241107_093326_242275592,0.06935964
20241107_093326_999160647,-0.011861106
20241107_093327_248452213,-0.07022985
20241107_093327_501197856,-0.08625325
20241107_093327_748211627,-0.1749631
20241107_093327_997849674,0.33791363
20241107_093328_243791406,0.4292315
20241107_093328_505028002,1.8881721
20241107_093328_756202333,-0.53529847
20241107_093329_001466184,-0.3295894
20241107_093329_250560490,-0.12452947
20241107_093329_522674307,-0.19200303
20241107_093329_745131578,-0.2941166
20241107_093329_994410128,-0.35280573
20241107_093330_238821175,-0.82088107
20241107_093330_498219466,-0.49747777
20241107_093330_747118461,-1.3878843
20241107_093330_994505737,-0.436613
20241107_093331_251343354,-0.9101707
20241107_093331_499656579,-0.4106861
20241107_093331_755324292,-0.16784514
20241107_093332_006891946,0.18164423
20241107_093332_252289350,0.20364472
20241107_093332_496740929,0.13109903
20241107_093332_742679482,0.14167373
20241107_093332_991700056,0.07230986
20241107_093333_242832265,-0.008010289
20241107_093333_496472765,-0.27576587
20241107_093333_743547140,-0.78759605
20241107_093333_991945883,-0.5885646
20241107_093334_241562168,-0.5601203
20241107_093334_493415952,-0.3602862
20241107_093334_993444652,-0.4701449
20241107_093335_242433411,0.2606097
20241107_093335_497868760,-1.0769604
20241107_093335_745913682,0.22866388
20241107_093335_998161795,-0.4535819
20241107_093336_245949253,-0.009929074
20241107_093336_494262268,-0.09696194
20241107_093336_751088920,-0.87249666
20241107_093336_998800487,-0.6188215
20241107_093337_244034553,-0.4669915
20241107_093337_493907856,0.040285908
20241107_093337_741498336,0.46407768
20241107_093337_997403118,0.5776553
20241107_093338_247213233,0.3754569
20241107_093338_506657618,-0.7441105
20241107_093338_766062137,-0.03383317
20241107_093339_020236713,-0.077173516
20241107_093339_263213010,-0.18444645
20241107_093339_509795017,-0.3781893
20241107_093339_758413120,-0.7756861
20241107_093340_020209909,-0.6691644
20241107_093340_268241726,-0.53269064
20241107_093340_516156509,-0.09143046
20241107_093340_756872821,-0.74329317
20241107_093341_004703823,-1.7589864
20241107_093341_512272440,0.25181457
20241107_093341_765916512,0.35107252
20241107_093342_007213718,1.1364005
20241107_093342_249163587,0.49424782
20241107_093342_750500604,0.35888976
20241107_093343_009341528,0.36938542
20241107_093343_251399767,-0.5011754
20241107_093343_503624992,-0.005829802
20241107_093343_745680968,-0.2812068
20241107_093343_997084980,-0.040368237
20241107_093344_239419964,1.0610741
20241107_093344_498543286,-0.57717353
20241107_093344_759344810,-0.24960323
20241107_093345_011697995,0.40811783
20241107_093345_262411872,0.3434429
20241107_093345_523659725,0.12494554
20241107_093345_773424369,0.23515896
20241107_093346_012817439,0.79109204
20241107_093346_257023630,-0.07285896
20241107_093346_506553612,0.69259816
20241107_093346_752268457,0.3827401
20241107_093347_004803574,0.92067057
20241107_093347_246407091,-1.0280664
20241107_093347_496756770,-0.0103312
20241107_093347_744688845,-0.062383033
20241107_093347_996941554,0.10750019
20241107_093348_248669281,0.23770182
20241107_093348_496774526,-0.04824307
20241107_093348_743855261,-0.010315618
20241107_093349_002384696,-0.38291633
20241107_093349_251867274,-0.28102186
20241107_093349_506105320,-0.14425571
20241107_093349_745902198,-0.21768816
20241107_093350_012719037,-0.112204485
20241107_093350_994814464,-0.26658928
20241107_093351_251910835,0.34547585
20241107_093351_495799793,1.0111539
20241107_093351_753358926,0.73689735
20241107_093352_006195191,0.34186637
20241107_093352_252100805,0.06601359
20241107_093352_499496015,-0.57944316
20241107_093352_752707613,-0.20368932
20241107_093352_997368211,-0.70680237
20241107_093353_247823816,-0.34563315
20241107_093353_492231260,-0.02892634
20241107_093353_744111027,-0.04648476
20241107_093354_001571453,-0.008516511
20241107_093354_247312631,-0.05404707
20241107_093354_498929726,-0.18130822
20241107_093354_743588460,0.25543317
20241107_093354_995929959,0.66101587
20241107_093355_243467315,0.19678067
20241107_093355_491003418,0.85696
20241107_093355_747740499,0.9446034
20241107_093355_995709460,0.23678504
20241107_093356_246952139,0.2690034
20241107_093356_494952986,0.3509911
20241107_093356_746049011,0.244175
20241107_093357_000253807,-0.057003938
20241107_093357_249262655,-0.092124246
20241107_093357_504892752,-0.22497799
20241107_093357_751273433,-0.47263566
20241107_093357_999600504,-0.37777692
20241107_093358_251561872,-0.21968412
20241107_093358_496278899,-0.4042288
20241107_093358_746157376,-0.15243122
20241107_093358_995857440,-0.1332549
20241107_093359_244411797,0.15010762
20241107_093359_494533272,0.18879734
20241107_093359_745700274,0.1009194
20241107_093400_256786763,0.043074705
20241107_093400_501175916,0.4434242
20241107_093400_759474573,-0.095914386
20241107_093401_012778159,-0.18820278
20241107_093401_255096489,-0.27124092
20241107_093401_516886928,-0.80129653
20241107_093401_751459829,-0.62314695
20241107_093402_012553464,-0.67988724
20241107_093402_266678202,-0.87639
20241107_093402_514334442,-0.5309761
20241107_093402_752939824,-0.18686704
20241107_093403_004629866,-0.0657122
20241107_093403_244903688,-8.971058e-05
20241107_093403_500750241,0.3286773
20241107_093403_750229609,0.17389305
20241107_093404_001768595,0.1383045
20241107_093404_247940285,0.124719925
20241107_093404_496165698,0.13784613
20241107_093404_741354982,0.03322024
20241107_093404_998524885,-0.09622183
20241107_093405_241726154,-0.42109212
20241107_093405_493755962,-0.5735242
20241107_093405_745204813,-0.26985654
20241107_093405_995232986,0.19556439
20241107_093406_247065176,0.088768095
20241107_093406_500036488,-0.19337572
20241107_093406_750260484,-0.37455085
20241107_093407_009895392,-0.5174964
20241107_093407_247587325,-0.72529995
20241107_093407_501220893,-0.4590239
20241107_093407_745529892,-1.5619432
20241107_093407_998083706,-0.555762
20241107_093408_251234730,-0.43443903
20241107_093408_497839511,-0.16439655
20241107_093408_744436346,0.20666121
20241107_093408_994851965,0.23406376
20241107_093409_245897655,0.10190005
20241107_093409_497640004,0.049861327
20241107_093409_747766864,-0.1708677
20241107_093409_995298933,-0.968712
20241107_093410_245277881,-0.41476706
20241107_093410_493498936,-0.8387959
20241107_093410_756360265,0.28020993
20241107_093411_003668233,-0.22084393
20241107_093411_248809804,-0.5670354
20241107_093411_504957067,-0.8448337
20241107_093411_767458313,-0.82582444
20241107_093412_002243118,-1.1222072
20241107_093412_248112096,-0.5727328
20241107_093412_495214850,-0.019464908
20241107_093412_745227856,-0.06687378
20241107_093412_994551906,-0.8810351
20241107_093413_240681060,-0.62056625
20241107_093413_492197541,1.1054355
20241107_093413_742397978,0.12030939
20241107_093414_000381407,0.14975761
20241107_093414_244471422,0.21930026
20241107_093414_496658001,0.31793663
20241107_093414_743427705,0.19356947
20241107_093415_004425636,-0.30069646
20241107_093415_261228345,-0.3258219
20241107_093415_508010006,-0.030993393
20241107_093415_747611137,0.23384742
20241107_093416_001319986,0.09979085
20241107_093416_241521561,0.30526513
20241107_093416_492836105,0.1765035
20241107_093416_746265180,0.047396757
20241107_093417_990229179,-0.092849456
20241107_093418_237526580,-0.03997948
20241107_093418_490278018,0.17836858
20241107_093418_739185064,-0.12255903
20241107_093418_991326624,-0.7092342
20241107_093419_244854043,-0.22247602
20241107_093419_494959412,0.1277023
20241107_093419_748051082,0.24272005
20241107_093419_998420475,0.23060699
20241107_093420_246424598,0.34131312
20241107_093420_501951966,0.32047614
20241107_093420_759740495,0.3662545
20241107_093421_006191856,0.29730344
20241107_093421_250350063,0.11663357
20241107_093421_493742371,0.19020484
20241107_093421_741388965,0.12532108
20241107_093421_995355203,-0.2531091
20241107_093422_240945063,0.016912142
20241107_093422_493098081,0.21470006
20241107_093422_741024712,0.19824983
20241107_093422_992339639,0.20744614
20241107_093423_239831640,0.3529115
20241107_093423_489312045,0.23426436
20241107_093423_742422528,0.21647115
20241107_093424_243526156,0.33186942
20241107_093424_491567548,0.32182556
20241107_093424_739884144,0.70994747
20241107_093424_995448647,0.16356072
20241107_093425_245884087,0.46915707
20241107_093425_501594829,0.5417637
20241107_093425_740266966,0.57813865
20241107_093425_991551503,0.50069666
20241107_093426_238624754,-0.025893232
20241107_093426_494710579,0.13830005
20241107_093426_750661497,-0.29634634
20241107_093427_003367097,-0.24229677
20241107_093427_248914149,-0.10361197
20241107_093427_496155052,-0.1675709
20241107_093427_743517938,0.045860387
20241107_093427_991156815,0.08867518
20241107_093428_498235874,0.13388844
20241107_093428_743366995,0.14836551
20241107_093429_237348422,0.11109338
20241107_093429_739201561,0.12398682
20241107_093429_988970327,0.36935973
20241107_093430_245172951,0.22358914
20241107_093430_495424933,0.044702806
20241107_093430_743595328,0.04211072
20241107_093431_006689839,0.07918475
20241107_093431_251271276,0.082477696
20241107_093431_741959880,0.12933649
20241107_093431_993731421,-0.19396709
20241107_093432_241908380,-0.11199584
20241107_093432_487558455,-0.24013288
20241107_093432_737118696,-0.114515685
20241107_093432_991825615,-0.06799843
20241107_093433_493811151,-0.031160465
20241107_093433_737162791,-0.05773645
20241107_093433_990017602,0.15944774
20241107_093434_242132345,0.19143163
20241107_093434_494248440,0.0446643
20241107_093434_742650083,0.04333482
20241107_093435_241141766,0.266412
20241107_093435_489863191,0.37335846
20241107_093435_746398863,0.2783761
20241107_093435_992898115,0.23199518
20241107_093436_240150297,0.14238732
20241107_093436_492274258,0.14042298
20241107_093436_739504714,0.2421154
20241107_093436_989080260,0.22597514
20241107_093437_495085526,0.26000175
20241107_093437_740956838,0.19254656
20241107_093438_489144902,0.15660085
20241107_093438_736660722,0.10701186
20241107_093438_988031592,0.010010788
20241107_093439_489648425,0.128736
20241107_093439_736769081,0.11059082
20241107_093439_988603569,0.25945407
20241107_093440_238797995,0.16808553
20241107_093440_491107660,0.22676198
20241107_093440_746041230,0.21113728
20241107_093440_991970874,0.22932117
20241107_093441_240047516,0.24315421
20241107_093441_490647444,0.18177022
20241107_093441_737631559,0.18819185
20241107_093441_986095658,0.19905789
20241107_093442_488615478,0.28586933
20241107_093443_248311557,0.27086323
20241107_093443_492764141,0.22669472
20241107_093443_738094481,0.21366309
20241107_093443_989726278,0.73283947
20241107_093444_237576402,1.1281506
20241107_093444_491741117,0.32571116
20241107_093444_740458989,-0.02219888
20241107_093444_998589301,0.10505702
20241107_093445_254865335,0.13960414
20241107_093445_499058747,0.33977476
20241107_093445_758862539,0.4304529
20241107_093445_995054030,-0.43688977
20241107_093446_243075065,-1.3385419
20241107_093446_497773729,-0.81098455
20241107_093446_742895950,-0.6775268
20241107_093446_997864757,0.94074494
20241107_093447_249178432,1.3964546
20241107_093447_494725293,0.45450443
20241107_093447_739308950,0.23098473
20241107_093447_997115638,0.39093095
20241107_093448_239277626,0.6559979
20241107_093448_492186606,-0.47081587
20241107_093448_741720723,-0.07629386
20241107_093448_997607796,-0.09559764
20241107_093449_244473799,-0.02552354
20241107_093449_493810428,-0.5509538
20241107_093449_738309898,-0.19964679
20241107_093449_991663561,-0.22925521
20241107_093450_242065180,0.67213446
20241107_093450_490402958,0.039900444
20241107_093450_738375671,0.81473154
20241107_093450_990782998,0.30085883
20241107_093451_241858661,0.08330307
20241107_093451_490732132,0.20609011
20241107_093451_738842346,0.25918037
20241107_093451_991082427,0.258878
20241107_093452_238844471,0.23933639
20241107_093452_490492545,0.39518943
20241107_093452_737520195,0.38216552
20241107_093452_987572826,0.2977431
20241107_093453_237929611,0.29376438
20241107_093453_491664010,0.4184166
20241107_093453_752166598,1.0063751
20241107_093454_002995349,0.43709904
20241107_093454_245283339,0.54745024
20241107_093454_987549243,0.05172137
20241107_093455_237688784,0.21458243
20241107_093455_488754937,-0.21571
20241107_093455_738606265,-0.44462475
20241107_093455_995266416,-0.11349388
20241107_093456_243995601,-0.13311176
20241107_093456_495799260,-0.044667058
20241107_093456_995084889,-0.13478471
20241107_093457_498011491,-0.18972965
20241107_093457_743850894,-0.15987922
20241107_093457_988850842,-0.46054503
20241107_093458_240465663,-0.3701515
20241107_093458_488718521,-0.45288947
20241107_093458_734999052,-0.58493817
20241107_093458_986588283,-1.8721387
20241107_093459_242261802,-0.34176186
20241107_093459_493933437,0.3405568
20241107_093459_742476617,0.52506304
20241107_093459_994199434,0.7888358
20241107_093500_241570394,0.5623551
20241107_093500_744822561,-0.075259596
20241107_093501_006732629,0.38515177
20241107_093501_247647777,0.36860096
20241107_093501_497676748,0.24913828
20241107_093501_739928011,0.4503699
20241107_093501_992305355,0.37056422
20241107_093502_242864161,0.21861003
20241107_093502_495678926,0.27360657
20241107_093503_002643117,0.23196737
20241107_093503_249291863,0.26464972
20241107_093503_501859665,0.29584745
20241107_093503_757218707,0.0023936424
20241107_093504_016158610,-1.0800434
20241107_093504_264195807,0.1069249
20241107_093504_522017468,-0.090163104
20241107_093504_775135877,0.30638444
20241107_093505_016321081,-0.41935155
20241107_093505_260938779,-0.69672036
20241107_093505_516807157,-0.4567672
20241107_093505_753653442,-0.3249666
20241107_093506_010576595,-0.3430041
20241107_093506_252810371,-0.22078209
20241107_093506_495825991,0.08038013
20241107_093506_742393768,0.21005206
20241107_093507_495407595,0.6468274
20241107_093507_742480674,1.5228475
20241107_093507_992255603,1.3919299
20241107_093508_243342698,1.9343646
20241107_093508_496619213,-0.3216689
20241107_093508_745126950,-0.079372
20241107_093508_994973773,-1.0237461
20241107_093509_246127326,0.3995454
20241107_093509_496400603,0.34260198
20241107_093509_999883703,0.4786556
20241107_093510_247159790,0.18323582
20241107_093510_491975407,-0.13681449
20241107_093510_742292007,-0.13549314
20241107_093510_995214764,-0.2721879
20241107_093511_239858213,-0.40994048
20241107_093511_493484366,0.022733102
20241107_093511_736958041,0.0473345
20241107_093511_989609013,-0.097642265
20241107_093512_239653689,-0.31481394
20241107_093512_489565501,-0.14151092
20241107_093512_739651765,0.14069374
20241107_093512_994546457,0.13082285
20241107_093513_240818282,0.110919334
20241107_093513_494824853,0.32301936
20241107_093513_743247926,1.0681115
20241107_093514_007683030,-0.36015114
20241107_093514_269358851,-0.9327586
20241107_093514_514453264,-0.11235357
20241107_093514_753645624,-0.36478928
20241107_093514_996922271,-0.29151642
20241107_093515_241010864,-0.22268973
20241107_093515_493029775,-0.043244515
20241107_093515_749892169,0.4159507
20241107_093516_002857048,0.044082142
20241107_093516_253645305,-0.31292638
20241107_093516_498483947,-0.39421353
20241107_093516_744860625,-0.9655407
20241107_093517_004769887,-0.14972779
20241107_093517_243282688,-0.05363842
20241107_093517_739283222,-0.1562949
20241107_093517_988684492,0.16308005
20241107_093518_239066086,0.06113062
20241107_093518_490691962,0.14473067
20241107_093518_739692906,-1.1183766
20241107_093518_993769909,-0.60873646
20241107_093519_242414416,-0.5226488
20241107_093519_492824399,-0.3485678
20241107_093519_738479062,-0.26226732
20241107_093519_991236610,-0.12797831
20241107_093520_245159614,-0.084483944
20241107_093520_498915399,0.21017507
20241107_093520_742269066,0.023621598
20241107_093520_994629288,-0.13100673
20241107_093521_248717769,-0.12964202
20241107_093521_496202306,-0.020842453
20241107_093521_739785674,-0.040174566
20241107_093521_994411409,-0.070824824
20241107_093522_242685248,-0.11696627
20241107_093522_497634064,-0.0242367
20241107_093522_743977560,-0.23392399
20241107_093522_994743554,-0.07941439
20241107_093523_244736676,-0.07408317
20241107_093523_490811452,-0.19509305
20241107_093523_736589063,-0.3979536
20241107_093523_987045335,-0.24741991
20241107_093524_242516943,0.031429112
20241107_093524_491392672,0.14589812
20241107_093524_738920936,0.4033427
20241107_093524_992982367,0.10803402
20241107_093525_242913085,0.20356314
20241107_093525_491030930,0.13639955
20241107_093525_741777757,0.21506067
20241107_093525_996815852,0.121516325
20241107_093526_248833342,0.0472816
20241107_093526_494472232,-0.0038786437
20241107_093526_738770950,-0.057506584
20241107_093526_996579035,-0.14709409
20241107_093527_496781115,-0.02751257
20241107_093527_747372723,-0.03340753
20241107_093527_994453559,-1.2523428
20241107_093528_241922030,-0.24642588
20241107_093528_492716982,0.75606793
20241107_093528_743932195,0.38682157
20241107_093528_997747497,0.67702806
20241107_093529_247384080,0.9100241
20241107_093529_515172048,0.58404136
20241107_093529_738872071,0.27693126
20241107_093529_990327761,1.3779517
20241107_093530_240854519,0.7174529
20241107_093530_491175199,0.24415462
20241107_093530_742714138,-0.010406395
20241107_093530_995802018,0.052507557
20241107_093531_240715672,0.15222262
20241107_093531_493701624,0.1218482
20241107_093531_738663600,0.22804628
20241107_093531_990603521,0.5844628
20241107_093532_240095520,0.7705098
20241107_093532_493901974,1.1476125
20241107_093532_744542139,0.25030062
20241107_093532_995502957,-0.82275087
20241107_093533_242326949,-0.34459332
20241107_093533_490417916,-0.7974541
20241107_093533_738433164,-0.70651716
20241107_093533_993639181,-0.4991695
20241107_093534_244614763,-0.32903838
20241107_093534_492921305,-0.06373831
20241107_093534_745510919,0.46643573
20241107_093534_993241088,-0.11637832
20241107_093535_239934247,0.058202624
20241107_093535_499903514,0.5454574
20241107_093535_755885332,0.3507628
20241107_093536_002792692,0.1257985
20241107_093536_243066298,0.26884693
20241107_093536_497677910,0.39401308
20241107_093536_997923208,0.22562219
20241107_093537_244764269,-0.12819837
20241107_093537_497706261,-0.26748392
20241107_093537_747201445,-0.13375707
20241107_093537_995906776,-0.07352295
20241107_093538_241669787,0.18812425
20241107_093538_492078174,0.003974477
20241107_093538_738679384,0.044183828
20241107_093538_990988857,0.048928536
20241107_093539_739726138,0.08154795
20241107_093539_989731447,0.037464954
20241107_093540_255380105,0.28579828
20241107_093540_509753808,0.32199612
20241107_093540_754299137,0.17081021
20241107_093540_999401683,-0.31907985
20241107_093541_237993060,-0.14216988
20241107_093541_493758149,-0.22821741
20241107_093541_741159705,-0.29604325
20241107_093541_992648182,-0.53167665
20241107_093542_240995413,-0.53334135
20241107_093542_494888067,-0.4922072
20241107_093542_740440962,-0.38220426
20241107_093542_989099636,-0.36778393
20241107_093543_236440806,-0.32391843
20241107_093543_990779176,-0.35484672
20241107_093544_492752689,-0.40559524
20241107_093544_739171511,-1.6161093
20241107_093544_991585008,0.022426287
20241107_093545_238989384,-0.34884608
20241107_093545_493337262,-0.3486444
20241107_093545_737681536,-0.7281687
20241107_093545_986509237,-0.41941848
20241107_093546_238561116,-0.65484565
20241107_093546_487387880,-0.5395729
20241107_093546_735454146,-0.6567357
20241107_093546_985729605,-0.5232948
20241107_093547_235714459,-0.5197416
20241107_093547_494425134,-0.5236217
20241107_093547_990854060,-0.512899
20241107_093548_736026787,-0.50069594
20241107_093548_983954319,-0.64603853
20241107_093549_235716964,0.04076709
20241107_093549_492907597,0.08841218
20241107_093549_757528580,0.78976625
20241107_093550_009089601,1.0442587
20241107_093550_251844361,0.26111332
20241107_093550_499141005,0.12424403
20241107_093550_999972311,0.15922764
20241107_093551_247910516,0.15606858
20241107_093551_507832145,0.5502086
20241107_093551_762724789,0.55136424
20241107_093552_011763590,0.14051132
20241107_093552_268136172,1.7912049
20241107_093552_526298654,-0.41088247
20241107_093552_772174303,0.20244429
20241107_093553_014172425,0.121285684
20241107_093553_258429584,0.1607644
20241107_093553_498413678,0.076562114
20241107_093553_743814798,0.029609064
20241107_093553_999183559,-0.05557897
20241107_093554_247488742,-0.73716086
20241107_093554_501867107,0.93591684
20241107_093554_746584488,0.28286
20241107_093554_996587150,0.15845756
20241107_093555_241477969,0.27746698
20241107_093555_494621407,0.293651
20241107_093555_740249590,-0.5810464
20241107_093555_991609920,-0.24047942
20241107_093556_243924658,0.22456945
20241107_093556_493687656,1.1848673
20241107_093556_746336073,1.5317135
20241107_093557_002237237,-0.97989315
20241107_093557_254301833,-0.37459064
20241107_093557_503910775,-0.37425795
20241107_093557_744863904,-0.2858841
20241107_093557_998262071,-0.38774326
20241107_093558_257426393,-0.43997392
20241107_093558_502966150,0.47838655
20241107_093558_741487576,0.7806396
20241107_093558_995702017,0.8223467
20241107_093559_241407316,0.74988467
20241107_093559_490300138,0.74366146
20241107_093559_740301245,0.69648176
20241107_093559_997198201,0.32465744
20241107_093600_250748598,-0.016667
20241107_093600_499448694,-0.7149031
20241107_093600_748955892,-1.3062717
20241107_093601_005799202,-0.59302914
20241107_093601_253489154,-0.57642883
20241107_093601_512848248,-0.58947474
20241107_093601_753259505,-0.41062078
20241107_093601_998019615,-0.20852637
20241107_093602_245310115,-0.8482357
20241107_093602_498590143,-0.6135005
20241107_093602_744540082,-0.6208726
20241107_093602_990316797,-0.30240545
20241107_093603_235775750,-0.99234575
20241107_093603_489884370,-0.6422818
20241107_093604_240829186,-0.8164673
20241107_093604_494306516,-1.0056655
20241107_093604_748856237,0.38967246
20241107_093605_009744088,-0.9361904
20241107_093605_266391489,0.1414318
20241107_093605_516286037,-0.5134433
20241107_093605_758251674,-0.27522394
20241107_093606_001299875,0.005610803
20241107_093606_246270453,-0.3118212
20241107_093606_497689022,-0.22722508
20241107_093606_749956047,-0.1700386
20241107_093607_000944359,-0.15655981
20241107_093607_244466460,-0.15131126
20241107_093607_493325048,-0.03355678
20241107_093607_741770245,0.3504571
20241107_093607_994947790,1.2299546
20241107_093608_250604164,-0.36225435
20241107_093608_510760702,1.1636193
20241107_093608_767697248,1.7413515
20241107_093609_019749415,-0.6875622
20241107_093609_260031317,-0.8826033
20241107_093609_509890444,-1.589291
20241107_093609_756853385,0.91857815
20241107_093610_005787237,0.9002674
20241107_093610_243470240,0.3834854
20241107_093610_495157657,0.5022043
20241107_093610_741760261,0.7720973
20241107_093610_998592269,0.77314013
20241107_093611_738573724,0.6555607
20241107_093612_239769713,0.81774044
20241107_093612_492244877,1.3445829
20241107_093612_738249382,-0.26351354
20241107_093612_993492293,0.5993195
20241107_093613_249705513,-0.12887137
20241107_093613_498404577,-0.2979278
20241107_093613_751513379,-0.3225989
20241107_093614_014546218,-0.5225814
20241107_093614_254170004,-0.8763655
20241107_093614_499982637,-0.72965777
20241107_093614_746813180,-0.9193954
20241107_093614_994874595,-0.55568624
20241107_093615_240644862,-0.3267999
20241107_093615_737419673,-0.58145964
20241107_093615_991901930,-0.7033767
20241107_093616_492968076,-0.48860332
20241107_093616_740158530,-0.43849847
20241107_093616_994239465,-0.4542009
20241107_093617_500695247,0.20940076
20241107_093617_747333509,0.20020537
20241107_093617_994776693,-0.6518578
20241107_093618_241770200,-1.2717265
20241107_093618_501335695,-0.5624564
20241107_093618_741118441,-0.61398935
20241107_093618_993451589,-0.689294
20241107_093619_490348718,-0.7089158
20241107_093619_992572301,-0.7612371
20241107_093620_240157971,-0.72127736
20241107_093620_494022342,-0.69954306
20241107_093621_242821016,-0.86108875
20241107_093621_500143429,-0.47236523
20241107_093621_749776175,-0.15894826
20241107_093622_000433781,-0.55206674
20241107_093622_248449916,-0.14247896
20241107_093622_497022809,-0.07450672
20241107_093622_744260768,-0.108388804
20241107_093622_993465731,-0.09089466
20241107_093623_241132303,-0.10394629
20241107_093623_493129121,-0.10911288
20241107_093623_738290749,0.64061886
20241107_093623_994714000,0.8595112
20241107_093624_239733125,-0.47592428
20241107_093624_489931600,-0.61630183
20241107_093624_736223240,-0.16592918
20241107_093624_990657906,1.3443624
20241107_093625_238852085,1.0805566
20241107_093625_492122134,0.10282474
20241107_093625_738956947,0.18395229
20241107_093625_991512792,0.17512666
20241107_093626_243763030,0.61282
20241107_093626_493263685,1.4598068
20241107_093626_735430396,0.676104
20241107_093626_988492352,0.13679992
20241107_093627_242451537,0.9389268
20241107_093627_490173701,-0.41520146
20241107_093627_741976263,1.4426101
20241107_093628_003915261,1.4935989
20241107_093628_252568491,0.8801197
20241107_093628_502091779,0.62958497
20241107_093628_746874646,0.2779403
20241107_093628_991835180,0.35009176
20241107_093629_241761717,0.7660486
20241107_093629_507796481,0.53256226
20241107_093629_985913204,-0.5983615
20241107_093630_235974330,-1.2475737
20241107_093630_492958501,0.7332527
20241107_093630_739835245,-0.8502948
20241107_093630_993460910,-2.3968537
20241107_093631_244153074,0.23741935
20241107_093631_498091245,-0.63998216
20241107_093631_740527400,-0.5421129
20241107_093631_989258762,-0.24873982
20241107_093632_234700948,-0.026684804
20241107_093632_489841904,-0.10824337
20241107_093632_740168806,-0.16103305
20241107_093632_990086656,-0.16371758
20241107_093633_486142246,-0.004455896
20241107_093633_735229472,0.29526374
20241107_093633_987360152,0.118246354
20241107_093634_240234725,0.23056267
20241107_093634_485546680,0.355794
20241107_093634_735287992,1.4645596
20241107_093634_990189818,0.80205065
20241107_093635_235798613,0.53859663
20241107_093635_487763962,0.71445394
20241107_093635_736888775,0.3884358
20241107_093635_994819201,0.5124732
20241107_093636_251468538,0.6230055
20241107_093636_495642623,0.5941601
20241107_093636_738735160,0.08900859
20241107_093636_997249556,0.03989587
20241107_093637_243428896,0.2404228
20241107_093637_495497993,0.13134389
20241107_093637_739071661,-1.2335331
20241107_093637_989671949,-0.44985387
20241107_093638_240892785,-0.26680243
20241107_093638_494336829,-0.27656046
20241107_093638_743015226,-0.26110104
20241107_093638_996099601,-0.32734615
20241107_093639_244031145,-0.37563798
20241107_093639_492101110,-0.33453885
20241107_093639_744854809,1.1629541
20241107_093640_006228889,-0.10316177
20241107_093640_253344433,0.18975799
20241107_093640_514344494,0.38737628
20241107_093640_763016588,0.32022664
20241107_093641_011152019,0.46951216
20241107_093641_248686581,0.14027797
20241107_093641_520419291,0.42226154
20241107_093641_753442432,0.20728216
20241107_093641_996028333,0.18754236
20241107_093642_251315420,0.23105831
20241107_093642_505451444,0.4686894
20241107_093642_747324301,-0.4346373
20241107_093643_003333489,-0.24345633
20241107_093643_248365971,-0.99759364
20241107_093643_497716797,0.44199756
20241107_093643_744183490,1.1262466
20241107_093644_002705429,0.6565763
20241107_093644_258564448,-0.75094473
20241107_093644_518038744,0.4411171
20241107_093644_775621755,0.55143327
20241107_093645_017973000,0.793249
20241107_093645_259619454,0.64295065
20241107_093645_502179179,0.41448358
20241107_093645_741032219,0.26175943
20241107_093646_239032271,0.3166704
20241107_093646_492015460,0.26538405
20241107_093646_759332778,0.116090156
20241107_093647_008713675,0.175041
20241107_093647_253121392,-0.40760487
20241107_093647_491696525,-0.056147598
20241107_093647_742434766,0.035066284
20241107_093647_998388472,0.04676292
20241107_093648_243423883,-0.022679945
20241107_093648_495144720,0.15616716
20241107_093648_752365598,0.20618021
20241107_093648_998522978,0.19985764
20241107_093649_244355688,0.19949804
20241107_093649_499412336,0.28760245
20241107_093649_744485042,0.19500326
20241107_093650_000252374,0.27113557
20241107_093650_245458809,0.089770295
20241107_093650_494272768,0.04525683
20241107_093650_746613180,-0.9973739
20241107_093650_998927441,-0.28138077
20241107_093651_238531700,0.5390678
20241107_093651_488699054,0.6677714
20241107_093651_735071835,0.6330145
20241107_093651_990061265,0.6300862
20241107_093652_238646516,0.58299327
20241107_093652_488202080,0.6418845
20241107_093652_740353314,0.64348817
20241107_093652_993630896,1.792918
20241107_093653_246098804,-1.0601143
20241107_093653_503248376,-0.8340172
20241107_093653_744809841,-0.39951003
20241107_093653_992564304,-0.25939205
20241107_093654_240262466,-0.08855183
20241107_093654_495068551,0.27095133
20241107_093654_744786015,0.4992307
20241107_093655_000606455,0.34396872
20241107_093655_249884086,2.0340693
20241107_093655_499320961,0.75460744
20241107_093655_744159292,0.82894796
20241107_093655_996334056,0.5693295
20241107_093656_238645230,0.42555267
20241107_093656_491740358,0.67052376
20241107_093656_747022859,0.47224388
20241107_093657_002491890,0.7637606
20241107_093657_247106075,0.87774616
20241107_093657_497075897,0.23373802
20241107_093657_744018308,0.27932918
20241107_093657_991624839,0.80342007
20241107_093658_238646762,0.48730233
20241107_093658_490402464,0.11397297
20241107_093658_736947548,0.06528465
20241107_093658_998551053,0.05825875
20241107_093659_242734182,0.16264345
20241107_093659_491318359,0.16267554
20241107_093659_742505958,0.41607627
20241107_093659_996573300,0.3150891
20241107_093700_497229571,1.1094358
20241107_093700_741186921,-0.72654945
20241107_093700_997205483,0.32958755
20241107_093701_251000770,0.66517276
20241107_093701_507396090,0.6129583
20241107_093701_766120435,1.5300552
20241107_093702_021272290,-0.06468752
20241107_093702_257642423,-0.5855604
20241107_093702_516145141,0.04761363
20241107_093702_766534097,0.12313629
20241107_093703_002448548,0.10589164
20241107_093703_258718075,-0.009473365
20241107_093703_503358080,-0.044722937
20241107_093703_760581265,-0.06312134
20241107_093704_010443673,-0.205427
20241107_093704_253911825,0.062283315
20241107_093704_503932001,0.053848006
20241107_093704_747284937,-0.057721518
20241107_093704_998978699,-0.0396839
20241107_093705_248941693,0.53066534
20241107_093705_504083295,1.8286806
20241107_093705_747389449,-0.69747657
20241107_093705_996679180,-0.6485547
20241107_093706_242084222,-0.24522309
20241107_093706_494677696,-0.07604043
20241107_093706_743498419,0.5388226
20241107_093707_001314813,0.20991321
20241107_093707_501937468,0.040350027
20241107_093707_745415023,-0.12601723
20241107_093707_996053403,-0.0583482
20241107_093708_253556797,-0.04886093
20241107_093708_509037015,-0.26801705
20241107_093708_759346049,0.13936049
20241107_093709_024217467,0.14516793
20241107_093709_270911752,0.019767562
20241107_093709_509920856,0.16680579
20241107_093709_752035976,0.22980545
20241107_093710_000999079,0.073403396
20241107_093710_252535932,-0.056837283
20241107_093710_503239806,-0.02698352
20241107_093710_748644480,-0.020681998
20241107_093711_009428075,-0.029687306
20241107_093711_255396087,-0.112450086
20241107_093711_499629676,-0.1267903
20241107_093711_749475515,-0.28255287
20241107_093712_004158080,-0.15281634
20241107_093712_250985194,-0.18366967
20241107_093712_500676425,-0.16601454
20241107_093712_752920862,-0.23363437
20241107_093713_002854210,-0.16447707
20241107_093713_250369798,-0.28407818
20241107_093713_504259131,-0.13297375
20241107_093713_753545529,-0.009769162
20241107_093714_003896927,0.068517126
20241107_093714_248667052,0.04640595
20241107_093714_500661386,-0.27955696
20241107_093714_749623880,-0.056769036
20241107_093714_995271716,-0.06354763
20241107_093715_240932784,-0.01860561
20241107_093715_496603726,-0.0074197855
20241107_093715_994408459,-0.026892146
20241107_093716_240566419,-0.011134407
20241107_093716_493875916,-0.006352922
20241107_093716_742599192,0.053609885
20241107_093716_998079604,0.037286945
20241107_093717_243167756,0.026617208
20241107_093717_492954245,0.007939795
20241107_093717_752563385,0.026124755
20241107_093718_001788266,0.028964201
20241107_093718_248977961,0.05747155
20241107_093718_490346573,0.007342497
20241107_093718_742454317,0.07334901
20241107_093718_989996669,0.08415238
20241107_093719_236890228,0.020282844
20241107_093719_494955432,0.03697101
20241107_093719_737742252,-0.09417292
20241107_093719_988864538,0.167595
20241107_093720_238722913,0.5834694
20241107_093720_490895899,0.6986616
20241107_093720_738635334,2.1206565
20241107_093720_995132191,0.7908014
20241107_093721_243937773,-0.09548315
20241107_093721_506059401,-0.048956215
20241107_093721_748840526,-0.06090828
20241107_093722_006036727,0.0560079
20241107_093722_262060442,0.09316126
20241107_093722_514355812,-0.14328088
20241107_093722_755159880,-0.18261762
20241107_093723_006991954,-0.22173394
20241107_093723_249596705,-0.70029205
20241107_093723_500604836,-1.1162504
20241107_093723_744433797,0.527452
20241107_093724_000997869,0.27072647
20241107_093724_244761838,-0.0008023586
20241107_093724_492220037,0.004358867
20241107_093724_744814610,0.046673156
20241107_093725_005456963,-1.0754688
20241107_093725_249105190,1.1536044
20241107_093725_503415534,0.2968616
20241107_093725_761413915,-0.060836934
20241107_093726_003195671,0.36766055
20241107_093726_253895205,0.14029147
20241107_093726_502291165,0.38823062
20241107_093727_007509064,0.64062554
20241107_093727_253915941,0.42411804
20241107_093727_511086974,1.5103867
20241107_093727_754045460,-0.7116667
20241107_093728_006134009,0.0653562
20241107_093728_255566952,-0.07497056
20241107_093728_504284653,-0.044707835
20241107_093728_743342036,0.096543565
20241107_093728_999639358,0.47286573
20241107_093729_252484035,-0.18583997
20241107_093729_526803234,-0.3110758
20241107_093729_743943066,-0.7376434
20241107_093729_994040659,-0.44890282
20241107_093730_245172563,-0.3412366
20241107_093730_501688768,-1.0229887
20241107_093730_746914774,-0.64334124
20241107_093730_994728442,-0.5293508
20241107_093731_244967669,-0.1472719
20241107_093731_494145539,-0.11614789
20241107_093731_754808133,-0.32599902
20241107_093732_251315839,-0.27230757
20241107_093732_507178474,0.09140917
20241107_093732_751445582,0.045375563
20241107_093732_997118643,0.2292208
20241107_093733_240582002,0.25064656
20241107_093733_491173810,0.17314973
20241107_093733_736237200,0.13260871
20241107_093733_988145789,0.08839715
20241107_093734_239493235,0.43472445
20241107_093734_493055910,-0.2722947
20241107_093734_744609489,0.15448612
20241107_093735_000086019,0.09964221
20241107_093735_248810262,0.5011211
20241107_093735_501102911,-0.0635782
20241107_093735_747024676,-0.1022499
20241107_093735_997406264,0.43874162
20241107_093736_242261221,-0.9853847
20241107_093736_489710575,-0.36875775
20241107_093736_737349332,1.0329103
20241107_093736_992122017,-0.26116118
20241107_093737_236102359,-0.13804056
20241107_093737_487838669,-0.008421561
20241107_093737_739065439,-0.0072337
20241107_093737_984461670,0.12729995
20241107_093738_236771917,0.024526635
20241107_093738_490143612,0.57197857
20241107_093738_747494883,0.47884658
20241107_093739_001978895,0.6282609
20241107_093739_240854448,0.77965236
20241107_093739_491423836,0.44151628
20241107_093739_740809135,0.21689825
20241107_093739_997754611,0.66561043
20241107_093740_241315147,0.26006228
20241107_093740_491001993,-0.84762186
20241107_093740_742191902,-0.34178784
20241107_093741_000806674,-0.15146725
20241107_093741_238714792,-0.29999015
20241107_093741_493323641,-0.24204542
20241107_093741_738849656,-0.3478347
20241107_093741_992382500,-0.2747404
20241107_093742_239674632,-0.2559994
20241107_093742_739075430,-0.18027435
20241107_093742_986682372,-0.2932985
20241107_093743_237133777,-0.27506936
20241107_093743_490482054,-0.30615658
20241107_093743_742890675,-0.28347668
20241107_093743_991412048,-0.2837384
20241107_093744_237217031,-0.27754268
20241107_093744_487554639,-0.25303462
20241107_093744_736936051,-0.14263108
20241107_093744_987067129,-0.23158683
20241107_093745_236007091,-0.21575867
20241107_093745_488947448,0.007162558
20241107_093745_738655118,0.039636157
20241107_093745_991797676,-0.049924158
20241107_093746_237758354,-0.029555162
20241107_093746_489290402,-0.020937225
20241107_093746_734884062,-0.035055898
20241107_093746_988849170,-0.045968972
20241107_093747_235302337,-0.029441318
20241107_093747_489893624,-0.04753097
20241107_093747_745347696,-0.054866455
20241107_093747_996729587,-0.079300486
20241107_093748_237161192,-0.10132583
20241107_093748_489715492,0.79245996
20241107_093748_737763977,0.5129284
20241107_093748_999850181,0.5695272
20241107_093749_251595551,0.045623146
20241107_093749_501021858,-0.25736284
20241107_093749_746544114,0.17084457
20241107_093749_991948068,-0.040160187
20241107_093750_247463477,0.04587751
20241107_093750_494271328,0.074558176
20241107_093750_736941901,0.14146842
20241107_093750_987292249,0.0964138
20241107_093751_234679556,0.1352313
20241107_093751_491926900,0.07468597
20241107_093751_736635968,0.073316075
20241107_093751_987132125,-0.5328832
20241107_093752_240098418,0.19331358
20241107_093752_497908942,-0.16217907
20241107_093752_741828961,0.013591433
20241107_093752_993017208,-0.07045039
20241107_093754_235120159,-0.20177133
20241107_093754_491826835,-0.18372853
20241107_093755_236723788,-0.08874943
20241107_093755_497070723,-0.09921285
20241107_093755_750193662,0.059090614
20241107_093755_995320635,-0.023965856
20241107_093756_489681923,0.08519482
20241107_093756_741074944,0.06528924
20241107_093756_990802632,-0.27239576
20241107_093757_235820832,-0.24822868
20241107_093757_491041646,0.013427081
20241107_093757_747954503,0.4280053
20241107_093757_994839763,0.11085535
20241107_093758_249215767,-0.33513007
20241107_093758_493903727,-0.04944714
20241107_093758_743845285,-0.041426025
20241107_093758_993264276,-0.14733733
20241107_093759_497274435,-0.097749375
20241107_093759_746676385,-0.030201694
20241107_093800_008483836,-0.057272874
20241107_093800_247878257,-0.020243367
20241107_093800_499706673,0.147781
20241107_093800_747589976,0.07148699
20241107_093800_997028152,0.031318106
20241107_093801_244636917,0.013380865
20241107_093801_493695700,-0.1372995
20241107_093801_740475718,-0.09366237
20241107_093801_997407751,0.10972487
20241107_093802_247928367,0.052881338
20241107_093802_496558640,-0.14119835
20241107_093802_743594380,0.022593895
20241107_093802_998670695,0.01948736
20241107_093803_241119236,-0.003933748
20241107_093803_489329238,0.024333665
20241107_093803_734427417,0.042190887
20241107_093803_990230546,-0.05689066
20241107_093804_240233435,-0.06879266
20241107_093804_491470817,-0.12342479
20241107_093804_737627958,-0.07064339
20241107_093805_001724658,-0.06767406
20241107_093805_251941619,-0.19444008
20241107_093805_500547152,-0.088736646
20241107_093805_753625746,-0.059798025
20241107_093806_007081307,-0.06102874
20241107_093806_504274670,-0.043871485
20241107_093806_744828281,0.041004576
20241107_093806_996370135,0.1660669
20241107_093807_500320697,-0.015754601
20241107_093807_748334062,-0.14996101
20241107_093808_002755036,-0.0741997
20241107_093808_246742272,0.20788774
20241107_093808_745750876,0.44232067
20241107_093809_000731626,0.17635615
20241107_093809_247557218,0.12791567
20241107_093809_497439480,0.14311887
20241107_093809_748049540,0.1402828
20241107_093810_003009467,0.21875
20241107_093810_247056919,0.091847666
20241107_093810_495357622,0.09278024
20241107_093810_988278619,0.0486053
20241107_093811_235646181,0.034912802
20241107_093811_488977653,0.037138797
20241107_093811_737774454,0.057390876
20241107_093811_990937625,0.056166627
20241107_093812_243959027,0.076301254
20241107_093812_494371361,0.038138554
20241107_093812_993903426,0.033100016
20241107_093813_489293514,-0.018680474
20241107_093813_740731143,-0.027677407
20241107_093813_994916317,-0.06329122
20241107_093814_240577362,-0.035496853
20241107_093814_740168763,0.88179326
20241107_093814_996454899,0.4043355
20241107_093815_248598814,-0.6622567
20241107_093815_503016261,-0.4855233
20241107_093815_743523030,-0.3975602
20241107_093815_996690150,-0.32655314
20241107_093816_243186557,-1.0927072
20241107_093816_493306890,-0.30193725
20241107_093816_742376327,-0.057034113
20241107_093816_996064101,0.09308425
20241107_093817_236577318,-0.07588377
20241107_093817_489284816,-0.12916772
20241107_093817_985336440,-0.1915453
20241107_093818_233826311,-0.48857614
20241107_093818_485299612,-0.6668261
20241107_093818_738681540,-0.60651743
20241107_093818_995623866,-0.35932383
20241107_093819_245527957,-0.0036257114
20241107_093819_492770579,0.1455374
20241107_093819_742039585,0.11559657
20241107_093819_994718190,1.5863957
20241107_093820_243057996,-0.1805285
20241107_093820_490612456,0.038634486
20241107_093820_737618732,-0.17785047
20241107_093820_991683965,-0.018206408
20241107_093821_242985985,-0.2276677
20241107_093821_493477105,-0.8311107
20241107_093821_738455803,0.022172803
20241107_093821_990653476,-0.07201364
20241107_093822_242020651,0.30389497
20241107_093822_489492270,0.12785979
20241107_093822_735020082,0.11274446
20241107_093822_984818886,0.009821424
20241107_093823_232265932,1.5618072
20241107_093823_490120272,0.6725589
20241107_093823_736827382,1.7057257
20241107_093823_989584371,0.47205546
20241107_093824_491805969,0.21371044
20241107_093824_735315496,0.4851552
20241107_093824_988989545,0.2527096
20241107_093825_735545797,0.17894416
20241107_093825_992537408,0.6338524
20241107_093826_240115168,0.5477928
20241107_093826_487335572,1.0511578
20241107_093826_735572538,0.22689407
20241107_093826_992761881,-0.7802515
20241107_093827_245264711,0.06599707
20241107_093827_490870398,-0.09572148
20241107_093827_735660041,0.6832332
20241107_093827_988846782,0.6168426
20241107_093828_239784121,0.5017828
20241107_093828_488732246,0.8851513
20241107_093828_732724355,-0.2538508
20241107_093828_988352328,0.4207177
20241107_093829_237642792,0.0774195
20241107_093829_505453673,1.6659132
20241107_093829_743183366,0.31450787
20241107_093829_996049327,0.21091147
20241107_093830_239265775,0.2659915
20241107_093830_491419153,0.14686023
20241107_093830_737844660,0.24950062
20241107_093830_989355277,0.29845586
20241107_093831_234637548,0.39177182
20241107_093831_488918490,0.5844343
20241107_093831_734810210,0.3209417
20241107_093831_990213316,0.42266428
20241107_093832_237146057,0.28595135
20241107_093832_498511432,0.56131095
20241107_093832_753705236,0.72067726
20241107_093832_998236281,0.3912154
20241107_093833_240528249,0.114805765
20241107_093833_495577216,0.5413511
20241107_093833_742112929,0.22702388
20241107_093833_992884954,0.17134951
20241107_093834_241663481,0.16095911
20241107_093834_492242750,0.18494861
20241107_093834_735429168,0.2666453
20241107_093834_989746064,0.1392108
20241107_093835_239757359,0.3731786
20241107_093835_487068145,0.2158146
20241107_093835_742546986,0.17509653
20241107_093835_990199643,0.41557166
20241107_093836_250158623,0.34752125
20241107_093836_492467347,0.30984232
20241107_093836_781953619,1.8016694
20241107_093836_999131261,0.5605458
20241107_093837_240485670,0.5800276
20241107_093837_486534083,0.4418103
20241107_093837_735086523,0.5075006
20241107_093838_239143669,0.35801035
20241107_093838_493780927,0.28385237
20241107_093838_989657432,0.5918236
20241107_093839_237889057,0.87473524
20241107_093839_494829955,0.34496403
20241107_093839_987097248,0.28076366
20241107_093840_238680628,-1.1233579
20241107_093840_496788336,0.13155994
20241107_093840_736443489,-2.1217334
20241107_093840_988902710,-0.03362312
20241107_093841_234698322,-0.22049256
20241107_093841_492275910,-0.2515146
20241107_093841_739705593,-0.1117961
20241107_093841_992864875,-1.1965708
20241107_093842_239162101,-0.23935911
20241107_093842_490434080,-0.37031695
20241107_093842_736937247,-0.45553944
20241107_093842_992969833,-0.5046657
20241107_093843_239548007,-1.5251235
20241107_093843_497423606,-0.12312671
20241107_093843_742663739,-0.40694374
20241107_093843_993494376,-1.4137477
20241107_093844_246922956,-0.2828528
20241107_093844_505964169,-0.46479893
20241107_093844_757912268,0.38313207
20241107_093844_996882671,-0.60489535
20241107_093845_238427293,-0.13556851
20241107_093845_494035166,-0.11825796
20241107_093845_738810534,-0.15730388
20241107_093845_996814341,-0.09592288
20241107_093846_245419156,0.056287527
20241107_093846_504737533,-0.103516124
20241107_093846_747096777,0.04314945
20241107_093846_990345828,-0.10783329
20241107_093847_245456142,-0.08917006
20241107_093847_492594722,-0.21804719
20241107_093847_743581724,-0.20097683
20241107_093847_989443383,-0.1264465
20241107_093848_235333879,-0.17670397
20241107_093848_489844418,-0.1884922
20241107_093848_743882730,-0.21019427
20241107_093848_997249084,-0.21175139
20241107_093849_241813904,-0.42121205
20241107_093849_488204498,-0.52278197
20241107_093849_740786612,-0.5598558
20241107_093849_988530127,-0.7209965
20241107_093850_236049684,-1.3663143
20241107_093850_484333615,-0.72844625
20241107_093850_736350677,0.40501973
20241107_093850_988523891,-0.656199
20241107_093851_236509859,-0.024075005
20241107_093851_488508901,-0.39334458
20241107_093851_738059913,-0.48219183
20241107_093851_987402708,-0.33071274
20241107_093852_234113368,-0.5964858
20241107_093852_483466292,-0.37494174
20241107_093852_732437846,-0.39187562
20241107_093852_985332364,-0.32907405
20241107_093853_237031359,-0.46264502
20241107_093853_494342283,-0.63426
20241107_093853_746097616,-0.51594585
20241107_093853_992187545,0.26777157
20241107_093854_243332257,-0.4440803
20241107_093854_496943320,-0.4603209
20241107_093854_746042114,-0.7736107
20241107_093854_995910071,-0.36118874
20241107_093855_247562529,-0.2669514
20241107_093855_496860242,-0.33606333
20241107_093855_738437313,-0.21613736
20241107_093855_986551578,-0.24975215
20241107_093856_237666213,-0.3455762
20241107_093856_494304316,-0.3757386
20241107_093856_740199477,-0.06273768
20241107_093856_987395156,0.060064755
20241107_093857_242744286,-0.004863402
20241107_093857_486676069,0.09452633
20241107_093857_735246642,0.094303526
20241107_093857_987913064,-0.05664631
20241107_093858_237296137,-0.33553228
20241107_093858_487755407,-0.40539148
20241107_093858_733762623,-0.28051457
20241107_093858_984981538,-0.40492964
20241107_093859_234331871,-0.76754034
20241107_093859_487243167,0.063744955
20241107_093859_735199797,-0.23017888
20241107_093859_986681177,0.072318405
20241107_093900_235739494,1.4335599
20241107_093900_488585487,1.094678
20241107_093900_736042391,-0.8046927
20241107_093900_991149895,-1.2158778
20241107_093901_240233588,-0.34942433
20241107_093901_495334296,-0.5871034
20241107_093901_751593186,-0.2377352
20241107_093901_996910238,0.46858802
20241107_093902_241340977,0.27751282
20241107_093902_494263060,-0.03676089
20241107_093902_740138291,-0.31698364
20241107_093902_987696270,-0.14891
20241107_093903_234717650,-0.06813183
20241107_093903_484275012,-0.098275505
20241107_093903_732720047,-0.80594605
20241107_093903_987537802,-0.037741326
20241107_093904_238854030,0.4176716
20241107_093904_483710536,-0.32653078
20241107_093904_733133745,-0.07037666
20241107_093904_984302169,-0.14441164
20241107_093905_234908987,-0.120357476
20241107_093905_490897540,-0.08714869
20241107_093905_753652249,-0.16892673
20241107_093906_006021409,-1.2020524
20241107_093906_258562085,-0.52890635
20241107_093906_504910638,1.2211012
20241107_093906_755820925,-0.45574784
20241107_093907_002065784,-0.0641206
20241107_093907_242786774,-0.074131
20241107_093907_493273266,0.12967402
20241107_093907_740364789,0.109994195
20241107_093907_992821008,0.17714255
20241107_093908_243264870,0.27452412
20241107_093908_494652846,0.2825439
20241107_093908_734614135,0.14635877
20241107_093908_992097630,0.07384268
20241107_093909_238749161,-0.17849968
20241107_093909_489346810,0.15381493
20241107_093909_737663131,0.19916849
20241107_093909_992959299,-0.12214376
20241107_093910_240103491,-0.5571492
20241107_093910_499677399,-0.06670098
20241107_093910_741545106,-0.09630176
20241107_093911_240652538,-0.16017474
20241107_093911_489114189,-0.24841173
20241107_093911_741733574,-0.120065115
20241107_093911_992790885,-0.01996062
20241107_093912_485837941,-0.08671918
20241107_093912_735107051,-0.15971763
20241107_093912_984966237,-0.25056788
20241107_093913_241013460,-0.2808363
20241107_093913_490827826,0.10986864
20241107_093913_740312435,0.94150794
20241107_093913_993402026,-0.02820482
20241107_093914_235982598,-0.06386884
20241107_093914_492422188,0.07550768
20241107_093914_740172899,-0.15094753
20241107_093914_993784840,-0.041041277
20241107_093915_249977292,-0.018730601
20241107_093915_495962630,0.018664846
20241107_093915_735309271,0.022707144
20241107_093915_989587029,-0.6386456
20241107_093916_239028250,-0.4956217
20241107_093916_487846955,-1.8489327
20241107_093916_738240166,-0.2413268
20241107_093916_988002286,-0.40634578
20241107_093917_238274941,-0.69157606
20241107_093917_501604082,-0.87787074
20241107_093917_740348940,-0.5514493
20241107_093917_991762273,0.26208046
20241107_093918_246944712,0.1053367
20241107_093918_495112646,0.39033097
20241107_093918_736542579,0.88230807
20241107_093918_995612003,-0.091221
20241107_093919_254977860,0.86139536
20241107_093919_493161039,-0.45902514
20241107_093919_736437417,-0.6335792
20241107_093919_987518066,-0.66799
20241107_093920_235012511,-0.5041127
20241107_093920_483173691,-0.51706886
20241107_093920_732008925,-0.09986407
20241107_093920_984380380,0.07593679
20241107_093921_239605928,0.004879633
20241107_093921_520996735,0.030464688
20241107_093921_739398916,-0.016900798
20241107_093921_993974740,-0.040735446
20241107_093922_239572754,0.14909878
20241107_093922_487423718,-0.0052061286
20241107_093922_746806655,-0.17287557
20241107_093922_989335105,0.064137176
20241107_093923_233975182,0.015785316
20241107_093923_482354552,0.017395774
20241107_093923_734519721,-0.06667068
20241107_093923_985379562,0.0009795222
20241107_093924_234207349,-0.09314325
20241107_093924_486416180,0.03345994
20241107_093924_737360291,-0.12838371
20241107_093925_237283886,0.092521966
20241107_093925_487184801,1.919288
20241107_093925_738809033,-0.5407663
20241107_093925_991542777,-0.2508808
20241107_093926_239719364,0.033674903
20241107_093926_490681096,-0.13066779
20241107_093926_740215280,-0.31294766
20241107_093926_985122363,-0.63664776
20241107_093927_233361666,-0.30905002
20241107_093927_487849030,0.20499706
20241107_093927_732761633,0.3260262
20241107_093927_988466531,-0.38537633
20241107_093928_233714408,-0.5252855
20241107_093928_488279080,-0.51306105
20241107_093928_735955605,-0.47911486
20241107_093928_986222353,0.43246335
20241107_093929_233793430,0.56422293
20241107_093929_502435829,0.29790157
20241107_093929_738081577,0.24742214
20241107_093929_991048525,0.20439887
20241107_093930_238638828,0.37996867
20241107_093930_487262691,0.28647593
20241107_093930_737449024,0.2863845
20241107_093930_984583813,0.72923005
20241107_093931_232705559,0.36753532
20241107_093931_486690797,0.2554156
20241107_093931_733289629,0.3261693
20241107_093931_986472597,0.2351775
20241107_093932_234059061,0.26847047
20241107_093932_486135893,0.45022276
20241107_093932_736915018,0.39677596
20241107_093932_986089692,0.31225553
20241107_093933_232165679,0.29366568
20241107_093933_481794005,0.19953568
20241107_093933_732559898,0.20557974
20241107_093933_985074813,0.23563544
20241107_093934_231360086,0.20681055
20241107_093934_481334877,0.108199246
20241107_093934_729501384,0.13895796
20241107_093934_981448959,0.19505487
20241107_093935_234715816,0.1786957
20241107_093935_483603393,0.12853898
20241107_093935_736408017,0.25766748
20241107_093935_984750869,0.1917495
20241107_093936_238949929,0.1788253
20241107_093936_488647406,0.17415754
20241107_093936_984494181,0.17596273
20241107_093937_232061244,0.014022211
20241107_093937_485599954,0.06396637
20241107_093937_730941682,0.08326716
20241107_093937_982855355,0.07695944
20241107_093938_233995316,0.120156266
20241107_093938_483924633,0.14967959
20241107_093938_731217154,0.111163236
20241107_093939_484477113,0.29010022
20241107_093939_730199811,0.2171296
20241107_093940_232973497,0.19836901
20241107_093940_493440544,0.19655977
20241107_093940_739230954,0.6816952
20241107_093940_991061830,0.27232823
20241107_093941_237073597,0.31428543
20241107_093941_484036716,0.36787406
20241107_093941_983703178,0.23033325
20241107_093942_229947689,0.26113793
20241107_093942_731214405,0.2691238
20241107_093942_984094081,0.22709294
20241107_093943_231686222,0.63762933
20241107_093943_484102929,-0.11193642
20241107_093943_736315357,0.0053530727
20241107_093943_989072998,-0.1964239
20241107_093944_234822113,-0.1803752
20241107_093944_482139937,-0.23988496
20241107_093944_735034062,-0.25860173
20241107_093944_981212324,-0.24878953
20241107_093945_479823841,-0.25588873
20241107_093945_730709307,-0.23862661
20241107_093945_983147676,-0.3965982
20241107_093946_234158909,-0.2412266
20241107_093946_491035436,-0.24166484
20241107_093946_736380672,-0.19043879
20241107_093946_986339175,0.16502564
20241107_093947_239303221,0.2949973
20241107_093947_488567408,0.23912452
20241107_093947_734503777,0.14927898
20241107_093947_990081419,-0.029821178
20241107_093948_231645792,0.081745185
20241107_093948_483238113,0.17343913
20241107_093948_733881945,0.033804156
20241107_093948_989347689,0.20469831
20241107_093949_238336047,0.30534104
20241107_093949_487372983,-0.06860404
20241107_093949_744330366,0.11803722
20241107_093949_995727226,-0.00891602
20241107_093950_257700878,0.034008197
20241107_093950_498317505,-0.24176373
20241107_093950_988386163,-0.1788943
20241107_093951_485859393,-0.21760972
20241107_093951_737615087,-0.18984766
20241107_093951_985119246,-0.3123928
20241107_093952_230116021,-0.28197172
20241107_093952_480798421,-0.3341569
20241107_093952_731135302,0.063356705
20241107_093952_984677426,-0.16834535
20241107_093953_233614987,0.15604918
20241107_093953_486118209,0.1988874
20241107_093953_740422189,0.07610122
20241107_093953_991964605,0.05143658
20241107_093954_237367145,0.026201883
20241107_093954_486781348,0.7433551
20241107_093954_732309185,0.2662985
20241107_093954_981230102,0.2980109
20241107_093955_481996396,0.21884899
20241107_093955_730131227,0.21592914
20241107_093956_230837275,0.18655609
20241107_093956_482589732,-0.13023381
20241107_093956_731409356,0.06762371
20241107_093956_987611652,-0.23799525
20241107_093957_243102203,-0.19105943
20241107_093957_494117543,-0.18364371
20241107_093957_740618192,-0.7531475
20241107_093957_993579129,-0.7937562
20241107_093958_237368063,0.45149544
20241107_093958_487797147,0.32142523
20241107_093958_733367596,0.3204117
20241107_093958_983577869,0.75408024
20241107_093959_487871661,-0.42434675
20241107_093959_745258634,0.16880088
20241107_093959_998720453,0.3634653
20241107_094000_246488959,0.4233449
20241107_094000_492715107,0.2963043
20241107_094000_742385062,-0.23943885
20241107_094000_995175760,-0.55050725
20241107_094001_242705894,-0.79825807
20241107_094001_492547276,-0.9331529
20241107_094001_742439093,0.19143812
20241107_094001_997430587,0.10638351
20241107_094002_245865201,0.1801157
20241107_094002_503189660,0.063548215
20241107_094002_746091571,0.04485015
20241107_094002_997679531,-0.30390474
20241107_094003_248689596,-0.17321192
20241107_094003_737199325,-0.07578909
20241107_094003_985196817,0.03921067
20241107_094004_231261456,0.0038636122
20241107_094004_485035651,-0.031365715
20241107_094004_986041127,-0.050161563
20241107_094005_231956410,-0.06459352
20241107_094005_486041272,-0.62754124
20241107_094005_737505571,0.118083976
20241107_094005_981823253,0.6295829
20241107_094006_239062837,0.21938522
20241107_094006_484856128,0.16298099
20241107_094006_733269057,-0.03591647
20241107_094006_985047757,-0.13472565
20241107_094007_236171532,0.12294904
20241107_094007_485077772,0.07850752
20241107_094007_734100684,0.10409007
20241107_094007_982226772,0.13947262
20241107_094008_230221398,0.08649156
20241107_094008_481075998,0.17810346
20241107_094008_731185851,0.19227551
20241107_094008_981724622,0.12318418
20241107_094009_236504903,0.11360232
20241107_094009_481295926,0.121463604
20241107_094009_737764575,0.12763785
20241107_094009_990105015,0.14735235
20241107_094010_237957424,-0.006655356
20241107_094010_485426518,-0.0040576067
20241107_094010_738331344,1.2167842
20241107_094010_988416129,0.30500287
20241107_094011_235832103,0.2653019
20241107_094011_488398248,0.30937198
20241107_094012_236276979,-0.08981364
20241107_094012_481755020,0.009124139
20241107_094012_732538570,0.03531114
20241107_094012_988910593,-0.06530478
20241107_094013_233236191,-0.06522109
20241107_094013_485339457,-0.043358587
20241107_094013_980770112,-0.020826897
20241107_094014_489299390,-0.011570474
20241107_094014_737842462,-0.7813385
20241107_094014_987771677,-0.46363813
20241107_094015_238488703,-0.36488128
20241107_094015_486758784,-0.09523465
20241107_094015_736855367,-0.14291535
20241107_094015_992677752,-0.26184234
20241107_094016_239511436,-0.44989976
20241107_094016_488583805,0.26924148
20241107_094016_747512110,-0.0334936
20241107_094016_997418017,-0.094435416
20241107_094017_245517775,-0.33502927
20241107_094017_490975465,-0.034407936
20241107_094017_743574202,0.1769063
20241107_094017_990441783,0.2650647
20241107_094018_238688061,0.1872134
20241107_094018_486700307,0.17201053
20241107_094018_739546548,0.13582794
20241107_094018_994965138,0.11172221
20241107_094019_241310475,0.343494
20241107_094019_488434282,0.7508918
20241107_094019_734747640,0.70046973
20241107_094019_991440659,0.78435713
20241107_094020_242001782,0.5060901
20241107_094020_491303648,0.35082072
20241107_094020_738477223,0.37229556
20241107_094020_983815850,0.21934845
20241107_094021_237988250,0.23035116
20241107_094021_486876115,-0.0053417888
20241107_094021_738906191,-0.49616513
20241107_094021_992567824,-0.3586844
20241107_094022_248903279,-0.15636991
20241107_094022_497022583,-0.06535183
20241107_094022_741878609,-0.06779113
20241107_094022_994957759,0.036558844
20241107_094023_250368876,-0.07720175
20241107_094023_497878013,-0.018862864
20241107_094023_746472995,-0.10888072
20241107_094023_988932800,-0.1150653
20241107_094024_245470981,-0.06737592
20241107_094024_734488057,0.050089054
20241107_094025_237223083,-0.23988368
20241107_094025_489752841,-0.3086591
20241107_094025_739485283,-0.29218748
20241107_094025_988535471,-0.3144246
20241107_094026_485208712,-0.16380776
20241107_094026_733085465,-0.37687674
20241107_094026_984510028,-0.39607295
20241107_094027_234557360,-0.24412261
20241107_094027_485497413,-0.26542878
20241107_094027_733167589,-1.6700183
20241107_094027_986702136,-0.50163203
20241107_094028_235118845,-0.68769556
20241107_094028_483763103,-0.028564593
20241107_094028_733452858,0.032634713
20241107_094028_983039607,-0.18495311
20241107_094029_234244424,-0.13176252
20241107_094029_506516372,-0.48173693
20241107_094029_736215670,-0.28884903
20241107_094029_987870297,-0.5310155
20241107_094030_236100677,-0.49564275
20241107_094030_487803839,-0.30265513
20241107_094030_733753970,-0.28618833
20241107_094030_981422149,0.03578704
20241107_094031_232299159,0.18290037
20241107_094031_483029382,0.21485732
20241107_094031_733614177,0.07138992
20241107_094031_992384536,-0.037254892
20241107_094032_245569575,0.042525716
20241107_094032_501695423,0.022726426
20241107_094032_749970048,-0.005167922
20241107_094032_995145258,0.11313353
20241107_094033_237498451,-0.067908965
20241107_094033_496540867,0.015294174
20241107_094034_010988140,0.060276307
20241107_094034_238052727,-0.03091987
20241107_094034_487853725,-0.18725963
20241107_094034_735374457,-0.070940875
20241107_094035_011433891,-0.12760885
20241107_094035_238498385,-0.15865813
20241107_094035_489052065,-0.088373594
20241107_094035_737140475,-0.06993546
20241107_094035_989595941,-0.194389
20241107_094036_241838456,0.48327556
20241107_094036_499390451,0.31377825
20241107_094036_739986442,0.20368473
20241107_094037_238998084,0.19029744
20241107_094037_735256034,0.3205486
20241107_094037_989749083,0.2780257
20241107_094038_236728861,0.2503296
20241107_094038_482449646,0.26117417
20241107_094038_733357663,0.37476888
20241107_094038_983507255,0.3624833
20241107_094039_232908244,0.400127
20241107_094039_483265822,0.30310073
20241107_094039_731091911,0.24208148
20241107_094040_231519829,0.23779841
20241107_094040_483609404,0.22197251
20241107_094041_237286569,0.2371627
20241107_094041_488561344,0.17241694
20241107_094041_998033975,0.2789795
20241107_094042_246582847,0.17382272
20241107_094042_496365035,0.15262322
20241107_094043_481186201,0.1925339
20241107_094043_737144563,0.24244659
20241107_094043_982921609,0.18474157
20241107_094044_232560237,0.85633856
20241107_094044_484434181,0.30979216
20241107_094044_733272620,0.15778778
20241107_094044_988317106,-0.12346976
20241107_094045_240122874,-0.43791407
20241107_094045_485727973,-0.14675067
20241107_094045_733402674,-0.14809687
20241107_094045_988565633,-0.113618545
20241107_094046_234723892,-0.08506187
20241107_094046_483642289,0.07977216
20241107_094046_742936257,0.18096082
20241107_094046_991688073,0.0323542
20241107_094047_239229291,-0.049262665
20241107_094047_490481224,-0.08407247
20241107_094047_733291479,-0.77943695
20241107_094047_990788278,-0.6672512
20241107_094048_237576833,-0.092097305
20241107_094048_487655526,0.52834404
20241107_094048_734710080,0.52475166
20241107_094048_985387024,0.2205504
20241107_094049_231290381,0.07298163
20241107_094049_485903771,0.17101334
20241107_094049_734272543,0.37209687
20241107_094049_988515096,1.2268224
20241107_094050_235629816,0.57220423
20241107_094050_493149687,0.76010543
20241107_094050_734538206,0.8606312
20241107_094050_991373828,1.0419322
20241107_094051_233724097,-0.9541233
20241107_094051_483317104,-0.6525252
20241107_094051_734949377,-0.6059204
20241107_094051_984440891,-0.15868783
20241107_094052_234163233,-0.07537281
20241107_094052_488110969,-0.42572215
20241107_094052_734601215,-0.35044587
20241107_094052_989897835,-0.3721961
20241107_094053_485528980,-0.46896905
20241107_094053_733345696,-0.3942238
20241107_094053_987587930,-0.60236806
20241107_094054_239437869,-0.35703757
20241107_094054_736799501,-0.4112895
20241107_094055_233086714,-0.377493
20241107_094055_485497974,-0.3531647
20241107_094055_734476775,-0.103680246
20241107_094055_984698789,0.5966851
20241107_094056_234411924,0.30244368
20241107_094056_485894823,0.7892425
20241107_094056_742796478,0.32858494
20241107_094056_995708153,0.30959177
20241107_094057_490232120,0.8673181
20241107_094057_736394748,-0.27658024
20241107_094057_989052154,-0.12294655
20241107_094058_235131959,-0.13149138
20241107_094058_488102085,-0.65811896
20241107_094058_734690812,-0.38704383
20241107_094058_985857991,-0.31872633
20241107_094059_234928907,-0.22890238
20241107_094059_487491010,-0.31145403
20241107_094059_745558514,-0.5406582
20241107_094059_994021281,-0.6207358
20241107_094100_246905789,-0.5094187
20241107_094100_495792518,-0.5199829
20241107_094100_739996476,-0.51293147
20241107_094100_990805416,-0.23673944
20241107_094101_237918113,-0.26996166
20241107_094101_497652534,-0.16808523
20241107_094101_740259716,-0.1270395
20241107_094101_991810110,-0.06969794
20241107_094102_737134057,-0.43834996
20241107_094102_994210543,0.3264913
20241107_094103_250436208,1.2388467
20241107_094103_510958469,0.86412585
20241107_094103_761497609,0.010565722
20241107_094104_021106860,0.057068534
20241107_094104_268319841,0.108990915
20241107_094104_521254901,-1.7517008
20241107_094104_763915537,0.68126744
20241107_094105_012547203,0.42895153
20241107_094105_252253839,-0.008050879
20241107_094105_509018030,0.0074491594
20241107_094105_744089743,-0.50046647
20241107_094106_489070883,0.013173262
20241107_094106_736883784,-0.07063701
20241107_094106_989102647,0.03643737
20241107_094107_484740065,0.1860619
20241107_094107_735144250,0.2126367
20241107_094107_991864145,1.731587
20241107_094108_239986094,0.22998737
20241107_094108_495301931,-0.17933507
20241107_094108_733523115,0.7895047
20241107_094108_987646735,0.35401046
20241107_094109_236722885,0.25794905
20241107_094109_488241596,0.12596318
20241107_094109_738142136,-0.16177996
20241107_094109_989590680,-0.038186155
20241107_094110_237420450,-0.44389966
20241107_094110_488858722,-1.3193763
20241107_094110_732913710,-0.8783203
20241107_094110_983724156,-0.97911495
20241107_094111_238417856,-0.76312643
20241107_094111_491091994,-0.43000394
20241107_094111_742890820,-1.2148211
20241107_094111_991239482,-0.028297393
20241107_094112_237789283,0.068758406
20241107_094112_489262247,0.75555575
20241107_094112_734497973,0.5736388
20241107_094112_986308008,0.2380601
20241107_094113_237564679,0.24072878
20241107_094113_484640554,0.29694214
20241107_094113_732317682,0.3129663
20241107_094113_980140305,0.38092035
20241107_094114_487116681,0.33451724
20241107_094114_737143853,0.34088147
20241107_094114_988759680,0.16893722
20241107_094115_236914751,-0.27573726
20241107_094115_485940498,-0.6306741
20241107_094115_743607608,-0.4273596
20241107_094115_992623115,-0.3378729
20241107_094116_238207981,-0.74961317
20241107_094116_493013613,0.68997097
20241107_094116_741641975,0.6634333
20241107_094116_988095869,0.50058633
20241107_094117_230722755,0.60731053
20241107_094117_483758840,0.29392493
20241107_094117_984119295,0.98225874
20241107_094118_233486744,0.71912205
20241107_094118_486228144,0.1944217
20241107_094118_730963496,-0.03693836
20241107_094118_983123450,-0.20679636
20241107_094119_235339234,-0.026597043
20241107_094119_481983431,0.03247521
20241107_094119_729110160,0.27952945
20241107_094119_982919867,0.9365136
20241107_094120_230255923,0.80610204
20241107_094120_479783509,0.4800969
20241107_094120_730871876,0.05528509
20241107_094120_983034998,-0.004579222
20241107_094121_734524643,-0.016100418
20241107_094121_986035850,0.12537831
20241107_094122_234455540,0.104904465
20241107_094122_482750598,0.090718426
20241107_094122_737237991,0.21028225
20241107_094122_995944567,1.3275247
20241107_094123_240748478,0.6138551
20241107_094123_492275086,0.0134466905
20241107_094123_738598641,0.075097
20241107_094123_990742128,-0.922357
20241107_094124_243961224,-0.6437505
20241107_094124_486020540,-0.9298211
20241107_094124_736146347,-0.77771735
20241107_094124_986747668,-0.6794571
20241107_094125_234319221,-0.70571274
20241107_094125_495254536,-0.77845794
20241107_094126_252365421,-0.45180902
20241107_094126_497899697,1.0099852
20241107_094126_749721231,1.2358116
20241107_094127_001510915,0.21441065
20241107_094127_245161632,0.2780131
20241107_094127_489920008,0.32338494
20241107_094127_738343731,-0.04548853
20241107_094127_986662212,0.058807738
20241107_094128_238412636,0.094008096
20241107_094128_485996558,-0.09127303
20241107_094128_987505671,0.0012312625
20241107_094129_238396514,-0.119905375
20241107_094129_512916528,-0.09872713
20241107_094129_740472157,-0.20595385
20241107_094129_998453447,-0.5509198
20241107_094130_262162163,-1.29534
20241107_094130_510669059,-0.7974292
20241107_094130_748571565,-1.3005512
20241107_094131_002887052,0.18615566
20241107_094131_248414977,0.562944
20241107_094131_499259414,0.24887128
20241107_094131_739724126,0.20993738
20241107_094131_990753701,0.19914792
20241107_094132_239615892,0.2619501
20241107_094132_492326920,0.36526772
20241107_094132_737159095,0.28894785
20241107_094133_484029483,0.056157805
20241107_094133_732402792,0.20096831
20241107_094133_985784865,0.69272894
20241107_094134_242913321,0.046447076
20241107_094134_490497051,-0.7765934
20241107_094134_743246291,0.6075558
20241107_094134_997464486,0.53080994
20241107_094135_240981149,0.65837556
20241107_094135_490642746,0.8224683
20241107_094135_739574191,1.368337
20241107_094135_994841444,1.5337129
20241107_094136_239388276,0.5532074
20241107_094136_493888269,0.006809445
20241107_094136_739170494,0.34814122
20241107_094136_998675854,0.49079642
20241107_094137_240550528,0.26831993
20241107_094137_489778356,0.1388179
20241107_094137_734474254,0.20801991
20241107_094138_234100258,0.27240917
20241107_094138_485676017,0.30527323
20241107_094138_732431172,0.24976443
20241107_094138_983104179,0.04874859
20241107_094139_230419365,0.15767847
20241107_094139_482097368,0.18161462
20241107_094139_730578047,0.4738463
20241107_094139_980498448,0.3391139
20241107_094140_236539131,0.51899415
20241107_094140_486878044,0.33573022
20241107_094140_983736293,0.35012987
20241107_094141_230291306,0.8893755
20241107_094141_743171463,0.9697676
20241107_094141_993125765,0.5188164
20241107_094142_241070601,0.62234247
20241107_094142_485800404,0.16603707
20241107_094142_738075280,0.23730256
20241107_094142_983112294,0.26983404
20241107_094143_233949837,0.34259865
20241107_094143_486467409,0.27480295
20241107_094143_734566424,0.7855616
20241107_094143_982701443,0.60575056
20241107_094144_233747657,0.58355343
20241107_094144_985122844,0.2256497
20241107_094145_233096896,0.29873732
20241107_094145_485212460,0.3620821
20241107_094146_234046239,0.33304602
20241107_094146_986851428,0.33766037
20241107_094147_236306924,0.51096267
20241107_094147_493841976,0.620921
20241107_094147_989221413,0.52225417
20241107_094148_241383216,0.45227006
20241107_094148_489515936,0.3149197
20241107_094148_735585391,-0.42727
20241107_094148_996073344,-0.08125093
20241107_094149_243497468,-0.21453495
20241107_094149_490680491,-0.08505878
20241107_094149_737993266,-0.2303042
20241107_094149_989214687,-0.22573496
20241107_094150_232964671,-0.4865009
20241107_094150_486788784,-0.16352606
20241107_094150_734324944,-0.15154882
20241107_094150_987551480,-0.18210705
20241107_094151_233070719,-0.18507715
20241107_094151_482492290,-0.13981827
20241107_094151_985386705,0.08547479
20241107_094152_233515266,0.12394091
20241107_094152_484746183,0.50254184
20241107_094152_736001507,0.60216075
20241107_094152_984410959,0.49554518
20241107_094153_232574994,0.36759374
20241107_094153_487750653,0.34085855
20241107_094153_987723985,0.3622632
20241107_094155_999892611,0.26538077
20241107_094156_244747922,1.0486383
20241107_094156_491364058,0.26745248
20241107_094156_732221501,1.271763
20241107_094156_986634905,0.1399577
20241107_094157_240745700,-0.35833588
20241107_094157_498528188,-0.2672622
20241107_094157_744624146,-0.39158458
20241107_094157_995150022,-0.19993594
20241107_094158_237179295,-0.056580678
20241107_094158_487858153,-0.07233777
20241107_094158_985200791,-0.12517263
20241107_094159_231390678,-0.14051332
20241107_094159_735974514,-0.16076912
20241107_094159_986670752,-0.36932674
20241107_094200_235614528,-0.28216183
20241107_094200_485140708,-0.5452158
20241107_094200_733657649,-0.30409443
20241107_094200_988026960,-0.2762077
20241107_094201_231862853,-0.32741547
20241107_094201_485991872,-0.28338256
20241107_094201_741168202,-0.25367853
20241107_094201_988202202,-0.15725534
20241107_094202_237603801,-0.055089258
20241107_094202_487726451,-0.05198775
20241107_094202_734345386,-0.09620049
20241107_094202_985638036,-0.11325215
20241107_094203_483142452,-0.4258525
20241107_094203_731046356,-0.533703
20241107_094203_984004320,-0.68195045
20241107_094204_239451698,-0.71811503
20241107_094204_484864088,-1.0717102
20241107_094204_735454595,-1.3468491
20241107_094204_987696253,0.31612518
20241107_094205_242552043,0.41982594
20241107_094205_491825960,0.27684626
20241107_094205_736148646,0.10015074
20241107_094205_984767814,0.1441587
20241107_094206_230617723,0.1362425
20241107_094206_490741725,0.11227951
20241107_094206_998334777,0.22974275
20241107_094207_239490672,0.3658701
20241107_094207_488468553,0.30548373
20241107_094207_739142429,0.43704012
20241107_094207_986209743,0.29065406
20241107_094208_236230863,0.28584898
20241107_094208_486205265,0.26377463
20241107_094208_737775911,0.2665789
20241107_094208_992209599,0.53049517
20241107_094209_236698462,0.7656376
20241107_094209_484928962,0.5394678
20241107_094209_989035745,0.5158872
20241107_094210_240802921,0.28909206
20241107_094210_488732490,0.19567068
20241107_094210_735389365,0.27844602
20241107_094210_986370292,-0.1822565
20241107_094211_239436103,0.07526902
20241107_094211_492334952,-0.12589748
20241107_094211_738039616,-0.054266177
20241107_094211_989074412,-0.5200467
20241107_094212_242854985,-0.5318689
20241107_094212_491129857,-0.339205
20241107_094212_743485574,0.7127263
20241107_094212_986625673,0.6359907
20241107_094213_240588440,0.18589436
20241107_094213_495247042,0.18621777
20241107_094213_737712545,0.08919243
20241107_094213_991827743,0.07116697
20241107_094214_233955745,0.06963197
20241107_094214_488994829,0.107344486
20241107_094214_732107473,0.13707288
20241107_094214_982942570,0.25029474
20241107_094215_238553122,0.18857513
20241107_094215_494061344,0.060394146
20241107_094215_736000104,0.06208948
20241107_094215_984730578,-0.21125694
20241107_094216_233132956,-0.10238113
20241107_094216_486112308,-0.14123411
20241107_094216_744236771,-0.022179803
20241107_094216_989377024,0.1883582
20241107_094217_230561167,0.26769912
20241107_094217_485312981,0.5271399
20241107_094217_733001328,0.5808409
20241107_094217_981425961,0.70484155
20241107_094218_229249043,0.66780955
20241107_094218_480514271,0.3726255
20241107_094218_729532803,0.35825402
20241107_094219_236506564,0.274079
20241107_094219_485471829,-0.21861283
20241107_094219_732207142,0.049624033
20241107_094219_989557685,0.39717963
20241107_094220_233398247,0.5725369
20241107_094220_481989215,0.6090701
20241107_094220_731250851,0.8108345
20241107_094220_986983417,0.2951152
20241107_094221_231104937,0.33033466
20241107_094221_482970641,0.35504943
20241107_094221_733433894,0.3205142
20241107_094221_991899345,0.68599874
20241107_094222_233970480,-0.08649107
20241107_094222_491432313,-0.21400471
20241107_094222_740876927,0.008458683
20241107_094222_985582570,0.24634962
20241107_094223_231057300,0.49934313
20241107_094223_482923464,0.6449778
20241107_094223_730979935,0.4825181
20241107_094223_989853700,0.48814175
20241107_094224_236992392,0.3125767
20241107_094224_488783128,0.37696096
20241107_094224_738187593,0.30904704
20241107_094225_230502071,0.31131372
20241107_094225_478870601,0.38462055
20241107_094225_728106189,0.30831102
20241107_094225_980209653,0.3214095
20241107_094226_230727057,0.09228367
20241107_094226_482694219,0.16185997
20241107_094226_987347176,0.18745165
20241107_094227_235836631,0.19816603
20241107_094227_486211528,0.5101903
20241107_094227_735059804,0.48293725
20241107_094227_988002719,1.8014514
20241107_094228_231273379,-0.5803087
20241107_094228_479793983,-0.6950302
20241107_094228_730622328,-0.6572802
20241107_094228_985505343,-0.6565162
20241107_094229_494491500,-0.70287377
20241107_094230_239520997,0.7154185
20241107_094230_491812710,0.1082705
20241107_094230_740357055,0.16598074
20241107_094230_989545947,0.30009416
20241107_094231_237644213,0.2833059
20241107_094231_983948002,0.26412156
20241107_094232_483611465,0.25399858
20241107_094232_733007951,0.28226277
20241107_094232_981160397,0.3077095
20241107_094233_227809183,0.26629415
20241107_094233_478331017,0.19409518
20241107_094233_725899993,0.31656948
20241107_094233_977475060,0.28193435
20241107_094234_226329470,0.25086522
20241107_094234_481346537,0.23005359
20241107_094235_487108628,0.34457985
20241107_094235_736227452,0.39672473
20241107_094235_994399648,0.3048796
20241107_094236_239837620,0.27785447
20241107_094236_737569134,0.4878752
20241107_094236_996360336,0.2047077
20241107_094237_234184209,-0.003106257
20241107_094237_732305606,0.11235938
20241107_094237_983173527,0.14839746
20241107_094238_234349446,0.1278237
20241107_094238_731063332,0.33036506
20241107_094238_980849730,0.45369872
20241107_094239_231005931,-0.016569396
20241107_094239_483455954,-0.20207594
20241107_094239_732035306,-0.0408419
20241107_094239_980144700,-0.115622185
20241107_094240_493710058,-0.3196378
20241107_094240_741117828,-0.73770463
20241107_094240_997246204,-0.32851064
20241107_094241_240874675,-0.02743512
20241107_094241_500255078,-0.11480393
20241107_094241_745232279,-0.12510832
20241107_094241_992254513,-0.1195608
20241107_094242_237720141,-0.057980143
20241107_094242_488877220,-0.08531269
20241107_094242_735733909,-0.06778636
20241107_094242_985996667,-0.05205606
20241107_094243_232698830,0.27492923
20241107_094243_485080772,0.30416107
20241107_094243_741148065,0.21176966
20241107_094243_998927052,0.47688928
20241107_094244_487383716,0.43133423
20241107_094244_988698257,0.2776021
20241107_094245_237537415,-0.015829911
20241107_094245_492945037,0.06401125
20241107_094246_232421540,-0.11174073
20241107_094246_483848819,-0.050886773
20241107_094246_732513607,-0.07921287
20241107_094246_983143193,-0.051859044
20241107_094247_230523693,-0.01271083
20241107_094247_743173834,0.014741579
20241107_094248_481833179,-0.06241902
20241107_094248_738410627,-0.843057
20241107_094248_985693608,-0.16431616
20241107_094249_232946348,-0.24056421
20241107_094249_485018902,-0.37454543
20241107_094249_984509779,-0.30106923
20241107_094250_234179893,-0.45335224
20241107_094250_491501713,0.1783907
20241107_094250_736918400,0.27218428
20241107_094250_988143284,0.45142242
20241107_094251_235742460,0.35272154
20241107_094251_487226961,0.16696422
20241107_094251_740314548,0.24479948
20241107_094251_993418525,0.32776383
20241107_094252_242664973,0.6325182
20241107_094252_487379739,0.3498361
20241107_094252_735945485,0.1448014
20241107_094253_228077729,0.24935214
20241107_094253_487440943,0.72984433
20241107_094253_739569129,0.41032124
20241107_094253_995108849,0.48665175
20241107_094254_241458581,0.07393447
20241107_094254_490906920,-0.016487679
20241107_094254_735425130,0.07229877
20241107_094254_992667879,0.4149508
20241107_094255_240814921,0.85994554
20241107_094255_490551288,0.71883655
20241107_094255_745639185,-0.45204177
20241107_094256_004042560,0.15892972
20241107_094256_249631449,0.319997
20241107_094256_507176525,0.1418993
20241107_094256_748840766,0.01825556
20241107_094257_001524304,0.9082526
20241107_094257_247716732,-0.10031686
20241107_094257_496314594,0.33256355
20241107_094257_743447928,0.084784545
20241107_094257_990380396,0.10205648
20241107_094258_231587957,0.0692703
20241107_094258_483677515,0.064920165
20241107_094258_730958188,0.055525757
20241107_094258_983944180,-0.28594995
20241107_094259_232939564,-0.20560111
20241107_094259_487958986,-0.7249514
20241107_094259_743044792,-0.32761067
20241107_094259_983297070,-0.24546959
20241107_094300_233146701,0.045230113
20241107_094300_481731610,0.017328566
20241107_094300_736664824,0.8133262
20241107_094300_985244462,0.7280916
20241107_094301_236089974,0.7751599
20241107_094301_484985343,0.19636135
20241107_094301_734987933,0.08034817
20241107_094301_986228808,0.26860383
20241107_094302_234714856,0.24881093
20241107_094302_509732548,-0.2244833
20241107_094302_755376126,0.80109835
20241107_094303_005711612,1.0777494
20241107_094303_242114061,0.45078763
20241107_094303_489879577,0.21935903
20241107_094303_739480756,-0.14604066
20241107_094303_986902200,-0.116484486
20241107_094304_236080585,-0.8574871
20241107_094304_487749969,-0.9264237
20241107_094304_734809555,0.0384058
20241107_094304_986387455,-0.22776474
20241107_094305_230336861,-0.26755062
20241107_094305_736102921,-0.26883763
20241107_094305_983292333,-0.27002603
20241107_094306_232173181,-0.31330863
20241107_094306_482887445,-0.32694444
20241107_094306_728864945,-0.26546073
20241107_094306_981037279,0.15720452
20241107_094307_234155316,0.12195424
20241107_094307_485639688,0.19125293
20241107_094307_733159194,0.23508589
20241107_094307_988455658,0.21313874
20241107_094308_484121681,0.43670547
20241107_094308_730195053,0.27698633
20241107_094308_998975648,0.051616646
20241107_094309_232821346,0.21936826
20241107_094309_491091374,0.13915412
20241107_094309_986587331,0.16370587
20241107_094310_233180846,-0.02316775
20241107_094310_486070020,0.086017795
20241107_094310_736423958,0.10876242
20241107_094310_992452907,0.08968345
20241107_094311_237882122,0.074080266
20241107_094311_486549322,0.07123617
20241107_094312_231770208,0.071413256
20241107_094312_481113828,0.27006215
20241107_094312_731867607,0.11631403
20241107_094312_978374383,0.09423927
20241107_094313_480931843,0.24820612
20241107_094313_982867174,0.21075861
20241107_094314_232857946,0.5694582
20241107_094314_493997448,0.31550938
20241107_094314_738107535,0.7683193
20241107_094314_990925261,0.27701077
20241107_094315_238733077,0.2640707
20241107_094315_731257966,0.21795563
20241107_094315_983436847,0.42383277
20241107_094316_233525367,0.385234
20241107_094316_489020130,0.3073774
20241107_094316_734377937,0.27439123
20241107_094317_506163125,0.25745532
20241107_094317_755428468,-0.26832625
20241107_094318_007195470,1.8620095
20241107_094318_250984533,0.8149841
20241107_094318_499034428,0.77047604
20241107_094318_737837627,0.83662695
20241107_094318_985707732,0.75219357
20241107_094319_232153440,0.75735563
20241107_094320_233854384,0.7758026
20241107_094320_484961251,0.8291032
20241107_094320_734409334,0.26136094
20241107_094320_985525685,0.16968827
20241107_094321_233552185,0.010962972
20241107_094321_484205825,-0.17340107
20241107_094321_731001416,-0.23931317
20241107_094321_981247113,-0.5073993
20241107_094322_232070101,-0.267246
20241107_094322_484252098,-0.47743517
20241107_094322_737490006,-0.2528973
20241107_094322_986080160,-0.19797798
20241107_094323_229052657,-0.085192606
20241107_094323_482905004,-1.0226854
20241107_094323_732759615,-0.6224995
20241107_094323_987867345,-0.4456103
20241107_094324_231535694,-0.6903744
20241107_094324_484689516,-0.5108791
20241107_094325_478107087,-0.50329256
20241107_094325_727912877,-0.4264044
20241107_094325_980756941,-1.8606967
20241107_094326_230141799,0.45983514
20241107_094326_481454410,0.44294947
20241107_094326_732591659,0.6799706
20241107_094328_230729980,0.6400637
20241107_094328_491229894,0.42541745
20241107_094328_739833506,-0.016846359
20241107_094328_990772882,-0.012309631
20241107_094329_517069694,-0.039763413
20241107_094329_744382428,0.7290194
20241107_094329_988968157,0.6288224
20241107_094330_238838966,0.3159434
20241107_094330_485793369,0.11955837
20241107_094330_729450013,0.033668853
20241107_094330_983172862,0.078065254
20241107_094331_228141116,0.1309189
20241107_094331_484325138,0.16352259
20241107_094331_731026772,0.29729396
20241107_094331_982282993,0.6625393
20241107_094332_228684648,0.78767514
20241107_094332_483932101,0.62394536
20241107_094332_731997713,0.4184593
20241107_094332_984105296,0.30908567
20241107_094333_232051265,0.16589878
20241107_094333_487927185,0.6130054
20241107_094333_740586114,1.4165328
20241107_094333_985211841,0.8811685
20241107_094334_238516373,0.18173961
20241107_094334_487068567,-0.6527975
20241107_094334_728741942,-0.38236275
20241107_094334_979016877,-0.49324808
20241107_094335_229698143,-0.5630813
20241107_094335_483384094,-0.8831672
20241107_094335_730136689,-0.6525727
20241107_094335_981774211,-0.48445934
20241107_094336_230100098,-0.4512015
20241107_094336_485766221,-0.43636528
20241107_094336_746165652,-0.5596865
20241107_094337_734195721,-0.4890041
20241107_094337_979666046,-0.6361728
20241107_094338_227773941,-0.55138904
20241107_094338_481556085,-0.81589663
20241107_094338_731752020,-1.5960957
20241107_094338_982525686,0.6092945
20241107_094339_232813932,0.5998709
20241107_094339_490656234,0.76339674
20241107_094339_739640099,0.03193578
20241107_094339_983995333,-0.82180953
20241107_094340_480279296,-0.8449368
20241107_094342_484980291,0.2235695
20241107_094342_732030395,1.3341887
20241107_094342_982720124,1.018992
20241107_094343_228997677,0.6504965
20241107_094344_730230474,0.26933697
20241107_094344_980457636,0.36932603
20241107_094345_229997433,0.9640795
20241107_094345_482429714,0.92955196
20241107_094346_230257135,0.9365816
20241107_094346_477897860,0.8059392
20241107_094346_981758051,0.19437008
20241107_094347_227112139,-0.620638
20241107_094347_481767363,-0.5764552
20241107_094347_985102651,-0.5590534
20241107_094348_233124525,-0.5361828
20241107_094348_481617699,-0.49198398
20241107_094348_729848384,-0.332086
20241107_094348_978937754,0.24660759
20241107_094349_231963545,0.3028735
20241107_094349_483876038,0.28235376
20241107_094349_732479145,0.19881125
20241107_094349_987257776,0.4212015
20241107_094350_240831293,0.30747393
20241107_094350_489093955,0.20733254
20241107_094350_732593288,0.22770397
20241107_094350_983225954,0.23113792
20241107_094351_229737346,0.21232532
20241107_094351_477974867,0.396317
20241107_094351_728199852,0.30187166
20241107_094352_987401612,0.16918595
20241107_094353_233724735,0.025993327
20241107_094353_479328004,0.0069581065
20241107_094353_726266201,-0.13124593
20241107_094353_979023529,-0.10696574
20241107_094354_233096933,-0.023152784
20241107_094354_481599753,0.20125812
20241107_094354_732431319,2.0342894
20241107_094354_986034730,0.36758497
20241107_094355_234011705,0.35481495
20241107_094355_491838730,0.35413352
20241107_094355_738107394,0.858604
20241107_094355_990181679,-0.19380227
20241107_094356_257196472,-0.3199072
20241107_094356_507317100,-0.24795376
20241107_094356_743586413,-0.28614473
20241107_094356_994398814,-0.44155988
20241107_094357_234115515,-0.36375073
20241107_094357_487447631,-0.30328104
20241107_094358_232201044,-0.32465804
20241107_094358_481523301,-0.47030142
20241107_094358_730358328,-0.4740227
20241107_094358_986858534,-0.09850586
20241107_094359_232825520,-0.07435373
20241107_094359_488975302,0.15883775
20241107_094359_742264285,-0.246687
20241107_094359_988979831,-0.14590111
20241107_094400_239934557,1.0038897
20241107_094400_493332086,0.24289446
20241107_094400_737466652,0.7888715
20241107_094400_988328755,0.4875299
20241107_094401_240589672,0.49070486
20241107_094401_494735795,0.52244204
20241107_094401_739105786,0.43444663
20241107_094401_987706468,0.03002564
20241107_094402_240055021,-0.57572114
20241107_094402_487843008,-0.29030603
20241107_094402_742220880,-0.21632047
20241107_094402_992351011,0.78786105
20241107_094403_244318516,0.855256
20241107_094403_499581695,-0.6436771
20241107_094403_749256194,-0.1418095
20241107_094404_010221238,-0.789314
20241107_094404_254897799,0.23113911
20241107_094404_505129295,-0.17491765
20241107_094404_741809877,0.27712852
20241107_094404_992552152,0.25832775
20241107_094405_236242416,-0.3635766
20241107_094405_494270107,-0.67136484
20241107_094405_734148379,-0.33522505
20241107_094405_987456707,-0.9329527
20241107_094406_245811392,-1.2492255
20241107_094406_493981841,0.26445118
20241107_094406_748740015,-0.2701854
20241107_094406_996905591,-0.14900525
20241107_094407_241429039,-0.12507828
20241107_094407_495069698,0.038195826
20241107_094407_737954075,0.19423114
20241107_094407_994011339,0.15511201
20241107_094408_240841796,-0.0466884
20241107_094408_494721432,-0.017555257
20241107_094408_735843024,0.03798143
20241107_094409_000658095,0.20975603
20241107_094409_733749128,0.1202176
20241107_094409_991241748,-0.19778769
20241107_094410_234104945,-0.22695799
20241107_094410_487757491,-0.11321416
20241107_094410_730218241,-0.16827716
20241107_094410_980811941,-0.060895763
20241107_094411_227746366,0.09199398
20241107_094411_483376513,0.2723031
20241107_094411_731105501,0.25786465
20241107_094411_986084394,0.534072
20241107_094412_231558168,0.20517902
20241107_094412_488418115,0.21178836
20241107_094412_736369279,0.36521614
20241107_094412_987616296,0.2964852
20241107_094413_483927337,0.24263878
20241107_094414_236906398,0.27002537
20241107_094414_482774913,0.34439653
20241107_094414_731504767,0.2204675
20241107_094414_984342095,0.20726801
20241107_094415_231718568,0.17131288
20241107_094415_485701095,0.56039727
20241107_094415_736288611,0.27462724
20241107_094415_982287118,0.26031047
20241107_094416_249062063,0.35418135
20241107_094416_492845708,1.343237
20241107_094416_740061702,-0.26475632
20241107_094416_999194880,0.082293235
20241107_094417_245693747,-0.027263602
20241107_094417_495592220,0.08401657
20241107_094417_736739417,-0.060750805
20241107_094417_990308203,-0.046785854
20241107_094418_242074003,2.1560457
20241107_094418_504009516,-0.24846908
20241107_094418_745415633,-0.30652153
20241107_094418_995051374,-0.47260806
20241107_094419_246231492,-0.26422504
20241107_094419_492267178,-0.29084048
20241107_094419_747131449,-0.22305216
20241107_094420_018168287,0.4776686
20241107_094420_240604088,1.7613586
20241107_094420_492429640,0.16162148
20241107_094420_734419465,0.3728122
20241107_094420_994720888,0.440407
20241107_094421_242778203,0.7424623
20241107_094421_491144199,0.550916
20241107_094421_734797196,0.30208862
20241107_094421_983664771,0.34204507
20241107_094422_236710101,0.34210283
20241107_094422_489321745,0.43865576
20241107_094422_736902038,0.39875942
20241107_094423_486665879,0.52692705
20241107_094423_732371250,0.4651694
20241107_094423_981376049,1.2363298
20241107_094424_231328187,0.13782434
20241107_094424_482321867,-0.63705814
20241107_094424_729738067,-0.3875693
20241107_094424_986952430,-0.43005744
20241107_094425_235458710,-0.4500796
20241107_094425_483689507,-0.13083924
20241107_094425_733860251,-0.1707917
20241107_094425_988804890,-0.023644937
20241107_094426_241220373,-0.0006174203
20241107_094426_490917050,-0.26520976
20241107_094426_741834095,-0.3986254
20241107_094426_987187438,-0.8904037
20241107_094427_231689220,-1.2961384
20241107_094427_487212518,-1.1715865
20241107_094427_735452526,-0.66320366
20241107_094427_987343901,-0.41434902
20241107_094428_231407977,0.08957167
20241107_094428_484882956,0.037896678
20241107_094428_731006707,0.075531095
20241107_094428_980615202,-0.09394839
20241107_094429_229633286,0.070060275
20241107_094429_498647231,0.32290623
20241107_094429_730562812,0.5605495
20241107_094429_981453154,-0.036937915
20241107_094430_238008332,-0.14947568
20241107_094430_486310663,-0.19998585
20241107_094430_744639346,-0.45366213
20241107_094430_991372206,-0.03622675
20241107_094431_242308495,-0.2625251
20241107_094431_494381756,-0.1370063
20241107_094431_740601657,-0.009514777
20241107_094431_984566321,-0.0073703546
20241107_094432_233370613,0.13046806
20241107_094432_482477639,0.26346794
20241107_094432_734287427,0.66332656
20241107_094432_987795448,0.20109533
20241107_094433_234686249,0.12394071
20241107_094433_487061680,0.4662304
20241107_094433_739155235,0.33084255
20241107_094433_988096547,0.55788356
20241107_094434_240086245,0.99114066
20241107_094434_485340979,0.20297904
20241107_094434_730649912,0.23401476
20241107_094434_985889302,0.19453843
20241107_094435_227890127,0.3933404
20241107_094435_490179478,1.1602869
20241107_094435_738127654,0.2733122
20241107_094435_987430650,0.38271117
20241107_094436_241624636,0.4414741
20241107_094436_498193500,0.28749967
20241107_094436_743312545,0.23173164
20241107_094436_983749654,0.42663828
20241107_094437_237452690,0.36592308
20241107_094437_494255279,0.61738217
20241107_094437_738134744,0.46291336
20241107_094437_986035770,0.43851292
20241107_094438_233160791,0.4084213
20241107_094438_734029937,0.40432274
20241107_094438_984180424,0.37808907
20241107_094439_233863835,0.48261902
20241107_094439_482743056,0.20205258
20241107_094439_729133842,0.24592425
20241107_094439_983930267,0.33330697
20241107_094440_230955961,0.29383788
20241107_094440_991739104,0.07337768
20241107_094441_236939992,-0.3071361
20241107_094441_487574024,-0.076240145
20241107_094441_739230835,-0.24462768
20241107_094441_996245848,-0.03469113
20241107_094442_237945657,-0.10511979
20241107_094442_497100238,-0.14330293
20241107_094442_739705600,-0.1707928
20241107_094442_985658067,-0.14774089
20241107_094443_231546550,-0.14264049
20241107_094443_484460526,-0.16391815
20241107_094443_733277596,-0.1503091
20241107_094443_982553768,-0.10166604
20241107_094444_234385739,-0.08779475
20241107_094444_487818179,0.057778865
20241107_094444_736957834,-0.06591278
20241107_094444_981658319,-0.090817
20241107_094445_233443899,0.043611966
20241107_094445_482636243,0.037226416
20241107_094445_738264861,-0.06206908
20241107_094445_985379169,-0.055035613
20241107_094446_231011131,-0.045776688
20241107_094446_483971865,-0.07501807
20241107_094446_981232390,-0.024828661
20241107_094447_237270933,-0.06964228
20241107_094447_480181003,-0.051452182
20241107_094447_733577570,0.015242556
20241107_094447_983116120,-0.011112114
20241107_094448_236821767,-0.08089318
20241107_094448_490580822,-0.07328572
20241107_094448_753283772,-1.750424
20241107_094448_996112291,-0.837441
20241107_094449_246452288,-1.9364046
20241107_094449_493920907,0.47044978
20241107_094449_732049406,0.72941595
20241107_094449_990711485,-0.13239773
20241107_094450_236419526,-0.019277012
20241107_094450_489891219,-0.19030942
20241107_094450_737894643,-0.14956923
20241107_094451_231941244,-0.21867831
20241107_094451_484676785,-0.04305508
20241107_094451_731418937,0.0360227
20241107_094452_237676796,-0.11721935
20241107_094452_486097087,-0.086020194
20241107_094452_732099773,-0.1518249
20241107_094452_985965669,-0.030429145
20241107_094453_238451095,-0.10674032
20241107_094453_483175312,-0.09322288
20241107_094453_732110140,-0.5070222
20241107_094453_978761743,0.5738273
20241107_094454_231297414,0.2163789
20241107_094454_490150764,0.31208733
20241107_094454_737045428,0.7350866
20241107_094454_984195541,0.6169643
20241107_094455_230470145,-0.50349635
20241107_094455_482520867,-0.80128795
20241107_094455_729150239,-2.6526837
20241107_094455_981915065,0.22320001
20241107_094456_228536572,0.262811
20241107_094456_478838823,0.13611962
20241107_094456_734522819,0.11648629
20241107_094456_981999636,-0.14013539
20241107_094457_228401732,0.0074304137
20241107_094457_482352384,-0.24172951
20241107_094457_731177163,-0.06555154
20241107_094457_989942960,0.41281018
20241107_094458_230635372,0.024526814
20241107_094458_484008556,0.3424967
20241107_094458_734225792,0.34475058
20241107_094458_981988555,-0.07460772
20241107_094459_236832228,0.12614872
20241107_094459_489044906,-0.44165424
20241107_094459_746925239,0.08175365
20241107_094500_000571558,0.13860376
20241107_094500_262470552,-0.032386802
20241107_094500_507724071,-0.15193598
20241107_094500_757149426,-0.16505785
20241107_094501_005399250,-0.26671377
20241107_094501_262527687,-0.043532513
20241107_094501_498713767,-0.2163934
20241107_094501_746631685,0.38249436
20241107_094502_006517590,0.5569456
20241107_094502_251156409,0.21807198
20241107_094502_500449667,0.095912166
20241107_094502_749221694,-0.2723417
20241107_094503_002887674,0.05697579
20241107_094503_243048710,-0.0891382
20241107_094503_498269773,0.10423411
20241107_094503_744310294,0.6615505
20241107_094504_002673147,0.9518314
20241107_094504_249946786,0.2492732
20241107_094504_491590987,0.05390773
20241107_094504_741675222,0.055391528
20241107_094504_992609192,0.07514531
20241107_094505_243924982,0.060748853
20241107_094505_490804535,0.03923071
20241107_094505_990443186,0.07801891
20241107_094506_240615187,-0.07011979
20241107_094506_490827085,0.11987553
20241107_094506_743043901,0.05888302
20241107_094506_991420916,-0.043443583
20241107_094507_238173152,-0.046333544
20241107_094507_491509426,-0.09204557
20241107_094507_734799666,-0.12840255
20241107_094507_986097173,-0.061816595
20241107_094508_229548537,0.03365735
20241107_094508_480008517,-0.009029677
20241107_094509_233336798,-0.0730915
20241107_094509_485452882,-0.101361714
20241107_094509_997351167,-0.05814051
20241107_094510_252213634,-0.18667419
20241107_094510_500198028,-0.17016374
20241107_094510_755606983,-0.17754461
20241107_094510_996026698,-0.6529815
20241107_094511_237657826,-0.30570772
20241107_094511_489990038,-0.2155654
20241107_094511_736125894,-0.17841862
20241107_094511_994679688,-0.23119603
20241107_094512_243046589,0.002911577
20241107_094512_490603891,-0.09887292
20241107_094512_742610807,-0.07321619
20241107_094513_000186726,-0.08083763
20241107_094513_244860295,-0.056150787
20241107_094513_494837714,-0.053521536
20241107_094513_742484496,-0.06559544
20241107_094513_995165938,-0.059846543
20241107_094514_264975473,-0.011330595
20241107_094514_498402180,-0.07895663
20241107_094514_740827434,-0.09103992
20241107_094514_993794258,-0.10443064
20241107_094515_233043394,-0.8052349
20241107_094515_489061884,-0.34493297
20241107_094515_737443531,-0.35607052
20241107_094515_985878831,-0.351905
20241107_094516_231166457,-0.24164943
20241107_094516_480732880,-0.29645905
20241107_094516_733111940,-0.14445607
20241107_094516_986052455,-0.13921995
20241107_094517_238320581,-0.12625562
20241107_094517_492104208,-0.09766089
20241107_094517_745992061,-0.15277107
20241107_094517_987381000,-0.14579456
20241107_094518_232000220,-0.22407697
20241107_094518_488993307,-0.16262771
20241107_094518_735474082,-0.38443932
20241107_094518_989353433,-0.3744969
20241107_094519_484086075,-0.19128527
20241107_094519_730398162,-0.19344674
20241107_094519_985559959,-0.08995017
20241107_094520_231489786,-0.1451781
20241107_094520_488316007,-0.23516823
20241107_094520_736981852,-0.17895429
20241107_094520_985954309,-0.19036378
20241107_094521_231344576,-0.1854672
20241107_094521_485413918,-0.2503189
20241107_094521_735670946,-0.1125507
20241107_094521_980250868,-0.21278097
20241107_094522_230911572,-0.14832823
20241107_094522_486832813,-0.15542431
20241107_094522_994295663,0.004772464
20241107_094523_240800533,0.092022635
20241107_094523_490720107,0.13886042
20241107_094523_735985738,0.28517023
20241107_094523_989001081,0.005824903
20241107_094524_232698808,-0.034397446
20241107_094524_495583787,0.06420077
20241107_094524_746126240,0.040207125
20241107_094524_996300405,0.03573496
20241107_094525_236118135,0.10428537
20241107_094525_485943291,0.117134936
20241107_094526_737841885,0.012975434
20241107_094527_237775024,0.075940885
20241107_094527_490094679,-0.010610243
20241107_094527_738213001,-0.02515166
20241107_094527_982778609,-0.018781325
20241107_094528_229718950,-0.026625386
20241107_094528_487464325,-0.10838353
20241107_094528_734128992,-0.07501825
20241107_094528_992113125,0.721769
20241107_094529_246237166,-0.5530361
20241107_094529_525673359,0.4504823
20241107_094529_756042508,0.326024
20241107_094530_003646897,0.13358076
20241107_094530_239880787,0.123827375
20241107_094530_497649525,0.09867627
20241107_094530_743347176,0.0801001
20241107_094530_991938331,0.18529288
20241107_094531_239263942,0.5200565
20241107_094531_486352796,1.1271412
20241107_094531_732910078,0.66477054
20241107_094531_987912760,0.75811183
20241107_094532_229487977,0.33237433
20241107_094532_735724080,0.18419181
20241107_094532_982743976,0.24845453
20241107_094533_236399731,0.3186388
20241107_094533_489028557,0.18903531
20241107_094534_483658482,0.22673471
20241107_094534_733094124,0.19457798
20241107_094534_988522604,0.15552486
20241107_094535_481239383,0.13049664
20241107_094536_230436898,0.062231936
20241107_094536_487029676,-0.049649052
20241107_094536_736876353,-0.02058353
20241107_094536_989541700,-0.18963896
20241107_094537_238196867,-0.24242957
20241107_094537_495711973,-0.05546733
20241107_094538_238845452,-0.06679075
20241107_094538_495671258,-0.42454663
20241107_094538_733679664,-0.2426513
20241107_094538_989170439,-0.6301537
20241107_094539_233058901,-0.41776156
20241107_094539_486308185,-0.31848907
20241107_094540_483690687,-0.4084197
20241107_094540_741599851,-0.57696027
20241107_094541_001682912,-2.4235713
20241107_094541_239511874,0.15786426
20241107_094541_488979013,0.037954487
20241107_094541_734271760,0.08957092
20241107_094541_987586655,0.14570394
20241107_094542_229266865,0.09719715
20241107_094542_484991228,0.24312253
20241107_094542_735047902,0.42484865
20241107_094542_980744485,0.26125115
20241107_094543_227564732,0.23389007
20241107_094543_479318419,-0.04310476
20241107_094543_740183009,-0.04233893
20241107_094543_992853240,0.033427395
20241107_094545_237727243,0.046287842
20241107_094545_735949695,0.07437784
20241107_094546_497644478,0.081819214
20241107_094546_754896021,-0.24424906
20241107_094547_008064729,-0.122707
20241107_094547_244970854,-0.11983874
20241107_094547_491163137,-0.14400087
20241107_094547_744724543,-0.14807232
20241107_094548_745191137,-0.12841691
20241107_094548_989826908,-0.1670623
20241107_094549_231327615,-0.17600553
20241107_094549_479292629,-0.16406105
20241107_094549_731432297,-0.1769747
20241107_094550_008835506,-0.29674995
20241107_094550_246645401,-0.24016295
20241107_094550_505765757,-0.30032787
20241107_094551_232892316,-0.29293075
20241107_094551_493378947,-0.27848464
20241107_094551_740954907,-0.24329413
20241107_094551_990559855,-0.24214365
20241107_094552_232876643,-0.18736781
20241107_094553_229295685,-0.26948258
20241107_094553_481531835,-0.22537042
20241107_094554_743779263,-0.24632423
20241107_094554_986966342,-0.22681434
20241107_094555_232405177,-0.21941422
20241107_094555_484557813,-0.17405201
20241107_094555_732227160,-0.15588392
20241107_094555_984364844,-0.11133244
20241107_094556_238942310,0.027055303
20241107_094556_488772869,-0.06510278
20241107_094556_732909569,-0.82226795
20241107_094556_994751218,-0.24147351
20241107_094557_231777564,-0.24418248
20241107_094557_484642167,-0.3290988
20241107_094557_734966359,-0.43008652
20241107_094557_984683271,-0.7734913
20241107_094558_231230441,-0.2672875
20241107_094558_491746464,-0.39401016
20241107_094558_746846459,-0.21275555
20241107_094558_992789363,-0.13750574
20241107_094559_242552744,-0.17047645
20241107_094559_491156829,-0.16886564
20241107_094559_745866801,-1.6359235
20241107_094559_993273990,-0.5581934
20241107_094600_236803355,-0.63542384
20241107_094600_490788362,0.44153872
20241107_094600_739635582,0.21617113
20241107_094600_996170989,0.2885827
20241107_094601_243662059,0.19616137
20241107_094601_498413686,0.2428206
20241107_094601_751922055,0.3671986
20241107_094602_007399047,0.3605353
20241107_094602_240240985,0.41522506
20241107_094602_496439375,0.3571463
20241107_094602_738135712,1.4862767
20241107_094602_994088811,0.16571803
20241107_094603_245939096,-0.075085536
20241107_094603_502988672,-0.38087884
20241107_094603_737088856,-0.7188026
20241107_094603_989593933,-0.96991056
20241107_094604_241432186,0.59021276
20241107_094604_496704867,0.9611522
20241107_094604_748816499,0.14774026
20241107_094604_995791534,0.14391445
20241107_094605_234937645,-0.08934315
20241107_094605_488808123,0.089897014
20241107_094605_730927799,0.799236
20241107_094605_983927992,0.3005129
20241107_094606_227611625,0.361902
20241107_094606_479487435,0.39587995
20241107_094606_732647234,0.15681084
20241107_094606_990073835,-0.15573923
20241107_094607_233795439,-0.06548192
20241107_094607_738217079,0.20822805
20241107_094608_000591759,-0.6944903
20241107_094608_241564754,-0.01616829
20241107_094608_492295693,-0.07704132
20241107_094608_738949532,-0.1662847
20241107_094608_998817465,-0.07412001
20241107_094609_239703825,-0.059709184
20241107_094609_494588685,-0.0711908
20241107_094609_989746295,-0.048319153
20241107_094610_234365516,-1.6398861
20241107_094610_489055545,0.8215149
20241107_094610_739955997,1.3942316
20241107_094610_993266003,-0.3682588
20241107_094611_237255419,-0.21624817
20241107_094611_484483879,-0.19454943
20241107_094611_730990276,-0.5446071
20241107_094611_988957627,-0.32706544
20241107_094612_234051944,-0.61949235
20241107_094612_486250729,-0.46596718
20241107_094612_734672402,-0.4101077
20241107_094612_995949053,-0.14095962
20241107_094613_235628733,-0.13010909
20241107_094613_988108320,-0.16715904
20241107_094614_232307748,0.37531412
20241107_094614_486752275,0.06590126
20241107_094614_739579030,0.048885763
20241107_094614_995603812,0.05185727
20241107_094615_231368679,0.016324023
20241107_094615_478019524,0.09006963
20241107_094615_725973961,0.058052935
20241107_094615_980584380,0.060519673
20241107_094616_226090037,0.042473353
20241107_094616_481143778,0.092275776
20241107_094616_733418543,0.09185354
20241107_094616_987343938,0.065977015
20241107_094617_232366038,0.05619929
20241107_094617_482651884,0.029221514
20241107_094617_732073446,0.018238226
20241107_094617_986521569,0.05054281
20241107_094618_229339702,0.04089109
20241107_094618_477573605,0.033065952
20241107_094618_726613422,-0.05656209
20241107_094618_979039628,0.028887728
20241107_094619_230500689,-0.24957253
20241107_094619_489210715,-0.42769113
20241107_094619_733137716,-0.20213915
20241107_094619_988096223,-0.1861877
20241107_094620_485694644,-0.20002495
20241107_094620_977818014,-0.15428369
20241107_094621_480960841,-0.22651209
20241107_094621_729707666,0.55356646
20241107_094621_982741056,0.06547417
20241107_094622_233875565,0.13053784
20241107_094622_487646858,-0.4700769
20241107_094622_736871003,-0.017780868
20241107_094622_992782752,-0.018504139
20241107_094623_234821004,-0.006756386
20241107_094623_485849381,-0.079500996
20241107_094623_733352199,0.007875482
20241107_094624_225604796,0.10448677
20241107_094624_477382265,0.043871738
20241107_094624_734875282,0.018885234
20241107_094624_984199315,0.022090236
20241107_094625_479348884,-0.032660566
20241107_094625_729585415,0.006617287
20241107_094625_978837908,-0.22302954
20241107_094626_230250878,-0.23424806
20241107_094626_478537090,-0.10796454
20241107_094626_733229525,0.12555206
20241107_094626_993725872,0.1326255
20241107_094627_245124176,-0.44469893
20241107_094627_505158478,0.6881224
20241107_094627_769565096,0.0051581766
20241107_094628_010424475,-0.0281324
20241107_094628_245772667,0.39571488
20241107_094628_512276378,0.32394063
20241107_094628_759527190,0.29626444
20241107_094628_996908048,0.34438848
20241107_094629_242638611,0.2983035
20241107_094629_502804497,0.2717459
20241107_094630_232633021,0.2824152
20241107_094630_482594375,0.14799406
20241107_094630_730251329,0.23779164
20241107_094630_984531579,0.19933732
20241107_094631_230064612,0.19085343
20241107_094631_482701879,0.20239533
20241107_094631_736201998,1.476004
20241107_094631_978837161,-0.6505641
20241107_094632_233276259,-0.4616035
20241107_094632_481464006,-0.7691052
20241107_094632_725215642,-0.5539709
20241107_094632_982236563,0.7351692
20241107_094633_229590520,1.209708
20241107_094633_482815729,-0.78892845
20241107_094633_727444094,-0.1598907
20241107_094633_978243285,-0.21828161
20241107_094634_225334290,-0.5448582
20241107_094634_479562225,-0.45606983
20241107_094634_730348854,-0.24230702
20241107_094634_999134227,0.45853367
20241107_094635_228998155,0.88272417
20241107_094635_483715307,0.43512633
20241107_094635_730058118,0.009126345
20241107_094635_982411127,0.05461756
20241107_094636_229942134,0.020402411
20241107_094636_483123723,0.7957911
20241107_094636_729616814,0.053706087
20241107_094636_986289267,0.020773033
20241107_094637_480596924,0.637152
20241107_094637_725867080,0.6701594
20241107_094637_979107285,-0.4231422
20241107_094638_225207327,-0.28839144
20241107_094638_483618055,-0.1558357
20241107_094638_981838626,-0.2258576
20241107_094639_229342275,-0.023973575
20241107_094639_480627800,-0.26944923
20241107_094639_984237355,-0.12519984
20241107_094640_230600256,-0.10272386
20241107_094640_481934604,-0.19881488
20241107_094640_728972819,-0.22281553
20241107_094641_231334541,-0.32290003
20241107_094641_482203035,-0.37080553
20241107_094641_734798578,-0.46367937
20241107_094641_986128706,-0.2976511
20241107_094642_231621721,-0.36525753
20241107_094642_479352354,-0.058965467
20241107_094642_736192377,-0.08493026
20241107_094642_990702938,-0.023565164
20241107_094643_233154116,-0.15108837
20241107_094643_486871244,-0.2063364
20241107_094643_730363128,-0.2936787
20241107_094643_979506084,-0.28857684
20241107_094644_224849587,-0.33311844
20241107_094644_482085130,-0.3009499
20241107_094644_732394247,-0.44733918
20241107_094645_483923505,-0.5343357
20241107_094645_987971656,-0.54435664
20241107_094646_233639322,-1.7653378
20241107_094646_488568738,-0.30507734
20241107_094646_735986105,-0.22052474
20241107_094647_482732459,-0.19749309
20241107_094647_976902435,-0.16433509
20241107_094648_223129946,-0.29854947
20241107_094648_729044373,-0.29988423
20241107_094648_986417542,-0.27543482
20241107_094649_237986681,-0.19829144
20241107_094649_483851082,-0.07165956
20241107_094650_481966567,-0.19485377
20241107_094650_729490052,-0.26625767
20241107_094650_979821353,-0.35032305
20241107_094651_492534896,-0.31989238
20241107_094651_732841141,-0.31786594
20241107_094651_980093992,-0.25456995
20241107_094652_479255426,-0.20390816
20241107_094652_728520867,0.13606463
20241107_094652_983186481,0.093441226
20241107_094653_484152548,0.093004085
20241107_094653_727234269,-0.01938673
20241107_094653_982735168,0.031143704
20241107_094654_231173782,-0.34511045
20241107_094654_487601966,-0.30759558
20241107_094654_984041891,-0.34394342
20241107_094655_483748356,-1.091764
20241107_094655_728522510,-1.2442027
20241107_094655_984526813,-0.11179642
20241107_094656_226450075,-0.1561252
20241107_094656_477211210,-0.072822176
20241107_094656_976956582,-0.058296554
20241107_094657_229449434,-0.14328595
20241107_094657_483599715,-0.04130914
20241107_094657_727820192,0.14940752
20241107_094657_982512154,0.10023991
20241107_094658_482442877,-0.02617546
20241107_094658_728654215,0.056055136
20241107_094659_243761269,-0.0040948894
20241107_094659_487126833,-0.07200717
20241107_094659_726487678,0.06539107
20241107_094659_980438740,-0.026191851
20241107_094700_231362135,0.11696724
20241107_094700_478761111,0.28683466
20241107_094700_732699700,0.11698628
20241107_094700_986853206,0.19160427
20241107_094701_239929048,0.11219076
20241107_094701_488453397,0.13624771
20241107_094701_734808940,-0.37286285
20241107_094701_990788079,0.0812406
20241107_094702_235198871,0.09955416
20241107_094702_490513816,-0.33360043
20241107_094702_733053744,-0.14070989
20241107_094702_990114564,0.09027205
20241107_094703_237885161,0.6905891
20241107_094703_489511343,1.1556357
20241107_094703_744396263,1.0154616
20241107_094703_989830041,1.2156267
20241107_094704_227670582,0.24066477
20241107_094704_480351380,0.2614038
20241107_094704_725925892,0.5186421
20241107_094705_728568682,0.67703164
20241107_094705_978078456,0.76022
20241107_094706_734786515,0.28442997
20241107_094706_987807867,0.5760368
20241107_094707_235068551,1.1001959
20241107_094707_482955004,0.6040249
20241107_094707_727638285,0.30258697
20241107_094708_225564041,0.293431
20241107_094708_477618318,0.36349282
20241107_094708_728584737,0.5005567
20241107_094708_978484444,0.26973334
20241107_094709_229903140,0.40292877
20241107_094709_476534458,0.26975697
20241107_094709_727833147,0.57596844
20241107_094709_973950846,0.4423926
20241107_094710_223921933,0.58593905
20241107_094710_475640733,0.25074163
20241107_094710_723931933,0.01344041
20241107_094710_976293403,0.018599221
20241107_094711_473527033,0.0051457677
20241107_094711_724050907,-0.0127941575
20241107_094711_979070786,0.068461634
20241107_094714_228147564,0.09254528
20241107_094714_476921899,0.2035522
20241107_094714_981671974,0.11529193
20241107_094715_229102992,0.15324752
20241107_094715_479715757,0.132701
20241107_094716_231019378,0.6892927
20241107_094716_979840862,2.0647259
20241107_094717_225340896,2.304097
20241107_094717_480261254,0.6480031
20241107_094717_731953019,-0.8393029
20241107_094717_990070330,-0.16003777
20241107_094718_234744932,-0.5178232
20241107_094718_480681518,-0.3584207
20241107_094718_725667784,-0.18778183
20241107_094718_980917110,-0.113244444
20241107_094719_233886198,-0.015329932
20241107_094719_485955017,0.16935837
20241107_094719_732531942,-0.019418439
20241107_094719_982479183,-0.40523994
20241107_094720_230056447,0.12823276
20241107_094720_482622825,0.76669085
20241107_094720_731582321,0.5341821
20241107_094720_979756116,0.39216354
20241107_094721_231355898,0.19908667
20241107_094721_482659820,-0.5613621
20241107_094721_736423870,-0.33584625
20241107_094721_989619660,-0.29251257
20241107_094722_234593571,-0.38458332
20241107_094722_481059286,-0.2616225
20241107_094723_230755889,-0.061835192
20241107_094723_479165069,-0.13375835
20241107_094723_723760357,-0.12210327
20241107_094723_975358019,-0.12930985
20241107_094724_223603477,0.06445857
20241107_094724_475324091,0.10235118
20241107_094724_723257416,-0.03128209
20241107_094724_973141059,0.017602542
20241107_094725_224487530,-0.0029953327
20241107_094725_477878313,-0.7398587
20241107_094725_728507586,-1.7114922
20241107_094725_977425893,-0.54357
20241107_094726_227652496,0.47413197
20241107_094726_480002823,0.29394683
20241107_094726_731400437,0.52960944
20241107_094726_979231938,0.17513141
20241107_094727_234117176,0.18503956
20241107_094727_484023507,0.23973404
20241107_094727_733082839,0.314253
20241107_094728_487725566,0.24031024
20241107_094728_740834764,1.7068633
20241107_094728_983613953,-0.09668555
20241107_094729_230784438,-0.05234649
20241107_094729_500696023,-0.0005238559
20241107_094729_973350218,-0.086663626
20241107_094730_474668790,-0.13742311
20241107_094730_722937905,0.08492767
20241107_094730_977963824,-0.1675434
20241107_094731_225101057,-0.032932304
20241107_094731_480017253,-0.009655669
20241107_094731_735251719,-0.022732398
20241107_094731_980819262,-0.11446675
20241107_094732_231449251,0.2814392
20241107_094732_479734947,0.025431642
20241107_094732_724506327,0.07122466
20241107_094732_982947476,-0.30292124
20241107_094733_227508302,-0.30976796
20241107_094733_480290699,-0.19008581
20241107_094733_732632735,-0.0527974
20241107_094733_983870701,-0.16868514
20241107_094734_231006314,-0.15484686
20241107_094734_481921627,-0.08718219
20241107_094734_736770185,-0.1448623
20241107_094734_983122383,-0.106170274
20241107_094735_229038979,-0.071938835
20241107_094735_474587853,0.19623248
20241107_094735_727002676,0.031963833
20241107_094735_975656239,0.14310214
20241107_094736_224269510,-0.2286488
20241107_094736_481307797,-0.4491916
20241107_094736_735236779,-0.44940427
20241107_094736_993185841,-0.43679065
20241107_094737_246759168,-0.6212196
20241107_094737_488283861,-0.77318054
20241107_094737_733106422,0.3734136
20241107_094737_981329766,0.40414524
20241107_094738_479171949,0.9791196
20241107_094738_726170417,0.00625805
20241107_094738_980800719,0.8009348
20241107_094739_229950161,0.2689788
20241107_094739_482262588,0.33028764
20241107_094739_732658491,0.22752063
20241107_094739_984458370,0.25588435
20241107_094740_224574828,0.29758766
20241107_094740_479122883,0.31899467
20241107_094740_977102744,0.3186668
20241107_094741_226603211,0.2988886
20241107_094741_479238901,1.0303319
20241107_094741_987668851,0.5366079
20241107_094742_229359284,0.03142351
20241107_094742_482386514,-1.2091573
20241107_094742_725606775,-0.69126064
20241107_094742_977709956,-0.45946825
20241107_094743_227814090,-0.62138563
20241107_094743_480664342,-0.45591882
20241107_094743_729132544,-0.32065704
20241107_094743_988907445,-0.37619153
20241107_094744_240892194,-0.2559432
20241107_094744_485885917,-0.017553655
20241107_094744_730577664,0.025066832
20241107_094744_983577065,-0.021571716
20241107_094745_237609047,-0.089056574
20241107_094745_483084834,-0.08941867
20241107_094746_231024510,-0.29383275
20241107_094746_482422185,-0.3091749
20241107_094746_729397779,-0.7421508
20241107_094746_984008456,-0.99050134
20241107_094747_235014273,0.8696317
20241107_094747_484914673,0.29373166
20241107_094747_734433956,1.821949
20241107_094748_001680155,-0.82771987
20241107_094748_252245356,-0.65443665
20241107_094748_497846214,-0.5435898
20241107_094748_754193429,-0.5764202
20241107_094748_995918014,-0.59364957
20241107_094749_235279825,-0.53861517
20241107_094749_492349596,-0.5027351
20241107_094749_732429549,-0.6039868
20241107_094749_983175359,-0.57685596
20241107_094750_224903772,-0.54849344
20241107_094750_475424281,-0.40811792
20241107_094750_734045645,-0.13684464
20241107_094750_987120763,-0.2269079
20241107_094751_235464603,-0.26355085
20241107_094751_480162240,0.30232248
20241107_094751_726083282,0.22556181
20241107_094751_980621470,0.14631064
20241107_094752_230656130,0.25453073
20241107_094752_479145154,0.24730916
20241107_094752_730414357,0.35022476
20241107_094753_012128851,2.20397
20241107_094753_239262952,-0.067679316
20241107_094753_496323953,0.24614166
20241107_094753_747163930,1.546545
20241107_094753_997823380,0.71668243
20241107_094754_237387326,-0.16426164
20241107_094754_483006159,0.030044118
20241107_094754_727887427,0.15428205
20241107_094754_980101217,-0.033718936
20241107_094755_224734356,0.048505343
20241107_094755_475771964,0.084016986
20241107_094755_729891671,-0.115674995
20241107_094755_979457359,-0.04918643
20241107_094756_225276896,-0.025359323
20241107_094756_476597540,0.20454387
20241107_094756_726407623,0.115537964
20241107_094756_978387670,-0.70695764
20241107_094757_232196252,0.8416588
20241107_094757_480847166,-0.25269464
20241107_094757_729782455,-0.5059948
20241107_094757_978406553,-0.1826859
20241107_094758_224120966,-0.47729945
20241107_094758_475988046,-0.41501448
20241107_094758_728388852,-0.09699359
20241107_094758_978309458,0.14278944
20241107_094759_233041469,0.2232119
20241107_094759_487838085,0.09797678
20241107_094759_732173371,0.095464565
20241107_094759_978289476,0.10846806
20241107_094800_482471249,0.22557892
20241107_094800_725489216,0.15020533
20241107_094800_977672016,0.098788895
20241107_094801_233958823,0.054442324
20241107_094801_492976899,-0.013611218
20241107_094801_744753384,0.2161811
20241107_094801_987971340,0.31516406
20241107_094802_234934112,0.40912622
20241107_094802_483619300,0.26140437
20241107_094802_736607002,0.29902837
20241107_094802_983870300,0.78506637
20241107_094803_226972374,0.27127525
20241107_094803_480685328,0.34788623
20241107_094803_985507227,0.27894893
20241107_094804_227939779,0.3164575
20241107_094804_477538277,0.2287545
20241107_094804_729913177,0.052359767
20241107_094804_979640254,-0.095144354
20241107_094805_978327261,-0.015864274
20241107_094806_225051444,0.013766
20241107_094806_477603670,0.013674894
20241107_094806_725835073,0.17927061
20241107_094806_979145484,-0.101584576
20241107_094807_230064772,-0.03880384
20241107_094807_477727356,-0.04129111
20241107_094807_729638460,-0.053466313
20241107_094808_222723228,-0.035254143
20241107_094808_972598447,0.010737637
20241107_094809_224232288,-0.10091304
20241107_094809_477081747,-0.100521944
20241107_094809_728077977,-0.06784915
20241107_094809_976146577,-0.060408406
20241107_094810_475954269,-0.112145446
20241107_094810_991105880,0.28569284
20241107_094811_232885317,0.47920498
20241107_094811_485656175,0.2474855
20241107_094811_736446006,0.2459295
20241107_094811_989587971,0.74459285
20241107_094812_232917004,0.3748813
20241107_094812_493058008,0.52942675
20241107_094812_733724542,0.36015594
20241107_094812_981130828,0.2914276
20241107_094813_229934988,0.26586628
20241107_094813_483866971,0.49833187
20241107_094813_734784496,0.5729518
20241107_094814_238032390,0.37936822
20241107_094814_486846134,0.019753644
20241107_094814_730997439,-0.23559195
20241107_094814_982936483,-0.2347187
20241107_094815_229309492,-0.10353526
20241107_094815_477187026,-0.05136635
20241107_094815_725634744,-0.100080304
20241107_094815_984239693,0.07184724
20241107_094816_234364228,0.20388104
20241107_094816_479739352,0.19094788
20241107_094816_726572555,0.16653459
20241107_094816_976694264,0.2784348
20241107_094817_229546016,0.13352571
20241107_094817_484007417,0.013922224
20241107_094817_738071240,-0.028226933
20241107_094817_985013691,-0.11172246
20241107_094818_232859303,0.37426183
20241107_094818_494328375,-0.05406847
20241107_094818_748330104,0.47954956
20241107_094819_004582957,0.46076772
20241107_094819_242694818,0.33407265
20241107_094819_490352614,0.3468155
20241107_094819_724993878,0.99432117
20241107_094819_978137035,0.43469205
20241107_094820_236171752,-0.68402094
20241107_094820_483716625,-0.33175004
20241107_094820_726430609,-0.623271
20241107_094820_977091244,-0.70487285
20241107_094821_226877756,0.60073924
20241107_094821_482497591,0.6676526
20241107_094821_734800456,0.39156806
20241107_094821_986563305,0.448545
20241107_094822_225195388,0.010819079
20241107_094822_478740999,-0.5110282
20241107_094822_724367731,-0.5118696
20241107_094822_974235612,-0.25764728
20241107_094823_229259295,0.040117025
20241107_094823_475502084,0.05379831
20241107_094823_725390907,-0.29839084
20241107_094823_976445832,-0.20875014
20241107_094824_228879968,-0.42777926
20241107_094824_482256841,-0.20086193
20241107_094824_728383541,-0.14819562
20241107_094825_224562152,-0.2062442
20241107_094825_733245732,-0.023136502
20241107_094825_989193453,-0.040958785
20241107_094826_744578842,-0.15913929
20241107_094827_000897200,-0.2978377
20241107_094827_234037217,-0.3009189
20241107_094827_481439241,-1.7061862
20241107_094827_726454883,0.12985449
20241107_094827_981878000,0.8673107
20241107_094828_230246917,-0.025537616
20241107_094828_478513701,0.124134116
20241107_094828_726539494,0.06328148
20241107_094828_977518263,0.04185135
20241107_094829_488812662,0.016478488
20241107_094829_720542364,0.19333032
20241107_094829_978851895,-0.41282687
20241107_094830_224641552,-0.009898951
20241107_094830_474689525,0.05162766
20241107_094830_720946109,-0.14269711
20241107_094830_973355817,-0.396505
20241107_094831_220989007,-0.77424115
20241107_094831_472877652,-0.7049981
20241107_094831_723931978,-0.25261867
20241107_094831_980104007,-0.1739485
20241107_094832_228983514,0.042482093
20241107_094832_480885424,0.35791487
20241107_094832_730557710,0.33223027
20241107_094832_980873727,0.26820004
20241107_094833_737892853,-0.028914204
20241107_094833_979599058,0.10099443
20241107_094834_228845711,0.10202218
20241107_094834_977699410,0.10753561
20241107_094835_226410079,-0.24980247
20241107_094835_475718285,-0.19143
20241107_094835_728896490,-0.23200412
20241107_094835_976725942,-0.8243254
20241107_094836_223152073,-0.2800493
20241107_094836_473169988,-0.26014876
20241107_094836_722042395,-0.18242264
20241107_094836_974801966,-0.26167437
20241107_094837_224646504,-1.5002688
20241107_094837_473022213,-0.061221562
20241107_094837_724600262,-1.1076609
20241107_094837_976588835,-0.3506126
20241107_094838_478993633,-0.7133829
20241107_094838_974892365,-0.566881
20241107_094839_226350848,-0.4573588
20241107_094839_478856349,-0.5042999
20241107_094839_729730228,-0.54239327
20241107_094839_989217313,-0.77816325
20241107_094840_483928807,-0.43723622
20241107_094840_981327597,-0.5224315
20241107_094841_474378892,-0.7858529
20241107_094841_976804845,-0.49526253
20241107_094842_226384486,-0.5324921
20241107_094842_479682401,-0.51089054
20241107_094842_725728003,-0.93822056
20241107_094842_976975430,-0.58222556
20241107_094843_475489278,-0.98017883
20241107_094843_978570986,-0.4997423
20241107_094844_979146459,-0.572887
20241107_094845_231407027,-0.60282534
20241107_094845_480305387,-0.60182714
20241107_094846_227042857,-0.5825134
20241107_094846_476637963,-0.25037763
20241107_094846_724510969,-0.030787038
20241107_094846_974211732,0.34058076
20241107_094847_223545048,0.25234526
20241107_094847_474572864,0.008882726
20241107_094847_722867877,0.062278904
20241107_094848_725167870,0.20074455
20241107_094848_981036380,-0.05046945
20241107_094849_233519542,0.040534504
20241107_094849_475127679,0.21360762
20241107_094849_721285823,0.11725552
20241107_094849_971744248,0.44579232
20241107_094850_224209861,0.32623756
20241107_094850_476759984,0.17146717
20241107_094850_726120426,0.25107977
20241107_094850_988095386,0.15971862
20241107_094851_236584763,0.17630722
20241107_094851_488849093,0.2239906
20241107_094851_730016444,0.15014543
20241107_094851_985086566,0.15284573
20241107_094852_728632044,-0.07200601
20241107_094852_984818558,0.08084125
20241107_094853_239670069,0.26514232
20241107_094853_499513953,0.34398288
20241107_094853_740243353,0.11116866
20241107_094853_985739013,0.14968224
20241107_094854_226764760,-0.22661142
20241107_094854_479146105,-0.16101106
20241107_094854_733025411,-0.0066115465
20241107_094854_977669680,0.056310035
20241107_094855_477244249,0.048386343
20241107_094855_982729775,0.08844248
20241107_094856_231799831,1.1029173
20241107_094856_485859796,-0.37791792
20241107_094856_730517133,-0.2583126
20241107_094856_989200376,-0.24017122
20241107_094857_230481441,0.0042108987
20241107_094857_483486344,0.2227469
20241107_094857_732289495,0.35993588
20241107_094857_983794968,0.19411547
20241107_094858_228067893,0.03773684
20241107_094859_230765489,0.04331083
20241107_094859_489855614,-0.25897175
20241107_094859_734165539,-0.19028749
20241107_094859_984819321,-0.07208835
20241107_094900_230495857,-0.09541931
20241107_094900_483014269,0.018612692
20241107_094900_976716101,-0.052912854
20241107_094901_229573226,-0.08011528
20241107_094901_478360484,-0.028789332
20241107_094901_724047009,0.054858007
20241107_094901_979509926,0.21372171
20241107_094902_235140453,0.20047332
20241107_094902_492852732,0.09627322
20241107_094902_732876328,0.03602753
20241107_094902_979858349,0.06947807
20241107_094903_229023742,0.112081386
20241107_094903_486106429,0.17667823
20241107_094903_736021044,0.14786239
20241107_094903_984096612,0.07777063
20241107_094904_229247116,0.06491468
20241107_094904_726712723,-0.017942151
20241107_094904_986924653,-1.0488201
20241107_094905_230706573,-0.3697835
20241107_094905_977505918,-0.41324595
20241107_094906_228608583,-0.16084732
20241107_094906_478305585,-0.20611794
20241107_094906_980312221,-0.19252275
20241107_094907_227055353,-0.31178817
20241107_094907_732482524,-0.24394938
20241107_094907_982558636,-0.17221503
20241107_094908_225635817,-0.16102974
20241107_094908_477469856,-0.38181883
20241107_094908_729212429,-0.20374702
20241107_094909_234338688,-0.18186013
20241107_094909_481581410,-0.18177326
20241107_094909_726919338,-0.17870991
20241107_094909_977709214,-0.24858795
20241107_094910_224287555,-0.23626834
20241107_094910_477992782,-0.32123697
20241107_094910_975456109,-0.22552441
20241107_094911_221768168,-0.21535484
20241107_094911_478422054,-0.19095929
20241107_094911_729452194,-0.29576626
20241107_094912_984288515,-0.18587242
20241107_094913_234523222,-0.1545179
20241107_094913_486559455,-0.28389814
20241107_094913_735229944,0.5469907
20241107_094913_991685417,0.5619807
20241107_094914_244316076,0.34747162
20241107_094914_497177557,0.14623947
20241107_094914_742079049,0.019938538
20241107_094914_993110856,0.10681281
20241107_094915_483841730,0.21030214
20241107_094915_731277489,0.2598978
20241107_094915_979035331,0.24674477
20241107_094916_233555611,0.26088053
20241107_094916_489308527,0.59620404
20241107_094916_736982342,0.74457747
20241107_094916_988936566,1.1382506
20241107_094917_228881350,0.7550315
20241107_094917_480103713,-0.66745156
20241107_094917_729183638,-0.4699173
20241107_094917_980219690,0.1295719
20241107_094918_226043830,-0.5781842
20241107_094918_476902681,-0.30889064
20241107_094918_732508231,-0.16191427
20241107_094918_983878165,-0.19572146
20241107_094919_480363382,-0.21532018
20241107_094920_225872621,-0.21747036
20241107_094920_973942155,-0.17539673
20241107_094921_221477866,-0.27040508
20241107_094921_471837328,-0.22674285
20241107_094921_974903085,-0.16170618
20241107_094922_478206703,-0.24006553
20241107_094922_723032064,-0.26542196
20241107_094922_973565380,-0.2419009
20241107_094923_226037787,-0.20068206
20241107_094923_474797111,-0.13560139
20241107_094923_720607133,-0.19258584
20241107_094923_973147282,-0.20364265
20241107_094924_222769493,-0.5310309
20241107_094924_480083497,-0.6770398
20241107_094924_723830565,-0.17158099
20241107_094924_977390198,0.73117673
20241107_094925_224538332,0.4659646
20241107_094925_474848167,0.26449406
20241107_094925_731768522,0.27089703
20241107_094925_981572015,0.32997948
20241107_094926_229653314,0.4768724
20241107_094926_478706212,0.3413252
20241107_094926_725876644,0.30434224
20241107_094926_977441943,0.22428642
20241107_094927_223331111,0.24506797
20241107_094927_470876098,0.275734
20241107_094927_721013142,0.9134717
20241107_094927_975644874,0.8280187
20241107_094928_232377268,0.89833903
20241107_094928_482774333,0.6796613
20241107_094928_732248094,-0.7251789
20241107_094928_978680146,-1.3991958
20241107_094929_224530268,0.5353469
20241107_094929_490240811,0.3473914
20241107_094929_725187885,-0.2503564
20241107_094929_977396936,-1.0769106
20241107_094930_225339817,0.14466654
20241107_094930_482702186,-0.45788643
20241107_094930_735340332,0.089777514
20241107_094930_984483975,0.4300862
20241107_094931_228742218,0.4720503
20241107_094931_478386798,0.53572166
20241107_094932_224493580,0.5913461
20241107_094932_724011043,1.0005424
20241107_094932_976954374,-0.7421476
20241107_094933_225600730,-1.1013666
20241107_094933_483106342,-0.72950596
20241107_094933_724557680,-0.51981956
20241107_094933_974610407,-0.60592186
20241107_094934_227016841,-0.6605482
20241107_094934_475264460,-0.73253185
20241107_094934_722803096,-0.67119944
20241107_094934_974585890,-0.60552216
20241107_094935_222470763,-0.4887225
20241107_094935_472077618,-0.35615838
20241107_094935_718497051,-0.6682934
20241107_094935_975811331,-0.5695985
20241107_094936_224182865,-0.89417464
20241107_094936_474417728,-0.10435017
20241107_094936_723707565,0.5756474
20241107_094936_977503928,0.22156172
20241107_094937_723680129,0.32095036
20241107_094937_974276387,0.38878286
20241107_094938_223660916,0.22961782
20241107_094938_476265223,0.43638223
20241107_094938_721594607,0.4047961
20241107_094939_219690507,0.42232186
20241107_094939_471352238,0.39217243
20241107_094939_721030561,0.6395312
20241107_094939_971594238,0.47721484
20241107_094940_473775337,0.3512855
20241107_094940_725403635,0.18456464
20241107_094940_977499864,0.14102729
20241107_094941_226687660,0.20591201
20241107_094941_974162973,0.22914009
20241107_094942_222940441,0.45022088
20241107_094942_472083397,0.332112
20241107_094942_723962805,0.20125042
20241107_094942_972104517,0.09223185
20241107_094943_220048196,0.046290286
20241107_094943_471372180,0.5648167
20241107_094943_719898393,0.95646316
20241107_094944_222724056,1.0028778
20241107_094944_479988220,1.2484548
20241107_094944_724448324,0.84685695
20241107_094944_974766720,0.6959393
20241107_094945_228896529,0.6505682
20241107_094945_486063359,0.73700434
20241107_094945_976756745,0.8215988
20241107_094946_225390533,0.78181237
20241107_094946_723799722,0.77634084
20241107_094948_223114044,0.78651774
20241107_094948_472530705,0.4579482
20241107_094948_980628005,0.75211847
20241107_094950_225760633,0.075352885
20241107_094950_481982624,-0.055176698
20241107_094950_730979486,0.11495612
20241107_094950_981557075,0.19084677
20241107_094951_225993423,0.3073941
20241107_094951_476336793,0.31884372
20241107_094951_725344484,0.262955
20241107_094952_223369840,-0.16634811
20241107_094952_482049001,-0.28227907
20241107_094952_733307678,-0.1301756
20241107_094953_487991643,-0.27338985
20241107_094953_734327644,-0.21960364
20241107_094953_979881453,-0.104072206
20241107_094954_222578362,-0.07782935
20241107_094954_479181369,-0.8071871
20241107_094954_727323535,-0.26525027
20241107_094955_225655521,-0.27715454
20241107_094955_477923261,-0.26447275
20241107_094955_728324733,-0.26456508
20241107_094955_985926830,-0.2490956
20241107_094956_236255037,-0.24070023
20241107_094956_480737263,-0.22799568
20241107_094956_727531641,-0.22556807
20241107_094956_979971157,-0.20881866
20241107_094957_223056376,-0.18347828
20241107_094957_475257661,-0.08801643
20241107_094957_725723086,-0.17959394
20241107_094957_978917507,-0.17223574
20241107_094958_230599955,-0.28812942
20241107_094958_486427318,-0.13528006
20241107_094958_738492764,-0.26354188
20241107_094958_983887039,-0.14324026
20241107_094959_233518284,-0.07700692
20241107_094959_486016600,0.011378864
20241107_094959_731148863,0.011460302
20241107_094959_980359734,0.023898842
20241107_095000_231054788,0.012839297
20241107_095000_494218997,-0.00047572516
20241107_095000_739591310,0.025252076
20241107_095000_991934167,-0.03130458
20241107_095001_238921391,-0.1695518
20241107_095001_491186923,-0.42904574
20241107_095001_738637819,-0.049664345
20241107_095001_997813017,0.08721166
20241107_095002_247008680,0.20848449
20241107_095002_513673960,0.16421139
20241107_095002_758156355,0.08678178
20241107_095003_007171860,0.07946519
20241107_095003_255481701,0.08207638
20241107_095003_498338652,0.10022379
20241107_095004_000659958,0.06720442
20241107_095004_238712790,0.07108415
20241107_095004_492739851,0.041546322
20241107_095004_742657239,0.16146271
20241107_095005_256105845,0.16488545
20241107_095005_496909871,-0.07258963
20241107_095005_737425203,-0.26865292
20241107_095005_991091814,-0.118602104
20241107_095006_237395085,-0.35848176
20241107_095006_506651182,0.40608302
20241107_095006_757676094,0.057009093
20241107_095007_005764049,0.24699058
20241107_095007_252849857,0.593966
20241107_095007_504509837,0.12519945
20241107_095007_742461332,-0.04298743
20241107_095007_988195975,-0.28769168
20241107_095008_239435917,-0.11093777
20241107_095008_501008695,-0.0020436551
20241107_095008_739809675,0.042942025
20241107_095008_987849164,0.2158839
20241107_095009_232421816,0.33714536
20241107_095009_490099889,0.3149541
20241107_095009_739968273,0.03837637
20241107_095009_987383933,-0.14042492
20241107_095010_496957055,0.11413952
20241107_095010_741329913,0.25270975
20241107_095010_999004735,-0.026554665
20241107_095011_238780692,0.12063096
20241107_095011_488079517,-0.005638173
20241107_095011_735245588,-0.034847014
20241107_095011_994409005,0.087565966
20241107_095012_237754044,0.13006324
20241107_095012_489200760,0.014650086
20241107_095012_732348538,-0.018889984
20241107_095012_982478192,0.045660593
20241107_095013_234854797,0.0218061
20241107_095013_486636148,-0.02631118
20241107_095013_732384763,0.093703575
20241107_095013_981485269,0.036429383
20241107_095014_231525829,0.0174372
20241107_095014_490451093,0.009715209
20241107_095014_989245274,0.017736653
20241107_095015_732056392,0.09121906
20241107_095015_986847351,0.063802846
20241107_095016_497528053,0.3131787
20241107_095016_741340533,1.3346366
20241107_095016_992472886,1.2489179
20241107_095017_239365544,1.7804906
20241107_095017_492429726,-0.53593403
20241107_095017_736839321,-0.44786415
20241107_095017_987531696,-0.24118115
20241107_095018_234224313,-0.12739284
20241107_095018_483698117,-0.19943024
20241107_095018_734115197,-0.39117655
20241107_095019_231555367,-0.5017063
20241107_095019_481101370,-0.3990943
20241107_095019_729465586,-0.42198464
20241107_095019_976499406,-0.4034097
20241107_095020_224417095,-0.47468263
20241107_095020_476728247,-0.3918451
20241107_095020_975021759,-0.21118976
20241107_095021_227799447,-0.31967402
20241107_095021_477099741,-0.24653287
20241107_095021_979164950,-0.34973535
20241107_095022_225755062,-0.34804735
20241107_095022_477295759,-0.22143479
20241107_095022_730161530,-0.38440654
20241107_095022_978382016,-0.33377698
20241107_095023_230012497,-0.30331022
20241107_095023_471767781,-0.32444432
20241107_095023_723454938,-0.2327909
20241107_095023_983548683,-0.25499943
20241107_095024_240584743,-0.13128959
20241107_095024_489037949,-0.23188798
20241107_095024_730949156,-0.2371922
20241107_095024_976223926,-0.25399607
20241107_095025_225381536,-0.22480862
20241107_095025_483841655,-0.22573714
20241107_095025_727322043,-0.23780142
20241107_095025_973517781,-0.2655804
20241107_095026_226569667,-0.2782771
20241107_095026_476525676,-0.6495218
20241107_095026_731663048,-0.3371843
20241107_095026_979798160,-0.35551062
20241107_095027_228943629,-0.3810951
20241107_095027_484066264,-0.578536
20241107_095027_752255279,-0.6606257
20241107_095027_993257290,-0.29118258
20241107_095028_483884764,-0.30508304
20241107_095028_731636201,0.4979634
20241107_095028_977880100,0.059296407
20241107_095029_232267728,-0.0033011045
20241107_095029_505231936,0.019861856
20241107_095029_737918121,0.013238231
20241107_095029_983016788,-0.044070028
20241107_095030_480995015,-0.017476639
20241107_095030_730245121,-0.0058985557
20241107_095030_982063881,0.03937433
20241107_095031_233665308,-0.002436122
20241107_095031_482001666,0.05713848
20241107_095031_727632141,0.25957683
20241107_095031_978294735,0.2870785
20241107_095032_226473274,0.16492529
20241107_095032_476717414,0.25758955
20241107_095032_723511198,0.1715997
20241107_095032_973513148,0.13887744
20241107_095033_224736685,0.15237783
20241107_095033_478946670,0.30655465
20241107_095033_726130267,0.21779604
20241107_095033_979252140,0.441354
20241107_095034_231942193,0.45861176
20241107_095034_478346047,0.33341062
20241107_095034_981884645,0.19485216
20241107_095035_231870308,0.0764802
20241107_095035_479319276,0.20223603
20241107_095035_975095714,0.21707587
20241107_095036_225639262,0.20277435
20241107_095036_475112487,0.19013494
20241107_095036_722882318,0.26417425
20241107_095036_977564712,0.5563921
20241107_095037_221373255,0.45284623
20241107_095037_472325242,0.43229243
20241107_095037_728300629,0.014117459
20241107_095037_976577034,0.16719241
20241107_095038_230904059,0.16038187
20241107_095038_475629652,0.12014077
20241107_095038_721137349,0.14172824
20241107_095038_973739550,0.13198827
20241107_095039_225847023,0.11458991
20241107_095039_474381970,0.10105396
20241107_095039_725504027,0.19163463
20241107_095039_976558707,0.083427675
20241107_095040_473034828,0.086506404
20241107_095040_723043392,-0.040278308
20241107_095040_976894936,-0.10260596
20241107_095041_227483043,-0.15963964
20241107_095041_483030379,-0.13631015
20241107_095041_733591198,-0.31708658
20241107_095042_238194753,-0.040708445
20241107_095042_484954983,-0.0039751325
20241107_095042_736671187,-0.093806945
20241107_095043_476389078,-0.046721004
20241107_095043_731517505,-0.042027764
20241107_095043_979609607,-0.03804221
20241107_095044_721419516,-0.109027795
20241107_095044_972030318,-0.06265303
20241107_095045_220553129,-0.12597264
20241107_095045_470960216,-0.079884015
20241107_095045_972495350,-0.010462554
20241107_095046_220629429,0.014064984
20241107_095046_721927341,-0.030591806
20241107_095047_222616963,-0.015891155
20241107_095047_471516961,-0.041158102
20241107_095047_719325385,-0.040019624
20241107_095049_220856379,-0.0111179855
20241107_095049_476975322,0.06318045
20241107_095050_480031700,-0.06823786
20241107_095050_723174902,-0.16048919
20241107_095050_973755435,-0.19328208
20241107_095051_224937326,-0.08003994
20241107_095051_481467573,-0.07943391
20241107_095051_729459251,-0.06002458
20241107_095052_222982540,-0.08811241
20241107_095052_475488749,-0.08842342
20241107_095052_721347394,-0.084782
20241107_095052_976486220,0.0039748717
20241107_095053_222202586,-0.011603823
20241107_095053_478191716,-0.043030553
20241107_095054_227243959,0.042348452
20241107_095054_477824962,0.15479073
20241107_095054_722803618,0.15603632
20241107_095055_227378823,0.21836734
20241107_095055_477476452,0.21481882
20241107_095055_980991384,-0.1874956
20241107_095056_237927477,-0.2735283
20241107_095056_488429634,-0.8341822
20241107_095056_744938734,-0.3228302
20241107_095057_000363328,-0.41169602
20241107_095057_244222266,0.23669307
20241107_095057_498709568,-0.3803152
20241107_095057_743324512,-0.17097427
20241107_095057_991501312,-0.56244105
20241107_095058_245502039,-0.72480285
20241107_095058_493957806,-1.3928068
20241107_095058_738799209,-1.2840527
20241107_095058_988922979,-2.2252197
20241107_095059_242517846,0.90037006
20241107_095059_498977061,0.09734968
20241107_095059_746142473,0.8763471
20241107_095059_999358222,0.20770699
20241107_095100_241184654,0.43048424
20241107_095100_490310988,0.18920748
20241107_095100_733675182,0.2890406
20241107_095100_988971050,1.1060236
20241107_095101_228111533,0.46618778
20241107_095101_484114746,0.7359758
20241107_095101_728603322,0.5695441
20241107_095101_981293319,0.47379038
20241107_095102_235115475,0.37167847
20241107_095102_498962433,0.62391007
20241107_095102_737630034,0.41504171
20241107_095102_982059676,0.3674371
20241107_095103_237269270,0.23502602
20241107_095103_494832528,-0.031577192
20241107_095103_736940035,-0.027512958
20241107_095103_983154920,0.018684665
20241107_095104_228427083,-0.3225836
20241107_095104_485868488,-0.123465054
20241107_095104_727806443,-0.070651434
20241107_095104_978978797,-0.09865876
20241107_095105_228121889,-0.24424239
20241107_095105_481096042,-0.33123532
20241107_095105_727401362,-0.29162705
20241107_095105_978601481,-0.088305436
20241107_095106_231225412,-0.12244832
20241107_095106_479006203,0.0043574516
20241107_095106_728141055,-0.14001067
20241107_095106_978467331,-0.1351666
20241107_095107_229410247,0.056852154
20241107_095107_488918866,0.4780021
20241107_095107_743173417,0.31077394
20241107_095107_992715137,-0.075903386
20241107_095108_245755351,0.55814457
20241107_095108_507238979,0.26715228
20241107_095108_752258903,-0.18367709
20241107_095108_992300823,-0.2593634
20241107_095109_233831118,-0.56178814
20241107_095109_481632282,-0.21189772
20241107_095109_731499444,-0.924951
20241107_095109_987185115,-0.21377188
20241107_095110_486446391,-0.71887803
20241107_095110_733050316,-0.71121395
20241107_095110_977938333,-1.4475738
20241107_095111_226434016,0.7058355
20241107_095111_488887392,-0.3830984
20241107_095111_728883060,-0.18442324
20241107_095111_984840861,-0.06158009
20241107_095112_235006075,-0.06329373
20241107_095112_727252566,-0.39002404
20241107_095112_989784634,-0.34215143
20241107_095113_227484459,-0.34719184
20241107_095113_490076196,-0.21430571
20241107_095113_744800068,-0.2609088
20241107_095113_983257610,-0.23421694
20241107_095114_729359086,0.023325304
20241107_095114_977775742,0.1831032
20241107_095115_222414689,0.16314748
20241107_095115_478047713,0.06353103
20241107_095115_721733837,0.041732244
20241107_095116_227789613,0.38398778
20241107_095116_475939078,-0.00026090257
20241107_095116_726002518,-0.090603374
20241107_095117_471670922,0.030255193
20241107_095117_975669126,0.11271524
20241107_095118_735298457,0.21677265
20241107_095118_986293309,-0.27096176
20241107_095119_231501069,-0.13396598
20241107_095119_724519771,-0.1669078
20241107_095119_986318703,-0.4967511
20241107_095120_227211760,-0.21669306
20241107_095120_472774569,0.36551252
20241107_095120_721747966,0.14154051
20241107_095120_981673153,-0.21678917
20241107_095121_233416209,-0.2087148
20241107_095121_489109205,0.24755941
20241107_095121_735656922,0.59405464
20241107_095121_981487461,0.6112749
20241107_095122_232098383,-0.27047646
20241107_095122_484853814,-0.06472289
20241107_095122_728458312,-0.7731486
20241107_095122_979186306,-1.2951406
20241107_095123_226855250,0.48489055
20241107_095123_476451438,0.64311385
20241107_095123_981584679,0.62493986
20241107_095124_225731936,0.6392985
20241107_095124_472820680,0.12492209
20241107_095124_725655219,-0.9148249
20241107_095124_979335286,-0.34834683
20241107_095125_233641798,-0.5703544
20241107_095125_485872029,-1.1836419
20241107_095125_737152365,-0.90414333
20241107_095125_984307844,-0.21640128
20241107_095126_234754625,-0.5124278
20241107_095126_484905506,-0.39208093
20241107_095126_730659600,-0.3383899
20241107_095126_978791983,-0.03986524
20241107_095127_228381132,0.26986295
20241107_095127_479205350,0.1381298
20241107_095127_979119900,0.032956935
20241107_095128_233075699,0.052121736
20241107_095128_478625808,0.36767173
20241107_095128_726004228,0.18448573
20241107_095128_981356078,0.71979207
20241107_095129_238578269,0.47705862
20241107_095129_739085095,0.46569142
20241107_095129_987726423,0.684683
20241107_095130_232559783,0.58928615
20241107_095130_497567647,0.3404442
20241107_095130_736647801,0.30529538
20241107_095130_997418201,0.24395327
20241107_095131_242095413,0.12726228
20241107_095131_988420576,0.2772738
20241107_095132_231894946,0.30219007
20241107_095132_724941174,0.27781388
20241107_095132_977938463,0.244496
20241107_095133_227676280,0.2914616
20241107_095133_485274503,0.1934096
20241107_095134_976345921,0.22335015
20241107_095135_227886582,-0.027166834
20241107_095135_474172776,-0.1949545
20241107_095135_720343726,0.0074710045
20241107_095136_227753436,-0.13647972
20241107_095136_480840855,-0.01846533
20241107_095136_728809298,0.053382255
20241107_095136_976327308,0.13492648
20241107_095137_477787990,0.036038198
20241107_095137_727753047,-0.0002604928
20241107_095137_980751976,0.00021401979
20241107_095138_225613661,-0.004169425
20241107_095138_477031677,0.039846845
20241107_095138_727645997,0.12918814
20241107_095138_975570319,0.5255592
20241107_095139_228681439,0.35781935
20241107_095139_975861413,0.11783854
20241107_095140_224233178,0.40537256
20241107_095141_225626190,0.27992216
20241107_095141_473048738,0.2742011
20241107_095141_720148600,0.25971386
20241107_095141_970546348,0.28108054
20241107_095142_221756291,0.25151083
20241107_095142_471518864,-0.25145394
20241107_095142_717837468,-0.7237408
20241107_095142_970065143,-0.98166704
20241107_095143_219796394,-0.76967734
20241107_095143_471220631,-0.20925768
20241107_095143_722038232,-0.6223138
20241107_095143_971592444,-0.41598073
20241107_095144_228305462,-0.30712464
20241107_095144_480235802,-0.4977748
20241107_095144_725287839,-0.82124656
20241107_095144_975712234,-0.65619075
20241107_095145_224402039,-0.61204004
20241107_095145_474888338,-0.6561813
20241107_095145_723589277,-0.88589245
20241107_095145_978106534,-0.70647323
20241107_095146_225504856,-0.38573954
20241107_095146_476094347,-0.5635726
20241107_095146_723457231,-0.6828581
20241107_095146_975153753,-0.2325963
20241107_095147_722966475,0.6942911
20241107_095147_977406919,0.5077252
20241107_095148_471937501,0.58176845
20241107_095148_719792053,0.52411044
20241107_095149_218538617,0.8275279
20241107_095149_469416297,0.5984586
20241107_095149_719519470,0.71650213
20241107_095150_482638850,0.4673519
20241107_095150_729633067,0.14703293
20241107_095150_983770514,0.21397416
20241107_095151_479571017,0.24212839
20241107_095151_723931393,0.46163872
20241107_095151_975863384,-0.09179642
20241107_095152_225140083,-0.0010823514
20241107_095152_483908341,0.003109673
20241107_095152_728071481,-0.5941981
20241107_095152_985505361,-1.8097438
20241107_095153_231089957,-1.6828641
20241107_095153_482991888,-0.0077766385
20241107_095153_729358530,-0.06537672
20241107_095153_981212208,-0.536367
20241107_095154_230871349,0.057316177
20241107_095154_479240418,0.14987601
20241107_095154_724899480,0.10080431
20241107_095154_977676220,0.052867852
20241107_095155_227009100,-0.029755238
20241107_095155_724357534,0.09906421
20241107_095156_225872464,-0.4230978
20241107_095156_475598969,-0.1235499
20241107_095156_722151333,-0.51974
20241107_095156_973683706,-0.5257352
20241107_095157_220742594,-0.93771976
20241107_095157_475499915,-0.244859
20241107_095157_722864805,1.0574292
20241107_095157_974592443,0.4942204
20241107_095158_221864152,0.46690696
20241107_095158_473804402,0.6530101
20241107_095158_722047355,0.6440266
20241107_095158_975810461,0.5844485
20241107_095159_226970372,0.56322277
20241107_095159_730233601,0.48645946
20241107_095159_978212536,0.664165
20241107_095200_230058192,-0.090573505
20241107_095200_492600313,0.09505776
20241107_095200_741090348,0.34845576
20241107_095200_991048110,-0.04332978
20241107_095201_230192528,-0.39813408
20241107_095201_476435159,-0.19646184
20241107_095201_725236990,-0.091169976
20241107_095201_975417952,0.54697526
20241107_095202_228394915,1.1470968
20241107_095202_479014653,-0.8152742
20241107_095202_730008623,-1.0518146
20241107_095202_982897318,-0.86392593
20241107_095203_242349555,-0.83296794
20241107_095203_492949018,-0.2929336
20241107_095203_733205065,-0.4117553
20241107_095204_479441116,-0.42991164
20241107_095204_724499430,-0.86396724
20241107_095204_979359149,-0.3915588
20241107_095205_227661921,0.61393857
20241107_095205_478157092,-0.27987263
20241107_095205_722745886,0.036739983
20241107_095205_971585393,0.12634026
20241107_095206_225997930,0.1315738
20241107_095206_728831487,0.08729201
20241107_095206_991880345,0.16732705
20241107_095207_235397357,0.20395711
20241107_095207_723477264,0.14353344
20241107_095207_977798001,0.49499062
20241107_095208_233800372,0.58385694
20241107_095208_482431683,0.6103531
20241107_095209_471332490,0.5977399
20241107_095209_970289512,0.18604268
20241107_095210_219980411,0.021644419
20241107_095210_470241419,0.017856607
20241107_095210_985926065,0.11909022
20241107_095211_236013614,0.35033232
20241107_095211_484157850,-0.104186825
20241107_095211_729653984,0.032700725
20241107_095211_979578727,0.0318541
20241107_095212_470838874,0.02677227
20241107_095212_719251147,-0.031537168
20241107_095213_473912477,-0.2703742
20241107_095213_726760950,-0.07175066
20241107_095213_980996629,-0.090621255
20241107_095214_718153723,-0.014217665
20241107_095214_969103919,-0.16201974
20241107_095215_719109773,-1.3669077
20241107_095215_972417164,-0.73938274
20241107_095216_220220230,-0.1868505
20241107_095216_473303670,-0.40661442
20241107_095216_973388687,-0.3737708
20241107_095217_223555014,-0.14298666
20241107_095217_472236788,-0.09953209
20241107_095217_722263551,-0.1640845
20241107_095217_973746396,-0.30764666
20241107_095218_223121146,-0.36426732
20241107_095218_470198015,-0.52608186
20241107_095218_718994612,-0.94039685
20241107_095218_970062859,-0.21281607
20241107_095219_222682521,0.05955308
20241107_095219_475554571,-0.07768575
20241107_095219_726702691,-0.09612589
20241107_095219_976994773,-0.066680096
20241107_095220_220388435,0.06926724
20241107_095221_219244436,-0.055012863
20241107_095221_718320141,-0.5290614
20241107_095221_976342788,0.34966534
20241107_095222_226378257,0.46195784
20241107_095222_478737076,0.18390308
20241107_095222_722573997,0.5195631
20241107_095222_970646649,0.45704842
20241107_095223_217088328,0.49904338
20241107_095223_718517451,0.46206266
20241107_095224_978837518,0.45693845
20241107_095225_478237729,0.23463725
20241107_095225_727959017,-0.0058302786
20241107_095225_986925108,-1.1508365
20241107_095226_245873484,-1.6707181
20241107_095226_503671467,0.466401
20241107_095226_744212379,0.22398315
20241107_095226_988822946,0.02774481
20241107_095227_236085432,0.23923199
20241107_095227_481379936,0.53409034
20241107_095227_723133955,0.6190356
20241107_095227_974540968,0.50752497
20241107_095228_224279544,0.5380569
20241107_095228_476649986,0.6568564
20241107_095228_723457697,0.050472118
20241107_095228_976881911,0.31532842
20241107_095229_232493587,0.29332176
20241107_095229_507195623,0.67508596
20241107_095229_727908318,0.48953626
20241107_095229_977211874,0.6039298
20241107_095230_221647418,-0.67893356
20241107_095230_475422067,-0.98626643
20241107_095230_721076178,-1.271772
20241107_095230_970910844,-0.25366202
20241107_095231_226186176,0.6711007
20241107_095231_475532560,-0.063708805
20241107_095231_724283697,-0.1990648
20241107_095231_972169696,-0.1658452
20241107_095232_219665111,-0.12585093
20241107_095232_717815697,-0.12804575
20241107_095232_971604652,-0.10441195
20241107_095233_220850486,-0.11821412
20241107_095233_478462147,-0.9893661
20241107_095233_722508541,-0.6665179
20241107_095233_973261506,-0.76109797
20241107_095234_217369696,0.03251449
20241107_095234_470766611,-0.019263824
20241107_095234_718817764,0.751399
20241107_095234_981500029,0.19363312
20241107_095235_221946572,0.17865847
20241107_095235_472581637,0.3444569
20241107_095235_719057093,0.19167252
20241107_095235_970234736,0.21029712
20241107_095236_471290889,0.20733292
20241107_095236_718215931,0.2816122
20241107_095236_972716299,0.28490436
20241107_095237_224457840,0.31782904
20241107_095237_473475147,0.25058055
20241107_095237_720759459,0.2387986
20241107_095237_971894990,0.2479511
20241107_095238_220319653,0.14348398
20241107_095238_972008672,0.13489963
20241107_095239_473597562,0.04321537
20241107_095239_718917430,0.071624465
20241107_095239_967747235,0.09975896
20241107_095240_216318825,0.09684787
20241107_095240_469784217,0.094856925
20241107_095240_720677023,0.05186031
20241107_095241_218318778,-0.045508526
20241107_095241_471004180,0.009355733
20241107_095241_719007354,-0.025373241
20241107_095241_971298491,0.0136430655
20241107_095242_228890156,0.0048091803
20241107_095242_487704000,0.19358578
20241107_095242_728300574,0.25081456
20241107_095242_979850600,-0.05737164
20241107_095243_222813594,-0.2603987
20241107_095243_473921108,-0.09110113
20241107_095244_471787664,-0.08738818
20241107_095244_718113383,-0.01957359
20241107_095244_973893267,0.037622556
20241107_095245_226611797,0.14367415
20241107_095245_484027652,0.10275007
20241107_095245_735324778,0.089165755
20241107_095245_981521923,0.1034672
20241107_095246_221094933,0.14995612
20241107_095246_477333589,0.07716752
20241107_095246_976530394,0.12007014
20241107_095247_472285870,-0.07951405
20241107_095247_977680806,-0.26085088
20241107_095248_224468834,-0.49573895
20241107_095248_480065248,-0.6529172
20241107_095248_723146342,-0.3581324
20241107_095248_971767620,-0.28639504
20241107_095249_221555045,-0.57700664
20241107_095249_474312501,-1.5876905
20241107_095249_726311690,-1.0617081
20241107_095249_976773575,-0.8710156
20241107_095250_233714942,-0.104966395
20241107_095250_479778631,-0.5584894
20241107_095250_734297444,0.4315673
20241107_095250_979003602,0.42740712
20241107_095251_222002295,0.4741374
20241107_095251_471283318,0.3544561
20241107_095251_721190727,0.34561095
20241107_095251_971827049,0.7611101
20241107_095252_219500561,1.1651638
20241107_095252_473251372,0.68020844
20241107_095252_720083226,0.64571863
20241107_095252_969894870,0.6222148
20241107_095253_223306412,0.61126477
20241107_095253_471099863,0.623642
20241107_095253_722258151,0.8799178
20241107_095253_968227979,0.5818919
20241107_095254_469300774,0.542392
20241107_095254_719078807,0.5210188
20241107_095254_975535451,0.63259315
20241107_095255_234298482,-0.6326031
20241107_095255_481286223,0.03241153
20241107_095255_726640752,-0.11610558
20241107_095255_977246941,0.080344744
20241107_095256_219285611,0.10224608
20241107_095256_470426138,0.026311615
20241107_095256_717789843,0.038837172
20241107_095256_972261184,0.031504788
20241107_095257_221828784,0.025255898
20241107_095257_468956238,0.013402084
20241107_095257_716176211,-0.046108387
20241107_095257_966520603,-0.075685464
20241107_095258_217879336,-0.05892446
20241107_095258_466362940,-0.030676385
20241107_095258_715467062,-0.04405292
20241107_095259_228909757,-0.1785164
20241107_095259_482120666,-0.17779253
20241107_095259_731243116,-0.3793052
20241107_095259_985700079,-0.24205627
20241107_095300_232004547,-0.2247894
20241107_095300_477335178,-0.15518379
20241107_095300_729956145,-0.17668442
20241107_095300_980321878,-0.085504964
20241107_095301_221834803,-0.15827392
20241107_095301_475759333,0.5367645
20241107_095301_725500654,-0.3936417
20241107_095301_976826401,-0.01972241
20241107_095302_227317023,-0.11079891
20241107_095302_478802550,-0.49629077
20241107_095302_721491777,-0.28602234
20241107_095302_979640850,-0.0025392752
20241107_095303_231477500,0.027923455
20241107_095303_489971272,0.26938814
20241107_095303_731193398,0.1570326
20241107_095303_984155996,0.21998669
20241107_095304_225017245,0.12540744
20241107_095304_483669261,0.26907375
20241107_095304_741803449,-0.18987896
20241107_095304_988305106,-0.20205764
20241107_095305_246379971,-0.9169403
20241107_095305_503556178,-0.9880073
20241107_095305_749393728,-0.25587118
20241107_095305_999103412,-0.10095401
20241107_095306_241105342,-0.05251398
20241107_095306_495201562,-0.20277162
20241107_095306_733651952,-0.4236377
20241107_095306_986486074,-0.32336727
20241107_095307_224610467,-0.6185446
20241107_095307_474455789,-0.40925512
20241107_095307_719842922,-0.29027477
20241107_095307_970764976,-0.2849532
20241107_095308_221325853,-0.62044984
20241107_095308_469881196,-0.42983392
20241107_095309_222953411,-0.39731386
20241107_095309_475449989,-0.40994033
20241107_095310_224456309,-0.14335017
20241107_095310_470715460,-0.64270425
20241107_095310_724747947,-0.39616987
20241107_095310_972825432,-0.40316558
20241107_095311_221908610,-0.4004853
20241107_095311_468904146,-0.38261634
20241107_095311_719496066,-0.44792724
20241107_095311_969752605,-0.41929123
20241107_095312_222048242,-0.38385612
20241107_095312_469567467,-0.33282262
20241107_095312_720281113,-0.36186713
20241107_095312_969581804,-0.39484426
20241107_095313_719847872,-0.36915365
20241107_095313_974228284,-0.4097239
20241107_095314_226795167,-0.52209157
20241107_095314_475568976,-0.5730765
20241107_095314_724222168,-0.48509052
20241107_095314_976170293,-0.42701468
20241107_095315_225990922,-0.13174585
20241107_095315_477238118,0.26340163
20241107_095315_719323687,0.25531307
20241107_095315_969806431,0.05510787
20241107_095316_217534963,0.19711654
20241107_095316_469096641,0.14957567
20241107_095316_716273846,-0.004273614
20241107_095316_966826205,-0.06744286
20241107_095317_221064756,-0.36250547
20241107_095317_469392296,-0.35223606
20241107_095317_719907814,-0.8514112
20241107_095317_973931815,-0.16075267
20241107_095318_226393914,0.012417117
20241107_095318_727014836,-0.039271764
20241107_095318_979612276,-0.12735866
20241107_095319_232878062,-0.1664568
20241107_095319_482560407,-0.14656632
20241107_095319_731890348,-0.1432663
20241107_095319_977069118,-0.006684264
20241107_095321_472995916,-0.008996567
20241107_095322_469645338,-0.17686997
20241107_095322_717488517,-0.32271135
20241107_095322_969758613,-0.2556921
20241107_095323_469394014,-0.660309
20241107_095323_718140268,-0.34124556
20241107_095323_970767901,0.06401608
20241107_095324_218722770,-0.048745357
20241107_095324_469872083,-0.19754566
20241107_095324_717839775,-0.19794212
20241107_095325_469890516,-0.19683586
20241107_095325_717009390,-0.19179003
20241107_095326_220084774,-0.060804747
20241107_095326_471912147,-0.092151456
20241107_095326_973375200,-0.1350467
20241107_095328_222560962,-0.21085317
20241107_095328_469001876,-0.6226987
20241107_095328_719059346,-0.33155224
20241107_095328_969655313,0.029322991
20241107_095329_218419752,-0.1210364
20241107_095329_483502458,-0.3432464
20241107_095329_715864033,-0.1654854
20241107_095329_966648641,-0.31064692
20241107_095330_218219651,-0.30774245
20241107_095330_467536884,-0.38024256
20241107_095330_721254037,-0.21777733
20241107_095330_969501236,-0.314938
20241107_095331_220640628,-0.553515
20241107_095331_470582108,-0.2637808
20241107_095331_716992923,-0.37259808
20241107_095331_968337619,-0.31824797
20241107_095332_221592735,-0.28480002
20241107_095332_469698088,-0.28606752
20241107_095332_717395116,-0.34475318
20241107_095332_972886006,-0.12175568
20241107_095333_228008772,-0.2181093
20241107_095333_477821238,-0.29196373
20241107_095333_722132485,-0.11547389
20241107_095333_972433691,0.4133757
20241107_095334_224678644,0.11396643
20241107_095334_468798010,0.083706535
20241107_095334_718890587,0.121344425
20241107_095334_969626768,0.12659307
20241107_095335_218200616,0.13375776
20241107_095336_214864367,0.23921819
20241107_095336_466172917,0.21792318
20241107_095336_720133440,0.11277226
20241107_095336_972571057,-0.27021298
20241107_095337_220174780,-0.33182585
20241107_095337_476447816,-0.39498088
20241107_095337_726512891,-0.23179384
20241107_095337_980861317,-0.26288337
20241107_095338_230564148,-0.13126357
20241107_095338_480744312,-0.25072923
20241107_095338_725792598,-0.2663496
20241107_095339_481361745,-0.2537876
20241107_095340_718110058,-0.7390937
20241107_095341_219843172,-0.33762968
20241107_095341_473271212,-0.43583617
20241107_095341_971703634,-0.39690503
20241107_095342_719818034,-0.3970074
20241107_095342_972755836,-0.36498448
20241107_095343_218539922,0.11833077
20241107_095343_472448882,-1.4474838
20241107_095343_720887143,-0.008179804
20241107_095343_969183881,-0.044747613
20241107_095344_216110157,-0.6311212
20241107_095344_473290905,-0.16503717
20241107_095344_719019830,-0.0029201116
20241107_095344_970690871,0.33173403
20241107_095345_225546682,0.18974712
20241107_095345_476806787,0.2860247
20241107_095345_725644382,0.24153249
20241107_095345_976060992,0.12940685
20241107_095346_229054447,0.17751352
20241107_095346_473764878,0.15680425
20241107_095347_469302736,0.16763292
20241107_095347_968975650,0.16415887
20241107_095348_222188864,-0.2946803
20241107_095348_476504336,0.66110927
20241107_095348_720394756,0.54990786
20241107_095348_982356999,0.6140898
20241107_095349_230821495,0.71546763
20241107_095349_482923770,0.57133824
20241107_095349_725462300,0.24125259
20241107_095349_975876911,0.696768
20241107_095350_227703728,0.9257991
20241107_095350_478437299,0.5325637
20241107_095350_720129478,0.5063384
20241107_095351_221167349,0.66401166
20241107_095351_472529978,0.5384282
20241107_095351_975237921,0.41164264
20241107_095352_719602070,0.42255753
20241107_095352_969322970,0.047864743
20241107_095353_219766688,0.21784382
20241107_095353_471377382,0.20328937
20241107_095353_970948849,0.22672962
20241107_095354_217412323,0.1508319
20241107_095354_471043565,0.16262679
20241107_095354_717513152,0.12486378
20241107_095354_968739860,0.059347607
20241107_095355_217101914,-0.073242806
20241107_095355_477423682,0.23107277
20241107_095355_721541106,0.380479
20241107_095355_967814268,0.29083997
20241107_095356_217369646,0.2567555
20241107_095356_717374817,0.24960382
20241107_095357_219244632,0.16529283
20241107_095357_475722427,0.2631817
20241107_095357_731857872,0.48047355
20241107_095357_980009265,0.04395408
20241107_095358_226696234,-0.2905096
20241107_095358_481185642,-0.9103069
20241107_095358_727155646,-0.1965266
20241107_095358_976253979,-0.23888429
20241107_095359_224006922,-0.2496701
20241107_095359_720482863,-0.14443447
20241107_095359_974281989,-0.03200581
20241107_095400_224320467,0.3964629
20241107_095400_474395016,0.30049005
20241107_095400_723334495,0.017122539
20241107_095400_976140132,0.05750963
20241107_095401_226743418,-0.13863342
20241107_095401_485325813,0.06336007
20241107_095401_987260039,0.14845148
20241107_095402_236813208,0.057819046
20241107_095402_485415104,-0.29364365
20241107_095402_734544343,-0.1659347
20241107_095402_979861831,-0.89882827
20241107_095403_237940002,0.41290486
20241107_095403_494758136,0.40212408
20241107_095403_740862947,0.10056587
20241107_095403_991962647,0.033730835
20241107_095404_247819605,-0.045835987
20241107_095404_509299842,-0.014579546
20241107_095404_743227690,-0.03283216
20241107_095405_480726853,0.53101367
20241107_095405_724048990,0.41334096
20241107_095405_988108133,0.26265344
20241107_095406_235722400,0.24352078
20241107_095406_483175538,0.2256019
20241107_095406_732801144,0.2757792
20241107_095406_989944131,0.16952865
20241107_095407_226080099,0.15210287
20241107_095407_477728371,0.18459274
20241107_095407_727560686,0.83253855
20241107_095409_483551561,0.27863115
20241107_095409_719227929,0.1785513
20241107_095409_974196667,-0.046451323
20241107_095410_222917458,-0.07696574
20241107_095410_477215083,-0.08613046
20241107_095410_720715426,0.15031104
20241107_095410_980424949,0.11139969
20241107_095411_470754035,0.08501772
20241107_095411_720604178,0.10880498
20241107_095411_975927178,0.10894052
20241107_095412_224621446,0.08988581
20241107_095412_474322737,0.06950825
20241107_095412_720875502,0.11501927
20241107_095412_970493019,0.114103265
20241107_095413_224575831,0.10953177
20241107_095413_483821197,0.15144308
20241107_095413_724757050,0.1294397
20241107_095413_975843451,0.11076755
20241107_095414_717749624,0.096625485
20241107_095414_969845848,-0.0377575
20241107_095415_216979260,0.7527644
20241107_095415_469402713,0.6033301
20241107_095415_719730253,0.35547602
20241107_095415_970049623,0.40671843
20241107_095416_217086823,0.37596688
20241107_095416_470997123,0.42572382
20241107_095416_720067135,0.0005669091
20241107_095416_970015467,0.06626994
20241107_095417_221288844,0.38137436
20241107_095417_471691904,0.4159109
20241107_095417_720997125,0.39305404
20241107_095417_967863087,0.39130065
20241107_095418_723835638,0.36228925
20241107_095418_972107181,0.31552097
20241107_095419_221531584,0.1262495
20241107_095419_477695169,0.066255935
20241107_095419_729039419,-0.081650995
20241107_095420_217428132,3.228523e-05
20241107_095420_473312531,0.10059405
20241107_095420_717673109,0.114796735
20241107_095420_976639194,0.4189149
20241107_095421_220963941,0.61858356
20241107_095421_469063635,0.3120158
20241107_095421_716680786,0.28249216
20241107_095422_477780466,0.25080147
20241107_095422_981937472,0.35173005
20241107_095423_226133721,0.26924866
20241107_095423_478684200,0.3928098
20241107_095423_732333135,0.33351007
20241107_095423_981731592,0.3827752
20241107_095424_241501406,0.24155398
20241107_095424_487210365,0.25767693
20241107_095424_737472323,0.18615218
20241107_095424_986438567,0.14343157
20241107_095425_229771669,0.01638115
20241107_095425_478277804,-0.06634077
20241107_095425_718553891,0.06955544
20241107_095425_969657243,-0.09117415
20241107_095426_219527292,-0.04225596
20241107_095426_468787030,-0.008192202
20241107_095426_719906209,-0.042969607
20241107_095426_972816765,-0.20271714
20241107_095427_220675164,-0.093535505
20241107_095427_472204944,-0.075929545
20241107_095427_723389445,-0.07145663
20241107_095427_977138413,0.02797042
20241107_095428_219197073,0.23615448
20241107_095428_472642481,0.45207945
20241107_095428_725749115,0.49287358
20241107_095428_976796628,0.16070782
20241107_095429_223447362,0.18895398
20241107_095429_488436007,0.16482316
20241107_095429_716592209,0.22452275
20241107_095429_971575817,0.18476592
20241107_095430_471461634,-0.004326543
20241107_095430_721564619,0.056542076
20241107_095430_976590183,0.110022165
20241107_095431_221329741,-0.060981117
20241107_095431_484249344,0.12883906
20241107_095431_741084560,0.44394085
20241107_095431_981792298,-0.57267934
20241107_095432_225963305,-1.241743
20241107_095432_474402394,-1.5939168
20241107_095432_724300591,-1.0394621
20241107_095432_975395815,0.5905815
20241107_095433_224555680,0.013275305
20241107_095433_476609787,-1.1104909
20241107_095433_723437363,0.82763255
20241107_095433_970220912,0.045774855
20241107_095434_217357006,-0.2425207
20241107_095434_467816299,-0.14564638
20241107_095434_718949978,-0.115873985
20241107_095434_967715279,-0.08003005
20241107_095435_220346763,-0.07217684
20241107_095435_473143609,-1.3594321
20241107_095435_719441819,0.66777366
20241107_095435_974687745,0.049937524
20241107_095436_225773428,-0.16508086
20241107_095436_477802131,-0.10280164
20241107_095436_723733109,-1.0021667
20241107_095436_974235664,0.6816284
20241107_095437_219409034,0.68945974
20241107_095437_470244820,-1.148937
20241107_095437_718149794,0.59146726
20241107_095437_972556423,0.81410205
20241107_095438_218566675,-0.1313885
20241107_095438_466771672,0.5597574
20241107_095438_716473202,0.9766727
20241107_095438_969976583,-1.176115
20241107_095439_216048558,-0.38493052
20241107_095439_470581505,-0.4455881
20241107_095439_721578300,0.618706
20241107_095439_972453267,0.6979895
20241107_095440_217287239,0.3430279
20241107_095440_466459042,0.68476355
20241107_095442_224766933,1.1276337
20241107_095442_471807635,-0.7369146
20241107_095442_721062887,-0.9669543
20241107_095442_977170683,-0.849012
20241107_095443_221885271,-0.72788614
20241107_095443_479431235,-0.15511246
20241107_095443_735812253,-0.26491934
20241107_095444_001876727,-0.11754867
20241107_095444_257688125,0.46855706
20241107_095444_506089096,0.095077254
20241107_095444_732209838,-0.14689614
20241107_095444_985263791,-0.05953916
20241107_095445_231542789,-0.20659836
20241107_095445_485534686,-0.4594094
20241107_095445_727152918,-0.70241505
20241107_095445_977010569,-0.8334523
20241107_095446_228771330,-0.68878734
20241107_095446_475862908,-0.57318646
20241107_095446_725145130,-0.67232037
20241107_095446_978891002,-0.32883197
20241107_095447_222072300,-0.48279515
20241107_095447_473887797,-0.24691518
20241107_095447_720998728,-0.34576967
20241107_095447_977791589,-0.37267604
20241107_095448_227211647,-0.35396385
20241107_095448_475798822,-0.3388902
20241107_095448_724940581,-0.15725729
20241107_095448_982838424,-0.18714659
20241107_095449_221496369,-0.24455927
20241107_095449_471701055,-0.2019396
20241107_095449_721015532,-0.32702136
20241107_095449_969788003,-0.37617543
20241107_095450_218747979,-0.66386515
20241107_095450_472719838,-0.9608033
20241107_095450_724073686,-0.66109544
20241107_095450_976839433,-0.58210784
20241107_095451_226914558,-0.62321025
20241107_095451_728103523,-0.61335856
20241107_095451_978935279,-0.5678047
20241107_095452_234026504,-0.5822955
20241107_095452_491113887,-0.5748417
20241107_095452_976352993,-0.4770461
20241107_095453_225847882,-0.29405862
20241107_095453_472192772,-0.8148736
20241107_095453_730664517,-0.56253475
20241107_095453_980288238,-0.24675661
20241107_095454_479992171,-0.34216356
20241107_095454_968311397,-0.3359557
20241107_095455_226456250,-0.1767415
20241107_095455_479548501,-0.2055419
20241107_095455_724912705,-0.26307377
20241107_095455_983300705,-0.2702026
20241107_095456_475156895,-0.278733
20241107_095456_726108685,-0.5399474
20241107_095456_978495276,-0.4976661
20241107_095457_236682392,-0.57974774
20241107_095457_726240444,-0.64262086
20241107_095457_985848341,-1.1113232
20241107_095458_229338434,-0.66158766
20241107_095458_482279641,-0.6177594
20241107_095459_226868398,-0.60077673
20241107_095459_496320598,-0.55248135
20241107_095459_733063347,-0.6339317
20241107_095459_984871625,-0.6607464
20241107_095500_239423983,-0.52662724
20241107_095500_487403749,-0.25399426
20241107_095500_727569295,0.7869366
20241107_095500_989758055,0.7864717
20241107_095501_231398758,0.5612506
20241107_095501_484973808,0.67356044
20241107_095501_721915373,0.880428
20241107_095501_976853445,0.49947783
20241107_095502_228063167,0.08853197
20241107_095502_475520638,-0.7992243
20241107_095502_726628433,-1.2157437
20241107_095502_978960179,-0.04658342
20241107_095503_222964919,-0.020072896
20241107_095503_477226614,-0.07806351
20241107_095503_725252906,0.17852719
20241107_095503_981220955,0.1172579
20241107_095504_224666917,0.11545543
20241107_095504_471634383,0.10598109
20241107_095504_729652880,0.069002725
20241107_095504_972886634,0.037528552
20241107_095505_469650322,0.09714202
20241107_095505_720352056,0.053558864
20241107_095505_969639777,0.24696381
20241107_095506_216468173,0.08808369
20241107_095506_472496731,0.22240107
20241107_095506_723818283,0.10427988
20241107_095506_971553592,0.008018503
20241107_095507_218204694,-0.051318042
20241107_095507_478425055,-0.16061191
20241107_095507_721742374,-0.094951
20241107_095507_970658442,-0.15933587
20241107_095508_222331144,-0.027136466
20241107_095508_471126434,-0.076680385
20241107_095508_725212566,0.13286446
20241107_095508_975117618,0.21005714
20241107_095509_220719046,0.28793994
20241107_095509_474551316,1.7886412
20241107_095509_736047892,1.0795982
20241107_095509_982411126,0.25552535
20241107_095510_229007360,0.2465996
20241107_095510_480268627,0.52896446
20241107_095510_729221494,0.5547051
20241107_095510_986228951,0.6142985
20241107_095511_240347731,0.7356325
20241107_095511_497974392,0.5724535
20241107_095511_739733784,0.5724187
20241107_095511_987434021,0.6842887
20241107_095512_225691540,0.54775095
20241107_095512_480598342,0.5136827
20241107_095512_728206293,0.5218904
20241107_095512_977306467,0.33981326
20241107_095513_224705012,0.5247095
20241107_095513_477002840,0.20261288
20241107_095513_733721883,0.16324332
20241107_095513_979085942,0.056418277
20241107_095514_221760900,0.07638298
20241107_095514_473947549,0.1327471
20241107_095514_968507978,-0.0849167
20241107_095515_215854438,0.06865082
20241107_095515_473491372,0.06248311
20241107_095515_719192842,0.07222978
20241107_095515_970330479,0.085363306
20241107_095516_476265311,0.3955649
20241107_095516_724052447,-0.059918307
20241107_095516_973131532,0.03888873
20241107_095517_219315539,0.18288688
20241107_095517_469008592,0.13790594
20241107_095517_718415827,0.18404485
20241107_095517_970715066,0.10789368
20241107_095518_468696657,0.09956438
20241107_095518_718262287,0.19356899
20241107_095518_970199959,0.1793957
20241107_095519_225942220,1.0298536
20241107_095519_468360434,0.46097866
20241107_095519_718185773,0.51064277
20241107_095519_973737330,0.51859474
20241107_095520_223541414,0.67492354
20241107_095520_479534755,-0.9404912
20241107_095520_720416120,-0.11801685
20241107_095520_967946621,-0.63154095
20241107_095521_219940530,-0.5509737
20241107_095521_474842990,-0.82750094
20241107_095521_722773382,-0.81872237
20241107_095521_982760547,-0.50490755
20241107_095522_224097714,-0.24477625
20241107_095522_475426731,-0.19076276
20241107_095522_729884895,-0.0446283
20241107_095522_976418598,-0.15664458
20241107_095523_223962299,0.0055649783
20241107_095523_715146056,-0.13618429
20241107_095523_971429167,-0.2097971
20241107_095524_218794879,-0.18934919
20241107_095524_965859634,-0.07438942
20241107_095525_215187381,-0.19995387
20241107_095525_469984045,-0.3359019
20241107_095526_217888778,-0.13613142
20241107_095526_464590493,-0.19992097
20241107_095526_966748268,-0.16567595
20241107_095527_215414882,-0.14485683
20241107_095527_968990077,0.20262384
20241107_095528_218507420,1.1511058
20241107_095528_471622407,0.30498293
20241107_095528_719926728,0.09473346
20241107_095528_972747945,0.19537976
20241107_095529_218884280,0.53123176
20241107_095529_486670880,0.7557983
20241107_095529_721979279,1.3571523
20241107_095529_971229689,1.0460825
20241107_095530_220329809,1.0798616
20241107_095530_482203831,0.2447562
20241107_095530_723039230,0.31181207
20241107_095530_969746823,0.31559557
20241107_095531_216883734,0.66270286
20241107_095531_469319509,0.67222816
20241107_095531_965783883,0.17201282
20241107_095532_214259719,0.16391824
20241107_095532_469348698,0.31054568
20241107_095532_718283473,0.16435827
20241107_095533_224290363,0.16751398
20241107_095533_480747813,-0.31834805
20241107_095533_734357296,-1.665902
20241107_095533_980185731,0.57882404
20241107_095534_227294795,-0.40590286
20241107_095534_476784049,-0.35894498
20241107_095534_721125001,-0.6999522
20241107_095534_971725570,-0.5663608
20241107_095535_218114189,-0.45081064
20241107_095535_472876910,-0.17934068
20241107_095535_719554117,-0.08909872
20241107_095535_969604757,-0.08705057
20241107_095536_231592839,0.3800967
20241107_095536_484842155,0.65207905
20241107_095536_725139729,0.47761443
20241107_095536_982271758,0.2633639
20241107_095537_234419166,1.0190887
20241107_095537_474957835,0.028629402
20241107_095537_722254444,-1.0918511
20241107_095537_976289380,0.56926495
20241107_095538_221244939,0.2708619
20241107_095538_474387848,0.24524991
20241107_095538_718471808,0.2637407
20241107_095538_970634837,0.32181618
20241107_095539_222995767,0.38472685
20241107_095539_473701645,0.4870192
20241107_095539_975852144,0.41612542
20241107_095540_220717178,0.49217406
20241107_095540_477323318,1.4061987
20241107_095540_728461958,-0.6728472
20241107_095540_979704143,-0.7747937
20241107_095541_224972593,-0.75995666
20241107_095541_478474584,-0.6038634
20241107_095541_733100087,-0.4872381
20241107_095541_985039867,-0.7173749
20241107_095542_230102444,-0.5817612
20241107_095542_729065304,-0.7819067
20241107_095542_978703419,-0.59026814
20241107_095543_226709926,-0.4986069
20241107_095543_476683760,-0.51537466
20241107_095543_721027322,-0.4908577
20241107_095543_970721452,-0.39841375
20241107_095544_232506999,-0.47655058
20241107_095544_486696843,-0.49982122
20241107_095544_728514538,-0.4910678
20241107_095544_981078517,-0.49704614
20241107_095545_477713215,-0.47837976
20241107_095545_720083698,-0.2857466
20241107_095545_977316454,-0.3463413
20241107_095546_220767237,-0.25043613
20241107_095546_472769129,0.028468488
20241107_095546_721043772,0.06286139
20241107_095547_717580631,-0.394353
20241107_095547_970174909,-1.1322807
20241107_095548_217696751,-0.035837315
20241107_095548_474630461,0.85780525
20241107_095548_722591505,0.48593035
20241107_095548_977702076,0.19938354
20241107_095549_226222393,0.30486196
20241107_095549_486282595,0.36341137
20241107_095549_724534299,0.30167532
20241107_095549_977340628,0.35199034
20241107_095550_229938695,0.5138322
20241107_095550_477477951,0.6795117
20241107_095550_728932155,1.5791814
20241107_095550_980817848,0.8345172
20241107_095551_230502205,0.5303059
20241107_095551_486163144,0.5370732
20241107_095551_733340000,0.919804
20241107_095551_979006330,0.8169057
20241107_095552_219881440,0.7569757
20241107_095552_469028105,0.7790992
20241107_095552_719392115,0.6529771
20241107_095552_970090562,0.08497182
20241107_095553_220944840,-0.0437546
20241107_095553_486980897,-0.03969475
20241107_095553_743984320,-0.066342406
20241107_095553_982513803,-0.12817739
20241107_095554_228215931,-0.08020695
20241107_095554_473635756,-1.5126958
20241107_095554_718726592,-0.400223
20241107_095554_973090073,-0.36466828
20241107_095555_218385473,-0.3472624
20241107_095555_480247059,-0.28198847
20241107_095555_723075893,-0.23056896
20241107_095555_968779841,-0.26786557
20241107_095556_971420014,-0.47131303
20241107_095557_220729771,-0.26258174
20241107_095557_478354568,-0.21816893
20241107_095557_727951183,-0.24326225
20241107_095557_971963803,-0.15867905
20241107_095558_470751408,-0.23179238
20241107_095558_967257535,-0.13934268
20241107_095559_216994173,-0.19407637
20241107_095559_470985789,-0.0780141
20241107_095559_729738876,-0.04526814
20241107_095600_482327767,0.018324113
20241107_095600_731320250,0.07356826
20241107_095600_979118669,-0.027713856
20241107_095601_220462465,-0.07373311
20241107_095601_470116287,0.02366387
20241107_095601_718550433,-0.0013621058
20241107_095601_975275904,0.2175787
20241107_095602_725619937,0.20505558
20241107_095602_985993595,0.21053354
20241107_095603_222452116,0.15811382
20241107_095603_480179509,0.14552431
20241107_095603_730299821,0.13474528
20241107_095603_977884698,0.12479416
20241107_095604_220891729,0.13444225
20241107_095604_471533173,0.10612527
20241107_095604_721445593,0.108294345
20241107_095604_970791607,-0.06288346
20241107_095605_227494595,-0.35127765
20241107_095605_490800005,-0.77117497
20241107_095605_730105230,-1.339552
20241107_095605_983433378,-0.40266597
20241107_095606_223387778,-0.20753555
20241107_095606_472863180,-0.31704453
20241107_095606_733968853,-0.36490038
20241107_095606_987026157,-0.36231723
20241107_095607_485938007,-0.19868805
20241107_095608_226220042,-0.35731933
20241107_095608_482955154,-0.43442294
20241107_095608_740719113,-1.1767176
20241107_095608_981927088,0.3351578
20241107_095609_227525639,0.5753988
20241107_095609_472312835,-0.49439645
20241107_095609_719810731,0.010560939
20241107_095609_969490571,0.08612507
20241107_095610_223610922,-0.0342839
20241107_095610_473886896,-0.08489647
20241107_095610_723654102,-0.1573285
20241107_095610_976095327,-0.114461444
20241107_095611_977225614,-0.08146348
20241107_095612_223751633,-0.0881907
20241107_095612_471495724,-0.19915076
20241107_095612_970952743,-0.084043406
20241107_095613_219406087,-0.13993497
20241107_095613_478159868,-0.13408364
20241107_095614_229044052,-0.06447574
20241107_095614_484116258,0.0014352594
20241107_095614_732704657,0.020348528
20241107_095614_977164737,0.03552661
20241107_095615_220714748,-0.13555647
20241107_095615_470353721,-0.07811143
20241107_095615_721620790,-0.119846664
20241107_095615_969837036,-0.06075325
20241107_095616_217930422,-0.076173805
20241107_095616_467296922,-0.05888649
20241107_095616_721257668,0.0787913
20241107_095617_216403155,0.028394261
20241107_095617_466042349,-0.046544455
20241107_095617_966386314,-0.016797384
20241107_095618_219029641,0.004773358
20241107_095618_469294793,-0.0077709164
20241107_095618_715620592,-0.087244175
20241107_095618_970273668,-0.032559834
20241107_095619_218819402,0.073056795
20241107_095619_473683151,0.13789812
20241107_095619_719360611,0.106416024
20241107_095619_969738760,0.09739379
20241107_095620_215256529,0.080857195
20241107_095620_472420665,0.094537415
20241107_095620_966649936,0.063190795
20241107_095621_216926666,-0.026755711
20241107_095621_716488375,-0.1229591
20241107_095622_216454407,-0.04303231
20241107_095622_473432382,-0.02771934
20241107_095622_721812667,-0.1730027
20241107_095622_972946217,-0.046728037
20241107_095623_222020677,-0.094773136
20241107_095623_466808765,-0.0085489955
20241107_095623_719010942,-0.012117466
20241107_095623_969221124,0.047211505
20241107_095624_215224294,0.014009157
20241107_095624_719709975,0.013314405
20241107_095624_970794730,0.031075398
20241107_095625_215991993,0.03529308
20241107_095625_466993867,0.040081
20241107_095627_223350215,0.027886191
20241107_095627_469795898,-0.2897675
20241107_095627_727333658,-0.20241268
20241107_095627_971266561,-0.16641422
20241107_095628_219265253,-0.15760694
20241107_095628_471456975,-0.19555731
20241107_095628_716409208,-0.28909698
20241107_095628_966199903,-0.20293196
20241107_095629_213220500,-0.22164805
20241107_095629_480387064,-0.117657326
20241107_095629_717901647,-0.087675415
20241107_095630_462912698,-0.2388909
20241107_095630_964734120,-0.3255817
20241107_095631_215490675,0.3969619
20241107_095631_466144589,0.79067844
20241107_095631_716345381,0.55697286
20241107_095632_215755812,0.15278815
20241107_095633_214952829,0.3996895
20241107_095633_477864209,0.40378913
20241107_095634_718746480,0.21925552
20241107_095634_975831475,0.05501143
20241107_095635_219200801,0.05980424
20241107_095635_475432484,-0.110650204
20241107_095635_728250097,-0.18767919
20241107_095635_973900240,-0.32571074
20241107_095636_220023203,-0.41642725
20241107_095636_468773638,-0.7863319
20241107_095636_716553666,-0.54473037
20241107_095636_974229129,-0.3023904
20241107_095637_465071918,-0.26012638
20241107_095637_716166830,-0.30735004
20241107_095637_970392654,-0.5074554
20241107_095638_217920426,-0.46013066
20241107_095638_473647622,-0.87690943
20241107_095638_714703315,-0.21845213
20241107_095638_969846960,1.1497725
20241107_095639_222391600,1.0944858
20241107_095639_467966281,-0.6817028
20241107_095639_721238684,-0.14507431
20241107_095639_970147420,0.31861946
20241107_095640_220695346,0.6883459
20241107_095640_468239610,0.86503154
20241107_095640_712366039,1.1478496
20241107_095640_968198875,-0.65907115
20241107_095641_217325432,-0.5998811
20241107_095641_470216364,0.045052454
20241107_095641_720181394,-0.8382428
20241107_095641_971843775,-0.5307925
20241107_095642_222372756,-0.65950626
20241107_095642_482347768,-0.37806788
20241107_095642_724948999,-0.4679936
20241107_095642_975941360,-0.27747113
20241107_095643_215594588,1.2687149
20241107_095643_469915145,0.7037795
20241107_095643_723993489,1.0078217
20241107_095643_971747836,0.76397496
20241107_095644_231477564,0.7228903
20241107_095644_471233591,1.0533252
20241107_095644_715356606,0.32188645
20241107_095644_968056870,0.16397856
20241107_095645_220714813,0.12789321
20241107_095645_470756768,-0.904841
20241107_095645_721925978,-0.654041
20241107_095645_968215647,-0.41635194
20241107_095646_218243454,-0.3122271
20241107_095646_474991623,-0.78113306
20241107_095646_716240958,-0.11895687
20241107_095646_970612276,-0.16976896
20241107_095647_217300095,-0.2143198
20241107_095647_466753656,-0.18805392
20241107_095647_967546034,-0.25771102
20241107_095648_219758767,-0.1719404
20241107_095648_470525988,0.015906656
20241107_095649_220927634,-0.17363043
20241107_095649_716188224,-0.34623566
20241107_095650_466257742,-0.38201657
20241107_095650_715821548,-0.8401135
20241107_095650_968849817,-0.5673703
20241107_095651_217896092,-0.5511854
20241107_095651_475104575,-0.38189426
20241107_095651_768480046,-0.54757065
20241107_095651_988547834,0.9439133
20241107_095652_231153028,1.1421043
20241107_095652_477028342,1.3479463
20241107_095652_716356184,0.18957685
20241107_095652_974650914,-0.54499537
20241107_095653_220347885,-0.1859457
20241107_095653_474566253,-0.4325419
20241107_095653_724021013,0.030672261
20241107_095653_978423071,-0.043368988
20241107_095654_223011892,-0.12430148
20241107_095654_472366559,-0.16935314
20241107_095654_719110609,0.08214566
20241107_095654_975677524,0.0013879333
20241107_095655_222204467,0.08472285
20241107_095655_469286222,0.011001864
20241107_095655_714102487,0.035327114
20241107_095656_221141069,0.049030043
20241107_095656_478897980,0.057100154
20241107_095656_725883670,-0.03467431
20241107_095656_971423812,-0.13233961
20241107_095657_217479199,-0.1409548
20241107_095657_472139091,-0.11892121
20241107_095657_720817622,-0.09972783
20241107_095657_968912541,-0.10074379
20241107_095658_471797515,-0.13808002
20241107_095658_725277591,-0.025221488
20241107_095658_972396931,0.11131907
20241107_095659_224045948,0.18411975
20241107_095659_478610085,0.12327447
20241107_095659_721640003,0.13447317
20241107_095659_978705602,0.07753817
20241107_095700_229128219,0.22778098
20241107_095700_481213195,1.2459174
20241107_095700_727571040,-0.026828246
20241107_095700_983192522,-0.31236833
20241107_095701_232323637,-0.2622988
20241107_095701_475274477,-0.43595576
20241107_095701_718396091,-0.6084406
20241107_095701_976659775,-0.23347186
20241107_095702_227480233,-0.06923608
20241107_095702_478005997,-0.01784285
20241107_095702_980455809,-0.03635218
20241107_095703_220362073,0.02972732
20241107_095703_473660075,-0.11050048
20241107_095703_718908843,-0.24503036
20241107_095703_980065977,-0.17445146
20241107_095704_222950149,-0.16221286
20241107_095704_470585121,-0.1034395
20241107_095704_721703179,-0.024900218
20241107_095706_716613950,-0.04744663
20241107_095706_966871193,-0.17760833
20241107_095707_215063005,-0.1279126
20241107_095707_467874369,-0.035569094
20241107_095707_718126081,-0.046232782
20241107_095707_974300806,-0.022870561
20241107_095708_217832951,-0.044263147
20241107_095708_717968634,-0.05355843
20241107_095709_472077863,0.036547996
20241107_095709_715649826,0.056595482
20241107_095709_970195862,0.1308058
20241107_095710_469146277,0.0614791
20241107_095710_969347560,0.13355447
20241107_095711_470921425,0.15955658
20241107_095711_724793024,0.20285423
20241107_095711_972449685,0.35003814
20241107_095712_722607816,0.32192788
20241107_095712_975755428,0.25569355
20241107_095713_218903515,0.24267249
20241107_095713_970545980,0.23062636
20241107_095714_469456399,0.23943837
20241107_095714_972903647,0.22591345
20241107_095715_467028043,0.45325908
20241107_095716_971892431,0.50418717
20241107_095717_465872989,0.27374032
20241107_095717_714828628,0.31027707
20241107_095718_472761002,0.20770983
20241107_095718_726385835,0.122075535
20241107_095718_970373762,0.042642273
20241107_095719_216685746,-0.2184449
20241107_095719_724401396,-0.15134747
20241107_095719_972020134,-0.068527065
20241107_095720_220686168,-0.055947445
20241107_095720_474128069,-0.19120856
20241107_095720_723479348,-0.10901614
20241107_095720_968583691,-0.10118582
20241107_095721_472771985,-0.0727215
20241107_095721_976312384,-0.06113907
20241107_095722_470180651,-0.0884706
20241107_095722_718669315,-0.08446839
20241107_095723_968847350,-0.12486573
20241107_095724_216117240,-0.16021301
20241107_095724_463835908,-0.23651017
20241107_095724_716903304,-0.25100055
20241107_095724_969230756,-0.3824146
20241107_095725_216759350,-0.37836838
20241107_095725_466157239,-0.5190489
20241107_095727_472217399,-0.18592604
20241107_095727_966433306,-0.02686587
20241107_095728_219979820,-0.07830437
20241107_095728_472208626,-0.05546739
20241107_095728_720173999,-0.07487794
20241107_095729_482844182,-0.044319652
20241107_095729_716502799,-0.0097018685
20241107_095729_967547595,-0.09265741
20241107_095730_463956216,-0.2456563
20241107_095730_714489241,-1.5763248
20241107_095730_967760842,0.73185545
20241107_095731_217448235,0.8074938
20241107_095731_469251442,0.37120533
20241107_095731_719634533,0.2283584
20241107_095731_969132347,0.2169622
20241107_095732_217493558,0.2584417
20241107_095732_463803096,0.1343901
20241107_095732_712732260,0.16561048
20241107_095732_962917542,0.40583262
20241107_095733_214424150,0.47205955
20241107_095734_720417224,0.13854931
20241107_095734_970018155,0.10318444
20241107_095735_463803460,0.18666439
20241107_095735_967933014,0.18979199
20241107_095736_969112379,0.27664655
20241107_095737_464163173,0.32297882
20241107_095737_968898569,0.2893964
20241107_095738_219376131,0.21482742
20241107_095738_469781797,-0.10987877
20241107_095738_964770636,-0.16451748
20241107_095739_218613934,-0.32774708
20241107_095739_716231452,-0.07951873
20241107_095740_471645266,-0.23281853
20241107_095740_722936928,-0.43877763
20241107_095740_979059822,-1.3424767
20241107_095741_231975788,-0.08429738
20241107_095741_481949693,0.6859228
20241107_095741_722180586,0.8387941
20241107_095741_972582697,0.42599872
20241107_095742_219084215,-0.3658669
20241107_095742_471692034,-0.13573654
20241107_095742_726455524,-0.024139086
20241107_095742_976866829,-0.07968954
20241107_095743_468884049,-0.10765037
20241107_095744_214625209,-0.06637169
20241107_095744_467852995,0.36544415
20241107_095744_723517429,0.4605668
20241107_095744_977372124,0.5397969
20241107_095745_216762915,0.4338995
20241107_095746_471405082,0.45982262
20241107_095746_971308010,0.3056419
20241107_095747_724620660,0.3289958
20241107_095747_970566505,0.32333693
20241107_095748_212535964,0.45112893
20241107_095748_461166688,0.42639768
20241107_095748_717970273,0.41468552
20241107_095748_968144100,0.40990746
20241107_095750_464858194,0.2023948
20241107_095750_977606845,0.5425522
20241107_095751_223176990,0.13098554
20241107_095751_477355925,0.16953503
20241107_095751_972550894,0.26209635
20241107_095752_214769796,0.2988023
20241107_095752_464464266,0.32880688
20241107_095752_714395157,0.29444548
20241107_095753_216497981,0.34678438
20241107_095753_467390120,0.68762153
20241107_095753_715950333,0.5070029
20241107_095753_964434976,0.46359882
20241107_095756_467949140,0.5497888
20241107_095757_474936456,0.81172734
20241107_095757_724313596,-0.3706632
20241107_095757_979146664,0.36329752
20241107_095758_227659675,0.08448694
20241107_095758_472765009,0.019330481
20241107_095759_233061261,-0.20648624
20241107_095759_476845453,-0.26406527
20241107_095759_726671951,-1.1339325
20241107_095759_988092755,-0.6883674
20241107_095800_485735041,-0.65341115
20241107_095800_731864011,-0.7218404
20241107_095800_994811104,0.41573697
20241107_095801_224769983,0.26111984
20241107_095801_469932967,0.115059026
20241107_095801_729966266,0.2728417
20241107_095801_975481541,0.41421857
20241107_095802_224960700,0.23056115
20241107_095802_477407349,-0.020180782
20241107_095802_723406207,-0.1338468
20241107_095802_973028667,0.27794528
20241107_095803_218798475,-0.05745413
20241107_095803_717464853,0.23127697
20241107_095803_967825429,0.3596602
20241107_095804_219218367,0.1942616
20241107_095804_478688641,0.09265171
20241107_095804_721555196,-0.23590808
20241107_095804_969236346,-0.49351916
20241107_095805_227515359,-2.259764
20241107_095805_478871982,0.47160453
20241107_095805_724358568,1.1667455
20241107_095805_971006511,0.76060987
20241107_095806_467475524,0.46858972
20241107_095806_962461128,1.0275838
20241107_095807_212880244,0.5479516
20241107_095807_466330055,0.44405824
20241107_095807_714930000,0.5363081
20241107_095807_963138494,0.53222436
20241107_095808_212115239,0.5189196
20241107_095808_467909024,0.8561686
20241107_095808_972511723,0.96184295
20241107_095809_219328806,0.7557811
20241107_095810_222038756,0.95220554
20241107_095810_474621210,0.47731522
20241107_095810_721379559,0.5389583
20241107_095810_969376203,0.39406615
20241107_095811_214945967,0.8424746
20241107_095811_472440093,0.46727502
20241107_095811_719925458,0.15780117
20241107_095811_966970344,0.29906484
20241107_095812_467631898,0.32735425
20241107_095812_710911849,0.63375723
20241107_095813_214161200,0.56250954
20241107_095813_467440330,0.5439382
20241107_095813_976717036,0.5100518
20241107_095815_715032056,0.22399105
20241107_095815_967631033,-0.013192197
20241107_095816_213704208,-0.0011238959
20241107_095816_467859954,0.30000892
20241107_095816_723522319,0.47916415
20241107_095816_969482018,0.62997925
20241107_095817_965369873,0.8680253
20241107_095819_217196956,0.7030745
20241107_095819_476662251,0.7567026
20241107_095819_720954107,0.90124136
20241107_095819_972519880,0.8136487
20241107_095820_476243493,0.73844004
20241107_095820_731331174,0.63294667
20241107_095821_466534771,0.5711347
20241107_095821_715161101,0.6332879
20241107_095821_969789484,0.62499225
20241107_095822_218327721,0.6660908
20241107_095822_467766761,0.65791017
20241107_095822_713798163,0.64254403
20241107_095822_966398974,0.8191882
20241107_095823_214810641,0.6569568
20241107_095823_470329344,0.603645
20241107_095823_722939092,0.52351063
20241107_095823_978581951,0.5190624
20241107_095824_221944393,0.5557122
20241107_095824_469611240,0.81274545
20241107_095824_966111921,0.88600516
20241107_095825_218047761,-0.67957914
20241107_095825_472371269,0.06402949
20241107_095825_721901029,-0.022962315
20241107_095825_972020254,-0.00824506
20241107_095826_222438733,0.018252121
20241107_095826_468752815,-0.05224798
20241107_095826_717979232,-0.13729577
20241107_095826_968050792,-0.69843
20241107_095827_217618915,-0.60870737
20241107_095827_469153550,-0.5719336
20241107_095827_718801316,-0.81939
20241107_095827_966485630,-0.8418449
20241107_095828_214356624,0.33313102
20241107_095828_469372288,0.20824443
20241107_095828_720232256,0.4748921
20241107_095828_970547827,0.9120018
20241107_095829_222901985,-0.9178214
20241107_095829_491020386,-0.11412259
20241107_095829_723790123,-0.024420872
20241107_095829_978307844,-0.005102357
20241107_095830_225176463,-0.05628922
20241107_095830_474665055,-0.13855825
20241107_095830_720333980,-0.48417872
20241107_095830_971603596,-0.27658817
20241107_095831_221995622,-1.3157846
20241107_095831_470070018,-0.50672835
20241107_095831_717705628,-0.57831347
20241107_095831_973493025,-0.6934193
20241107_095832_469479330,-0.65608996
20241107_095832_715302685,-0.48200336
20241107_095832_965992704,-0.6306574
20241107_095833_215951441,-0.111024976
20241107_095833_468637069,0.1748549
20241107_095833_719627351,0.0988302
20241107_095833_971836994,0.059396088
20241107_095834_222882743,0.075752325
20241107_095834_481196523,0.07495371
20241107_095834_723860232,-0.35862958
20241107_095834_977520378,-0.72543436
20241107_095835_221795531,-0.34721586
20241107_095835_472990610,-0.31819353
20241107_095835_728113053,-0.96394175
20241107_095835_980611649,-0.5564998
20241107_095836_234879450,-0.7298415
20241107_095836_478131748,-0.57439494
20241107_095836_722314000,-0.6041277
20241107_095836_967818218,-0.5887719
20241107_095837_216135877,-0.45455143
20241107_095837_472575795,-0.5387239
20241107_095837_714875661,-0.58708256
20241107_095837_963212421,-0.52531797
20241107_095838_210478850,-0.6583833
20241107_095838_465919778,0.9828612
20241107_095838_716424583,0.017792681
20241107_095838_974002407,-0.3893079
20241107_095839_224157640,-0.43444052
20241107_095839_474102256,-0.35786113
20241107_095839_718396227,-0.14228459
20241107_095839_964868344,-0.8539354
20241107_095840_214149040,-0.032193683
20241107_095840_462595892,0.035099633
20241107_095840_714174215,0.2397239
20241107_095840_961244452,0.3122748
20241107_095841_711842340,0.23970403
20241107_095841_969063582,0.24499495
20241107_095842_218331042,0.16456385
20241107_095842_466830061,0.09745053
20241107_095842_712054977,-0.3190026
20241107_095842_969207943,-0.3178598
20241107_095843_214746135,-0.50391483
20241107_095843_462381130,-0.116769545
20241107_095843_713669792,-0.16187046
20241107_095843_963024980,-0.19812353
20241107_095844_464925004,-0.18248922
20241107_095844_714936329,0.05822994
20241107_095844_962713890,0.1650428
20241107_095845_211838040,0.28567895
20241107_095845_462336311,0.08191336
20241107_095846_213505427,-0.2621103
20241107_095846_464244795,-0.10265889
20241107_095846_718200020,-0.30506942
20241107_095846_968789997,-0.13157554
20241107_095847_465105886,0.09335431
20241107_095847_714332173,0.30416414
20241107_095847_967013044,0.01779745
20241107_095848_213834892,-0.19194768
20241107_095848_464761450,-0.3488597
20241107_095848_715306801,0.15641049
20241107_095848_969392980,0.25215542
20241107_095849_225693093,0.20972632
20241107_095849_474140967,0.24560477
20241107_095849_722224482,0.007902632
20241107_095849_968831335,-0.10647952
20241107_095850_219687495,-0.41755512
20241107_095850_470256693,-0.10482442
20241107_095850_720064781,-0.56597984
20241107_095850_975957776,-2.2034702
20241107_095851_219730288,0.73679715
20241107_095851_480150691,0.8246477
20241107_095851_729820302,0.54218155
20241107_095851_985863926,0.46188185
20241107_095852_482073092,0.42670375
20241107_095852_736746872,0.4296266
20241107_095852_984618256,0.50420094
20241107_095853_237671684,0.50438946
20241107_095853_484845161,0.5478358
20241107_095853_735858775,0.90023607
20241107_095853_979823041,1.1490651
20241107_095854_225305715,0.8036915
20241107_095854_479777262,0.72413373
20241107_095854_727845693,0.69292796
20241107_095855_225250747,0.66734874
20241107_095855_475404499,0.65328425
20241107_095855_970696730,0.5777016
20241107_095856_473173771,0.5248345
20241107_095856_969739647,0.84373903
20241107_095857_218585819,0.70540833
20241107_095857_472106695,0.20555334
20241107_095857_969421825,0.23317029
20241107_095858_214708562,0.29904774
20241107_095858_464417468,0.34659603
20241107_095858_718662122,0.4919586
20241107_095858_968592479,0.61462784
20241107_095859_214701750,0.2248445
20241107_095859_469741377,0.7003621
20241107_095859_727202079,0.18591604
20241107_095859_972121998,-0.0439355
20241107_095900_218210483,-0.75601715
20241107_095900_477529566,-0.08533325
20241107_095900_722742409,-0.20295127
20241107_095900_979900358,-0.30361235
20241107_095901_229104464,-0.8670617
20241107_095901_482129727,-0.74725336
20241107_095901_723183416,-0.75619435
20241107_095901_973534531,1.0320294
20241107_095902_221651234,-0.0351583
20241107_095902_479601295,0.006717274
20241107_095902_729319621,-0.47715944
20241107_095902_996821912,-1.6230284
20241107_095903_239042968,-0.7262755
20241107_095903_475979017,-0.43403155
20241107_095903_720052089,-0.4076804
20241107_095903_968060800,-0.42549682
20241107_095904_219347052,-0.39840916
20241107_095904_466270042,0.69814426
20241107_095904_714682008,0.62442935
20241107_095904_965240282,0.4491517
20241107_095905_215738319,0.4617087
20241107_095905_471491500,0.55995697
20241107_095905_726735114,-0.15930332
20241107_095905_991531543,-0.33473393
20241107_095906_258289636,0.39778474
20241107_095906_509088376,0.029603323
20241107_095906_751285744,-0.049440168
20241107_095906_993029171,0.09412799
20241107_095907_233503366,0.034660257
20241107_095907_478564642,-0.020855209
20241107_095907_728492460,-0.05023136
20241107_095908_227625224,-0.076962195
20241107_095908_726895524,-0.09109255
20241107_095908_983598030,-0.08315035
20241107_095909_222059414,-0.10460337
20241107_095909_471132822,-0.13344909
20241107_095909_716981851,-0.12555565
20241107_095909_974058766,-0.13723071
20241107_095910_220285080,-0.43839276
20241107_095910_475868052,0.599232
20241107_095910_725947158,0.46128836
20241107_095910_977374660,0.30835745
20241107_095911_228906418,0.58942574
20241107_095911_485780758,0.52672726
20241107_095911_729114100,0.15432544
20241107_095911_980825149,0.060052797
20241107_095912_221101210,0.40303263
20241107_095912_473469109,0.29936102
20241107_095912_722113493,0.4345167
20241107_095912_972982519,0.31175208
20241107_095913_220179422,0.30027032
20241107_095913_721685585,0.4110343
20241107_095913_973768115,0.66718787
20241107_095914_216988083,0.70694447
20241107_095914_469722764,0.6304729
20241107_095914_714620870,0.28634286
20241107_095914_967616718,0.05628016
20241107_095915_214773163,0.2535922
20241107_095915_469924053,0.33135873
20241107_095915_727005153,0.3562295
20241107_095915_978808348,-0.042971455
20241107_095916_219724381,-0.07297202
20241107_095916_467595803,-0.6181411
20241107_095916_715835303,0.9176183
20241107_095916_973458690,0.28305924
20241107_095917_225741362,-0.55008906
20241107_095917_722452411,-0.4775011
20241107_095917_982220317,-0.80249476
20241107_095918_476771252,-0.7768548
20241107_095919_479868162,-0.85140175
20241107_095919_719125151,-1.2201933
20241107_095919_968096871,-0.28335264
20241107_095920_219777842,-0.25899038
20241107_095920_476932719,0.5579983
20241107_095920_717108315,0.46270287
20241107_095920_968081894,0.25615603
20241107_095921_222046454,0.35186365
20241107_095921_717455994,0.37558264
20241107_095921_969539137,0.48148367
20241107_095922_471642669,0.11593523
20241107_095922_717764686,0.061471112
20241107_095922_968185350,0.148693
20241107_095923_214223756,0.13064443
20241107_095923_465151558,0.12488883
20241107_095923_978148707,0.13438086
20241107_095924_230528562,0.20417382
20241107_095924_477222251,0.19306076
20241107_095924_724836342,0.1630709
20241107_095924_972038106,0.11763414
20241107_095925_218345447,0.19561489
20241107_095925_717449078,0.16404702
20241107_095925_971006446,0.05338359
20241107_095926_216311389,0.12917395
20241107_095926_465041088,0.11355024
20241107_095926_725028200,0.14247943
20241107_095926_970699130,-0.28314447
20241107_095927_218664271,-0.3282877
20241107_095927_474453111,-0.31916115
20241107_095927_724343470,0.066836394
20241107_095927_974676299,0.43279395
20241107_095928_218257147,0.30441433
20241107_095928_468248365,-0.19097349
20241107_095928_715941520,-0.004004894
20241107_095928_965364421,0.05071242
20241107_095929_217188949,0.08629636
20241107_095929_483814055,-0.026166892
20241107_095929_714254575,0.14723356
20241107_095930_210722483,0.14083861
20241107_095930_463260442,0.17266592
20241107_095930_720346337,0.15635827
20241107_095930_974686084,0.08860051
20241107_095931_223068282,-0.21516024
20241107_095931_728175337,0.31309953
20241107_095931_983069658,0.45111316
20241107_095932_220712397,0.49500856
20241107_095932_472639573,0.6393224
20241107_095932_722124854,0.42924774
20241107_095932_980016085,0.51250404
20241107_095933_226701084,-0.193976
20241107_095933_479078249,-0.40971613
20241107_095933_722648535,-0.3257318
20241107_095933_975374943,-0.38597295
20241107_095934_214007414,0.6133666
20241107_095934_466395641,0.15706356
20241107_095934_715234157,0.40147886
20241107_095934_966400618,0.6171609
20241107_095935_218304880,0.42818066
20241107_095935_725595145,0.6129819
20241107_095935_973882840,1.040353
20241107_095936_220154196,0.8340442
20241107_095936_466787495,0.61286694
20241107_095936_714207355,0.8753029
20241107_095936_965103367,0.756449
20241107_095937_215922465,0.6698234
20241107_095937_468758162,0.70347416
20241107_095937_714165262,0.6669294
20241107_095937_966609009,0.7085624
20241107_095938_215847526,0.6435066
20241107_095938_470767588,0.4995971
20241107_095938_721086632,0.57931596
20241107_095938_967561343,0.6255824
20241107_095940_712928282,0.7038283
20241107_095940_963504054,0.18977533
20241107_095941_212642101,0.28325385
20241107_095941_467041314,0.2867046
20241107_095941_966818466,0.3858239
20241107_095942_213701403,0.8179041
20241107_095942_464265416,0.6932157
20241107_095942_964510398,0.61134523
20241107_095943_467108756,0.611602
20241107_095943_713125642,0.18163121
20241107_095943_967065341,0.003816003
20241107_095944_217524827,0.081791215
20241107_095944_468108835,0.092190765
20241107_095944_710189843,-0.70114774
20241107_095944_962370051,-0.47007897
20241107_095945_213171448,-0.17454797
20241107_095945_461776795,-0.21680327
20241107_095945_720245338,-0.24623628
20241107_095945_972451165,-0.5467834
20241107_095946_217716679,-0.40778723
20241107_095946_462993368,-0.5935293
20241107_095946_713581944,-0.5179033
20241107_095947_211383275,-0.5568565
20241107_095947_710935537,-0.56695265
20241107_095947_965121714,-0.517826
20241107_095948_217567992,-0.79989284
20241107_095948_469135285,-0.82297266
20241107_095948_723290470,-0.733076
20241107_095949_217831853,-1.1593243
20241107_095949_470094807,-0.29108945
20241107_095949_714595681,0.038914658
20241107_095949_964368058,0.14834332
20241107_095950_214798655,0.18199337
20241107_095950_477279992,0.042104393
20241107_095950_718295828,0.19788688
20241107_095950_968153334,0.1972904
20241107_095951_468492492,0.38148484
20241107_095951_720344665,0.26597974
20241107_095951_973910626,0.2460172
20241107_095952_214217607,0.13507095
20241107_095952_471074389,0.40353233
20241107_095952_715306982,0.24064042
20241107_095952_969409462,0.30365467
20241107_095953_213357904,0.33412367
20241107_095953_463609319,0.4462607
20241107_095953_972960254,0.39811602
20241107_095954_218066560,0.7634953
20241107_095954_472144509,0.6508026
20241107_095954_718936057,0.70451874
20241107_095954_966330100,0.5775391
20241107_095955_216787359,0.7291586
20241107_095955_714423255,0.22450875
20241107_095955_970104811,-0.79003143
20241107_095956_214132976,-0.5678185
20241107_095956_471052913,-1.101545
20241107_095956_716839481,-0.99195725
20241107_095956_966340718,-0.90274364
20241107_095957_213081766,-0.9375256
20241107_095957_466616592,-0.8258296
20241107_095957_723237491,-0.6464647
20241107_095957_967809502,-0.011606151
20241107_095958_224252737,0.4746833
20241107_095958_477016672,1.342985
20241107_095958_723364139,0.92975456
20241107_095958_971163038,0.027006758
20241107_095959_219009236,-0.03577834
20241107_095959_470756645,-0.35393384
20241107_095959_739093164,-0.24430422
20241107_095959_997255229,-0.6845111
20241107_100000_242986689,-0.40884933
20241107_100000_492415838,0.124778666
20241107_100000_736604536,-0.2697245
20241107_100000_985361498,-0.11426451
20241107_100001_230245459,-0.06253531
20241107_100001_484087423,-0.42606723
20241107_100001_732701566,-0.37109652
20241107_100001_985497363,-0.33959994
20241107_100002_232201877,-0.34854838
20241107_100002_489678768,-0.28743428
20241107_100002_732456020,-0.30312073
20241107_100002_987045246,0.47281453
20241107_100003_223720848,0.4150314
20241107_100003_480282271,-0.0833778
20241107_100003_722534268,0.5383128
20241107_100003_972713869,0.10447522
20241107_100004_224405659,0.13131498
20241107_100004_474122876,-0.025719007
20241107_100004_717706413,-0.06829514
20241107_100004_966343622,-0.4429221
20241107_100005_221827883,-1.2088116
20241107_100005_479208098,0.29962686
20241107_100005_728165967,0.26722166
20241107_100005_979469473,-0.570015
20241107_100006_223413118,-0.71345234
20241107_100006_484015851,-0.3757778
20241107_100006_728225814,-0.20398368
20241107_100006_973993559,-0.08995905
20241107_100007_220995181,0.253782
20241107_100007_488132171,0.57811314
20241107_100007_727740834,0.27144232
20241107_100008_219819481,0.22136958
20241107_100008_474988619,0.32126674
20241107_100008_970448422,0.23882751
20241107_100009_217134054,0.042636015
20241107_100009_467028148,0.3097165
20241107_100009_714742490,0.20968325
20241107_100009_964543952,0.2583585
20241107_100010_213231120,0.19620828
20241107_100010_467984743,-0.25430724
20241107_100010_717915716,-0.6319543
20241107_100010_974507260,-0.14969413
20241107_100011_235045147,-0.11752512
20241107_100011_478033150,-0.12393164
20241107_100011_723226177,-0.08553203
20241107_100011_971299160,-0.06913688
20241107_100012_217431087,0.07677906
20241107_100012_468050994,0.49465886
20241107_100012_718439726,0.3558713
20241107_100012_972265505,0.45818073
20241107_100013_218591364,0.18747996
20241107_100013_468009393,0.010187814
20241107_100013_964266720,-0.03637495
20241107_100014_214166999,-0.16577049
20241107_100014_467766734,-0.18512483
20241107_100014_714603401,-0.21805365
20241107_100014_972127019,-0.33438715
20241107_100015_219899299,-0.8643047
20241107_100015_469652020,-1.7226795
20241107_100015_741754931,-1.5112426
20241107_100015_977489431,0.47991857
20241107_100016_225523397,0.4421272
20241107_100016_489250507,0.44812405
20241107_100016_729606999,0.3665697
20241107_100017_481675436,0.35927752
20241107_100017_724834596,0.3896616
20241107_100017_971910227,0.17999184
20241107_100018_215619985,-0.1940008
20241107_100018_473422661,-0.39611295
20241107_100018_734424468,0.13712873
20241107_100018_979757262,0.39496708
20241107_100019_224619921,0.6128466
20241107_100019_471248578,0.36617434
20241107_100019_725874085,0.30899453
20241107_100020_001831816,0.39568353
20241107_100020_233214689,0.5862609
20241107_100020_478610665,0.5732326
20241107_100020_728415172,0.48390344
20241107_100020_982595598,0.19262889
20241107_100021_226050219,0.5902634
20241107_100021_473379233,0.40401572
20241107_100021_729215383,0.15771776
20241107_100021_976269786,-0.7161023
20241107_100022_226419171,0.0033755992
20241107_100022_477990979,-0.051620983
20241107_100022_724295710,0.58872986
20241107_100022_973520936,-0.004181167
20241107_100023_228722626,-0.06935724
20241107_100023_973786225,-0.11515742
20241107_100024_220359902,-0.1023178
20241107_100024_471941323,-0.66107935
20241107_100024_721510679,-0.18561994
20241107_100024_971958060,-0.28845003
20241107_100025_217242318,-0.58695775
20241107_100025_467772720,-0.5738224
20241107_100025_727290090,-0.8457005
20241107_100025_978594162,-0.74051833
20241107_100026_223385190,-0.60849833
20241107_100026_471605571,-0.49430218
20241107_100026_722092820,-0.47967294
20241107_100026_987638958,-0.40709993
20241107_100027_228034246,-0.27200451
20241107_100027_474182427,-0.27030542
20241107_100027_730655333,-0.2997061
20241107_100028_470106153,-0.40851057
20241107_100028_715857511,-0.39862782
20241107_100028_963604607,-0.33623222
20241107_100029_477679375,-0.31899205
20241107_100029_964521204,-0.3032089
20241107_100030_464696606,-1.0625223
20241107_100030_711577777,-0.43071765
20241107_100031_214499911,-0.3056255
20241107_100031_468944555,-0.54554313
20241107_100031_969072592,-0.28030264
20241107_100032_214383058,-0.20216285
20241107_100032_716558803,0.095208935
20241107_100032_966348817,0.061713256
20241107_100033_215233139,-0.00090015493
20241107_100033_463332465,-0.0069904383
20241107_100033_710227149,-0.012330538
20241107_100033_963604318,-0.025080224
20241107_100034_214237487,-0.02044796
20241107_100034_468850278,-0.016486844
20241107_100034_719248593,-0.05896678
20241107_100035_214848074,-0.054006778
20241107_100035_464246994,0.04138965
20241107_100036_472494947,0.0066515896
20241107_100036_967190731,0.062739305
20241107_100037_473104408,0.15936567
20241107_100037_720834664,0.20095493
20241107_100037_965942025,0.17065553
20241107_100038_464928654,0.22708075
20241107_100038_716587792,0.094088666
20241107_100038_966767349,-0.14541505
20241107_100039_219587309,-0.0825587
20241107_100039_465484971,-0.21110882
20241107_100039_960163904,-0.5504501
20241107_100040_209893203,-0.48292097
20241107_100040_718615497,-0.43576482
20241107_100040_969151146,-0.012716373
20241107_100041_221777525,0.359493
20241107_100041_471306757,0.08143509
20241107_100041_727716776,0.29820174
20241107_100041_975486407,0.100836195
20241107_100042_218271923,0.43083248
20241107_100042_469760519,0.4212428
20241107_100043_462980115,0.45605043
20241107_100043_965875833,0.40928218
20241107_100044_467084219,0.6148318
20241107_100044_720354958,0.6529103
20241107_100045_223499561,0.7583536
20241107_100045_470386659,0.90580004
20241107_100045_721667076,-0.20975484
20241107_100045_974920802,-0.52850085
20241107_100046_219438701,-0.049541257
20241107_100046_468590029,-0.05357396
20241107_100046_712934058,-0.11695174
20241107_100046_964685572,-0.39001048
20241107_100047_211909824,-0.74345624
20241107_100047_472367499,-0.94695485
20241107_100047_719540349,-0.0263096
20241107_100047_972451042,-0.014537176
20241107_100048_227918240,0.5093654
20241107_100048_476795490,-0.042435102
20241107_100048_727120169,0.098758705
20241107_100048_978567548,-0.06521656
20241107_100049_223310196,0.03165541
20241107_100049_469746852,0.04462669
20241107_100049_718280296,0.16413267
20241107_100050_213995053,0.18569365
20241107_100050_470115077,0.36628565
20241107_100050_716144770,0.48778793
20241107_100050_965780457,1.1100153
20241107_100051_216031696,0.48620954
20241107_100051_467927949,0.23642083
20241107_100051_722198558,-0.3333138
20241107_100051_973777075,-0.39302638
20241107_100052_221750802,0.14673162
20241107_100052_472471303,0.29402745
20241107_100052_719531744,0.3833428
20241107_100052_972691226,0.26456
20241107_100053_219763445,0.3693029
20241107_100053_464823230,0.3952482
20241107_100054_215269496,0.6406654
20241107_100054_468493353,0.5250017
20241107_100054_966355756,0.3501219
20241107_100055_213331825,0.3798745
20241107_100055_468998736,0.2903401
20241107_100055_969729110,0.29684734
20241107_100056_225460878,0.5453747
20241107_100056_473023185,1.2513508
20241107_100056_720333846,0.6863262
20241107_100056_967362060,0.45640296
20241107_100057_217182323,-0.0122241285
20241107_100057_466482669,-0.07703837
20241107_100057_717119516,-0.21094999
20241107_100057_964894000,-0.12033402
20241107_100058_714127257,0.10897092
20241107_100058_963199566,0.056822486
20241107_100059_218671140,0.013957152
20241107_100059_475227052,-0.12680559
20241107_100059_730745297,-0.05975368
20241107_100059_974702512,-0.08531996
20241107_100100_222965441,0.029576937
20241107_100100_478649814,-0.14878027
20241107_100100_728927946,-0.4122972
20241107_100100_980399945,-0.39579898
20241107_100101_234000388,-0.18899618
20241107_100101_491936469,-0.08522907
20241107_100101_729885133,-0.06812506
20241107_100101_982529995,0.13165863
20241107_100102_222550296,0.26100737
20241107_100102_480966979,0.2979644
20241107_100102_725240573,0.51551634
20241107_100102_978577267,0.77764493
20241107_100103_226667830,0.54240024
20241107_100103_723460191,0.20555462
20241107_100103_980701645,0.2009839
20241107_100104_225938267,0.052336372
20241107_100104_477198716,-0.08357481
20241107_100104_722912135,-0.26137993
20241107_100104_985284504,-0.027208319
20241107_100105_221795282,-0.30507967
20241107_100107_465213583,-0.07269918
20241107_100108_217060051,-0.068736695
20241107_100108_470483178,0.115047984
20241107_100108_717677068,0.0030983482
20241107_100108_974115761,0.27929053
20241107_100109_232561658,-0.5993838
20241107_100109_489926294,0.5502886
20241107_100109_744349484,0.4745157
20241107_100110_002732295,0.32096782
20241107_100110_224659398,0.21782242
20241107_100110_471409487,0.0716219
20241107_100110_722100672,0.057565637
20241107_100110_969106080,0.0744277
20241107_100111_965423978,0.03926707
20241107_100112_467698128,-0.17929085
20241107_100112_716706721,-0.37703294
20241107_100112_964958904,-0.30714783
20241107_100113_213154220,-0.23526074
20241107_100113_469143712,-0.2130528
20241107_100113_715343249,-0.19252269
20241107_100113_973580106,-0.18274459
20241107_100114_218352886,-0.0922915
20241107_100114_461316140,-0.08710729
20241107_100114_711199483,-0.22168832
20241107_100115_459906003,-0.067200534
20241107_100115_967372475,-0.06306567
20241107_100116_462783592,-0.011137089
20241107_100117_212323427,0.036442764
20241107_100117_463002705,-0.011904767
20241107_100117_962179661,-0.035765193
20241107_100118_213255995,-0.050675027
20241107_100118_465027263,-0.06113606
20241107_100118_712540603,-0.062859796
20241107_100118_972751833,-0.060125016
20241107_100119_469535726,-0.060186975
20241107_100120_210089648,-0.058007024
20241107_100120_462467206,0.01810495
20241107_100120_957529730,-0.0022113528
20241107_100121_206757465,-0.033966236
20241107_100121_458050082,-0.037055157
20241107_100121_711138123,-0.04249697
20241107_100121_958512797,-0.04488542
20241107_100124_211134397,0.028978625
20241107_100124_459341991,0.09011286
20241107_100124_958990103,0.08484713
20241107_100125_211856971,0.035067506
20241107_100125_465638436,0.015350232
20241107_100125_713386458,0.014590124
20241107_100125_963494702,0.016380528
20241107_100126_213225986,0.009818772
20241107_100126_463031265,0.0049409065
20241107_100127_210368163,0.0013512466
20241107_100127_458537693,-0.11244058
20241107_100127_708794453,-0.117078535
20241107_100127_958982969,-0.11370807
20241107_100128_213945827,-0.07323804
20241107_100128_723408366,-0.23835461
20241107_100128_978663750,-0.37072372
20241107_100129_240221706,-0.55105346
20241107_100129_515736537,-0.6493721
20241107_100129_724095075,0.47012416
20241107_100129_978300242,0.5756129
20241107_100130_224399176,0.13984905
20241107_100130_475850122,-0.031407677
20241107_100130_728188494,0.46536598
20241107_100130_975647719,0.37783593
20241107_100131_226374123,0.3640161
20241107_100131_712805681,0.2373176
20241107_100131_973486821,0.25069752
20241107_100132_467964390,0.24192135
20241107_100132_715607101,0.26220968
20241107_100132_970692238,0.22971009
20241107_100133_219568497,0.35955998
20241107_100133_470439648,0.2457261
20241107_100134_472206698,0.22373386
20241107_100134_965225080,0.20462747
20241107_100137_213117376,0.1700467
20241107_100137_472960869,0.14448445
20241107_100138_213446965,0.18079872
20241107_100138_463281990,0.32234845
20241107_100138_963484668,0.24755956
20241107_100140_210368033,0.20526125
20241107_100140_961922733,0.7403224
20241107_100141_212548419,0.7119469
20241107_100141_713739964,1.0523667
20241107_100143_714594436,0.4852591
20241107_100143_966772809,0.08887289
20241107_100144_215947529,0.14309119
20241107_100144_719651640,0.737286
20241107_100144_966245814,-0.3333358
20241107_100145_216427782,0.16402912
20241107_100145_475716314,0.19315082
20241107_100145_729597631,0.11832797
20241107_100145_979022613,0.16902496
20241107_100146_225989953,0.09909887
20241107_100146_481343703,0.048361756
20241107_100146_973979537,0.094383724
20241107_100147_219084894,0.22010456
20241107_100147_468932469,0.6550145
20241107_100147_727080701,2.0049784
20241107_100147_971494145,3.623281
20241107_100148_217752020,2.7231722
20241107_100148_464905631,0.5912585
20241107_100148_716970157,-0.79139125
20241107_100148_967266051,-0.8209718
20241107_100149_216965315,-0.7467487
20241107_100149_468680925,0.6003518
20241107_100149_718135834,-0.38072652
20241107_100149_971235602,-0.087337874
20241107_100150_216903376,0.10522074
20241107_100150_466079347,0.058551975
20241107_100150_717693348,-0.08663755
20241107_100150_970177510,0.03883452
20241107_100151_228104594,-0.007089397
20241107_100151_482009484,0.298855
20241107_100151_722417807,-0.71742314
20241107_100151_972703404,-0.6451179
20241107_100152_215370156,-0.5325802
20241107_100152_467567705,-0.45895395
20241107_100152_713347545,-0.49284974
20241107_100152_964225646,-0.46194297
20241107_100153_718490435,-0.3806953
20241107_100153_966191842,0.8720317
20241107_100154_211521134,0.026815454
20241107_100154_463208913,0.30337504
20241107_100154_713767788,0.32288247
20241107_100154_964136929,0.36157605
20241107_100155_216408864,0.21155785
20241107_100155_720393388,1.4479784
20241107_100155_982502227,-0.4842297
20241107_100156_232596137,0.39687505
20241107_100156_493479290,0.1307767
20241107_100156_735795409,0.010627368
20241107_100157_232169390,0.045675375
20241107_100157_480717668,0.10168687
20241107_100157_724520136,0.08918277
20241107_100157_974895185,0.11444328
20241107_100158_214398297,-0.024519643
20241107_100158_467794042,-0.37916765
20241107_100158_714982411,-0.14971553
20241107_100158_963517901,-0.16983171
20241107_100159_210074780,-0.12867709
20241107_100159_460175790,0.6611729
20241107_100159_709248209,0.033371843
20241107_100159_964419369,0.040283658
20241107_100200_217736731,0.089660265
20241107_100200_731643125,0.15506779
20241107_100200_978954838,-0.0411677
20241107_100201_228253142,1.5177944
20241107_100201_478735424,0.5301739
20241107_100201_730062667,0.5630698
20241107_100201_975350651,-0.45790234
20241107_100202_229850634,0.4458367
20241107_100202_479080546,-0.08115111
20241107_100202_728360841,-0.5679892
20241107_100202_974772371,0.46236983
20241107_100203_223521850,0.45907027
20241107_100203_479451543,-0.41823295
20241107_100203_724829632,-0.59019077
20241107_100203_971706964,-1.3303639
20241107_100204_216092024,1.039882
20241107_100204_477665766,-0.83193964
20241107_100204_733767092,-0.29940918
20241107_100204_983408705,-0.27457923
20241107_100205_221253286,0.3281701
20241107_100205_473506401,0.3665596
20241107_100205_718433469,0.2817606
20241107_100205_976223989,0.5873167
20241107_100206_215005167,0.41001955
20241107_100206_461697557,1.170611
20241107_100206_712284040,0.5677884
20241107_100206_970207254,0.35294613
20241107_100207_215015746,0.21022268
20241107_100207_469167745,-0.011773339
20241107_100207_709770633,0.41078675
20241107_100208_207188496,0.92440206
20241107_100208_461360457,0.09199757
20241107_100208_710522345,-0.12223359
20241107_100208_966670532,0.0010944996
20241107_100209_223072553,-0.0567834
20241107_100209_468796064,-0.9682311
20241107_100209_719489661,-0.9211688
20241107_100209_966003324,0.58101076
20241107_100210_218964231,0.48362127
20241107_100210_470480328,0.76271135
20241107_100210_715819878,0.1890434
20241107_100210_968544903,-0.8438495
20241107_100211_221812950,-0.49660382
20241107_100211_466763802,-0.26239926
20241107_100211_710430619,-0.22405538
20241107_100211_961292975,-0.31427082
20241107_100212_211045461,-0.5615043
20241107_100212_462862645,-0.5180822
20241107_100212_712329389,-0.66478735
20241107_100212_963517995,-0.07440796
20241107_100213_210509654,-0.011956099
20241107_100213_463411455,-0.023938287
20241107_100213_713836469,0.26297826
20241107_100213_968655808,0.24830736
20241107_100214_212606233,0.2777657
20241107_100214_463659823,0.19882448
20241107_100214_957857031,0.3529332
20241107_100215_212953919,0.216307
20241107_100215_464663945,0.2560374
20241107_100215_714534431,0.3009588
20241107_100215_961972817,0.3839787
20241107_100216_211161403,0.116857626
20241107_100216_461710340,-0.04429939
20241107_100216_713900057,-0.001751503
20241107_100216_966709732,0.18964678
20241107_100217_712331544,-0.14098844
20241107_100217_965214960,0.45658183
20241107_100218_215018925,0.07065455
20241107_100218_465052957,0.25846842
20241107_100218_711086057,0.20472287
20241107_100218_958585404,0.040373363
20241107_100219_206308874,0.1513953
20241107_100219_460423017,0.13289742
20241107_100219_960414949,0.12847356
20241107_100220_207263336,0.3597155
20241107_100220_459401439,0.23057882
20241107_100220_715596463,0.5791797
20241107_100220_970189343,0.35465652
20241107_100222_471094233,0.3025718
20241107_100223_219966727,0.4001353
20241107_100223_711381252,-0.08573317
20241107_100223_962751891,0.050421454
20241107_100224_462794903,0.09245432
20241107_100224_960894625,0.10538898
20241107_100225_211754835,0.11965112
20241107_100225_458930999,-2.1827161
20241107_100225_708916188,0.29330048
20241107_100225_962676413,-0.109430544
20241107_100226_212589927,-0.22899418
20241107_100226_462216861,-0.063706
20241107_100226_711579214,0.01706181
20241107_100226_961321554,-0.09104671
20241107_100227_206330798,-0.16784133
20241107_100227_456987233,0.14836353
20241107_100227_706950521,0.22711615
20241107_100227_958908311,0.05213294
20241107_100228_462386908,0.10677645
20241107_100228_966490442,0.033408172
20241107_100229_214596863,-0.060867034
20241107_100229_486701532,0.16496791
20241107_100229_714398175,0.74397314
20241107_100229_962463557,0.2927444
20241107_100230_213060116,0.23609535
20241107_100230_474227509,0.10632492
20241107_100230_720214013,-0.20325834
20241107_100230_982560704,-0.35491738
20241107_100231_224338213,0.24580844
20241107_100231_474812392,0.28215048
20241107_100231_716789889,0.40683714
20241107_100231_974179067,0.78027135
20241107_100232_220082677,0.5459955
20241107_100232_473887811,0.45822412
20241107_100232_722723506,0.29970574
20241107_100233_467602935,-0.6601027
20241107_100233_717267105,-0.01496313
20241107_100233_969974883,-0.20285974
20241107_100234_215657854,-1.0395405
20241107_100234_464612202,-0.977847
20241107_100234_714638744,0.89069176
20241107_100234_969819576,0.3378955
20241107_100235_215573953,0.06693528
20241107_100235_466952572,0.41841534
20241107_100235_711019960,0.3358321
20241107_100235_959920169,0.9809697
20241107_100236_208920791,0.006894933
20241107_100236_458865213,0.25932023
20241107_100236_707386285,0.9535348
20241107_100236_961535300,0.6368187
20241107_100237_213621161,0.016468907
20241107_100237_471298373,-0.8795598
20241107_100237_718487815,-0.46158424
20241107_100237_971068835,-0.22664237
20241107_100238_468944998,-0.021931825
20241107_100238_709874337,-0.024590613
20241107_100238_962186252,0.35008338
20241107_100239_209582885,0.25524384
20241107_100239_459708265,0.1553142
20241107_100239_707766497,0.26708287
20241107_100239_960729401,0.45088738
20241107_100240_206489740,-0.031993203
20241107_100240_463497370,0.05611571
20241107_100240_712508821,0.072720416
20241107_100241_462728048,0.044695683
20241107_100241_711439107,-0.08117708
20241107_100241_965977115,-0.069534235
20241107_100243_466454949,-0.016797801
20241107_100243_711035786,0.14631191
20241107_100243_963742043,0.30671716
20241107_100244_224796241,-0.76232594
20241107_100244_464640030,-0.37691197
20241107_100244_725435363,-0.18832834
20241107_100244_973003678,-0.27393198
20241107_100245_219088462,-0.29646656
20241107_100245_467598694,-0.29894373
20241107_100245_725706964,-0.9273918
20241107_100245_969542699,-0.1280508
20241107_100246_216973037,-0.14037366
20241107_100246_469560162,-0.12020346
20241107_100246_716763209,-0.10260614
20241107_100246_967080455,0.0058308635
20241107_100247_210454411,-0.0909045
20241107_100247_462276974,-0.1612577
20241107_100247_712635215,-0.32298812
20241107_100247_965600488,-0.2717555
20241107_100248_212256617,-0.10255166
20241107_100248_459710462,-0.10437705
20241107_100248_710897737,-0.19268356
20241107_100249_212627415,0.0745934
20241107_100249_464917734,0.15837471
20241107_100249_710662874,0.12035713
20241107_100249_974037164,0.07419572
20241107_100250_210594540,0.02586619
20241107_100250_459838291,-0.046706997
20241107_100250_711104056,-0.043520115
20241107_100250_963419687,0.011323402
20241107_100251_463983845,-0.05941709
20241107_100251_965947233,0.920907
20241107_100252_223761102,0.67895734
20241107_100252_474617266,2.0769808
20241107_100252_733407568,1.6736418
20241107_100252_986930071,0.3914026
20241107_100253_227597322,0.5026336
20241107_100253_479189144,0.49354956
20241107_100253_725293461,0.2518533
20241107_100253_972442374,0.14278512
20241107_100254_216843518,0.13420774
20241107_100254_465399955,0.2293032
20241107_100254_707243251,0.15072836
20241107_100255_209838365,0.28531262
20241107_100255_457855628,0.10991911
20241107_100255_710362885,0.08592764
20241107_100255_959921104,0.09605382
20241107_100256_208299022,0.07168052
20241107_100256_467272086,0.014702538
20241107_100256_711163170,-0.10457941
20241107_100256_959961266,0.12002859
20241107_100257_206857637,-0.21908672
20241107_100257_459018511,0.01768432
20241107_100257_704308153,0.15504359
20241107_100257_955816567,0.29554772
20241107_100258_461569795,0.18071876
20241107_100258_706900472,0.4054403
20241107_100259_213594684,0.19546579
20241107_100259_464803294,0.2332821
20241107_100259_717323625,0.18888609
20241107_100259_973637483,0.16930638
20241107_100300_226124663,0.16177158
20241107_100300_471296262,-0.09386078
20241107_100300_725119278,-0.56735
20241107_100300_980830262,-1.3412167
20241107_100301_231882068,0.009086089
20241107_100301_482833461,-0.05129131
20241107_100301_731844003,-0.17977287
20241107_100301_982051028,-1.015995
20241107_100302_220636704,-0.75198585
20241107_100302_471865562,0.5747898
20241107_100302_719900265,0.33388796
20241107_100302_969594261,-0.20568101
20241107_100303_220716266,-0.008865675
20241107_100303_468393954,0.11458746
20241107_100303_716504041,0.083503045
20241107_100304_221054385,0.030694583
20241107_100304_721165842,0.06639973
20241107_100304_972773870,0.36545083
20241107_100305_216862478,0.27894738
20241107_100305_463675513,-0.301448
20241107_100305_716338185,-0.4865034
20241107_100305_965390257,0.77250904
20241107_100306_216232515,0.16089116
20241107_100306_471159628,0.061670758
20241107_100306_717097894,0.11700717
20241107_100306_976132910,0.1906511
20241107_100307_226744802,0.13671218
20241107_100307_479847879,0.19819658
20241107_100307_972661492,0.043334402
20241107_100308_213927246,0.11928866
20241107_100308_467193510,0.12868015
20241107_100309_219287993,0.1729605
20241107_100309_465978226,0.13505737
20241107_100310_463527300,-0.045249604
20241107_100310_711330140,-0.20744322
20241107_100310_962467451,-0.2936157
20241107_100311_210565144,-0.32430157
20241107_100311_466263236,-0.8120855
20241107_100311_712817676,-0.36681858
20241107_100311_961773713,-0.3502852
20241107_100312_216229037,-0.28991607
20241107_100312_711008744,-0.29303175
20241107_100312_959408543,-0.3995044
20241107_100313_208905611,-0.35059226
20241107_100313_459110874,-1.2323154
20241107_100313_711580509,-0.7093148
20241107_100313_958878792,-0.442502
20241107_100314_208031414,-0.40754342
20241107_100314_462122063,-0.2857719
20241107_100314_711816510,-0.3271873
20241107_100314_962803546,-0.59083974
20241107_100315_208608693,-1.65321
20241107_100315_457866497,-1.360936
20241107_100315_707591597,-0.14545853
20241107_100315_963262315,-0.17002518
20241107_100316_216441042,-0.15787168
20241107_100316_467322317,-0.02273358
20241107_100316_712333427,-0.078872465
20241107_100316_963946230,-0.02854695
20241107_100317_215810332,-0.013329705
20241107_100317_462501034,-0.08504828
20241107_100317_710727920,-0.15388538
20241107_100317_961569072,-0.28846642
20241107_100318_208651715,-0.29185936
20241107_100318_459063138,-0.57917535
20241107_100318_709359947,-1.3131621
20241107_100318_966835866,0.7831335
20241107_100319_219208498,1.0135663
20241107_100319_468310598,0.3131025
20241107_100319_709369785,0.14283042
20241107_100319_963851347,1.2152772
20241107_100320_211412808,0.57947534
20241107_100320_465681553,0.5678789
20241107_100320_715774493,1.6019307
20241107_100320_975707838,-0.7828095
20241107_100321_218269841,0.29060525
20241107_100321_473668513,0.38153026
20241107_100321_721790885,0.4387136
20241107_100321_970985199,0.88476497
20241107_100322_219897590,0.1679909
20241107_100322_471693972,-0.9596234
20241107_100322_724799431,-1.1583261
20241107_100322_971101814,0.46954405
20241107_100323_223060566,-0.034420215
20241107_100323_470160869,-0.049498223
20241107_100323_721459505,-0.11322149
20241107_100323_975590510,-0.11494657
20241107_100324_215076654,-0.13660099
20241107_100324_461804381,-0.081929766
20241107_100324_715418005,-0.077355765
20241107_100324_967090451,-0.07853039
20241107_100325_467160447,-0.025043746
20241107_100325_729814260,0.13008602
20241107_100325_977706125,0.1737262
20241107_100326_225966450,1.3356401
20241107_100326_473989157,-0.10547549
20241107_100326_717502765,-0.8151133
20241107_100326_966325523,-0.77939695
20241107_100327_221498602,-0.7007105
20241107_100327_464047103,-1.6037514
20241107_100327_712958701,0.14938109
20241107_100327_966666863,-0.112466715
20241107_100328_218743231,-0.2576324
20241107_100328_465580730,-0.2723131
20241107_100328_719683985,-0.14799096
20241107_100329_222619515,-0.5106386
20241107_100329_492852237,-1.1121382
20241107_100329_723554801,-0.6755409
20241107_100329_973105438,0.094507076
20241107_100330_224844902,-0.11720147
20241107_100330_472558707,-0.20083417
20241107_100330_715352861,-0.15643252
20241107_100330_967855202,-0.26760158
20241107_100331_223185517,-0.23328827
20241107_100331_466570805,-0.4018859
20241107_100331_710153105,-0.15614788
20241107_100331_959615025,-0.10950484
20241107_100332_208820325,0.027240748
20241107_100332_465298849,-0.04966881
20241107_100332_712413700,-0.045653008
20241107_100333_206831576,-0.03260275
20241107_100333_457927855,-0.06741413
20241107_100333_709966029,-0.104322575
20241107_100333_970913316,0.20452975
20241107_100334_212086905,0.10061429
20241107_100334_460242222,-0.19134004
20241107_100334_708630463,-0.27037337
20241107_100334_958212870,-0.1709146
20241107_100335_207581502,-0.12005999
20241107_100335_458991389,-0.011017105
20241107_100335_709795065,0.025636116
20241107_100335_958126053,-0.2494197
20241107_100336_208612815,-0.0250588
20241107_100336_461378886,-0.047325753
20241107_100336_714828069,-0.1870815
20241107_100336_970635101,0.63913625
20241107_100337_218167914,-0.041631423
20241107_100337_465031114,-0.35690993
20241107_100337_715269250,-0.33806813
20241107_100337_967976251,-0.26483873
20241107_100338_218891592,-0.4484669
20241107_100338_461698444,-0.24938683
20241107_100338_714150756,-0.46395874
20241107_100338_969745472,-0.23279284
20241107_100339_962357849,-0.21880256
20241107_100340_461538915,-0.1735947
20241107_100340_712973605,0.27698085
20241107_100340_967238192,-0.5383489
20241107_100341_208676201,-0.71082836
20241107_100341_465064873,-0.30628127
20241107_100341_711382127,0.2839402
20241107_100341_963707991,1.5208892
20241107_100342_210541540,-1.3832023
20241107_100342_460471211,-0.97829485
20241107_100343_460936276,-0.5085199
20241107_100343_709947667,-0.59087366
20241107_100343_958009253,-0.5582041
20241107_100344_711093573,-0.83850265
20241107_100344_958638358,0.4004058
20241107_100345_210195146,0.32107458
20241107_100345_460629520,0.0021542534
20241107_100345_711556002,0.3913339
20241107_100345_964223189,0.13099013
20241107_100346_219948018,0.24843179
20241107_100347_459154722,-0.04929187
20241107_100347_709992812,-0.17037268
20241107_100347_960647175,0.037023403
20241107_100348_208197931,-2.2122972
20241107_100348_461767489,-0.91298306
20241107_100348_712853676,-0.39378646
20241107_100349_210201758,-0.64880383
20241107_100349_462102456,-0.024557678
20241107_100349_711495062,-0.06580349
20241107_100350_207943606,-0.12703903
20241107_100350_456760432,-0.29997298
20241107_100350_957206324,-0.31858104
20241107_100351_205283689,-0.2490523
20241107_100351_457498564,-0.26660147
20241107_100351_707479904,-0.18330608
20241107_100351_959119213,-0.23824556
20241107_100352_209131330,-0.23884524
20241107_100352_459499403,-0.19764306
20241107_100352_709307778,-0.21339191
20241107_100352_959017661,-0.006065637
20241107_100353_713475085,-0.35198182
20241107_100353_962618841,-0.47897425
20241107_100355_708219752,-0.43223277
20241107_100356_964166065,-0.37015417
20241107_100357_211766507,-0.1203301
20241107_100357_467600827,-0.04178636
20241107_100357_715968230,-0.28126004
20241107_100358_474969427,-0.31315807
20241107_100359_219001901,-0.3678816
20241107_100359_468654964,-0.27984267
20241107_100359_715577865,-0.661035
20241107_100359_973508881,-0.32173464
20241107_100400_468925193,-0.3282872
20241107_100401_211946725,-1.0656215
20241107_100401_460108738,-0.35750094
20241107_100401_708085751,0.080074586
20241107_100401_959388815,0.1391414
20241107_100402_208541590,-0.017961165
20241107_100402_468446142,-0.14478053
20241107_100402_715933060,0.28682476
20241107_100402_972784743,2.3190844
20241107_100403_221085892,-0.6455679
20241107_100403_479669048,-0.34232244
20241107_100403_723365600,-0.2538292
20241107_100403_975881400,-0.56478226
20241107_100404_214720523,-0.90988743
20241107_100404_474167966,-0.8628693
20241107_100404_717041085,-1.2917742
20241107_100404_965886980,-0.8205764
20241107_100405_216859696,-0.6178091
20241107_100405_467267052,-0.26266208
20241107_100405_709408811,-0.2876644
20241107_100406_212583827,-0.3194775
20241107_100406_711991169,-0.7397446
20241107_100406_961358427,0.7851159
20241107_100407_210000151,0.07900802
20241107_100407_463985390,0.2561262
20241107_100407_707768345,0.30464318
20241107_100407_966862810,0.18464456
20241107_100408_218864239,0.108419634
20241107_100409_211873458,0.34679887
20241107_100409_468993243,0.23397921
20241107_100409_719099158,0.27209818
20241107_100409_966965361,0.20253684
20241107_100410_218137248,0.82373726
20241107_100410_466500875,0.42485684
20241107_100410_714822476,0.308331
20241107_100410_981046189,0.33802274
20241107_100412_719858862,0.5960005
20241107_100412_969910394,0.46547347
20241107_100413_722974687,1.5954964
20241107_100413_978982873,-0.85907763
20241107_100414_224055777,-0.33662352
20241107_100414_483917748,0.51705813
20241107_100414_722073082,0.6669239
20241107_100414_969458518,0.8318751
20241107_100415_215675896,0.18445574
20241107_100415_464022571,-0.060551763
20241107_100415_715646182,-0.043724246
20241107_100415_969220066,-0.30221006
20241107_100416_217511258,-0.95217425
20241107_100416_478304065,-0.23847081
20241107_100416_978338603,-0.06372663
20241107_100417_226816494,0.6033978
20241107_100417_472577671,0.48813668
20241107_100417_716687138,-0.13611008
20241107_100417_972067406,-0.16883086
20241107_100418_212035835,-0.057789914
20241107_100419_462622258,0.066602625
20241107_100419_712365461,0.19855984
20241107_100420_209613651,-0.04757639
20241107_100420_963540445,0.012983719
20241107_100421_211823224,-0.0015728083
20241107_100421_459790273,0.028840104
20241107_100421_708710503,0.22868435
20241107_100421_961126666,0.2775688
20241107_100422_707969058,0.15226434
20241107_100423_715158786,0.14513628
20241107_100424_458260303,0.09827355
20241107_100424_709170997,0.078847565
20241107_100426_464033231,0.09897987
20241107_100426_712681342,0.109022416
20241107_100426_960548163,-0.17632295
20241107_100427_211910922,-0.10109558
20241107_100427_715425321,0.17588244
20241107_100428_461755377,0.09475953
20241107_100430_459612723,-0.2058721
20241107_100431_220932829,-0.061695687
20241107_100432_461548070,0.013333688
20241107_100432_709448364,0.03820718
20241107_100432_958181747,-0.09827875
20241107_100433_456713616,0.0014360938
20241107_100433_707104853,0.0014513824
20241107_100434_460954093,-0.005027076
20241107_100436_959359731,-0.011188766
20241107_100437_462316197,-0.16329874
20241107_100437_708916656,-0.08151635
20241107_100437_961592659,-0.10070547
20241107_100438_211284510,0.030319663
20241107_100438_464535322,0.11352333
20241107_100438_718068837,0.063027896
20241107_100439_213200141,-0.12695737
20241107_100439_466513788,-0.33556005
20241107_100439_714908130,-0.37291664
20241107_100439_967685689,-0.28767452
20241107_100440_213208081,-0.17951064
20241107_100440_460078267,-0.09430084
20241107_100440_710735904,-0.07657095
20241107_100441_460251914,-0.19468434
20241107_100441_710266145,-0.31858626
20241107_100442_205814367,-0.18150128
20241107_100442_958105433,-0.12187744
20241107_100444_706846942,-0.121109895
20241107_100444_961819926,-0.1263472
20241107_100445_212239906,-0.1865855
20241107_100445_460664742,-0.19013514
20241107_100447_710030427,-0.12160047
20241107_100447_965549769,0.17260845
20241107_100448_215561637,-0.10636362
20241107_100448_470083731,-0.18581428
20241107_100448_713746742,-0.13117273
20241107_100448_964191494,-0.2217551
20241107_100449_208901442,-0.14553984
20241107_100449_461887839,0.22531156
20241107_100449_964702818,0.020328203
20241107_100450_212821156,0.49544576
20241107_100450_462887924,0.456392
20241107_100450_707465301,-0.3326457
20241107_100450_959188372,0.23053302
20241107_100451_208684727,0.13536586
20241107_100451_459412367,0.24906917
20241107_100451_710126759,0.76067775
20241107_100451_963084650,0.34944063
20241107_100452_209621694,-0.11294826
20241107_100452_458473779,0.069969155
20241107_100452_956616665,0.2936807
20241107_100453_207422412,-0.23052968
20241107_100453_458298645,-0.62370497
20241107_100453_710609325,-0.08342116
20241107_100453_958564432,0.48716447
20241107_100454_207735935,0.77882004
20241107_100454_454953527,-0.773543
20241107_100454_707993658,-0.71307975
20241107_100454_962247240,-0.5784798
20241107_100455_214361187,-0.016747916
20241107_100455_461985939,-0.092173435
20241107_100455_710134007,-0.17446567
20241107_100455_970770339,-0.20582081
20241107_100456_217513953,-0.23522891
20241107_100456_470679779,-0.3552251
20241107_100456_717182969,-0.4331813
20241107_100456_967633648,0.04675056
20241107_100457_209001072,0.0063624177
20241107_100457_709150665,-0.035737
20241107_100458_464706470,-0.04333385
20241107_100458_715603943,-0.046586595
20241107_100459_971835735,0.28461653
20241107_100500_220510856,0.29924676
20241107_100500_475364711,0.2516316
20241107_100501_218935240,0.5093738
20241107_100501_469650037,0.5651893
20241107_100501_712073678,0.53528774
20241107_100501_970238680,0.9266634
20241107_100502_223640600,0.6671609
20241107_100502_467677278,0.84732014
20241107_100502_726973140,1.4632725
20241107_100502_971866084,1.3227798
20241107_100503_224960746,-0.5395494
20241107_100503_479257883,-0.015874492
20241107_100503_726045819,-0.09718198
20241107_100503_972204466,0.015774218
20241107_100504_224726214,-0.024750372
20241107_100504_477779810,0.28928843
20241107_100504_717614708,0.32500663
20241107_100504_963077156,0.14825776
20241107_100505_213609818,0.28933012
20241107_100505_472094388,0.54332936
20241107_100505_718949937,0.28063327
20241107_100505_964163020,0.26687706
20241107_100506_215739895,-0.16975234
20241107_100506_469451809,-0.074165575
20241107_100506_975864014,-0.045950316
20241107_100507_215246684,-0.0341511
20241107_100507_717656012,-0.26732868
20241107_100507_966221422,-0.6248948
20241107_100508_212098330,-0.13058342
20241107_100508_468937136,-0.20218603
20241107_100508_973775932,-0.0857087
20241107_100509_216792993,-0.1472976
20241107_100509_473327064,-0.16672866
20241107_100509_726649426,-0.0017466564
20241107_100509_983368256,-0.007436266
20241107_100510_229258733,-0.077250086
20241107_100510_485853019,-0.24542223
20241107_100510_721449402,-0.3953213
20241107_100510_971434194,-0.17494221
20241107_100511_225210466,-0.22249307
20241107_100511_476860761,-0.1772656
20241107_100511_712995885,-0.20494805
20241107_100511_971403751,-0.18892743
20241107_100512_212518521,-0.18430327
20241107_100512_466351234,-0.008368993
20241107_100512_709531006,-0.10568281
20241107_100513_216569339,-0.057592057
20241107_100513_471372943,-0.06184616
20241107_100513_969154849,-0.124842726
20241107_100514_715929109,-0.10115328
20241107_100515_963447258,-0.19325544
20241107_100516_462709289,-0.13487555
20241107_100516_969261379,0.0022260882
20241107_100517_229341148,0.1354355
20241107_100517_474991972,0.3240966
20241107_100517_722342861,0.335207
20241107_100517_970515492,0.2266336
20241107_100518_468535260,0.44254646
20241107_100518_712540089,0.23678313
20241107_100518_962502998,0.29658568
20241107_100519_208756169,0.29418802
20241107_100519_461614718,0.38250923
20241107_100519_719440786,0.043208398
20241107_100519_963812254,0.11407692
20241107_100520_208428637,0.17524727
20241107_100520_464061318,-0.6859053
20241107_100520_715757156,0.6847435
20241107_100520_963765375,0.16592924
20241107_100521_218021073,0.02769635
20241107_100521_474145017,-0.24622114
20241107_100521_721359441,-0.059512697
20241107_100522_715005694,-0.317598
20241107_100522_961848396,-0.17192729
20241107_100523_215001930,-0.07666089
20241107_100523_465537543,-0.048689924
20241107_100523_709921287,-0.12360313
20241107_100523_966211203,-0.08116593
20241107_100524_218029580,-0.09458413
20241107_100524_463702629,-0.07840785
20241107_100524_711156223,-0.12100478
20241107_100524_959789484,-0.31127787
20241107_100525_213073356,-0.16764979
20241107_100526_479598140,-0.008055853
20241107_100526_722387197,0.11233214
20241107_100526_968330860,0.19183324
20241107_100527_210489513,0.046040773
20241107_100527_716838479,0.043916732
20241107_100529_212573563,0.03737416
20241107_100529_478139406,0.33973697
20241107_100529_710474841,0.29704508
20241107_100529_959558920,0.48972157
20241107_100530_208060090,0.3984046
20241107_100530_459752126,0.3189771
20241107_100530_717564457,-0.31854817
20241107_100530_969031452,-0.22091083
20241107_100531_220201955,-0.3364096
20241107_100531_474122693,-0.32572287
20241107_100533_213752734,-0.32210657
20241107_100533_963824619,-0.31571528
20241107_100534_210621462,-1.7549802
20241107_100534_707375575,-0.38333708
20241107_100535_714430209,-1.3042225
20241107_100535_967713770,-1.7947931
20241107_100536_209613540,-1.8826729
20241107_100536_464582495,-1.412121
20241107_100536_709346220,-1.12237
20241107_100536_963149243,-1.1819092
20241107_100537_212962150,-0.8459416
20241107_100537_463323067,-1.7766947
20241107_100537_707285136,-1.4803596
20241107_100537_962328161,-0.21407123
20241107_100538_219681523,-0.80033314
20241107_100538_482931696,-0.8991257
20241107_100538_725481111,-0.11596974
20241107_100538_968126241,0.420743
20241107_100539_213186574,0.3278406
20241107_100539_475646337,0.43730918
20241107_100539_711161998,0.6951657
20241107_100539_961768666,0.38644308
20241107_100540_214905897,0.46884525
20241107_100541_470294562,0.49973926
20241107_100542_710098251,0.4873139
20241107_100542_960344812,0.20892753
20241107_100543_215100492,0.11352617
20241107_100543_468407751,0.06511197
20241107_100544_464687979,0.18402474
20241107_100544_712702755,0.20206784
20241107_100544_962164486,0.5794248
20241107_100545_214919475,1.010596
20241107_100545_469473890,-0.79468054
20241107_100545_716998196,-0.1256465
20241107_100545_981347779,-0.15207078
20241107_100546_227708603,-0.5028095
20241107_100546_719229727,-0.47500086
20241107_100546_969407241,-0.5310012
20241107_100547_210799782,-0.6442447
20241107_100547_460999496,-0.53289586
20241107_100548_462832488,-0.75662446
20241107_100548_714165173,-0.8209044
20241107_100549_210424197,-0.76793665
20241107_100549_463441902,-0.7284359
20241107_100549_707926231,-0.72578204
20241107_100549_960155290,-0.41668215
20241107_100550_209346341,-0.4659909
20241107_100550_463107340,-0.7944236
20241107_100550_708500583,-0.77574986
20241107_100550_960717084,-0.6738203
20241107_100551_209612261,-0.6519274
20241107_100551_711988613,-0.56696504
20241107_100551_964131780,-0.44115043
20241107_100552_215442512,-0.15378974
20241107_100552_464551728,-0.19978268
20241107_100553_214928378,-0.09964161
20241107_100553_469499563,-0.09040602
20241107_100553_717174289,0.16994627
20241107_100554_217184793,0.0768509
20241107_100554_467837927,0.111656256
20241107_100554_710266393,0.1380047
20241107_100554_967983386,0.06605593
20241107_100555_212304845,1.0203359
20241107_100555_470763008,0.72846097
20241107_100555_714288509,0.4555744
20241107_100555_967375187,0.42169973
20241107_100556_213433760,0.41480497
20241107_100556_465711246,0.67287254
20241107_100556_710189931,0.29367855
20241107_100556_961203025,0.41095424
20241107_100557_207610022,0.47142422
20241107_100557_460420235,0.8257864
20241107_100557_711576857,0.7645129
20241107_100558_209803833,0.81224114
20241107_100558_457127475,0.6322651
20241107_100558_704779688,0.40688866
20241107_100558_960524616,0.5516779
20241107_100559_216548451,0.11143587
20241107_100559_466221375,0.31402287
20241107_100559_716162457,0.19517116
20241107_100559_967822671,0.025431672
20241107_100600_214078642,-0.7865181
20241107_100600_464660616,-0.9238844
20241107_100600_719957366,-0.74187815
20241107_100600_969177525,-1.0703338
20241107_100601_219035686,-1.1146226
20241107_100601_474186268,-0.73407865
20241107_100601_715074343,-0.46252942
20241107_100601_967727128,-0.4155379
20241107_100602_216077387,-0.26241818
20241107_100602_466730647,-0.17537995
20241107_100602_718458198,-0.16774334
20241107_100602_965068781,-0.16837944
20241107_100603_218800907,-0.16255118
20241107_100603_471654311,-0.14561085
20241107_100603_713318641,0.22919379
20241107_100603_972477669,0.118053295
20241107_100604_469259428,0.104055114
20241107_100604_713173062,0.14847045
20241107_100604_961893289,-0.13713221
20241107_100605_219789084,-0.058796786
20241107_100605_477076216,0.32628027
20241107_100605_724762141,0.2509639
20241107_100605_965883018,-0.095370494
20241107_100606_215570028,0.2134289
20241107_100606_472354925,0.21508656
20241107_100606_722104705,1.1749483
20241107_100606_975353965,-0.67968553
20241107_100607_223196156,-0.37327087
20241107_100607_471899424,-0.32140878
20241107_100607_727472967,-0.20726441
20241107_100607_968313691,-0.18687017
20241107_100608_208293798,-0.07775485
20241107_100608_458533229,-0.081274115
20241107_100608_709663835,-0.17748325
20241107_100608_966746421,-0.27148512
20241107_100609_212075526,-0.35513714
20241107_100609_464170511,2.0564096
20241107_100609_711822050,0.90242404
20241107_100609_964009419,1.1188468
20241107_100610_214078225,0.5318854
20241107_100610_467655698,0.529454
20241107_100610_713113917,0.10923337
20241107_100610_959847752,0.17690073
20241107_100611_211814285,0.19033821
20241107_100611_466760693,0.49079427
20241107_100611_710901950,0.47783014
20241107_100611_960292121,0.34060922
20241107_100612_207895469,-0.3055172
20241107_100612_463792084,-0.17868936
20241107_100612_710643437,-0.12576829
20241107_100613_963872802,-0.10973909
20241107_100614_209340437,0.33742937
20241107_100614_467649713,0.27429643
20241107_100614_713842142,0.27525803
20241107_100614_959895136,0.19582076
20241107_100615_210475343,0.16677092
20241107_100615_461570746,0.05826769
20241107_100615_956828970,0.16121073
20241107_100616_205144036,0.25797606
20241107_100616_459438152,0.10602484
20241107_100616_705855753,0.13238744
20241107_100617_954835527,-0.2897343
20241107_100618_204569128,-0.17246415
20241107_100618_456903401,-0.09782865
20241107_100618_704578985,-0.13142021
20241107_100618_955738417,-0.13783886
20241107_100619_205983710,-0.1244828
20241107_100619_956604948,-0.11746075
20241107_100620_206419563,-0.07262548
20241107_100620_712654645,-0.09421196
20241107_100620_959848291,-0.098391734
20241107_100621_206177433,-0.10317274
20241107_100621_457822952,-0.106487475
20241107_100621_705537892,-0.07488575
20241107_100621_960959959,-0.09462734
20241107_100622_211100854,-0.09721472
20241107_100622_464657207,0.10183763
20241107_100622_712058305,0.04780058
20241107_100622_961004104,0.003149012
20241107_100624_219730131,-0.027391812
20241107_100624_471569179,3.3983173
20241107_100624_714731195,1.1815118
20241107_100624_967925691,1.6235753
20241107_100625_214266432,0.5733724
20241107_100625_468713895,0.98483354
20241107_100625_716742978,1.5619745
20241107_100625_967101566,1.7968819
20241107_100626_220211420,0.7928318
20241107_100626_468096950,-0.39757454
20241107_100626_707764921,-0.21926917
20241107_100626_959586765,-0.20081826
20241107_100627_210628120,-0.13897507
20241107_100627_463026417,-0.28042674
20241107_100627_710860108,-0.13879395
20241107_100627_962455710,-0.10996058
20241107_100628_215544338,-0.1303596
20241107_100628_707748576,0.104828455
20241107_100628_959201184,0.08788513
20241107_100629_205548129,-0.017925581
20241107_100629_706622945,-0.015892228
20241107_100630_709979141,-0.13897283
20241107_100630_964747681,0.23974057
20241107_100631_212850116,0.27941176
20241107_100631_466065760,0.011346439
20241107_100631_710217855,0.34044132
20241107_100631_967831153,0.4819959
20241107_100632_210327288,0.5899189
20241107_100632_458484172,0.7405832
20241107_100632_709281946,0.96198076
20241107_100632_958139546,0.7139785
20241107_100633_205225229,0.8975126
20241107_100634_702007770,0.765487
20241107_100634_955592438,0.7561331
20241107_100635_705944176,0.5651426
20241107_100636_203701891,0.42620134
20241107_100636_458663170,0.48711768
20241107_100636_711190456,0.08071459
20241107_100637_209748896,0.41861203
20241107_100637_462718426,0.38604888
20241107_100637_709085491,0.5533923
20241107_100637_960590840,0.5998461
20241107_100638_205272057,0.41352344
20241107_100638_466298184,0.3525473
20241107_100638_705899834,0.48480555
20241107_100638_956391714,0.12815997
20241107_100639_209537531,-0.31493178
20241107_100639_456627938,-0.15644489
20241107_100639_703326693,-0.27578086
20241107_100639_956333827,-0.22339417
20241107_100640_210324349,-0.686829
20241107_100640_706935110,-0.4122816
20241107_100641_706011455,-0.4103148
20241107_100642_705695695,0.097941555
20241107_100642_961925565,0.8596025
20241107_100643_211359897,0.71032155
20241107_100643_465346285,0.39956832
20241107_100643_963224372,0.409665
20241107_100644_456459401,0.4359214
20241107_100644_706499069,0.41223967
20241107_100644_961986789,0.4207609
20241107_100645_207872157,0.402427
20241107_100645_953631841,0.32594118
20241107_100646_204359803,0.019478658
20241107_100646_454599300,0.45353562
20241107_100646_703611747,0.8249963
20241107_100646_954831247,0.7484081
20241107_100647_201290847,0.59054047
20241107_100647_454265957,0.52768916
20241107_100647_704521889,0.32894108
20241107_100647_953993597,0.13534048
20241107_100648_202926456,0.4206949
20241107_100648_454069976,0.4262131
20241107_100648_706017803,0.021253446
20241107_100648_958141770,0.0020334814
20241107_100649_718570306,0.16660315
20241107_100649_979974007,0.6870558
20241107_100650_218227254,0.48826352
20241107_100650_467100835,0.3794036
20241107_100650_712976581,0.10194231
20241107_100650_968351375,0.31777772
20241107_100651_461646129,0.33315468
20241107_100651_705292344,0.8895436
20241107_100651_961279125,-0.1573887
20241107_100652_213428414,0.36830616
20241107_100652_477274136,0.6124812
20241107_100652_716676901,0.36699545
20241107_100652_963446000,0.18005861
20241107_100653_210039236,0.15637015
20241107_100653_459138643,-0.123461924
20241107_100653_706655726,-0.11678805
20241107_100653_958717134,-0.0026248898
20241107_100654_206850463,0.050982572
20241107_100654_706192623,0.047573723
20241107_100654_956208041,0.016937235
20241107_100655_457042416,0.03259275
20241107_100655_958098100,0.06690011
20241107_100656_205653510,-0.018208584
20241107_100656_458486249,0.8623361
20241107_100656_707206452,0.4540477
20241107_100656_956953555,1.3862056
20241107_100657_207312916,0.37090346
20241107_100657_458848464,1.6419146
20241107_100657_710327222,-0.5115803
20241107_100657_964766824,-0.27921176
20241107_100658_207638995,-0.31446207
20241107_100658_459525909,-0.36620873
20241107_100658_709611964,-0.38207978
20241107_100658_960303798,-0.3718706
20241107_100659_207210872,-0.31029335
20241107_100659_459157043,-0.03254988
20241107_100659_706555627,0.017373765
20241107_100659_961507756,-0.14020489
20241107_100700_466023033,-0.112945996
20241107_100700_965588615,-0.10554876
20241107_100701_210275021,-0.15521534
20241107_100701_459440279,-0.17039998
20241107_100701_707583614,0.059670724
20241107_100701_957157448,0.31161797
20241107_100702_205014069,1.256533
20241107_100702_460071137,0.8589262
20241107_100702_702642197,0.74788666
20241107_100702_957725302,-0.048014306
20241107_100703_205277466,0.13671379
20241107_100703_458305160,0.21204008
20241107_100703_706111964,0.054381557
20241107_100703_957976297,-0.06447848
20241107_100704_204003141,-0.116153084
20241107_100704_703399635,-0.007850876
20241107_100705_205515241,-0.010970017
20241107_100705_468985241,0.13150986
20241107_100705_715645575,-0.061224125
20241107_100706_219795727,-0.35412207
20241107_100706_472500653,-0.4056526
20241107_100706_713770622,-0.54000247
20241107_100706_966072924,0.16024871
20241107_100707_214204232,-0.37829563
20241107_100707_465168013,0.4301733
20241107_100707_711073785,-0.21194561
20241107_100707_962656736,0.15026589
20241107_100708_210472865,0.027586022
20241107_100708_462424068,0.057967223
20241107_100709_204989740,0.052526094
20241107_100709_454578054,0.018283824
20241107_100709_703730908,-0.11172464
20241107_100709_955187188,-0.25984588
20241107_100710_203520164,-0.17526205
20241107_100710_703007984,-0.33318177
20241107_100711_469077245,-0.3173445
20241107_100712_966879512,-0.96221703
20241107_100713_221130247,-0.06157603
20241107_100713_477298148,-0.06239655
20241107_100713_715627795,-0.101332955
20241107_100713_964525429,-0.25566125
20241107_100714_705978107,-0.20636855
20241107_100714_958914214,-0.22441263
20241107_100715_202954234,-0.18415616
20241107_100715_710035435,-0.0042201485
20241107_100715_967909091,-0.25569937
20241107_100716_212219125,-0.03807553
20241107_100716_462744392,-0.1293071
20241107_100717_461655397,-0.10189503
20241107_100717_973166560,-0.086644255
20241107_100718_211326905,-0.0831412
20241107_100718_458940930,-0.030519893
20241107_100718_712985896,-0.075480126
20241107_100718_960140757,-0.095224105
20241107_100719_714602917,-0.024534514
20241107_100719_967921473,-0.0020275023
20241107_100720_212082403,-0.012327215
20241107_100720_705781208,0.11237044
20241107_100720_954387429,0.21118836
20241107_100721_203520230,0.13345315
20241107_100721_454854477,0.12843926
20241107_100722_209410228,0.12783374
20241107_100722_466410539,0.10404951
20241107_100722_711107206,0.07450057
20241107_100722_958471232,0.065553494
20241107_100723_457523023,0.04791171
20241107_100723_709717443,0.046141393
20241107_100724_206882828,-0.0042186882
20241107_100724_461573762,0.102226384
20241107_100724_718106944,0.17616819
20241107_100724_969896426,0.1828769
20241107_100725_214516145,0.15781973
20241107_100725_462012484,0.12207673
20241107_100725_957180525,0.102303274
20241107_100726_209374312,0.043643363
20241107_100726_462978319,-0.043511294
20241107_100726_710358242,-0.034618042
20241107_100726_966343289,-0.010500601
20241107_100727_220737434,0.009848753
20241107_100727_469016889,-0.031033626
20241107_100727_720471996,-0.009141019
20241107_100728_209984590,-0.014943859
20241107_100728_958416487,-0.046825312
20241107_100729_207810877,0.036701836
20241107_100729_706610418,0.08029161
20241107_100729_956927051,0.036358006
20241107_100730_205708254,0.025552401
20241107_100730_710848768,-0.21168591
20241107_100730_960884601,-0.3462947
20241107_100731_210110689,-0.2151104
20241107_100731_459627106,-0.15411581
20241107_100731_957305995,0.07635621
20241107_100732_201335335,0.020088533
20241107_100732_454558185,-0.022565832
20241107_100732_709778046,-0.04227271
20241107_100732_957695858,-0.058058046
20241107_100733_709144302,-0.05589115
20241107_100733_960873689,-0.055208884
20241107_100734_209044016,0.20597735
20241107_100734_460037662,0.13399668
20241107_100734_955666918,0.18888797
20241107_100735_203837374,0.104801394
20241107_100735_454263756,0.10421745
20241107_100735_701295617,0.09341324
20241107_100736_203889851,0.41009286
20241107_100736_706963122,0.15488948
20241107_100737_206978266,0.022811363
20241107_100738_454811560,0.11308921
20241107_100738_952455119,0.1193758
20241107_100739_202289350,0.079061426
20241107_100739_952653405,0.08203388
20241107_100740_955623345,0.083136834
20241107_100741_204262865,0.058253862
20241107_100741_457680849,-0.058392875
20241107_100741_707623154,-0.28373405
20241107_100741_956158137,-0.14035828
20241107_100742_458240203,-0.54816884
20241107_100742_703468547,-0.19053148
20241107_100742_956426363,-0.19609277
20241107_100743_200989959,-0.15217407
20241107_100744_203241212,-0.13025118
20241107_100744_451564288,-0.13155936
20241107_100744_701131033,-0.18424557
20241107_100744_952653414,-0.22360034
20241107_100745_203904557,-0.1845455
20241107_100746_204373720,-0.092605196
20241107_100746_457949495,-0.18535651
20241107_100746_704117001,-0.17973106
20241107_100746_957601599,-0.09443488
20241107_100747_456020450,-0.17169999
20241107_100747_704573286,-0.25661498
20241107_100747_954911978,0.052435644
20241107_100748_208683213,0.19520248
20241107_100748_452743181,0.18971427
20241107_100749_206067107,0.14258038
20241107_100749_458009711,0.2162819
20241107_100749_955634426,0.084220625
20241107_100750_205970339,0.0859601
20241107_100750_454090909,0.13019778
20241107_100750_702255236,0.004906455
20241107_100750_954051959,0.032717474
20241107_100751_202278112,0.027552227
20241107_100751_451597134,0.06574679
20241107_100751_707694075,0.088882305
20241107_100751_959776505,0.19906242
20241107_100752_205492022,0.2517156
20241107_100752_456908365,0.17032982
20241107_100752_712181862,0.35615453
20241107_100752_969769861,0.8592035
20241107_100753_212599459,0.6414966
20241107_100753_468910969,0.66822654
20241107_100753_713784395,0.21491878
20241107_100754_456772114,0.13735645
20241107_100754_704441596,-0.07607161
20241107_100754_961576575,0.17197944
20241107_100755_211851870,0.06216479
20241107_100755_954472967,0.073344864
20241107_100756_461076392,0.06524176
20241107_100756_958967030,0.0556489
20241107_100757_210080343,-0.032946877
20241107_100757_459237430,0.2528925
20241107_100757_716643603,0.12748577
20241107_100757_961332435,0.3317031
20241107_100758_212138904,0.21415354
20241107_100758_462927579,0.2988598
20241107_100758_704592008,0.16145997
20241107_100758_954095400,0.23099579
20241107_100759_206698410,0.25844285
20241107_100800_710337021,0.21546535
20241107_100800_956867971,0.19602667
20241107_100801_461617115,0.08929578
20241107_100801_707727646,0.12350557
20241107_100801_959150969,0.10990427
20241107_100802_212111361,0.113858856
20241107_100802_460887046,0.12973498
20241107_100802_955095035,0.10794417
20241107_100803_452669203,0.21450888
20241107_100803_700652046,0.28578302
20241107_100803_952550192,0.32023373
20241107_100804_702263530,0.1592146
20241107_100804_952585998,0.108763285
20241107_100806_210601505,0.037422366
20241107_100806_463719252,0.10701994
20241107_100807_969959811,0.1488101
20241107_100808_224335977,0.2210327
20241107_100808_465770844,0.1270551
20241107_100808_716151502,0.10775659
20241107_100808_965415644,0.11449952
20241107_100809_214858476,0.13212378
20241107_100810_702988445,0.048387833
20241107_100810_954386084,0.06630281
20241107_100811_210430525,0.022857258
20241107_100812_458468561,-0.034125887
20241107_100813_211177068,-0.033796154
20241107_100813_460589127,0.017095188
20241107_100813_712663739,-0.023832938
20241107_100814_210660009,0.030909667
20241107_100814_462854563,0.20182176
20241107_100814_957919188,0.11101819
20241107_100815_709233709,0.07955266
20241107_100815_959186946,1.241145
20241107_100816_207163637,-0.3497793
20241107_100816_460105256,-0.13115205
20241107_100816_710841486,-0.31218693
20241107_100816_959816192,-0.132634
20241107_100817_213656810,-0.09471049
20241107_100817_460525270,-0.08753859
20241107_100817_706244945,-0.09951662
20241107_100817_955789035,-0.13973202
20241107_100818_200729565,-0.1414393
20241107_100818_452933587,-0.091667555
20241107_100818_700726882,-0.14847712
20241107_100818_955993563,-0.18137921
20241107_100819_204462051,-0.21020912
20241107_100819_456972858,-0.21609427
20241107_100819_701179907,-0.18009444
20241107_100819_957240087,-0.13953947
20241107_100820_204844312,-0.15412225
20241107_100820_453402113,-0.4089487
20241107_100820_701577929,-0.40261543
20241107_100820_952776098,-0.55515033
20241107_100821_204472859,-1.0966592
20241107_100821_452853858,-0.4751983
20241107_100821_702401415,-0.44317004
20241107_100822_201418597,-0.4026277
20241107_100822_451109707,-0.4835761
20241107_100822_701637925,-0.47167367
20241107_100822_955706577,-0.36359528
20241107_100823_203610119,-0.35778674
20241107_100823_456362584,-0.29634365
20241107_100823_954396845,-0.32267085
20241107_100824_204469938,-0.07600712
20241107_100824_449765075,-0.1390677
20241107_100824_700777903,-0.22241558
20241107_100824_952416415,-0.23840384
20241107_100825_452420289,-0.1592779
20241107_100825_702879004,-0.1422327
20241107_100825_951477104,-0.09491601
20241107_100826_452161408,-0.23599409
20241107_100826_953196377,-0.10386302
20241107_100828_705713056,-0.14737697
20241107_100828_959388937,-0.101777636
20241107_100829_704845918,0.0059850905
20241107_100829_952975982,0.00537307
20241107_100830_703872920,-0.039716505
20241107_100830_954178334,-0.16318385
20241107_100831_207044165,-0.19179495
20241107_100831_461895240,-0.22704525
20241107_100831_963282373,-0.12817131
20241107_100832_460187013,-0.106433
20241107_100833_953740868,-0.114263676
20241107_100834_201435306,-0.13633813
20241107_100834_452384864,-0.15072022
20241107_100835_201356947,-0.105693124
20241107_100835_454229511,-0.09650802
20241107_100836_202909994,-0.13637091
20241107_100836_457983869,-0.09280016
20241107_100836_705592577,-0.11368831
20241107_100836_957589875,-0.1260987
20241107_100837_954471200,-0.38879547
20241107_100838_202779313,-0.32709524
20241107_100838_455553402,-0.30457187
20241107_100838_704968329,-0.42877018
20241107_100838_956188504,-1.5454968
20241107_100839_200004526,0.77171993
20241107_100839_454668665,0.20300476
20241107_100839_704171077,0.3238746
20241107_100839_952789446,0.3029269
20241107_100840_201776523,0.10185931
20241107_100840_453153681,0.023524413
20241107_100842_202215307,0.22178957
20241107_100842_953014055,1.5057255
20241107_100843_202980118,-0.6638263
20241107_100843_457272837,-0.49460718
20241107_100843_703258982,-0.4887226
20241107_100843_956110769,-0.3341345
20241107_100844_203248435,-0.32718745
20241107_100844_452203062,-0.15108658
20241107_100844_701039989,-0.21152131
20241107_100844_952244186,-0.22248049
20241107_100845_454264023,-0.24302368
20241107_100845_956167443,-0.6028753
20241107_100846_203455326,-0.60616994
20241107_100846_451952731,-0.6426088
20241107_100846_699381186,-0.57985264
20241107_100846_950354771,-0.3677221
20241107_100847_200421818,-0.47056088
20241107_100847_455577264,-0.46327293
20241107_100847_703776262,-0.45356563
20241107_100847_957909342,-0.4488127
20241107_100848_207099158,-0.4442285
20241107_100848_456397853,-0.44000813
20241107_100848_705915661,-0.4210894
20241107_100848_958484097,-0.14585121
20241107_100849_206202465,0.587641
20241107_100849_456241940,0.18831347
20241107_100849_702960282,0.25612867
20241107_100850_454273729,0.2691713
20241107_100850_701993409,0.1192605
20241107_100851_204451532,0.15895675
20241107_100851_458754758,0.17619233
20241107_100851_703988292,0.20710553
20241107_100851_963645795,0.17087461
20241107_100852_215696050,0.11970002
20241107_100852_462127423,0.23585369
20241107_100852_956296900,-0.27519682
20241107_100853_206609445,-0.07594188
20241107_100853_459309182,-0.065991394
20241107_100853_965460776,-0.056051724
20241107_100854_210284742,-0.22657566
20241107_100854_461383028,0.019060204
20241107_100854_713815030,-0.27051583
20241107_100854_968467750,-0.22949989
20241107_100855_211114050,-0.30358827
20241107_100855_457752018,-0.21778102
20241107_100855_706209735,-0.09611734
20241107_100855_960191307,-0.39988944
20241107_100856_458324043,-0.30103835
20241107_100856_705924151,-0.30001733
20241107_100856_962063262,-0.22222048
20241107_100857_457165287,-0.2802613
20241107_100857_704653676,-0.33797282
20241107_100857_951988856,-0.381799
20241107_100858_207406447,-0.49163124
20241107_100858_462644934,-0.69367445
20241107_100858_713528157,-0.4821375
20241107_100858_962458687,0.022457706
20241107_100859_207822817,1.4729023
20241107_100859_461611972,1.2286003
20241107_100859_713283211,-0.9287616
20241107_100859_963953871,-0.69485086
20241107_100900_213366858,-0.47205952
20241107_100900_459336457,-0.6000263
20241107_100900_711708420,-0.61463493
20241107_100902_208824591,-0.36632797
20241107_100902_467346756,-0.12767836
20241107_100902_717709773,-0.19268638
20241107_100902_963482347,-0.023556657
20241107_100903_211571592,0.749238
20241107_100903_462204223,0.12414301
20241107_100903_711890202,-0.68830734
20241107_100903_968839324,1.063949
20241107_100904_988326372,0.7300206
20241107_100905_223041349,-0.038808905
20241107_100905_473411586,0.07581625
20241107_100905_721787175,0.098807104
20241107_100905_967427202,0.36671788
20241107_100906_215892849,0.008556167
20241107_100906_456374367,0.18393879
20241107_100906_707211280,0.36199695
20241107_100906_967756715,0.6431647
20241107_100907_218902068,0.66151047
20241107_100907_467924525,0.71860147
20241107_100907_715234138,0.75354224
20241107_100907_967612104,0.55945057
20241107_100908_208548836,0.6195956
20241107_100908_712168583,0.5847363
20241107_100909_208891713,0.32295638
20241107_100909_458899510,0.43751156
20241107_100909_708145197,0.43367922
20241107_100909_955847777,0.3388549
20241107_100910_206057013,0.43489984
20241107_100910_454967517,0.38480663
20241107_100910_706627790,0.24061577
20241107_100910_955283413,0.29820693
20241107_100911_205373902,0.030497232
20241107_100911_457765242,0.10485382
20241107_100912_204150485,0.1510057
20241107_100912_456338475,0.4574948
20241107_100913_706834442,0.30161524
20241107_100913_962363367,0.36705098
20241107_100914_221506061,0.3692167
20241107_100914_468839877,0.320272
20241107_100914_707863178,0.04143829
20241107_100914_961184008,-0.2465199
20241107_100915_207403447,-0.1992428
20241107_100915_460975553,-0.12061193
20241107_100915_706373504,-0.7898664
20241107_100915_963899870,-1.6711959
20241107_100916_207625250,-0.031840168
20241107_100916_464163290,0.9369035
20241107_100916_718671412,1.1207817
20241107_100916_965642024,1.2737846
20241107_100917_215613910,-0.61425537
20241107_100917_468434688,-0.066837296
20241107_100917_709941249,-0.17939305
20241107_100917_957293276,-0.0016878657
20241107_100918_203136667,0.07599402
20241107_100918_705893196,-0.15317862
20241107_100918_956355688,-0.24621125
20241107_100919_205752216,-0.33355412
20241107_100919_455106369,-0.27567276
20241107_100920_206201892,-0.25645855
20241107_100920_454020897,-0.25987518
20241107_100920_705167962,-0.24886103
20241107_100921_207105159,-0.22938968
20241107_100921_459306753,-0.022655092
20241107_100921_704719034,-0.012968751
20241107_100921_954656847,-0.07853862
20241107_100922_202090603,-0.10495838
20241107_100923_207251825,-0.10240456
20241107_100923_466247141,-0.2896488
20241107_100923_712792884,-0.40680125
20241107_100923_973418378,-0.22837155
20241107_100924_216727571,-0.086904764
20241107_100924_463686994,-0.110654674
20241107_100924_716591747,-0.13689615
20241107_100924_957535160,-0.16239037
20241107_100925_204293016,-0.19106503
20241107_100925_462686669,-0.22962923
20241107_100925_957897844,-0.19121741
20241107_100927_208441300,-0.24515064
20241107_100927_451311832,-0.25606862
20241107_100927_703506684,-0.24730255
20241107_100928_211830996,-0.21912046
20241107_100928_463468634,-0.2323745
20241107_100928_709308444,-0.24082635
20241107_100928_957723630,-0.16480924
20241107_100929_475261371,-0.23031484
20241107_100929_955054615,-0.31099892
20241107_100930_459808620,-0.2156853
20241107_100930_705324177,-0.43490598
20241107_100930_963611260,-0.301922
20241107_100931_712009648,-0.28502688
20241107_100931_957712749,-0.48632696
20241107_100932_456348252,-0.30560386
20241107_100932_700757156,-0.20607327
20241107_100932_953021981,-0.10265161
20241107_100933_201815980,-0.1744323
20241107_100933_453790503,-0.50270754
20241107_100933_703685158,-0.43540296
20241107_100933_957376507,-0.3125175
20241107_100934_203956120,-0.31027406
20241107_100934_453755406,0.033046164
20241107_100934_701820622,0.10360358
20241107_100934_953529544,0.039723456
20241107_100935_454637546,0.13949038
20241107_100935_703804530,0.016903514
20241107_100935_955691722,-0.09562286
20241107_100936_203496639,-0.16611837
20241107_100936_457306244,-0.072885774
20241107_100936_957616990,-0.07798531
20241107_100937_201977967,-0.2306201
20241107_100937_701605981,0.30643246
20241107_100937_952441991,0.33978653
20241107_100938_206124546,0.25638393
20241107_100938_464510097,0.14936538
20241107_100939_205628501,0.34452885
20241107_100939_703475526,0.2392096
20241107_100940_450928628,0.16590114
20241107_100940_955138711,0.10102371
20241107_100941_205267732,0.12833597
20241107_100941_455763408,0.03476528
20241107_100941_703601130,0.08447037
20241107_100941_951641985,-0.08776691
20241107_100942_205329630,-0.0025208201
20241107_100943_204016916,0.03634564
20241107_100943_962933795,0.025524119
20241107_100944_219820255,0.19722567
20241107_100944_460673244,0.29320437
20241107_100944_959629571,0.20287062
20241107_100945_202586725,0.20498385
20241107_100947_452342622,0.17640842
20241107_100947_703282868,0.14634897
20241107_100948_205160808,0.18124439
20241107_100948_458975933,0.15828727
20241107_100948_961370998,0.02752159
20241107_100949_461349496,1.4670355
20241107_100949_714983524,-0.7857267
20241107_100949_960090743,-0.48899025
20241107_100950_205902777,-0.5485316
20241107_100950_456595463,-0.32301083
20241107_100950_702617635,-0.75046825
20241107_100950_954919124,-0.98412997
20241107_100951_200345777,-0.22101359
20241107_100951_455862299,-0.36071154
20241107_100952_203254319,-0.33736926
20241107_100953_464510665,-0.4316167
20241107_100953_711910435,-0.00493834
20241107_100953_962573142,-0.052341737
20241107_100954_463264577,0.023251923
20241107_100954_712780749,0.42213884
20241107_100954_958870469,0.11925299
20241107_100955_203535152,0.1382821
20241107_100955_453939213,0.100394614
20241107_100955_958815650,0.112675734
20241107_100957_209033172,0.37419766
20241107_100957_464521111,0.43278703
20241107_100957_708370696,0.19050442
20241107_100958_203751323,0.18155189
20241107_100958_454597533,0.21673174
20241107_100958_953174973,0.22446938
20241107_100959_716541616,0.90281314
20241107_101000_206760719,1.753251
20241107_101000_457976110,1.5886544
20241107_101000_710457491,-0.36269513
20241107_101000_957664348,-0.85383314
20241107_101001_210303389,0.1374469
20241107_101001_462360371,0.20110168
20241107_101001_712229018,0.16979091
20241107_101001_972769526,0.43717256
20241107_101002_229346473,2.0352924
20241107_101002_476446037,3.1018977
20241107_101002_718705042,0.5285858
20241107_101002_972343601,-0.39906237
20241107_101003_219324791,-0.4813898
20241107_101003_470957903,-0.7663205
20241107_101003_720793194,-0.087281905
20241107_101003_965458348,-0.5084737
20241107_101004_217285519,-0.20397584
20241107_101004_462656242,-0.16072543
20241107_101004_707964294,-0.029248925
20241107_101005_463908393,-1.3400773
20241107_101005_707366497,1.2520733
20241107_101005_959903201,1.4073126
20241107_101006_205657132,0.9019093
20241107_101006_457564379,0.61674386
20241107_101006_708027181,0.84565365
20241107_101007_205078863,0.72538793
20241107_101007_455083178,0.69984925
20241107_101007_704909721,0.8782817
20241107_101007_957021094,0.72674876
20241107_101008_208943562,0.9043493
20241107_101008_467790835,0.888734
20241107_101008_711726943,0.5401332
20241107_101009_459285348,0.22104497
20241107_101009_708643137,0.041292198
20241107_101009_962889113,0.20830368
20241107_101010_208311226,0.4836717
20241107_101010_459572178,0.050190844
20241107_101010_702698472,-0.091062926
20241107_101010_958209703,0.2525559
20241107_101011_212021262,0.43023008
20241107_101011_471795128,0.4230528
20241107_101011_718758098,1.0364724
20241107_101011_962992883,0.45005545
20241107_101012_459248438,0.08724252
20241107_101012_706203826,0.450897
20241107_101012_961863865,0.57966197
20241107_101013_213474771,-0.0417946
20241107_101013_471404640,-0.4004213
20241107_101013_717240378,-1.0992877
20241107_101013_968684960,-0.6102988
20241107_101014_221890033,-0.7010632
20241107_101014_468472333,-0.39353025
20241107_101014_706889119,-0.6925117
20241107_101014_960108687,-0.59401613
20241107_101015_207568425,-0.6007581
20241107_101015_460325717,-0.5385999
20241107_101015_705747190,-0.59987026
20241107_101015_958992387,-0.6319458
20241107_101016_205969700,-0.41867557
20241107_101016_458919646,-0.5665846
20241107_101016_710726598,-0.5558993
20241107_101016_957096864,-0.48140472
20241107_101017_208214692,0.3864221
20241107_101017_459462651,0.21275537
20241107_101017_707781576,0.14559995
20241107_101017_954817620,0.078545846
20241107_101018_203141286,0.10795323
20241107_101018_459937229,0.15935515
20241107_101018_707665901,-0.20242994
20241107_101018_968222630,-0.7597605
20241107_101019_210840678,-0.3495505
20241107_101019_465028062,-0.21195562
20241107_101019_714051804,-0.23449866
20241107_101019_967645176,-0.14918698
20241107_101020_209872214,-0.22285382
20241107_101020_464980606,-0.25596043
20241107_101020_714567005,-0.19442864
20241107_101020_962598743,-1.1701709
20241107_101021_212962486,-0.4397283
20241107_101021_467944476,-0.41179553
20241107_101021_966444471,-0.4076757
20241107_101022_209763018,-0.2034932
20241107_101022_461558488,-0.43920693
20241107_101022_706405273,-0.13556902
20241107_101022_958190419,-0.2205684
20241107_101023_212995034,-0.110389076
20241107_101023_463795110,-0.46097213
20241107_101023_961880221,-0.40202564
20241107_101024_209256575,-0.36790892
20241107_101024_704582055,-0.0021982994
20241107_101024_955597838,0.16640143
20241107_101025_204781021,0.21445368
20241107_101025_453642807,0.25769117
20241107_101025_704460385,0.27114442
20241107_101026_202432321,0.15472637
20241107_101026_453382665,0.16304962
20241107_101026_708716669,0.1521136
20241107_101026_966751265,0.17623012
20241107_101027_225049435,1.2824366
20241107_101027_464484592,0.40919575
20241107_101027_704877291,0.32224786
20241107_101027_953833105,1.28717
20241107_101028_457699695,0.44741017
20241107_101028_711213257,0.4365434
20241107_101028_958972311,0.43167597
20241107_101029_207156962,0.3991761
20241107_101029_474639082,0.45240736
20241107_101029_707325187,1.2356031
20241107_101029_963796542,0.9508249
20241107_101030_214530193,-0.5629169
20241107_101030_471439532,0.3242343
20241107_101030_709447683,0.22783677
20241107_101030_960970722,0.09690738
20241107_101031_205212729,0.27556667
20241107_101031_460470355,0.22804286
20241107_101031_709482357,0.42365506
20241107_101031_958498025,0.44819424
20241107_101032_212314467,-0.07334574
20241107_101032_462764880,-0.096635275
20241107_101032_958829082,-0.0126641
20241107_101033_201268481,0.039568253
20241107_101033_451459274,0.024401585
20241107_101033_703796971,-0.032947563
20241107_101035_201721062,-0.13440771
20241107_101035_455209738,0.10495145
20241107_101035_702870680,0.014031688
20241107_101035_955382780,-0.05840572
20241107_101036_202552459,0.42267305
20241107_101036_455400341,0.22491656
20241107_101036_702908860,0.30501744
20241107_101037_207579997,-0.13333549
20241107_101037_461054941,-0.74009424
20241107_101037_709553168,-0.19450264
20241107_101037_966261479,-0.25811842
20241107_101038_216779081,-0.25443888
20241107_101038_462080776,-0.15571819
20241107_101038_707376846,0.12231959
20241107_101038_957390634,0.3316645
20241107_101039_208914812,0.51855135
20241107_101039_460394237,0.5966143
20241107_101039_706100597,1.8327076
20241107_101039_959247770,0.6315005
20241107_101040_203392335,-0.70677304
20241107_101040_454603410,-0.18272512
20241107_101040_706473732,0.15823318
20241107_101040_960742767,0.023026181
20241107_101041_207614383,-0.07662939
20241107_101041_951249092,-0.103867315
20241107_101042_199948491,-0.32518023
20241107_101042_453849832,-0.36274895
20241107_101042_701283678,-0.24533297
20241107_101042_956188473,-1.5298961
20241107_101043_201594181,0.86910367
20241107_101043_462829286,0.44821903
20241107_101043_711039743,0.29974768
20241107_101044_954493009,0.47273025
20241107_101045_452767371,0.44918513
20241107_101045_701791764,0.7379934
20241107_101045_956718747,0.22393571
20241107_101046_211690877,-0.23665632
20241107_101046_458734215,-0.7210419
20241107_101046_706702267,-0.16099316
20241107_101046_960000377,0.3116015
20241107_101047_205252023,0.16163866
20241107_101047_458244465,0.2535496
20241107_101047_704640638,0.260735
20241107_101047_963163035,0.18572015
20241107_101048_214556851,0.02307264
20241107_101048_462232147,0.090843715
20241107_101048_960972382,0.08978561
20241107_101049_700265024,0.08671514
20241107_101049_954758489,0.07989869
20241107_101050_202043381,0.08042643
20241107_101050_705831705,-0.061021827
20241107_101050_955393059,0.07993553
20241107_101051_703472173,0.058192767
20241107_101054_205674886,0.05798457
20241107_101054_457216019,-0.17529221
20241107_101054_705360514,-0.21997125
20241107_101054_958867369,-0.013657812
20241107_101055_459461564,-0.02977099
20241107_101055_706039485,-0.008758446
20241107_101055_961203681,0.06432942
20241107_101056_961709653,0.028141448
20241107_101057_214808342,0.01579527
20241107_101057_466092069,0.049940802
20241107_101057_717193539,-0.058353923
20241107_101057_965302879,0.0075282846
20241107_101058_212939853,0.13223486
20241107_101058_465109629,0.2922408
20241107_101058_710455396,0.336338
20241107_101058_960755159,0.26442477
20241107_101059_203694209,0.19193713
20241107_101059_461998451,0.21218775
20241107_101059_713554041,0.20816208
20241107_101059_963126802,0.18771757
20241107_101100_214904457,0.15473394
20241107_101100_467748778,0.14962535
20241107_101100_717093408,0.6445815
20241107_101100_979313815,-0.3158721
20241107_101101_227258256,0.27762794
20241107_101101_482086965,1.124449
20241107_101101_722372144,0.16695572
20241107_101101_967963274,0.23591356
20241107_101102_216655923,0.28643814
20241107_101102_467251479,0.2568721
20241107_101102_715180578,0.17384218
20241107_101102_974271471,0.17554925
20241107_101103_214859637,0.21520583
20241107_101103_467230786,0.019692997
20241107_101103_706364470,0.1156371
20241107_101103_970893662,0.078345336
20241107_101104_217731251,0.11288989
20241107_101104_474547794,-0.020685216
20241107_101104_727468961,-0.047795437
20241107_101104_971036490,0.13863836
20241107_101105_221429346,-0.3137767
20241107_101105_469731062,-0.2681488
20241107_101105_718530840,-0.14561106
20241107_101105_960712148,-0.069497146
20241107_101106_227071800,-0.16249244
20241107_101106_471542122,0.038996764
20241107_101106_974412084,-0.030165037
20241107_101107_213674531,-0.028191825
20241107_101107_470500935,0.03632865
20241107_101107_718427583,0.16250524
20241107_101107_962367010,0.052916117
20241107_101108_213102792,0.13103421
20241107_101109_221470169,0.1197165
20241107_101109_466010659,0.30370978
20241107_101109_966946257,0.21249093
20241107_101110_703645564,0.0913418
20241107_101110_956338651,0.24341922
20241107_101111_461166874,-0.17597373
20241107_101111_711415795,0.009377876
20241107_101111_958717602,0.035598584
20241107_101112_466576809,0.0994821
20241107_101114_203638482,0.08761478
20241107_101114_458222951,0.079527356
20241107_101114_959898606,0.08494652
20241107_101115_718131198,0.068016686
20241107_101115_964731711,0.06207121
20241107_101116_204465349,0.017188886
20241107_101116_454503890,0.05980865
20241107_101116_706377670,0.046235032
20241107_101116_963239345,0.032002874
20241107_101117_210143487,-0.36091012
20241107_101117_478988072,-1.2399548
20241107_101117_715818407,-0.33895534
20241107_101117_964786771,-0.21817891
20241107_101118_204150481,-0.15273254
20241107_101118_453669049,-0.18142833
20241107_101118_704812981,-0.330041
20241107_101118_966876566,-0.14952241
20241107_101119_209252235,-0.02619597
20241107_101119_462205398,-0.07664966
20241107_101120_702176992,0.20801722
20241107_101120_955265365,0.26992318
20241107_101121_707132959,0.3144137
20241107_101121_955694535,0.17462288
20241107_101122_205250691,0.1078668
20241107_101122_453658584,-0.23648484
20241107_101122_701882011,-0.17054059
20241107_101122_952494098,0.0016431008
20241107_101123_953491069,0.29130897
20241107_101124_201757361,0.12850289
20241107_101124_454258010,0.1463692
20241107_101124_706015834,0.7092967
20241107_101124_960628750,0.2573739
20241107_101125_210673275,0.039017625
20241107_101125_701854334,0.08663923
20241107_101125_955000633,0.14645396
20241107_101126_457593742,0.16123532
20241107_101126_708739878,0.24706466
20241107_101126_959142993,0.24766575
20241107_101127_956662443,0.0056327973
20241107_101128_451968986,0.13510893
20241107_101129_199808858,0.10264347
20241107_101129_466969783,0.13515167
20241107_101130_462847411,0.14619787
20241107_101130_711305748,-0.0151630845
20241107_101131_708132213,0.054544486
20241107_101131_955812621,0.062465556
20241107_101132_209019984,-0.15329267
20241107_101132_461752557,0.017056147
20241107_101132_953979772,0.07704217
20241107_101133_953484105,1.514705
20241107_101134_202469479,-0.4423198
20241107_101134_454015733,-0.840077
20241107_101134_704046889,-0.69163364
20241107_101134_950700315,-0.42174172
20241107_101135_202564172,-0.55052274
20241107_101135_456022619,-0.20351905
20241107_101135_704488734,0.2280161
20241107_101135_954189280,-0.112565935
20241107_101136_210390759,-0.14402406
20241107_101136_452866200,0.1461723
20241107_101136_705334614,0.46218583
20241107_101136_958125196,0.12897821
20241107_101137_204174495,0.20589592
20241107_101137_454602981,0.1685061
20241107_101137_951469050,0.14416347
20241107_101138_203652372,0.37987417
20241107_101138_458498360,0.186729
20241107_101138_707276994,0.24025343
20241107_101138_961261462,0.2388198
20241107_101139_209509357,0.5286723
20241107_101139_463907552,0.5535937
20241107_101139_716811696,0.6649181
20241107_101140_215523857,0.35744262
20241107_101141_205360087,0.41260785
20241107_101141_461937901,0.4016474
20241107_101141_701331903,0.13048722
20241107_101141_952488190,0.20480849
20241107_101142_201424678,0.21823
20241107_101142_456177520,0.21121196
20241107_101142_953933713,0.1664675
20241107_101143_452091956,0.1502897
20241107_101144_452052812,0.16552942
20241107_101144_702468824,0.14774786
20241107_101144_952620010,0.09055523
20241107_101145_197758282,0.13709013
20241107_101145_451203523,0.13454406
20241107_101145_951606117,0.22976838
20241107_101146_197657002,0.20346533
20241107_101146_447878346,-0.029534241
20241107_101146_700069353,0.06323785
20241107_101147_700302738,0.07703576
20241107_101147_949253712,-0.40001467
20241107_101148_202225244,-0.6098262
20241107_101148_454456100,-0.098885
20241107_101148_699175424,-0.16684906
20241107_101148_954561217,-0.13106824
20241107_101149_710971655,-0.50024384
20241107_101149_963623956,-0.21977566
20241107_101150_206450743,0.02583156
20241107_101150_700322643,-0.20046987
20241107_101151_199880869,-0.17438759
20241107_101151_454269250,-0.088996135
20241107_101152_206217981,0.37813073
20241107_101152_459153907,-0.10420154
20241107_101153_206984292,-0.09917059
20241107_101153_464954145,0.01747016
20241107_101153_710678405,0.5236887
20241107_101153_956984818,-0.17599058
20241107_101154_210225464,0.23972453
20241107_101154_470271332,0.20877135
20241107_101154_716085537,-0.008065721
20241107_101154_963994595,0.19723748
20241107_101155_461864065,-0.45565054
20241107_101155_706079770,-0.13275371
20241107_101155_957840453,-0.015193304
20241107_101156_209972345,-0.04891231
20241107_101156_459200644,0.014135221
20241107_101156_707115899,-0.008562228
20241107_101156_968116253,-0.001208147
20241107_101157_213105634,-0.0025358405
20241107_101157_958358357,-1.1702214
20241107_101158_214757748,0.09346179
20241107_101158_460228206,-0.089784555
20241107_101158_706608727,-0.057664804
20241107_101158_961025876,-0.12622277
20241107_101159_958360938,-0.45237115
20241107_101200_209886162,-0.2540036
20241107_101200_467590599,0.14289916
20241107_101200_717689051,0.20049612
20241107_101200_963941977,0.12092761
20241107_101201_217561652,0.08407832
20241107_101201_469883121,0.17250685
20241107_101201_714491910,0.43703035
20241107_101201_958064925,2.9477386
20241107_101202_213192692,2.2387972
20241107_101202_474509057,1.0093622
20241107_101202_722265396,0.4882889
20241107_101202_967167734,0.56907696
20241107_101203_217286586,0.78168625
20241107_101203_461621325,0.3305371
20241107_101203_712992035,0.3884148
20241107_101203_967519729,0.5482138
20241107_101204_454418555,0.24237026
20241107_101204_953780989,0.17863382
20241107_101205_452510381,0.54130477
20241107_101205_704388859,0.34362423
20241107_101205_963510172,0.8222318
20241107_101206_460113633,0.60444266
20241107_101206_960032862,0.24770506
20241107_101207_211972918,0.2101023
20241107_101207_469888796,0.24029095
20241107_101207_711328965,0.22523232
20241107_101207_962999772,0.16382594
20241107_101208_211207618,1.659854
20241107_101208_459017061,0.38293535
20241107_101208_706858023,0.74579924
20241107_101208_957955292,0.6772784
20241107_101209_210974465,0.38701305
20241107_101209_464911438,0.36618295
20241107_101209_964030108,0.35861582
20241107_101210_467805253,0.12459377
20241107_101210_714970724,0.029483417
20241107_101210_961868629,0.11564536
20241107_101211_481049079,0.13091715
20241107_101211_720899487,0.25069293
20241107_101211_963835235,0.27490863
20241107_101212_209776486,0.24876837
20241107_101212_965506423,2.045533
20241107_101213_215833296,-0.9601205
20241107_101213_473985536,-0.85019034
20241107_101213_723788123,-1.0373497
20241107_101213_974366483,-0.56021035
20241107_101214_215692052,-0.13837713
20241107_101214_465989378,-0.16205937
20241107_101214_718323050,-0.27741945
20241107_101214_962996243,-0.38882962
20241107_101215_206770905,-0.40181795
20241107_101215_461533067,-0.35392043
20241107_101215_958735578,-0.29117456
20241107_101216_203442128,-0.29609412
20241107_101216_457722942,-0.72118336
20241107_101216_707009665,1.1012299
20241107_101216_959460956,0.6207248
20241107_101217_207562623,0.5052718
20241107_101217_460934354,0.5160852
20241107_101217_707029386,0.49714485
20241107_101217_954706172,0.23635437
20241107_101218_202996539,0.32125655
20241107_101218_457894159,0.35293365
20241107_101218_711609791,0.34976417
20241107_101218_957901873,0.32048005
20241107_101219_212117859,0.06467772
20241107_101219_457924501,0.16429351
20241107_101219_707394450,0.20079754
20241107_101220_458308245,0.30047256
20241107_101220_705349518,0.088665344
20241107_101220_955491224,-0.8647646
20241107_101221_205903355,-0.6279423
20241107_101221_466026862,-0.9591159
20241107_101221_965979385,-0.6781093
20241107_101222_461250097,-0.7211171
20241107_101222_962382197,-0.6392715
20241107_101223_458287665,-0.53025496
20241107_101223_707088069,-0.51402843
20241107_101223_963770004,-0.09959753
20241107_101224_211038061,-0.04673959
20241107_101224_458876731,0.33229947
20241107_101224_706491802,0.2615438
20241107_101225_206156907,0.09318637
20241107_101225_456853940,2.43245
20241107_101225_707668736,-0.35563317
20241107_101225_959348163,-1.6680923
20241107_101226_205476165,0.43818793
20241107_101226_465364231,0.5686464
20241107_101226_712988537,0.47574714
20241107_101226_961951959,0.40159437
20241107_101227_955083592,0.6864578
20241107_101228_204034635,0.3775919
20241107_101228_455390272,0.14541166
20241107_101228_705138425,0.21284659
20241107_101228_952579438,0.22318439
20241107_101229_199091065,0.2202328
20241107_101229_955570952,0.2593128
20241107_101230_202196066,0.26678628
20241107_101230_453936251,0.44159508
20241107_101230_706326884,0.10993267
20241107_101230_954479207,0.22861724
20241107_101231_457267036,0.24374701
20241107_101231_707868524,0.2641842
20241107_101231_960907468,0.44641778
20241107_101232_203776162,0.9089021
20241107_101232_457472726,0.42798412
20241107_101233_202316049,0.45471057
20241107_101233_449902373,0.46354342
20241107_101234_199617667,0.6965971
20241107_101234_450350964,0.043732263
20241107_101234_700881350,-0.044153474
20241107_101234_950285965,0.071983226
20241107_101235_198999380,0.062090285
20241107_101235_448992990,0.29138038
20241107_101236_200850555,0.6258237
20241107_101236_451677115,0.3002511
20241107_101236_705055384,-0.13383181
20241107_101236_957518867,-0.07000127
20241107_101237_203846542,-0.14724605
20241107_101237_452228691,0.047136076
20241107_101237_699509684,0.23853399
20241107_101237_952110479,-0.7925612
20241107_101238_207183928,-0.4202475
20241107_101238_460659628,-0.32276195
20241107_101238_704355749,-0.34368208
20241107_101238_952054543,-0.22299454
20241107_101239_450061954,-0.69636935
20241107_101239_697646693,-0.40621626
20241107_101239_952473824,-0.34312713
20241107_101240_204981072,-0.41010997
20241107_101240_453741827,-0.3700905
20241107_101240_959779194,-0.649091
20241107_101241_200102896,-0.5450642
20241107_101241_453764075,-0.2664098
20241107_101242_460753935,-0.049558856
20241107_101242_704185971,-0.0135177355
20241107_101242_954603320,0.02226854
20241107_101243_451060018,-0.055694424
20241107_101243_701026379,0.20834464
20241107_101243_950812928,0.16727994
20241107_101244_205976135,0.2551892
20241107_101244_453084001,0.099069394
20241107_101244_705936367,0.116854526
20241107_101244_958740491,0.7477409
20241107_101245_201705989,1.0924205
20241107_101245_461462405,0.65315074
20241107_101245_713243912,0.46037394
20241107_101245_971524287,0.49180558
20241107_101246_221777435,0.44416457
20241107_101246_476668831,0.39407834
20241107_101246_726729667,-0.25085026
20241107_101246_970437038,-0.15684684
20241107_101247_210286935,0.06387935
20241107_101247_461917440,0.40059027
20241107_101247_711535976,0.6569396
20241107_101247_958964631,0.45396674
20241107_101248_207644767,0.47370133
20241107_101248_711670249,0.3784702
20241107_101248_964830544,0.8230466
20241107_101249_450023853,0.45478055
20241107_101249_699649559,0.5289487
20241107_101250_457076196,0.413893
20241107_101250_706517346,0.70290715
20241107_101250_958748168,0.46017888
20241107_101251_206205401,0.5339995
20241107_101251_465232507,-1.7943349
20241107_101251_706461925,-1.1642106
20241107_101251_958374703,-0.9951819
20241107_101252_205822755,-0.6936451
20241107_101252_455889349,-0.038664192
20241107_101252_707860842,-0.12571162
20241107_101252_950957211,-0.2625833
20241107_101253_202550845,0.17869301
20241107_101253_457548280,0.79417306
20241107_101253_707509643,0.21334773
20241107_101253_955327781,0.31351948
20241107_101254_203167773,0.29192847
20241107_101254_457988619,0.4136739
20241107_101254_708847517,0.26437005
20241107_101254_955597906,0.00022218563
20241107_101255_452371986,0.08104012
20241107_101255_956332720,0.13733684
20241107_101256_450381085,0.76918393
20241107_101256_699944126,0.11079625
20241107_101256_952318980,-0.5619672
20241107_101257_204556907,-0.6698229
20241107_101257_457980350,-0.15470253
20241107_101257_701455256,-0.26359114
20241107_101257_948768673,0.21124329
20241107_101258_199057169,0.04702516
20241107_101258_453200313,-0.07120608
20241107_101258_695323026,-0.035478912
20241107_101258_947169743,-0.1758792
20241107_101259_197240353,-0.20972688
20241107_101259_448430816,-0.11135807
20241107_101259_699811629,-0.05221411
20241107_101259_958152376,-0.059573792
20241107_101300_208156970,-0.02484133
20241107_101300_458591474,-0.18501689
20241107_101300_704242323,-0.10953342
20241107_101300_950686737,0.0305152
20241107_101301_205294281,0.034696616
20241107_101301_460946434,-0.2555928
20241107_101301_704317229,0.18834065
20241107_101301_962520201,0.24745844
20241107_101302_202929565,0.17665909
20241107_101302_455210201,0.24143623
20241107_101302_699013320,0.600688
20241107_101302_949486307,0.5268427
20241107_101303_203970054,0.6733794
20241107_101303_451119420,0.39232484
20241107_101303_947223837,0.695218
20241107_101304_205543727,-0.3538147
20241107_101304_456289349,0.6112425
20241107_101304_709213178,-0.07989027
20241107_101304_961447389,-0.09055241
20241107_101305_212719899,0.04594154
20241107_101305_470040320,0.4207664
20241107_101305_707534346,0.647078
20241107_101305_956663394,0.47375455
20241107_101306_208339663,0.5512477
20241107_101306_493286289,1.8765486
20241107_101306_706859990,-0.54853654
20241107_101306_955959221,-0.46896496
20241107_101307_207960542,-0.6315979
20241107_101307_458057418,-0.37224787
20241107_101307_717626436,-0.33265305
20241107_101307_955225633,-0.41604853
20241107_101308_458098908,-0.44669822
20241107_101308_710097747,-0.3430049
20241107_101308_958467507,-0.25761443
20241107_101309_202678560,-0.08603206
20241107_101309_463292023,-0.08790584
20241107_101309_951421339,0.13124314
20241107_101310_203984092,0.014741523
20241107_101310_451587556,0.57204527
20241107_101310_700056128,0.46746913
20241107_101310_950206185,0.7248936
20241107_101311_198983620,0.3844569
20241107_101311_457946257,0.26024407
20241107_101311_702719748,0.26081958
20241107_101311_956369800,-0.17678289
20241107_101312_204650136,-0.054379307
20241107_101312_453438316,-0.28114113
20241107_101313_210003679,-0.092626475
20241107_101313_461482445,-0.123837136
20241107_101313_706935918,-0.06878003
20241107_101313_961519682,-0.042306326
20241107_101314_708283664,0.28104576
20241107_101314_958099640,1.0852664
20241107_101315_204894353,0.25505224
20241107_101316_199787861,0.21211302
20241107_101316_451528366,-0.08696624
20241107_101316_701524133,-0.21070087
20241107_101316_953013728,-0.086015545
20241107_101317_700260721,-0.09483435
20241107_101317_957258762,-0.012691101
20241107_101318_203257460,0.113731705
20241107_101318_456409192,0.011429528
20241107_101318_703285441,-0.053752564
20241107_101318_953271124,-0.08554264
20241107_101320_697947955,-0.06255361
20241107_101321_200917424,-0.08214762
20241107_101321_467106743,-0.024180552
20241107_101321_968954546,0.25546086
20241107_101322_218996697,0.10033003
20241107_101322_468949456,0.14983939
20241107_101322_970681297,0.07089369
20241107_101323_718393848,0.74605983
20241107_101323_978076043,0.46314174
20241107_101324_214762842,0.14445561
20241107_101324_477398734,0.29872447
20241107_101324_716738266,0.48976687
20241107_101325_208174436,0.44452527
20241107_101325_459032279,0.22937874
20241107_101325_964336660,0.26893696
20241107_101326_209762495,0.48242238
20241107_101326_462353545,0.29806656
20241107_101326_703441526,0.057818927
20241107_101326_952543536,-0.31713524
20241107_101327_203147844,-0.062365375
20241107_101327_703172790,-0.053850405
20241107_101327_955489995,0.018492201
20241107_101328_218806379,0.051099695
20241107_101328_461967384,0.02159215
20241107_101328_713699013,-0.012992075
20241107_101329_206220809,-0.010019442
20241107_101329_479676333,0.029990414
20241107_101329_711496912,0.22590463
20241107_101329_963812008,0.09006155
20241107_101330_208291027,-0.0150551405
20241107_101330_455955682,-0.4044582
20241107_101330_715324343,-0.34575763
20241107_101330_957803984,-0.29709288
20241107_101331_456861204,-0.2926405
20241107_101331_961108955,-0.3239947
20241107_101333_200607583,-0.2661138
20241107_101333_451110510,-0.16427399
20241107_101333_699097962,-0.08220198
20241107_101333_953676321,-0.071224265
20241107_101334_449793646,-0.07408538
20241107_101335_702098070,-0.046418093
20241107_101335_948160846,0.015625993
20241107_101336_217964098,0.18716961
20241107_101336_701358636,-0.00017048977
20241107_101336_956270094,0.028491298
20241107_101337_205995248,0.035719134
20241107_101337_455184151,0.052228905
20241107_101338_202750222,-0.2254091
20241107_101338_463645768,-0.1977169
20241107_101338_704748504,-0.19374649
20241107_101338_956312244,-0.5825984
20241107_101339_215378823,-0.3161033
20241107_101339_710561364,-0.24118848
20241107_101339_962620833,-0.48284256
20241107_101340_459894609,-0.1755668
20241107_101340_707294448,-0.11948423
20241107_101340_953771624,-0.20614268
20241107_101341_458482496,-0.21210374
20241107_101341_731693346,-0.36214116
20241107_101341_973904959,0.21962188
20241107_101342_215930372,0.35854742
20241107_101342_461783252,-0.068539165
20241107_101342_704765388,0.2624807
20241107_101342_962016296,-0.46014434
20241107_101343_207457518,-0.3183594
20241107_101343_459644747,-0.4462681
20241107_101343_717676597,-0.78929883
20241107_101343_966279141,-1.7706615
20241107_101344_205069857,-0.14178303
20241107_101344_469008237,0.08204601
20241107_101344_718857036,0.24897967
20241107_101344_962804580,0.13110928
20241107_101345_209091153,-0.42017213
20241107_101345_462214083,-0.730755
20241107_101345_710013817,-0.7777406
20241107_101345_952210243,-0.42741963
20241107_101346_199686945,-0.41711923
20241107_101346_456614423,-0.52405757
20241107_101346_965253886,1.1535957
20241107_101347_216339947,1.6467279
20241107_101347_465155165,0.9222152
20241107_101347_713073502,0.82987744
20241107_101347_960048597,0.2942193
20241107_101348_205796264,0.28379747
20241107_101348_457795912,0.7334578
20241107_101348_706500028,0.44297945
20241107_101348_955501140,0.27121404
20241107_101349_204128726,-0.22522311
20241107_101349_458172733,-1.1839265
20241107_101349_716613561,-0.41868445
20241107_101349_960916453,-0.11987556
20241107_101350_454391467,-0.68271667
20241107_101350_706612042,-0.4225054
20241107_101351_201787524,-0.40799823
20241107_101351_702442392,1.0019473
20241107_101351_958389154,0.72691774
20241107_101352_213188587,0.4177958
20241107_101352_477430893,0.33939612
20241107_101352_710945869,0.24342747
20241107_101352_979696414,-1.0868361
20241107_101353_220288928,0.7313698
20241107_101353_460003614,-0.2490684
20241107_101353_710410242,-0.68883175
20241107_101353_954557021,-1.3828729
20241107_101354_201772313,-0.37293532
20241107_101354_459025736,-0.21562989
20241107_101354_703812677,-0.1507584
20241107_101354_951015431,-0.14023842
20241107_101355_198457247,-0.12795444
20241107_101355_702545240,-0.18066414
20241107_101355_957300041,-0.12824138
20241107_101356_199606557,-0.11311772
20241107_101356_450054233,-0.084046684
20241107_101357_455950994,-0.6697063
20241107_101357_706645411,-0.886254
20241107_101357_958511478,-0.7144743
20241107_101358_212498198,-0.42298153
20241107_101358_462781997,0.39904174
20241107_101358_703351290,0.03319136
20241107_101358_956136223,0.17555277
20241107_101359_456272266,-0.23307116
20241107_101359_713710437,-0.15812428
20241107_101359_954864111,-0.079849266
20241107_101400_202787516,-0.04354342
20241107_101400_461234660,-0.030225417
20241107_101400_717592947,-0.04888489
20241107_101401_227452539,0.05868212
20241107_101401_468236837,0.3803668
20241107_101401_705687227,0.25468174
20241107_101401_953799450,0.418796
20241107_101402_200723116,0.28331164
20241107_101402_453958265,0.25669202
20241107_101402_707559121,0.23297267
20241107_101402_950816536,0.17208116
20241107_101403_203471864,0.16136937
20241107_101403_477024717,0.34825364
20241107_101403_722001377,1.1800883
20241107_101403_963892665,0.77811706
20241107_101404_210656395,0.5433185
20241107_101404_465511016,0.4303522
20241107_101404_714857429,0.97472805
20241107_101404_965645312,0.55728686
20241107_101405_203715615,0.7835906
20241107_101405_454662062,1.1302305
20241107_101405_711958976,0.5763917
20241107_101405_962453035,-0.32127422
20241107_101406_204633130,-0.15429552
20241107_101406_456611128,-0.10200697
20241107_101406_711064843,-0.078258954
20241107_101406_964132082,0.024111817
20241107_101407_208612415,0.016686996
20241107_101407_454979351,0.084240355
20241107_101407_707758263,-0.040765606
20241107_101407_956805019,-0.023762187
20241107_101408_458187869,-0.05418136
20241107_101408_951277804,-0.0024779644
20241107_101409_198109296,-0.015403589
20241107_101409_958340498,-0.43480974
20241107_101410_203585024,-0.5817342
20241107_101410_699268838,-0.6044135
20241107_101410_958443825,-0.24207135
20241107_101411_456023883,-0.21649131
20241107_101411_701294980,-0.00020470284
20241107_101411_951622511,0.46408677
20241107_101412_211278102,1.6902684
20241107_101412_467173723,-0.9716626
20241107_101412_722423994,-0.41833523
20241107_101412_970985710,-0.9030033
20241107_101413_202076836,-0.9949451
20241107_101413_457083833,-0.26624897
20241107_101413_708968685,-0.9476918
20241107_101413_950478224,-0.18622573
20241107_101414_209683158,-1.4369547
20241107_101414_457901092,-0.2949971
20241107_101414_709420208,-0.15702471
20241107_101414_955378523,-0.11377322
20241107_101415_199266583,-0.21790685
20241107_101415_448544141,-0.31177726
20241107_101415_696877663,-0.4166989
20241107_101415_951954159,-0.09918201
20241107_101416_206418941,0.06697035
20241107_101416_456527299,0.13201481
20241107_101416_959012057,0.041947998
20241107_101417_214448573,0.7532307
20241107_101417_471077323,0.40200573
20241107_101417_716870598,-1.3231993
20241107_101417_967860281,0.09379697
20241107_101418_212531252,-0.10328053
20241107_101418_461738255,-0.13101555
20241107_101418_702781575,-0.057267748
20241107_101418_955551985,-0.100719415
20241107_101419_209744233,-0.13919397
20241107_101419_463922891,-0.032225035
20241107_101419_703965162,0.07175348
20241107_101419_958082277,-0.0047565307
20241107_101420_208892868,-0.029894968
20241107_101420_454548486,-0.032430373
20241107_101420_957405583,-0.3951065
20241107_101421_203831673,-0.23570059
20241107_101421_706737744,-0.18859945
20241107_101421_955151290,-0.2848808
20241107_101422_202815050,0.0857848
20241107_101422_454021585,-0.012192627
20241107_101422_706357767,-0.021927258
20241107_101422_951971481,0.0685688
20241107_101423_449407445,0.07483093
20241107_101423_713121592,0.15398882
20241107_101424_207357980,0.10247604
20241107_101424_710321217,0.1723722
20241107_101424_966130132,0.12585013
20241107_101425_204071961,0.10741005
20241107_101425_458387681,0.115956225
20241107_101425_704431016,0.09138439
20241107_101425_958078619,0.11810068
20241107_101426_199475930,0.08535246
20241107_101427_445388593,0.041734137
20241107_101427_699439488,0.05533216
20241107_101427_951244042,0.092272915
20241107_101428_206763114,0.5521409
20241107_101428_463532988,0.29957137
20241107_101428_707260785,0.3520321
20241107_101428_980124552,0.29431787
20241107_101429_208382597,0.051592924
20241107_101429_474207730,0.09842739
20241107_101429_707615322,0.14169441
20241107_101429_987888347,0.19037516
20241107_101430_222460364,0.17117877
20241107_101430_471225696,0.116211064
20241107_101430_712145271,0.030873248
20241107_101430_984981102,0.15800194
20241107_101431_247588669,0.19212712
20241107_101431_473459176,0.16215558
20241107_101431_734887112,0.15717675
20241107_101431_974875268,0.13415976
20241107_101432_287704551,-0.74368095
20241107_101432_496372080,0.028263668
20241107_101432_735609580,-0.04900249
20241107_101432_963080847,0.0063271318
20241107_101433_217271503,0.07718671
20241107_101433_465876618,-0.093457244
20241107_101433_707141833,-0.06589439
20241107_101433_955982799,-0.05952146
20241107_101434_250360627,-0.035552226
20241107_101434_467686750,0.03586272
20241107_101435_199142444,0.030620614
20241107_101435_451487902,0.123764016
20241107_101435_698211358,0.08847193
20241107_101435_948080964,1.4702779
20241107_101436_197580091,1.8301009
20241107_101436_452428058,-0.17564581
20241107_101436_698609073,-0.16691978
20241107_101436_951993972,-0.1537913
20241107_101437_198711772,0.0014234763
20241107_101437_448922792,-0.06528612
20241107_101437_946717842,-0.06358596
20241107_101438_199319206,-0.063675545
20241107_101438_451663571,-0.059280835
20241107_101438_707136323,-0.03950753
20241107_101438_951836580,0.06162604
20241107_101439_199697677,0.18954515
20241107_101439_458936973,-0.07851299
20241107_101439_703317188,-0.12265565
20241107_101439_955461371,-0.22051473
20241107_101440_204606269,-0.009463998
20241107_101440_455055401,-0.043191873
20241107_101440_703897375,-0.05976268
20241107_101440_951791578,-0.024188718
20241107_101441_201449056,0.018378953
20241107_101441_457691400,0.09539709
20241107_101441_706289246,0.11919806
20241107_101441_955589733,0.076650776
20241107_101442_202370549,0.08367715
20241107_101442_452561442,0.05093644
20241107_101442_702650525,-0.2346911
20241107_101442_951860509,-0.11113354
20241107_101443_201537744,-0.118633054
20241107_101443_450223457,-0.63487965
20241107_101443_954407194,-0.22225668
20241107_101444_203791056,-0.2755324
20241107_101444_458065859,-0.16303526
20241107_101444_954754437,-0.16146554
20241107_101445_203504900,0.04405146
20241107_101445_459256141,-0.08265992
20241107_101445_712650156,-0.052509032
20241107_101445_957953643,-0.039203607
20241107_101446_466381179,0.036821477
20241107_101446_952672244,0.13903567
20241107_101447_200660411,0.011842469
20241107_101447_464748079,0.012610773
20241107_101447_701575672,1.3421997
20241107_101447_952845278,-0.05489914
20241107_101448_200229178,0.15135467
20241107_101448_460148268,-0.16035499
20241107_101448_699719191,0.092027225
20241107_101448_951949274,0.14644155
20241107_101449_703196181,0.1095073
20241107_101450_207562296,0.09237645
20241107_101450_456549786,0.10434503
20241107_101450_701393656,0.26474658
20241107_101450_951128294,0.104386665
20241107_101451_203780778,-0.2247959
20241107_101451_451796388,-0.05840894
20241107_101452_204019524,0.26857314
20241107_101452_451624292,0.3836281
20241107_101452_700336957,0.21356443
20241107_101452_950960268,0.18107103
20241107_101453_207181950,0.1855583
20241107_101453_448511761,0.5902656
20241107_101453_697922044,-0.26229766
20241107_101453_950289263,-0.4602623
20241107_101454_212522513,-0.9223654
20241107_101454_453515713,-0.55965376
20241107_101454_698091869,-1.9746348
20241107_101454_953783957,0.21335457
20241107_101455_201717243,0.13182974
20241107_101455_450872240,0.0037054215
20241107_101455_695357601,0.22158052
20241107_101455_955665607,-0.068608664
20241107_101456_449657167,-0.060698114
20241107_101456_699565876,0.27915114
20241107_101456_953130478,-0.072202526
20241107_101457_209051329,0.043824106
20241107_101457_451134877,0.004816087
20241107_101457_699596039,-0.0703237
20241107_101457_950144385,-0.28051785
20241107_101458_196550877,0.07255197
20241107_101458_450272557,0.25317052
20241107_101458_698814406,0.06517226
20241107_101458_950147393,0.15379602
20241107_101459_152886036,0.142888
20241107_101459_194154478,-0.18699585
20241107_102959_217121881,0.05754841
20241107_102959_560060135,0.7201064
20241107_102959_713116199,0.15682916
20241107_102959_958684637,0.8664
20241107_103000_206463464,-0.477116
20241107_103000_479832072,-0.017320184
20241107_103000_710842361,0.32912925
20241107_103000_958018526,-0.17770483
20241107_103001_204548934,-1.3629087
20241107_103001_462562444,1.1584415
20241107_103001_697364079,1.4970006
20241107_103001_956231552,0.36494184
20241107_103002_206544136,0.019994656
20241107_103002_465224782,1.9533211
20241107_103002_708743647,0.20634532
20241107_103002_962840985,0.27290365
20241107_103003_208580358,-0.62206453
20241107_103003_457538608,0.19194125
20241107_103003_696961621,0.45282075
20241107_103003_950748394,-0.2493496
20241107_103004_197997812,0.06188926
20241107_103004_453217908,-0.8013817
20241107_103004_700238810,-0.1098311
20241107_103004_954994463,0.044470526
20241107_103005_201444493,-2.5859337
20241107_103005_452186643,-2.0696902
20241107_103005_707140348,-0.5930583
20241107_103005_958589947,-0.29963246
20241107_103006_198951443,-0.4462082
20241107_103006_468103699,-0.16485855
20241107_103006_704348888,0.8615203
20241107_103006_959971985,1.305342
20241107_103007_216178689,-0.11736422
20241107_103007_468930312,0.12038884
20241107_103007_708341127,0.23344053
20241107_103007_959915961,0.6404533
20241107_103008_202772888,1.8047849
20241107_103008_455281921,1.4199203
20241107_103008_699810154,0.49461803
20241107_103008_952252065,0.20245568
20241107_103009_196018172,0.56507313
20241107_103009_452556365,0.70856756
20241107_103009_702568705,0.2773034
20241107_103009_951570836,-0.10847103
20241107_103010_196476922,0.13729918
20241107_103010_460029269,0.003674427
20241107_103010_701945751,0.11859492
20241107_103010_951957889,-0.23356415
20241107_103011_196223774,-0.1671605
20241107_103011_459228805,0.13992833
20241107_103011_690898977,1.1790961
20241107_103011_950387528,-0.18674806
20241107_103012_195283420,0.17518683
20241107_103012_446222007,1.032532
20241107_103012_693880250,0.16702233
20241107_103012_950862735,0.28609556
20241107_103013_190490588,0.40347496
20241107_103013_446864073,0.32538262
20241107_103013_694692705,0.44329277
20241107_103013_955958802,0.92454875
20241107_103014_203492794,0.6201012
20241107_103014_451023374,0.8317821
20241107_103014_695638461,1.3868315
20241107_103014_946255727,-0.90851957
20241107_103015_192634448,-0.8677076
20241107_103015_449575118,-1.6610426
20241107_103015_688212274,-1.3750571
20241107_103015_948327804,-0.5165226
20241107_103016_203300133,-1.2310482
20241107_103016_447779775,-0.5212456
20241107_103016_687747688,-0.6944648
20241107_103016_945238849,-0.16291441
20241107_103017_190090576,0.4830118
20241107_103017_448240061,0.3239194
20241107_103017_694372618,0.1404035
20241107_103017_952149643,0.22308403
20241107_103018_191506344,0.18414818
20241107_103018_445426415,0.17094319
20241107_103018_692128984,0.22214095
20241107_103018_946270333,0.20446853
20241107_103019_197551957,0.23609196
20241107_103019_442805085,0.28323838
20241107_103019_942772303,0.28153196
20241107_103020_451497736,0.32065818
20241107_103020_691337585,0.31643343
20241107_103020_945190159,0.26638955
20241107_103021_192963293,0.19722395
20241107_103021_444040441,-0.20805903
20241107_103021_691821296,0.03145481
20241107_103021_943736404,0.18526684
20241107_103022_194329225,0.20517553
20241107_103022_446467457,0.6514365
20241107_103022_690354851,0.4029825
20241107_103022_944398729,0.31926686
20241107_103023_442764506,0.48447087
20241107_103023_699171491,0.47535905
20241107_103023_954195848,0.39383888
20241107_103024_191962808,0.5496819
20241107_103024_440976674,0.37167054
20241107_103024_689319900,0.6124178
20241107_103024_949287245,0.1294661
20241107_103025_192087626,0.059275962
20241107_103025_448080780,-0.039326064
20241107_103025_697268976,-0.58505136
20241107_103025_949463790,0.12955482
20241107_103026_203541052,0.20718609
20241107_103026_459731817,0.41297713
20241107_103026_706857756,0.37114197
20241107_103026_946390575,0.63395053
20241107_103027_191042179,0.50505745
20241107_103027_439770277,0.14243285
20241107_103027_696991918,-0.21425511
20241107_103027_948911370,-1.0451614
20241107_103028_194467509,0.12568475
20241107_103028_452612334,1.3294383
20241107_103028_697747299,-0.93747866
20241107_103028_942685249,-0.3014813
20241107_103029_188798535,0.08579874
20241107_103029_480555184,-0.6742724
20241107_103029_689962726,-0.414522
20241107_103029_943481056,-2.1474447
20241107_103030_193396072,0.8147157
20241107_103030_443266769,1.9494659
20241107_103030_689474843,-0.79399735
20241107_103030_941104801,-0.57326615
20241107_103031_192940457,-0.9262282
20241107_103031_449194208,0.7164751
20241107_103031_696592791,-0.5063689
20241107_103031_948626510,-0.31559214
20241107_103032_190915710,-0.22019435
20241107_103032_446763706,-0.02437913
20241107_103032_688327601,0.08971766
20241107_103032_943393375,-0.023342332
20241107_103033_187206905,0.0844116
20241107_103033_446971860,0.18249068
20241107_103033_695798853,-0.18617232
20241107_103033_947200245,0.12309294
20241107_103034_195758391,-0.17957081
20241107_103034_449957447,-0.3982421
20241107_103034_951832696,-0.21474661
20241107_103035_192385016,-0.31685844
20241107_103035_445821516,-0.08344872
20241107_103035_691705411,0.16283214
20241107_103035_944816003,0.39002913
20241107_103036_189932061,0.024267474
20241107_103036_447362986,0.7049584
20241107_103036_696741142,0.5143241
20241107_103036_947661485,-0.08418174
20241107_103037_189290737,-0.20297797
20241107_103037_445455142,0.6913228
20241107_103037_692795898,-0.16194509
20241107_103037_941969284,-0.16137798
20241107_103038_187356557,-0.34847438
20241107_103038_439281721,-0.63767093
20241107_103038_686130296,-1.7167715
20241107_103038_939916297,0.109069444
20241107_103039_190391051,1.3759052
20241107_103039_439814137,1.534713
20241107_103039_687302869,-0.81663
20241107_103039_940611883,-1.0031086
20241107_103040_187473276,-0.66753656
20241107_103040_440616649,-0.9943679
20241107_103040_939126424,-0.12494941
20241107_103041_187232935,-0.19966133
20241107_103041_442225326,-0.076166995
20241107_103042_186413108,-0.3199237
20241107_103042_441861411,0.14663571
20241107_103042_688394144,-0.32173362
20241107_103042_940749158,-0.5653341
20241107_103043_188932195,-0.50786084
20241107_103043_440670302,-0.41108254
20241107_103043_686591715,-0.1295721
20241107_103044_186544759,-0.20769425
20241107_103044_437610939,-0.15085576
20241107_103044_939814705,0.23762955
20241107_103045_183477923,0.010719726
20241107_103045_441047303,-0.018862566
20241107_103045_942425498,-0.040220223
20241107_103046_689317008,-0.02016153
20241107_103046_939572154,-0.078658424
20241107_103047_188049836,-0.03123047
20241107_103047_438886706,-0.2355469
20241107_103048_194687904,-0.0934821
20241107_103048_442466921,0.12814103
20241107_103048_695579750,0.22187994
20241107_103048_941198879,0.10189328
20241107_103049_188594044,-0.37513348
20241107_103049_451386652,-0.15478136
20241107_103049_947076432,-0.44111654
20241107_103050_191812201,-0.56389296
20241107_103050_446802813,-0.45302245
20241107_103050_688544139,-1.2204803
20241107_103050_940869144,0.5919114
20241107_103051_189878277,0.75198305
20241107_103051_441928544,0.2472124
20241107_103051_688154270,-0.23909046
20241107_103051_940917061,-0.17889918
20241107_103052_193329278,-0.112395994
20241107_103052_444710336,-0.22270386
20241107_103052_697792784,-2.1634023
20241107_103052_948779392,-0.17893174
20241107_103053_204098801,0.4865193
20241107_103053_447395785,-0.15084718
20241107_103053_696994381,0.118484624
20241107_103053_944864329,0.45344308
20241107_103054_197649565,0.612843
20241107_103054_455327178,0.3980304
20241107_103054_695366695,0.33594596
20241107_103054_942142310,0.45458874
20241107_103055_441169617,0.46795815
20241107_103055_691867275,0.3813017
20241107_103055_943758368,0.36597502
20241107_103056_189548067,-0.006826123
20241107_103056_449224714,0.2686079
20241107_103056_699076747,0.6998028
20241107_103056_947340938,0.20616491
20241107_103057_192584371,0.08414582
20241107_103057_445113075,-0.24350725
20241107_103057_696191987,-0.026560714
20241107_103057_944752594,-0.045201145
20241107_103058_445978488,0.045957692
20241107_103058_695755277,-1.895939
20241107_103058_946126739,-0.29928613
20241107_103059_193110192,-0.2697288
20241107_103059_443591236,-0.18115248
20241107_103059_695854417,-0.13526534
20241107_103059_943059295,-0.06437122
20241107_103100_191008550,-0.32900277
20241107_103100_446292370,-0.13008456
20241107_103100_940065248,-0.13702445
20241107_103101_196262360,0.24877392
20241107_103101_446081865,0.6538101
20241107_103101_692007844,1.1911126
20241107_103101_943830483,0.6879763
20241107_103102_190501155,0.24053861
20241107_103102_441093953,0.1750647
20241107_103102_701111882,0.16136275
20241107_103102_947671311,0.048109032
20241107_103103_192603863,0.034477092
20241107_103103_440781394,0.20788743
20241107_103103_693173416,-0.12725379
20241107_103103_954781609,0.003976086
20241107_103104_194210042,0.086838044
20241107_103104_446772042,-0.103791945
20241107_103104_700748877,-0.6608766
20241107_103104_946228463,-0.63789994
20241107_103105_191334736,-2.4618392
20241107_103105_447551628,0.14085819
20241107_103105_695534061,0.29579163
20241107_103105_949749292,0.55134696
20241107_103106_195003907,-0.27361235
20241107_103106_457362723,-1.3348316
20241107_103106_697093031,-0.44681826
20241107_103106_948314285,0.12990256
20241107_103107_195045475,0.020409206
20241107_103107_446871783,-0.059327714
20241107_103107_697844835,0.14834495
20241107_103107_942033459,0.2173964
20241107_103108_193051069,0.048196472
20241107_103108_446265101,-0.032346986
20241107_103108_691818457,-0.065003596
20241107_103108_946310181,-0.083582245
20241107_103109_191994792,0.13905273
20241107_103110_189448604,0.018266061
20241107_103110_446893660,-0.0122197475
20241107_103110_689535741,-0.14227279
20241107_103110_937606244,-0.32384336
20241107_103111_190905395,-0.28400847
20241107_103111_444850469,0.029435793
20241107_103111_688377572,-0.07208019
20241107_103111_942335774,0.08892388
20241107_103112_190586227,0.07295906
20241107_103112_441199154,0.045746394
20241107_103112_688521524,-0.0014909115
20241107_103112_951738542,-0.12853445
20241107_103113_449329805,-0.1291411
20241107_103113_692504447,-0.4743435
20241107_103113_940064957,-0.34068432
20241107_103114_185705661,-0.17855401
20241107_103115_193463893,-0.11464583
20241107_103115_439199138,0.0015725456
20241107_103115_938360116,0.02463908
20241107_103116_193495260,-0.14766352
20241107_103116_442276856,0.11799497
20241107_103116_687866045,0.13232426
20241107_103116_944120420,0.22328861
20241107_103117_444091973,0.18713443
20241107_103117_947937440,0.036132313
20241107_103118_190756871,-0.7818117
20241107_103118_439469401,-0.27819112
20241107_103118_687826310,-0.18640877
20241107_103118_934438241,-0.3318715
20241107_103119_206989684,-0.22900645
20241107_103119_445490367,0.37352625
20241107_103119_715444077,0.25603837
20241107_103119_957998508,0.29388893
20241107_103120_195714684,0.17258619
20241107_103120_443685005,0.091286816
20241107_103120_691555489,-0.63102126
20241107_103120_939489477,-0.22036345
20241107_103121_191600353,-0.95633584
20241107_103121_456175238,0.6100284
20241107_103121_695929471,0.2429472
20241107_103121_942222570,0.120350935
20241107_103122_196973231,-0.19565465
20241107_103122_445326419,-0.03730329
20241107_103122_691496890,0.053290762
20241107_103122_944213237,0.041906722
20241107_103123_940755365,0.48120555
20241107_103124_183020387,1.3510062
20241107_103124_439167508,-0.053058587
20241107_103124_691178138,-0.15286966
20241107_103124_940300576,0.41750017
20241107_103125_192228754,0.8358758
20241107_103125_441121335,-0.10627883
20241107_103125_685550717,-0.106330246
20241107_103125_940899466,-0.1752825
20241107_103126_203943441,-0.07104661
20241107_103126_461163346,-0.15012659
20241107_103126_703445901,-0.34920242
20241107_103126_948816346,-0.14138724
20241107_103127_701487985,-0.16624542
20241107_103127_947748941,-0.17094333
20241107_103128_212516095,-0.099363945
20241107_103128_451571166,-0.15273865
20241107_103128_948355997,-0.14712246
20241107_103129_194791333,-0.11746808
20241107_103129_464044318,-0.08576622
20241107_103129_700993712,-0.10725405
20241107_103129_956525193,-0.15252243
20241107_103130_192808081,-0.12226274
20241107_103130_436612018,-0.09975382
20241107_103130_939230577,-0.3393404
20241107_103131_198887384,-0.61902183
20241107_103131_445544185,-0.28015175
20241107_103131_941524768,-0.2513813
20241107_103132_183568972,0.059951253
20241107_103132_448456562,0.018082885
20241107_103132_691015204,-0.365209
20241107_103132_942224347,0.67288804
20241107_103133_185307501,0.20452128
20241107_103133_457670749,0.2982184
20241107_103133_696964866,0.7371302
20241107_103133_954728398,-0.10772862
20241107_103134_194621118,-1.9565307
20241107_103134_458144080,0.6161122
20241107_103134_724460570,-0.28434554
20241107_103134_985743373,-0.19820417
20241107_103135_224266580,0.8345589
20241107_103135_471089988,0.07427911
20241107_103135_714009940,-0.2531866
20241107_103135_964227658,-0.1658047
20241107_103136_202183517,-1.0372967
20241107_103136_453206258,-1.3659581
20241107_103136_716832526,0.23142634
20241107_103136_967445150,0.066646196
20241107_103137_205973313,-0.022673508
20241107_103137_457416542,-0.29154637
20241107_103137_702568648,-0.45101598
20241107_103137_951168278,-0.05594965
20241107_103138_201316401,-0.051134907
20241107_103138_442258769,0.23174338
20241107_103138_697700206,0.56343335
20241107_103138_950424276,-0.18260646
20241107_103139_197815140,-0.2052748
20241107_103139_449834383,-0.6647155
20241107_103139_695027780,-0.48778203
20241107_103139_950171274,0.864055
20241107_103140_196838193,0.40576473
20241107_103140_450339880,0.6486937
20241107_103140_693866731,0.588816
20241107_103140_944114874,1.2749273
20241107_103141_189102864,1.0830632
20241107_103141_448825296,0.5761149
20241107_103141_693982368,0.5918711
20241107_103141_942664852,0.585592
20241107_103142_193907222,0.5952256
20241107_103142_441040015,0.5837422
20241107_103142_948131360,0.2950677
20241107_103143_193976216,0.2208267
20241107_103143_455908256,-0.69379365
20241107_103143_699659648,-0.6422775
20241107_103143_949926695,-0.61125135
20241107_103144_186300516,-0.27195328
20241107_103144_441142534,-0.33696443
20241107_103144_687784643,-0.25470328
20241107_103144_941761375,0.51827484
20241107_103145_187847764,0.39892343
20241107_103145_436807407,0.82183933
20241107_103145_688516780,0.25543746
20241107_103145_939610257,0.11558024
20241107_103146_191840046,0.072292306
20241107_103146_453105255,0.108491786
20241107_103146_941907326,0.17466526
20241107_103147_188559417,0.16749983
20241107_103147_444716628,0.42344832
20241107_103147_697346937,-0.4577693
20241107_103147_945088854,-0.35381955
20241107_103148_192174908,-0.61005783
20241107_103148_450191385,-1.2580324
20241107_103148_700442154,-0.99569124
20241107_103148_955682859,-0.4920937
20241107_103149_208028075,-0.14529441
20241107_103149_451881589,-0.5043853
20241107_103149_941928157,-0.47544232
20241107_103150_199821324,-0.75165945
20241107_103150_448564879,-1.3276392
20241107_103150_700943584,-0.88764054
20241107_103150_948384996,-0.32021937
20241107_103151_191305045,0.5517563
20241107_103151_443646021,0.5192573
20241107_103151_686115484,0.6628816
20241107_103151_942828161,0.6360445
20241107_103152_440994814,0.6532907
20241107_103152_689384460,1.1654369
20241107_103152_937747035,2.3815558
20241107_103153_193059468,-0.4528699
20241107_103153_448505690,-0.8298335
20241107_103153_689152539,-0.8266966
20241107_103153_943903598,0.69791716
20241107_103154_191848750,0.42880797
20241107_103154_691649823,0.57992077
20241107_103154_948610618,0.74483645
20241107_103155_438829938,0.20109217
20241107_103155_685460465,0.40084687
20241107_103155_934552937,0.6816612
20241107_103156_182359691,0.2914621
20241107_103156_432755505,0.34700942
20241107_103156_936335671,1.5909611
20241107_103157_181224401,0.2898122
20241107_103157_681868843,0.49805167
20241107_103157_938309332,-0.6018886
20241107_103158_191344176,-0.71897674
20241107_103158_443837060,0.090801336
20241107_103158_696697141,-0.07133187
20241107_103158_948447366,0.16794637
20241107_103159_194654904,0.6267986
20241107_103159_446423676,-0.0010067187
20241107_103159_693217650,-0.18292905
20241107_103159_943042296,0.031072589
20241107_103200_194914340,-0.22677644
20241107_103200_443549867,0.32375124
20241107_103200_693239174,0.5860871
20241107_103200_947483457,0.12550704
20241107_103201_195387753,0.07204
20241107_103201_439330952,0.15042381
20241107_103201_687804478,-0.18942101
20241107_103201_946101043,0.06999851
20241107_103202_198406617,-0.28098992
20241107_103202_446532218,-0.42666322
20241107_103202_694372262,-0.20539601
20241107_103202_942158916,-0.49539477
20241107_103203_194513337,-1.2949153
20241107_103203_457397714,0.07788622
20241107_103203_705668553,-0.22321315
20241107_103203_948249636,-0.3393832
20241107_103204_187485395,-1.1078717
20241107_103204_441855969,-0.53653294
20241107_103204_685746393,-0.38963172
20241107_103205_190892079,-0.30755454
20241107_103205_453094681,-1.8682674
20241107_103205_708866212,0.5612467
20241107_103205_953511237,0.2994279
20241107_103206_201653863,0.49549386
20241107_103206_446564885,0.46461633
20241107_103206_692498677,1.1811144
20241107_103206_942200984,0.57058257
20241107_103207_187464573,0.29943275
20241107_103207_438918774,-0.5028994
20241107_103207_683310840,-0.4839462
20241107_103207_935932656,-0.09887264
20241107_103208_185832516,-0.1686209
20241107_103208_438952314,0.16788359
20241107_103208_689749402,0.639105
20241107_103208_947281755,0.35967073
20241107_103209_197210948,0.048449054
20241107_103209_454296186,0.1389469
20241107_103209_695848050,-0.06927606
20241107_103209_944942746,0.10658751
20241107_103210_191241287,-0.084434174
20241107_103210_443310318,-0.26497707
20241107_103210_690669994,-1.4250902
20241107_103210_940625462,-0.8840416
20241107_103211_187345910,-1.7365073
20241107_103211_439184640,0.547821
20241107_103211_692511616,0.29141685
20241107_103211_946294592,0.84941655
20241107_103212_194650630,0.363366
20241107_103212_455464150,1.0164459
20241107_103212_720078005,0.306921
20241107_103212_960311350,0.2616054
20241107_103213_196473365,-0.12295776
20241107_103213_445478453,-0.076062344
20241107_103213_695994389,0.013949523
20241107_103213_939963881,-0.45785126
20241107_103214_190596417,-0.1865351
20241107_103214_441274870,-0.11099329
20241107_103214_689728999,-0.26976594
20241107_103214_940015365,-0.20122631
20241107_103215_193590459,-0.59285706
20241107_103215_439773965,-0.41530296
20241107_103215_685309820,-0.6114687
20241107_103215_936689217,-1.9173831
20241107_103216_186743148,0.8550859
20241107_103216_437884881,0.8959403
20241107_103216_689516695,1.013426
20241107_103216_944196845,-0.67352927
20241107_103217_190338055,-0.7074038
20241107_103217_439137126,-0.022791259
20241107_103217_686614626,-0.12849456
20241107_103217_940091629,0.11234129
20241107_103218_190598515,0.33103094
20241107_103218_446059602,0.18001996
20241107_103218_694290636,0.20861872
20241107_103218_947097300,0.21633217
20241107_103219_195578203,0.16000932
20241107_103219_444895170,-0.072175644
20241107_103219_694212503,0.10171125
20241107_103219_946665218,0.42295966
20241107_103220_191071161,0.58897907
20241107_103220_439855674,0.1739505
20241107_103220_690968500,0.07888879
20241107_103220_947076508,-0.06662568
20241107_103221_197670733,-0.03443583
20241107_103221_447381052,0.41154706
20241107_103221_688512939,0.6664278
20241107_103221_943725956,1.966896
20241107_103222_196669100,-1.1788642
20241107_103222_448183429,-0.38962233
20241107_103222_695269859,-0.8065592
20241107_103222_947611124,2.7491329
20241107_103223_195892454,0.2605915
20241107_103223_447113106,0.9926972
20241107_103223_690918098,0.35028017
20241107_103223_954316733,0.42715195
20241107_103224_198224796,0.5400648
20241107_103224_443518430,0.5580947
20241107_103224_694454051,0.3667698
20241107_103224_939510411,0.076058485
20241107_103225_187582938,-0.2664098
20241107_103225_437055053,-0.26139626
20241107_103225_684047229,-0.14688398
20241107_103225_931054309,-0.7166883
20241107_103226_184375521,-0.6102776
20241107_103226_440820879,1.0426462
20241107_103226_689027710,-0.74022037
20241107_103226_938346591,-0.5074925
20241107_103227_189422463,-0.16669223
20241107_103227_438307802,-0.0772626
20241107_103227_941218369,-0.84168166
20241107_103228_187797909,0.8524177
20241107_103228_446527942,1.0438628
20241107_103228_693189326,0.11229495
20241107_103228_942983829,-0.22445758
20241107_103229_188527586,-0.23337515
20241107_103229_466273280,0.50569737
20241107_103229_690925591,0.38420257
20241107_103229_938438975,0.4382991
20241107_103230_188553357,0.559117
20241107_103230_445033461,-0.5692384
20241107_103230_701921245,0.75688964
20241107_103230_942703836,0.37487355
20241107_103231_188662280,0.6450507
20241107_103231_692676929,0.11402171
20241107_103231_935150991,0.0006525144
20241107_103232_193952829,-0.88009906
20241107_103232_449556107,0.2022988
20241107_103232_695139755,-0.0065654665
20241107_103234_185460299,-0.054677926
20241107_103234_434668529,-0.19076796
20241107_103234_693172587,0.034796715
20241107_103234_938158527,-0.108073615
20241107_103235_440076218,-0.25944754
20241107_103235_682253088,-0.23962177
20241107_103235_935597851,-0.728774
20241107_103236_193992432,-0.7524426
20241107_103236_452845271,-0.7197694
20241107_103236_706697351,-0.57059336
20241107_103236_947590734,0.34443334
20241107_103237_199395479,-0.07325008
20241107_103237_452628997,0.26272538
20241107_103237_698797651,-0.23488452
20241107_103237_940777051,1.1229048
20241107_103238_191596783,-0.27967462
20241107_103238_440480215,-0.33186775
20241107_103238_682088447,-0.6122424
20241107_103238_935717105,-0.5482916
20241107_103239_181910025,-0.54438055
20241107_103239_437105481,-0.46121803
20241107_103239_686895929,-0.29667363
20241107_103239_940176337,0.16699731
20241107_103240_188595043,0.40390474
20241107_103240_436144222,0.130915
20241107_103240_688722332,0.2627944
20241107_103241_446502779,0.14598563
20241107_103241_687462801,0.035842396
20241107_103241_940992915,-0.11457088
20241107_103242_189879599,-0.1721055
20241107_103242_439920003,-0.10267433
20241107_103242_692852267,-0.08830156
20241107_103242_943442171,-0.02704521
20241107_103243_440351749,-0.04143884
20241107_103243_940354357,-0.07701721
20241107_103244_187254659,-0.07887139
20241107_103244_439362895,-0.04410001
20241107_103244_691362893,-0.37064868
20241107_103244_934579936,-0.38048843
20241107_103245_183108669,-0.16265722
20241107_103245_436037527,-0.12477853
20241107_103245_930610831,-0.14764859
20241107_103246_431589787,-0.025460979
20241107_103246_682282046,0.1012981
20241107_103247_191226626,0.028113345
20241107_103247_443736096,-0.03088965
20241107_103247_695043955,-0.46406725
20241107_103247_941030530,-1.1686274
20241107_103248_192522073,-0.91646594
20241107_103248_438056455,-0.56864256
20241107_103248_683149851,-0.1452369
20241107_103248_932540519,-0.15683104
20241107_103249_187291278,0.25896606
20241107_103249_437907503,0.39190722
20241107_103249_690559387,0.12733887
20241107_103249_945854112,-0.04921578
20241107_103251_434992691,0.032670952
20241107_103251_688868396,0.07846687
20241107_103251_937902979,-0.021730086
20241107_103252_186097863,0.07828746
20241107_103252_434460662,0.15537249
20241107_103252_686579143,0.1922446
20241107_103252_940534003,0.17339726
20241107_103253_187674281,0.14942499
20241107_103253_447602600,0.34004825
20241107_103253_691574225,0.34234616
20241107_103254_189825538,0.24614622
20241107_103254_441038950,0.21365146
20241107_103254_691242300,0.26694053
20241107_103255_441056223,0.21714108
20241107_103255_694921431,0.16715266
20241107_103255_940344548,0.054665454
20241107_103256_184670648,0.03358517
20241107_103256_434558602,-0.0493628
20241107_103256_689219121,-0.30060837
20241107_103256_945103257,-0.1169463
20241107_103257_189045640,-0.3320472
20241107_103257_440771966,-0.06916659
20241107_103257_951932226,-0.12871476
20241107_103258_193132357,-0.40581086
20241107_103258_438446234,-1.0536919
20241107_103258_686249689,0.38718215
20241107_103258_938317448,-0.03814774
20241107_103259_197649358,0.015637437
20241107_103259_446265256,0.033346213
20241107_103259_699119682,0.12808391
20241107_103259_939172335,0.049299456
20241107_103300_181603250,0.38111052
20241107_103300_437492729,0.19897209
20241107_103300_683091503,0.15176581
20241107_103300_935278492,0.008107403
20241107_103301_190397707,0.046756722
20241107_103301_441465688,-0.075917564
20241107_103301_689617638,-0.046184264
20241107_103301_943252726,0.124027826
20241107_103302_197887513,0.1263309
20241107_103302_456213564,0.23163511
20241107_103302_704206194,0.21548252
20241107_103302_949166032,0.27322686
20241107_103303_202950193,2.4290354
20241107_103303_447115957,-0.5355852
20241107_103303_703415456,-0.013131982
20241107_103303_964694981,-0.03810974
20241107_103304_203504272,-0.5719546
20241107_103304_449959153,-0.35601065
20241107_103304_703045139,-0.34371355
20241107_103304_951785232,0.11096866
20241107_103305_196714617,0.01471469
20241107_103305_458800420,-0.30733523
20241107_103305_704089546,-0.15085323
20241107_103305_952171688,-0.030509433
20241107_103306_198368046,0.12899862
20241107_103306_452469297,-0.16230406
20241107_103306_702000193,-0.097090386
20241107_103306_951358052,0.10030196
20241107_103307_200268639,0.204062
20241107_103307_452015129,0.13733785
20241107_103307_692758985,0.08025042
20241107_103307_944615162,-1.4803454
20241107_103308_192340374,0.21271287
20241107_103308_450975382,0.061577655
20241107_103308_697779637,-0.18738286
20241107_103308_958854890,-0.20000733
20241107_103309_204531346,-0.015886506
20241107_103309_451237882,0.23002855
20241107_103309_701623908,0.062076546
20241107_103309_947095304,-0.031709336
20241107_103310_192121641,0.13742259
20241107_103310_439623369,0.2377084
20241107_103310_697729575,0.1677982
20241107_103310_949682959,0.10049597
20241107_103311_198467391,0.5623464
20241107_103311_449723805,-0.06491854
20241107_103311_690175364,-0.5670196
20241107_103311_944018657,-0.30044898
20241107_103312_197925211,-0.32260883
20241107_103312_444458596,-0.23835762
20241107_103312_693816899,-0.13680623
20241107_103312_938513785,-0.08102169
20241107_103313_453460922,-0.14900713
20241107_103313_699593448,-0.068910025
20241107_103313_950617502,-0.29972884
20241107_103314_191686265,-0.40687183
20241107_103314_441875176,-0.37186122
20241107_103314_937697110,-0.72534555
20241107_103315_185895177,-0.47956583
20241107_103315_435630830,-0.37145266
20241107_103315_681064689,-0.91969925
20241107_103315_932524170,-0.21118025
20241107_103316_437787938,-0.50300556
20241107_103316_684632493,-0.57333046
20241107_103316_936566766,-0.3735493
20241107_103317_432602682,-0.109428495
20241107_103317_687133493,-0.1695912
20241107_103317_943166762,-0.4550726
20241107_103318_185429199,-0.5164862
20241107_103318_933718084,-0.32342216
20241107_103319_439843814,-0.3819829
20241107_103319_686702684,-0.37958053
20241107_103319_933869611,0.004337294
20241107_103320_185982442,-0.08985736
20241107_103320_437671171,0.019407475
20241107_103320_683247971,1.1816578
20241107_103320_934178607,0.57189214
20241107_103321_180637128,0.5748115
20241107_103321_432511412,-0.7207076
20241107_103321_683782333,0.23679636
20241107_103321_940636762,0.34070608
20241107_103322_199004631,0.28107756
20241107_103322_448070806,0.37235615
20241107_103322_685662124,0.28362605
20241107_103322_937423884,0.221153
20241107_103323_184279065,0.24083783
20241107_103323_683494700,0.24354152
20241107_103323_934488337,0.20537926
20241107_103324_186292236,0.21349917
20241107_103324_438512812,0.23670284
20241107_103324_689919368,0.66672945
20241107_103324_950288093,0.8310893
20241107_103325_191510642,-0.16493082
20241107_103325_437836571,0.94504017
20241107_103325_686310412,0.83583
20241107_103325_945186194,0.36094588
20241107_103326_193131292,0.5380175
20241107_103326_442950669,0.55508673
20241107_103326_685518795,0.8572895
20241107_103327_188805089,0.521045
20241107_103327_437982764,0.13400196
20241107_103327_687404339,-0.8954437
20241107_103327_944501407,-0.56559575
20241107_103328_180202321,-0.89752066
20241107_103328_433091791,-0.6650527
20241107_103328_683961232,-0.44782677
20241107_103328_943297811,0.03022998
20241107_103329_192815595,0.6180168
20241107_103329_466476249,0.48842093
20241107_103329_690541361,0.63143325
20241107_103329_948351536,0.53470564
20241107_103330_185499478,0.4156149
20241107_103330_433110345,0.5251392
20241107_103330_678556690,0.6535683
20241107_103330_931203651,0.092886545
20241107_103331_185813171,0.12707214
20241107_103331_443964774,0.18684717
20241107_103331_947283434,-0.19903244
20241107_103332_198241392,-0.21782097
20241107_103332_445822426,-0.37892476
20241107_103332_689982004,-0.18382569
20241107_103333_182656113,-0.14532067
20241107_103333_931878917,-0.17426272
20241107_103334_183746577,-0.17382531
20241107_103334_433610656,-0.13645197
20241107_103334_684454870,0.007280914
20241107_103335_434740026,-0.19567733
20241107_103335_929352151,-0.17471726
20241107_103336_437736011,-0.40207803
20241107_103336_684230016,-0.21523146
20241107_103336_936886862,-0.32355517
20241107_103337_182381341,-0.24810188
20241107_103337_438436921,-0.17372356
20241107_103337_689228627,-0.07912327
20241107_103337_933582914,-0.06729933
20241107_103338_183773095,-0.33634108
20241107_103338_429440452,-0.21832927
20241107_103340_436624758,-0.1922331
20241107_103340_684260472,-0.07189389
20241107_103340_936917327,-0.26687562
20241107_103341_181967934,-0.13313825
20241107_103341_434516102,-0.74991137
20241107_103341_687798200,-1.3659141
20241107_103341_937546027,-0.26332363
20241107_103342_186988022,0.35679075
20241107_103342_441752448,0.10697464
20241107_103342_687872273,0.18800472
20241107_103342_934387896,0.2089101
20241107_103343_185449575,0.2648213
20241107_103343_440054685,0.72379637
20241107_103343_683774060,1.079164
20241107_103343_929914681,0.6454613
20241107_103344_429053184,0.623537
20241107_103344_682563509,0.5227469
20241107_103344_932155952,0.23508833
20241107_103345_190306530,0.36689848
20241107_103345_444214783,1.0695341
20241107_103345_685484983,1.2534378
20241107_103345_935390240,-0.38957483
20241107_103346_182354705,0.20987983
20241107_103346_443244232,-0.07114392
20241107_103346_933156062,-0.009645246
20241107_103347_180509125,-0.021654626
20241107_103347_437267610,0.15906896
20241107_103347_684762305,-0.043372296
20241107_103347_933468111,-0.08505299
20241107_103348_182417279,-0.16980936
20241107_103348_430270883,-0.21276195
20241107_103348_680859866,-0.7356878
20241107_103348_937896106,-0.58632576
20241107_103349_187468166,-1.0897403
20241107_103349_433181729,0.6499162
20241107_103349_680531517,-0.27598795
20241107_103349_939595921,0.06407467
20241107_103350_185347843,0.20580073
20241107_103350_443702257,0.20951863
20241107_103350_687460014,0.17957143
20241107_103350_940807974,-0.048909567
20241107_103351_186392405,0.13916318
20241107_103351_437441169,0.09182627
20241107_103351_938800850,0.03745369
20241107_103352_185493715,0.016070465
20241107_103352_443739515,0.028276721
20241107_103352_681455632,0.04872755
20241107_103352_934372068,0.045094408
20241107_103353_179221225,0.074128814
20241107_103353_429628002,0.06589464
20241107_103353_679464147,0.096430816
20241107_103353_932339899,0.044155337
20241107_103354_433742805,0.05157806
20241107_103354_676703140,0.07196853
20241107_103354_930207575,0.023042718
20241107_103355_177739449,0.17135705
20241107_103355_430396855,0.13115315
20241107_103355_680659924,0.12285928
20241107_103355_940014311,0.08887384
20241107_103356_190804568,0.09261139
20241107_103356_437211687,0.016823152
20241107_103356_941250586,0.04158304
20241107_103357_935404770,-0.0048487987
20241107_103358_191042423,0.01921449
20241107_103358_437092882,0.05271507
20241107_103358_684004617,0.11556844
20241107_103358_935545303,0.1926969
20241107_103359_184893827,1.1662173
20241107_103359_439880004,-0.5671926
20241107_103359_695575696,-0.23742108
20241107_103359_945219951,0.4254326
20241107_103400_194933582,-1.1064042
20241107_103400_453544589,0.28430736
20241107_103400_686374459,0.31142506
20241107_103400_938716335,0.36853105
20241107_103401_189676703,0.4525137
20241107_103401_456337903,0.9478869
20241107_103401_692173401,0.6149267
20241107_103401_945040392,0.04432693
20241107_103402_193187602,-0.5988906
20241107_103402_442437250,-0.8972934
20241107_103402_698475923,-0.8088655
20241107_103402_951394531,-0.40210706
20241107_103403_196314335,-0.12531283
20241107_103403_447836289,-0.16128452
20241107_103403_686222721,-0.51543844
20241107_103403_939404148,-0.24728821
20241107_103404_181438588,-0.03652796
20241107_103404_441906959,-0.0041855015
20241107_103404_683011044,-0.36823252
20241107_103404_935725560,-0.46648288
20241107_103405_177766581,-0.63132083
20241107_103405_436728011,-0.22970532
20241107_103405_681877519,0.3650613
20241107_103405_937626655,0.19930966
20241107_103406_196041704,0.5981927
20241107_103406_456547286,0.3012481
20241107_103406_685131754,0.4925286
20241107_103406_938453496,0.5738729
20241107_103407_181850285,0.4157172
20241107_103407_431803604,0.23791374
20241107_103407_681245839,0.28718504
20241107_103408_430886443,0.27128047
20241107_103408_931569052,0.27871093
20241107_103409_183243153,0.29038197
20241107_103409_437939717,0.30352297
20241107_103409_689896043,0.4559051
20241107_103409_939285487,0.39237812
20241107_103410_191291373,0.9516246
20241107_103410_440091634,0.45082211
20241107_103410_687613860,1.4862224
20241107_103410_933605322,0.58115464
20241107_103411_179030011,0.52818274
20241107_103412_181795861,0.6792723
20241107_103412_433770653,0.9882782
20241107_103412_679941892,1.0958668
20241107_103412_935310375,0.36986324
20241107_103413_184610075,1.0291055
20241107_103413_437633225,0.3045385
20241107_103413_690218736,0.65460485
20241107_103413_941616982,0.120866574
20241107_103414_184826581,0.0793095
20241107_103414_683505626,0.16746758
20241107_103414_935767930,0.5178105
20241107_103415_182007263,0.35767144
20241107_103415_434027910,0.41571966
20241107_103415_688477488,0.43458676
20241107_103415_941088055,0.7555242
20241107_103416_188578704,0.7883517
20241107_103416_441524601,0.3575447
20241107_103416_690679360,0.4859883
20241107_103416_942039554,0.46570593
20241107_103417_193154135,-0.9418784
20241107_103417_436841355,-0.600193
20241107_103417_686986634,-1.0384568
20241107_103417_938509705,-0.6424678
20241107_103418_182296369,-0.66006935
20241107_103418_434662792,-0.7224398
20241107_103418_684876104,0.65138024
20241107_103418_937245763,0.3882291
20241107_103419_181366432,0.21397857
20241107_103419_430744280,0.0928717
20241107_103419_682377544,0.32603565
20241107_103419_932942685,0.5987886
20241107_103420_178593822,0.72012365
20241107_103420_442480972,0.72208965
20241107_103420_934568713,0.7225366
20241107_103421_181555418,0.6998346
20241107_103421_435292929,0.592468
20241107_103421_680452977,0.23200081
20241107_103421_936985689,0.16954662
20241107_103422_185869367,0.25313678
20241107_103422_439049336,0.29819402
20241107_103422_678678188,0.8885895
20241107_103422_928250839,0.3412772
20241107_103423_181319628,0.1054318
20241107_103423_428128634,-0.015734335
20241107_103423_680413583,0.573224
20241107_103423_933232683,0.3003557
20241107_103424_179978593,-0.5562135
20241107_103424_436151036,-0.6702642
20241107_103424_680337158,-0.15802886
20241107_103424_940522420,0.13302796
20241107_103425_191162050,0.7444909
20241107_103425_446082256,1.6470128
20241107_103425_694031477,-0.5353063
20241107_103425_941600566,-0.17144953
20241107_103426_184743454,0.43574136
20241107_103426_433826500,-0.040930465
20241107_103426_681206471,-0.95492107
20241107_103426_933515041,0.83726865
20241107_103427_180344693,0.39093074
20241107_103427_431764733,-0.015905708
20241107_103427_679862478,0.00929031
20241107_103428_180505737,-0.34045723
20241107_103428_435137045,-0.18425079
20241107_103428_678622559,0.8984766
20241107_103428_932624757,0.47103864
20241107_103429_178901341,0.67835295
20241107_103429_446931834,0.46968368
20241107_103429_677229078,0.58988875
20241107_103429_929651324,0.6145743
20241107_103430_179420970,0.73402673
20241107_103430_434994844,0.17436628
20241107_103430_683151493,0.1000677
20241107_103430_935057625,0.7235968
20241107_103431_192215087,0.37924078
20241107_103431_443967701,0.3241348
20241107_103431_687640369,0.3575023
20241107_103431_936320143,-0.22937168
20241107_103432_185024897,-0.17036529
20241107_103432_441551171,-0.10045954
20241107_103432_689786282,-0.054022364
20241107_103432_937053422,-0.09086379
20241107_103433_190070930,-0.3144069
20241107_103433_440634896,-0.20124482
20241107_103433_948108690,-0.20287614
20241107_103434_466100640,-0.16708075
20241107_103434_950463595,-0.06045884
20241107_103436_185357777,0.2000205
20241107_103436_434595293,-0.014410814
20241107_103436_683307408,0.25171977
20241107_103436_937816145,0.325827
20241107_103437_182886699,0.77584565
20241107_103437_430125385,0.39311108
20241107_103438_178746140,0.23819913
20241107_103438_428007692,0.3368409
20241107_103440_178828187,0.31197742
20241107_103441_676976288,0.31503108
20241107_103441_928176003,0.34283715
20241107_103442_177531733,0.33645564
20241107_103444_181074234,0.3304993
20241107_103444_436255493,0.38678357
20241107_103444_679026422,0.32399657
20241107_103444_929855418,0.85559505
20241107_103445_186971939,0.1826412
20241107_103445_438684469,-0.36861908
20241107_103445_691597458,-0.5492136
20241107_103445_941006088,-1.6887413
20241107_103446_188228559,-1.1147743
20241107_103446_448120784,-0.27020046
20241107_103446_691105718,-0.33532545
20241107_103447_181410281,-0.3706697
20241107_103447_435454328,-0.25369057
20241107_103447_929704421,-0.28915748
20241107_103448_179456045,0.0534224
20241107_103448_431142824,-0.06507214
20241107_103448_936040995,0.0019838605
20241107_103449_182066849,-0.1182889
20241107_103449_433097776,0.034142002
20241107_103449_682535650,-0.2456121
20241107_103450_435916091,-0.19244032
20241107_103450_688591288,-0.23519428
20241107_103450_935990657,-0.22092025
20241107_103451_184251629,-0.16440676
20241107_103451_432794511,-0.074815206
20241107_103451_933396254,0.090629056
20241107_103452_179262439,-0.39661592
20241107_103452_435203330,-0.08185371
20241107_103452_678959712,0.07844301
20241107_103452_930886058,0.094436504
20241107_103453_180790275,0.106238894
20241107_103453_432803813,0.059572794
20241107_103453_683757424,0.100260295
20241107_103453_929867313,0.6765102
20241107_103454_181418729,1.2273524
20241107_103454_433510758,0.34905043
20241107_103454_685027131,0.31743795
20241107_103454_938650372,0.5002456
20241107_103455_180452337,-0.6693736
20241107_103455_429423693,0.9131508
20241107_103455_682056733,0.48744783
20241107_103455_932170045,0.03948486
20241107_103456_181314319,0.5173929
20241107_103456_438510487,-0.046791457
20241107_103456_687285462,-0.14098422
20241107_103456_933371442,0.08262012
20241107_103457_182328013,0.15430498
20241107_103457_428299334,0.12111715
20241107_103457_677442309,0.064659454
20241107_103457_928854851,0.2787771
20241107_103458_176294061,0.30934998
20241107_103458_438281579,0.21734951
20241107_103458_690890132,0.32356152
20241107_103458_934935769,0.6802787
20241107_103459_186745678,1.038838
20241107_103459_440356329,0.44534132
20241107_103459_690730773,1.0637788
20241107_103459_935751865,0.5004716
20241107_103500_183829207,-0.14069621
20241107_103500_443955777,0.17589237
20241107_103500_689591655,0.39392465
20241107_103500_934624806,0.29129592
20241107_103501_192170495,0.01367549
20241107_103501_447235022,-0.047765873
20241107_103501_685632419,0.0038158689
20241107_103501_933734142,0.13670765
20241107_103502_179552422,0.24201886
20241107_103502_431469352,0.43971428
20241107_103502_678175914,0.73929536
20241107_103502_932302627,0.11548028
20241107_103503_183294380,0.16686483
20241107_103503_434077467,0.20898011
20241107_103503_683582210,0.56129855
20241107_103504_185475128,0.38625672
20241107_103504_441162114,0.32771495
20241107_103504_679828167,0.03511236
20241107_103504_935434531,-1.641669
20241107_103505_188011954,0.15783717
20241107_103505_438102488,-0.018733641
20241107_103505_680446175,0.048234798
20241107_103506_181710867,-0.1130987
20241107_103507_688580300,-0.046525083
20241107_103507_948456961,-0.28595254
20241107_103508_191204089,-0.013805412
20241107_103508_446464350,-0.07149198
20241107_103508_689978643,-0.016759833
20241107_103508_940537641,-0.031155547
20241107_103509_187428663,-0.05454793
20241107_103509_433179445,-0.054764085
20241107_103509_940969524,-0.06433692
20241107_103510_184225069,-0.045772575
20241107_103510_430705210,-0.26933387
20241107_103511_428642753,-0.22969802
20241107_103511_682906183,-0.32621744
20241107_103511_930700635,-0.22136377
20241107_103512_182096154,-0.33810255
20241107_103512_442533761,-0.17706181
20241107_103512_685155816,-0.1632898
20241107_103513_181135558,-1.0850474
20241107_103513_442095177,-0.9062249
20241107_103513_686767716,-0.31631294
20241107_103513_940561767,-0.22637196
20241107_103514_443022568,-0.17929061
20241107_103514_685922840,-0.34283096
20241107_103514_938031035,-0.4696863
20241107_103515_185262879,-0.28509653
20241107_103515_438883743,-0.14299503
20241107_103515_682973830,0.054286703
20241107_103515_932645175,-0.005060872
20241107_103516_185733245,-0.26835597
20241107_103516_438393963,-0.3562248
20241107_103516_937159403,-0.31180656
20241107_103517_444867122,-0.14119445
20241107_103518_185054011,-0.09330853
20241107_103518_431719865,-0.33822104
20241107_103518_680136160,-0.08135507
20241107_103518_931660704,-0.4332373
20241107_103519_182701441,0.8943067
20241107_103519_441520638,0.5594731
20241107_103519_688972047,0.28679508
20241107_103519_935806385,0.3156556
20241107_103520_188144347,0.38884366
20241107_103520_433211616,0.9553763
20241107_103520_681289546,-0.62508017
20241107_103520_939459290,-0.4898415
20241107_103521_182555366,-0.52853423
20241107_103521_434156595,-0.44141126
20241107_103521_936007653,-0.3097281
20241107_103522_435072644,-0.46019992
20241107_103522_934244455,-0.6273203
20241107_103523_428772913,-0.5611494
20241107_103523_677713973,-0.3915534
20241107_103524_182127089,-0.34310627
20241107_103524_431684636,-0.30450937
20241107_103524_678677566,-0.38106114
20241107_103524_934167064,-0.05969631
20241107_103525_178171180,-0.12273949
20241107_103525_429468726,-0.073686056
20241107_103525_930493071,-0.1474785
20241107_103526_177943505,-0.08058878
20241107_103526_425775280,-0.47416094
20241107_103526_678898697,-0.6651234
20241107_103526_935664316,-0.06686374
20241107_103527_181434520,0.25626597
20241107_103527_434831342,-0.10662904
20241107_103527_682714208,0.07409803
20241107_103527_936772085,0.03294722
20241107_103528_180712089,-0.020714423
20241107_103528_429847238,-0.048597
20241107_103528_680302478,-0.2750371
20241107_103528_930185380,-0.32450905
20241107_103529_176301944,-0.101090096
20241107_103529_447313852,-0.42083552
20241107_103529_678450465,-0.24764688
20241107_103529_928119582,-1.2652072
20241107_103530_180133365,-0.4267336
20241107_103530_431381801,-0.24157916
20241107_103530_677967663,-0.21796195
20241107_103530_938014352,-0.29027
20241107_103531_431020380,-0.25410637
20241107_103531_677730269,-0.17450897
20241107_103531_926985147,-0.28565368
20241107_103532_176672468,-0.24058647
20241107_103532_442788900,-0.68290824
20241107_103532_683944215,-0.4179351
20241107_103533_175974768,0.07719362
20241107_103533_426720432,-0.088589124
20241107_103533_678360495,-0.12297305
20241107_103533_932892999,-0.24590959
20241107_103534_184609081,-1.096488
20241107_103534_430831032,0.096348025
20241107_103534_677493712,-0.20938249
20241107_103534_928290771,-0.2163891
20241107_103535_179763333,-0.053769186
20241107_103535_430131268,-0.34690055
20241107_103535_676536965,-0.15074204
20241107_103535_924783796,-0.19342975
20241107_103536_172843598,-0.1313289
20241107_103536_428091514,-0.13444181
20241107_103536_678577004,0.07746886
20241107_103536_932195981,0.029868523
20241107_103537_176511289,0.0538081
20241107_103537_428058659,0.7687629
20241107_103537_677842557,0.72020805
20241107_103537_928146557,-0.0067996513
20241107_103538_428597932,-0.091309555
20241107_103538_685439608,0.62059253
20241107_103538_936810374,0.018081011
20241107_103539_185140061,-0.020929059
20241107_103539_433608464,0.47303346
20241107_103539_679906282,0.32304746
20241107_103539_932091184,0.1350833
20241107_103540_178383615,0.2282552
20241107_103540_431535435,0.27593753
20241107_103540_682064167,1.1447679
20241107_103540_927469317,-0.81554204
20241107_103541_176646426,-0.7149927
20241107_103541_425194434,-0.94250524
20241107_103541_674232071,-0.7720828
20241107_103541_927952974,-0.77216595
20241107_103542_179537845,-0.7689355
20241107_103542_440905709,-0.7563656
20241107_103542_692794260,-0.7431272
20241107_103542_946668908,-0.3403615
20241107_103543_182790473,-0.20288965
20241107_103543_430870385,-0.08670631
20241107_103543_676192184,-0.7817922
20241107_103543_927343194,-0.09716004
20241107_103544_178342737,-0.03926929
20241107_103544_428861118,-0.031005315
20241107_103544_686536976,-0.0043652635
20241107_103544_947109268,-0.35232744
20241107_103545_183497026,-0.16644895
20241107_103545_440935796,-0.23046261
20241107_103545_680620921,-0.7371586
20241107_103545_931120684,-0.3485467
20241107_103546_177788986,-0.08552388
20241107_103546_440764016,-0.07355866
20241107_103546_684397132,-0.51070136
20241107_103546_934973743,-0.53872734
20241107_103547_179602572,-0.4715243
20241107_103547_432687068,-0.33013028
20241107_103547_681157096,-0.10155079
20241107_103547_932375817,-0.08487214
20241107_103548_678707326,-0.15270896
20241107_103548_931494094,-0.1892382
20241107_103549_428971322,-0.21485265
20241107_103549_680279245,0.029275956
20241107_103549_930515614,0.048751347
20241107_103550_177728237,0.02646474
20241107_103550_432798034,0.004086951
20241107_103550_677751715,0.22130047
20241107_103550_930867370,0.008320192
20241107_103551_187385750,0.054149903
20241107_103551_432527139,0.032915153
20241107_103551_678428638,0.055936016
20241107_103551_927513327,0.08204047
20241107_103552_173187017,0.09703628
20241107_103552_425415462,0.11538855
20241107_103552_674494502,0.046348073
20241107_103552_927334979,0.042335488
20241107_103553_181844060,-0.0015702453
20241107_103553_427923887,0.935499
20241107_103553_678909951,-1.3538828
20241107_103553_933146063,-0.3010266
20241107_103554_180517568,-0.26742408
20241107_103554_428056935,-0.19572611
20241107_103554_673680992,-0.1829924
20241107_103554_929094594,0.394894
20241107_103555_174854311,0.54691017
20241107_103555_432306694,1.0399337
20241107_103555_678324932,0.6852619
20241107_103555_939675910,-0.03152652
20241107_103556_180392909,-0.71045905
20241107_103556_432374911,0.013671247
20241107_103556_681468357,0.0010211207
20241107_103556_939449362,-0.016503833
20241107_103557_187368752,0.2135985
20241107_103557_431636487,0.031565227
20241107_103557_678818253,-0.03588315
20241107_103557_932071266,-0.113205515
20241107_103558_186027786,-0.06556942
20241107_103558_433440831,0.47342488
20241107_103558_677331079,0.5123157
20241107_103558_935182814,0.37670103
20241107_103559_180085402,0.8912289
20241107_103559_439518404,0.69763625
20241107_103559_701429517,0.62208706
20241107_103559_965964590,0.73631555
20241107_103600_204845985,-0.7429435
20241107_103600_463358894,-0.57161176
20241107_103600_699876391,0.2584609
20241107_103600_945667786,-0.23216362
20241107_103601_184084989,-0.1597764
20241107_103601_436673394,-0.097556375
20241107_103601_685601116,0.034077287
20241107_103601_935828522,0.14182106
20241107_103602_436124315,-0.27099636
20241107_103602_684456076,-0.1203511
20241107_103602_933604154,-0.06624808
20241107_103603_182401065,-0.13637044
20241107_103603_934403015,-0.29576188
20241107_103604_178244482,-0.97126895
20241107_103604_430764291,-0.8322923
20241107_103604_679914048,-0.7975274
20241107_103604_956296169,-1.164919
20241107_103605_188724468,0.58180565
20241107_103605_437873333,-0.24776058
20241107_103605_683215979,-0.14923306
20241107_103605_931532659,-0.066130064
20241107_103606_185509848,0.09331999
20241107_103606_434908895,0.097253
20241107_103606_680731302,-0.15136231
20241107_103606_931147616,-0.06035956
20241107_103607_181923656,-0.030570945
20241107_103607_430732922,0.018538872
20241107_103607_935669703,-0.43977994
20241107_103608_186681362,-1.0328153
20241107_103608_438412053,-0.69181997
20241107_103608_694192324,-0.8540458
20241107_103608_976831911,0.12775932
20241107_103609_195672550,0.14624219
20241107_103609_439734213,0.5372376
20241107_103609_682562874,0.4586931
20241107_103609_928210733,0.40199488
20241107_103610_176881461,0.40200698
20241107_103610_427209790,0.34689796
20241107_103610_680824512,-0.115854345
20241107_103610_929800419,0.14792247
20241107_103611_177699560,-1.456344
20241107_103611_431709410,-0.3606198
20241107_103611_688307075,-0.12737532
20241107_103611_934189149,-0.14394622
20241107_103612_177180779,-0.22351511
20241107_103612_425665605,-0.18767901
20241107_103612_675516554,-0.1739858
20241107_103613_180627362,-0.5805268
20241107_103613_431278049,-0.32563934
20241107_103613_930302958,-0.29899344
20241107_103614_176311996,-0.48281756
20241107_103614_678736857,-0.3189803
20241107_103614_933954231,-0.22829874
20241107_103615_182967417,-0.086179696
20241107_103615_432853789,-0.024065344
20241107_103615_687324794,0.18347071
20241107_103615_932674751,-0.36846423
20241107_103616_184188359,0.35236198
20241107_103616_430565691,1.5676258
20241107_103616_678483765,-0.5923567
20241107_103616_930077163,-0.67900175
20241107_103617_176328658,-0.64253026
20241107_103617_430611948,-0.19316237
20241107_103617_676287856,0.18719685
20241107_103617_929222075,-0.06527375
20241107_103618_174791103,0.083985835
20241107_103618_422287614,0.016688624
20241107_103618_673165994,-0.53448
20241107_103618_926976277,0.015507216
20241107_103619_175228787,-0.10830181
20241107_103619_424521060,-0.09084829
20241107_103619_672885588,-0.046158515
20241107_103620_175629281,-0.06922313
20241107_103620_428667239,-0.040839277
20241107_103620_679690997,-0.0687628
20241107_103620_935295206,-0.042805932
20241107_103621_186180472,-0.05377432
20241107_103621_433812402,-0.23595323
20241107_103621_681086609,-0.36787257
20241107_103621_928546189,-0.6450397
20241107_103622_174574481,-0.11278326
20241107_103622_427571522,-0.28114524
20241107_103622_679289795,-0.504986
20241107_103622_939066037,-0.36653164
20241107_103623_181341906,-1.0420883
20241107_103623_436876118,-0.49011168
20241107_103623_928505438,-0.47221208
20241107_103624_426983493,-0.6970815
20241107_103624_676738470,-0.724384
20241107_103625_178942157,-0.73590755
20241107_103625_428974220,0.5072318
20241107_103625_674735458,0.50203466
20241107_103625_923710845,0.46478093
20241107_103626_175153421,0.39056966
20241107_103626_431767441,0.22376655
20241107_103626_684139629,0.12613185
20241107_103626_933467685,0.5319868
20241107_103627_181154232,0.38469067
20241107_103627_431311275,0.46275592
20241107_103627_679984891,0.26274416
20241107_103627_929002353,0.2337014
20241107_103628_176004323,1.6863211
20241107_103628_428724578,-0.45783097
20241107_103628_678763183,0.004149871
20241107_103628_933378056,0.017688954
20241107_103629_181224320,0.44024244
20241107_103629_462849760,0.035624392
20241107_103629_695786872,-0.091191135
20241107_103629_938956478,-1.0834669
20241107_103630_185388648,-1.0218636
20241107_103630_435084207,-0.50759465
20241107_103630_679427962,-0.55443084
20241107_103630_932050135,-1.085472
20241107_103631_176507322,-1.0699728
20241107_103631_428214253,-0.5519555
20241107_103631_676363098,0.35065302
20241107_103631_933016183,0.22525363
20241107_103632_189248368,0.603071
20241107_103632_435446255,0.33568123
20241107_103632_686324194,0.23811106
20241107_103632_931614338,0.6423894
20241107_103633_184346510,0.77614796
20241107_103633_429800770,0.23706524
20241107_103633_680871906,-0.12467011
20241107_103633_940525997,-0.31355646
20241107_103634_185200568,-0.24563687
20241107_103634_435623702,-0.14158861
20241107_103634_686083487,-0.3168976
20241107_103635_179717867,-0.21944089
20241107_103635_427227913,-0.25532278
20241107_103636_178822086,-0.42921796
20241107_103636_430073842,-0.5330833
20241107_103637_438092020,-0.38249174
20241107_103637_689176190,-0.6946382
20241107_103637_936808565,-0.3487639
20241107_103638_181356487,-0.43930054
20241107_103639_452270148,-0.23523708
20241107_103639_706171164,-0.033498026
20241107_103639_954909986,1.2696613
20241107_103640_196061648,0.17875539
20241107_103640_444833348,0.30080524
20241107_103640_691296318,-0.21511014
20241107_103640_946232004,0.9866404
20241107_103641_197620988,0.85771966
20241107_103641_439088184,-0.6602309
20241107_103641_681072926,0.13770838
20241107_103641_935569893,0.023467014
20241107_103642_178877190,-0.061223112
20241107_103642_442040728,-0.025776884
20241107_103642_687532689,-0.16872497
20241107_103642_941477489,-0.19145669
20241107_103643_182709149,-0.30945075
20241107_103643_428697578,-0.35201725
20241107_103643_677089840,-1.3684865
20241107_103643_928978569,-1.0636857
20241107_103644_175532500,-0.19811977
20241107_103644_426358164,-0.09666892
20241107_103644_676234041,0.38717845
20241107_103644_926841259,0.4192373
20241107_103645_175219462,0.49395397
20241107_103645_432651797,0.31992033
20241107_103645_678767121,0.53568953
20241107_103645_934362659,0.97156847
20241107_103646_178895549,0.8563534
20241107_103646_427674779,0.8309613
20241107_103646_678982992,0.64829636
20241107_103646_928208037,0.58899856
20241107_103647_180288324,0.7303974
20241107_103647_435610249,0.59605086
20241107_103647_693196003,0.6004248
20241107_103648_185359602,0.5894632
20241107_103648_437113488,0.17318858
20241107_103648_681513228,-0.49756667
20241107_103648_933486196,-0.4822225
20241107_103649_182080040,-0.14270158
20241107_103649_436918758,-0.18068577
20241107_103649_687421370,-0.19345362
20241107_103649_941149595,-0.31606135
20241107_103650_191367906,-0.41594788
20241107_103650_932421101,0.087280124
20241107_103651_182010330,-0.05717417
20241107_103651_434185300,-0.10314458
20241107_103651_688262964,0.1622764
20241107_103652_189332439,0.8877991
20241107_103652_440151026,-0.5806435
20241107_103652_683942541,-0.4739646
20241107_103652_954900745,-0.67333335
20241107_103653_192038483,-0.89670193
20241107_103653_445666560,-0.48041663
20241107_103653_690070601,0.042027548
20241107_103653_950488434,1.031781
20241107_103654_200462339,0.6031143
20241107_103654_442845389,0.5069498
20241107_103654_681435344,0.61145246
20241107_103654_933084501,0.8754751
20241107_103655_177352748,0.45421618
20241107_103655_432191914,0.1729198
20241107_103655_681605720,0.022339145
20241107_103656_433533958,0.8663818
20241107_103656_680584726,0.5497916
20241107_103656_935185298,0.18042903
20241107_103657_188775616,0.18353252
20241107_103657_440198454,0.051653065
20241107_103657_684163216,-0.34901634
20241107_103657_943588931,-1.0491112
20241107_103658_202266981,-0.18705331
20241107_103658_451617297,-0.19097568
20241107_103659_188602745,-0.21601112
20241107_103659_440219563,-0.17227946
20241107_103659_687500707,-0.09582146
20241107_103659_938107662,-0.058125995
20241107_103700_178092945,0.10162411
20241107_103700_685340855,0.06103272
20241107_103700_935470503,-0.21650176
20241107_103701_185608913,-0.04092326
20241107_103701_441075509,0.35321382
20241107_103701_688148602,0.8823017
20241107_103701_944309978,0.42187354
20241107_103702_185033225,0.38428718
20241107_103702_444238158,0.533701
20241107_103702_684413612,0.8136541
20241107_103702_936122909,0.5490326
20241107_103703_191898589,0.0069450866
20241107_103703_450175144,0.5233458
20241107_103703_699022934,1.4318511
20241107_103703_966759136,-0.072064914
20241107_103704_228047931,-0.6939927
20241107_103704_468945966,-0.79634905
20241107_103704_710697563,-0.40845093
20241107_103704_959009337,-0.15725076
20241107_103705_190264276,0.67594624
20241107_103705_437755893,0.058907613
20241107_103705_683753664,0.3050491
20241107_103705_937779654,-0.23467216
20241107_103706_184793683,0.14134352
20241107_103706_449219134,0.66397214
20241107_103706_695456232,0.49817923
20241107_103706_946721273,-0.20147361
20241107_103707_195382302,-0.37907195
20241107_103707_438881184,-1.4787523
20241107_103707_691393195,-0.34934548
20241107_103707_942338725,0.3019168
20241107_103708_184670155,0.23176734
20241107_103708_434610732,0.52761936
20241107_103708_679787145,0.8619104
20241107_103708_929312986,0.75421834
20241107_103709_182349417,0.5990688
20241107_103709_431715189,0.8082112
20241107_103709_679045263,0.59733194
20241107_103709_927346383,1.3857882
20241107_103710_187600707,0.76623046
20241107_103710_438228601,0.79399186
20241107_103711_178235311,0.8989811
20241107_103711_429839832,0.29945004
20241107_103711_676576258,0.22549765
20241107_103711_925185725,0.31603235
20241107_103712_171927116,0.89260334
20241107_103712_424836656,0.9438664
20241107_103712_678116863,0.59660566
20241107_103712_930415178,0.2223425
20241107_103713_176563071,0.21125619
20241107_103713_424739018,-0.068890385
20241107_103713_671143427,0.081618436
20241107_103714_675435686,-0.12519155
20241107_103714_924103815,0.20687719
20241107_103715_175074121,0.32072622
20241107_103715_429741041,0.19757734
20241107_103715_675503570,0.08938811
20241107_103716_176001938,0.1648748
20241107_103716_436347338,0.01458613
20241107_103716_682346796,0.16146575
20241107_103716_930103630,0.31465515
20241107_103717_176514668,-0.15922628
20241107_103717_432218469,-0.4453502
20241107_103717_681796807,-0.5417498
20241107_103717_935190785,-0.02240198
20241107_103718_179347715,-0.22204505
20241107_103718_435358297,-0.22656967
20241107_103718_677151643,-0.17803802
20241107_103718_925410295,-0.17617442
20241107_103719_172679886,-0.15751676
20241107_103719_671728322,-0.11427399
20241107_103719_925674177,-0.0496014
20241107_103720_173204492,-0.15231581
20241107_103720_425731194,-0.15462025
20241107_103721_434989251,-0.2997468
20241107_103721_687956768,-0.3064324
20241107_103721_942799821,-0.22746997
20241107_103722_187321642,-0.2531845
20241107_103722_440460274,-0.39227507
20241107_103722_684451844,-0.31341305
20241107_103723_435581562,-0.2520541
20241107_103723_680581588,-0.109255806
20241107_103724_176301793,-0.34699407
20241107_103724_942636374,-0.24624471
20241107_103725_186334232,-0.37755832
20241107_103725_434102542,-0.28199884
20241107_103725_681444935,-0.2689211
20241107_103725_931347299,-0.25802192
20241107_103726_429419396,-0.23688643
20241107_103726_680045131,-0.20302732
20241107_103727_442934278,-0.23631124
20241107_103727_686257399,-0.20364203
20241107_103727_932581227,-0.7343857
20241107_103728_174160957,-0.37987265
20241107_103728_679688061,-0.3227364
20241107_103729_178170069,-0.31759202
20241107_103729_680522389,-0.42235687
20241107_103729_943578760,-0.23759925
20241107_103730_186863148,-0.24220525
20241107_103730_929746410,-0.3676681
20241107_103731_178440583,-0.32815436
20241107_103731_435934708,-0.47976816
20241107_103731_683907538,-0.37111092
20241107_103731_937964766,-0.44518602
20241107_103732_180968644,-0.49964556
20241107_103732_432433322,-0.5970985
20241107_103732_675897212,-0.63420886
20241107_103733_179312621,-0.027336283
20241107_103733_433635241,0.12472891
20241107_103733_679041971,-0.30501437
20241107_103733_929987268,-0.76289344
20241107_103734_183382948,-0.5363828
20241107_103734_437691475,-0.25641868
20241107_103734_689062767,0.034327775
20241107_103734_950101304,0.041241027
20241107_103735_195865368,-0.13187273
20241107_103735_436861305,-0.10905608
20241107_103735_681459694,-0.041717492
20241107_103735_929758456,-0.07979711
20241107_103736_176716809,-0.06974169
20241107_103736_433008518,-0.18171974
20241107_103736_688849787,-0.23956157
20241107_103736_941564816,-1.1117121
20241107_103737_182455058,-0.31958207
20241107_103737_433895294,-0.2992885
20241107_103737_677494723,-0.22306375
20241107_103737_938907729,-0.29087847
20241107_103738_184511868,-0.6559193
20241107_103738_439171005,-0.71870804
20241107_103738_678388308,-0.5083122
20241107_103738_931743289,-0.37245512
20241107_103739_173796388,-0.34258318
20241107_103739_426116677,-0.2696258
20241107_103739_676811064,-0.23160018
20241107_103739_929686703,0.014174918
20241107_103740_173341376,0.04092954
20241107_103740_677434760,0.097215526
20241107_103741_432243841,0.036449768
20241107_103741_678794899,0.1749232
20241107_103741_938487893,0.36495212
20241107_103742_191961151,0.14236508
20241107_103742_440534449,0.049589895
20241107_103742_689831855,-0.4148231
20241107_103742_946053308,-0.20822151
20241107_103743_187240504,-0.19467033
20241107_103743_934673757,-0.12371882
20241107_103744_185986415,0.043370463
20241107_103744_432859816,0.18711686
20241107_103746_182034421,0.46230158
20241107_103746_436668396,1.205559
20241107_103746_680764018,0.15958335
20241107_103746_930792882,-0.5247307
20241107_103747_177757839,-0.3833662
20241107_103747_425947887,-0.17043556
20241107_103747_684712625,-0.30524135
20241107_103747_931848361,-0.1568292
20241107_103748_174518344,-0.615902
20241107_103748_427904011,-0.5515776
20241107_103748_927207859,-0.15501809
20241107_103749_172943806,0.011928799
20241107_103749_428114741,0.073436886
20241107_103749_676624267,0.5672294
20241107_103749_928525624,1.1517223
20241107_103750_177042710,0.42015627
20241107_103750_425438839,0.362139
20241107_103750_673777358,0.42723525
20241107_103750_927121583,0.37920594
20241107_103751_176859286,0.77616066
20241107_103751_432873679,0.2957561
20241107_103751_674725472,0.051795073
20241107_103751_927582158,0.2697884
20241107_103752_174068365,0.5622099
20241107_103752_425057642,0.43794566
20241107_103752_671134227,0.7983447
20241107_103752_924904476,0.22941567
20241107_103753_171232958,0.28479442
20241107_103753_422889291,0.3979546
20241107_103754_171301796,0.45519617
20241107_103754_673935477,0.100840844
20241107_103754_927837657,-0.011998257
20241107_103755_173123183,-0.65158695
20241107_103755_429896006,-1.049142
20241107_103755_678184485,-0.32609943
20241107_103756_426619872,-0.5584061
20241107_103756_673656965,-0.37032136
20241107_103756_923811845,-0.24907435
20241107_103757_177146886,-0.29998827
20241107_103757_431440643,-0.33775476
20241107_103757_677935192,-0.3848264
20241107_103757_921850757,-0.3672262
20241107_103758_676167434,-0.36128202
20241107_103800_181678162,-0.9479292
20241107_103800_436997123,-1.2364112
20241107_103800_688734110,-0.38601127
20241107_103800_941798655,-0.4107572
20241107_103801_179829146,-0.35957178
20241107_103801_430705325,-0.60359913
20241107_103801_677796097,-0.56129354
20241107_103801_928326671,-0.84140366
20241107_103802_178730672,-0.10251095
20241107_103802_428921145,0.092910685
20241107_103802_680496548,0.5952892
20241107_103802_933709176,0.22291155
20241107_103803_179256400,0.21829869
20241107_103803_439422144,0.21708605
20241107_103803_690134171,0.36040464
20241107_103804_681456610,0.2722977
20241107_103804_936731018,0.61429054
20241107_103805_187083719,1.3173562
20241107_103805_436324855,0.53285515
20241107_103805_680599063,-0.034272477
20241107_103805_929021133,0.11230359
20241107_103806_177116901,-0.086242415
20241107_103806_431741762,-0.07206251
20241107_103806_684156372,-0.04160411
20241107_103806_933015193,-1.0561873
20241107_103807_179293593,-0.75040424
20241107_103807_435322449,-0.32127395
20241107_103807_681248663,-0.09421347
20241107_103807_929978283,0.10804076
20241107_103808_178141241,0.06304238
20241107_103808_430221446,0.49210826
20241107_103808_683833642,0.36122265
20241107_103808_931885244,1.0670078
20241107_103809_179240474,0.2100561
20241107_103809_429916006,0.29609737
20241107_103809_677383719,0.34348127
20241107_103809_929133714,0.39956024
20241107_103810_927017664,0.51916605
20241107_103811_172895882,0.20916343
20241107_103811_426773733,0.3059886
20241107_103811_675978404,0.30182877
20241107_103812_177370856,-0.3469448
20241107_103812_431410657,-0.20491469
20241107_103812_679497815,0.032545634
20241107_103812_930585923,-0.22339176
20241107_103813_179336031,-0.14123173
20241107_103813_431835351,0.0013675485
20241107_103813_675163925,0.130446
20241107_103813_925689532,0.009599784
20241107_103814_421715787,0.047826447
20241107_103814_925302204,0.252986
20241107_103815_429069740,0.15930472
20241107_103815_927026035,0.09030799
20241107_103816_170366403,0.0700501
20241107_103816_420720547,-0.10689219
20241107_103816_671824963,-0.042822562
20241107_103816_929143003,0.0067546163
20241107_103817_175470286,0.03549657
20241107_103817_427277381,0.19081809
20241107_103817_672170863,0.20070468
20241107_103818_171362588,0.15719457
20241107_103818_924272718,0.14323373
20241107_103819_170259782,0.17480595
20241107_103819_420986764,0.13187309
20241107_103819_672348239,0.08822916
20241107_103819_921632911,0.050894357
20241107_103821_423309979,0.23206224
20241107_103821_670778007,0.16220681
20241107_103821_932705544,0.073735334
20241107_103822_180698582,0.063146986
20241107_103822_432886308,0.026801864
20241107_103822_677217304,0.77108175
20241107_103822_932816662,0.74482024
20241107_103823_176166894,1.6702073
20241107_103823_427258027,0.31152937
20241107_103823_681298871,0.3114627
20241107_103823_924148691,0.44251105
20241107_103824_174594083,0.2841447
20241107_103824_429652844,-0.0046324935
20241107_103824_676811107,0.19166817
20241107_103824_928813204,0.28524968
20241107_103825_174075626,0.24783863
20241107_103825_434968190,0.29242682
20241107_103825_675094440,0.7109674
20241107_103825_931039852,0.13406287
20241107_103826_180705762,-0.37787014
20241107_103826_428867742,-0.101904325
20241107_103826_674138387,-0.0909478
20241107_103826_924810929,-0.048698477
20241107_103827_185657014,-0.06239932
20241107_103827_440270475,-0.11979135
20241107_103827_683988946,-0.003488144
20241107_103827_932766982,0.01728184
20241107_103828_176610538,-0.018066844
20241107_103828_430838372,-0.03960725
20241107_103828_934323487,-0.07360297
20241107_103829_175753088,-0.089683674
20241107_103829_451766718,-0.04268273
20241107_103829_677498082,-0.06500747
20241107_103830_175431062,-0.03809037
20241107_103830_422863824,-0.06367686
20241107_103830_671306205,0.0550643
20241107_103830_921765226,0.19867127
20241107_103831_174780592,0.14887272
20241107_103831_688893608,0.1009293
20241107_103831_939824381,0.24969481
20241107_103832_185254871,0.29790422
20241107_103832_681488641,0.16127722
20241107_103832_933508835,0.18029244
20241107_103833_425065805,0.20937793
20241107_103833_922459791,0.18680419
20241107_103834_169574599,0.17758776
20241107_103834_423109092,0.110626794
20241107_103834_671725645,0.13800491
20241107_103835_425788889,1.1003885
20241107_103835_676514966,0.6297891
20241107_103835_925842838,1.0388612
20241107_103836_173980437,0.62750494
20241107_103836_431822609,0.30332446
20241107_103836_676951037,0.40588298
20241107_103836_927139808,0.04305268
20241107_103837_174079780,0.042823054
20241107_103837_428969211,0.310883
20241107_103837_676700669,0.4737521
20241107_103838_669887224,0.41537777
20241107_103839_427483774,0.2382525
20241107_103840_670541468,0.5030297
20241107_103840_924178431,0.94640064
20241107_103841_170703324,0.6927107
20241107_103841_668054429,0.6102919
20241107_103841_921636748,0.5875284
20241107_103842_179875117,0.6219786
20241107_103842_432189134,0.59850675
20241107_103842_930639186,0.288766
20241107_103843_185308872,-0.3357621
20241107_103843_430429618,-0.08960261
20241107_103843_678543287,-0.0806778
20241107_103843_934190017,-0.04842084
20241107_103844_180352257,-0.051705174
20241107_103844_436062718,-0.12527658
20241107_103844_678769445,-0.04706695
20241107_103844_930349041,-0.04398074
20241107_103845_178883647,-0.10978951
20241107_103845_427346716,-0.4015914
20241107_103845_675285634,-0.36697087
20241107_103845_924520812,-0.23071878
20241107_103846_172808896,-0.22514783
20241107_103846_423817835,-0.12954934
20241107_103846_670988124,-0.123430766
20241107_103846_923866858,-0.020337602
20241107_103847_424235336,-0.06685623
20241107_103847_677411439,0.13733487
20241107_103847_929789645,0.12754901
20241107_103848_435706579,0.0861722
20241107_103848_926661294,0.10142822
20241107_103849_186230193,1.0147356
20241107_103849_436528030,-0.18947032
20241107_103849_688423873,-0.50042886
20241107_103849_932257335,-0.19101767
20241107_103850_187915228,1.3466606
20241107_103850_438230609,-0.45268798
20241107_103850_686768978,-0.050743736
20241107_103850_940726847,-0.7098269
20241107_103851_183179062,-0.36219704
20241107_103851_439454779,-0.20808263
20241107_103851_682332623,-0.250582
20241107_103852_677811814,-0.29045194
20241107_103852_926537902,-0.26386657
20241107_103853_173604985,-0.25422415
20241107_103853_423696139,-0.285189
20241107_103853_673073998,-0.25251618
20241107_103853_932501002,-0.17471017
20241107_103854_173342718,-0.19480295
20241107_103854_429167088,-0.22682835
20241107_103854_671789425,-0.26077703
20241107_103854_922791867,-0.12391325
20241107_103855_169412648,-0.16122736
20241107_103855_683042459,-0.1492709
20241107_103855_925842720,-0.18855192
20241107_103856_175949980,-0.17897786
20241107_103856_425711383,-0.05934556
20241107_103856_671692127,0.11992628
20241107_103856_924644713,0.38053602
20241107_103857_181736211,1.1169662
20241107_103857_433537282,0.6507545
20241107_103857_680051153,0.9910254
20241107_103857_928332118,0.10418091
20241107_103858_176884809,-0.0075471867
20241107_103858_429211906,-0.051524185
20241107_103858_924397517,-0.91324514
20241107_103859_173342716,0.6693272
20241107_103859_427125537,0.068481594
20241107_103859_673125760,-0.05077549
20241107_103859_922450787,0.002446333
20241107_103900_176469340,-0.11856308
20241107_103900_426925096,0.2605429
20241107_103900_675118098,0.2884681
20241107_103900_927022868,0.78063893
20241107_103901_173069663,0.47801188
20241107_103901_422646041,-0.042579636
20241107_103901_672589493,-0.075278156
20241107_103901_923115609,-0.9069671
20241107_103902_171630312,-0.16730462
20241107_103902_424810257,-0.30206335
20241107_103902_671607851,-0.14978857
20241107_103902_932257862,-0.037095465
20241107_103903_169982339,0.16811408
20241107_103903_425839703,-0.042134367
20241107_103903_682064250,-0.06033214
20241107_103903_921608218,-0.07699009
20241107_103904_171858675,-0.04207685
20241107_103904_423122041,-0.10724833
20241107_103904_669185186,0.24160735
20241107_103904_922483688,0.2488847
20241107_103905_170310134,0.22031923
20241107_103905_420650114,0.28582665
20241107_103905_669774164,0.3666483
20241107_103905_923204071,0.19284122
20241107_103906_177923645,0.28685182
20241107_103906_424769867,0.123571254
20241107_103906_679335098,0.13098799
20241107_103906_934066885,-0.037352227
20241107_103907_179198421,-0.04587456
20241107_103907_437872032,0.011184255
20241107_103907_682093690,0.030757109
20241107_103907_925343625,0.42960808
20241107_103908_171350983,0.21434422
20241107_103908_421891411,0.20630597
20241107_103908_930619517,0.42486495
20241107_103909_183384378,0.38720652
20241107_103909_438888094,-0.13118072
20241107_103909_683760370,-0.36144677
20241107_103909_936449678,-0.3209471
20241107_103910_194639944,-1.197411
20241107_103910_448714532,-0.613298
20241107_103910_680138916,-0.18891911
20241107_103910_933818615,-0.0859828
20241107_103911_180263980,-0.23721154
20241107_103911_682341084,-0.17166089
20241107_103911_936718589,-0.0942659
20241107_103912_177509384,-0.10255995
20241107_103912_422671134,-0.2086135
20241107_103912_676266518,-0.2376817
20241107_103912_926318973,-0.28656164
20241107_103913_423928786,-0.25273773
20241107_103913_679018458,-0.18438418
20241107_103915_172274652,-0.3094065
20241107_103915_423702487,-0.3751156
20241107_103915_668055886,-0.09602063
20241107_103915_919274018,-0.16020001
20241107_103916_170433266,-0.1926998
20241107_103916_424293777,-0.4221957
20241107_103916_673143576,-0.27444914
20241107_103917_421861192,-0.1404862
20241107_103917_671255052,0.18021671
20241107_103917_920698772,0.1750528
20241107_103918_172609768,0.95231307
20241107_103918_426192699,0.43758985
20241107_103918_681292281,0.18005618
20241107_103918_931917427,0.07699196
20241107_103919_177927198,0.094866194
20241107_103919_427656965,0.14227192
20241107_103919_674920393,0.28209516
20241107_103919_923551752,0.56787133
20241107_103920_174672663,-0.07113423
20241107_103920_423819402,-0.778665
20241107_103920_674319390,-0.8184394
20241107_103920_926725580,-0.48493788
20241107_103921_178615207,-0.50520843
20241107_103921_425984765,-0.53552043
20241107_103921_681756625,-0.39032096
20241107_103921_936762127,-0.42963716
20241107_103923_179440397,-0.37279928
20241107_103923_426224292,-0.22209524
20241107_103923_683858546,-0.71794474
20241107_103924_200574160,-0.36449656
20241107_103924_687720191,-0.47970283
20241107_103924_937709583,-0.42977226
20241107_103925_186480337,-0.42137635
20241107_103925_679902344,-0.36504063
20241107_103926_449659255,-0.53999144
20241107_103926_694528291,-0.4479443
20241107_103926_931607667,-0.6006904
20241107_103927_178695804,-0.4721018
20241107_103927_430615318,-0.4799699
20241107_103927_672275052,-0.6959086
20241107_103927_923491669,-0.6075912
20241107_103928_175535472,-0.5451134
20241107_103928_427377361,0.07870648
20241107_103928_683475112,0.17267434
20241107_103928_934334943,0.16717546
20241107_103929_188321113,0.09650073
20241107_103929_676686155,0.2575788
20241107_103929_935372994,0.16950399
20241107_103930_182678191,-0.7430839
20241107_103930_438784964,-0.114248835
20241107_103930_689743994,-0.65992254
20241107_103930_938060692,0.18350354
20241107_103931_185514711,0.2920749
20241107_103931_442730287,0.14770733
20241107_103931_689511298,0.19165106
20241107_103931_939712127,1.2146724
20241107_103932_187872894,0.93749964
20241107_103932_440766705,0.5323157
20241107_103933_181238558,0.7099581
20241107_103933_431639645,0.17396228
20241107_103933_677784886,-0.8517327
20241107_103933_938220532,-0.79561514
20241107_103934_186754029,-0.12408725
20241107_103934_433648262,-0.0577197
20241107_103934_679018532,0.011520619
20241107_103934_926492702,0.50749147
20241107_103935_175868795,0.5179008
20241107_103936_175226801,0.52605027
20241107_103936_429884753,0.87891674
20241107_103936_685094217,0.66338557
20241107_103936_934340439,0.6480967
20241107_103937_925594978,0.50580424
20241107_103938_171107394,0.60087234
20241107_103938_420434453,0.583944
20241107_103938_932064692,0.48226246
20241107_103939_426270672,1.1418519
20241107_103939_679550479,-0.65551
20241107_103939_927634395,-0.44250003
20241107_103940_177507095,-0.6501684
20241107_103940_426351649,-0.60343677
20241107_103941_423252034,-0.7405377
20241107_103942_173759134,-0.53195494
20241107_103942_671081113,-0.562146
20241107_103943_167874789,-0.64384264
20241107_103943_417399514,-0.58278936
20241107_103943_667481058,-0.5452159
20241107_103943_921602477,-0.5726963
20241107_103944_172788274,-0.6987608
20241107_103944_424444598,-0.610846
20241107_103944_672813223,-0.5978583
20241107_103944_923049117,-0.23794752
20241107_103945_175871107,0.27145377
20241107_103945_423449058,0.325446
20241107_103945_672227659,-0.022841781
20241107_103945_919641447,0.017591605
20241107_103947_180460613,0.36255434
20241107_103947_430877138,-0.48024687
20241107_103947_677175040,0.46851403
20241107_103947_928658373,0.6443149
20241107_103948_182424648,0.36939195
20241107_103948_432638925,0.29200566
20241107_103948_676045266,0.49020836
20241107_103948_928125377,0.3083317
20241107_103949_424716657,0.31173757
20241107_103949_675040993,0.48467126
20241107_103949_926681216,-0.010262987
20241107_103950_173782661,-0.90591544
20241107_103950_429972160,-0.17019211
20241107_103950_679062850,-0.17620431
20241107_103950_925914240,-0.6592775
20241107_103951_177629503,-1.4284472
20241107_103951_431059370,-0.9366623
20241107_103951_676021075,-1.5500276
20241107_103951_933287958,0.7664381
20241107_103952_181163965,0.78708285
20241107_103952_429897961,0.92476517
20241107_103952_674342613,1.3648454
20241107_103953_926024449,0.96240294
20241107_103954_171726583,1.3448623
20241107_103954_421168993,-0.5599665
20241107_103954_670061504,-0.46099433
20241107_103954_925618957,-0.51876825
20241107_103955_177043049,-0.27321073
20241107_103955_426826579,0.618446
20241107_103955_672229412,0.35187486
20241107_103955_934285087,0.23810034
20241107_103956_179622764,-0.19476767
20241107_103956_430023972,-0.23053385
20241107_103956_674596284,-0.06876182
20241107_103956_927942577,0.10112987
20241107_103957_176334104,0.18723957
20241107_103957_426194227,0.22490032
20241107_103957_674811066,1.5938061
20241107_103957_927880110,1.0503086
20241107_103958_172888635,0.13728072
20241107_103958_425746708,-0.554353
20241107_103958_671751288,-0.37448916
20241107_103958_924794827,-0.6052987
20241107_103959_176989140,-1.3591564
20241107_103959_434012130,0.5598478
20241107_103959_686227247,-0.046377353
20241107_103959_935812904,-0.22170974
20241107_104000_179053021,0.56092143
20241107_104000_432091780,0.36888933
20241107_104000_671816303,0.18806873
20241107_104000_926785845,0.05162201
20241107_104001_175799658,-0.16563876
20241107_104001_426869029,0.027014295
20241107_104001_681998467,0.2889254
20241107_104001_930540015,0.23560466
20241107_104002_183157031,0.12640165
20241107_104002_434544638,0.3034521
20241107_104002_681612629,0.66994756
20241107_104002_932272289,0.36740938
20241107_104003_183690104,0.3135068
20241107_104003_432547706,0.24292962
20241107_104003_683816957,0.20936985
20241107_104003_930262632,0.22933038
20241107_104004_174980000,-0.17017932
20241107_104004_439980142,-0.093369626
20241107_104004_675783890,-0.4067952
20241107_104004_930744298,-0.21542488
20241107_104005_175891819,-0.4110759
20241107_104005_422156392,-0.20816715
20241107_104005_928549650,-0.16167767
20241107_104006_175007711,-0.44748503
20241107_104006_430071403,-0.37006828
20241107_104006_681114087,-0.37231457
20241107_104007_185209448,-0.29275548
20241107_104007_447186402,-0.2472563
20241107_104008_181772996,-0.1880501
20241107_104008_433221244,-0.19701658
20241107_104009_425724023,-0.22982638
20241107_104009_924580925,-0.2241915
20241107_104010_179331170,-0.1694722
20241107_104011_178196205,-0.34183645
20241107_104011_428948383,-0.24373643
20241107_104012_169509688,-0.20633884
20241107_104013_174663447,-0.2090788
20241107_104013_427103509,-0.16702254
20241107_104014_924821568,-0.54189056
20241107_104015_671725170,-0.38624784
20241107_104016_426114963,-0.6903696
20241107_104016_672800225,-0.34704718
20241107_104018_179102507,-0.26535717
20241107_104018_426549912,-0.30657554
20241107_104019_678203905,-0.22478421
20241107_104020_424103806,-0.18823342
20241107_104020_670168831,0.062306955
20241107_104021_177788754,0.08302257
20241107_104023_172315304,-0.02836748
20241107_104024_173273247,0.0016165767
20241107_104027_171381773,-1.5932273
20241107_104027_422359018,-0.9175103
20241107_104027_670734274,-0.563401
20241107_104027_922253027,-0.5262799
20241107_104028_171032187,-0.61034137
20241107_104029_172041964,-0.57576466
20241107_104030_171429259,-0.48879054
20241107_104030_424546776,-0.57330656
20241107_104031_426160764,-0.57072955
20241107_104031_671699517,-0.70873547
20241107_104031_919947736,-0.5194827
20241107_104033_172369345,-0.5175793
20241107_104033_424329086,-0.123131596
20241107_104033_671060591,-0.13157736
20241107_104034_421600054,-0.23664035
20241107_104036_170953777,-0.27396226
20241107_104036_421508642,-0.35594872
20241107_104036_667296488,-0.29965082
20241107_104036_920069390,-0.2112488
20241107_104037_168249872,-0.17612351
20241107_104037_918435454,-0.20986097
20241107_104038_168662322,-0.30324307
20241107_104038_418809479,0.0015645567
20241107_104038_669761431,-0.007413706
20241107_104038_921984130,0.08256634
20241107_104039_669424011,-0.030393979
20241107_104040_169062354,0.0064376984
20241107_104041_171834824,-0.011882624
20241107_104041_421020007,0.016105035
20241107_104041_671401900,-0.271455
20241107_104041_925197099,-0.4808952
20241107_104042_170955114,-0.002598768
20241107_104042_422313219,1.166241
20241107_104042_672921123,0.92632633
20241107_104042_928355149,0.6080706
20241107_104043_188289482,0.38863403
20241107_104043_435969591,0.19454889
20241107_104043_683052964,0.13470946
20241107_104044_924052869,0.21713169
20241107_104045_917629870,0.25245824
20241107_104046_167023756,0.2830825
20241107_104046_419717769,0.27968654
20241107_104048_169992647,0.31712338
20241107_104048_418923436,0.1505452
20241107_104049_669154611,0.23084025
20241107_104051_425676225,0.280264
20241107_104051_670408277,0.65156883
20241107_104051_922917852,0.5248884
20241107_104054_170697352,0.5150557
20241107_104054_423158609,0.0054254327
20241107_104054_671499898,-0.4950514
20241107_104054_924448376,-0.12344792
20241107_104055_168332031,-0.26088935
20241107_104055_418123236,-0.22374488
20241107_104055_664389585,-0.25696853
20241107_104056_422772635,-0.40386888
20241107_104057_668918072,-0.596921
20241107_104057_924699777,-0.71558857
20241107_104058_173305150,-0.83562475
20241107_104058_425153085,-0.829091
20241107_104058_671824050,-1.362382
20241107_104058_919711761,-1.129258
20241107_104059_420695862,-0.41217306
20241107_104059_668389866,-0.54434216
20241107_104059_922547974,-0.94026965
20241107_104100_173494507,-0.61919147
20241107_104100_429594306,-0.55581313
20241107_104100_672995573,-0.39953163
20241107_104101_177364671,-0.14609015
20241107_104101_429882283,0.56970876
20241107_104101_675737043,0.95485055
20241107_104101_928329283,1.2990031
20241107_104102_172205284,0.037978925
20241107_104102_423040943,0.8322618
20241107_104102_670190713,0.5345152
20241107_104102_920398921,-0.13502848
20241107_104103_168206368,-0.48633033
20241107_104103_420456587,-0.37737128
20241107_104103_672481522,-0.57364786
20241107_104103_927163310,-0.4185871
20241107_104104_176778594,0.019970072
20241107_104104_437309599,0.030302932
20241107_104104_682431431,0.23958908
20241107_104104_937439899,0.39686766
20241107_104105_183102350,0.10266153
20241107_104105_430362264,0.03144598
20241107_104105_675232767,-0.12240382
20241107_104105_926046829,-0.27201027
20241107_104106_173232723,-0.07546886
20241107_104106_422908660,-0.0045857634
20241107_104106_921643701,-0.17402972
20241107_104107_177811971,-1.1413636
20241107_104107_432175392,-0.39564425
20241107_104107_677339970,0.78696257
20241107_104107_933076375,0.69428843
20241107_104108_428241302,0.89209163
20241107_104108_678885391,0.7639436
20241107_104108_930422457,0.10387174
20241107_104109_181197040,0.03848458
20241107_104109_429651632,0.10943786
20241107_104109_674218752,0.033641614
20241107_104110_169713207,-0.18319775
20241107_104110_429719309,0.007184962
20241107_104110_678395938,0.013035694
20241107_104110_943005057,-0.02846851
20241107_104111_190771932,-0.2686461
20241107_104111_435534095,-0.34464937
20241107_104111_676404094,-0.5495173
20241107_104111_930877847,-0.24158098
20241107_104112_174951936,-0.15979405
20241107_104112_423739601,-0.21650447
20241107_104112_670333973,-0.16002841
20241107_104112_925156864,-0.73307467
20241107_104113_171954012,-0.65195787
20241107_104113_422567465,-0.2937875
20241107_104113_675016154,-0.37183502
20241107_104113_919699172,-0.39598182
20241107_104114_169709951,-0.4171173
20241107_104114_426037304,-0.5797824
20241107_104114_672892345,-0.36180708
20241107_104114_927745353,-0.3091244
20241107_104115_171716061,-0.35264233
20241107_104115_420872756,-0.45075274
20241107_104115_918640621,-0.46930662
20241107_104116_166839570,-0.4761767
20241107_104116_419703118,-0.75649786
20241107_104116_672308090,-0.7726927
20241107_104116_923297823,-0.6663036
20241107_104117_174087036,-0.78895557
20241107_104117_430589772,0.19548105
20241107_104117_680528534,-0.029830119
20241107_104117_930725615,-0.6107109
20241107_104118_191548323,-1.619733
20241107_104118_455279043,0.8407789
20241107_104118_695960773,1.396494
20241107_104118_949691924,-0.7397751
20241107_104119_192352164,0.9994554
20241107_104119_441152426,-0.6732978
20241107_104119_678488828,0.40654707
20241107_104119_939912176,1.3482553
20241107_104120_186832209,0.21402653
20241107_104120_435621101,-0.105205745
20241107_104120_675419451,0.14541976
20241107_104120_925984819,0.15524207
20241107_104121_675578852,1.1322402
20241107_104121_926853426,-0.014922999
20241107_104122_174558942,0.5653008
20241107_104122_427789046,0.31039688
20241107_104122_675161161,0.4004458
20241107_104122_921796937,0.31976512
20241107_104123_419928088,0.37679946
20241107_104123_676006798,0.1667193
20241107_104123_931603285,0.15952645
20241107_104124_670237467,0.2536904
20241107_104125_171499373,0.2714334
20241107_104125_670357341,0.24283753
20241107_104126_169701841,0.29648647
20241107_104127_426624727,0.45710474
20241107_104127_672036999,0.33064142
20241107_104127_919130628,0.3061883
20241107_104128_426441601,0.28622177
20241107_104128_933517124,0.3304052
20241107_104129_175339284,0.39166433
20241107_104129_442633859,0.83283454
20241107_104129_669306036,0.7028672
20241107_104130_171091646,0.54181105
20241107_104130_422352405,0.5536029
20241107_104130_676137440,0.3217483
20241107_104131_173097657,0.4241547
20241107_104131_672219473,0.52504
20241107_104132_175777073,1.5473474
20241107_104132_926532457,0.58519834
20241107_104133_175983592,0.225774
20241107_104133_426439858,0.1632603
20241107_104134_418697864,0.22563334
20241107_104134_670766375,0.53391737
20241107_104134_923277148,0.55551785
20241107_104135_167942070,0.46955067
20241107_104135_419496370,0.40647462
20241107_104135_920834932,0.7405449
20241107_104136_419220981,0.22585167
20241107_104136_669785331,0.2793206
20241107_104137_178321128,0.32329273
20241107_104137_425665067,0.24067442
20241107_104138_423269623,0.29480803
20241107_104139_925337772,-0.014137587
20241107_104140_180427604,-0.6548539
20241107_104140_435497391,-0.50101924
20241107_104140_682496321,-0.27623394
20241107_104141_175712567,-0.29251125
20241107_104141_424288479,-0.21405278
20241107_104141_677317678,-0.24707247
20241107_104141_927793237,-0.5284604
20241107_104142_175335891,-0.5971076
20241107_104143_165826255,-0.43349925
20241107_104143_919511233,-0.28121433
20241107_104144_171114492,-0.41047987
20241107_104144_423933440,-1.5438997
20241107_104144_669478022,0.6545513
20241107_104144_926968599,-0.31278053
20241107_104145_177626026,-0.1307499
20241107_104145_427058662,-0.028647562
20241107_104145_673209900,0.12186808
20241107_104145_922636946,0.099948384
20241107_104146_170098156,0.08612219
20241107_104146_425253791,0.07934872
20241107_104147_416870579,0.09982178
20241107_104147_926221941,0.09414712
20241107_104148_429793325,0.07328848
20241107_104148_674638326,0.053572364
20241107_104148_928649191,0.27126235
20241107_104149_176757809,-0.23891976
20241107_104149_428606920,0.10803885
20241107_104149_683457067,-0.62665564
20241107_104149_931002984,-0.20482679
20241107_104150_173472857,-0.041287452
20241107_104150_421254551,-0.9937325
20241107_104150_671640632,-1.1065365
20241107_104151_165964707,-0.9542095
20241107_104151_418274640,-1.0139985
20241107_104151_671154553,-0.9787277
20241107_104151_928004028,-0.92383903
20241107_104152_172881726,-0.92938894
20241107_104152_425287434,-0.86360925
20241107_104153_426326634,-1.006233
20241107_104153_674294710,-0.32014778
20241107_104153_924053022,-0.15013975
20241107_104154_180522020,-0.07797613
20241107_104154_425406109,-0.7268995
20241107_104154_673245227,-0.7773538
20241107_104154_925447466,-0.5167564
20241107_104155_173802415,-0.2553145
20241107_104155_432989854,-0.04320639
20241107_104155_679524493,0.01620329
20241107_104155_927162133,-0.08925458
20241107_104156_173088069,-0.28879
20241107_104156_426468538,-0.48275816
20241107_104156_672784060,-0.5980702
20241107_104156_920267204,-0.7853411
20241107_104157_168694761,-0.4885235
20241107_104157_419538129,-0.15553945
20241107_104157_669749452,0.09683118
20241107_104157_925681390,1.5633625
20241107_104158_176634809,1.6194087
20241107_104158_424630319,-0.6444053
20241107_104158_676155254,-0.04121144
20241107_104158_936560951,0.14508457
20241107_104159_184380671,0.0054858234
20241107_104159_437539612,0.24556781
20241107_104159_678312020,0.65070045
20241107_104159_925481595,0.48254523
20241107_104200_169718029,0.3868438
20241107_104200_422396854,0.29647952
20241107_104200_670644187,-0.068432234
20241107_104200_920980075,0.124576665
20241107_104201_168443093,0.14215355
20241107_104201_424986934,0.10375366
20241107_104201_677043950,-0.42819273
20241107_104201_930341982,-0.7439752
20241107_104202_183459433,-0.06577965
20241107_104202_434952916,-0.09151628
20241107_104202_934250171,-0.06757244
20241107_104203_175066683,-0.031602584
20241107_104203_423252456,-0.30078468
20241107_104204_175267864,-0.58835465
20241107_104204_430283008,-0.40824136
20241107_104205_183081685,-0.094897784
20241107_104205_438677611,0.5366238
20241107_104205_683939333,1.1642511
20241107_104205_944336125,-0.6879123
20241107_104206_183664786,-0.2273138
20241107_104206_444891979,0.005874498
20241107_104206_687408283,0.0046138335
20241107_104206_941033653,-0.09034317
20241107_104207_178128278,-0.094919465
20241107_104208_173904833,-0.27317697
20241107_104209_169598621,-0.22753187
20241107_104209_670805749,-0.38709453
20241107_104209_922037635,-0.30889246
20241107_104211_426260700,-0.18964823
20241107_104212_665271759,-0.21896519
20241107_104213_169045934,-0.1784956
20241107_104213_419534356,-0.14257772
20241107_104213_673323069,-0.2849458
20241107_104213_934335424,-0.516579
20241107_104214_174357828,-0.6145895
20241107_104214_423720379,-0.35099635
20241107_104214_673996988,-0.31675246
20241107_104214_925409072,-0.41295603
20241107_104215_428478935,-0.56162363
20241107_104216_180288983,-0.5361506
20241107_104216_440706711,-0.59022254
20241107_104216_683774887,-0.4328979
20241107_104216_931845703,-0.32731766
20241107_104217_177073820,-0.33841142
20241107_104218_170665636,-0.2736366
20241107_104219_165774808,-0.14581987
20241107_104219_422882624,0.17890072
20241107_104219_670845725,1.1157894
20241107_104219_932472878,0.32828167
20241107_104220_175518266,0.25825232
20241107_104220_419728797,0.1866535
20241107_104220_669431732,0.07046132
20241107_104221_440333411,0.13684821
20241107_104221_689074437,0.17351376
20241107_104221_932693393,0.12996705
20241107_104222_179490178,0.10043136
20241107_104222_424980296,0.1595593
20241107_104223_424949878,0.15166245
20241107_104223_670991191,0.16221343
20241107_104223_921955212,0.1995018
20241107_104224_170471396,0.34377348
20241107_104224_673958484,0.25702122
20241107_104224_924517904,0.20067759
20241107_104225_168907695,0.14276107
20241107_104225_423289553,0.18075345
20241107_104225_674875383,0.14382228
20241107_104225_932920093,-0.14481784
20241107_104226_178943187,-1.4102691
20241107_104226_426355576,-1.4649329
20241107_104226_671015245,-0.4801673
20241107_104226_923661993,-0.46937194
20241107_104228_181482232,-0.34732124
20241107_104228_427065588,-0.40269032
20241107_104229_178035935,-0.4487913
20241107_104229_445672941,-0.36669782
20241107_104229_673293312,-0.26373175
20241107_104229_920021180,-0.036527313
20241107_104230_168075583,0.0049264412
20241107_104230_929300221,-0.09952905
20241107_104231_177039451,-0.029010436
20241107_104231_432198242,-0.05221667
20241107_104231_681353767,-0.4207016
20241107_104231_927096231,-0.34667984
20241107_104232_173241167,-0.6530109
20241107_104232_424929102,-1.3056765
20241107_104232_669685643,-0.67556304
20241107_104232_920517424,-0.7703853
20241107_104233_169636173,0.6481899
20241107_104233_424232982,-0.34054223
20241107_104233_674697448,-0.0240468
20241107_104233_931495531,0.28254235
20241107_104234_176368826,0.7631698
20241107_104234_425975690,1.0771686
20241107_104234_669657213,0.7323232
20241107_104235_419710980,0.41266584
20241107_104235_671743621,0.18993755
20241107_104235_920518953,0.28386715
20241107_104236_169953290,0.89583415
20241107_104236_668544604,0.41578108
20241107_104236_918254849,0.484004
20241107_104237_169025489,0.47558036
20241107_104238_176325326,0.29234135
20241107_104238_423827321,0.4749116
20241107_104239_168367247,0.69728136
20241107_104239_417731051,0.55767673
20241107_104239_917410235,0.42043453
20241107_104240_922734620,0.6170647
20241107_104241_166027494,-0.61298966
20241107_104241_415015515,-0.60945386
20241107_104241_666488916,-0.73337823
20241107_104241_916663963,-0.60190517
20241107_104242_167427150,-0.47529492
20241107_104242_422295178,-0.5077643
20241107_104242_918647076,-0.41822562
20241107_104243_422103572,-0.36227626
20241107_104243_917099064,-0.42813602
20241107_104245_923794368,-0.36766505
20241107_104246_171140269,-0.072684616
20241107_104246_419372400,-0.19153674
20241107_104246_667140985,-0.18433096
20241107_104246_919087274,-0.09495077
20241107_104248_168315178,-0.14666821
20241107_104248_426022636,-0.1585557
20241107_104248_666564139,0.027687712
20241107_104249_167198864,-0.020028373
20241107_104249_671187711,-0.0800397
20241107_104249_917967490,0.007982114
20241107_104250_421153066,0.018111685
20241107_104251_420912344,-0.052167438
20241107_104253_194976705,-0.05967977
20241107_104253_437528370,0.15051903
20241107_104253_676647290,0.41588932
20241107_104254_174333702,1.2318892
20241107_104254_428998405,0.22003016
20241107_104254_674249683,0.22212584
20241107_104254_922333673,0.2586987
20241107_104255_170434254,0.37819654
20241107_104255_427054576,0.27016258
20241107_104255_671807028,0.29687232
20241107_104256_419871423,0.28620303
20241107_104257_420670328,0.23009904
20241107_104257_674297867,0.2399488
20241107_104257_930329383,0.25174287
20241107_104258_169263114,0.29094043
20241107_104259_421600280,0.30108094
20241107_104259_917060594,0.30471697
20241107_104300_166194636,-0.009793004
20241107_104300_423144374,-0.7340397
20241107_104300_674870860,-0.1891128
20241107_104300_924982518,0.18541165
20241107_104301_180993063,0.34553105
20241107_104301_426524214,0.106942154
20241107_104301_688525228,0.043017812
20241107_104301_933688398,-0.0014783051
20241107_104302_433735763,0.059961982
20241107_104302_678283412,0.0572877
20241107_104302_941551942,0.13366036
20241107_104303_189745484,0.20903616
20241107_104303_436118649,-0.048504137
20241107_104303_679242339,0.2946094
20241107_104303_935322936,0.9535509
20241107_104304_184398819,0.6214616
20241107_104304_432467256,0.68144095
20241107_104305_419675339,1.2145485
20241107_104305_669359656,-0.5299905
20241107_104305_922739287,-0.2465216
20241107_104306_170865927,-0.372407
20241107_104306_423260685,-0.42690566
20241107_104306_671993206,-0.4744717
20241107_104306_923735537,-0.6714937
20241107_104307_171289216,-0.99528635
20241107_104307_420086218,-0.7867878
20241107_104307_667022374,0.25797406
20241107_104307_923695327,-0.1741264
20241107_104308_176833341,-0.23653992
20241107_104308_428683577,-0.17566366
20241107_104308_672060794,-0.14493395
20241107_104308_930183833,-0.38372663
20241107_104309_187864361,0.11036236
20241107_104309_433744411,-0.080930404
20241107_104309_680159176,-0.11541226
20241107_104309_928210848,-0.035338245
20241107_104310_172126127,0.1622727
20241107_104310_427919183,0.84954566
20241107_104310_677307403,-0.8364733
20241107_104310_928386021,-0.1914662
20241107_104311_170375886,-0.1759486
20241107_104311_671719124,-0.06508178
20241107_104311_928081307,0.37286356
20241107_104312_171339852,0.18828355
20241107_104312_421487438,0.07332937
20241107_104312_665935881,-0.0018871631
20241107_104313_166826376,0.24326213
20241107_104313_416524246,0.56106335
20241107_104313_670598766,0.6854329
20241107_104313_919565963,1.0914617
20241107_104314_424196378,0.5350673
20241107_104314_682617699,-0.5385896
20241107_104314_927915464,-0.3350813
20241107_104315_172496321,-0.15375124
20241107_104316_170391968,-0.26411426
20241107_104317_166636557,-0.25913003
20241107_104317_417207629,-0.27841675
20241107_104317_671710207,-0.27840203
20241107_104318_166656927,-0.28794646
20241107_104318_419191843,-0.29979402
20241107_104319_166221924,-0.26587558
20241107_104319_670799587,-0.2857813
20241107_104319_920556824,-0.289565
20241107_104320_172221890,-0.0774324
20241107_104320_423017578,-0.19611983
20241107_104321_165747683,-0.2528732
20241107_104321_419088899,-0.2534438
20241107_104321_672379704,-0.25761977
20241107_104321_918195808,-0.19557
20241107_104322_665719376,0.026976565
20241107_104322_920427056,2.0659304
20241107_104323_169213163,-0.3457134
20241107_104323_421962368,-0.35177696
20241107_104323_668413128,-0.014772609
20241107_104323_918984746,-0.5009554
20241107_104324_165707453,-0.6141176
20241107_104324_916094312,-0.68757993
20241107_104325_165289879,-1.0057827
20241107_104325_417818137,-0.7756078
20241107_104325_667745536,-0.8472554
20241107_104325_922998185,-0.7792716
20241107_104326_169833798,-0.46587792
20241107_104326_418843531,-0.24259737
20241107_104326_672144263,0.06618988
20241107_104326_926326462,0.033914693
20241107_104327_166910631,0.3609809
20241107_104327_423349407,0.2859436
20241107_104327_676636757,0.251443
20241107_104327_932323318,0.702295
20241107_104328_178779935,-0.4922333
20241107_104328_435823417,0.7379013
20241107_104328_684943234,0.9054796
20241107_104328_933009570,0.29078922
20241107_104329_181920211,0.3998028
20241107_104329_454361282,0.7689243
20241107_104329_671048437,0.68826646
20241107_104329_921478911,0.61928064
20241107_104330_428112443,-0.1687579
20241107_104330_670673728,-0.19226523
20241107_104330_922166767,-0.050366066
20241107_104331_167546025,-0.059910677
20241107_104331_423751862,-0.04805114
20241107_104332_171863416,-0.12581582
20241107_104332_668357743,-0.087783925
20241107_104332_916881775,-0.054844104
20241107_104333_417486400,-0.034755968
20241107_104333_923585031,-0.2164988
20241107_104334_420029225,-0.1636013
20241107_104334_668437855,-0.1506892
20241107_104335_419000093,-0.31764224
20241107_104335_665035401,-0.36683476
20241107_104336_164506255,-0.46652237
20241107_104336_414213522,-0.49339634
20241107_104336_920341618,-0.36550143
20241107_104337_420475304,-0.31121323
20241107_104337_924149805,-0.24347614
20241107_104338_426353853,-0.5089916
20241107_104338_669771753,-0.33690354
20241107_104338_922026534,-0.27730674
20241107_104339_426748656,-0.25090834
20241107_104340_919647815,-0.34175125
20241107_104341_168494007,-0.36137298
20241107_104341_663881811,-0.47512206
20241107_104341_918464614,-0.3815256
20241107_104342_166518867,-0.50064707
20241107_104342_922804978,-0.7192641
20241107_104343_172346522,-0.69840527
20241107_104343_418498802,-2.3288434
20241107_104343_666547117,0.43268803
20241107_104343_916702780,-0.7270249
20241107_104344_168335565,-0.53244036
20241107_104344_419862522,-0.85489756
20241107_104344_673826102,-0.566379
20241107_104344_925594505,-0.58691776
20241107_104345_173217992,-0.819339
20241107_104345_423101089,-0.10339125
20241107_104345_669971213,-0.10518713
20241107_104345_922919881,-0.06504349
20241107_104346_171061799,-0.8142326
20241107_104346_426259530,-0.50080067
20241107_104346_673268060,-0.26073873
20241107_104346_936261619,0.27166018
20241107_104347_174328949,0.22001009
20241107_104347_422290738,0.4934093
20241107_104347_669263222,0.20066883
20241107_104347_920963340,0.17577948
20241107_104348_164204293,0.04602436
20241107_104348_419355647,-0.28638068
20241107_104348_668066102,-0.089307986
20241107_104348_918145399,-1.6007332
20241107_104349_168406684,-1.1568464
20241107_104349_420051826,-0.5681363
20241107_104349_664387009,-0.6300892
20241107_104349_917878938,-0.8099378
20241107_104351_667307459,-0.81018734
20241107_104351_920431900,-0.124636196
20241107_104352_170059099,0.9380421
20241107_104352_420626954,-0.6770652
20241107_104352_670619156,-0.5943963
20241107_104352_918172113,0.05657927
20241107_104353_168730966,-0.7345608
20241107_104353_420062939,-0.034768663
20241107_104353_667770176,-0.022140285
20241107_104353_917290343,0.08350203
20241107_104354_168422525,-0.58318835
20241107_104354_419572114,-1.0138534
20241107_104355_163669265,-0.7521168
20241107_104355_413974285,0.0038275514
20241107_104355_663629716,-0.052296303
20241107_104355_918121745,-0.0043474045
20241107_104356_416969478,0.08877859
20241107_104356_665103795,-0.2176132
20241107_104356_917910813,-0.65712875
20241107_104357_169755556,-0.73153216
20241107_104357_418702106,0.095880546
20241107_104357_666227325,-0.73715186
20241107_104357_919177523,-0.08710351
20241107_104358_165919797,-0.6597814
20241107_104358_417507076,-0.8698901
20241107_104358_668696320,-0.65082866
20241107_104358_922865862,-0.8319544
20241107_104359_166456363,-0.10358282
20241107_104359_417569227,-1.0233179
20241107_104359_664724605,-0.6448794
20241107_104359_918569956,-0.67872477
20241107_104400_163649012,-0.6751892
20241107_104400_917777590,-0.59204
20241107_104401_166223807,-0.5584026
20241107_104401_420823641,-0.17520995
20241107_104401_679117197,-0.066431336
20241107_104401_924092702,0.12579954
20241107_104402_169171078,0.06159631
20241107_104402_426220969,0.16702484
20241107_104402_673216738,0.36850864
20241107_104402_929468806,0.47387967
20241107_104403_173021809,0.4632345
20241107_104403_426294965,0.21959583
20241107_104403_677990487,0.06053651
20241107_104404_169442939,-0.087195
20241107_104404_422560624,-0.25840136
20241107_104404_667185972,0.09074921
20241107_104404_914988036,0.11655066
20241107_104407_163508373,0.11512462
20241107_104407_417312185,0.15311371
20241107_104407_915339345,0.13885657
20241107_104408_164879151,0.14080639
20241107_104409_162539288,0.11508826
20241107_104410_916193538,0.09818695
20241107_104411_666115111,0.084087946
20241107_104412_674834050,0.08785192
20241107_104413_169001097,0.11434097
20241107_104413_417953930,0.13305135
20241107_104414_915947325,0.17284696
20241107_104415_416472636,0.014491091
20241107_104415_662963401,-0.022248557
20241107_104415_916338371,0.40892676
20241107_104416_166986516,0.2183158
20241107_104416_675345479,-0.17519799
20241107_104416_932229286,0.7317332
20241107_104417_184723836,-0.38790807
20241107_104417_443200538,0.06700692
20241107_104417_690869940,0.14581273
20241107_104417_942878504,0.09761662
20241107_104418_183929693,0.10080857
20241107_104418_431185251,-0.05435007
20241107_104418_676860930,-0.028651914
20241107_104418_925133965,-0.30861023
20241107_104419_182408770,-0.30602798
20241107_104419_427524211,-0.21409445
20241107_104419_674433661,-0.28595296
20241107_104419_924411400,-0.5652594
20241107_104420_172987271,-0.38703185
20241107_104420_422741790,-0.27935264
20241107_104420_667164308,-0.36223808
20241107_104421_928353000,-0.3404934
20241107_104422_669305027,-0.25400504
20241107_104422_918609427,-0.45351863
20241107_104423_165293658,-0.16488577
20241107_104423_916594344,-0.27832082
20241107_104424_164942523,-0.37062827
20241107_104424_419850075,-0.8956372
20241107_104424_674786188,-1.1059378
20241107_104424_920815998,-1.1308714
20241107_104425_170977358,-1.6256766
20241107_104425_421297913,0.5687915
20241107_104425_668283091,0.48427364
20241107_104425_915459900,0.046032526
20241107_104426_165384724,-0.03201648
20241107_104426_414881183,0.7167116
20241107_104426_668130989,0.18645398
20241107_104426_921967490,0.30452195
20241107_104427_167327688,0.30175647
20241107_104427_420128242,0.32008496
20241107_104427_913618877,0.381369
20241107_104428_165870019,0.554509
20241107_104428_416477594,0.6151981
20241107_104428_666968351,0.47117475
20241107_104428_916840813,0.8439614
20241107_104429_171310444,0.18073869
20241107_104429_435558449,-0.4421909
20241107_104429_666205796,-0.15838869
20241107_104429_915407148,-0.08782094
20241107_104430_165358322,-0.13130473
20241107_104430_417605176,-0.13738994
20241107_104430_919554178,-0.3665087
20241107_104431_164184028,-0.19763257
20241107_104431_418166185,0.059681304
20241107_104431_935132258,-0.051677547
20241107_104432_183442166,-0.22070648
20241107_104432_441038851,-0.18161838
20241107_104432_693650679,-0.29972157
20241107_104432_939799231,0.5385444
20241107_104433_179466581,0.024950424
20241107_104433_431642947,-0.098278485
20241107_104433_678025832,-0.6699905
20241107_104433_934188668,-0.32654032
20241107_104434_174194510,-0.2185194
20241107_104434_423917023,-0.18433164
20241107_104435_414788846,-0.3785527
20241107_104435_662858721,-0.3651999
20241107_104435_913228587,-0.30266592
20241107_104436_416227058,-0.24371268
20241107_104437_166460499,-0.34722695
20241107_104437_419033965,-0.3440419
20241107_104437_668891167,-0.15279551
20241107_104437_924530257,-0.35827923
20241107_104438_172945367,-0.3539359
20241107_104438_426727492,-0.2838201
20241107_104439_181440435,-0.12143972
20241107_104439_429105956,-0.33731163
20241107_104439_672070312,-0.30368337
20241107_104439_920477535,-0.25473765
20241107_104440_170306034,0.07862919
20241107_104440_422311003,0.08316144
20241107_104440_667460527,0.14293768
20241107_104441_669305231,-0.13383783
20241107_104441_918751249,-0.111970566
20241107_104442_164352690,-0.087080084
20241107_104443_163440145,-0.20427556
20241107_104443_413608341,-0.14471067
20241107_104443_663384976,-0.12246808
20241107_104443_916454722,-0.08838072
20241107_104444_165490101,-0.048987053
20241107_104444_417461706,-0.04161068
20241107_104445_168510040,-0.26214182
20241107_104445_420579607,-0.48055294
20241107_104445_669562185,0.20232199
20241107_104445_919553458,0.033046283
20241107_104446_169103884,0.21239571
20241107_104446_418100619,0.14279698
20241107_104446_662947709,-0.033808313
20241107_104446_915327218,-0.02272447
20241107_104448_166375147,-0.12731643
20241107_104448_417359691,-1.3201922
20241107_104448_667676647,-0.76279384
20241107_104448_921535704,-0.5272146
20241107_104449_175236012,-0.51572585
20241107_104449_422185423,-0.61696124
20241107_104449_671859122,-0.16550653
20241107_104449_918035336,-0.06695888
20241107_104450_164827278,-0.21253039
20241107_104450_417816092,-0.19790678
20241107_104450_670151011,-0.24042936
20241107_104450_917345782,-0.6144249
20241107_104451_166730830,-0.57352763
20241107_104451_669084383,-0.60937613
20241107_104451_920014107,-0.6786975
20241107_104452_170924907,-0.9035371
20241107_104452_435147065,-0.7805572
20241107_104452_688241079,-0.03900113
20241107_104452_933817063,-0.17422141
20241107_104453_170855486,-0.18231954
20241107_104453_423712784,-0.33670107
20241107_104453_672000094,-0.6238596
20241107_104453_920180332,-0.35113636
20241107_104454_177523703,-0.03149865
20241107_104454_422922950,-0.12107798
20241107_104454_673197117,-0.30024186
20241107_104454_924427722,-0.6869597
20241107_104455_177172388,0.19017814
20241107_104455_426371484,-0.021806201
20241107_104455_678024615,0.08953027
20241107_104455_927704175,0.06444255
20241107_104456_169990066,0.15003438
20241107_104456_421840724,0.39602458
20241107_104456_668135516,0.409947
20241107_104456_918777840,0.13443463
20241107_104457_167979367,0.02969716
20241107_104457_423155463,0.1277753
20241107_104457_672426691,0.10512788
20241107_104457_924682173,0.104323156
20241107_104458_174693775,0.109478034
20241107_104458_423365618,0.14733176
20241107_104458_915420016,0.16658352
20241107_104459_416145579,-0.086485855
20241107_104459_669962759,0.16462877
20241107_104459_928519032,1.6473719
20241107_104500_182485864,0.5661773
20241107_104500_433133499,0.01054647
20241107_104500_676708367,-1.1829824
20241107_104500_927801616,0.48485044
20241107_104501_173369377,-1.2244446
20241107_104501_432543800,-0.8304996
20241107_104501_682177981,-1.1035112
20241107_104501_927840502,-0.4663894
20241107_104502_179962251,-0.39127573
20241107_104502_430003192,-0.22185308
20241107_104502_677073828,-0.21406135
20241107_104502_926955500,-0.18678904
20241107_104503_171250377,-0.41672298
20241107_104503_424619400,-0.44157335
20241107_104503_675304757,-0.44629106
20241107_104503_925291710,-0.393822
20241107_104504_178898528,-0.24776633
20241107_104504_427766621,0.062319927
20241107_104504_665454534,-0.14673735
20241107_104504_919710595,-0.15693147
20241107_104505_164723632,-0.14590116
20241107_104505_415249541,-0.38759616
20241107_104505_664186445,-0.55249935
20241107_104505_919909757,-0.15898469
20241107_104506_170807897,-0.2640265
20241107_104506_421470387,-0.12968613
20241107_104506_665961811,-0.28845838
20241107_104507_170915746,-0.14491756
20241107_104507_426435338,-0.05989282
20241107_104507_921849750,-0.15341033
20241107_104508_166404219,-0.1449386
20241107_104508_428105140,-0.20435615
20241107_104508_672070968,-0.5462652
20241107_104508_923117923,-0.45647958
20241107_104509_171231586,-0.3521061
20241107_104509_416116268,-0.33374628
20241107_104509_671793145,-0.30834073
20241107_104509_914509027,-0.2952004
20241107_104510_165570726,-0.14171143
20241107_104510_415744385,-0.21407594
20241107_104510_669843635,-0.042902783
20241107_104510_930056035,0.8735988
20241107_104511_186135982,0.3858391
20241107_104511_442548499,0.15285258
20241107_104511_687796131,-0.08269751
20241107_104511_947408186,0.24979328
20241107_104512_198533832,0.8957579
20241107_104512_444319472,0.9869699
20241107_104512_685630083,0.379043
20241107_104512_931243073,0.1625808
20241107_104513_169530624,0.7227045
20241107_104513_422874907,0.66625863
20241107_104513_674297720,0.62498116
20241107_104513_925634959,0.6806959
20241107_104514_165073882,0.5227913
20241107_104514_429700298,0.17965648
20241107_104514_671018693,0.92862093
20241107_104514_939349282,0.13198844
20241107_104515_175269220,0.07848828
20241107_104515_424000282,0.7673729
20241107_104515_668069793,0.1443039
20241107_104515_919703244,0.78085124
20241107_104516_168515882,0.12751181
20241107_104516_421877229,0.11119298
20241107_104516_670461419,0.1422631
20241107_104516_921096326,-0.44383824
20241107_104517_169532235,-0.22264947
20241107_104517_419806712,-0.18858972
20241107_104517_665939775,-0.13987057
20241107_104517_915350542,-0.17466536
20241107_104518_162210797,-0.11674102
20241107_104518_418583550,-0.14577432
20241107_104519_166703040,-0.14160086
20241107_104519_418202691,0.11003513
20241107_104519_665826968,-0.020369945
20241107_104520_167408053,0.13473494
20241107_104520_421904922,0.088353984
20241107_104520_667614947,0.11175213
20241107_104520_917619044,0.13519602
20241107_104521_166718320,0.07217649
20241107_104521_416994139,0.10789523
20241107_104521_665565877,0.63550156
20241107_104521_923556985,0.4567193
20241107_104522_168092184,0.66655236
20241107_104522_419690147,0.40829787
20241107_104522_672387679,0.3788294
20241107_104523_924952349,0.371778
20241107_104524_171822359,0.42057484
20241107_104524_421233180,0.84408736
20241107_104524_665545421,0.6407136
20241107_104525_169916866,0.22187716
20241107_104525_418432073,-0.23094343
20241107_104525_666860703,-0.0071910527
20241107_104525_915291990,0.033307977
20241107_104526_413650789,-0.022990009
20241107_104526_663781855,0.1847918
20241107_104526_912933325,0.29228604
20241107_104527_165609402,0.26618943
20241107_104527_414586333,0.41847795
20241107_104527_662935019,0.5306659
20241107_104527_918496429,0.5505063
20241107_104528_170564015,0.029938856
20241107_104529_432535214,0.3174684
20241107_104529_668151783,0.3440248
20241107_104529_917643177,1.1973152
20241107_104530_174493464,-0.3202536
20241107_104530_430461785,0.16691238
20241107_104530_676426486,0.030444274
20241107_104530_921734852,0.08110825
20241107_104531_169506318,0.13898121
20241107_104531_426836443,0.11564455
20241107_104531_677428460,0.124907054
20241107_104532_664191240,-0.26118222
20241107_104532_913650807,-0.20368694
20241107_104533_164298710,-0.15516247
20241107_104533_417265616,-0.35490102
20241107_104533_664728409,-0.3397822
20241107_104533_914377464,-0.2722088
20241107_104534_171150758,-0.2510083
20241107_104534_426151680,-0.20943855
20241107_104534_669287080,-0.16430028
20241107_104534_918782600,-0.27599272
20241107_104535_163179648,-0.2374431
20241107_104535_420793709,-0.26490745
20241107_104535_669187571,-0.2604549
20241107_104535_924654197,-0.26801366
20241107_104536_430557132,-0.27491194
20241107_104536_670881117,-0.44418162
20241107_104536_923934094,-0.72076595
20241107_104537_168817236,-0.85671
20241107_104537_431252964,-1.1784369
20241107_104537_675078470,-1.7221044
20241107_104537_934165503,-2.1769607
20241107_104538_176751061,0.5350633
20241107_104538_437238372,-0.2421328
20241107_104538_682206722,0.1276167
20241107_104538_929806493,0.094360985
20241107_104539_181978421,0.23247953
20241107_104539_427954251,0.14951976
20241107_104539_932534395,0.14215283
20241107_104541_668694398,-0.13350116
20241107_104541_918834156,-0.25699767
20241107_104542_170570682,-0.07431748
20241107_104542_425674808,-0.14359821
20241107_104542_674571478,-0.022093913
20241107_104542_918250445,0.093778
20241107_104543_169439817,-0.023353597
20241107_104543_417631567,-0.12625398
20241107_104543_665731384,-0.20053767
20241107_104544_416692668,-0.12299048
20241107_104544_666649985,-0.20722862
20241107_104544_921033402,-0.09823849
20241107_104545_169447943,-0.16117276
20241107_104545_419095796,-0.17970876
20241107_104545_920005777,-0.114434145
20241107_104546_169586464,0.07472428
20241107_104546_425855920,-0.004477164
20241107_104546_670058069,-0.16288967
20241107_104546_921613030,-0.24742688
20241107_104547_169893442,-0.23043485
20241107_104547_420930390,-0.19332795
20241107_104547_671558663,-1.0405446
20241107_104547_929293839,0.39837775
20241107_104548_173449300,-0.30075672
20241107_104548_424959423,-0.33310705
20241107_104548_671439185,-0.0060683694
20241107_104548_920276306,-0.21400116
20241107_104549_174231071,-0.30860522
20241107_104549_423373547,-0.050705574
20241107_104549_671906489,-0.119825505
20241107_104549_920289634,-0.1419443
20241107_104550_168307438,-0.13894577
20241107_104550_417896873,-0.17017345
20241107_104550_915602591,0.052267842
20241107_104551_165937138,-0.06064018
20241107_104551_416212777,-0.123779856
20241107_104551_665503066,0.17920342
20241107_104551_915422615,1.010407
20241107_104552_166915102,1.2140032
20241107_104552_419503985,-0.8568939
20241107_104552_673569697,-0.69491357
20241107_104552_922573635,-0.27678555
20241107_104553_174723269,0.05875031
20241107_104553_424296606,0.08068923
20241107_104553_674921520,0.09062752
20241107_104553_921381438,0.020077055
20241107_104554_173330419,0.0060470495
20241107_104554_426205351,-0.45264366
20241107_104554_679106065,-0.65807396
20241107_104554_929831871,-0.4520571
20241107_104555_172027750,-0.50215733
20241107_104555_422422519,-1.0187262
20241107_104555_674317542,0.7950773
20241107_104555_926229686,-0.15216316
20241107_104556_171368706,-0.021157226
20241107_104556_417317397,-0.40434843
20241107_104556_916194310,-0.22301371
20241107_104557_169198119,-0.4298861
20241107_104557_423654240,-0.371366
20241107_104557_670254273,-0.2435778
20241107_104557_930144243,-0.08097961
20241107_104558_181865809,-0.21018203
20241107_104558_673388242,0.53519595
20241107_104558_922789664,1.0981394
20241107_104559_172831091,0.98337203
20241107_104559_423753759,0.019741932
20241107_104559_678774861,-1.2901908
20241107_104559_929989286,-0.3503745
20241107_104600_178297472,-0.9349219
20241107_104600_425110856,-0.45144004
20241107_104600_675450079,-0.34884778
20241107_104600_925012984,-0.45099813
20241107_104601_167113959,-0.16865699
20241107_104601_422799950,-0.13558526
20241107_104601_669869823,0.2601419
20241107_104601_921423595,0.16893587
20241107_104602_169032114,-0.050085627
20241107_104602_420287270,-0.1118572
20241107_104602_666677208,-0.124817096
20241107_104602_925673178,-0.09626105
20241107_104603_172926032,-0.10124572
20241107_104603_419608113,-0.10451438
20241107_104603_666705882,-0.12570383
20241107_104603_919895109,-0.061358176
20241107_104604_170582688,-0.18580987
20241107_104604_420639080,-0.34087035
20241107_104604_669970895,-0.3225011
20241107_104604_917280123,-0.27311447
20241107_104605_166716354,-0.067765675
20241107_104605_415066449,-0.15581001
20241107_104605_665838026,-0.16963233
20241107_104606_165879762,-0.11516031
20241107_104606_420476580,0.5247077
20241107_104606_667272474,0.20261832
20241107_104606_921302916,0.1941766
20241107_104607_172723625,0.8605507
20241107_104607_420582212,1.3379284
20241107_104607_667349205,1.2552412
20241107_104607_915858112,-0.81096643
20241107_104608_163822379,-0.5417371
20241107_104608_418380839,0.18214361
20241107_104608_670955416,0.25730282
20241107_104608_919072289,0.57677066
20241107_104609_168013957,0.30710176
20241107_104609_416664492,1.7319608
20241107_104609_666951281,0.86016977
20241107_104609_924806100,0.5002555
20241107_104610_173993127,0.07503674
20241107_104610_422186757,-0.29377154
20241107_104610_672381723,-0.23283802
20241107_104610_921580766,0.23039989
20241107_104611_166796610,1.3853828
20241107_104611_418249582,0.3565935
20241107_104611_667404288,1.0591179
20241107_104611_920545781,0.42761213
20241107_104612_176404526,0.5422873
20241107_104612_426303441,0.48534897
20241107_104613_662304527,0.76866543
20241107_104613_912985605,-0.30894902
20241107_104614_162103046,0.15093073
20241107_104614_416436931,0.066926934
20241107_104614_665178786,-0.0752212
20241107_104614_920230379,-0.2021779
20241107_104615_163914237,-0.23351772
20241107_104615_415109923,-0.24566932
20241107_104615_662078706,-0.22528134
20241107_104615_915161713,-0.20671414
20241107_104616_164603618,-0.26197687
20241107_104616_418997860,-0.64730924
20241107_104616_671119847,-1.7285836
20241107_104616_930231786,0.31949314
20241107_104617_187518045,-0.43659014
20241107_104617_437800063,0.06720813
20241107_104617_681673535,0.13035463
20241107_104617_931120986,0.10148839
20241107_104618_175201864,0.13188629
20241107_104618_425030905,0.16049887
20241107_104618_670701257,0.11380807
20241107_104618_919162796,0.39894795
20241107_104619_415266965,0.30174357
20241107_104619_663885897,0.26849642
20241107_104619_914111201,0.2208833
20241107_104620_164451157,0.21889926
20241107_104620_669824559,0.21328227
20241107_104620_924073263,0.23146407
20241107_104621_172709083,0.2647921
20241107_104621_424512647,0.21646483
20241107_104621_667737478,0.2348874
20241107_104621_919669210,0.22016563
20241107_104622_423398509,0.21481757
20241107_104623_169581271,0.10848496
20241107_104623_419596049,-0.049770437
20241107_104623_665397910,0.13602997
20241107_104623_916284640,0.13297553
20241107_104624_165803575,0.13784422
20241107_104624_666221581,0.115132816
20241107_104625_164565451,0.14746998
20241107_104625_664802427,0.11965758
20241107_104625_915846622,0.1569552
20241107_104626_164388487,0.19378316
20241107_104626_415173492,0.2738714
20241107_104626_662654556,-0.25087795
20241107_104626_915614209,-0.052534543
20241107_104628_418416140,-0.0005171206
20241107_104628_665777276,0.13625763
20241107_104628_924324000,0.07962019
20241107_104629_453073744,0.07065586
20241107_104630_918079360,0.05074004
20241107_104631_169076402,-0.11012598
20241107_104631_418766896,0.009927193
20241107_104631_666271585,0.032153882
20241107_104631_915808167,-0.7398079
20241107_104632_176302138,-0.20244683
20241107_104632_431577243,-0.21735744
20241107_104632_671925536,-0.19011055
20241107_104632_918971797,-0.16729195
20241107_104633_419103942,-0.153201
20241107_104633_665273015,-0.13222392
20241107_104633_914924028,-0.04752388
20241107_104634_664542124,0.25931874
20241107_104634_916310635,-0.1928659
20241107_104635_165160152,0.021047706
20241107_104635_418531850,-0.33272323
20241107_104635_663984805,-0.294273
20241107_104635_918976017,-0.80071336
20241107_104636_164615424,-0.30860683
20241107_104636_419007790,-0.30264726
20241107_104636_667877013,-0.28604165
20241107_104636_924778522,-0.30784053
20241107_104637_167606580,-0.2539386
20241107_104637_417226783,-0.29036513
20241107_104637_664856851,-0.30608433
20241107_104638_166852757,-0.30022916
20241107_104638_668990522,-0.3012437
20241107_104638_921661973,-0.29561225
20241107_104639_168913454,-0.36835584
20241107_104639_423826361,-0.08649792
20241107_104639_674381320,0.1442612
20241107_104639_922847021,0.2531952
20241107_104640_180963598,1.1833135
20241107_104640_422488618,0.21521789
20241107_104640_666234903,0.25397676
20241107_104642_163527063,0.89485294
20241107_104642_421911839,0.4157118
20241107_104642_669751509,0.4517774
20241107_104642_916347637,0.80959713
20241107_104643_168445023,1.4220386
20241107_104643_422740869,-0.498711
20241107_104643_669265891,-0.1483189
20241107_104643_917016093,0.03666812
20241107_104644_164765744,-0.010334423
20241107_104644_418198139,-0.048701726
20241107_104644_666397710,-0.035719357
20241107_104644_914648283,-0.0101011
20241107_104646_670216569,0.03496132
20241107_104646_924840388,0.68185794
20241107_104647_175304997,1.6530812
20241107_104647_433140398,0.065701135
20241107_104647_685010495,1.1382195
20241107_104647_945467402,1.984315
20241107_104648_193209517,-0.38142082
20241107_104648_443802569,-0.2822307
20241107_104648_681177988,-0.4523312
20241107_104648_923578588,-0.5949602
20241107_104649_170598716,-0.97527385
20241107_104649_424771924,0.7092942
20241107_104649_677320461,0.56887454
20241107_104649_925129673,0.81718963
20241107_104650_170831788,0.25993544
20241107_104650_421945407,0.053189196
20241107_104650_666130384,0.20612492
20241107_104650_917438139,0.62300026
20241107_104651_419283402,0.47051653
20241107_104651_921611814,0.45012474
20241107_104652_170928362,0.3087822
20241107_104652_426819596,0.40664956
20241107_104652_671067124,0.3932797
20241107_104652_922986405,0.88052535
20241107_104653_168959329,0.57167584
20241107_104653_429365240,0.4770929
20241107_104653_668766383,0.34337252
20241107_104653_918428985,0.42813087
20241107_104654_422285939,0.45188102
20241107_104654_923898766,0.44373742
20241107_104655_170187170,0.4234542
20241107_104655_422764758,0.2575088
20241107_104655_664066645,0.39109823
20241107_104655_915695530,0.15488945
20241107_104656_162249928,-0.02378123
20241107_104656_414858321,-0.2881108
20241107_104656_663293909,-0.06443339
20241107_104656_919182155,-0.0144783165
20241107_104657_165295707,-0.01833873
20241107_104657_412739255,-0.025439283
20241107_104658_170536832,-0.015792599
20241107_104658_418321261,-0.021600833
20241107_104658_660660116,-0.02590396
20241107_104658_914418862,-0.4152771
20241107_104659_163235278,-0.22935905
20241107_104659_415192696,-0.76243305
20241107_104659_666997904,-0.3348945
20241107_104659_929196794,-0.36525753
20241107_104700_177138816,-1.1023855
20241107_104700_430310604,-0.5750143
20241107_104700_926083229,-0.40239632
20241107_104701_170466141,-0.33680138
20241107_104701_418079610,-0.192163
20241107_104701_664667319,-0.22691353
20241107_104701_914389821,-0.91080934
20241107_104702_163488321,-0.1321122
20241107_104702_415990999,0.18833525
20241107_104702_666500301,1.2668761
20241107_104702_919025877,0.31052974
20241107_104703_168053759,0.32988352
20241107_104703_416806372,0.19165699
20241107_104703_669105559,0.21091388
20241107_104703_920129463,0.20831461
20241107_104705_177795758,0.22678731
20241107_104705_432001782,-0.13765953
20241107_104705_685393292,-0.2668238
20241107_104705_928831320,-0.079115264
20241107_104706_173100824,-0.078935854
20241107_104706_421380786,-0.048974507
20241107_104706_678438875,-0.06883334
20241107_104706_926619736,-0.060865067
20241107_104707_168736992,1.4793853
20241107_104707_419287425,-0.27164555
20241107_104707_671580072,-0.14856733
20241107_104707_923708584,-0.20117961
20241107_104708_175630475,-0.32016218
20241107_104708_426877228,0.14865814
20241107_104708_672274867,-0.10974809
20241107_104709_421480471,-0.09894612
20241107_104710_915150420,-0.6450444
20241107_104711_167995208,-0.1341223
20241107_104711_418737549,-0.09321796
20241107_104711_666519841,0.06420571
20241107_104711_917676144,-0.15697803
20241107_104712_163839507,-0.10850977
20241107_104712_415068040,-0.15670033
20241107_104712_919632498,-0.21661814
20241107_104713_164815671,-0.23014234
20241107_104713_418010590,-0.19258218
20241107_104713_665953787,-0.27927956
20241107_104713_921697736,-0.23696105
20241107_104714_168132568,-0.30411944
20241107_104714_420817114,-0.3437015
20241107_104714_920195124,-0.29331872
20241107_104715_166245263,-0.31179044
20241107_104715_422994632,-0.69115204
20241107_104715_674073103,-0.43852147
20241107_104715_920041542,-0.41762504
20241107_104716_173245448,-0.3243065
20241107_104716_420370603,-0.35091606
20241107_104716_667268451,-0.59076136
20241107_104717_163965745,-0.76529807
20241107_104717_420252986,-0.45424885
20241107_104717_666493135,-0.33424366
20241107_104718_171108186,-0.34815225
20241107_104718_676681212,-0.34894812
20241107_104719_174728324,-0.2798633
20241107_104719_425956610,-1.1012448
20241107_104719_917590730,-0.6806095
20241107_104720_161808581,-0.7442091
20241107_104720_414244790,-0.7202597
20241107_104720_664050928,-1.0557334
20241107_104720_915291073,-0.7316171
20241107_104721_165498968,-0.961656
20241107_104721_415155042,-0.7085886
20241107_104722_164723050,-0.70181245
20241107_104722_417262014,-0.7601728
20241107_104722_664236963,-0.6995311
20241107_104722_919782111,-0.6668998
20241107_104723_167853028,-0.6841226
20241107_104723_418343707,-0.7099556
20241107_104723_665833612,-0.6642845
20241107_104723_918876644,-0.6097608
20241107_104724_167044749,-0.6730988
20241107_104724_667668631,-0.5955116
20241107_104724_917886751,-0.44675124
20241107_104725_165431818,-0.6820697
20241107_104725_423272010,-0.43739995
20241107_104725_677303714,-0.08295087
20241107_104725_926733079,-0.19951437
20241107_104726_169338532,-0.32224295
20241107_104726_416560503,-0.84239113
20241107_104726_666533019,-0.6685435
20241107_104726_918287951,-0.34702757
20241107_104727_168349767,0.5981914
20241107_104727_420377942,0.49806842
20241107_104727_668491133,0.48359147
20241107_104727_920182044,1.3514067
20241107_104728_174175109,0.4780701
20241107_104728_420119051,-0.51914227
20241107_104728_669454458,-0.6333589
20241107_104728_929293840,-0.53808755
20241107_104729_177232928,-0.46397403
20241107_104729_449094117,-0.66587156
20241107_104730_421078555,-0.2995201
20241107_104730_667956925,0.663516
20241107_104730_915459141,0.25333104
20241107_104731_166377370,-0.14493306
20241107_104731_417981846,-0.5922405
20241107_104731_665914188,-0.43411687
20241107_104731_918931628,-0.2709215
20241107_104732_166547941,-0.61973965
20241107_104732_428603459,-0.38463393
20241107_104733_667995221,-0.35976544
20241107_104734_420159643,-0.40280953
20241107_104734_673205485,-0.37029073
20241107_104735_415272998,-0.81949294
20241107_104735_666650423,-0.8711962
20241107_104735_918174731,-0.5510301
20241107_104736_166943388,-0.5388628
20241107_104736_420291631,-0.75196725
20241107_104736_672912542,-0.17551705
20241107_104736_927710801,0.008415593
20241107_104737_171917230,-0.06789484
20241107_104737_418676936,-0.004038235
20241107_104737_665826362,-0.051878236
20241107_104737_916629714,-0.45809928
20241107_104738_166193317,-0.33591655
20241107_104738_417583367,-0.25335625
20241107_104738_668449405,-0.2170933
20241107_104738_916779117,-0.2493843
20241107_104739_168245685,1.0091373
20241107_104739_420402355,1.5194836
20241107_104739_666419936,0.3667179
20241107_104739_919196127,0.35598662
20241107_104740_169759317,0.794557
20241107_104740_426648784,-0.36895713
20241107_104740_681864642,-0.66220194
20241107_104740_929517870,-0.22958915
20241107_104741_171070880,-0.021259446
20241107_104741_423480221,0.52073646
20241107_104741_668403797,0.09221902
20241107_104741_919351447,0.12546827
20241107_104742_424759860,-0.058033906
20241107_104742_672612996,-0.17897947
20241107_104742_922004854,-0.47879943
20241107_104743_168235926,-0.7961984
20241107_104743_422313249,-0.6458513
20241107_104743_664289965,-0.5779883
20241107_104744_161167149,-0.5969386
20241107_104744_413166218,-0.21478309
20241107_104744_664073271,-0.36232856
20241107_104745_414914673,-0.41100264
20241107_104745_666147659,-0.34420732
20241107_104745_921599470,-0.77621305
20241107_104746_170380251,-0.7485392
20241107_104746_414797244,-0.7298479
20241107_104746_666588212,-0.6943113
20241107_104746_920465558,-0.6150871
20241107_104747_167310277,-0.24126025
20241107_104747_418317612,-0.3309395
20241107_104747_665920193,-0.36107346
20241107_104747_914512952,-0.39527336
20241107_104748_664599741,-0.40835923
20241107_104749_162665248,-0.32663155
20241107_104749_412333407,0.19857077
20241107_104749_664373919,0.08968017
20241107_104749_918724474,0.20164625
20241107_104750_166512324,0.18801145
20241107_104750_416276541,0.09935639
20241107_104750_926834611,0.72082853
20241107_104751_169286847,0.26581597
20241107_104751_419497069,0.16218899
20241107_104751_664685233,0.22254567
20241107_104751_914755963,0.25407523
20241107_104752_165530665,0.2373185
20241107_104752_413798931,0.27327305
20241107_104752_673182037,0.29324612
20241107_104752_924202659,-0.31330988
20241107_104753_175633152,0.50580764
20241107_104753_428522992,0.40589985
20241107_104753_675766137,0.2588063
20241107_104753_923631887,0.23419456
20241107_104754_165682025,0.1825094
20241107_104754_421259510,0.35756108
20241107_104754_664709329,1.2545443
20241107_104754_917739596,0.35447937
20241107_104755_163862740,0.36582077
20241107_104755_414070269,0.13258503
20241107_104755_662884993,-0.04188993
20241107_104755_917048047,-0.26183757
20241107_104756_163551081,-0.05484446
20241107_104756_416263364,-0.6194198
20241107_104756_667147079,-0.574699
20241107_104756_920431601,-0.63543046
20241107_104757_163469826,-0.42265826
20241107_104757_418969659,-0.27723536
20241107_104757_664357100,-0.23818798
20241107_104757_922551834,-0.33449504
20241107_104758_172281577,-0.28739876
20241107_104758_419077414,-0.32817063
20241107_104758_917965390,-0.6917717
20241107_104759_164904802,-0.37593552
20241107_104759_417047583,-0.38713774
20241107_104759_667140472,-0.597482
20241107_104759_919971819,-0.48056835
20241107_104800_166061394,0.11905072
20241107_104800_426438845,-0.34055576
20241107_104800_677133370,-0.19275458
20241107_104800_927835267,-0.3229935
20241107_104801_176065050,0.40533763
20241107_104801_431334597,-1.3077941
20241107_104801_677378424,-1.394713
20241107_104801_930539115,0.91996485
20241107_104802_174499227,0.13348357
20241107_104802_423698843,0.12039719
20241107_104802_669758724,0.594114
20241107_104802_920341034,0.2352771
20241107_104803_167590170,0.29483056
20241107_104803_416337966,0.11615301
20241107_104803_663290954,-0.13310505
20241107_104803_916144154,-0.32490498
20241107_104804_164279327,0.06332008
20241107_104804_413643340,-0.29906353
20241107_104804_661773256,-0.11893507
20241107_104804_915294477,-0.1316923
20241107_104805_164990954,-0.30139133
20241107_104805_422542965,-0.4371601
20241107_104805_677012342,-0.4330012
20241107_104805_935448868,-0.7265161
20241107_104806_175179045,-0.5916458
20241107_104806_428910635,-0.41414532
20241107_104806_676883031,-0.35242704
20241107_104806_930284665,-1.5819491
20241107_104807_175546631,0.36028495
20241107_104807_427171257,-0.21408714
20241107_104807_674667454,0.9159189
20241107_104807_932109902,0.59633344
20241107_104808_180266557,0.39950377
20241107_104808_427525528,0.44467375
20241107_104808_675525604,0.59547186
20241107_104808_926885465,-0.2505114
20241107_104809_171826740,-0.8323384
20241107_104809_426158505,-0.61149806
20241107_104810_421414485,-0.49151573
20241107_104810_674307975,-0.19760641
20241107_104810_931265766,-0.5404207
20241107_104811_179506167,-0.23331188
20241107_104811_423092400,-0.27010685
20241107_104811_671232141,-0.664724
20241107_104811_923605020,-0.5888705
20241107_104812_173707362,-0.11041128
20241107_104812_423606205,-0.116238005
20241107_104812_670583579,0.4892113
20241107_104812_918754995,0.5227335
20241107_104813_165212008,0.5966894
20241107_104813_419605126,0.628976
20241107_104813_664905681,0.2763064
20241107_104813_916104371,0.33593345
20241107_104814_169110364,0.37944698
20241107_104814_421114523,0.8457532
20241107_104814_666067566,-0.53900087
20241107_104814_921079851,0.30472115
20241107_104815_168532831,0.1716309
20241107_104815_419995222,0.041123264
20241107_104815_666913836,-0.038393818
20241107_104815_918373527,-0.0031173863
20241107_104816_163698504,0.042593755
20241107_104816_416945653,-0.0014298167
20241107_104817_167291575,-0.36343512
20241107_104817_417107510,-1.532701
20241107_104817_675101355,0.8554782
20241107_104817_926203745,0.30637214
20241107_104818_179088817,0.3997579
20241107_104818_919566089,0.46306375
20241107_104819_170276624,0.16372006
20241107_104819_418966319,-0.09618052
20241107_104819_667710077,0.09364674
20241107_104819_920557830,0.16266456
20241107_104820_168554223,0.25402042
20241107_104820_415997762,0.31456515
20241107_104820_662705115,0.2514038
20241107_104820_912200661,0.16689913
20241107_104821_414081321,0.14618398
20241107_104821_666993657,-0.19845273
20241107_104821_916394965,-0.003608903
20241107_104822_171155269,0.03673131
20241107_104822_424877890,-0.07409271
20241107_104822_672373348,-0.08027782
20241107_104822_922172852,-0.038924478
20241107_104823_165606521,-0.09690126
20241107_104823_418317740,-0.88657516
20241107_104823_662530550,0.12603073
20241107_104823_918506917,0.059224524
20241107_104824_167342375,0.1482872
20241107_104824_416392929,0.015180925
20241107_104824_665670221,0.040015317
20241107_104824_920529778,0.13517205
20241107_104825_166225814,-0.22671546
20241107_104825_421075822,0.00074068643
20241107_104825_672799987,-0.60740405
20241107_104825_919757337,-0.2236508
20241107_104826_172708893,-0.27227753
20241107_104826_422731445,-0.30932185
20241107_104826_668598994,-0.2049721
20241107_104826_919191943,-0.54331
20241107_104827_171945833,-0.75610346
20241107_104827_422655847,0.1421123
20241107_104827_668128982,0.6139416
20241107_104827_929873042,0.76762986
20241107_104828_174015447,0.08583502
20241107_104828_433248817,-0.81066453
20241107_104828_688103341,-0.20821527
20241107_104828_934475490,0.30256915
20241107_104829_181850949,1.701808
20241107_104829_449117970,-0.23399976
20241107_104829_672788147,0.7681477
20241107_104829_923899633,1.088905
20241107_104830_171397407,0.72693354
20241107_104830_422016729,0.24069782
20241107_104830_667296928,0.28819764
20241107_104830_918799852,0.5754427
20241107_104831_167955927,0.5290912
20241107_104831_419798572,0.24446516
20241107_104831_665643821,0.36223277
20241107_104831_917962393,1.0449255
20241107_104832_163666034,0.54219925
20241107_104832_418313462,0.011666896
20241107_104832_667378820,-0.014694067
20241107_104832_921331667,-0.7991605
20241107_104833_167099342,-0.3501329
20241107_104833_421895269,0.13895555
20241107_104833_669492558,-0.27874586
20241107_104833_922711226,-0.41958377
20241107_104834_167650941,-0.31390318
20241107_104834_426979804,-0.39794943
20241107_104834_670973667,-0.53325313
20241107_104834_925489642,-0.04532148
20241107_104835_174010152,0.4321919
20241107_104835_429508998,0.21301334
20241107_104835_673384925,-0.05144515
20241107_104835_922338079,-0.042926453
20241107_104836_165976785,0.31008315
20241107_104836_416966475,0.36794367
20241107_104836_664451823,0.9805916
20241107_104836_921299302,1.1416092
20241107_104837_168892161,0.75639606
20241107_104837_420730035,0.2856336
20241107_104837_664719019,0.15761395
20241107_104837_916007442,-0.08754759
20241107_104838_419643396,0.107843734
20241107_104838_669279834,-0.27339807
20241107_104838_925934165,-0.23497622
20241107_104839_176945243,0.005917052
20241107_104839_424764438,0.023435751
20241107_104839_668192156,0.16496156
20241107_104839_922966618,0.12801586
20241107_104840_169574470,-0.048995696
20241107_104840_419422085,0.0740544
20241107_104840_665939656,0.1976239
20241107_104840_922723276,0.02519069
20241107_104841_166465381,0.025702754
20241107_104841_414225129,0.08397318
20241107_104841_660648968,0.04987315
20241107_104841_912982929,0.16645251
20241107_104842_164518238,0.2853968
20241107_104842_414774549,0.48218974
20241107_104842_665154320,0.5045544
20241107_104842_920038881,0.6444957
20241107_104843_164106643,0.15874751
20241107_104843_414993003,0.23150785
20241107_104843_663297747,0.19685356
20241107_104843_915083941,0.48167244
20241107_104844_164349187,0.56634843
20241107_104844_414742757,0.7982186
20241107_104844_665208987,0.23433863
20241107_104844_919405119,0.0032452736
20241107_104845_176811967,0.09685998
20241107_104845_425405233,-0.37153324
20241107_104845_672078086,0.5428982
20241107_104845_929370321,0.5643323
20241107_104846_170199250,1.3338416
20241107_104846_420467449,1.0052844
20241107_104846_671805363,0.8258312
20241107_104846_922883892,0.7270519
20241107_104847_168532600,0.663576
20241107_104847_420161305,0.6502966
20241107_104847_679534824,0.20679356
20241107_104848_165054220,0.34820554
20241107_104848_419412321,1.1167141
20241107_104848_678195202,0.5392981
20241107_104848_937540708,0.31420398
20241107_104849_187396686,0.05441171
20241107_104849_437393091,0.02292172
20241107_104849_679146376,-0.7806061
20241107_104849_928764704,-1.415601
20241107_104850_171244001,-0.32686168
20241107_104850_422664999,0.59202963
20241107_104850_670536102,0.3734332
20241107_104850_931130220,0.05639074
20241107_104851_182797157,-0.08593648
20241107_104851_442531336,-0.10351034
20241107_104851_684231128,0.1585982
20241107_104851_925094906,0.179482
20241107_104852_167238928,0.088797666
20241107_104852_420182479,0.16066863
20241107_104852_667135421,0.35895887
20241107_104852_919209620,0.4679409
20241107_104853_168583597,-0.03293892
20241107_104853_426380411,0.17909993
20241107_104853_673275472,-0.17925252
20241107_104853_921901885,-0.13200231
20241107_104854_918974663,-0.33417374
20241107_104855_168658743,-0.283985
20241107_104855_420230645,-0.5127524
20241107_104855_673361277,0.5531228
20241107_104855_925064352,0.35039747
20241107_104856_174675419,0.30567124
20241107_104856_419072336,0.1450045
20241107_104856_671296453,0.21071927
20241107_104856_926169452,-0.16510163
20241107_104857_176037745,-0.09921666
20241107_104857_673973933,0.048444755
20241107_104857_926856291,-0.46358147
20241107_104858_177873883,-0.38435864
20241107_104858_429416798,-0.14996822
20241107_104858_666052699,-0.22624697
20241107_104858_919256682,-0.19087537
20241107_104859_166872358,-0.034811098
20241107_104859_415438439,-0.19474228
20241107_104859_919696774,-0.10855421
20241107_104900_161266797,0.4691992
20241107_104900_415519860,0.17967658
20241107_104900_665415596,0.36876848
20241107_104900_922277376,0.283156
20241107_104901_167937522,1.2968054
20241107_104901_418429482,0.17940807
20241107_104901_669169100,0.10131959
20241107_104901_923250927,0.2541123
20241107_104902_178198051,0.697853
20241107_104902_433740235,1.16169
20241107_104902_681865593,-0.7425061
20241107_104902_925238058,-0.19692782
20241107_104903_171656260,0.6718359
20241107_104903_419728609,-0.6743628
20241107_104903_673318523,-0.77066404
20241107_104903_921330864,-0.2914018
20241107_104904_167548408,0.8194234
20241107_104904_416998025,-0.020913798
20241107_104904_672291694,1.1725919
20241107_104904_925512621,0.6720534
20241107_104905_181680633,0.28154168
20241107_104905_424444589,0.5226797
20241107_104905_670911093,0.82581425
20241107_104906_166538165,0.7284153
20241107_104906_415876508,-0.35718653
20241107_104906_667285432,-0.12093546
20241107_104906_918069611,-0.17564593
20241107_104907_166770913,0.004312167
20241107_104907_424338305,-0.09109216
20241107_104907_674155621,-0.37177566
20241107_104907_926638945,-0.41185704
20241107_104908_170588450,0.33426738
20241107_104908_427404962,-0.3418095
20241107_104908_680602309,-0.23221745
20241107_104908_935012577,-1.2544934
20241107_104909_187845582,0.77282065
20241107_104909_442822719,0.2575396
20241107_104909_679881915,0.32890627
20241107_104909_929147142,-0.11800706
20241107_104910_181568095,0.12225551
20241107_104910_420730868,0.08972261
20241107_104910_674460308,-0.06855499
20241107_104910_930158334,0.00799028
20241107_104911_174066127,0.060261525
20241107_104911_429375669,0.081681944
20241107_104911_676522241,0.05425421
20241107_104912_170490021,0.028684566
20241107_104912_418988769,0.082449
20241107_104912_674656432,0.0926354
20241107_104912_925930918,0.03985081
20241107_104913_171174817,0.17156677
20241107_104913_414962094,0.04504729
20241107_104913_665831824,0.059242792
20241107_104913_917510968,0.073269196
20241107_104914_166225214,0.0854258
20241107_104914_415831071,0.007195631
20241107_104914_662683399,-1.46444
20241107_104914_918509311,-2.6378264
20241107_104915_174194139,0.2302029
20241107_104915_422254107,-0.18347813
20241107_104915_668174647,0.42283016
20241107_104915_923083132,0.04998777
20241107_104916_173312996,0.09079502
20241107_104916_421695644,0.21760239
20241107_104916_668121505,0.3013491
20241107_104916_920494624,1.9788407
20241107_104917_171677216,-0.47090375
20241107_104917_434270394,-0.19966912
20241107_104917_673723610,-0.29678145
20241107_104917_919548602,-0.540422
20241107_104918_172662871,-0.85070425
20241107_104918_425588568,-0.8446284
20241107_104918_681069281,-1.1928538
20241107_104918_930142707,-1.3450546
20241107_104919_169503125,-1.1658378
20241107_104919_419019474,-0.8386668
20241107_104919_664768917,-0.5377348
20241107_104919_916417988,-0.59531534
20241107_104920_165261299,-0.6192797
20241107_104920_422555063,-0.55176884
20241107_104920_673398630,-0.0070396047
20241107_104920_924141789,0.1240507
20241107_104921_169452611,0.0030459538
20241107_104921_418857351,-0.043020867
20241107_104921_665977421,0.05487714
20241107_104921_921741574,0.08129559
20241107_104922_423338589,0.092968024
20241107_104922_677072501,0.05471126
20241107_104922_925605495,-0.06874289
20241107_104923_165531303,-0.18870987
20241107_104923_417268440,0.38120592
20241107_104923_665848372,0.29290923
20241107_104923_921775710,0.5806441
20241107_104924_169401417,0.27969453
20241107_104924_926515650,0.2682242
20241107_104925_175272290,0.34896597
20241107_104925_428929287,0.48335245
20241107_104925_673208220,0.26208708
20241107_104925_930604181,0.17511551
20241107_104926_422696023,0.13965993
20241107_104926_669727947,-0.24134578
20241107_104926_927799458,0.008828262
20241107_104927_421503163,-0.4913914
20241107_104927_673425914,-0.13093556
20241107_104927_927666328,-0.06171342
20241107_104928_165437886,-0.10612037
20241107_104928_418024003,-0.13903801
20241107_104928_666173713,-0.061756574
20241107_104928_920079642,0.06435152
20241107_104929_175367875,0.05015693
20241107_104929_445549728,0.012312928
20241107_104929_670263790,0.01199762
20241107_104929_925379645,-0.005556306
20241107_104930_165381269,-0.010942062
20241107_104930_418366195,-0.006900927
20241107_104930_665031240,0.29210332
20241107_104930_923566903,0.15670286
20241107_104931_168298815,0.19538344
20241107_104931_427612012,-0.060247682
20241107_104931_673970268,0.1668316
20241107_104931_927656581,0.046280332
20241107_104932_169990120,0.14642532
20241107_104932_435413598,0.10784117
20241107_104932_687068503,0.5421837
20241107_104932_947009727,0.0046049263
20241107_104933_176369929,0.013175903
20241107_104933_423592970,0.44471493
20241107_104933_671055921,0.2528667
20241107_104933_924189661,0.22013623
20241107_104934_174722062,0.5265426
20241107_104934_422127962,0.34592292
20241107_104934_665261782,-0.15716316
20241107_104934_918548854,-1.4051999
20241107_104935_171312344,-0.39674047
20241107_104935_421207982,-0.74155873
20241107_104935_673555175,-0.46181554
20241107_104935_922144358,-0.09875892
20241107_104936_175498731,0.9396165
20241107_104936_426114852,0.90191543
20241107_104936_679576054,1.400683
20241107_104936_928190520,-0.5491537
20241107_104937_172277003,0.7758691
20241107_104937_424093856,0.46071625
20241107_104937_669748879,0.23727252
20241107_104937_922768603,0.03258326
20241107_104938_915093923,0.1220464
20241107_104939_168226415,0.025998453
20241107_104939_418028099,0.5804518
20241107_104939_666664316,0.21956705
20241107_104939_922077109,0.43790215
20241107_104940_162794399,0.38201874
20241107_104940_663192722,0.53264934
20241107_104941_162268776,0.4569744
20241107_104941_664839312,0.3580736
20241107_104941_915878832,0.13982932
20241107_104942_167046271,0.40576264
20241107_104942_417059390,0.3780146
20241107_104942_668241637,0.4273715
20241107_104942_926529522,0.86633486
20241107_104943_186189003,0.8282756
20241107_104943_436970850,0.55026895
20241107_104943_685099949,0.84576553
20241107_104943_936591092,2.8210673
20241107_104944_180402105,-0.29435432
20241107_104944_429001936,0.7738082
20241107_104944_671909965,0.3848612
20241107_104944_920786797,0.74729294
20241107_104945_165982623,0.6324065
20241107_104945_422662340,0.522837
20241107_104945_671876463,0.39116356
20241107_104945_915741987,0.43148848
20241107_104946_165188916,0.43108296
20241107_104946_413980834,0.8199382
20241107_104946_662564641,0.72005385
20241107_104946_924573929,-0.57449156
20241107_104947_167007167,0.0977998
20241107_104947_417432306,0.082056254
20241107_104947_670634477,0.067810394
20241107_104947_917626160,0.022125045
20241107_104948_164306485,0.0056313667
20241107_104948_417137595,-0.5652681
20241107_104948_661000968,-0.34633335
20241107_104948_914027607,-0.17968042
20241107_104949_162618128,0.29295194
20241107_104949_419047534,0.7471909
20241107_104949_672644488,-1.0505795
20241107_104949_921251364,0.36709806
20241107_104950_170271027,0.09516857
20241107_104950_421865381,0.17892002
20241107_104950_673339800,0.22513925
20241107_104950_921983219,0.31218585
20241107_104951_172538358,0.76447994
20241107_104951_429646930,-0.45758602
20241107_104951_679249768,0.754641
20241107_104951_934439028,1.2844728
20241107_104952_177221419,0.65690166
20241107_104952_426045667,0.42677793
20241107_104952_672510945,0.21311079
20241107_104952_915989726,0.25599223
20241107_104953_167333495,-0.09017774
20241107_104953_419426636,-0.34856987
20241107_104953_668023518,-0.06367489
20241107_104953_910870132,0.11480654
20241107_104954_160283779,0.08834509
20241107_104954_413241804,0.10478399
20241107_104954_666231715,0.101813234
20241107_104954_914623264,0.20290782
20241107_104955_162300742,0.38219184
20241107_104955_415574421,0.18841211
20241107_104955_664365623,0.1290013
20241107_104955_914204921,0.33875632
20241107_104956_166437371,0.33647665
20241107_104956_418340100,0.33410636
20241107_104956_669203962,0.25985953
20241107_104956_922124782,0.23864274
20241107_104957_173607976,0.04001502
20241107_104957_421691804,0.0111741815
20241107_104957_663824249,-0.17233701
20241107_104957_920202023,-0.46703961
20241107_104958_163872525,-0.019298634
20241107_104958_418320728,0.047963835
20241107_104958_664827692,0.13186364
20241107_104958_915000737,0.33961022
20241107_104959_164795799,0.2496882
20241107_104959_416030539,0.61344093
20241107_104959_663357473,0.84633034
20241107_104959_919273478,0.57460505
20241107_105000_170367502,-0.12500162
20241107_105000_420501446,0.13343741
20241107_105000_666557996,0.31316516
20241107_105000_918691391,0.5758183
20241107_105001_163607366,0.9435958
20241107_105001_419617312,-0.7076814
20241107_105001_673725851,-0.32630086
20241107_105001_925905226,0.03706515
20241107_105002_172972286,0.014060298
20241107_105002_424693259,-0.091370724
20241107_105003_415656510,-0.1422589
20241107_105003_666901013,-0.10140183
20241107_105003_919217488,0.0854658
20241107_105004_165206758,-0.044094525
20241107_105004_419018302,-0.005471846
20241107_105004_670950435,0.10556314
20241107_105004_923688170,-0.25772345
20241107_105005_173360181,-1.1995422
20241107_105005_425599138,-0.35258913
20241107_105005_673272582,-0.38901868
20241107_105005_919586305,-0.47595766
20241107_105006_172128984,-0.50623816
20241107_105006_428925355,-0.53399366
20241107_105006_678028063,-0.6651531
20241107_105006_936820279,-1.0256495
20241107_105007_181370531,-0.38347334
20241107_105007_923384595,-0.53765
20241107_105008_167790624,-0.44167185
20241107_105008_419947236,-0.33118397
20241107_105009_167459922,-0.32325664
20241107_105009_415959930,-0.47407717
20241107_105009_665631042,-0.41727334
20241107_105009_916719806,-0.36960408
20241107_105010_166993495,-0.2086132
20241107_105010_424677504,-0.19853203
20241107_105010_674334896,-1.3410559
20241107_105010_925604326,-0.6674556
20241107_105011_169749851,-0.5687652
20241107_105011_416569024,-0.39903682
20241107_105012_170506491,-0.31218794
20241107_105012_420450697,-0.16057797
20241107_105012_666880342,-0.9613084
20241107_105012_916220947,-0.16393013
20241107_105013_164390549,0.8418041
20241107_105013_421122153,0.8795934
20241107_105013_676402408,1.0154613
20241107_105013_922820333,0.9844642
20241107_105014_167831309,0.68807685
20241107_105014_414602082,2.616562
20241107_105014_671436865,-0.41237867
20241107_105014_924409969,0.39701334
20241107_105015_173598830,0.47621486
20241107_105015_425539204,0.10759113
20241107_105015_668532726,-0.042534024
20241107_105015_916641518,-0.38628995
20241107_105016_165882879,-0.119308256
20241107_105016_417365689,-0.06626215
20241107_105016_663560324,0.09403322
20241107_105016_910567704,0.09299121
20241107_105017_666506458,0.05091367
20241107_105018_162319412,-0.011600217
20241107_105018_415083773,-0.009297391
20241107_105018_660646248,0.001461843
20241107_105018_909844659,0.061308242
20241107_105019_660244761,0.13750957
20241107_105020_922868686,0.14092039
20241107_105021_914325435,0.20946173
20241107_105022_162447434,0.45906484
20241107_105022_425895455,0.3188503
20241107_105022_918454537,0.10155664
20241107_105023_164141840,0.14384858
20241107_105023_421200972,0.12192754
20241107_105023_920277759,0.09927056
20241107_105024_169480031,0.1626833
20241107_105024_425587313,0.10553769
20241107_105024_671288566,-0.09613445
20241107_105024_921262829,-0.3458946
20241107_105025_170249590,-0.9855506
20241107_105025_426995752,-0.46736357
20241107_105025_669864256,-0.33330724
20241107_105025_923273925,-0.3007868
20241107_105027_662424839,-0.21366341
20241107_105027_918103629,0.015388096
20241107_105028_163075354,0.574484
20241107_105028_415086982,0.14796157
20241107_105028_663140768,0.10825395
20241107_105028_911805062,0.16472962
20241107_105029_159848445,0.06011597
20241107_105029_427950354,-0.012574753
20241107_105030_170246566,0.110483445
20241107_105030_421055082,-0.62209123
20241107_105030_668347799,-1.1988372
20241107_105030_913625131,-0.6082892
20241107_105031_163063670,0.034621865
20241107_105031_412725063,0.0062595997
20241107_105031_915159402,-0.04092662
20241107_105032_164911904,-0.06312831
20241107_105033_166169814,-0.072077714
20241107_105033_413614501,0.6396563
20241107_105033_665324097,0.19993107
20241107_105033_912517300,0.21692811
20241107_105034_161698486,0.57071316
20241107_105034_411006495,0.8040759
20241107_105034_663385488,-0.49141276
20241107_105034_913840682,-0.31523904
20241107_105035_416877169,-1.135521
20241107_105035_665155271,-0.16913888
20241107_105035_926914161,-0.10116049
20241107_105036_172972964,0.41212216
20241107_105036_413902001,0.480575
20241107_105036_664955405,0.640478
20241107_105036_914160604,0.8172305
20241107_105037_170816331,0.9188154
20241107_105037_413028533,1.1401594
20241107_105037_660784858,0.27573776
20241107_105037_911547173,0.10669636
20241107_105038_159152714,0.020437213
20241107_105038_411127290,0.7604558
20241107_105038_661487552,0.6277853
20241107_105038_910503348,0.627956
20241107_105039_657002010,0.57390046
20241107_105039_908781151,0.13213377
20241107_105040_159390672,0.04646989
20241107_105040_414140330,0.7693849
20241107_105040_662838174,0.7300493
20241107_105040_909060941,0.7208535
20241107_105041_160652598,0.08613619
20241107_105041_409817287,0.057212748
20241107_105041_666607203,-0.4624539
20241107_105041_916839589,0.15340158
20241107_105042_165836079,0.21339132
20241107_105042_427369639,0.41872278
20241107_105042_681715428,0.27702403
20241107_105042_923208263,0.29419005
20241107_105043_164805659,0.5602901
20241107_105043_424152036,0.32643187
20241107_105043_670741553,0.21911271
20241107_105043_920633508,0.030593669
20241107_105044_167110251,0.27945378
20241107_105044_415643236,0.25956127
20241107_105045_418950116,0.1697232
20241107_105045_918571868,0.1725571
20241107_105046_166901326,-0.023111364
20241107_105046_418337500,0.057436503
20241107_105046_665257850,-0.40563193
20241107_105046_919573573,-0.8225779
20241107_105047_167371947,-0.9176943
20241107_105047_427079634,-1.2548108
20241107_105047_667042606,-0.3878326
20241107_105047_923361391,0.42329723
20241107_105048_181560263,-0.006432852
20241107_105048_440840748,0.10249857
20241107_105048_678672988,0.17854913
20241107_105048_925476097,0.30302882
20241107_105049_177688908,0.25936213
20241107_105049_424243271,0.13029276
20241107_105049_918188722,0.21158658
20241107_105050_163296382,0.2392746
20241107_105050_411845955,0.53457546
20241107_105050_662703465,0.58642125
20241107_105050_915771912,0.8981215
20241107_105051_166688381,0.50754696
20241107_105051_662984384,0.4833633
20241107_105051_914190648,0.19950037
20241107_105052_162466520,-0.114193164
20241107_105052_412513606,0.11340944
20241107_105052_662634478,-0.04115843
20241107_105052_914323586,0.01562635
20241107_105053_168331452,0.031014005
20241107_105053_659598610,0.02604411
20241107_105054_159996046,-0.0057662334
20241107_105054_412157624,0.006112078
20241107_105054_657572363,0.008986751
20241107_105054_908405737,-0.09126302
20241107_105055_159978835,-0.09399321
20241107_105055_410315406,-1.13804
20241107_105055_673411174,0.57914996
20241107_105055_930216181,-0.72681314
20241107_105056_176268860,-1.7847439
20241107_105056_426360484,0.7774407
20241107_105056_670621540,0.27536878
20241107_105056_923901304,0.3804705
20241107_105057_167543910,0.3168183
20241107_105057_419713872,-0.5029525
20241107_105057_667228908,-0.009675367
20241107_105057_923409994,0.18135552
20241107_105058_180297147,0.2087119
20241107_105058_432812249,0.17179392
20241107_105058_677311482,0.07492862
20241107_105058_922990747,0.07813416
20241107_105059_169000485,-0.03758683
20241107_105059_415563968,-0.04094573
20241107_105059_663973654,0.07186083
20241107_105059_914143794,-0.05211606
20241107_105100_164497929,-0.38215262
20241107_105100_419232741,-0.86026055
20241107_105100_675304660,0.7399852
20241107_105100_929137234,-0.058033846
20241107_105101_184421057,0.07279787
20241107_105101_442181696,0.69158006
20241107_105101_679066480,1.6902858
20241107_105101_928615048,-0.49820635
20241107_105102_174519189,-0.032034494
20241107_105102_421308272,-0.018084083
20241107_105102_667755522,-0.07365259
20241107_105102_918692908,0.23848142
20241107_105103_166180946,0.24437751
20241107_105103_426465429,0.39357743
20241107_105103_675753034,0.968512
20241107_105103_927286956,-0.11661348
20241107_105104_175053588,-0.7128951
20241107_105104_422625542,0.49850455
20241107_105104_663744977,-0.7705218
20241107_105104_922089495,-1.4167289
20241107_105105_173036352,0.4452897
20241107_105105_420057505,-0.5115606
20241107_105105_671532700,-0.12752505
20241107_105105_917111991,0.106248595
20241107_105106_168759417,0.031467177
20241107_105106_428235432,-0.08104434
20241107_105106_680279763,-0.03171762
20241107_105106_929872079,-0.010199031
20241107_105107_170226121,-0.0076658037
20241107_105107_418751510,0.5577668
20241107_105107_663045829,1.092369
20241107_105107_916704886,0.57946724
20241107_105108_162568155,1.370383
20241107_105108_419286437,0.72014713
20241107_105108_680165417,1.064678
20241107_105108_921549769,0.13272804
20241107_105109_165775259,0.07615886
20241107_105109_414296570,0.039160542
20241107_105109_912876189,1.0231656
20241107_105110_169952409,0.7490948
20241107_105110_415537189,0.63889456
20241107_105111_158805142,-0.18850438
20241107_105111_413587586,-0.10205581
20241107_105111_660123614,0.027544359
20241107_105111_911107993,0.012323478
20241107_105112_908376280,-0.0001272168
20241107_105113_406908394,-0.538948
20241107_105113_913807492,-0.118439995
20241107_105114_166390780,-0.11757486
20241107_105114_415973341,-0.11797037
20241107_105114_661455630,-0.120721005
20241107_105115_165668778,-0.13306887
20241107_105115_415906148,-0.034606956
20241107_105115_661097416,-0.02314218
20241107_105115_912733322,0.3851024
20241107_105116_162678434,-0.023209693
20241107_105116_416095875,-0.58143187
20241107_105116_660694646,-0.6987809
20241107_105116_921292358,-0.32064065
20241107_105117_167481194,0.12652232
20241107_105117_412592766,0.28691715
20241107_105117_659371356,0.2955501
20241107_105117_911214805,0.15110098
20241107_105118_409261161,0.10194034
20241107_105118_655722845,0.016060153
20241107_105118_908888030,0.3986042
20241107_105119_159070708,0.2340919
20241107_105119_409073716,0.259694
20241107_105119_660226134,0.27371415
20241107_105119_909902828,0.36869198
20241107_105120_158455414,1.3176649
20241107_105120_408891484,0.71031064
20241107_105120_658943990,0.88020957
20241107_105120_911216139,1.4127163
20241107_105121_165191078,-0.7965316
20241107_105121_419116149,0.18217158
20241107_105121_665279802,-0.047748096
20241107_105121_915801962,-0.15538694
20241107_105122_163618360,-0.28118852
20241107_105122_408268096,-0.23022617
20241107_105122_656461353,-0.1998095
20241107_105123_158289102,-0.18965913
20241107_105123_407675418,-0.20434691
20241107_105123_657379566,-0.19424762
20241107_105123_908341260,-0.18206163
20241107_105124_157253418,-0.30786744
20241107_105124_409108077,-0.26095054
20241107_105124_659718490,-0.21946986
20241107_105125_159668755,-0.20594259
20241107_105125_408792502,-0.6648404
20241107_105125_656657288,-0.39755017
20241107_105125_912804212,-0.33124995
20241107_105126_158208557,-0.3528292
20241107_105126_408059745,-0.36015767
20241107_105126_910544302,-0.29175955
20241107_105127_161198554,-0.2673604
20241107_105127_408897563,-0.06172488
20241107_105130_159330106,-0.092103206
20241107_105130_408459939,-0.40142244
20241107_105130_657075026,-0.22932084
20241107_105130_906388714,-0.106753744
20241107_105131_406032854,-0.343075
20241107_105131_657847712,-0.22638945
20241107_105131_906043018,0.11158841
20241107_105132_156865921,0.20592363
20241107_105132_411443559,0.8538768
20241107_105132_658682763,0.51690185
20241107_105132_907989504,0.3110137
20241107_105133_155961066,-0.23347361
20241107_105133_406969585,-0.4058177
20241107_105133_658799965,-0.23246063
20241107_105133_908236473,-0.24550776
20241107_105134_158251921,-0.2083397
20241107_105134_657148770,-0.20527215
20241107_105135_658334886,-0.44715083
20241107_105135_908845865,-0.23530526
20241107_105136_159271264,-0.21051086
20241107_105136_408791029,-0.2141973
20241107_105136_657670831,-0.22037698
20241107_105136_906211368,-0.21809001
20241107_105137_159358966,-0.21609099
20241107_105137_409751685,-0.24567862
20241107_105137_661038409,-0.21748419
20241107_105138_161296209,-0.16652425
20241107_105139_654668252,-0.09147664
20241107_105139_907362687,-0.09168684
20241107_105140_158899658,0.11307789
20241107_105140_409318966,-0.0014044549
20241107_105140_657370213,0.058767833
20241107_105140_907057139,0.0052130613
20241107_105141_158580940,0.022530118
20241107_105142_408403731,0.032225646
20241107_105142_658802099,0.017487088
20241107_105142_909337603,0.08021716
20241107_105143_158124050,0.03854654
20241107_105143_407580851,0.0052861962
20241107_105145_154390031,0.04269836
20241107_105145_408059985,0.018272797
20241107_105146_405763237,0.018144527
20241107_105146_659181546,0.0049124155
20241107_105146_907409375,0.019541183
20241107_105147_157303013,0.030032555
20241107_105147_408847617,0.025346497
20241107_105147_905174109,0.08233265
20241107_105148_156575310,0.0704268
20241107_105148_406464114,0.27516064
20241107_105148_655098095,0.19818194
20241107_105148_905851089,0.14736949
20241107_105149_654318851,0.07853649
20241107_105152_659232520,-0.1410821
20241107_105152_916175753,0.093189955
20241107_105153_164099306,0.069420375
20241107_105153_416409514,0.2096661
20241107_105154_157964061,0.17166527
20241107_105155_659392854,0.020899752
20241107_105155_911593608,-0.12826596
20241107_105156_162942184,-0.038551174
20241107_105156_409385512,-0.041220807
20241107_105159_156544234,-0.017838737
20241107_105159_660656421,0.010754177
20241107_105159_911277392,0.15744078
20241107_105200_159043238,-0.74299765
20241107_105200_413386845,-0.8216093
20241107_105200_658010675,-0.36973178
20241107_105200_910791448,-0.054755673
20241107_105201_165910695,-0.12432649
20241107_105201_410544232,-0.16005813
20241107_105201_656808308,-0.08616891
20241107_105201_910254533,-0.12480482
20241107_105202_409485521,0.18582672
20241107_105202_658049821,0.21143238
20241107_105202_913957409,-0.0043471437
20241107_105203_168660544,-1.2887388
20241107_105203_416715803,0.9098292
20241107_105203_665870857,-0.5054033
20241107_105203_916913720,-0.60356337
20241107_105204_162889106,0.06228628
20241107_105204_414248577,0.029761234
20241107_105204_662699547,-0.0584205
20241107_105204_911700648,-0.09278425
20241107_105205_160878300,-0.14779122
20241107_105205_409068052,-0.1596996
20241107_105205_658782199,-0.11051562
20241107_105206_164934072,-0.3371
20241107_105206_411805597,-0.6632481
20241107_105206_662036937,-1.158121
20241107_105206_915001556,-0.7674684
20241107_105207_160843467,-2.3138995
20241107_105207_409628372,0.27207676
20241107_105207_664612792,0.22501813
20241107_105207_916734839,0.3160679
20241107_105208_164692033,-0.0017758217
20241107_105208_410505502,-0.29691982
20241107_105208_668126370,-0.23834793
20241107_105208_923926737,-0.13489912
20241107_105209_166621641,-0.1358486
20241107_105209_414369705,-1.4898778
20241107_105209_664867060,-0.56023234
20241107_105209_911422291,-0.44757292
20241107_105210_159397998,-0.36449242
20241107_105210_408246638,-0.15808995
20241107_105210_661043466,-1.9517075
20241107_105210_910501241,-1.2403792
20241107_105211_157899908,-1.469535
20241107_105211_408350622,-1.801663
20241107_105211_658745415,0.002816001
20241107_105211_912706514,-0.23729445
20241107_105212_177312974,-0.17284055
20241107_105212_426331747,-0.36390635
20241107_105212_670727994,-0.341391
20241107_105212_916231723,-0.3109541
20241107_105213_164556802,-0.29343918
20241107_105214_163030193,-0.26498199
20241107_105214_413566220,-0.09397394
20241107_105214_909083422,-0.20908459
20241107_105215_660777399,-0.6071636
20241107_105216_911962089,-0.37293044
20241107_105217_161085044,0.720841
20241107_105217_412091424,1.8284451
20241107_105217_660442992,-0.1587732
20241107_105217_912513749,0.64860487
20241107_105218_162922556,0.6468018
20241107_105218_414766586,0.19269507
20241107_105218_663373209,0.23085059
20241107_105218_910937474,0.23280637
20241107_105219_159398007,0.29877383
20241107_105219_413361122,0.32017758
20241107_105219_660477902,0.2538187
20241107_105219_907178003,0.2757185
20241107_105220_156675101,1.1202359
20241107_105220_410771495,0.42031276
20241107_105220_658748033,-0.044688962
20241107_105220_911915745,0.3469234
20241107_105221_161552906,0.60215056
20241107_105221_420887559,0.56717587
20241107_105221_666909372,0.93337667
20241107_105221_916540344,1.552061
20241107_105222_168419234,-0.6959038
20241107_105222_417883871,-0.34918427
20241107_105222_665779462,-0.37313905
20241107_105222_912312521,-0.36943802
20241107_105223_165546565,-0.36568847
20241107_105223_414253530,-0.13221897
20241107_105223_664130472,0.009188747
20241107_105223_915365042,-0.18565907
20241107_105224_171052612,-0.1433648
20241107_105224_417442272,0.29006368
20241107_105224_662340244,0.27468365
20241107_105224_908848402,0.24761929
20241107_105225_159796561,0.21338512
20241107_105225_665772664,0.1856917
20241107_105225_910750387,0.1870767
20241107_105226_156801061,0.19434209
20241107_105226_407639223,0.13405974
20241107_105226_909522675,0.009756783
20241107_105227_166923679,0.13736077
20241107_105227_416593133,1.0206431
20241107_105227_662344878,0.23692839
20241107_105227_913333391,0.13643529
20241107_105228_165705150,-0.03493818
20241107_105228_410497125,0.041594423
20241107_105228_658151312,0.02206103
20241107_105228_909467040,0.046184517
20241107_105229_156043461,-0.016548714
20241107_105229_424380835,-0.016363224
20241107_105229_910783112,-0.0030210223
20241107_105230_156631668,0.017780045
20241107_105230_408769077,0.036023237
20241107_105232_668622527,0.028283695
20241107_105232_922550458,0.14877434
20241107_105233_167650581,0.21635605
20241107_105233_657307733,0.056857593
20241107_105235_157040044,0.05862651
20241107_105235_406725954,-0.28279707
20241107_105235_653568820,-0.39201865
20241107_105235_905629788,-0.22838117
20241107_105236_155219409,-0.1577579
20241107_105237_160761913,-0.11779901
20241107_105237_409060945,0.21254449
20241107_105237_906558962,0.105010666
20241107_105238_157461355,0.07064987
20241107_105238_418862008,0.05877123
20241107_105238_664115365,0.06910551
20241107_105238_909892296,0.05825252
20241107_105239_157985863,0.05702264
20241107_105239_655276944,0.07606921
20241107_105240_158636578,0.08768944
20241107_105240_411946147,0.14805625
20241107_105241_908208322,0.0616977
20241107_105242_165179240,0.001725683
20241107_105242_414379783,0.023113469
20241107_105242_657907032,-0.00750657
20241107_105242_908107398,0.0143006835
20241107_105243_154775428,-0.09663247
20241107_105243_905530961,-0.1429782
20241107_105244_154978233,-0.09782948
20241107_105244_408866506,-0.053843103
20241107_105244_656892069,-0.009653768
20241107_105244_907209112,0.07473064
20241107_105245_156801991,0.08762137
20241107_105245_405529695,-0.61673516
20241107_105245_656057284,-0.3156573
20241107_105245_910264684,-0.23944934
20241107_105246_409178801,-0.24429287
20241107_105247_658815301,-0.22601755
20241107_105247_910065702,-0.2002512
20241107_105248_155892608,-0.16329338
20241107_105248_407076419,-0.18726034
20241107_105248_655273131,-0.3557503
20241107_105248_906838910,-0.2716336
20241107_105249_154357974,-0.20821165
20241107_105250_155017455,-0.19833116
20241107_105250_654589778,-0.1735558
20241107_105251_655541184,-0.21063288
20241107_105252_404415522,-0.19086523
20241107_105253_156674750,-0.15749921
20241107_105254_407278399,-0.14111842
20241107_105255_406549776,-0.16977157
20241107_105255_654868893,-0.22693323
20241107_105255_905265675,-0.21902557
20241107_105256_157120276,-0.20698757
20241107_105256_412818366,-0.1258326
20241107_105256_657815716,-0.1506811
20241107_105257_163174480,-0.13543145
20241107_105257_411906468,-0.14030881
20241107_105258_413936497,-0.14539169
20241107_105258_663307905,-0.13160859
20241107_105259_155729945,-0.004804453
20241107_105259_409393909,-0.122706495
20241107_105259_906989840,-0.017268559
20241107_105300_162337331,-0.06663605
20241107_105300_413493878,-0.01179727
20241107_105300_657821784,-0.01411151
20241107_105300_913250229,0.10721312
20241107_105301_180967087,0.3301555
20241107_105301_426109708,2.8042896
20241107_105301_674461816,1.37314
20241107_105301_925849233,2.2000904
20241107_105302_172741919,-0.55481064
20241107_105302_426923235,-0.8848102
20241107_105302_670215376,-0.9168547
20241107_105302_927969722,0.010327319
20241107_105303_176637701,-0.11568465
20241107_105303_422486703,0.5650852
20241107_105303_665021350,1.2446542
20241107_105303_915133111,-0.20814712
20241107_105304_162801433,0.9438842
20241107_105304_417610287,0.30348203
20241107_105304_667847004,-0.17633153
20241107_105304_916594189,-0.06206941
20241107_105305_167382604,-1.05342
20241107_105305_420319690,-0.29755467
20241107_105305_671839527,-0.21943076
20241107_105305_917255858,-0.16156943
20241107_105306_166858402,-0.25356844
20241107_105306_420425509,-0.43884677
20241107_105306_667743338,-0.99630433
20241107_105306_922187541,0.16692285
20241107_105307_167269789,0.6040672
20241107_105307_415816354,0.41312456
20241107_105307_659241987,0.35930088
20241107_105308_158455221,0.36000818
20241107_105308_911992400,0.6213817
20241107_105309_165994101,1.08612
20241107_105309_417273030,1.4854121
20241107_105309_669794115,0.35099182
20241107_105309_922036271,-0.111122265
20241107_105310_174457972,-0.29809704
20241107_105310_418837353,-0.122201554
20241107_105310_661077820,-0.2553636
20241107_105311_414385998,-0.29963556
20241107_105312_407287091,-0.26314715
20241107_105312_667383480,-0.4511325
20241107_105312_925520993,0.097711295
20241107_105313_165344835,0.11213694
20241107_105313_420936166,0.022928039
20241107_105313_665121672,0.026534656
20241107_105314_164830061,0.011355737
20241107_105314_417097186,0.098428525
20241107_105315_159490996,0.035244085
20241107_105315_418056216,0.16927432
20241107_105315_662791954,-0.029900094
20241107_105315_912774203,0.39353982
20241107_105316_157906108,0.41866413
20241107_105316_906664747,0.19916455
20241107_105317_660190572,0.05841569
20241107_105317_919398965,-0.20394363
20241107_105318_162383384,-0.40542427
20241107_105318_418624244,-0.005056491
20241107_105318_663418827,0.1662284
20241107_105319_406434298,0.15900643
20241107_105321_161262649,0.06434647
20241107_105321_414864645,0.018306682
20241107_105322_408634413,0.027186314
20241107_105322_909993371,0.06339211
20241107_105323_159138736,0.15015708
20241107_105323_409850442,-0.1506158
20241107_105323_666910151,0.030338636
20241107_105323_915886190,-0.43326443
20241107_105324_163369738,-0.2902904
20241107_105324_417079811,-0.38736102
20241107_105324_665244802,-0.14172588
20241107_105324_911968523,-0.20105733
20241107_105325_157572627,-0.27519253
20241107_105325_408667104,-0.21447815
20241107_105325_657057388,-0.6451043
20241107_105325_909382236,-0.376942
20241107_105326_159335210,-0.37828788
20241107_105326_409281859,-0.19826333
20241107_105326_654649105,-0.21362828
20241107_105327_156435333,-0.8805056
20241107_105327_406766638,-0.44094107
20241107_105327_657575715,-0.09631401
20241107_105327_910903832,0.018947335
20241107_105328_161606126,-0.1651987
20241107_105328_411333350,-0.16283377
20241107_105328_663803223,-0.13753007
20241107_105330_153505464,-0.08429959
20241107_105330_411802407,-0.1522248
20241107_105330_661046452,-0.34310493
20241107_105330_913866178,-1.2488426
20241107_105331_168223568,-0.6944433
20241107_105331_415005607,-0.52613854
20241107_105331_663980100,-0.43190262
20241107_105331_914784539,-0.3154188
20241107_105332_165022678,-0.32179156
20241107_105332_421622937,-0.12567379
20241107_105332_659250123,-0.06224998
20241107_105332_911294404,-0.018157681
20241107_105333_156028806,0.017825404
20241107_105333_409753688,0.49211106
20241107_105333_662562382,0.65022975
20241107_105333_916210210,0.19980215
20241107_105334_165058069,0.0736211
20241107_105334_417309132,-0.15562578
20241107_105334_910167989,0.34303293
20241107_105335_159644971,1.4354831
20241107_105335_413270645,-1.0059087
20241107_105335_658381999,-0.22662401
20241107_105335_909603522,-1.1677028
20241107_105336_155980517,-0.4858604
20241107_105336_410436803,-0.76518714
20241107_105337_153641674,-0.69274706
20241107_105337_656992563,-0.59669906
20241107_105337_907916173,-0.68041027
20241107_105338_406341656,-0.608821
20241107_105338_656509541,-0.020742398
20241107_105338_906223695,-0.25720766
20241107_105339_153762842,-0.17780901
20241107_105339_404206887,-0.23580582
20241107_105339_656270177,-0.25526223
20241107_105340_158259701,-0.18856506
20241107_105340_407397631,-0.20659314
20241107_105340_907828361,-0.24155803
20241107_105341_157036020,-0.25845274
20241107_105341_405524674,-0.07285277
20241107_105341_653579717,-0.12236711
20241107_105341_903125730,-0.09424844
20241107_105342_161347652,-0.11490282
20241107_105342_413161303,-0.13029362
20241107_105342_665899862,-0.52875394
20241107_105342_911068949,-0.4079546
20241107_105343_159022655,-0.2918521
20241107_105343_656011747,-0.50233644
20241107_105344_904898746,-0.55580217
20241107_105345_156133759,-0.4233607
20241107_105345_405987935,-0.38593474
20241107_105345_906674511,-1.4075958
20241107_105346_154233237,-0.54827255
20241107_105346_406310393,0.3148041
20241107_105346_654665483,1.2354841
20241107_105346_904357001,0.7040873
20241107_105347_410036680,0.17157121
20241107_105347_660443602,-0.46667853
20241107_105347_915391601,-0.15463743
20241107_105348_158861681,-0.22331105
20241107_105348_412077034,-0.25809422
20241107_105348_659321279,-0.022594778
20241107_105348_908821381,0.02658165
20241107_105349_155959932,-0.086716674
20241107_105349_411098203,0.09717478
20241107_105349_659664119,-0.24555983
20241107_105349_909568982,-0.5817088
20241107_105350_160740285,-0.32003486
20241107_105350_659266474,-0.3294309
20241107_105351_156169939,0.11267529
20241107_105351_409340535,-0.07774862
20241107_105351_658287551,0.00918589
20241107_105351_908932738,0.047021724
20241107_105352_157650590,0.12404344
20241107_105352_408640349,0.20224003
20241107_105352_907045880,0.08550952
20241107_105353_156979339,0.08825985
20241107_105353_405014344,0.24013565
20241107_105353_654987280,0.14277254
20241107_105353_909643512,0.059129275
20241107_105354_162211190,0.076392956
20241107_105354_414718531,-1.714656
20241107_105354_663201972,-0.4983173
20241107_105354_909232488,-0.39521775
20241107_105355_159343953,-0.33107668
20241107_105355_659153709,-0.32055238
20241107_105356_157826934,-0.27186093
20241107_105356_656458703,-2.1606102
20241107_105356_907560677,-0.8175085
20241107_105357_154450278,-0.7030636
20241107_105357_658800828,-0.46014172
20241107_105357_913434183,-0.37938353
20241107_105358_155702582,-0.31236592
20241107_105358_405030778,-0.2800216
20241107_105358_654713607,-0.23998381
20241107_105358_911629340,-0.1886382
20241107_105400_154360749,-1.3791333
20241107_105400_406122856,-0.6843288
20241107_105400_657149213,-1.0697908
20241107_105400_909056877,-0.54338783
20241107_105401_164315871,-0.40363744
20241107_105401_414379278,-0.3350238
20241107_105401_658002521,-0.2922661
20241107_105401_907380525,-0.18545564
20241107_105402_412906481,-0.18304436
20241107_105402_909116045,-0.18426178
20241107_105403_164465623,-0.13269548
20241107_105403_410394879,-0.10196855
20241107_105403_663410463,-0.058208667
20241107_105403_923775573,0.12565042
20241107_105404_165557270,0.14674778
20241107_105404_417573518,0.07575268
20241107_105404_660043138,0.08771858
20241107_105405_157821008,-0.12696226
20241107_105405_407336295,-0.002547672
20241107_105405_655881908,-0.03580969
20241107_105405_906659615,0.077018924
20241107_105406_161788732,0.052299835
20241107_105406_417364779,0.03424222
20241107_105408_157062090,0.027928839
20241107_105408_915170313,0.027301231
20241107_105409_420675617,-0.021792611
20241107_105409_913461726,-0.20222734
20241107_105410_159278597,-0.13582076
20241107_105410_406201181,-0.10805022
20241107_105411_409357129,-0.074219994
20241107_105411_655383484,-0.003557494
20241107_105411_906590998,0.049451776
20241107_105412_162009057,0.09601117
20241107_105413_659495361,-0.12344279
20241107_105413_910284575,-0.07953202
20241107_105414_155423329,-0.063591115
20241107_105415_664693788,-0.28853306
20241107_105415_907243049,-0.18777405
20241107_105416_163219565,-0.15074204
20241107_105417_657629033,-0.17333283
20241107_105417_914049586,-0.16838755
20241107_105418_161062543,-0.13032956
20241107_105419_153648858,-0.16250603
20241107_105419_405349793,-0.38625026
20241107_105420_164277478,-0.2585441
20241107_105420_410390622,-0.2012264
20241107_105423_171951936,-0.18748988
20241107_105423_427395238,-0.14622726
20241107_105424_158389413,-0.123746626
20241107_105424_409012420,-0.12176993
20241107_105424_663986709,0.20892255
20241107_105424_909435779,0.035497703
20241107_105426_914432408,0.09098736
20241107_105427_160897717,0.023086527
20241107_105430_163547292,0.02722613
20241107_105430_659099732,-0.0482926
20241107_105430_910150873,-0.06613832
20241107_105431_162633314,-0.0624535
20241107_105431_906507530,-0.10588028
20241107_105432_156460265,-0.12016698
20241107_105432_412369084,-0.16769
20241107_105432_655684076,-0.21138577
20241107_105433_653399589,-0.25244018
20241107_105433_902777941,-0.3069407
20241107_105434_153969316,-0.64609224
20241107_105434_916441000,-0.73158115
20241107_105435_162690788,-0.5818952
20241107_105435_659924722,-0.7325326
20241107_105435_912251500,-0.33342543
20241107_105436_154764275,-0.37661383
20241107_105436_408918924,-0.50565726
20241107_105436_655669999,-0.36173287
20241107_105436_908083724,-0.29376563
20241107_105437_408192181,-0.3805953
20241107_105438_656563848,-0.33100873
20241107_105440_913461210,-0.14765118
20241107_105441_407025874,-0.3089345
20241107_105441_654763450,-0.28027347
20241107_105441_908558363,-0.12511493
20241107_105442_165350988,-0.15076046
20241107_105442_418369035,-0.14530618
20241107_105442_666070326,-0.26286432
20241107_105442_913748906,-0.1886564
20241107_105443_166340101,-0.45561048
20241107_105443_415565014,-0.18347268
20241107_105443_661073745,-0.2626443
20241107_105445_652778663,-0.38234735
20241107_105445_905758441,-0.12411349
20241107_105446_156606385,-0.15260859
20241107_105446_406199359,-0.1444879
20241107_105446_661280963,-0.094593875
20241107_105447_158509743,-0.11525246
20241107_105448_155110287,-0.07312962
20241107_105448_663595486,-0.08289238
20241107_105448_909719502,-0.14262883
20241107_105449_163960984,-0.11525466
20241107_105449_409135639,-0.15472786
20241107_105449_655386263,-0.17093305
20241107_105449_904941590,-0.17934968
20241107_105450_406244297,-0.15957354
20241107_105450_652728922,-0.17015351
20241107_105451_151742867,-0.18268569
20241107_105451_401775556,-0.18259297
20241107_105451_651669558,0.1319483
20241107_105451_903510044,0.08856181
20241107_105452_160375996,0.7226424
20241107_105452_412880703,0.5088189
20241107_105454_412592013,0.38191095
20241107_105454_658901802,0.30653563
20241107_105454_910365008,0.6076712
20241107_105455_157316909,0.9984512
20241107_105455_407670429,2.2123027
20241107_105455_657115862,3.6787107
20241107_105455_909610948,3.0185034
20241107_105456_160863167,0.6897443
20241107_105456_409064407,1.2290486
20241107_105456_656100258,-1.1034455
20241107_105456_905805762,-0.33879238
20241107_105457_157541765,-1.2982861
20241107_105457_409677450,-1.6158265
20241107_105457_660856016,-0.15532388
20241107_105457_913128419,-0.867961
20241107_105458_162475162,-0.40213633
20241107_105458_419605154,-0.5847718
20241107_105458_671839400,-0.58459145
20241107_105458_930454002,-0.64412093
20241107_105459_175996794,-0.49947008
20241107_105459_427016326,-0.663449
20241107_105459_917757435,-0.4264132
20241107_105500_163383646,-0.15095286
20241107_105500_415999931,0.95901567
20241107_105500_663934729,1.300521
20241107_105500_911958732,0.6245279
20241107_105501_171471695,0.7595549
20241107_105501_421735438,0.47370854
20241107_105501_658590919,0.3331617
20241107_105501_912845011,0.21200189
20241107_105502_161009819,0.17315628
20241107_105502_416573111,-0.16498171
20241107_105502_659134049,-0.8356963
20241107_105502_917174039,-0.30937228
20241107_105503_156759285,-0.5045238
20241107_105503_406898343,-1.0010271
20241107_105503_655745398,-1.2347987
20241107_105503_906643308,-0.32466018
20241107_105504_154658303,-0.9058419
20241107_105504_405522739,-0.5552266
20241107_105504_906654873,-0.5007501
20241107_105505_153481603,-0.37645796
20241107_105505_403210748,-0.038953535
20241107_105505_652548652,-0.34180596
20241107_105505_905718321,-0.29567143
20241107_105506_156517249,-0.49725303
20241107_105507_153299986,0.27275863
20241107_105507_406398264,0.21689303
20241107_105507_653618792,-0.16987425
20241107_105507_907585789,-0.08866718
20241107_105508_152391245,0.02554355
20241107_105508_406769566,0.03789649
20241107_105509_152212163,0.082728006
20241107_105509_402850878,0.05853907
20241107_105509_653389963,0.050199427
20241107_105509_904443245,-0.14898528
20241107_105510_155885047,-0.43134674
20241107_105510_406037648,-0.48058054
20241107_105510_908091732,-0.2972279
20241107_105511_157690604,-0.9750343
20241107_105511_407648650,-0.21687524
20241107_105512_157488165,-0.19730009
20241107_105512_904442147,-0.15322764
20241107_105513_152767142,-0.06204859
20241107_105513_407178164,-0.099407636
20241107_105513_909796459,-0.29671398
20241107_105514_156381108,-0.23506232
20241107_105514_414388517,-0.17923774
20241107_105514_658627460,-0.16163619
20241107_105515_665944475,-0.40760788
20241107_105515_914608427,0.0059282277
20241107_105516_160671198,-0.33274868
20241107_105516_412412038,-0.24557687
20241107_105516_908552761,-0.16512401
20241107_105517_154956036,-0.21334694
20241107_105517_404795148,-0.18793662
20241107_105517_653818971,-0.13354735
20241107_105517_910459929,-0.19717224
20241107_105518_154305972,-0.07993301
20241107_105518_414619477,-0.13076212
20241107_105518_653277932,-0.1121613
20241107_105519_407148980,-0.106493376
20241107_105519_654333086,-0.1015391
20241107_105520_154082874,-0.56802374
20241107_105520_407757250,-0.25304186
20241107_105520_657226600,-0.19092907
20241107_105520_907205168,-0.13939182
20241107_105521_154591989,-0.058386646
20241107_105521_404359270,0.04705093
20241107_105521_653858263,0.11194719
20241107_105522_664176058,0.057386376
20241107_105522_915368316,0.014891723
20241107_105524_154113000,0.039015748
20241107_105524_408710134,0.08943037
20241107_105524_652300060,-0.0027344432
20241107_105524_904093012,0.00691686
20241107_105525_155016505,-0.09769171
20241107_105525_405658045,0.056001484
20241107_105525_652817383,-0.014895579
20241107_105525_902892637,-0.11146846
20241107_105526_151864746,0.52979493
20241107_105526_404887504,1.1512215
20241107_105526_656661700,0.5194973
20241107_105526_907671577,0.23830186
20241107_105527_155168771,0.22306582
20241107_105528_410108838,0.12562446
20241107_105528_654278969,-0.032807045
20241107_105528_906218730,0.06995303
20241107_105529_156647127,-0.46504137
20241107_105529_426135473,-0.48672032
20241107_105529_655052340,-0.526794
20241107_105529_908096809,-0.3223936
20241107_105530_151173598,-0.30043277
20241107_105530_402617575,-0.22763614
20241107_105531_406451152,-0.28024882
20241107_105531_659267533,-0.5036358
20241107_105532_155635338,-0.39172092
20241107_105533_911300796,-0.53606397
20241107_105534_160938952,-0.3207624
20241107_105535_404699471,0.8437498
20241107_105535_657261512,0.6806271
20241107_105535_911993068,0.8253117
20241107_105536_416304719,0.52339184
20241107_105536_663173276,0.48118815
20241107_105536_923977282,0.44859415
20241107_105537_163394380,1.0517108
20241107_105537_418222573,1.3127815
20241107_105537_915368023,1.1275381
20241107_105538_166350389,1.8771403
20241107_105538_414586178,0.99068755
20241107_105538_659807785,0.910647
20241107_105538_907277902,0.81055474
20241107_105539_154758787,0.85305136
20241107_105539_406334093,0.5723872
20241107_105539_658890947,0.30116212
20241107_105539_911004165,0.2093405
20241107_105540_652721815,0.30343422
20241107_105542_154093440,0.30522478
20241107_105542_404669032,0.059569962
20241107_105542_653655958,-0.39668694
20241107_105542_911526740,-0.1717519
20241107_105543_164036369,-0.28253853
20241107_105543_408855885,-0.27984458
20241107_105543_661027115,-0.5015584
20241107_105543_911801874,-0.50866306
20241107_105544_155019898,-0.45818472
20241107_105544_407253890,-0.17867537
20241107_105544_658712298,-0.13039337
20241107_105546_657931688,-0.23224595
20241107_105546_906816565,-0.13162456
20241107_105547_403891033,-0.2225998
20241107_105548_404181286,-0.12428453
20241107_105550_154213831,-0.18264247
20241107_105550_410866879,-0.14466159
20241107_105550_655142661,-0.17349653
20241107_105550_906070000,-0.13474913
20241107_105551_156336680,-0.11327892
20241107_105551_409581029,-0.12258568
20241107_105551_656581817,-0.12769212
20241107_105551_908303718,-0.04944732
20241107_105552_153963946,-0.03875514
20241107_105552_403824848,-0.12639518
20241107_105552_903940943,-0.113068275
20241107_105553_152071299,-0.08301779
20241107_105553_403674901,0.17776628
20241107_105553_658054894,0.62031585
20241107_105553_912363854,0.54374295
20241107_105554_158559329,0.72694176
20241107_105554_410989173,1.1472486
20241107_105554_654936026,1.0948648
20241107_105554_908800500,0.65475833
20241107_105555_656778891,0.38520676
20241107_105556_652585977,0.46391582
20241107_105556_905007408,0.6799694
20241107_105557_152410725,0.5971034
20241107_105557_404166973,0.6091315
20241107_105557_651714421,0.9274655
20241107_105558_404560706,0.73127705
20241107_105558_655879598,1.0435357
20241107_105558_910007983,0.86541325
20241107_105559_654496580,0.37763032
20241107_105559_902642173,0.19920792
20241107_105600_153841799,0.32032308
20241107_105600_408327149,0.34451926
20241107_105600_655355190,0.5969512
20241107_105600_905556459,1.684553
20241107_105601_153920186,1.4442024
20241107_105601_407905085,-0.60846436
20241107_105601_660013892,-0.09485883
20241107_105601_908806377,0.13982548
20241107_105602_157621786,0.18179633
20241107_105602_409110756,0.12917286
20241107_105602_657597158,0.16774634
20241107_105602_907053409,-0.082145326
20241107_105603_159701028,-0.22230263
20241107_105603_410584890,-0.20267703
20241107_105603_659426152,-0.12985979
20241107_105603_912263040,-0.42993918
20241107_105604_155234355,-0.2253008
20241107_105604_406934614,-0.6497285
20241107_105604_655896235,-0.364285
20241107_105604_905837946,-0.17936207
20241107_105605_651377680,-0.18401085
20241107_105605_903550305,-0.22190563
20241107_105606_150759698,-0.19781591
20241107_105606_652454620,-0.20129453
20241107_105607_405065438,-0.16060902
20241107_105607_904321230,-0.48784938
20241107_105608_153232864,-0.37736085
20241107_105608_404864001,-0.23275469
20241107_105609_163716613,-0.24786516
20241107_105609_414125894,0.045260295
20241107_105609_661278990,-0.27347833
20241107_105609_910056002,-0.3134705
20241107_105610_656716341,-0.5356891
20241107_105610_905198251,-0.4162888
20241107_105611_153042067,-0.23479868
20241107_105611_651621412,0.14985976
20241107_105611_903396420,0.15807627
20241107_105612_152845825,0.045029588
20241107_105612_402075337,0.042688407
20241107_105613_401070823,0.023375938
20241107_105614_150830931,-0.11631291
20241107_105614_901243608,-0.052472077
20241107_105615_152512261,-0.018624624
20241107_105615_655487666,-0.14553805
20241107_105615_906612764,-0.06725978
20241107_105616_408746899,-0.04604187
20241107_105616_903677861,-0.28451118
20241107_105617_158485343,-0.13999583
20241107_105617_406551243,0.096666135
20241107_105620_157190661,-0.20457067
20241107_105620_403017751,0.24453358
20241107_105620_651873863,0.21396215
20241107_105620_900989020,0.49445
20241107_105621_152423798,0.42719504
20241107_105621_400684030,0.336381
20241107_105621_649940470,0.29779688
20241107_105621_901501160,0.47620425
20241107_105622_150496140,0.8402078
20241107_105622_404471457,0.25443757
20241107_105622_656705047,0.2704759
20241107_105622_904863335,0.30195123
20241107_105623_401650867,0.33860758
20241107_105624_154032050,0.8009962
20241107_105625_660865615,0.3335981
20241107_105625_911251681,0.32711533
20241107_105628_150921207,0.35604054
20241107_105628_904721818,0.18285094
20241107_105629_154615572,0.1435151
20241107_105629_426557403,0.19054447
20241107_105631_900262889,0.3908252
20241107_105632_156017501,0.6201249
20241107_105632_652235148,0.66801405
20241107_105632_901018509,0.6979487
20241107_105633_164897803,0.494382
20241107_105633_411081464,-0.05532538
20241107_105633_659862389,-0.4076452
20241107_105633_907376043,-0.4396651
20241107_105634_154000797,-0.21753149
20241107_105634_656124685,-0.1624602
20241107_105634_906257205,-0.10433283
20241107_105635_155257853,-1.1696014
20241107_105635_405646101,-1.493449
20241107_105635_652198736,-1.3889847
20241107_105635_902629415,-1.1273264
20241107_105636_156865099,0.87889636
20241107_105636_406477529,-0.015119156
20241107_105636_654996094,0.042473115
20241107_105636_903642196,0.16277705
20241107_105637_400358089,0.2488498
20241107_105637_650760867,0.3117502
20241107_105637_906331758,0.26934344
20241107_105638_402676051,0.34144387
20241107_105638_651451250,1.2027833
20241107_105638_902263785,0.52445894
20241107_105639_149977085,0.44530892
20241107_105639_654449325,0.0072867665
20241107_105639_911333505,-0.004861733
20241107_105640_157964454,-0.043577395
20241107_105640_411225957,-0.0037707295
20241107_105640_659249316,0.0154707525
20241107_105640_904482838,0.07561255
20241107_105641_150556215,0.32258508
20241107_105641_402431046,0.31649244
20241107_105642_152627114,0.22211416
20241107_105644_899737169,0.13930447
20241107_105645_149276725,0.15611736
20241107_105646_150626913,0.18305303
20241107_105646_402019521,-0.28118485
20241107_105646_651790461,-0.24744026
20241107_105646_901171330,-0.7994105
20241107_105647_154332698,-0.50800073
20241107_105647_400902661,-0.5500826
20241107_105647_652079591,-0.4113688
20241107_105647_904641247,-0.37512755
20241107_105649_148249866,-0.90214694
20241107_105649_649175393,-0.65072685
20241107_105649_903038881,-0.56601876
20241107_105650_152551237,-0.5151931
20241107_105650_406526102,-0.46252194
20241107_105650_656755822,-0.15207201
20241107_105650_906728717,-0.14535426
20241107_105651_151278136,-0.26358327
20241107_105651_404096702,-0.55763596
20241107_105651_650071122,0.5150079
20241107_105651_902875907,-0.50560355
20241107_105652_151082452,-0.27312124
20241107_105652_401670223,-0.3403983
20241107_105652_650175156,-0.39923626
20241107_105652_900013768,-0.414606
20241107_105653_401076771,-0.46064213
20241107_105653_649702715,-0.486418
20241107_105653_899279997,-0.49978825
20241107_105654_151740651,-1.5601416
20241107_105654_400293263,0.26739928
20241107_105654_650944450,0.27169254
20241107_105654_901978885,0.27825478
20241107_105655_152993355,0.32314092
20241107_105655_407507126,0.3892994
20241107_105655_651649112,0.28167608
20241107_105655_899498878,0.5510013
20241107_105656_150580891,1.2509706
20241107_105656_400800860,0.22881316
20241107_105656_649329633,0.12393177
20241107_105656_901769760,-0.061409317
20241107_105657_151192774,-0.5299674
20241107_105657_400243125,-0.78147423
20241107_105657_649856089,-0.08253332
20241107_105657_902926012,-0.040228985
20241107_105658_154290752,0.51586425
20241107_105658_401622177,-0.12439849
20241107_105658_653436234,0.005784968
20241107_105658_901896123,0.040151812
20241107_105659_156100004,0.06631795
20241107_105700_403565322,-0.061961554
20241107_105700_650818184,-0.04276719
20241107_105701_149275129,0.055298693
20241107_105701_401228020,0.051900513
20241107_105701_902592106,0.056105353
20241107_105702_153818284,0.047090985
20241107_105702_404830985,0.65213996
20241107_105702_656634669,0.69995356
20241107_105702_905809298,0.7030517
20241107_105703_164443337,0.07804609
20241107_105703_413838349,0.0765026
20241107_105703_660758954,0.35479492
20241107_105703_911625553,0.02607129
20241107_105704_156013860,-0.005473068
20241107_105704_405981652,0.46556672
20241107_105704_650893207,0.14985807
20241107_105704_901799282,0.108214565
20241107_105705_150614992,-0.050886296
20241107_105705_401709739,0.06268997
20241107_105705_650848922,0.2831823
20241107_105705_904089345,0.22453968
20241107_105706_150748134,0.24434517
20241107_105707_651270308,0.22154547
20241107_105707_901059904,0.24273236
20241107_105708_403128267,0.16564272
20241107_105709_650070998,0.19341867
20241107_105709_903173515,0.19276147
20241107_105710_152682393,0.21406828
20241107_105710_901530550,0.12970124
20241107_105711_155862345,0.06330005
20241107_105711_406003406,0.14434738
20241107_105711_656077432,0.32621506
20241107_105711_905736217,0.28840154
20241107_105712_156261023,0.25398844
20241107_105712_916084647,0.038172074
20241107_105713_164924383,0.22969474
20241107_105713_413694307,0.2113647
20241107_105713_655432161,0.14529891
20241107_105713_902696723,0.108104415
20241107_105715_149011866,0.20851864
20241107_105715_404940436,0.18785779
20241107_105715_650736732,0.0111850295
20241107_105716_404660572,0.020375619
20241107_105716_903562070,-0.18677405
20241107_105717_152066161,-0.6521158
20241107_105717_410315695,-0.31792256
20241107_105717_658118738,0.026957588
20241107_105717_909639814,0.13441479
20241107_105718_159439725,0.44122157
20241107_105718_409454656,0.16659768
20241107_105718_659252380,0.07782763
20241107_105718_907440264,0.076673545
20241107_105719_157089910,-0.02470108
20241107_105719_413358349,0.2790558
20241107_105719_662287249,0.16068839
20241107_105719_919336005,0.17760949
20241107_105720_160631804,0.3603926
20241107_105720_412203894,0.34319022
20241107_105720_665530985,-0.46223778
20241107_105720_912667570,-0.23406236
20241107_105721_157753570,-0.20173962
20241107_105721_410616804,-0.779194
20241107_105721_659100014,-0.5986807
20241107_105723_400367485,-0.49352548
20241107_105723_650504173,-0.819971
20241107_105723_903873503,-1.0141673
20241107_105724_152675540,-0.967564
20241107_105724_898690584,-0.26716253
20241107_105725_147133334,-0.08879058
20241107_105726_658790528,-0.009005481
20241107_105726_909732229,-0.49412397
20241107_105727_162026677,0.1019926
20241107_105727_411936976,-0.10565065
20241107_105728_409465921,-0.19103421
20241107_105728_653770463,-0.43905452
20241107_105729_903800090,-0.34675005
20241107_105730_152333591,-0.46737495
20241107_105730_400036923,-0.29588506
20241107_105731_150751534,-0.23828067
20241107_105732_148932629,-0.16299547
20241107_105732_398578013,-0.4534679
20241107_105732_650136902,-0.31807864
20241107_105732_903438333,-0.2975175
20241107_105733_405650432,-0.26081482
20241107_105734_148449383,-0.17643012
20241107_105734_648488014,-0.19088434
20241107_105735_150919440,-0.2734554
20241107_105735_402004550,-0.09519895
20241107_105735_650914763,-0.1701224
20241107_105735_899742436,-0.52405655
20241107_105736_147812604,-1.332637
20241107_105736_401808242,-0.43858072
20241107_105736_649213976,-0.17873116
20241107_105736_900422619,-0.27016577
20241107_105737_149604425,-0.28455505
20241107_105738_152567949,-0.21254726
20241107_105738_403974455,-0.26471955
20241107_105738_903231384,-0.092106216
20241107_105739_152463809,-0.14013948
20241107_105739_401694056,-0.15675814
20241107_105739_649461385,-0.13649048
20241107_105739_899408380,-0.74637824
20241107_105740_399291192,-0.38323665
20241107_105740_648358270,-0.43783873
20241107_105741_148764368,-0.31548816
20241107_105743_149954683,1.0888139
20241107_105743_413170168,0.3828042
20241107_105743_661993498,0.4535895
20241107_105744_155838380,0.46084046
20241107_105744_402028853,0.43026695
20241107_105745_151675958,0.4716595
20241107_105745_401573351,0.9061818
20241107_105745_650614391,0.21219645
20241107_105745_904129684,-0.7991396
20241107_105746_148831615,-0.62404597
20241107_105746_398879177,-0.5871229
20241107_105746_651082999,-0.46817368
20241107_105746_902483076,-0.12266202
20241107_105747_147410023,0.012759985
20241107_105747_400100507,0.9602546
20241107_105747_654035575,1.7068279
20241107_105747_907994925,0.34643766
20241107_105748_154749053,0.8393404
20241107_105748_404761878,-0.024292456
20241107_105748_650579113,1.2151762
20241107_105748_902192531,0.7374131
20241107_105749_149776523,0.7246474
20241107_105749_649157311,0.33575785
20241107_105749_902195243,0.18349244
20241107_105750_151279424,0.13255925
20241107_105750_401574198,0.12697949
20241107_105750_652616554,0.088024385
20241107_105750_899845519,0.09364081
20241107_105751_149641945,0.12170274
20241107_105752_151433066,-0.14466812
20241107_105752_399795772,0.116194166
20241107_105752_648043463,0.1721959
20241107_105753_907503251,0.10371975
20241107_105754_152768528,0.07702533
20241107_105754_409606915,0.030652622
20241107_105754_660865048,0.03221605
20241107_105755_650586846,-0.13177533
20241107_105755_899750620,-0.53878784
20241107_105756_150429892,-1.016326
20241107_105756_403997424,-0.45431587
20241107_105756_652574194,-0.33541444
20241107_105756_903468188,-0.60845035
20241107_105757_151298718,-0.39294425
20241107_105757_407055665,-0.27436227
20241107_105758_902471831,-0.27526975
20241107_105759_150656288,-0.14250603
20241107_105759_399983484,-0.1783749
20241107_105800_404360754,-0.16738708
20241107_105802_900790407,-0.21323244
20241107_105803_149176104,-0.11966988
20241107_105803_402003256,-0.26177815
20241107_105803_651746698,0.06308006
20241107_105803_905379806,0.25043687
20241107_105804_158828338,0.36666343
20241107_105804_424039692,1.4065642
20241107_105804_677020154,0.624377
20241107_105804_917096009,-0.34943065
20241107_105805_158413752,-0.2618991
20241107_105805_413245224,-0.22373313
20241107_105805_665096118,-0.6159205
20241107_105805_911567486,-0.6838137
20241107_105806_158651202,-0.45280045
20241107_105806_411233702,-0.26615185
20241107_105806_660149381,-0.21944101
20241107_105806_915338433,-0.35207286
20241107_105807_416252341,-0.26629093
20241107_105807_667346105,0.20452617
20241107_105807_917315288,0.6790138
20241107_105808_162386055,0.34696588
20241107_105808_411284199,-0.15359576
20241107_105808_662363392,-0.5043029
20241107_105808_908185451,-1.7132343
20241107_105809_158776943,-1.0390537
20241107_105809_408598847,0.76476437
20241107_105809_656015453,0.3347986
20241107_105809_905344100,0.36083856
20241107_105810_152733326,0.3509041
20241107_105810_405961831,0.81945086
20241107_105810_652629979,0.92227507
20241107_105810_905894110,0.81489074
20241107_105811_154382322,0.5434863
20241107_105811_404512448,0.350581
20241107_105811_650342315,0.19343702
20241107_105811_900378809,-0.06260296
20241107_105812_151827764,-0.4995523
20241107_105812_405184103,-0.38547236
20241107_105812_657064067,-0.523001
20241107_105813_407955192,-0.5088329
20241107_105814_159982892,-0.777057
20241107_105814_405059786,-0.7055245
20241107_105814_655045738,-0.8035418
20241107_105814_918486823,-0.930943
20241107_105815_170430499,-1.1827068
20241107_105815_412305678,-0.8494063
20241107_105815_658376802,0.64614755
20241107_105815_910439686,0.31948462
20241107_105816_156412973,0.27127144
20241107_105816_407366753,-0.7788808
20241107_105816_653911328,-0.6005114
20241107_105816_906201647,-0.37940383
20241107_105817_406968267,-0.6137708
20241107_105817_654257590,-0.69347
20241107_105817_908741635,-0.6335164
20241107_105818_153405592,-0.62590486
20241107_105819_649492014,0.67203003
20241107_105819_901737545,0.16400559
20241107_105820_150812966,0.112634696
20241107_105820_401092082,0.9236867
20241107_105820_659032214,-0.39835706
20241107_105820_917534665,-0.79515094
20241107_105821_161821863,-0.71168166
20241107_105821_405637104,-0.041402422
20241107_105821_653028746,-0.2185473
20241107_105821_905416360,-0.6270362
20241107_105822_152225868,0.060553253
20241107_105822_403483540,-0.53751564
20241107_105822_651420056,0.7410218
20241107_105822_905052904,-0.92142564
20241107_105823_153810872,0.043463193
20241107_105823_403676348,0.3800548
20241107_105823_650172277,-0.09021155
20241107_105823_902812082,0.37804344
20241107_105824_152356911,-0.034938682
20241107_105824_403887537,0.4745417
20241107_105824_649958807,-0.0060291365
20241107_105824_900376044,0.97915703
20241107_105825_152766047,0.07729142
20241107_105825_403982878,0.7036693
20241107_105825_658042826,0.4680693
20241107_105825_910013387,0.33722815
20241107_105826_154596701,0.45086753
20241107_105827_151726969,0.45214626
20241107_105827_399348356,0.9941315
20241107_105827_649469583,0.9411829
20241107_105827_903152064,0.7520912
20241107_105829_418710384,0.2637485
20241107_105829_648348056,0.46620983
20241107_105829_899525136,0.4932033
20241107_105831_419491219,0.61865383
20241107_105831_663291720,0.16370858
20241107_105831_911349499,0.0042234976
20241107_105832_401624292,0.7500278
20241107_105832_656113295,0.19352566
20241107_105832_903929080,0.1789103
20241107_105833_152671509,-0.044373237
20241107_105833_406190403,0.1777799
20241107_105833_650455110,0.2869196
20241107_105833_904575342,0.37749925
20241107_105834_400646360,0.3220916
20241107_105834_658488998,0.41788262
20241107_105834_906173089,0.001920322
20241107_105835_156770939,-0.23784186
20241107_105835_404441891,-0.08508428
20241107_105835_652041624,-0.20608713
20241107_105835_903347317,-0.68841887
20241107_105836_402989386,-0.19525011
20241107_105837_650965835,-0.14368926
20241107_105837_903948273,0.05942633
20241107_105838_152114190,0.087203726
20241107_105841_150859905,-0.23101355
20241107_105841_402929427,-0.04328271
20241107_105841_647142175,-0.06949987
20241107_105842_406782351,-0.027563414
20241107_105844_651704680,0.09831659
20241107_105844_902443116,0.2197835
20241107_105845_149884829,0.96226615
20241107_105845_401282746,0.42824465
20241107_105845_651626229,0.44782034
20241107_105846_412294647,0.15020497
20241107_105846_657875138,-1.1570765
20241107_105846_913172873,-0.61377716
20241107_105847_160143233,-0.62414193
20241107_105847_405432661,-0.5996801
20241107_105847_903500303,-0.76380396
20241107_105848_156942105,-0.56236786
20241107_105848_404700189,-0.49362534
20241107_105848_650878703,-0.53770345
20241107_105848_901207863,-1.5724036
20241107_105849_149084832,-0.8923451
20241107_105849_398880042,0.34952047
20241107_105849_650587107,0.18614064
20241107_105849_909207641,0.20627098
20241107_105850_162717901,0.20698528
20241107_105850_410577524,0.24531595
20241107_105850_660589126,1.1600394
20241107_105850_909759648,-0.14455263
20241107_105851_162176275,0.56412476
20241107_105851_408774518,-0.014385184
20241107_105851_650734590,-0.16104384
20241107_105851_903675481,-0.3256888
20241107_105852_154550282,0.54313153
20241107_105852_409413777,0.17001759
20241107_105852_654640990,0.21381639
20241107_105852_903505006,0.28049865
20241107_105853_150756030,0.21429776
20241107_105854_154659157,-0.9969447
20241107_105854_405871981,-0.7271957
20241107_105854_653355847,-0.8012639
20241107_105854_905029877,-0.38447964
20241107_105855_151745400,-0.5914958
20241107_105855_402174668,-0.35979077
20241107_105855_649222492,-1.1073246
20241107_105855_902316667,-0.9597811
20241107_105856_155894473,-0.88721234
20241107_105856_404111700,-0.7155733
20241107_105856_651194215,0.77219784
20241107_105856_907751144,-0.0075593125
20241107_105857_158310783,-0.8705797
20241107_105857_407155354,1.0274537
20241107_105857_661664764,0.48801097
20241107_105857_906058858,0.6615131
20241107_105858_154724718,0.39080215
20241107_105858_406429295,0.6615198
20241107_105858_656834993,0.5388431
20241107_105858_907525707,0.24219655
20241107_105859_156466396,-0.72655064
20241107_105859_406020950,-0.31104589
20241107_105859_653984728,-0.14293285
20241107_105900_407403319,-0.22842975
20241107_105900_653555760,-0.4194243
20241107_105900_904034406,-0.41408786
20241107_105901_158581999,-0.03289281
20241107_105901_406856519,-0.27372652
20241107_105901_656101916,-0.82684225
20241107_105901_908420004,-0.7674483
20241107_105902_154263702,0.053117886
20241107_105902_407317434,-0.10842522
20241107_105902_661095982,0.4806104
20241107_105902_908893125,0.41284803
20241107_105903_158028791,0.14881228
20241107_105903_415277143,0.15798579
20241107_105903_667123170,0.14374511
20241107_105904_158098168,0.12877642
20241107_105904_406123200,0.16193627
20241107_105904_655239967,0.55271053
20241107_105904_905624436,0.26783952
20241107_105905_152313511,0.15911804
20241107_105905_403658578,0.18842302
20241107_105905_659265246,0.21485709
20241107_105906_403636432,0.09190015
20241107_105906_653797256,0.12380121
20241107_105906_904050008,0.14284651
20241107_105907_157116350,-0.013230046
20241107_105907_407531338,0.06361387
20241107_105907_668064204,0.095690645
20241107_105907_917747445,0.024562279
20241107_105908_159538470,0.05090884
20241107_105908_409822601,0.0750526
20241107_105908_657701490,0.17033638
20241107_105908_905772608,-0.005575737
20241107_105909_165316271,-0.0049219932
20241107_105909_419206608,0.26937342
20241107_105910_158202903,0.10634688
20241107_105910_408514529,-0.04702785
20241107_105910_670306434,-0.36451247
20241107_105910_923678051,-0.06022378
20241107_105911_169314521,-0.09220218
20241107_105911_419916959,0.28617993
20241107_105911_671838506,0.28745756
20241107_105911_919440328,0.27260888
20241107_105912_161342401,0.15426676
20241107_105912_410484904,0.23393963
20241107_105912_658002735,0.28036413
20241107_105912_917910668,0.36076382
20241107_105913_159754988,0.12253926
20241107_105913_416979000,0.087866075
20241107_105913_662082709,0.2657474
20241107_105913_915766714,0.22761865
20241107_105914_164361195,0.1743363
20241107_105914_424216805,0.1363784
20241107_105914_667975399,0.13985987
20241107_105914_912077505,-0.08872416
20241107_105915_169834973,-0.02722313
20241107_105915_418035212,-0.0845119
20241107_105915_671869177,-0.20388804
20241107_105915_929009666,-0.17278965
20241107_105916_173790953,-0.064780556
20241107_105916_419383267,-0.062321447
20241107_105916_665793883,-0.40422967
20241107_105916_921520323,-0.20988037
20241107_105917_165607958,-0.53123796
20241107_105917_414534437,-0.27861112
20241107_105917_658075695,-0.2288626
20241107_105917_905590236,-0.8930904
20241107_105918_156292989,-0.42230976
20241107_105918_404440177,-0.35008404
20241107_105918_903629419,-0.57772285
20241107_105919_158711612,0.05786293
20241107_105919_409198029,1.1512218
20241107_105919_656716268,1.3822618
20241107_105919_913153510,-0.5515401
20241107_105920_156597610,-0.4118395
20241107_105920_405527048,-0.19303866
20241107_105920_655318836,-0.17888184
20241107_105920_911380895,0.13231868
20241107_105921_156038230,0.2798416
20241107_105921_408776823,-0.25890413
20241107_105921_654877520,-0.10119679
20241107_105921_908272749,-0.16879769
20241107_105922_157306656,-0.07686701
20241107_105922_405010057,-0.016408166
20241107_105922_651086957,-0.16048844
20241107_105922_902048999,-0.37010872
20241107_105923_153998443,-0.27660355
20241107_105923_402086265,-0.09280231
20241107_105923_657474846,-0.19150688
20241107_105923_904055526,-0.47841072
20241107_105924_152914116,-0.14074232
20241107_105924_402786473,-0.16120584
20241107_105924_905307431,-0.2961643
20241107_105925_155414982,-0.049119078
20241107_105925_403778310,-0.19689633
20241107_105925_652210062,-0.3240277
20241107_105925_903266915,-0.55642664
20241107_105926_151365085,-0.7458065
20241107_105926_403543277,-1.6321574
20241107_105926_654237763,0.12501107
20241107_105926_907514391,-0.09862288
20241107_105927_153912033,-0.05355086
20241107_105927_411117797,0.38627908
20241107_105927_656067839,0.00067565776
20241107_105927_905024456,0.7099029
20241107_105928_153359047,-0.026649995
20241107_105928_403079753,-0.008371791
20241107_105928_654874134,-0.09607636
20241107_105928_903809438,-0.028933374
20241107_105929_652177747,-0.6474014
20241107_105929_905787652,-0.49040115
20241107_105930_157944012,-0.44563118
20241107_105930_406648881,-0.12833248
20241107_105930_654565925,-0.10120303
20241107_105930_907314615,0.036399424
20241107_105931_154354205,0.49665675
20241107_105931_412152886,0.4971213
20241107_105931_655386357,1.0728295
20241107_105931_906530953,0.57841504
20241107_105932_152495069,0.52524865
20241107_105932_401965970,0.28912452
20241107_105932_652503795,0.37389335
20241107_105933_153662226,-0.042840354
20241107_105933_404742096,0.13998856
20241107_105934_908878606,0.2907778
20241107_105935_154499814,0.40733498
20241107_105935_406937184,0.2636539
20241107_105935_670526763,0.98111016
20241107_105935_917208560,-0.40938297
20241107_105936_165713758,-0.46235365
20241107_105936_410173054,-0.1185025
20241107_105936_654593570,-0.14356156
20241107_105936_905851131,-0.023662876
20241107_105937_154209365,-0.05301442
20241107_105937_405774708,-0.100214265
20241107_105937_659500197,-0.13216765
20241107_105937_909062684,-0.42106584
20241107_105938_157534076,-0.77086234
20241107_105938_407880229,-0.38348752
20241107_105938_653372521,-0.43027994
20241107_105939_404153220,-0.1360726
20241107_105939_652495349,-0.16937192
20241107_105939_906177956,-0.31915247
20241107_105942_404078255,-0.2444268
20241107_105942_650622365,-0.24037082
20241107_105942_899701007,-0.69995743
20241107_105943_148319458,-0.4612206
20241107_105943_400856877,-0.4899391
20241107_105943_650526957,-0.17825313
20241107_105943_904290783,-0.19668333
20241107_105944_151014023,-0.23423915
20241107_105944_399320052,-0.54559916
20241107_105945_400441536,-0.44988146
20241107_105945_651184355,-0.14702061
20241107_105946_153306449,-0.122189574
20241107_105947_656923789,-0.02246265
20241107_105947_904853088,-0.12251785
20241107_105948_151711521,-0.105041824
20241107_105948_400850100,-0.33958757
20241107_105949_906308492,-0.540739
20241107_105950_154996545,-0.579284
20241107_105950_405045579,-0.491782
20241107_105950_655412797,-0.1715648
20241107_105950_901648080,0.28813422
20241107_105951_151737536,0.065823235
20241107_105951_403940201,0.042391457
20241107_105953_152363355,0.053153135
20241107_105953_409606932,0.09020061
20241107_105953_658624517,-0.037400983
20241107_105953_903817449,0.01806883
20241107_105954_150337849,0.026790718
20241107_105954_655318229,0.037668176
20241107_105954_904599993,-0.02498593
20241107_105955_154908308,-0.0009417739
20241107_105955_405626716,-0.01765432
20241107_105955_655945958,-0.16664167
20241107_105955_903750187,-0.48463902
20241107_105956_151293580,-1.1014291
20241107_105956_401758036,-1.1230135
20241107_105956_655388559,-1.0509164
20241107_105957_660226348,-0.7625777
20241107_105957_907828699,-0.37748072
20241107_105958_155344577,-0.620716
20241107_105958_405927775,-0.11774358
20241107_105958_653418730,-0.84557253
20241107_105958_903174798,-0.2097438
20241107_105959_157473247,-0.12218375
20241107_105959_421571416,-0.14557709
20241107_105959_666137902,-0.5778222
20241107_105959_928961063,0.13365076
20241107_110000_175861769,0.17157152
20241107_110000_427436561,0.46125123
20241107_110000_672170072,0.18043183
20241107_110000_923136909,0.46474501
20241107_110001_169384236,1.1629637
20241107_110001_416708471,0.05039864
20241107_110001_671450671,-0.21974964
20241107_110001_925747743,-0.44862717
20241107_110002_174505201,0.7045221
20241107_110002_430676120,0.56096053
20241107_110002_663512276,0.6803334
20241107_110002_908514134,0.5210719
20241107_110003_153293482,0.31885973
20241107_110003_416470137,0.013585607
20241107_110003_654414360,0.5907676
20241107_110003_911060643,0.20604141
20241107_110004_157518265,-0.11456104
20241107_110004_413989101,-0.09276398
20241107_110004_672993075,-0.082186244
20241107_110004_922911166,0.6245255
20241107_110005_161587824,0.5578051
20241107_110005_416591049,0.2510498
20241107_110005_661669945,-0.052903347
20241107_110005_911568014,-0.040880404
20241107_110006_161054246,-0.3350764
20241107_110006_412198252,-0.5255454
20241107_110006_658543078,-0.41888693
20241107_110006_922118307,-0.4069421
20241107_110007_169104316,-1.7862254
20241107_110007_417591661,0.60445267
20241107_110007_660715447,0.23488729
20241107_110007_913446722,0.24856372
20241107_110008_163431128,0.35001388
20241107_110008_412731662,0.16152893
20241107_110008_654334240,0.096620776
20241107_110009_653707177,0.021575132
20241107_110009_902249096,-0.3677229
20241107_110010_152217958,-0.13785459
20241107_110010_407500815,-0.12677215
20241107_110010_649798203,-0.13408162
20241107_110010_902689612,-0.12772532
20241107_110011_150053221,0.36347368
20241107_110011_427326963,0.67553246
20241107_110011_658580372,0.49853793
20241107_110011_915339936,0.16733135
20241107_110012_156077281,0.06043537
20241107_110012_652450418,0.26689503
20241107_110012_914706505,0.5975163
20241107_110013_665637417,0.18975706
20241107_110013_911680785,0.108618535
20241107_110014_162316220,0.049825914
20241107_110014_419806868,0.5520693
20241107_110015_657527196,0.07307265
20241107_110015_913185204,0.12650855
20241107_110016_169376766,0.78391266
20241107_110016_421205653,0.9721277
20241107_110016_673265689,0.82519925
20241107_110016_928252214,0.8616152
20241107_110017_167641559,0.48864642
20241107_110017_422095558,-0.39917785
20241107_110017_662843546,-0.2872556
20241107_110017_917416017,-0.3209047
20241107_110018_177186776,-0.099636555
20241107_110018_423267550,0.016333396
20241107_110018_668946511,0.17885262
20241107_110018_920551799,-0.18449225
20241107_110019_169921536,-0.12729348
20241107_110019_429894574,-0.082558356
20241107_110020_165329561,-0.0050523262
20241107_110020_410821423,-0.08535125
20241107_110020_654357825,-0.12703754
20241107_110020_915971933,-0.085041724
20241107_110021_156518969,0.69392437
20241107_110021_419714219,0.66405034
20241107_110021_663611275,0.6898707
20241107_110021_914651574,0.5350373
20241107_110022_153488738,0.40147778
20241107_110022_406569859,0.49108228
20241107_110022_653236999,0.51363826
20241107_110022_909391857,0.64760464
20241107_110023_157900610,0.49609205
20241107_110023_407799102,0.2129743
20241107_110023_654045792,0.5783402
20241107_110023_906783596,0.29909262
20241107_110024_157508570,0.27745542
20241107_110024_406359411,0.5534248
20241107_110024_656735771,0.39687097
20241107_110025_411292509,0.33061156
20241107_110025_911379464,0.36713293
20241107_110026_160683433,0.6201001
20241107_110026_654263806,0.5107376
20241107_110026_910775517,-0.1445836
20241107_110027_157777353,-0.373544
20241107_110027_409033554,-0.3527258
20241107_110027_656356873,-0.2809833
20241107_110027_916894773,-0.31451812
20241107_110028_163992493,-0.42043665
20241107_110028_422109483,-0.6358579
20241107_110028_663393705,-0.53786415
20241107_110029_434923361,-0.45336452
20241107_110029_658949541,-0.19452839
20241107_110029_913697265,-0.44104326
20241107_110030_662791729,-0.60517603
20241107_110030_916735060,-0.15485834
20241107_110031_156981345,-0.31079713
20241107_110031_417346238,0.5411032
20241107_110031_662068809,0.50911397
20241107_110031_920292987,0.44713295
20241107_110032_160036747,0.74373513
20241107_110032_411653796,0.07349823
20241107_110032_655823110,0.095966555
20241107_110032_905536073,-0.09759232
20241107_110033_155874510,-0.6571718
20241107_110033_419139919,-0.90180224
20241107_110033_657398541,-0.38643667
20241107_110033_917636972,-0.27034345
20241107_110034_158030178,-0.29569063
20241107_110034_409675454,-0.31641302
20241107_110034_660408581,-0.21887891
20241107_110034_907408471,-0.16692592
20241107_110035_661779377,-0.35302514
20241107_110035_907565369,-0.31975317
20241107_110036_151611715,-0.23884143
20241107_110036_670022226,-0.23871912
20241107_110036_918944842,-0.27070153
20241107_110037_162353320,-0.20324464
20241107_110037_416706835,0.03363861
20241107_110037_663490374,-0.114503555
20241107_110038_155240973,-0.09201565
20241107_110038_405282881,-0.019053182
20241107_110038_653624219,-0.28615203
20241107_110038_904729609,-0.19426815
20241107_110039_157481032,-0.18799455
20241107_110040_421061281,-0.20999114
20241107_110041_416219660,-0.1575342
20241107_110041_664041435,-0.1371385
20241107_110041_912779401,-0.1305566
20241107_110042_153131846,0.50021315
20241107_110042_404159147,0.07620101
20241107_110042_653670315,-0.03611269
20241107_110042_907040387,0.01065729
20241107_110043_404928216,0.2763732
20241107_110043_659034640,0.28319767
20241107_110043_915875535,0.75352854
20241107_110044_170031209,0.72382843
20241107_110044_422482970,0.6576481
20241107_110044_659446875,1.149966
20241107_110044_911075818,0.5235539
20241107_110045_154479692,0.9882316
20241107_110045_405752005,0.12810758
20241107_110045_657125436,-0.6866001
20241107_110045_910386170,-0.44028905
20241107_110046_155642458,-1.1008259
20241107_110046_409375955,-0.8559535
20241107_110046_663413453,-0.78466266
20241107_110047_156512694,-0.7937087
20241107_110049_410137635,-0.7229702
20241107_110049_660753374,-0.38144323
20241107_110049_908878241,0.94493943
20241107_110050_153145781,0.105348565
20241107_110050_403514149,0.20332496
20241107_110050_653304749,-0.57099485
20241107_110050_902513970,-0.7694371
20241107_110051_650381078,-0.81030357
20241107_110052_150863213,-0.7652678
20241107_110052_400497277,-0.4779262
20241107_110052_649519299,-0.26087296
20241107_110052_900937385,-0.37908563
20241107_110053_153146451,-0.10477465
20241107_110053_399798324,-0.58954835
20241107_110053_654671502,-0.0992385
20241107_110053_907976654,0.3879297
20241107_110054_155055112,-0.075195834
20241107_110054_415341162,-0.104662046
20241107_110054_659282742,-0.6593028
20241107_110054_903000801,-0.50111896
20241107_110055_150711076,-0.5534955
20241107_110055_649200130,-1.1170174
20241107_110055_899088033,-0.7025489
20241107_110056_151819778,-0.42903563
20241107_110056_410782658,-0.5157551
20241107_110056_653036681,-0.7752592
20241107_110056_900716048,-0.6776946
20241107_110057_400693556,-0.6464366
20241107_110057_899536948,0.24408068
20241107_110058_150213991,0.08580563
20241107_110058_399806792,0.12924516
20241107_110058_648424049,-0.035808884
20241107_110058_902746055,-0.25009263
20241107_110059_410271166,-0.11867478
20241107_110059_908045037,-0.03383168
20241107_110100_156792669,-0.020134768
20241107_110100_409131619,0.13576196
20241107_110100_658778265,0.58543164
20241107_110100_912268926,2.0800698
20241107_110101_161528426,-0.6969955
20241107_110101_427341780,-0.026096193
20241107_110101_670601916,0.11568085
20241107_110101_929636762,0.15566902
20241107_110102_424845259,0.11894295
20241107_110102_666015003,-0.055054985
20241107_110102_917879141,0.10122547
20241107_110103_159653093,0.086352386
20241107_110103_412809924,-0.07494392
20241107_110103_653871924,-0.19983436
20241107_110103_905265322,0.059764937
20241107_110104_150020667,0.046940304
20241107_110104_403234371,-0.016880712
20241107_110104_656937170,0.046045907
20241107_110104_907338154,0.5011
20241107_110105_152420293,1.1400912
20241107_110105_401801147,0.40662047
20241107_110105_649601304,0.2887431
20241107_110105_900307617,0.2685127
20241107_110106_153550764,0.25238818
20241107_110106_415159542,0.23179163
20241107_110106_658998259,-0.047042392
20241107_110106_915171293,0.028395543
20241107_110107_159056276,0.116609044
20241107_110107_407041888,0.035679497
20241107_110107_653393248,0.009344587
20241107_110107_903900184,0.036504485
20241107_110108_158946202,0.023513744
20241107_110108_659178703,0.028120557
20241107_110108_905478776,0.037846364
20241107_110109_410598193,0.085831024
20241107_110109_652859485,0.06935618
20241107_110109_903833943,0.090291746
20241107_110110_406103716,0.12670974
20241107_110110_900291853,0.09455503
20241107_110111_404514616,0.17242648
20241107_110111_653441050,0.21178965
20241107_110111_899414090,0.12732603
20241107_110112_156315368,0.2654216
20241107_110112_405470180,0.115351774
20241107_110112_650784815,0.095395215
20241107_110112_899087684,0.40175715
20241107_110113_148704181,0.7344317
20241107_110114_660727344,0.2611578
20241107_110114_905310685,0.24115606
20241107_110115_153145910,0.23621275
20241107_110115_652341883,0.109067805
20241107_110115_905793241,0.21491764
20241107_110116_149660108,0.18761964
20241107_110116_654830986,0.34681347
20241107_110116_900230390,0.17748375
20241107_110117_148922555,0.15745212
20241107_110118_153591297,0.16753994
20241107_110118_403602757,0.13020457
20241107_110118_649608608,0.17693515
20241107_110118_901399017,0.10692874
20241107_110119_150117051,0.19922881
20241107_110119_910250448,0.14612211
20241107_110120_407057970,0.13397987
20241107_110120_653861924,0.13689698
20241107_110120_912916216,0.108947314
20241107_110121_410471417,-0.6351525
20241107_110121_653317014,-1.0949285
20241107_110121_903308230,-0.35869166
20241107_110122_150024127,-0.17681246
20241107_110122_404733005,-0.17778482
20241107_110122_652666782,-0.18113105
20241107_110123_652197552,-0.2547034
20241107_110123_902975042,-0.21555085
20241107_110124_155553455,-0.113698624
20241107_110125_399949849,-0.15277271
20241107_110126_903441535,-0.14529862
20241107_110128_911378876,-0.14194386
20241107_110129_158557160,-0.133752
20241107_110129_435390511,-0.1412308
20241107_110130_416003328,-0.12906955
20241107_110130_668908050,-0.12031924
20241107_110130_927589543,-0.120591484
20241107_110131_420077502,-0.22071959
20241107_110131_909712475,-0.15523745
20241107_110132_407447714,-0.22467007
20241107_110132_658784612,-0.20520388
20241107_110133_423369597,-0.09260615
20241107_110133_658654125,-0.064188205
20241107_110133_909986898,-0.0769557
20241107_110134_153969995,-0.084605984
20241107_110134_407910121,-0.08081701
20241107_110134_664648286,-0.08276551
20241107_110135_159270790,-0.08533984
20241107_110135_659538177,-0.2007658
20241107_110136_405758259,-0.17512573
20241107_110136_657556527,-0.30648246
20241107_110136_917469105,-0.25064123
20241107_110137_167978027,-0.21890761
20241107_110137_423000976,-2.0594752
20241107_110137_670502618,1.2539817
20241107_110137_919174971,-0.36339584
20241107_110138_164105975,-0.42421538
20241107_110138_422265341,-0.1574715
20241107_110138_664193059,-0.13982795
20241107_110138_916394948,-0.17580254
20241107_110139_154317376,-0.20853294
20241107_110140_905618668,-0.43170422
20241107_110141_156384817,0.07207589
20241107_110141_407842778,0.041312344
20241107_110141_654641795,0.0017060433
20241107_110141_900377324,0.0040984843
20241107_110142_403712494,-0.00038357638
20241107_110142_654579276,-0.010095796
20241107_110143_153073412,0.08771164
20241107_110143_403423443,0.03672699
20241107_110143_900664460,-0.010458728
20241107_110144_406532481,-0.072983705
20241107_110144_661400070,0.0216916
20241107_110144_905415623,0.06323538
20241107_110145_152261286,0.07573674
20241107_110145_405429686,-0.057375155
20241107_110145_649716368,-0.009996792
20241107_110145_906719917,0.035100438
20241107_110146_150759561,0.050159134
20241107_110146_406485750,0.026780287
20241107_110146_668341846,-0.17099507
20241107_110146_920923224,-0.11837085
20241107_110147_166448606,-0.16823722
20241107_110147_426303880,-0.10729661
20241107_110147_935961782,-0.08602526
20241107_110148_683029376,0.033710457
20241107_110148_938858913,-0.07671901
20241107_110149_175591438,-0.10472899
20241107_110149_418718980,-0.028947731
20241107_110149_681165464,-0.071723215
20241107_110150_166244031,-0.029821
20241107_110150_416674978,0.11743189
20241107_110150_666451173,0.04782886
20241107_110150_921614065,0.05964417
20241107_110151_163816263,0.33794087
20241107_110151_412715703,0.13744046
20241107_110151_907013846,0.09015275
20241107_110152_158923748,0.17988126
20241107_110152_416105328,0.091188736
20241107_110152_669661332,0.037413992
20241107_110152_918249524,0.3704909
20241107_110153_159195186,0.3239944
20241107_110153_910151264,1.0237467
20241107_110154_165896686,0.36254492
20241107_110154_656822137,0.19770657
20241107_110154_919027715,0.1115611
20241107_110155_166084549,0.14265992
20241107_110155_653295853,0.016234795
20241107_110155_913429249,-0.10025295
20241107_110156_160467579,-0.05913254
20241107_110156_412721316,-0.06768646
20241107_110158_163123156,-0.03094258
20241107_110158_662430424,-0.07629957
20241107_110159_165003788,-0.26724938
20241107_110159_419904758,-0.124500774
20241107_110159_659181546,-0.12340697
20241107_110159_912864113,-0.0871666
20241107_110200_160642420,-0.10388615
20241107_110200_413054678,-0.1414683
20241107_110200_661960173,-0.09891119
20241107_110200_907786294,0.0048154388
20241107_110201_151148645,0.103905655
20241107_110201_406325067,0.050942518
20241107_110201_662838548,0.29525355
20241107_110201_912417959,0.7306905
20241107_110202_159697597,0.3271045
20241107_110202_417945210,0.254521
20241107_110202_674416795,0.18697469
20241107_110202_928465523,0.17790173
20241107_110203_172193156,0.17775466
20241107_110203_433699680,0.032559015
20241107_110203_660106364,0.11713991
20241107_110203_912133455,0.09312738
20241107_110204_155100114,0.10560215
20241107_110204_416647595,0.053895034
20241107_110204_666393105,-0.1010262
20241107_110204_913105397,-0.0743139
20241107_110205_403207117,0.35963374
20241107_110205_659040943,0.20625432
20241107_110205_907641947,0.121775754
20241107_110206_159219404,0.09616501
20241107_110206_414520038,0.105140276
20241107_110206_667347049,0.12714134
20241107_110206_915445194,0.09299029
20241107_110207_154264914,0.10781822
20241107_110207_402506152,0.18544148
20241107_110207_911781399,0.11459986
20241107_110208_159331458,0.08561108
20241107_110208_406150722,-1.2413415
20241107_110208_652838234,-0.33518112
20241107_110208_904288416,-0.325491
20241107_110209_415017516,-0.45415255
20241107_110209_656916663,-0.24616538
20241107_110209_910667477,-0.023624213
20241107_110210_152965935,0.1503127
20241107_110210_408123848,0.056189246
20241107_110210_651423364,0.083047844
20241107_110210_902070637,-0.012552401
20241107_110211_149999726,-0.03232374
20241107_110211_401841333,0.0057004783
20241107_110211_900574821,-0.3667474
20241107_110212_152364505,-0.061498664
20241107_110212_408141272,-0.40163836
20241107_110212_654948000,-0.18152247
20241107_110212_903330668,-0.11618375
20241107_110213_149666835,-0.12877335
20241107_110213_401653212,-0.10519376
20241107_110214_403651150,-0.06036531
20241107_110214_657645350,-0.15201376
20241107_110214_900717332,-0.10829326
20241107_110215_151422998,-0.13917686
20241107_110215_403644768,-0.10760706
20241107_110215_649680405,-0.43651667
20241107_110215_922799701,-0.09154733
20241107_110216_158047532,-0.08696558
20241107_110216_404871968,-0.19654723
20241107_110216_664371929,-0.20571332
20241107_110216_912176341,-0.3587747
20241107_110217_409519673,-0.3147641
20241107_110217_659941954,-0.19409151
20241107_110217_905859340,-0.23653202
20241107_110218_149920851,-0.07889783
20241107_110218_399613843,-0.04745587
20241107_110219_152450283,-0.014295092
20241107_110219_403530005,0.30000478
20241107_110219_650234681,-0.13039108
20241107_110220_152151380,-0.17410566
20241107_110220_418578221,-0.035750054
20241107_110220_906324475,-0.101958476
20241107_110221_155045369,-0.05431717
20241107_110221_410969850,-0.09676617
20241107_110221_902578424,-0.23561339
20241107_110222_153206258,-0.12139281
20241107_110222_651972613,0.06973068
20241107_110222_903570970,0.04318384
20241107_110223_665004478,-0.13715045
20241107_110224_167280376,-0.15316434
20241107_110224_411981132,0.094006516
20241107_110225_155254073,0.004376212
20241107_110226_153860859,-0.044169627
20241107_110226_647902221,-0.088733695
20241107_110227_149901073,0.04707823
20241107_110227_402475283,-0.17551874
20241107_110227_902565388,-0.14955683
20241107_110228_408865873,-0.13241751
20241107_110228_651336271,0.051268317
20241107_110228_912192296,0.06878797
20241107_110229_160948497,0.33821812
20241107_110229_444740843,0.16847254
20241107_110230_153429986,0.18988506
20241107_110230_404702271,0.51736337
20241107_110230_662163449,0.31781775
20241107_110230_914682182,0.23380731
20241107_110231_165868985,0.26407906
20241107_110231_410696178,0.06695754
20241107_110231_659418043,0.062254794
20241107_110231_908813118,0.17228954
20241107_110233_155810631,0.3093685
20241107_110233_417662634,0.17486905
20241107_110233_666558480,-0.03568288
20241107_110233_919032379,0.013698408
20241107_110234_159108547,0.18301584
20241107_110234_409354291,0.017861107
20241107_110234_659853816,-1.0259861
20241107_110234_907969312,-0.12882544
20241107_110235_155052558,0.07832425
20241107_110235_406021588,0.06268165
20241107_110235_653920032,0.30577055
20241107_110235_907804211,0.6478985
20241107_110236_155920668,0.0004157219
20241107_110236_416029791,-0.08042353
20241107_110236_672415994,-0.021319231
20241107_110237_165405462,0.083555855
20241107_110237_409741843,0.04412467
20241107_110238_152975710,-0.2146392
20241107_110238_404232617,0.2951092
20241107_110238_657538077,0.14251272
20241107_110238_907026567,0.36106488
20241107_110239_156144311,-0.2094989
20241107_110239_416272410,-0.10792645
20241107_110240_176481161,-0.05434718
20241107_110240_428823201,-0.043267958
20241107_110240_664822410,-0.0020935442
20241107_110240_914873778,0.020521143
20241107_110241_159328874,0.045880057
20241107_110241_412438442,-0.6316536
20241107_110241_657434819,-0.25362322
20241107_110241_905255902,-0.26699084
20241107_110242_157129383,-0.5894248
20241107_110242_409849544,-0.9970976
20241107_110242_656633687,-0.6199987
20241107_110242_914915035,-0.53253967
20241107_110243_171774173,-0.4709361
20241107_110243_416158597,-0.45864347
20241107_110243_652934372,-0.34959257
20241107_110243_910569768,-0.6381258
20241107_110244_158489329,-0.997432
20241107_110244_419806973,-0.8800878
20241107_110244_655083372,-0.54696983
20241107_110244_900036064,-0.53814095
20241107_110246_399958542,-0.78425837
20241107_110246_653599695,-0.3262321
20241107_110248_158069197,-0.28186452
20241107_110249_157504100,-0.15652569
20241107_110249_404875794,-0.15447082
20241107_110250_419926143,-0.1947424
20241107_110251_163897640,-0.26672179
20241107_110251_424901003,-0.46612927
20241107_110252_155502693,-0.39640674
20241107_110252_404983966,-0.16328771
20241107_110252_652325007,-0.3204696
20241107_110252_901143768,-0.4453062
20241107_110254_159917766,-0.045480497
20241107_110255_157355740,-0.46412098
20241107_110255_414787076,-0.32835028
20241107_110255_658354898,-1.1083877
20241107_110255_906088726,-0.8757368
20241107_110256_667037515,-0.45868033
20241107_110256_923759424,-0.4040052
20241107_110258_403950775,-0.3610778
20241107_110258_648656712,-0.36592874
20241107_110258_902570751,-0.44157645
20241107_110259_157547972,-0.20043172
20241107_110259_412194221,0.25164667
20241107_110259_657431293,-0.8279124
20241107_110259_908383709,-1.5545558
20241107_110300_152596747,-1.4630214
20241107_110300_409356201,0.86689293
20241107_110300_657652114,0.66265255
20241107_110300_911270838,-0.45000678
20241107_110301_161816790,-0.23883218
20241107_110301_408061858,-0.19530706
20241107_110301_657947504,-0.2415233
20241107_110301_911715510,-0.23029979
20241107_110302_160085696,-0.19913614
20241107_110302_420327320,-0.22661778
20241107_110302_661932243,-0.38932636
20241107_110302_917351219,-0.41213477
20241107_110303_423860340,-0.42788354
20241107_110303_672202993,-0.26836476
20241107_110303_911219391,-0.059625976
20241107_110304_160088153,-0.08078667
20241107_110304_412682815,-0.18180977
20241107_110304_656753892,-0.094378255
20241107_110304_915051339,-0.06455826
20241107_110305_162817686,-0.16874544
20241107_110305_414703080,-0.05488824
20241107_110305_662857516,0.026711741
20241107_110306_176407254,-0.014934113
20241107_110306_417038872,-0.11481168
20241107_110306_665383231,-0.12425303
20241107_110306_918315752,-0.23634945
20241107_110307_175113179,-0.17473857
20241107_110307_410869430,-0.09519067
20241107_110307_655741897,-0.06275543
20241107_110307_913152798,-0.05172073
20241107_110308_649616003,0.045568056
20241107_110308_901848414,0.26634303
20241107_110309_155790616,0.19952016
20241107_110309_424096751,0.1446475
20241107_110309_906419852,0.07285533
20241107_110310_407002293,0.06476731
20241107_110310_649799946,0.054264702
20241107_110310_904610651,0.035669304
20241107_110311_903611102,0.0154375825
20241107_110312_404641698,-0.18424688
20241107_110312_653436236,0.01897646
20241107_110312_909144840,-0.014268687
20241107_110313_155848632,-0.027978202
20241107_110314_658213525,-0.15041019
20241107_110315_407203046,-0.16570549
20241107_110315_662534620,-0.26735333
20241107_110316_158764687,-0.20764159
20241107_110316_409695035,0.10411952
20241107_110317_401624536,0.04682357
20241107_110318_154098549,0.026493022
20241107_110318_651294708,-0.085495494
20241107_110318_900565949,-0.09775647
20241107_110319_147594229,-0.061296992
20241107_110319_402893923,-0.023441216
20241107_110319_655635068,-0.019406548
20241107_110320_654068980,-0.017892322
20241107_110320_902317397,-0.017993173
20241107_110321_407993107,-0.04310941
20241107_110321_667566907,-0.036119483
20241107_110321_913964213,-0.030142596
20241107_110322_414805584,-0.031335674
20241107_110322_656868243,-0.111663155
20241107_110322_908623238,-0.20909478
20241107_110323_907369214,-0.097105585
20241107_110324_161756978,-0.032162003
20241107_110325_162486909,-0.026573708
20241107_110325_412191290,-0.13264762
20241107_110325_904516308,-0.37511593
20241107_110326_154915311,-0.24528797
20241107_110326_407174702,-0.23500739
20241107_110326_651346127,-0.23772354
20241107_110326_900992890,-0.17368837
20241107_110327_161785329,-0.16333817
20241107_110328_149669615,-0.13955374
20241107_110328_413827795,-0.24904095
20241107_110328_662495215,-0.18733801
20241107_110328_908005080,-0.17428072
20241107_110329_160960815,-0.15618579
20241107_110329_427628098,-0.1472031
20241107_110329_662324745,-0.14352898
20241107_110330_655161109,-0.14567305
20241107_110330_922004872,-0.23002763
20241107_110331_160133225,-0.21230675
20241107_110331_403926558,-0.1552899
20241107_110331_648455435,-0.12662353
20241107_110332_158094035,-0.12198516
20241107_110332_411210124,-0.118887775
20241107_110333_152931534,-0.11463221
20241107_110333_403187430,-0.23093204
20241107_110333_906781057,-0.13394086
20241107_110334_156515410,-0.07832193
20241107_110334_402490004,-0.33242154
20241107_110334_648348553,-0.2518466
20241107_110334_905053447,-0.1918733
20241107_110335_408611581,-0.16598852
20241107_110335_653270881,-0.34528643
20241107_110336_159128636,-0.27313358
20241107_110336_412882131,-0.23017143
20241107_110336_653050833,-0.41090688
20241107_110337_155625205,-0.19494914
20241107_110337_417855634,-0.16769914
20241107_110337_665523181,-0.18828855
20241107_110337_913901148,-0.20999989
20241107_110338_410920254,-0.20819947
20241107_110339_410240847,-0.1937732
20241107_110339_653115740,-0.18451408
20241107_110339_904440842,-0.1789472
20241107_110340_159485427,-0.18792923
20241107_110340_409785958,-0.3241214
20241107_110340_652524354,-0.25943068
20241107_110341_159706584,-0.19638206
20241107_110341_411102717,-0.036933593
20241107_110341_666590268,-0.06674277
20241107_110342_161338725,-0.089229755
20241107_110342_406899066,0.029618273
20241107_110342_914589397,-0.1561922
20241107_110343_164163011,-0.1485035
20241107_110343_416963878,-0.22735247
20241107_110343_661827861,-0.11778777
20241107_110344_158990436,-0.089164905
20241107_110344_660815226,-0.22502843
20241107_110345_155012181,-0.20878512
20241107_110346_152579619,-0.14078449
20241107_110347_152578276,-0.10222205
20241107_110349_151538945,-0.099790655
20241107_110349_405220812,-0.24030104
20241107_110350_149151397,-0.3294879
20241107_110350_403080110,-0.23228969
20241107_110351_899726286,-0.27567607
20241107_110352_158455137,-0.21841995
20241107_110353_160579256,-0.1574031
20241107_110353_406332195,-0.32368636
20241107_110353_658284705,-0.25540686
20241107_110354_153923803,-0.2090828
20241107_110354_405517206,-0.21400256
20241107_110354_902727472,-0.17184226
20241107_110355_158726314,0.1831535
20241107_110355_406212385,0.11897374
20241107_110355_650867190,0.056703813
20241107_110357_164641001,-0.21188766
20241107_110357_408860296,-0.19400509
20241107_110357_654506065,-0.16282617
20241107_110358_150383195,-0.1358354
20241107_110358_404532807,-0.12871005
20241107_110358_652712991,0.30901623
20241107_110358_905527986,0.18904011
20241107_110359_417553317,0.18606524
20241107_110359_674526915,0.10437495
20241107_110359_922230339,0.09680463
20241107_110400_167593724,0.13681681
20241107_110400_413008821,0.25975832
20241107_110400_655738158,0.20138313
20241107_110401_156203997,0.15545945
20241107_110401_415200264,0.15741299
20241107_110401_659513693,0.13255434
20241107_110401_917933332,0.20740096
20241107_110402_161552148,0.16423376
20241107_110402_408961992,0.08878703
20241107_110402_902730139,0.06204287
20241107_110403_152740263,0.082384296
20241107_110403_406015358,0.082693405
20241107_110403_655225414,0.094131716
20241107_110403_901153886,0.0070212577
20241107_110404_149688420,0.015511284
20241107_110404_910809925,0.03289271
20241107_110405_164369211,-0.33197102
20241107_110405_408552795,-0.1801079
20241107_110405_660457273,-0.18070675
20241107_110405_906842346,-0.15007208
20241107_110406_672974201,-0.2665125
20241107_110406_916727645,-0.233359
20241107_110407_159254130,-0.16078462
20241107_110407_405096292,-0.13166027
20241107_110407_922138909,-0.23164843
20241107_110408_408960994,-0.3363624
20241107_110408_916683440,-0.2280386
20241107_110409_160962947,-0.15163334
20241107_110409_907022801,-0.24355455
20241107_110410_151467562,-0.096377425
20241107_110410_407883073,-0.082612865
20241107_110410_656984622,0.027972171
20241107_110410_909683337,0.034918346
20241107_110411_410377952,0.041737176
20241107_110412_658349958,-0.10003119
20241107_110412_904712147,-0.22479661
20241107_110413_150494661,-1.1811088
20241107_110413_398391017,-0.47350535
20241107_110413_648114350,-0.35217646
20241107_110414_402201635,-0.3028939
20241107_110414_900802866,-0.43383256
20241107_110415_152241227,-0.5370896
20241107_110415_403355147,-0.8428716
20241107_110415_647729937,-0.9870046
20241107_110415_897832954,-0.90133697
20241107_110416_148319265,-0.9135198
20241107_110416_400131372,-0.79329437
20241107_110416_650845337,0.76553106
20241107_110416_901329428,0.68317896
20241107_110417_159646082,0.800559
20241107_110417_415373313,0.5526772
20241107_110417_660507393,0.102119304
20241107_110417_906081440,0.09497801
20241107_110418_162607455,0.06946475
20241107_110418_406970179,0.035752572
20241107_110418_651966871,0.117451675
20241107_110418_912174852,0.025488058
20241107_110419_163999388,0.17938118
20241107_110419_409707362,0.24454074
20241107_110419_654647069,0.32160166
20241107_110419_911287548,0.21150735
20241107_110420_413796852,0.14742373
20241107_110420_652341379,0.18161951
20241107_110420_902987239,0.21000795
20241107_110421_151072943,0.2391135
20241107_110421_407646337,0.29520842
20241107_110421_655207480,0.21330251
20241107_110421_903321337,0.22825296
20241107_110422_158904250,0.22405554
20241107_110423_162725966,0.24990292
20241107_110423_405576569,0.2040738
20241107_110424_149376229,0.19589864
20241107_110425_149638407,0.32303756
20241107_110425_403127020,0.28124362
20241107_110425_650580833,0.32414442
20241107_110426_665461455,0.20269345
20241107_110426_905413304,0.21692084
20241107_110427_160902639,0.22442274
20241107_110427_406479099,0.28789225
20241107_110427_653561207,0.59927094
20241107_110428_162405114,0.3383882
20241107_110428_412750053,0.33365527
20241107_110428_659492804,0.014950702
20241107_110428_923567603,-0.3052601
20241107_110429_166946377,-0.050577395
20241107_110429_453948903,-0.059505604
20241107_110429_670137687,-0.045433573
20241107_110429_927253978,0.0009349678
20241107_110430_422576219,-0.19973929
20241107_110430_909895851,-0.056778036
20241107_110431_153778913,0.17993827
20241107_110431_405831349,0.16983242
20241107_110431_651949643,0.32796925
20241107_110432_146266614,0.3884866
20241107_110432_399061213,0.26919734
20241107_110432_654990335,0.32229558
20241107_110432_907565018,0.270883
20241107_110433_905691253,0.24492298
20241107_110434_148984126,0.14690436
20241107_110435_401427039,0.043462254
20241107_110435_655420847,-0.042279594
20241107_110436_160078292,0.013461569
20241107_110436_417761879,0.024327794
20241107_110436_664261845,0.14842193
20241107_110436_917134695,0.43902883
20241107_110437_163552182,0.68866897
20241107_110437_422000313,-0.2745142
20241107_110437_680430700,0.13945715
20241107_110437_920446199,-0.17382665
20241107_110438_160771609,-0.9124308
20241107_110438_406837203,-0.12175446
20241107_110438_652523537,-0.13169758
20241107_110438_909777183,-0.2541959
20241107_110439_157376251,-0.56718296
20241107_110439_416390330,-0.5295014
20241107_110441_417824086,-0.7347568
20241107_110441_665350106,-0.3429756
20241107_110441_911723433,-0.21275444
20241107_110442_151485679,-0.39496145
20241107_110442_402275380,-0.44512036
20241107_110442_654351172,-0.45894122
20241107_110442_911371036,-0.42750493
20241107_110443_903242024,-0.3056233
20241107_110444_151216429,-0.36362454
20241107_110444_406887252,-0.4075835
20241107_110444_659419661,-0.41193992
20241107_110444_907900156,-0.29023656
20241107_110445_154527464,-0.37901998
20241107_110445_409124555,-0.45696083
20241107_110445_657274116,-0.39166594
20241107_110445_903360262,0.9989093
20241107_110446_157741088,0.6376865
20241107_110446_653621439,0.4289615
20241107_110446_907147657,0.124524035
20241107_110447_161590147,-0.33770105
20241107_110447_418576855,0.05063627
20241107_110447_661816395,-0.033268593
20241107_110447_911942164,-0.016964367
20241107_110448_155402019,-0.071391664
20241107_110448_406587771,-0.053220563
20241107_110448_657998289,-0.044434927
20241107_110449_901893335,-0.017984232
20241107_110450_155217410,-0.04426693
20241107_110450_404178822,-0.07764568
20241107_110450_654439462,-0.09079575
20241107_110451_154277285,-0.07500949
20241107_110451_414078008,-0.10116493
20241107_110451_660823045,-0.14517124
20241107_110451_904288980,-0.3460754
20241107_110452_154322106,-0.23951931
20241107_110452_404046516,-0.21238203
20241107_110452_903615887,-0.15296064
20241107_110453_151395278,-0.096166514
20241107_110453_403329537,0.21763201
20241107_110453_649533535,0.83759254
20241107_110453_899897587,1.1842779
20241107_110454_152351037,-0.4671376
20241107_110454_411261222,-0.3919323
20241107_110454_648426047,-0.4203553
20241107_110454_904544305,-0.34068745
20241107_110455_158841375,-0.32443768
20241107_110455_403768859,-0.2512526
20241107_110455_656841485,-0.49455312
20241107_110455_903890590,-0.668334
20241107_110456_148815313,-0.366284
20241107_110456_406482230,-0.31556362
20241107_110456_905174741,-0.30333522
20241107_110457_158088382,-0.3003669
20241107_110457_404660294,-0.28314373
20241107_110457_909532440,-0.421797
20241107_110458_155639993,-0.332731
20241107_110458_404908711,-0.2754128
20241107_110458_650369079,-0.24118757
20241107_110458_903663178,-0.24757712
20241107_110459_408238286,-0.24525897
20241107_110459_665376422,0.034449197
20241107_110459_917155553,-0.25501648
20241107_110500_158566576,-0.21995522
20241107_110500_655496043,-0.46819952
20241107_110500_904024247,-0.3398761
20241107_110501_153316888,-0.14910062
20241107_110501_403473641,-0.13846655
20241107_110501_653262569,-0.16078775
20241107_110501_903450364,-0.008598378
20241107_110502_157603307,0.031360425
20241107_110502_404513001,0.09817014
20241107_110502_655182880,-0.1696292
20241107_110502_909433064,-0.22691457
20241107_110503_154566895,-0.4425621
20241107_110503_405796205,-0.5867861
20241107_110503_651266309,-0.38433465
20241107_110503_902074852,-0.23113325
20241107_110504_153563292,-0.22318974
20241107_110504_649542179,-0.53062224
20241107_110504_899964389,-0.29268453
20241107_110505_149070887,-0.1865236
20241107_110505_398381851,-0.16410825
20241107_110505_903990920,-0.48235953
20241107_110506_152420128,-0.1684504
20241107_110506_402445456,-0.15863572
20241107_110506_647952587,-0.2279629
20241107_110507_151415849,-0.11538426
20241107_110507_409954587,-0.13536279
20241107_110507_655254085,-0.21639536
20241107_110507_903536898,-0.25086722
20241107_110508_149912146,-0.20861997
20241107_110508_403652409,-0.2058153
20241107_110508_647188863,-0.16829629
20241107_110508_897585535,-0.21248694
20241107_110509_645375587,-0.13652544
20241107_110509_899469076,-0.08355456
20241107_110510_148128023,-0.16418998
20241107_110510_398592708,-0.20536536
20241107_110510_651294155,-0.19476378
20241107_110510_902558682,-0.10133081
20241107_110511_150973898,-0.12189751
20241107_110511_400686330,-0.12329527
20241107_110511_646684688,-0.13248436
20241107_110512_149461828,-0.12341101
20241107_110513_156956764,-0.11689498
20241107_110513_409172959,-0.11082312
20241107_110513_907777215,-0.10694014
20241107_110514_399313221,-0.023045084
20241107_110514_651912321,-0.049913906
20241107_110515_646184719,-0.10638546
20241107_110516_167253164,-0.2896842
20241107_110516_420003116,-0.24016772
20241107_110516_667242096,-0.21399157
20241107_110516_911436159,-0.28668562
20241107_110517_412096522,-0.26850778
20241107_110517_655416888,-0.25676373
20241107_110517_904603973,-0.2322596
20241107_110518_406209408,-0.22302619
20241107_110519_399711056,-0.22618973
20241107_110519_650733153,-0.21175504
20241107_110519_899986628,-0.22183493
20241107_110520_149885548,-0.2485532
20241107_110520_407119159,-0.27456948
20241107_110520_655301918,-0.24666443
20241107_110520_906331042,-0.22089915
20241107_110521_155580003,-0.23785335
20241107_110521_406012179,-0.24313992
20241107_110521_648061653,-0.40754744
20241107_110521_901869159,-0.47482944
20241107_110522_154065769,-0.56637174
20241107_110522_404744929,-0.37092206
20241107_110522_657798855,-0.29918966
20241107_110522_903221528,-0.4152056
20241107_110523_149656345,-0.34713247
20241107_110523_404885306,-0.32082292
20241107_110523_652516048,-0.6619763
20241107_110523_909154406,1.0239426
20241107_110524_167968419,0.39387068
20241107_110524_414039903,0.40518597
20241107_110524_660606125,-0.08679732
20241107_110524_922858524,-0.2777196
20241107_110525_165537669,-0.041457765
20241107_110525_417162264,-0.12644647
20241107_110525_654665838,-0.12511809
20241107_110526_161164623,-0.16802774
20241107_110526_418112900,-0.17035337
20241107_110526_660762200,-0.1902435
20241107_110527_408647773,-0.17225216
20241107_110527_903011138,-0.05626326
20241107_110528_153112920,-0.10103088
20241107_110528_402661186,-0.10311713
20241107_110528_647765465,0.04749597
20241107_110528_911141784,0.09499367
20241107_110529_154733028,0.018678078
20241107_110529_654361061,-0.0039904322
20241107_110529_899177999,-0.011027804
20241107_110530_150749336,-0.0552937
20241107_110530_399832383,-0.05464717
20241107_110530_659208764,-0.039764933
20241107_110530_902436316,-0.003891984
20241107_110531_149593196,0.032822527
20241107_110531_648093553,0.042129554
20241107_110531_902438560,0.00930954
20241107_110532_155263230,-0.044893615
20241107_110532_410555376,-0.02740874
20241107_110532_662512412,0.026640186
20241107_110532_908516686,-0.019511273
20241107_110533_152591323,-0.042962603
20241107_110533_405197238,-0.0049201157
20241107_110533_654723689,-0.14401604
20241107_110533_903484067,-0.077406995
20241107_110534_654970926,-0.111411236
20241107_110534_915803534,0.045243777
20241107_110535_166877115,0.2950322
20241107_110535_405554161,0.24522786
20241107_110535_652473459,0.11340106
20241107_110536_176197513,0.14874421
20241107_110536_668199197,-0.13104428
20241107_110536_912534251,-0.08986845
20241107_110537_155923713,-0.05672031
20241107_110537_902606440,-0.062810175
20241107_110538_153295877,-0.03331908
20241107_110538_403471601,0.07332761
20241107_110539_400997414,0.028799007
20241107_110539_645745098,0.008469293
20241107_110540_400998778,-0.010610869
20241107_110540_648831198,-0.17997654
20241107_110540_903054461,-0.10049077
20241107_110541_402175434,0.019174287
20241107_110541_647132513,-0.1144787
20241107_110541_900444171,-0.038705222
20241107_110542_147658777,-0.09182023
20241107_110542_401948714,0.08440862
20241107_110542_649304850,0.3020171
20241107_110543_403344968,0.104740776
20241107_110543_650750622,0.23884927
20241107_110543_904663211,0.0117131565
20241107_110544_164508762,-0.06249424
20241107_110544_661321895,-0.006610712
20241107_110546_425118655,0.010908583
20241107_110546_670399548,0.20695725
20241107_110546_913759442,0.29707715
20241107_110547_663931546,0.62946427
20241107_110547_914991434,1.0291566
20241107_110548_406473832,0.514108
20241107_110548_652036358,0.32689986
20241107_110548_903618645,0.25172505
20241107_110549_153511760,0.19996612
20241107_110549_403929113,0.13388662
20241107_110550_153586361,0.1655492
20241107_110550_402182004,0.31315413
20241107_110550_648219588,0.37715313
20241107_110550_901010808,0.25873667
20241107_110551_146878467,0.19567914
20241107_110552_147508363,0.20596515
20241107_110552_912766621,0.27000108
20241107_110553_413520877,0.19410194
20241107_110553_656117974,0.15532048
20241107_110553_904785300,0.20859857
20241107_110554_158272119,0.24604593
20241107_110554_406493923,0.32157668
20241107_110555_651515912,0.044968314
20241107_110555_906826926,0.14823179
20241107_110556_159751058,-0.075056635
20241107_110556_417003287,-0.13711108
20241107_110556_661426851,-0.14711343
20241107_110556_911468205,-0.014392933
20241107_110557_155030093,-0.057497017
20241107_110557_407318511,0.013104299
20241107_110557_654826923,0.1433169
20241107_110558_402658515,0.115640886
20241107_110558_651656821,0.011355618
20241107_110558_906056762,-0.02459993
20241107_110559_172825635,0.50489384
20241107_110559_421435269,0.13556899
20241107_110559_672079868,0.1514544
20241107_110559_914124166,0.4286775
20241107_110600_161997033,0.66312605
20241107_110600_417205759,0.5946092
20241107_110600_668658603,0.5435188
20241107_110600_921266747,0.33276805
20241107_110601_172434288,0.66584754
20241107_110601_441442851,2.0828855
20241107_110601_686109835,3.9398985
20241107_110601_936505184,2.680717
20241107_110602_178710428,-0.533829
20241107_110602_428552152,0.3355372
20241107_110602_674236315,0.07457645
20241107_110602_918964020,1.2276887
20241107_110603_160717298,-1.0075104
20241107_110603_409487470,-1.941333
20241107_110603_650716382,-0.06780901
20241107_110603_905535178,-0.3403344
20241107_110604_159123102,-0.09015695
20241107_110604_406062140,0.33977795
20241107_110604_658768050,-0.006005129
20241107_110604_907101372,-0.2443958
20241107_110605_156296874,-0.1405467
20241107_110605_418317746,-0.31561425
20241107_110605_917880120,-0.109846815
20241107_110606_160646934,-0.10975113
20241107_110606_412441603,-0.16359462
20241107_110606_657309922,-0.15881063
20241107_110606_909009375,-0.16760667
20241107_110607_159516413,0.64127547
20241107_110607_413074865,-1.8612014
20241107_110607_657015294,-0.754518
20241107_110607_904631797,0.44886258
20241107_110608_157666483,0.46960455
20241107_110608_410464956,0.549404
20241107_110608_661344334,0.77684337
20241107_110608_919614632,0.30749026
20241107_110609_165482467,-0.85105294
20241107_110609_407969853,-0.50073934
20241107_110609_663664406,-0.5276534
20241107_110609_913809369,0.5408012
20241107_110610_157762638,-0.12629367
20241107_110610_411659725,-0.18460147
20241107_110610_667027583,-0.08388295
20241107_110610_917791059,-0.060848735
20241107_110611_162399617,-0.06258317
20241107_110611_410224849,-0.055287026
20241107_110611_657672168,-0.016438147
20241107_110611_911580476,-0.1336701
20241107_110612_664920145,-0.0019157138
20241107_110612_913341103,0.106432
20241107_110613_161849907,0.32001564
20241107_110613_409462067,0.36043218
20241107_110613_657211923,0.20994936
20241107_110613_903378874,0.1592019
20241107_110614_402290109,0.9903781
20241107_110614_664921255,0.7516929
20241107_110614_916775914,-0.18844512
20241107_110615_167090169,0.03005592
20241107_110615_425917039,-0.08149364
20241107_110615_913045967,0.36436963
20241107_110616_160655408,0.6229157
20241107_110616_405612626,0.90102214
20241107_110617_412915795,0.7506682
20241107_110617_662386835,0.75673026
20241107_110617_923542915,0.5180061
20241107_110618_165319020,0.29981217
20241107_110618_408209294,0.39852408
20241107_110618_901444092,0.65382785
20241107_110619_145284249,0.8648748
20241107_110619_408998730,0.59297276
20241107_110619_907723552,0.08632339
20241107_110620_159651847,-0.6350251
20241107_110620_411939768,-0.14550443
20241107_110620_668042804,-0.11431085
20241107_110620_918136368,-0.123754345
20241107_110621_166826131,-0.13650386
20241107_110621_408054188,0.15090919
20241107_110621_660075782,0.09321327
20241107_110622_657481986,-0.16591154
20241107_110622_905846125,-0.17437492
20241107_110623_157749514,-0.16438179
20241107_110623_407311959,-0.16756435
20241107_110623_651812191,-0.21319221
20241107_110623_899233818,-0.0751228
20241107_110624_154099106,-0.18046926
20241107_110624_410500690,-0.28157246
20241107_110624_655111723,-0.19067715
20241107_110624_903197823,-0.21020825
20241107_110625_163053448,-0.207447
20241107_110625_405177259,-0.092487715
20241107_110625_649157171,-0.14912261
20241107_110625_899421882,-0.16627826
20241107_110626_149884264,-0.30516785
20241107_110626_398835834,0.03187021
20241107_110626_652396117,-0.17923142
20241107_110626_908541943,-0.57419306
20241107_110627_165344983,0.18931352
20241107_110627_417369735,-1.2522511
20241107_110627_668378066,-0.95583975
20241107_110627_912427342,-0.08780696
20241107_110628_159978195,-0.09441743
20241107_110628_411338727,-0.34581244
20241107_110628_656401937,0.012567813
20241107_110628_904566413,0.44481033
20241107_110629_149857636,0.35709208
20241107_110629_422039314,0.47361442
20241107_110629_655352761,0.6011998
20241107_110629_902539665,1.3960547
20241107_110630_153295802,0.83528644
20241107_110630_402767121,1.0874697
20241107_110630_660870539,0.7356044
20241107_110630_911908212,0.49840686
20241107_110631_158050600,0.0060806964
20241107_110631_403966367,-0.2953756
20241107_110631_658262329,1.0942526
20241107_110631_905724385,1.5175532
20241107_110632_155442658,1.4466692
20241107_110632_402874549,1.3407279
20241107_110632_655490111,1.8097558
20241107_110632_902518008,1.5493461
20241107_110633_153708675,0.62570107
20241107_110633_404960520,0.13169904
20241107_110633_654479547,-1.9698454
20241107_110633_903279903,-1.3610777
20241107_110634_157359821,1.2440488
20241107_110634_414213430,0.52671045
20241107_110634_659610439,0.30206406
20241107_110634_907308968,0.3292022
20241107_110635_154049760,0.3344002
20241107_110635_398004618,0.32071266
20241107_110635_902217296,0.11759404
20241107_110636_150069232,-0.08745562
20241107_110636_397004613,-0.18409921
20241107_110636_648622069,0.16819997
20241107_110636_896839891,0.29375866
20241107_110637_145550503,0.3782166
20241107_110637_401305470,0.34897557
20241107_110637_646723221,-0.04359051
20241107_110637_899662523,-0.6554715
20241107_110638_155567756,-0.18526866
20241107_110638_656780757,-0.21899737
20241107_110638_910920110,-0.1896347
20241107_110639_157224259,-0.18708165
20241107_110639_403455650,-0.19698013
20241107_110639_649962563,-0.057682656
20241107_110640_394921121,-0.115179084
20241107_110640_646101593,0.17878616
20241107_110640_897108790,0.20053042
20241107_110641_396626284,0.15391634
20241107_110641_894342024,0.0748717
20241107_110642_144440274,-0.23433347
20241107_110642_397801564,-0.771606
20241107_110642_653191175,-0.7377513
20241107_110642_902176673,-0.20438553
20241107_110643_149275072,-0.3452207
20241107_110643_407369986,-0.4298251
20241107_110643_647474983,-0.06560429
20241107_110643_898663556,-0.43460032
20241107_110644_149304098,-0.25086656
20241107_110644_400176479,-0.36093086
20241107_110644_650062221,-0.5352953
20241107_110644_900185570,-0.28871945
20241107_110645_171308888,-0.07478308
20241107_110645_417642795,-0.17606093
20241107_110645_657687299,0.23958884
20241107_110645_906755948,0.14698617
20241107_110646_150624199,-0.18441279
20241107_110646_404346635,-0.3459064
20241107_110646_658023371,-0.82803357
20241107_110646_916745050,-0.07973447
20241107_110647_165471210,0.22610258
20241107_110647_414781347,0.66849387
20241107_110647_666626582,1.628166
20241107_110647_909505937,-0.97313106
20241107_110648_156850735,-0.8409711
20241107_110648_421426147,-0.42492053
20241107_110648_664202189,-0.21220066
20241107_110648_908324697,-0.44093516
20241107_110649_653523193,-0.34075955
20241107_110649_903147534,-0.19114764
20241107_110650_398744393,-0.27485183
20241107_110650_648683091,-0.20693393
20241107_110651_154284105,-0.30965486
20241107_110651_413531757,-1.2014539
20241107_110651_659910701,-0.51520216
20241107_110651_908534829,-0.54089886
20241107_110652_410447080,-0.54042166
20241107_110654_158362063,-0.6343901
20241107_110654_907437696,-0.5398899
20241107_110655_160950383,-0.8723144
20241107_110655_924969014,-0.74021256
20241107_110656_163034958,-0.63104033
20241107_110656_414615181,-0.20588543
20241107_110656_657885920,-0.05525081
20241107_110656_910534169,-0.41720957
20241107_110657_160453187,-0.0014650989
20241107_110657_414846861,-0.26490772
20241107_110657_660567827,0.17274919
20241107_110657_918594126,0.073115565
20241107_110658_170411088,0.14221111
20241107_110659_406185325,0.10167313
20241107_110700_648982717,0.16419248
20241107_110700_908892686,0.23741625
20241107_110701_160836488,0.17662041
20241107_110701_422883530,0.18699484
20241107_110701_675773051,0.31324562
20241107_110701_921811176,0.27980164
20241107_110702_162993911,0.9429542
20241107_110702_415156468,0.37845203
20241107_110702_653774335,-0.43324217
20241107_110702_899510654,-0.29532486
20241107_110703_148002648,-0.31293514
20241107_110703_399195738,-0.29172394
20241107_110704_152699435,-0.29016125
20241107_110704_908879050,-0.17986184
20241107_110705_151637969,-0.12130256
20241107_110705_405028829,-0.44586554
20241107_110705_655081503,-0.77645975
20241107_110705_900418934,-0.2900782
20241107_110706_148617300,-0.1164734
20241107_110706_403320428,-0.1616862
20241107_110707_396793641,-0.6340031
20241107_110707_646001521,-0.52156883
20241107_110707_896725968,-0.47796103
20241107_110708_152125326,-0.47948217
20241107_110708_404189961,-0.5266317
20241107_110708_897219025,-0.4806156
20241107_110709_150124091,-0.44363016
20241107_110709_409858703,-0.14806731
20241107_110709_661501182,-0.19756056
20241107_110709_907164414,-0.1899663
20241107_110710_150634168,-0.18962394
20241107_110710_404089251,-0.12471493
20241107_110710_655521024,-0.63848406
20241107_110710_916452152,-1.5940305
20241107_110711_159759786,0.39878187
20241107_110711_408664472,-0.6807746
20241107_110711_672411888,-0.6928372
20241107_110711_906809192,-0.08593901
20241107_110712_154367383,-0.26484886
20241107_110712_403560236,-0.24646123
20241107_110712_650615874,-0.49682212
20241107_110712_898753121,-0.3546177
20241107_110713_145538101,-0.06487728
20241107_110713_397372565,-0.11522242
20241107_110713_644726179,-0.50177103
20241107_110713_893668100,-0.5295567
20241107_110714_142108034,-0.35665974
20241107_110714_396344825,-0.07917165
20241107_110714_656273932,0.3069705
20241107_110714_905637530,0.26364172
20241107_110715_150796614,0.791998
20241107_110715_406675022,0.983537
20241107_110715_654848937,0.38763258
20241107_110715_907187909,0.41414434
20241107_110716_146477087,0.2641611
20241107_110717_645270165,0.28365368
20241107_110717_899366680,0.30626187
20241107_110718_145326076,0.61122537
20241107_110718_398670767,0.5143275
20241107_110718_897916033,0.28627267
20241107_110719_152094096,0.92222005
20241107_110719_405343171,0.97398
20241107_110719_658795148,0.22218065
20241107_110719_912174463,-0.99864703
20241107_110720_171132933,0.13278548
20241107_110720_414397365,0.1116023
20241107_110720_658811092,0.033962883
20241107_110720_904456110,0.04277108
20241107_110721_150106466,-0.11960491
20241107_110721_905642664,-0.20700969
20241107_110722_173789938,-0.21433134
20241107_110722_411432762,-0.19981165
20241107_110722_653423949,-0.21077861
20241107_110722_900757502,-0.18927391
20241107_110723_147727830,-0.39356586
20241107_110723_395644065,-0.92500824
20241107_110723_656787808,-0.42210868
20241107_110723_904872389,-0.4273096
20241107_110725_148009942,-0.45020118
20241107_110725_402108497,-0.4768147
20241107_110725_653385493,-0.60105175
20241107_110726_154393991,-0.9192398
20241107_110726_404097932,0.5788949
20241107_110726_653939122,0.26245004
20241107_110726_904020165,0.11608783
20241107_110727_150705607,0.137376
20241107_110727_400709883,0.38717848
20241107_110727_648717573,0.36787087
20241107_110727_905494799,0.48186848
20241107_110728_147470390,1.3023006
20241107_110728_403604510,0.60577416
20241107_110728_661440328,0.5832328
20241107_110728_919814220,0.17231067
20241107_110729_178990549,0.006784687
20241107_110729_451880051,0.08887113
20241107_110729_661494617,0.08967344
20241107_110729_910221039,0.08866004
20241107_110730_150617056,0.25226995
20241107_110730_397442323,0.4250106
20241107_110730_654750410,0.5430154
20241107_110730_901867307,0.37686968
20241107_110731_152529392,0.3799113
20241107_110731_399274081,0.82643974
20241107_110731_648378728,-0.5175626
20241107_110731_900017212,-0.12205806
20241107_110732_147199783,-0.27397397
20241107_110732_400653026,-0.32586622
20241107_110733_148279986,-0.3538991
20241107_110733_401640764,-0.6996101
20241107_110733_652036903,-0.6145254
20241107_110733_901904143,-0.6150079
20241107_110734_152340165,-0.5582412
20241107_110734_896894630,-0.4827146
20241107_110735_147535935,-0.7865362
20241107_110735_404200907,-1.63734
20241107_110735_651593220,0.58996826
20241107_110735_906862220,-0.6524349
20241107_110736_151221092,-0.73839045
20241107_110736_403510037,-0.84714335
20241107_110736_652231043,-0.95745736
20241107_110736_899406075,-0.3443847
20241107_110737_154005829,-0.2946618
20241107_110737_411654184,-0.110862695
20241107_110737_658868159,0.13696651
20241107_110737_911352441,0.27943966
20241107_110738_149758393,0.24868928
20241107_110738_404894201,0.33091983
20241107_110738_650704643,0.60475
20241107_110739_399415166,0.2937149
20241107_110739_650766521,0.54248214
20241107_110739_904976683,0.7005746
20241107_110740_158856674,0.9728195
20241107_110740_404829888,0.03207498
20241107_110740_654249721,-0.16534375
20241107_110740_905356181,0.025737682
20241107_110741_418660710,0.0027350578
20241107_110741_917465108,0.6438016
20241107_110742_156627261,1.3671516
20241107_110742_406172723,0.4111139
20241107_110742_655769772,0.45009613
20241107_110742_905531416,0.22741042
20241107_110743_154617020,0.29170883
20241107_110743_409051996,0.42972392
20241107_110743_654131361,0.3294261
20241107_110743_904547502,0.19193529
20241107_110744_146783846,0.12887816
20241107_110744_402775674,0.17627053
20241107_110744_652123285,0.32632527
20241107_110744_895861035,0.27484035
20241107_110745_147028624,0.13700764
20241107_110745_394726959,0.203552
20241107_110745_643146390,0.2795763
20241107_110745_891750946,0.15826432
20241107_110746_144136546,0.10668758
20241107_110746_395232916,-0.118620776
20241107_110746_649531588,0.06600932
20241107_110746_905255330,0.33404925
20241107_110747_154453812,0.17860983
20241107_110747_407682062,0.23292403
20241107_110747_650871930,0.014349142
20241107_110747_901827762,0.0385646
20241107_110748_144889939,0.07694379
20241107_110748_400431193,0.082839765
20241107_110748_652439317,-0.00045259856
20241107_110748_895474330,0.011894504
20241107_110749_145494026,0.045828678
20241107_110749_641602898,0.09516958
20241107_110749_893396346,0.08701352
20241107_110750_397813722,0.062111653
20241107_110750_647135041,0.00037232973
20241107_110750_893380412,0.2595156
20241107_110751_148168495,0.2729907
20241107_110751_393622951,0.17450474
20241107_110751_643191630,0.11341403
20241107_110751_896309569,0.09432957
20241107_110752_142905416,0.08083693
20241107_110752_400934348,0.076946415
20241107_110752_650627277,0.030651012
20241107_110752_898078804,0.06060884
20241107_110753_154793166,0.037126876
20241107_110753_396586947,-0.20372899
20241107_110753_649628856,0.05154442
20241107_110753_912763501,-0.0145240035
20241107_110754_405775111,-0.13988318
20241107_110754_646561885,-0.08360543
20241107_110754_905761830,-0.064245425
20241107_110755_147111834,-0.052502118
20241107_110755_399717563,0.1162237
20241107_110755_644040306,0.18507904
20241107_110755_896615844,-0.0549741
20241107_110756_143975540,-0.032140814
20241107_110756_642735973,-0.036955856
20241107_110757_143343262,0.18869686
20241107_110757_401621500,1.6583173
20241107_110757_651539341,0.27186742
20241107_110757_897475521,0.050096072
20241107_110758_151066836,-0.44405636
20241107_110758_400846381,-0.40560535
20241107_110758_655658617,-0.37611112
20241107_110758_902522225,-0.30760995
20241107_110759_159951136,-0.30889687
20241107_110759_410096042,-0.29870048
20241107_110759_653742160,-0.2714983
20241107_110759_903040940,-0.2424405
20241107_110800_144150182,-0.051623493
20241107_110800_402007022,-0.031136265
20241107_110800_653119480,-0.09446745
20241107_110800_906248565,-0.104569696
20241107_110801_150084919,-0.10282358
20241107_110801_398752785,-0.122733615
20241107_110801_652507432,-0.11461469
20241107_110801_918907322,0.048403807
20241107_110802_168258924,0.0688184
20241107_110802_416441203,0.09598667
20241107_110802_659473823,0.09935371
20241107_110802_909898581,0.109505124
20241107_110803_151255411,0.3909216
20241107_110803_396114571,1.6846547
20241107_110803_645852792,0.7514377
20241107_110803_908310029,-0.4403991
20241107_110804_150422601,-0.35130286
20241107_110804_397688656,-0.7885554
20241107_110804_644471673,-0.41135404
20241107_110804_901923604,0.9231072
20241107_110805_145162418,0.778421
20241107_110805_397074912,0.23958026
20241107_110805_652283049,-0.42783886
20241107_110805_902982045,-0.14094408
20241107_110808_148254223,-0.085205756
20241107_110808_893880427,0.11769376
20241107_110809_146540147,0.119587995
20241107_110809_400484572,0.060852505
20241107_110809_892523281,0.01838378
20241107_110810_642561386,-0.01886638
20241107_110810_894291133,0.030266205
20241107_110811_144213034,0.018561283
20241107_110811_397188072,0.059617884
20241107_110811_646937771,0.070367016
20241107_110811_898779630,0.052464463
20241107_110812_147267980,0.17885731
20241107_110812_396859549,0.5995154
20241107_110812_654119166,0.3199379
20241107_110812_907755958,0.26181707
20241107_110813_150393075,0.77417207
20241107_110813_409628454,1.6828917
20241107_110813_653592287,0.54641944
20241107_110813_898629655,0.98426944
20241107_110814_644324622,0.86815166
20241107_110814_898531045,0.2136287
20241107_110815_152422076,-0.31832537
20241107_110815_401958946,-0.04406672
20241107_110815_650271973,-0.012384435
20241107_110815_899862611,-0.2046427
20241107_110816_906343417,-0.10416859
20241107_110817_406385017,-0.04420971
20241107_110817_649100433,-0.050928466
20241107_110817_897403125,0.0046223197
20241107_110818_150168900,0.14287058
20241107_110818_398748406,0.1327732
20241107_110819_143350065,0.07151032
20241107_110819_644477167,0.055471726
20241107_110819_899851739,0.10288096
20241107_110820_395306449,0.051084854
20241107_110821_647073966,-0.043829583
20241107_110821_897772916,-0.023192426
20241107_110822_398975633,-0.026086053
20241107_110822_657019435,0.08089325
20241107_110823_642785636,0.03131119
20241107_110823_905559868,-0.001055466
20241107_110824_149493422,0.0032888446
20241107_110826_644029354,0.00016001798
20241107_110826_903650313,-0.16043343
20241107_110827_403486232,-0.106299244
20241107_110827_650590577,-0.08211132
20241107_110827_897736789,-0.028390786
20241107_110828_144886076,0.14090683
20241107_110829_143155298,0.07761321
20241107_110829_646175139,0.04717896
20241107_110829_898906147,0.029070297
20241107_110830_152352205,0.06635735
20241107_110830_402891046,-0.11195814
20241107_110830_647264322,-0.2859142
20241107_110831_146123772,-0.0892873
20241107_110831_645661689,-0.0835829
20241107_110831_898324946,-1.3462578
20241107_110832_147072020,-0.97851825
20241107_110832_395489104,-0.35434002
20241107_110832_641888839,-1.9019147
20241107_110832_896373179,-1.8635683
20241107_110833_145273290,0.6997312
20241107_110833_397108817,-0.22606035
20241107_110833_656879604,-0.2553288
20241107_110833_904297065,-0.13717152
20241107_110834_151214010,-0.17348464
20241107_110834_408742573,-0.23859574
20241107_110834_898247310,-0.2326019
20241107_110835_395487365,-0.22680451
20241107_110835_641202893,-0.3024365
20241107_110835_894145106,-0.54717046
20241107_110836_143395176,-0.44082025
20241107_110836_402343676,-0.4415432
20241107_110837_164769242,-0.3783281
20241107_110837_415247133,-0.48794818
20241107_110837_919293113,-0.35163733
20241107_110838_167413662,-0.058758162
20241107_110838_413507611,-0.0047337376
20241107_110838_667200323,-0.086020015
20241107_110839_161168935,-0.09416058
20241107_110839_403382438,-0.06521311
20241107_110839_893449295,-0.3261939
20241107_110841_395159432,-0.25735337
20241107_110841_642284061,-0.93074733
20241107_110841_896304052,-0.56103843
20241107_110842_142574214,-0.25308543
20241107_110842_398610565,-0.31807745
20241107_110842_646203177,-0.14147423
20241107_110842_894288762,-0.26400334
20241107_110843_645955731,-0.3388387
20241107_110843_894370353,-0.17670114
20241107_110844_142771472,-0.11433416
20241107_110844_406105594,-0.15513198
20241107_110845_397036205,-0.1781223
20241107_110845_647197084,-0.7605577
20241107_110845_897005924,-0.7923638
20241107_110846_395964701,-0.39759007
20241107_110846_643471389,-0.60581136
20241107_110846_893150233,-0.6550903
20241107_110847_653849048,-0.4606755
20241107_110847_898055360,-0.17988612
20241107_110848_146784472,0.27191475
20241107_110848_398428852,0.87804234
20241107_110848_657190967,0.7720651
20241107_110848_900903173,0.35706344
20241107_110849_403431710,0.5532357
20241107_110849_650743788,0.5795585
20241107_110849_895981693,1.9767967
20241107_110850_148633540,-0.8249952
20241107_110850_406368407,-0.32724476
20241107_110850_648741308,-0.25116715
20241107_110850_894977238,-0.17692746
20241107_110851_649072103,0.7617247
20241107_110851_906104866,-0.006850144
20241107_110852_404769217,-0.05597373
20241107_110852_895824710,-0.2679328
20241107_110853_143515825,0.5864146
20241107_110853_396234480,0.17580919
20241107_110853_644572107,0.18449055
20241107_110854_144927930,0.14397512
20241107_110854_397199257,0.36043793
20241107_110854_640488971,0.8780248
20241107_110854_897978843,0.7213576
20241107_110855_148410547,0.6040669
20241107_110855_409535236,0.5079774
20241107_110855_646555624,0.38414174
20241107_110855_892846250,0.042382605
20241107_110856_152125218,0.11328418
20241107_110856_401510837,0.1657681
20241107_110857_147633843,0.41904837
20241107_110857_397632038,0.44009465
20241107_110857_891461772,0.38595024
20241107_110858_142212788,0.87360334
20241107_110858_389305922,0.62919897
20241107_110858_640295464,0.6164899
20241107_110859_406639021,1.1236817
20241107_110859_642303412,0.6596644
20241107_110900_657949761,0.683515
20241107_110900_902907179,-0.7924462
20241107_110901_145971720,-0.61001474
20241107_110901_400402800,-0.5340311
20241107_110901_656077712,-0.45071355
20241107_110901_905811480,-0.44427443
20241107_110902_158436660,0.21362862
20241107_110902_416786538,0.09796022
20241107_110902_664784592,0.07295583
20241107_110902_912005449,0.12530373
20241107_110903_159127712,0.43905196
20241107_110903_415219756,0.41930786
20241107_110903_656760755,0.28631738
20241107_110903_903098079,0.3043383
20241107_110904_401070765,0.31380105
20241107_110905_155674734,0.23112164
20241107_110905_397717378,0.24207686
20241107_110905_646969170,0.2751282
20241107_110907_147501069,0.34259817
20241107_110908_146203624,0.2580034
20241107_110908_393494793,0.14473589
20241107_110909_142728035,0.20821138
20241107_110909_644024111,0.17210151
20241107_110910_150374968,0.1884944
20241107_110910_391404830,0.32430145
20241107_110910_643337824,0.2340541
20241107_110910_890881536,0.21604802
20241107_110911_140944462,0.14684112
20241107_110911_398814987,0.103810646
20241107_110911_661380572,-0.26165202
20241107_110911_908909499,-0.14099537
20241107_110912_158601423,0.000781158
20241107_110912_414471601,0.4350997
20241107_110912_663367108,0.3390095
20241107_110912_909540000,0.15008952
20241107_110913_148247024,0.0945215
20241107_110913_646004254,0.2200452
20241107_110913_901736326,1.2100405
20241107_110914_148081109,0.7659621
20241107_110914_398826864,0.5614199
20241107_110914_642650140,0.35219383
20241107_110914_891175040,-0.46255192
20241107_110915_146264198,-0.7107347
20241107_110915_403831527,-0.13994153
20241107_110915_646490063,-0.19322507
20241107_110915_896865801,-0.37448117
20241107_110916_144752769,-0.4037081
20241107_110916_397509318,-0.014520489
20241107_110916_903766413,-0.1096574
20241107_110917_157121672,-0.10665738
20241107_110917_414270699,-0.09083947
20241107_110917_662236924,0.123615585
20241107_110917_905561270,0.8578071
20241107_110918_151872293,0.25677
20241107_110918_411902332,0.42711464
20241107_110918_902436684,-0.92435443
20241107_110919_150512644,-0.42110425
20241107_110919_397766270,-0.445817
20241107_110919_643564173,-0.2811216
20241107_110919_914779166,-0.55554026
20241107_110920_148856923,-0.207791
20241107_110920_643077477,-0.31484616
20241107_110921_391516392,-0.2955797
20241107_110921_891209535,-1.2493039
20241107_110922_140405486,-0.87554586
20241107_110923_656307571,-0.46619394
20241107_110923_909149444,-0.5557302
20241107_110924_147325868,-0.5509339
20241107_110924_400780622,-0.54698247
20241107_110924_651448818,-0.07810605
20241107_110924_900906187,1.0823852
20241107_110925_160619129,0.6358647
20241107_110925_424419608,-0.8484446
20241107_110925_660727009,-0.20197487
20241107_110925_907917818,-0.2802869
20241107_110926_149060591,-0.8127314
20241107_110926_394461974,-0.4927304
20241107_110926_642578443,-1.1672028
20241107_110926_897171569,-0.70115924
20241107_110927_143433372,-0.6515008
20241107_110927_395385861,-0.65730625
20241107_110927_642146847,-0.62510043
20241107_110927_897946161,-0.19261414
20241107_110928_146147504,-0.39517745
20241107_110928_402787977,-0.56484944
20241107_110928_650308151,-0.5391477
20241107_110929_440678109,-0.468567
20241107_110929_651740823,1.018304
20241107_110929_906425709,-0.3410646
20241107_110930_160577693,-0.28356785
20241107_110930_417061632,-0.3027999
20241107_110930_662670590,-0.40037417
20241107_110931_173064750,-0.41029635
20241107_110931_420284332,-0.32407472
20241107_110931_902314909,-0.3199472
20241107_110932_154104846,-0.3259593
20241107_110932_656504752,-0.06870415
20241107_110932_903995759,-0.04942584
20241107_110933_146433757,-0.10674854
20241107_110933_395685576,-0.12145802
20241107_110933_657987769,-0.14491053
20241107_110934_144930906,-0.14653899
20241107_110934_398704234,-0.1044124
20241107_110934_652547752,-0.028998932
20241107_110934_902633226,0.42435303
20241107_110935_148059915,0.41601852
20241107_110935_408220204,0.30794257
20241107_110935_655322484,0.26304406
20241107_110935_903667214,0.15511142
20241107_110936_149438746,-0.13830133
20241107_110936_397303761,-0.09324028
20241107_110936_642397814,-0.3661017
20241107_110936_892036716,-0.13021012
20241107_110937_144507159,-0.098801576
20241107_110937_406932037,-0.076577984
20241107_110937_647477472,-0.07523682
20241107_110938_141775961,-0.06732311
20241107_110938_392127639,0.023894588
20241107_110938_641132901,0.078722455
20241107_110939_146639383,0.023141185
20241107_110939_394676667,0.047969557
20241107_110939_891766710,0.025933364
20241107_110940_643764936,0.042350926
20241107_110941_406144274,0.0121883545
20241107_110941_648488751,-0.32904482
20241107_110941_899080739,-0.7097871
20241107_110942_152141248,-0.5779749
20241107_110942_403741845,-0.50374126
20241107_110942_893317571,-0.51262355
20241107_110943_143793649,-0.4621623
20241107_110943_397617265,-0.4689603
20241107_110943_641479513,-0.48835203
20241107_110943_894224914,-0.23444004
20241107_110944_144252498,-0.80489033
20241107_110944_393529369,-0.12406163
20241107_110944_643031360,0.48076257
20241107_110944_892921844,0.16727678
20241107_110945_159833415,-0.31076005
20241107_110945_413360500,-0.74163705
20241107_110945_656014389,-0.45485312
20241107_110945_904020475,-0.47430176
20241107_110946_149586063,-0.62015533
20241107_110946_399119073,-0.8690228
20241107_110946_660022269,-1.91756
20241107_110946_919477511,0.6974061
20241107_110947_177385192,1.0787468
20241107_110947_428715806,0.28140274
20241107_110947_672529944,-0.03527441
20241107_110947_909743396,-0.17005466
20241107_110948_159251740,-0.05988627
20241107_110948_411423963,-0.04215976
20241107_110948_644781598,-0.00045891665
20241107_110948_895852801,0.14463852
20241107_110949_145537942,0.19434528
20241107_110949_399848833,0.40209788
20241107_110949_648365080,0.18413968
20241107_110949_905921745,0.1269779
20241107_110950_396448269,0.075428165
20241107_110950_646955679,0.15650173
20241107_110950_903877280,0.022283891
20241107_110951_398368091,0.00040487386
20241107_110951_898950781,0.07586459
20241107_110952_143410077,0.06735281
20241107_110952_394627294,0.021851042
20241107_110952_644030160,0.043958224
20241107_110952_904142540,0.054305054
20241107_110953_648323136,0.5204076
20241107_110953_907465838,0.64342785
20241107_110954_148721205,0.32503203
20241107_110954_404548423,1.0776137
20241107_110954_648184126,0.48796126
20241107_110954_895892231,0.10288713
20241107_110955_155892897,0.32479778
20241107_110955_402366224,0.3094838
20241107_110955_648497047,0.35184205
20241107_110955_893074874,0.070897765
20241107_110956_144643936,0.085557975
20241107_110956_642397289,0.15833266
20241107_110956_891374344,0.17824306
20241107_110957_141692765,0.25336337
20241107_110957_403327769,-1.1259924
20241107_110957_650239405,-0.8648863
20241107_110957_904614299,-0.51177204
20241107_110958_154390622,-0.18434285
20241107_110958_403682872,-0.22888787
20241107_110958_647686167,-0.47771245
20241107_110958_904633978,-0.19759025
20241107_110959_411819411,-0.22372378
20241107_110959_654156396,-0.40782374
20241107_110959_914530486,-0.14755274
20241107_111000_150382588,-0.20920797
20241107_111000_395923047,-0.22994198
20241107_111000_900814950,-0.2867143
20241107_111001_149454864,-0.22626479
20241107_111001_401354362,-0.18864055
20241107_111001_646434597,-0.046673775
20241107_111001_902729104,-0.043487903
20241107_111002_153825049,0.6848215
20241107_111002_406423429,1.2677509
20241107_111002_652645203,1.4387603
20241107_111002_904659892,0.83407366
20241107_111003_144656322,0.613756
20241107_111003_397897068,0.63123703
20241107_111004_398094456,0.64816433
20241107_111004_895467180,0.67376333
20241107_111005_146138596,1.1761837
20241107_111005_400287052,1.857643
20241107_111005_646276287,-0.5985941
20241107_111005_897598318,-0.41466776
20241107_111006_145329996,-0.21286054
20241107_111006_401869510,0.025256412
20241107_111006_649348733,0.39035818
20241107_111006_904584806,0.29320747
20241107_111007_146596984,0.24217229
20241107_111007_640059619,0.23774593
20241107_111007_893074635,0.20978695
20241107_111008_141153282,0.24095277
20241107_111008_395404519,0.22704636
20241107_111008_901203203,-0.20828973
20241107_111009_144146783,-0.25982985
20241107_111009_401864356,-0.02969282
20241107_111009_657574894,0.07734144
20241107_111010_144138299,-0.017916253
20241107_111010_393302154,0.013681153
20241107_111010_896580477,0.05420298
20241107_111011_154983739,0.06627063
20241107_111011_402771832,0.019747594
20241107_111012_396663556,-0.011213323
20241107_111012_646285791,-0.27416575
20241107_111012_898626579,-1.1758534
20241107_111013_147935182,-0.5427771
20241107_111013_399350860,-0.30359718
20241107_111013_644804171,-0.45008734
20241107_111013_893668241,-0.5635819
20241107_111014_146967939,-2.820962
20241107_111014_399708554,-0.064997695
20241107_111014_648875839,-0.2115602
20241107_111014_899473778,-0.20975693
20241107_111015_148238179,-0.18999307
20241107_111015_402208357,-0.27673724
20241107_111015_650349239,-0.31338128
20241107_111015_905424494,-0.32449862
20241107_111016_149470135,-0.31581166
20241107_111016_399015506,-0.21939616
20241107_111016_650521606,-0.41704854
20241107_111016_905574638,-0.7924821
20241107_111017_150391592,-1.0788926
20241107_111017_406577156,-0.6691546
20241107_111017_647405666,-0.62932706
20241107_111017_899959224,-0.6669572
20241107_111018_151886299,-0.6948858
20241107_111018_405675047,-0.7092735
20241107_111018_648323285,-0.057695433
20241107_111018_896688849,-0.27689767
20241107_111019_148805112,-0.28952822
20241107_111019_410497048,-0.28690252
20241107_111019_660888025,-0.22728504
20241107_111019_906611102,-0.22859459
20241107_111020_647071560,-0.07946496
20241107_111020_906618849,-0.1710508
20241107_111021_150462503,-0.1917112
20241107_111021_398893203,-0.27981713
20241107_111021_651144888,0.015557522
20241107_111021_895571221,-0.24088626
20241107_111022_153010835,-0.17202915
20241107_111022_397836239,-0.19518258
20241107_111022_895075238,-0.46627814
20241107_111023_141517942,-0.8223258
20241107_111023_392771280,-0.17624815
20241107_111023_641108292,0.01980487
20241107_111023_902057649,-0.15662883
20241107_111024_394067729,-0.43520877
20241107_111024_645409119,-0.7497515
20241107_111024_897419595,-0.84403557
20241107_111025_146253144,-0.44931763
20241107_111025_401355039,-0.25150782
20241107_111025_643509349,-0.0009757951
20241107_111025_893244576,0.06669693
20241107_111026_139803239,0.16658963
20241107_111026_391139767,-0.09881868
20241107_111026_640869157,-0.08202609
20241107_111026_890773139,-0.09262996
20241107_111027_140387505,0.47365972
20241107_111027_396016444,0.8410045
20241107_111027_645941140,0.4703452
20241107_111027_896655884,0.27662557
20241107_111029_140285503,0.23377652
20241107_111029_414657141,0.28283206
20241107_111029_642740053,0.17107518
20241107_111029_892848133,0.2301002
20241107_111030_146359064,0.10673592
20241107_111030_393576064,0.15076162
20241107_111031_147416356,0.15349935
20241107_111031_899478504,0.14771374
20241107_111032_143457569,0.17385824
20241107_111032_394561996,0.1626224
20241107_111032_899034018,0.1694463
20241107_111033_648238118,0.054036833
20241107_111034_404018845,0.3822462
20241107_111034_644331366,0.27257037
20241107_111034_899078582,0.25326583
20241107_111035_144515380,0.32040584
20241107_111035_392078566,0.34971908
20241107_111035_639941241,2.2293212
20241107_111035_902735562,-0.6130426
20241107_111036_155307959,0.6784971
20241107_111036_397735458,-0.22390206
20241107_111036_648526419,-0.1501344
20241107_111036_896670544,-0.17187543
20241107_111037_142049645,-0.15544362
20241107_111037_391245526,-0.21041806
20241107_111038_141284512,-0.15848173
20241107_111038_390105906,-0.21137878
20241107_111038_894947750,-0.2382664
20241107_111039_136967482,-0.22755088
20241107_111039_388292513,-0.26330113
20241107_111039_637362133,-0.164687
20241107_111039_895459879,-0.18330325
20241107_111040_148166391,-0.15463114
20241107_111040_897753621,-0.2053804
20241107_111041_638571916,-0.18073891
20241107_111041_888324343,-0.19968222
20241107_111042_139725280,-0.1258334
20241107_111042_391475785,-0.1344905
20241107_111044_142388483,-0.15893428
20241107_111044_390925297,-0.18044801
20241107_111044_638569235,-0.3381355
20241107_111044_890350375,-0.37192234
20241107_111045_138349317,-0.23394243
20241107_111045_391781888,-0.24901621
20241107_111045_642928007,-0.22384329
20241107_111049_144500857,-0.24386467
20241107_111049_391095470,-0.312525
20241107_111049_639692217,-0.30437285
20241107_111049_892423998,-0.36940524
20241107_111050_145044364,0.20640805
20241107_111050_400283204,0.86843795
20241107_111050_648911148,0.43114638
20241107_111052_643927330,0.40120545
20241107_111054_139519856,0.40669146
20241107_111054_393846831,0.34302837
20241107_111054_647714652,0.14068498
20241107_111054_906324958,-0.24274333
20241107_111055_150910701,-0.9964779
20241107_111055_401566902,-0.20377992
20241107_111055_652191545,-0.22400726
20241107_111055_913259487,-0.29722348
20241107_111056_158379797,-0.26933435
20241107_111056_412532368,-0.24585079
20241107_111056_652791543,-0.27894166
20241107_111057_145930962,-0.18388493
20241107_111057_646620594,-0.2694777
20241107_111057_897312114,-0.27291113
20241107_111058_151834120,-0.2805826
20241107_111059_650375588,-0.18976386
20241107_111101_391335217,-0.19463186
20241107_111101_644806755,0.17467722
20241107_111101_903705270,1.5606107
20241107_111102_156882049,0.35936132
20241107_111102_413816283,-0.45837146
20241107_111102_655667727,-0.6121749
20241107_111102_901186634,0.73689246
20241107_111103_148391235,0.19927554
20241107_111103_406811366,0.5963079
20241107_111103_649085887,0.97707075
20241107_111103_905200896,0.7259076
20241107_111104_402568502,0.26451877
20241107_111104_646858722,-0.10922467
20241107_111104_904206383,-0.04852783
20241107_111105_164616682,-0.05555024
20241107_111105_646673001,-0.030337652
20241107_111106_403201726,-0.21707274
20241107_111106_647297684,-0.1454982
20241107_111106_905520388,-0.09046673
20241107_111107_149471192,-0.14351745
20241107_111107_396115818,-0.121495925
20241107_111107_650625698,-0.14467402
20241107_111109_395984223,-0.14987879
20241107_111109_657558039,-0.17901592
20241107_111109_900243150,-0.19771521
20241107_111110_398233932,-0.5720839
20241107_111110_651650209,-0.5683734
20241107_111110_906595668,-0.3249112
20241107_111111_654729620,-0.2796705
20241107_111111_908961597,-0.25236163
20241107_111112_644484347,-0.31193462
20241107_111112_894173389,-0.2980145
20241107_111113_143886604,-0.24033852
20241107_111113_402740504,-0.23187102
20241107_111114_150917553,-0.8165776
20241107_111114_398497533,0.110920735
20241107_111114_650895814,0.13078648
20241107_111114_914148958,0.011771658
20241107_111115_166943167,-0.22833996
20241107_111115_416839116,-0.27207166
20241107_111115_664613754,-0.1808762
20241107_111115_921763566,-0.21791194
20241107_111116_172167768,-0.535553
20241107_111116_412303789,-0.3872662
20241107_111116_652717528,-0.31174433
20241107_111116_903438435,-0.1653065
20241107_111117_149136580,-0.14347775
20241107_111117_402982833,0.1809502
20241107_111117_649539150,0.24301054
20241107_111117_906230081,0.5389108
20241107_111118_146531707,-0.2181601
20241107_111118_400479241,-0.52638245
20241107_111118_649629978,-0.2995917
20241107_111118_898886337,-0.42766377
20241107_111119_405840130,-0.3035616
20241107_111119_903110453,-0.014036944
20241107_111120_155266496,0.52404624
20241107_111120_401031370,0.16251977
20241107_111120_645356991,0.12025637
20241107_111121_141755812,0.119071476
20241107_111121_650590791,0.4481916
20241107_111121_907011803,0.14786473
20241107_111122_149975468,0.07628154
20241107_111122_400176335,0.10438106
20241107_111122_639243294,0.4487287
20241107_111122_896847575,0.22916155
20241107_111123_391451962,0.13701312
20241107_111123_641507148,0.5182021
20241107_111123_904554173,0.7599204
20241107_111124_147929191,0.45278466
20241107_111124_405282206,0.46108112
20241107_111124_658888243,0.41433713
20241107_111125_398530630,0.42876634
20241107_111125_649973310,0.42405695
20241107_111126_652465229,0.4230809
20241107_111126_899070294,0.2103241
20241107_111127_142005979,0.5158544
20241107_111127_391751524,0.27473035
20241107_111127_643267766,0.34848604
20241107_111127_895680561,0.7668421
20241107_111129_415161428,0.6102174
20241107_111130_393115957,0.7053823
20241107_111130_892708753,0.3008119
20241107_111131_141275520,0.49655005
20241107_111131_897227162,0.64779675
20241107_111132_143079264,0.70269907
20241107_111132_396250053,-0.5643696
20241107_111132_656142741,-0.4816819
20241107_111132_912948144,-0.41244337
20241107_111133_167267714,0.32377917
20241107_111133_426827828,0.33201903
20241107_111133_661428029,0.20940425
20241107_111133_904642886,0.19476028
20241107_111134_145754181,0.026358465
20241107_111134_398919985,0.01626126
20241107_111134_644106452,0.16593574
20241107_111134_895580254,0.2153342
20241107_111135_143050728,0.16277654
20241107_111135_395315373,0.31591004
20241107_111135_642302735,0.19372435
20241107_111135_894314502,0.079029925
20241107_111136_146582035,0.07171143
20241107_111136_394599336,-0.081782185
20241107_111136_641444212,-0.032468997
20241107_111136_895954112,-0.17329253
20241107_111137_647080756,-0.05628725
20241107_111138_390509246,-0.08165815
20241107_111138_643602326,-0.08442729
20241107_111138_891682283,-0.5343716
20241107_111139_141097355,-1.6896788
20241107_111139_392759650,-0.5396118
20241107_111140_144406157,-0.5740599
20241107_111140_398955279,-0.32740298
20241107_111140_647048041,-0.20815225
20241107_111141_399858685,0.011458149
20241107_111141_894068856,-0.06650504
20241107_111142_897878834,-0.48607275
20241107_111143_140649820,-0.23775594
20241107_111143_636338682,-0.18989544
20241107_111143_891254568,-0.26021287
20241107_111144_141516551,-0.24255218
20241107_111145_141621555,-0.27318618
20241107_111147_400192257,-0.2876521
20241107_111147_644349368,-0.17085059
20241107_111147_897353996,-0.6365642
20241107_111148_148368446,-0.6104849
20241107_111149_642217460,-0.4622614
20241107_111150_658653510,-0.62446064
20241107_111150_903112289,1.288758
20241107_111151_148484144,0.6076001
20241107_111151_397245652,0.37437966
20241107_111151_643415263,0.47802898
20241107_111151_901627522,0.56793064
20241107_111152_142458434,0.5382734
20241107_111152_397662867,0.5849139
20241107_111152_641943465,1.178158
20241107_111152_891655337,1.3222761
20241107_111153_143147268,0.9229684
20241107_111153_394769561,0.8954324
20241107_111153_898316472,0.9009629
20241107_111154_142497548,0.73980826
20241107_111154_395590694,0.83467615
20241107_111154_651127768,0.81850785
20241107_111154_909811147,-0.5993405
20241107_111155_149175996,0.5740724
20241107_111155_392300420,0.32173905
20241107_111155_638051784,-0.5344002
20241107_111155_892511967,-0.053864963
20241107_111157_638761522,-0.08116129
20241107_111157_892661501,-0.13086906
20241107_111158_150742734,0.1268331
20241107_111158_398121923,0.088871874
20241107_111158_643691343,-0.0017403681
20241107_111158_901971511,-0.0033488106
20241107_111159_149363850,-0.631896
20241107_111159_407742079,-0.8611626
20241107_111200_142868283,-0.7575755
20241107_111200_914773302,-0.5467494
20241107_111201_162782124,0.14263062
20241107_111201_417783567,-0.034435317
20241107_111201_667481087,0.05571369
20241107_111201_914744131,0.022007087
20241107_111202_163412905,-0.0031283107
20241107_111202_418001062,-0.025093665
20241107_111202_903008117,-0.03455516
20241107_111203_399547100,-0.041869484
20241107_111203_904852076,-0.1303214
20241107_111204_393004153,-0.06852617
20241107_111204_641882220,-0.05814352
20241107_111205_401113686,-0.041308723
20241107_111205_659549181,-0.03802701
20241107_111205_906246158,-0.0516397
20241107_111206_639798581,-0.056404494
20241107_111206_900183222,0.04918591
20241107_111207_401000649,-0.032965682
20241107_111207_646982014,0.049097545
20241107_111207_906515995,-0.0066117253
20241107_111208_145452467,-0.016296646
20241107_111208_400116577,-0.02925392
20241107_111208_907268627,0.0044203494
20241107_111209_165379852,-0.019622883
20241107_111210_150151861,-0.01206263
20241107_111210_652257467,0.026176969
20241107_111210_894037157,0.007987598
20241107_111211_396704491,0.061266758
20241107_111211_641975965,0.014597336
20241107_111213_144619648,-0.03622236
20241107_111213_639634709,-0.12174191
20241107_111213_894003178,-0.06745922
20241107_111214_141717634,-0.069119
20241107_111214_896508273,-0.06786021
20241107_111215_911908425,-0.16063397
20241107_111217_409482838,-0.21451212
20241107_111217_647487349,-0.10509869
20241107_111217_895059296,-0.10334363
20241107_111219_903207725,-0.06568324
20241107_111220_145695867,-0.11589911
20241107_111220_397099023,-0.099282585
20241107_111220_643320610,-0.105261855
20241107_111221_136912970,-0.095012955
20241107_111221_892748178,-0.062911056
20241107_111222_390550145,-0.06528842
20241107_111222_638243264,-0.05452972
20241107_111222_887727598,-0.03367587
20241107_111223_137918815,0.03592766
20241107_111223_400796165,0.06940047
20241107_111223_644945257,2.286846
20241107_111223_894003467,-0.45938545
20241107_111224_148525279,-0.02780526
20241107_111224_402461744,-0.14432149
20241107_111224_653399469,-0.27425358
20241107_111224_899426459,-0.1091158
20241107_111225_139212296,-0.0729784
20241107_111225_394275333,-0.2442822
20241107_111225_645996333,-0.17581488
20241107_111225_899088528,-0.16169874
20241107_111226_142139250,0.07282061
20241107_111226_397666384,-0.009469232
20241107_111227_387340451,-0.049515985
20241107_111227_636369202,-0.13824342
20241107_111227_887467621,-0.23856859
20241107_111228_137699274,-0.17011319
20241107_111228_390333169,-0.12607165
20241107_111228_642185879,-0.06139805
20241107_111228_891837064,-0.04109209
20241107_111229_141216973,-0.032622896
20241107_111229_409528136,0.028438011
20241107_111229_639940385,-0.1279247
20241107_111229_887704346,-0.14016671
20241107_111230_141127891,-0.107235365
20241107_111230_396401669,0.26026163
20241107_111230_637969428,0.12732305
20241107_111230_889695212,0.118339844
20241107_111231_141713691,0.11728812
20241107_111231_392990807,0.059869952
20241107_111231_641417742,0.15684102
20241107_111231_892370372,0.11854506
20241107_111232_139152307,0.107321955
20241107_111233_148020834,0.05916635
20241107_111233_891300828,-0.033735894
20241107_111234_139154153,-0.06945082
20241107_111234_390788768,-0.08892029
20241107_111235_638409046,-0.4302384
20241107_111235_886587482,-0.6819309
20241107_111236_136978940,-1.1231099
20241107_111236_384193617,-0.66522324
20241107_111236_634515226,-0.74929434
20241107_111236_888172369,-0.4743391
20241107_111237_142028361,0.007027531
20241107_111237_397208464,-0.14371626
20241107_111237_640179411,-0.18930952
20241107_111237_901428050,0.066715874
20241107_111238_162218859,0.11887071
20241107_111238_414514722,0.07117719
20241107_111238_654963804,0.21639498
20241107_111238_899461506,0.18714963
20241107_111239_145351712,0.16001366
20241107_111239_395920413,0.11884118
20241107_111239_645157936,0.12001339
20241107_111239_890109746,0.33911616
20241107_111240_147497921,0.20940043
20241107_111240_401524606,0.16235395
20241107_111240_648988231,0.11358712
20241107_111240_898244773,1.0873867
20241107_111241_149137389,1.1969246
20241107_111241_401286161,0.6052959
20241107_111241_899162228,0.4684512
20241107_111242_142198977,0.3960816
20241107_111242_389874371,0.17690061
20241107_111242_641525541,0.04652015
20241107_111242_904802111,-0.19022019
20241107_111243_160368646,-0.2265162
20241107_111243_403128304,-0.11835363
20241107_111243_657374246,-0.2659102
20241107_111243_901929037,-1.1036462
20241107_111244_151822772,-0.50257814
20241107_111244_401786149,-0.0728695
20241107_111244_647528550,1.3363953
20241107_111244_902349395,-0.57442176
20241107_111245_160510999,-0.30764347
20241107_111245_405808945,-0.6320036
20241107_111245_651106740,-0.8674149
20241107_111246_147055636,-0.7712803
20241107_111246_648217952,-0.20118798
20241107_111246_898171020,0.11005101
20241107_111247_154137763,0.13476668
20241107_111247_410281887,0.16123377
20241107_111247_655843098,0.19061862
20241107_111248_156148925,0.7821943
20241107_111248_660001935,0.30873972
20241107_111249_149454543,0.27509817
20241107_111249_653525856,0.32674313
20241107_111249_902215007,0.31096864
20241107_111250_402527096,0.2196473
20241107_111250_901401552,-0.1909144
20241107_111251_150823598,-0.119556926
20241107_111251_394291258,-1.1080147
20241107_111251_654121584,-0.5203094
20241107_111251_908231697,-0.50410914
20241107_111252_150110355,-0.8184227
20241107_111252_399290802,-0.7769849
20241107_111252_642801980,-0.87637293
20241107_111252_895274779,0.9701433
20241107_111253_144305572,0.20752509
20241107_111253_401909665,0.27579305
20241107_111253_895006824,0.50949377
20241107_111254_145758426,0.6831098
20241107_111254_402044399,0.61098516
20241107_111254_901140503,0.6285878
20241107_111255_168863892,-0.31112352
20241107_111255_411793175,-0.09851456
20241107_111255_657015678,-0.23648198
20241107_111255_905811486,-1.0201546
20241107_111256_148180079,1.0070231
20241107_111256_398007879,1.4776162
20241107_111256_649481021,0.4920319
20241107_111256_898572143,0.4427315
20241107_111257_144417571,0.37679073
20241107_111257_394755690,0.21815579
20241107_111257_650643560,0.3347087
20241107_111257_901508575,0.31786206
20241107_111258_147354173,0.22981842
20241107_111258_393908576,0.25682223
20241107_111258_658557617,0.3592187
20241107_111258_902276580,0.51018775
20241107_111259_158899151,0.23007126
20241107_111259_398379971,0.03765825
20241107_111259_656097327,0.15955187
20241107_111259_901706907,0.21452184
20241107_111300_158202504,0.4216746
20241107_111300_406717910,0.69349277
20241107_111300_664390675,1.1496316
20241107_111300_908721265,0.49770287
20241107_111301_153876887,0.1967548
20241107_111301_405168583,-0.08617579
20241107_111301_665088594,-0.2783685
20241107_111301_911405187,-1.7231326
20241107_111302_162493401,0.5166334
20241107_111302_413675360,1.2953225
20241107_111302_655260254,1.5403107
20241107_111302_912731231,1.1615748
20241107_111303_150078519,0.6838375
20241107_111303_402624754,0.78746384
20241107_111303_659862298,1.12264
20241107_111303_905559647,0.6320511
20241107_111304_146085674,1.5786114
20241107_111304_396467348,0.22026882
20241107_111304_642409180,-0.36666456
20241107_111304_905624075,0.022326661
20241107_111305_150456420,0.31253442
20241107_111305_397834382,0.2746261
20241107_111305_651955003,0.12170292
20241107_111305_901963177,0.47782853
20241107_111306_154235429,0.9088332
20241107_111306_400721780,1.1803901
20241107_111306_651052677,0.56422794
20241107_111306_909608719,1.3363786
20241107_111307_157956634,-0.76314104
20241107_111307_411745466,-0.57618284
20241107_111307_658144293,-0.46692467
20241107_111307_916627686,-0.50601983
20241107_111308_406023399,-0.6669752
20241107_111309_156481720,-0.75333464
20241107_111309_407866957,-0.59049255
20241107_111309_646890837,-0.25012723
20241107_111309_906863587,-0.16790055
20241107_111310_159643975,-0.13873999
20241107_111310_405767009,-0.21652885
20241107_111310_648463145,-0.1946844
20241107_111310_899854579,-0.15149166
20241107_111312_898847388,-0.123550855
20241107_111313_150240171,-0.17140497
20241107_111313_409262287,-0.013863822
20241107_111313_657419523,0.03909722
20241107_111314_147499851,-0.08387973
20241107_111314_400510896,-0.1013725
20241107_111314_641442373,-0.12610139
20241107_111315_151465986,-0.23236601
20241107_111315_391356907,-0.3256961
20241107_111315_637525784,-0.078714
20241107_111315_888760057,-0.22097583
20241107_111316_137532497,-0.121301524
20241107_111316_389079047,-0.19038285
20241107_111316_640352109,-0.30683225
20241107_111316_890678386,-0.34044373
20241107_111317_148166036,-0.38756767
20241107_111317_397736369,-0.3085856
20241107_111317_644515530,-0.29058015
20241107_111320_149485433,0.098328926
20241107_111320_404777843,0.49173465
20241107_111320_655769067,0.30470762
20241107_111320_899130100,0.13869719
20241107_111321_139348437,0.23412056
20241107_111321_394891834,0.29353812
20241107_111321_638977975,0.094326206
20241107_111321_895129937,0.08957199
20241107_111322_148492095,0.097077765
20241107_111322_911528626,-0.026576063
20241107_111323_154136455,0.019733945
20241107_111323_402047668,-0.10118761
20241107_111323_908735996,-0.25139698
20241107_111324_150732258,-0.07218196
20241107_111324_400551054,-0.052420728
20241107_111324_651979391,-0.053004198
20241107_111324_907991995,-0.0022674408
20241107_111325_411852060,-0.112849854
20241107_111325_651928670,-0.1821431
20241107_111326_153600167,-0.12206208
20241107_111326_651925436,-0.124488436
20241107_111326_900969873,-0.11359649
20241107_111327_408365340,-0.118948154
20241107_111328_147142091,-0.16485856
20241107_111329_412473602,-0.1265421
20241107_111329_660379091,-0.27284464
20241107_111329_899304249,-0.19978966
20241107_111330_642120842,-0.120826624
20241107_111330_900689136,0.062287956
20241107_111331_144032949,-0.08010205
20241107_111331_393829501,0.09876365
20241107_111331_642990060,0.18353143
20241107_111331_893159366,0.3218677
20241107_111332_144557596,0.13015674
20241107_111332_396895632,0.10021401
20241107_111333_637979737,0.1101319
20241107_111333_891250585,0.10859347
20241107_111334_893402338,0.084335454
20241107_111335_901934148,-0.031431995
20241107_111336_148179696,-0.03144964
20241107_111336_643765463,0.105915464
20241107_111336_896721273,-0.101540886
20241107_111337_141297908,-0.07927867
20241107_111337_389333142,-0.065462254
20241107_111337_895218004,-0.014746299
20241107_111338_138840872,-0.03357943
20241107_111338_394843209,-0.038646005
20241107_111338_644487374,0.0570795
20241107_111338_893085728,-0.023685476
20241107_111339_644999212,-0.004611036
20241107_111339_896349231,-0.05343028
20241107_111340_904672005,-0.08592608
20241107_111341_636449853,0.058814444
20241107_111341_890434790,-0.0008675065
20241107_111342_637093483,-0.0091876
20241107_111342_893001327,0.13651036
20241107_111343_143155317,0.040033795
20241107_111343_390969254,0.13717353
20241107_111343_637308161,0.0678545
20241107_111343_887880961,0.016792992
20241107_111344_147390019,-0.1825823
20241107_111344_399173411,-0.2523914
20241107_111344_648391300,-0.26756054
20241107_111344_894363148,-0.17922522
20241107_111345_145724540,-0.12485387
20241107_111346_397648076,-0.17752121
20241107_111346_650456431,-0.16848649
20241107_111346_902259246,-0.19340296
20241107_111347_143518021,-0.24794514
20241107_111347_398603952,0.08780568
20241107_111347_643989975,0.14337938
20241107_111349_392176449,0.045194604
20241107_111350_901671567,-0.03168484
20241107_111351_137247819,-0.17560895
20241107_111351_393653821,-0.28779563
20241107_111351_651165338,-0.058382772
20241107_111351_915910376,-0.23669691
20241107_111352_157281383,-0.2589881
20241107_111352_405847670,-0.107304595
20241107_111352_647778448,-0.2850462
20241107_111352_893381863,-0.32682735
20241107_111353_143257630,-0.24097694
20241107_111353_392715920,-0.26362064
20241107_111353_640057629,-0.24103318
20241107_111353_893075439,-0.108198546
20241107_111354_141832093,-0.052294217
20241107_111354_389665891,-0.06666281
20241107_111354_642188021,0.08848838
20241107_111354_894470952,0.09409593
20241107_111355_140560827,0.047873296
20241107_111355_398002150,0.7741815
20241107_111355_648400452,0.24151017
20241107_111355_900710324,0.0027571712
20241107_111356_150987278,-0.013218483
20241107_111356_892984695,-0.02698948
20241107_111357_139293928,-0.13157345
20241107_111357_389946184,-0.09178164
20241107_111357_641091658,-0.047590457
20241107_111357_892124336,-0.012735328
20241107_111358_888529212,0.023691932
20241107_111359_139632820,0.3071327
20241107_111359_390890641,0.3719018
20241107_111359_645345477,0.2511289
20241107_111359_892735614,0.29499397
20241107_111400_151743438,1.1574794
20241107_111400_405922907,0.4005212
20241107_111400_661939217,0.34937254
20241107_111400_909515702,0.3395182
20241107_111401_153715873,0.17589091
20241107_111401_404652536,-0.01187869
20241107_111401_663755562,0.15342237
20241107_111401_918772231,0.28730798
20241107_111402_166908941,0.24541755
20241107_111402_418172152,0.24224074
20241107_111402_654572203,0.21071486
20241107_111403_144395648,0.21489732
20241107_111403_650741722,0.62498206
20241107_111403_913387122,0.636322
20241107_111404_152338095,0.4435101
20241107_111404_400207860,0.4364128
20241107_111405_911852939,0.4034241
20241107_111406_147329773,0.3895888
20241107_111406_402923963,0.3475457
20241107_111406_645472082,0.47910175
20241107_111406_895970269,0.8660773
20241107_111407_149047137,-0.118695654
20241107_111407_399330148,-0.61025125
20241107_111407_640864337,-0.5710785
20241107_111407_890977959,-0.6710948
20241107_111408_141173902,-0.5560809
20241107_111408_389130730,-0.48730746
20241107_111408_641497541,-1.2502831
20241107_111408_898365989,0.72007036
20241107_111409_141159970,0.4889615
20241107_111409_390624736,0.15785085
20241107_111409_646579628,0.22901557
20241107_111409_901901185,0.269713
20241107_111410_141302317,0.32186028
20241107_111410_398923506,0.27450868
20241107_111410_899333742,0.85146856
20241107_111411_150161703,0.5906108
20241107_111411_397065271,1.0835617
20241107_111411_643005218,0.57562816
20241107_111411_901308975,0.7426662
20241107_111412_146004015,0.6688506
20241107_111412_401734114,0.5269143
20241107_111412_651761176,0.49136892
20241107_111412_900962287,0.24271335
20241107_111413_147608934,0.20191304
20241107_111413_398980466,-0.017254135
20241107_111413_904352647,0.15800653
20241107_111414_159611719,0.13362788
20241107_111414_399232584,0.092464425
20241107_111414_893754824,0.07048378
20241107_111415_897358764,-0.16443469
20241107_111416_148212465,0.07801229
20241107_111416_401343852,0.12939148
20241107_111416_905451172,0.2735167
20241107_111417_153360128,0.40886196
20241107_111417_896065584,0.32468235
20241107_111418_892630112,0.30462298
20241107_111419_143434820,0.5092701
20241107_111419_390790857,0.3613359
20241107_111419_893703312,0.21742007
20241107_111420_145736647,0.2622031
20241107_111420_391410773,0.021596054
20241107_111420_640722654,0.3584286
20241107_111420_894514998,-0.071108244
20241107_111421_396188156,0.001994202
20241107_111421_642723371,-0.013821265
20241107_111423_144325402,0.034360953
20241107_111423_641930712,-0.0058844592
20241107_111423_894661892,-0.07061925
20241107_111424_142007218,-0.046212368
20241107_111424_388836794,-0.019821456
20241107_111424_889527252,-0.03877028
20241107_111426_651952963,-0.014756104
20241107_111426_905107197,-0.056057833
20241107_111427_653642789,-0.073196284
20241107_111427_905135656,0.051739432
20241107_111428_158489375,0.24714114
20241107_111428_398440175,1.4677188
20241107_111428_653992422,-0.34811106
20241107_111428_912172391,0.16270463
20241107_111429_163824056,0.19054286
20241107_111429_439812627,-0.06749656
20241107_111429_654650987,-0.20878421
20241107_111429_901921874,0.37066934
20241107_111430_155020010,0.3686298
20241107_111430_409057879,-0.6047486
20241107_111430_649525573,-0.5784761
20241107_111430_894181354,-0.6569336
20241107_111431_392878195,-0.73039246
20241107_111431_648678170,-0.35641915
20241107_111431_895128115,-0.42048648
20241107_111432_144014128,-0.54877836
20241107_111432_397312767,-0.7635353
20241107_111432_641730738,-0.71784794
20241107_111432_891739253,0.6990645
20241107_111433_142204023,0.116625614
20241107_111433_392169547,0.0054173265
20241107_111433_637015816,-0.7720112
20241107_111433_891592671,0.2816368
20241107_111434_141022638,0.09876441
20241107_111434_392155711,-0.5570635
20241107_111434_641518219,0.0031852517
20241107_111434_897279392,0.12793754
20241107_111435_148272804,0.27447882
20241107_111435_404691925,-0.60751665
20241107_111435_648654729,-0.61377764
20241107_111435_894799794,-0.6072629
20241107_111436_144746488,-0.8713509
20241107_111436_393423423,-0.3162575
20241107_111436_643326389,0.10203836
20241107_111436_892594021,0.002428988
20241107_111437_405222675,-0.009820959
20241107_111437_642533728,0.49573633
20241107_111437_901943572,0.281153
20241107_111438_148960766,0.18075208
20241107_111438_394855176,0.3221869
20241107_111438_637361894,0.3064258
20241107_111439_154134183,-0.03688007
20241107_111439_394852346,-0.00068332814
20241107_111439_648973278,-0.008495143
20241107_111439_898995083,-0.041477703
20241107_111440_389440212,-0.32734743
20241107_111440_893379249,-0.0748929
20241107_111442_903882257,-0.09288668
20241107_111443_396503244,0.0020999108
20241107_111443_638237330,0.31936046
20241107_111443_888335725,0.49486366
20241107_111444_142330786,0.4788578
20241107_111444_397000738,0.22244595
20241107_111444_657508756,0.13016485
20241107_111444_901405069,0.73012537
20241107_111445_143368585,0.37682292
20241107_111445_392606078,0.18674777
20241107_111445_643719070,0.45137584
20241107_111446_140518791,0.3585594
20241107_111446_388433269,1.257966
20241107_111446_642566177,-0.74187756
20241107_111446_891901357,-0.60556775
20241107_111447_393727068,-0.5485754
20241107_111447_647880031,-0.35605505
20241107_111447_898066621,-0.70598894
20241107_111448_147735958,-0.5839221
20241107_111448_400284428,-0.6271997
20241107_111448_642826752,-0.3378717
20241107_111448_906717471,0.708566
20241107_111449_151619042,0.092659794
20241107_111449_407200206,1.2064327
20241107_111449_640706239,0.09324562
20241107_111449_895653991,0.1897797
20241107_111450_142411548,0.25063413
20241107_111450_401182848,-0.5464266
20241107_111450_647256932,-0.24568741
20241107_111450_904513012,-0.15688084
20241107_111451_154354133,-0.13226314
20241107_111451_405984166,-0.1627916
20241107_111452_154149451,0.37151933
20241107_111452_396328722,0.42660192
20241107_111452_648446381,-0.14999296
20241107_111452_898339185,-0.05673369
20241107_111453_391124509,-0.19817682
20241107_111453_639303510,-0.06281667
20241107_111454_143428279,0.004349718
20241107_111454_394630407,0.47247526
20241107_111454_638395531,1.8965156
20241107_111454_894006734,-0.24767189
20241107_111455_140541435,0.08964734
20241107_111455_390791728,-0.11581936
20241107_111455_644024462,-0.06565126
20241107_111455_892201827,-0.16043402
20241107_111456_141042082,-0.72897977
20241107_111456_394947674,0.25636566
20241107_111456_644057376,0.054589614
20241107_111457_390345133,0.5023255
20241107_111457_641953904,0.33615094
20241107_111457_897746381,0.2196026
20241107_111458_153489496,0.48478475
20241107_111458_406439854,0.27979335
20241107_111458_651375656,-0.3790497
20241107_111458_903238489,-0.106552266
20241107_111459_160684094,-0.18041535
20241107_111459_416464413,-0.38078973
20241107_111459_683942443,-0.396482
20241107_111459_932819637,-0.029298117
20241107_111500_179617685,-0.32706195
20241107_111500_433518142,-0.13107185
20241107_111500_673192408,-0.11859744
20241107_111500_925610373,0.07969103
20241107_111501_177165990,0.24459438
20241107_111501_427933482,1.5803256
20241107_111501_676211875,-0.6274968
20241107_111501_931573435,1.0238458
20241107_111502_182488845,-0.45299062
20241107_111502_442706364,0.050844736
20241107_111502_686594891,0.4370359
20241107_111502_935910406,0.9662635
20241107_111503_184419657,-0.80225354
20241107_111503_431465621,-0.040557317
20241107_111503_680606031,0.15231009
20241107_111503_920907880,0.42173406
20241107_111504_162651291,0.47852626
20241107_111504_403882333,0.33386415
20241107_111504_656634834,0.75653565
20241107_111504_919750576,0.5323972
20241107_111505_156968296,0.23804031
20241107_111505_654021981,0.21089512
20241107_111505_910700185,0.7496221
20241107_111506_156883544,0.10368704
20241107_111506_415054151,0.1384493
20241107_111506_651776669,0.48801485
20241107_111506_906425617,-0.024759939
20241107_111507_149272315,-0.2176158
20241107_111507_394715258,0.09390829
20241107_111507_897986960,0.012499014
20241107_111508_140805508,0.07584382
20241107_111508_390721021,0.054190435
20241107_111508_897679755,0.02323077
20241107_111509_147675416,0.013731817
20241107_111509_402889994,0.13667734
20241107_111509_643129997,0.05500988
20241107_111509_897932315,0.022991637
20241107_111510_156229701,-0.114712946
20241107_111510_416302604,0.26805046
20241107_111510_665142780,0.19138153
20241107_111511_166997482,0.17405753
20241107_111511_902121736,0.31614894
20241107_111512_152735188,0.4601041
20241107_111512_400133596,0.31214502
20241107_111512_653797914,0.36770555
20241107_111512_900910492,0.24086766
20241107_111513_143509021,0.23329471
20241107_111513_397627719,-0.5274548
20241107_111513_641877603,-1.066006
20241107_111513_892922717,-0.118641876
20241107_111514_139608887,-0.1510098
20241107_111514_392946758,-0.17563559
20241107_111514_640914761,-0.15377302
20241107_111514_895958239,0.76732624
20241107_111515_145990585,0.9355725
20241107_111515_399386050,0.7867153
20241107_111515_643189786,0.75024277
20241107_111515_894168706,1.4089599
20241107_111516_145351468,0.026262792
20241107_111516_407444388,-0.021760313
20241107_111516_648180078,0.2618391
20241107_111516_901309699,0.37657815
20241107_111517_139273267,0.20365636
20241107_111517_400330907,-0.01792266
20241107_111517_650028821,0.14671595
20241107_111517_898313272,-0.15950008
20241107_111518_142078432,-0.10732534
20241107_111518_394323458,-0.029671332
20241107_111518_645796033,-0.20985486
20241107_111518_897514059,-0.2653739
20241107_111519_138361441,-0.14997846
20241107_111519_399778933,-0.091528386
20241107_111519_642471477,-0.0777133
20241107_111519_898748134,0.049998708
20241107_111520_396375424,0.0025009308
20241107_111520_650452980,0.044858135
20241107_111520_901005612,0.08092115
20241107_111521_152825861,0.50869375
20241107_111521_405545271,0.3498388
20241107_111521_650019571,0.13800947
20241107_111521_904719676,0.124795504
20241107_111522_139411885,0.13394292
20241107_111523_145070287,0.15597521
20241107_111523_394278265,0.16204621
20241107_111523_636679273,0.17999066
20241107_111523_885755876,0.11574618
20241107_111524_136321448,0.12504669
20241107_111524_388125814,0.11853663
20241107_111524_886126698,0.15157484
20241107_111525_133187775,0.365944
20241107_111525_635718234,0.43980277
20241107_111525_887411818,0.094625
20241107_111526_137767405,0.15978156
20241107_111526_392457141,0.81025434
20241107_111526_898354338,0.3327217
20241107_111527_392374228,1.4922107
20241107_111527_646272451,1.3220608
20241107_111527_902250839,0.70489913
20241107_111528_398671923,0.8966826
20241107_111528_903170674,0.73896945
20241107_111529_151448685,0.5605059
20241107_111529_416877003,0.8179629
20241107_111529_643065142,0.62898767
20241107_111529_900400414,0.46829158
20241107_111530_156923896,0.49406096
20241107_111530_409143412,0.54189837
20241107_111530_649639899,0.27812552
20241107_111530_904572063,0.53899455
20241107_111531_150605165,0.64553535
20241107_111531_402066699,0.35853845
20241107_111531_643644042,0.6146395
20241107_111531_895433609,0.18379833
20241107_111532_146041713,0.038473852
20241107_111532_394249066,0.14947076
20241107_111533_893174594,0.13033359
20241107_111534_140804666,0.21979474
20241107_111534_393721560,0.36354014
20241107_111534_889140887,0.20559503
20241107_111535_138868350,-0.020161172
20241107_111535_394439378,0.1991194
20241107_111535_635808669,0.21814497
20241107_111535_891325980,0.20214139
20241107_111536_141118739,0.28918466
20241107_111536_389033604,0.5110968
20241107_111536_892441882,0.35054162
20241107_111538_899418130,0.33449686
20241107_111539_154659827,0.12707077
20241107_111539_409610842,-0.6578392
20241107_111539_650576399,-0.22803278
20241107_111539_903007947,-0.880231
20241107_111540_142620938,-0.23007669
20241107_111540_399312021,-0.0863451
20241107_111541_634674782,-0.01694741
20241107_111541_886495538,0.491922
20241107_111542_146432032,0.112237014
20241107_111542_405331253,0.3625366
20241107_111542_649768956,0.7522923
20241107_111542_915028076,0.3449667
20241107_111543_169626223,0.38165742
20241107_111543_646414899,0.37054488
20241107_111543_903314787,-0.018801501
20241107_111544_159967997,-0.9531327
20241107_111544_411357672,0.59725493
20241107_111544_652850351,0.8089054
20241107_111544_902751929,1.0822109
20241107_111545_162405287,0.6580323
20241107_111545_406268672,0.74386495
20241107_111545_654816704,0.59335697
20241107_111546_160836815,0.18303938
20241107_111546_424575535,-0.99852127
20241107_111546_669218780,-0.9408278
20241107_111546_912741539,-0.5508367
20241107_111547_149935101,-0.33552906
20241107_111547_399709619,-0.24143337
20241107_111547_642240407,-0.2349299
20241107_111547_900825389,-0.31964883
20241107_111548_154168670,-0.53251725
20241107_111548_407142279,-0.38140407
20241107_111548_657386269,-0.20046572
20241107_111549_648322031,-0.22328354
20241107_111549_920540694,-0.26914647
20241107_111550_158198782,-0.25372845
20241107_111550_653732976,-0.30450764
20241107_111551_155966375,-0.18754868
20241107_111551_406052400,-0.252336
20241107_111552_650677367,-0.25881183
20241107_111553_911719730,-0.24375452
20241107_111554_163320508,-0.2838302
20241107_111554_658850513,-0.2659837
20241107_111555_152699019,-0.25913793
20241107_111555_407914775,-0.24747865
20241107_111555_646019153,-0.18488641
20241107_111555_895154886,-0.3042259
20241107_111556_141501428,-0.9494731
20241107_111556_397011416,0.058506705
20241107_111556_649856828,0.21662447
20241107_111556_908128806,0.08135692
20241107_111557_152127567,0.7443023
20241107_111557_406978421,1.1048045
20241107_111557_651829142,0.44405654
20241107_111557_892697513,0.47591057
20241107_111558_140355300,0.17984502
20241107_111558_393051697,0.5404963
20241107_111558_638604780,-0.1707796
20241107_111558_890248861,-0.10724821
20241107_111559_139646398,-0.019791802
20241107_111559_399905803,-0.028856358
20241107_111559_645088261,-0.046540104
20241107_111559_908072917,-0.3759019
20241107_111600_154745434,-0.511236
20241107_111600_407957970,-0.4698629
20241107_111600_654248092,-0.44877443
20241107_111600_901579256,-0.9200611
20241107_111601_143175025,-0.47620144
20241107_111601_395705424,-0.26524845
20241107_111601_641872548,-0.13238963
20241107_111601_895282266,0.09060458
20241107_111602_149834505,0.48541072
20241107_111602_402548465,0.42950535
20241107_111602_650128870,1.888398
20241107_111602_906447447,0.21030977
20241107_111603_152709575,-0.6620982
20241107_111603_407139700,-0.25674805
20241107_111603_650233524,-0.39936703
20241107_111603_896013272,-1.0625074
20241107_111604_153693892,-0.4922933
20241107_111604_397779983,-0.5651073
20241107_111604_648430205,-0.55745655
20241107_111604_893113006,-0.5836328
20241107_111605_143181710,-0.44834033
20241107_111605_395390950,-0.5997979
20241107_111605_645290711,-1.2220614
20241107_111605_901256396,-1.5829433
20241107_111606_147716471,0.64161974
20241107_111606_400545592,0.4401606
20241107_111606_645361617,0.5603491
20241107_111606_892089328,0.4919928
20241107_111607_141242664,0.59166914
20241107_111607_398826768,0.47271368
20241107_111607_647599493,0.6035855
20241107_111607_903854083,0.4662869
20241107_111608_394152696,0.3543721
20241107_111608_645947584,0.4264379
20241107_111608_892823992,0.31767464
20241107_111609_147182835,0.7097248
20241107_111609_395559390,-0.06757998
20241107_111609_644998767,-0.5438951
20241107_111609_903717593,-1.2143763
20241107_111610_143580867,-0.27634624
20241107_111610_408937792,-0.5436347
20241107_111610_658976883,-0.41720507
20241107_111610_913491569,-0.29311246
20241107_111611_401944977,-0.3510947
20241107_111612_406614741,-0.48086926
20241107_111612_895794670,-0.5563701
20241107_111613_144470677,-0.6279276
20241107_111613_398180788,-0.5291533
20241107_111613_640076535,-0.6305728
20241107_111613_896912908,-0.67062837
20241107_111614_152000464,-0.6276568
20241107_111614_408537482,-0.5379973
20241107_111614_653708938,-0.5969463
20241107_111614_898760519,-0.67227066
20241107_111615_397532762,-0.6025073
20241107_111615_646246837,-0.6470124
20241107_111615_892428803,-1.1687201
20241107_111616_143527860,-0.7219019
20241107_111616_394147344,-0.66017205
20241107_111616_640343570,-0.22924031
20241107_111616_911570290,-0.34611788
20241107_111617_169112309,0.21096343
20241107_111617_414495394,-0.21443725
20241107_111617_650542850,-0.18799017
20241107_111618_414390508,-0.10825261
20241107_111618_909589945,0.12581554
20241107_111619_411222958,0.08503071
20241107_111619_652359358,0.04962752
20241107_111620_156311458,-0.012537977
20241107_111620_920301459,-0.06303563
20241107_111621_152080346,-0.065983556
20241107_111621_406515329,-0.04563131
20241107_111621_652907380,-0.060379885
20241107_111621_911254328,-0.0353026
20241107_111622_161850722,0.118889965
20241107_111622_402744364,0.028101066
20241107_111622_654721316,-0.0016334262
20241107_111622_905917633,-0.1612057
20241107_111623_153887684,-0.4551932
20241107_111623_396583683,-0.13186158
20241107_111623_653020491,-0.5871069
20241107_111623_907945582,-0.3343609
20241107_111624_147554301,-0.326766
20241107_111624_398356419,-0.39062434
20241107_111624_659674786,-0.7372653
20241107_111624_914473416,-1.4952842
20241107_111625_151738916,-0.3039643
20241107_111625_400677152,-0.7046261
20241107_111625_647635628,-0.7351798
20241107_111625_903696544,-0.96681523
20241107_111626_151303019,-0.673364
20241107_111626_410188399,-0.605228
20241107_111626_646842442,0.44847143
20241107_111626_902789184,-0.117931746
20241107_111627_158450684,-0.004759034
20241107_111627_405577200,-0.17074992
20241107_111627_906342972,-0.13911171
20241107_111628_410891709,-0.11781474
20241107_111628_901204432,-0.17210712
20241107_111629_424152992,-0.055091344
20241107_111629_649935102,-0.0066493955
20241107_111630_152161176,-0.036028825
20241107_111630_410671179,0.0019790921
20241107_111630_898271234,-0.15288241
20241107_111631_153453577,-0.08691218
20241107_111631_404016253,0.2640132
20241107_111631_645190352,0.5064063
20241107_111631_896493268,0.46665278
20241107_111632_144657065,0.41255343
20241107_111632_418343389,0.40171742
20241107_111632_654881375,-0.21062998
20241107_111632_908016959,-0.11023482
20241107_111633_151753467,-0.2582283
20241107_111633_416237016,-0.0903592
20241107_111633_661536009,-0.6004433
20241107_111633_907019993,-0.37766668
20241107_111634_143597321,-0.20250337
20241107_111634_398650592,-0.4063151
20241107_111634_647006440,-0.3889049
20241107_111634_900146382,-0.79314333
20241107_111635_149114122,-0.73332626
20241107_111635_398924075,-0.62736344
20241107_111635_893280088,-0.94125354
20241107_111636_140112235,-0.32712543
20241107_111636_395101790,-0.3331906
20241107_111636_642480648,-0.9147391
20241107_111636_893492942,-0.91871107
20241107_111637_151238063,-0.7960662
20241107_111637_405052802,-0.804955
20241107_111637_902772691,-0.73699474
20241107_111638_152710211,-0.17513406
20241107_111638_407048096,-0.15402213
20241107_111638_648129747,-0.06864981
20241107_111638_898621888,-0.19926734
20241107_111639_396578600,-0.13700093
20241107_111639_891083820,-0.2727044
20241107_111640_142138047,-0.4270154
20241107_111640_397798034,-0.90347195
20241107_111640_640539369,-0.530068
20241107_111640_892382599,-0.7536517
20241107_111641_138495209,-0.6514223
20241107_111641_393669096,-0.8751354
20241107_111641_642620821,-0.8072004
20241107_111641_900412517,-0.7882005
20241107_111642_150057465,-0.7810952
20241107_111642_391754803,-0.7806361
20241107_111642_640193126,-0.8850677
20241107_111642_891339175,-0.9393902
20241107_111643_138437554,-0.90678734
20241107_111643_388303730,-0.8599984
20241107_111643_636458933,-0.70295984
20241107_111643_886492963,-0.8146424
20241107_111644_135617167,-0.844641
20241107_111644_395462838,-0.8736253
20241107_111644_643217719,-0.30543825
20241107_111644_894490304,-0.1597315
20241107_111645_143362351,0.6138974
20241107_111645_390083573,0.085496776
20241107_111645_638048120,0.8936135
20241107_111645_890950430,0.6365423
20241107_111646_136511397,-0.63375235
20241107_111646_387680403,-0.47283193
20241107_111646_640528991,0.9250268
20241107_111646_892101560,-0.0006081667
20241107_111647_142445356,0.30049744
20241107_111647_399218223,0.2711498
20241107_111647_885708826,0.29224178
20241107_111648_638785062,0.3021743
20241107_111648_889820313,0.088550076
20241107_111649_138402859,0.3000977
20241107_111649_636329759,-0.103837274
20241107_111649_892555734,-0.27550548
20241107_111650_138412143,-0.16547598
20241107_111650_390364875,-0.114342295
20241107_111651_148220425,-0.20597728
20241107_111651_403901321,-0.27299756
20241107_111651_891281573,-0.16162463
20241107_111652_138672441,-0.08948799
20241107_111652_388873823,-0.120784245
20241107_111652_638131127,-0.14576401
20241107_111652_891572140,-0.08568158
20241107_111653_146461016,0.05673001
20241107_111653_402316154,0.03814272
20241107_111653_647128233,0.04994563
20241107_111654_136385384,0.016058246
20241107_111654_386567227,0.1296417
20241107_111654_638645024,0.37726232
20241107_111654_891030687,0.6931087
20241107_111655_142264342,0.4533657
20241107_111655_638907521,0.32582027
20241107_111655_895593631,0.13614592
20241107_111656_396315283,0.097016454
20241107_111656_646235660,0.30648318
20241107_111657_139808586,0.2662396
20241107_111657_398969534,0.3373225
20241107_111657_645573699,0.3355723
20241107_111657_894727198,0.31159517
20241107_111658_144930803,-0.08663859
20241107_111658_396527599,0.010974208
20241107_111658_642470895,0.049919404
20241107_111659_642549714,-0.17387868
20241107_111659_896455097,0.070725776
20241107_111700_150496686,0.34147358
20241107_111700_414160814,0.20725603
20241107_111700_655206931,-0.46222273
20241107_111700_919138982,-0.42739516
20241107_111701_187968198,0.06826664
20241107_111701_441092129,-0.2350748
20241107_111701_684750595,0.003096858
20241107_111701_919222830,-0.028867533
20241107_111702_159981945,-0.17975785
20241107_111702_408344008,-0.41890267
20241107_111702_657065832,-0.45296782
20241107_111702_907711020,-0.3412046
20241107_111703_147194449,-0.53197855
20241107_111703_405537213,-0.5209614
20241107_111703_649918325,-0.46361881
20241107_111703_913214671,-0.6201269
20241107_111704_159404031,-0.6223817
20241107_111704_407765523,-0.4709807
20241107_111704_914540594,-0.38733497
20241107_111705_159199523,-0.3626313
20241107_111705_408115880,-0.1246605
20241107_111705_910626260,-0.2717465
20241107_111706_161885126,-0.48437297
20241107_111706_401718801,-0.50780237
20241107_111706_645872551,-0.71006924
20241107_111706_898513694,-0.6585775
20241107_111707_407524356,-0.4999066
20241107_111707_656303900,-0.9157643
20241107_111707_897350223,-0.6051188
20241107_111708_153527438,-0.50126135
20241107_111708_403732670,-0.544855
20241107_111708_650922977,-0.25928763
20241107_111708_899097622,-0.3670092
20241107_111709_151149400,-0.36437076
20241107_111709_410505967,-0.36156753
20241107_111710_140967942,-0.2968438
20241107_111711_149638554,-0.028751856
20241107_111711_411081714,0.16830981
20241107_111711_649550957,0.07349315
20241107_111711_896305920,0.06950987
20241107_111712_146953406,0.0651269
20241107_111712_401982364,0.048254825
20241107_111712_653431807,0.038088806
20241107_111712_893110685,0.040001817
20241107_111713_385945924,0.060999848
20241107_111713_896378445,0.0911111
20241107_111714_641090155,-0.16805898
20241107_111714_900162618,-0.07446059
20241107_111715_148125110,-0.037195735
20241107_111715_393326144,-0.15575369
20241107_111715_637785867,-0.104672335
20241107_111715_890460393,-0.24762706
20241107_111716_138576631,-0.102323376
20241107_111716_391031485,-0.21486826
20241107_111716_638550326,-0.12380003
20241107_111716_890924626,0.22954763
20241107_111717_144444981,0.09134025
20241107_111717_391649298,0.085756876
20241107_111717_906597836,0.09176687
20241107_111718_645146705,0.06764636
20241107_111718_895127257,0.055794038
20241107_111719_139037274,0.06298051
20241107_111719_386785718,0.100427635
20241107_111719_887560030,0.11155487
20241107_111720_141783452,0.09568996
20241107_111720_388836553,0.05373437
20241107_111720_888616127,0.26485524
20241107_111721_135868188,0.23724537
20241107_111721_388867093,0.14569198
20241107_111721_636251281,0.2822702
20241107_111721_894815145,0.19107394
20241107_111722_144056725,0.23342825
20241107_111722_395820430,0.24508409
20241107_111722_644388408,0.14185522
20241107_111722_890085226,0.13696037
20241107_111723_143620791,0.15630586
20241107_111723_397633517,0.015258411
20241107_111723_886470389,-0.011643698
20241107_111724_136302991,-0.024439445
20241107_111724_389206844,-0.23724432
20241107_111724_635734521,-0.14817198
20241107_111724_891394544,-0.101096354
20241107_111727_138543399,-0.09802719
20241107_111728_896423059,-0.15109201
20241107_111729_151868999,-0.32356682
20241107_111729_416996679,-0.15596299
20241107_111729_892828334,-0.14893274
20241107_111730_143305468,-0.10164126
20241107_111730_398722389,0.2585695
20241107_111730_640972074,0.11271966
20241107_111731_406474977,0.0025609527
20241107_111731_649033827,-0.022455147
20241107_111731_905269350,-0.11066859
20241107_111732_157520876,-0.21170147
20241107_111732_422791105,-0.2891445
20241107_111732_668310686,-0.28623572
20241107_111732_913244882,-0.13045011
20241107_111733_155657653,-0.47633824
20241107_111733_419368978,0.19880097
20241107_111733_651733863,-0.22341545
20241107_111733_900031154,-0.615407
20241107_111734_141394737,-0.37086624
20241107_111734_390505384,-0.3879212
20241107_111734_636215194,-0.2658123
20241107_111734_886626545,-0.36344728
20241107_111735_138065818,-0.27466664
20241107_111735_389792944,-0.24295099
20241107_111735_636957605,0.034064636
20241107_111735_889783384,-0.25000915
20241107_111736_137328106,-0.2585047
20241107_111736_389736599,-0.22838916
20241107_111736_637001315,-0.23111205
20241107_111737_136135789,-0.23919214
20241107_111737_895938266,-0.25572518
20241107_111738_141917391,0.42619017
20241107_111738_397930256,0.38070592
20241107_111738_646934846,0.6296475
20241107_111738_902268423,0.38127238
20241107_111739_151566087,0.50493383
20241107_111739_400160559,1.6582832
20241107_111739_654774972,-0.80846435
20241107_111739_902621936,-0.44377366
20241107_111740_151350464,-0.11371188
20241107_111740_406754410,-0.2618003
20241107_111740_651133470,-0.30606535
20241107_111740_895687438,-0.30080792
20241107_111741_143185559,-0.399407
20241107_111741_391695253,-0.7214759
20241107_111741_638797646,-0.8702025
20241107_111741_892251292,-0.76452905
20241107_111742_142970826,0.8438936
20241107_111742_394400527,0.7971739
20241107_111742_642392390,0.21496154
20241107_111742_888401970,0.11575679
20241107_111743_137140329,0.23885553
20241107_111743_388774501,0.24415906
20241107_111743_888879446,0.22565873
20241107_111744_135790293,0.22914846
20241107_111744_383114438,0.5195483
20241107_111744_634071982,0.56751597
20241107_111744_884894711,0.33395782
20241107_111745_140180089,0.38249213
20241107_111745_387866591,0.35694528
20241107_111745_635947177,0.35293734
20241107_111745_885326730,0.35542578
20241107_111746_134265623,0.04596982
20241107_111746_394235626,0.36932382
20241107_111747_144571429,0.1228402
20241107_111747_393699676,0.16342278
20241107_111747_634397546,0.21612532
20241107_111747_882488017,-0.111474566
20241107_111748_136425097,-0.054334067
20241107_111748_392483869,-0.061327003
20241107_111748_633943223,-0.14839758
20241107_111748_883835906,-0.12065794
20241107_111749_135164475,-0.08713775
20241107_111749_388405870,-0.06730919
20241107_111749_637081081,0.05038689
20241107_111749_897675733,0.0017474089
20241107_111750_144915631,0.13998131
20241107_111750_391484052,0.09872655
20241107_111751_142840410,0.074582435
20241107_111751_392201536,-0.087036036
20241107_111751_637617918,-0.20181741
20241107_111751_890895288,-0.5631355
20241107_111752_144876483,-0.2891284
20241107_111752_643086867,-0.30493447
20241107_111754_131859518,-0.10965555
20241107_111754_383613333,-0.079199515
20241107_111754_633268109,-0.06340542
20241107_111754_886216680,0.21866348
20241107_111755_147646389,0.057772614
20241107_111755_892393083,-0.03368243
20241107_111756_142001860,-0.13287954
20241107_111758_136617870,-0.23622228
20241107_111801_141001822,-0.081177376
20241107_111801_392734089,-0.22092123
20241107_111801_642064682,-1.2889026
20241107_111801_893972211,-0.13102533
20241107_111802_144415217,-0.2764365
20241107_111802_390309826,-0.14458765
20241107_111802_637423115,-0.30984136
20241107_111802_893641103,-0.36563408
20241107_111803_146839552,-0.2433842
20241107_111803_638474031,-0.32039902
20241107_111803_887541313,-0.24237905
20241107_111804_392169498,-0.26408204
20241107_111804_638855715,-0.25940654
20241107_111805_135428358,-0.26751217
20241107_111805_392491522,-1.0268087
20241107_111805_638783269,0.4406688
20241107_111805_889662231,-0.001076242
20241107_111806_142128687,-0.051580988
20241107_111806_396612479,-0.06693449
20241107_111806_645606413,-0.04574742
20241107_111806_889283411,-0.048980974
20241107_111807_139055600,0.009866277
20241107_111807_386211336,-0.011654278
20241107_111807_638428240,-0.0341331
20241107_111807_889004171,-0.037881754
20241107_111808_385334795,-0.17442836
20241107_111808_635068274,0.0672587
20241107_111809_141654517,0.073724605
20241107_111809_390131927,0.32981053
20241107_111809_633420747,0.38599944
20241107_111809_888106836,0.4943029
20241107_111810_387927384,0.37253675
20241107_111810_634935325,0.35921395
20241107_111811_135171994,0.34052458
20241107_111811_388893961,-0.006975999
20241107_111811_635314780,-0.027234217
20241107_111811_889961773,-0.1471905
20241107_111812_148123061,-0.36461574
20241107_111812_395626681,-0.1562957
20241107_111812_638151453,-0.12647294
20241107_111812_892746750,-0.1027632
20241107_111813_395713048,-0.1070246
20241107_111813_638652935,-0.10521384
20241107_111814_387546338,-0.076130055
20241107_111815_140338717,-0.080800615
20241107_111815_895795151,-0.22654535
20241107_111816_143624929,-0.13211073
20241107_111816_893526516,0.03825725
20241107_111817_150265540,0.057419933
20241107_111817_404797216,-0.067218505
20241107_111817_652239240,-0.029985627
20241107_111817_900849060,-0.077797495
20241107_111818_640449930,-0.034999155
20241107_111820_392199482,0.052043296
20241107_111820_642752957,0.120379455
20241107_111820_886540687,0.020629147
20241107_111821_391556956,0.03517697
20241107_111821_881337814,0.09061388
20241107_111822_383111919,0.19955222
20241107_111822_896409050,0.12237588
20241107_111823_391534052,-0.02528598
20241107_111823_638743065,0.06678391
20241107_111823_891346939,0.052559055
20241107_111824_140125993,0.036179103
20241107_111825_133351210,0.051244594
20241107_111825_387811424,0.07699413
20241107_111825_639225871,0.10476471
20241107_111825_882440443,0.08387316
20241107_111826_137308752,0.22203583
20241107_111826_385093307,0.3043631
20241107_111826_630931178,0.15957241
20241107_111826_881781669,0.1604544
20241107_111827_136841865,0.12709968
20241107_111827_385852247,0.17754574
20241107_111827_635923285,0.14204277
20241107_111827_890394688,0.11560551
20241107_111828_136492133,0.11078701
20241107_111828_883017580,0.17995165
20241107_111829_134591030,0.13506378
20241107_111829_406409515,0.098917134
20241107_111829_630338294,0.31016114
20241107_111829_886213068,0.25374368
20241107_111830_628799679,0.2031949
20241107_111831_884346966,0.15891726
20241107_111832_884399283,0.045460083
20241107_111833_137808133,-0.028818628
20241107_111833_384791725,0.04940889
20241107_111834_385261563,0.044898607
20241107_111834_631463885,-0.17819978
20241107_111834_880708299,-0.100978754
20241107_111835_130149785,-0.07367911
20241107_111835_633274200,-0.09776207
20241107_111835_883767757,-0.05467894
20241107_111836_139745634,-0.04660868
20241107_111836_396575557,-0.02750375
20241107_111836_649665454,-0.17646746
20241107_111836_895427890,-0.17144652
20241107_111838_144460880,-0.2854679
20241107_111838_892245103,-0.29089078
20241107_111839_893747283,-0.17574961
20241107_111840_142524946,-0.11442181
20241107_111840_397766170,-0.20783941
20241107_111840_639238550,-0.22344483
20241107_111840_888165410,-0.3161923
20241107_111841_134953844,-0.19890772
20241107_111841_392819276,-0.1729431
20241107_111841_647050490,-0.048519246
20241107_111841_888864977,-0.12535901
20241107_111842_142110335,-0.1745329
20241107_111842_389396478,-0.119650625
20241107_111842_884382274,-0.12341314
20241107_111843_135712778,-0.18067305
20241107_111843_394216168,-0.2329446
20241107_111844_134837428,-0.33426034
20241107_111844_384808594,-0.12853445
20241107_111844_635537263,-0.21317865
20241107_111845_389967680,-0.59717196
20241107_111845_640811325,-0.561
20241107_111845_888752709,-0.4408467
20241107_111846_136654163,-0.3044616
20241107_111846_384706476,-0.3093476
20241107_111846_632763256,-0.115014456
20241107_111846_886088982,0.7040511
20241107_111847_139120040,0.24731787
20241107_111847_393145355,0.2384559
20241107_111847_643107576,0.13006823
20241107_111847_895135817,0.07773841
20241107_111848_138525943,0.12443761
20241107_111848_389434993,0.15255581
20241107_111848_631676623,0.14948322
20241107_111848_883283310,0.15713488
20241107_111849_137233022,0.16135134
20241107_111849_635284043,0.1813365
20241107_111850_885493212,0.013245085
20241107_111851_134859531,-0.07227286
20241107_111851_388111831,-0.0038753059
20241107_111851_633011745,-0.09031742
20241107_111851_881082886,0.042883612
20241107_111852_131297650,0.17540522
20241107_111852_379751667,0.13341068
20241107_111852_633562530,0.13608302
20241107_111852_881548195,0.17906736
20241107_111853_141197339,0.18601628
20241107_111853_387254170,0.15608923
20241107_111853_630908142,0.19104902
20241107_111853_880960270,0.00089476444
20241107_111854_129888776,0.078583844
20241107_111854_633840573,-0.64758426
20241107_111854_886025890,0.11576552
20241107_111855_142259865,0.052998073
20241107_111855_393235000,-0.010035327
20241107_111855_895402673,-0.18527882
20241107_111856_147169843,-0.5133146
20241107_111856_394916942,-0.30625537
20241107_111856_635822663,-0.5591085
20241107_111856_886424608,-1.0994332
20241107_111857_140449209,-0.59187406
20241107_111858_131693741,-0.8731814
20241107_111900_642460169,-0.7143314
20241107_111900_890112349,-1.2172359
20241107_111901_144219883,-1.0806332
20241107_111901_398090789,-0.5875643
20241107_111901_642545783,-0.8054618
20241107_111901_890705601,-0.43816772
20241107_111902_138056167,-0.19709808
20241107_111902_387518534,-0.17984684
20241107_111902_632375957,-0.1415074
20241107_111902_886318160,-0.15756954
20241107_111903_133973483,-0.321525
20241107_111903_384332159,-0.23584075
20241107_111903_633053491,-0.13834135
20241107_111903_880374170,-0.12036016
20241107_111904_142400081,-0.07980909
20241107_111904_391704336,-0.101979546
20241107_111904_633731255,0.095198385
20241107_111904_884438698,0.06686387
20241107_111905_393182151,0.09345365
20241107_111905_648774794,0.08655638
20241107_111905_893783935,0.06333194
20241107_111906_386356004,0.10838271
20241107_111908_630688245,1.1117153
20241107_111908_887851812,0.21088476
20241107_111909_133959745,0.24690567
20241107_111909_385685341,0.3237685
20241107_111910_131710352,0.2676675
20241107_111910_381408808,0.4839665
20241107_111910_629991508,0.32179737
20241107_111910_884437282,0.30925778
20241107_111911_130756644,0.29093608
20241107_111911_385607787,0.42212915
20241107_111911_633539032,0.33003512
20241107_111911_883857904,0.23242019
20241107_111912_132934770,0.27552488
20241107_111912_381796733,0.2905262
20241107_111912_629114897,0.26214737
20241107_111912_883475186,0.25102115
20241107_111913_403158625,0.23894806
20241107_111914_134646865,0.22739856
20241107_111914_889794677,0.22496663
20241107_111915_390206402,0.19757043
20241107_111915_636367433,0.12399743
20241107_111915_886553227,0.078107454
20241107_111916_137665906,0.11886824
20241107_111916_382804604,0.11732853
20241107_111916_635307602,0.12373317
20241107_111916_890922395,0.12288935
20241107_111917_141095595,0.086317934
20241107_111917_386963620,0.058607467
20241107_111917_630095467,0.22407918
20241107_111917_885313650,0.1826166
20241107_111918_137577830,0.18225677
20241107_111918_881216337,0.17158754
20241107_111919_133881726,0.043421872
20241107_111919_383783692,0.08937643
20241107_111919_637548785,0.10441054
20241107_111919_889693868,0.4287259
20241107_111920_140791509,0.19252948
20241107_111920_395226508,0.18844058
20241107_111920_652352722,-0.118829004
20241107_111921_389072417,0.055281706
20241107_111921_631321888,-0.04660385
20241107_111921_884960010,0.032565154
20241107_111922_133025447,0.022059092
20241107_111922_388273924,0.07896582
20241107_111922_887710580,0.0852176
20241107_111923_886682695,0.17883064
20241107_111924_133489898,0.09698758
20241107_111924_382236684,0.119836904
20241107_111924_892387566,0.30141604
20241107_111925_138823960,0.22504728
20241107_111925_389929453,0.3982974
20241107_111925_641666983,0.52885926
20241107_111926_885008765,0.2576269
20241107_111927_386823531,0.154575
20241107_111927_890174216,0.18022113
20241107_111928_391167378,0.18431272
20241107_111928_636542851,0.09995765
20241107_111929_141074803,0.13956876
20241107_111929_885772122,0.11525149
20241107_111930_132116642,0.09191019
20241107_111930_385626638,0.07232208
20241107_111930_631162455,0.072289445
20241107_111930_884447281,0.11288688
20241107_111931_395423813,0.10005874
20241107_111931_635569784,0.08673454
20241107_111931_885583889,0.21986012
20241107_111932_139551316,0.9935499
20241107_111932_393173239,0.11836561
20241107_111932_657812471,0.24286346
20241107_111932_902686524,0.42929968
20241107_111933_145744737,0.661317
20241107_111933_394933783,0.35045314
20241107_111933_638749322,0.2192639
20241107_111933_891671618,-0.02863129
20241107_111934_143800909,0.030437687
20241107_111934_387464949,-0.04123538
20241107_111934_633472665,0.5111317
20241107_111934_883324925,0.38190696
20241107_111935_136268554,0.41239065
20241107_111935_392973246,-0.0017919447
20241107_111935_643001331,0.05481539
20241107_111935_888453851,0.12468878
20241107_111936_141498990,0.08600802
20241107_111936_389208192,-0.21359266
20241107_111936_642320925,-0.2102256
20241107_111936_892689836,-0.1463321
20241107_111937_138632007,-0.13933064
20241107_111937_392928664,-0.09356891
20241107_111937_640149920,-0.47773808
20241107_111937_899414879,-0.17830305
20241107_111938_142432168,-0.19454186
20241107_111938_386885893,-0.003999075
20241107_111938_639307548,-0.05814501
20241107_111938_884902138,-0.075436614
20241107_111939_135756389,-0.0735692
20241107_111939_389868595,-0.061682098
20241107_111939_635329791,-0.26383746
20241107_111939_898578440,-0.2474954
20241107_111940_139293486,-0.13166894
20241107_111940_382359446,-0.09701618
20241107_111940_882559102,-0.13215186
20241107_111941_885991643,-0.25873855
20241107_111942_133613007,-0.2757028
20241107_111942_385615935,-0.2198352
20241107_111942_634872403,-0.10785448
20241107_111943_145005290,-0.2814388
20241107_111943_397165847,-0.25020882
20241107_111943_639905741,-0.336184
20241107_111943_893889630,-0.443316
20241107_111944_136944494,-0.3628005
20241107_111944_634760325,-0.32653263
20241107_111944_892702576,-0.2923201
20241107_111945_146766008,-0.25531515
20241107_111945_393980249,-0.24331094
20241107_111945_640321154,-0.03907653
20241107_111945_887408834,-0.09023037
20241107_111946_134510114,-0.090232275
20241107_111946_383261999,0.24731071
20241107_111946_635836674,0.16639267
20241107_111946_893785833,0.14269952
20241107_111947_139234039,0.9100608
20241107_111947_402469993,0.03570334
20241107_111947_636666335,-0.08020442
20241107_111947_889715100,-0.031841986
20241107_111948_632382312,0.24930887
20241107_111948_886185390,0.39664587
20241107_111949_134262757,0.49178615
20241107_111949_384312167,0.2492737
20241107_111949_640780758,0.25540403
20241107_111949_888941311,0.38814563
20241107_111950_137565417,0.045054205
20241107_111950_385505702,0.109220274
20241107_111950_889247267,0.12591992
20241107_111951_132861733,0.22568072
20241107_111951_386280521,0.19380192
20241107_111951_632082391,0.15833394
20241107_111951_886594702,0.26452032
20241107_111952_131931101,0.34563258
20241107_111952_633721669,0.30083627
20241107_111952_881695221,0.14644535
20241107_111953_135955062,0.22907357
20241107_111953_883197039,0.21441852
20241107_111954_138951332,0.20090255
20241107_111954_387679090,0.02497072
20241107_111954_636565582,-0.22845905
20241107_111954_888532285,-0.20000516
20241107_111955_138601274,-0.43152905
20241107_111955_400346198,-0.82639724
20241107_111955_643665380,-1.1349286
20241107_111955_897711252,0.4638537
20241107_111956_147288338,0.8971344
20241107_111956_393156986,1.1941165
20241107_111956_636743469,1.1914104
20241107_111956_894604514,0.17365956
20241107_111957_136930657,0.7835481
20241107_111957_395391321,0.8447685
20241107_111958_640026927,0.75132006
20241107_111958_890647379,0.22911687
20241107_111959_143405856,0.1829194
20241107_111959_400172025,1.0309281
20241107_111959_641589397,0.607613
20241107_111959_889895495,0.754915
20241107_112000_143193404,1.0049433
20241107_112000_408672396,-0.5961217
20241107_112000_658117521,-0.0028566215
20241107_112000_908155660,0.2060737
20241107_112001_151479753,0.8340259
20241107_112001_400275031,-0.881995
20241107_112001_643841819,-0.52603734
20241107_112001_900335670,-0.5126482
20241107_112002_138982572,-0.55640435
20241107_112002_393697010,-0.70849967
20241107_112002_634942875,-0.50262594
20241107_112002_888095634,-0.48605093
20241107_112003_135638952,-0.488245
20241107_112003_387086451,-0.49654505
20241107_112003_635346709,-0.46375597
20241107_112004_385665198,-0.835584
20241107_112004_635135026,-0.5874294
20241107_112004_891845753,-0.42421523
20241107_112005_154337770,-0.6260666
20241107_112005_422285120,-0.69847894
20241107_112005_663997343,-1.0809054
20241107_112005_915643214,-0.20033212
20241107_112006_165073668,0.4249448
20241107_112006_414550218,-0.120544516
20241107_112006_673637025,-0.6833195
20241107_112006_919653731,-0.42295006
20241107_112007_171137578,-0.32024947
20241107_112007_410971566,-0.19202827
20241107_112007_656356411,-0.06215491
20241107_112007_903127708,-0.13454647
20241107_112009_134336828,-0.22112502
20241107_112009_386110977,-0.18214662
20241107_112009_636451383,-0.2044393
20241107_112009_895275835,-0.38711593
20241107_112010_143798129,-0.24903186
20241107_112010_392722338,0.08330905
20241107_112010_638633806,-0.07496055
20241107_112010_892243174,-0.1074368
20241107_112011_394213217,-0.08248236
20241107_112011_651866494,0.080717795
20241107_112011_903705537,0.33528817
20241107_112012_145122508,0.4298831
20241107_112012_405937785,0.25688964
20241107_112012_647024805,0.24015243
20241107_112012_905146999,0.22834153
20241107_112013_402712861,0.05257935
20241107_112013_644152214,0.15663002
20241107_112013_901386839,0.22180788
20241107_112014_143096829,0.0917233
20241107_112014_389830912,0.08790783
20241107_112014_639822768,-0.23040862
20241107_112014_888828412,-0.10577505
20241107_112015_149135557,-1.0209469
20241107_112015_392420342,-0.3919245
20241107_112015_642441540,-0.0764576
20241107_112015_893053554,-0.2379926
20241107_112016_139854565,-0.03458538
20241107_112016_388299849,0.0016075764
20241107_112016_638155391,0.1557447
20241107_112016_899599253,0.008531252
20241107_112017_140876141,-0.0008332934
20241107_112017_389467945,-0.36346158
20241107_112017_644771004,-1.6390607
20241107_112017_893831967,0.8159899
20241107_112018_143415018,-0.5072596
20241107_112018_396084685,-0.4132386
20241107_112018_639660918,-0.87251574
20241107_112019_134171855,-0.66014147
20241107_112019_386798860,-0.45150575
20241107_112019_644017474,-0.5428223
20241107_112019_888669342,1.0996604
20241107_112020_138896801,0.6842001
20241107_112020_389233033,0.27092257
20241107_112020_647802422,0.15213661
20241107_112020_905240927,0.19063292
20241107_112021_148115587,-0.08695229
20241107_112021_404075639,-0.09417107
20241107_112021_650491151,0.06566006
20241107_112021_910833845,0.22700487
20241107_112022_149007021,0.3935803
20241107_112022_406145785,0.34346366
20241107_112022_646908774,-0.04792805
20241107_112022_899600769,0.059994526
20241107_112023_137256709,0.42570108
20241107_112023_387931625,-0.29333195
20241107_112023_641628487,-0.12934192
20241107_112023_897894409,-0.44960323
20241107_112024_147277271,-0.14072509
20241107_112024_395833241,-0.75619376
20241107_112024_635864776,-0.11828375
20241107_112024_887279500,-0.08406301
20241107_112025_132630584,-0.16096593
20241107_112025_635672131,-0.13316633
20241107_112025_895738159,-0.70938146
20241107_112026_136342913,-0.15437628
20241107_112026_391802989,-0.06252166
20241107_112026_636351284,-0.045190178
20241107_112026_884391960,-0.0783576
20241107_112027_135095200,0.56587636
20241107_112027_383829323,0.4943718
20241107_112027_633680179,0.4989775
20241107_112027_884905583,0.50178146
20241107_112028_131763376,0.24539329
20241107_112028_383306286,0.36822096
20241107_112028_630148164,0.1315469
20241107_112028_882078511,-0.07671773
20241107_112029_132967192,-0.51841253
20241107_112029_404392453,-0.569098
20241107_112029_636492184,-0.42421138
20241107_112030_387374456,-0.28149977
20241107_112030_636244369,-0.4916819
20241107_112030_898491949,-0.48486358
20241107_112031_145874504,0.3684295
20241107_112031_396478645,0.9423254
20241107_112031_640822092,1.0974336
20241107_112031_894542464,-1.0729146
20241107_112032_132989615,-0.99676454
20241107_112032_385397199,-0.87404513
20241107_112032_634972522,-0.8925979
20241107_112032_891819741,-0.9119087
20241107_112033_136141296,-0.86029327
20241107_112033_632535282,-1.2883235
20241107_112033_883507490,0.539595
20241107_112034_136661792,-0.13977164
20241107_112034_386072522,0.72025436
20241107_112034_641233622,0.777931
20241107_112034_897980794,0.105858065
20241107_112035_150566915,-0.11306857
20241107_112035_395657107,-0.059381597
20241107_112035_889749467,-0.29313457
20241107_112036_134061455,-0.12703918
20241107_112036_385914740,-0.06570806
20241107_112036_638774051,0.1150972
20241107_112036_889412330,0.401402
20241107_112037_134450857,0.6590902
20241107_112037_390675601,0.43745854
20241107_112037_637194632,0.39136747
20241107_112037_886799291,0.6830377
20241107_112038_136176608,0.57762295
20241107_112038_887784328,0.48976108
20241107_112039_130578786,0.24627666
20241107_112039_382005757,0.30608752
20241107_112039_632940238,0.31731132
20241107_112039_885375390,0.06431604
20241107_112040_134296355,-0.26729763
20241107_112040_388989975,-0.30375817
20241107_112041_396327973,-0.22770153
20241107_112041_637607338,-0.23265006
20241107_112041_888176272,-0.43202838
20241107_112042_142731353,-1.3201509
20241107_112042_389653299,-0.77229244
20241107_112042_635247934,-0.57917356
20241107_112042_888260302,-0.58144027
20241107_112043_132298360,-0.70329446
20241107_112043_891916933,-0.31047302
20241107_112044_141212623,-0.3171064
20241107_112044_392928962,-0.14152984
20241107_112044_641312169,0.08295963
20241107_112044_896447025,-0.17215084
20241107_112045_149576835,-0.11300126
20241107_112045_392607414,0.17528008
20241107_112045_631708692,-0.8933027
20241107_112045_890879699,-0.577981
20241107_112046_138490832,-0.66697496
20241107_112046_405033350,-0.6543676
20241107_112046_647905560,-0.8293227
20241107_112046_898143872,-0.7608743
20241107_112047_142792718,-0.8915076
20241107_112047_394225764,-0.9856565
20241107_112047_642987893,-1.1002187
20241107_112047_889866690,-0.8196724
20241107_112048_136208033,-0.81129867
20241107_112048_630504464,-0.7755175
20241107_112049_131331338,-0.7563629
20241107_112049_635165363,-0.7479178
20241107_112049_884723122,-0.77155167
20241107_112050_133700430,-0.77196234
20241107_112050_380144005,-0.76480305
20241107_112051_129871855,0.64194727
20241107_112051_380209439,0.347307
20241107_112051_629566491,0.15851282
20241107_112051_879505259,0.2804873
20241107_112052_133760446,0.31895295
20241107_112052_635432867,0.23305263
20241107_112052_888183430,0.48283485
20241107_112053_134622322,0.27902508
20241107_112053_396353892,-0.0026604142
20241107_112053_640331291,-0.19213305
20241107_112053_893751722,-0.05053904
20241107_112054_139968675,-0.06235399
20241107_112054_389002750,-0.058861636
20241107_112054_632719379,-0.057009004
20241107_112054_884189833,-0.05421134
20241107_112055_133928096,-0.07567682
20241107_112055_383627232,-0.12197464
20241107_112055_634183020,-0.097235225
20241107_112055_885174896,-0.20270635
20241107_112056_133487624,-0.27310067
20241107_112056_391289260,-0.31017977
20241107_112056_649202662,-0.17321156
20241107_112056_907577098,-0.13242681
20241107_112057_161647737,-0.13035299
20241107_112057_409010799,-0.10261538
20241107_112057_658554484,-0.045567475
20241107_112057_895960825,-0.09829857
20241107_112058_140883452,-0.11941215
20241107_112058_387405604,-0.25989887
20241107_112058_635360490,-0.045299254
20241107_112058_893399608,-0.0711995
20241107_112059_155366637,-0.11771294
20241107_112059_406003463,-0.26643223
20241107_112059_897573339,-0.14804216
20241107_112100_150779182,-0.10180386
20241107_112100_403817102,-0.11744364
20241107_112100_664884754,-0.14544357
20241107_112100_919320854,-0.13153835
20241107_112101_162173472,0.19036338
20241107_112101_417594777,0.255966
20241107_112101_673089675,0.2912041
20241107_112101_921479539,0.31268585
20241107_112102_156065997,0.22238728
20241107_112102_406061200,0.65699136
20241107_112102_652038842,0.45145097
20241107_112102_895282188,0.12924212
20241107_112103_392939943,0.09034852
20241107_112103_642647913,-0.04935821
20241107_112103_885531150,0.22099881
20241107_112104_134521816,-0.00082709454
20241107_112104_386352091,0.011693964
20241107_112104_641103177,0.60789806
20241107_112104_885362459,0.64014715
20241107_112105_136247550,-0.18909955
20241107_112105_389916713,0.12034904
20241107_112105_648277699,-0.07485738
20241107_112105_924147444,-0.0029471572
20241107_112106_162865006,-0.13871558
20241107_112106_405542488,-0.11619427
20241107_112106_653079166,-0.018509349
20241107_112106_901047356,-0.07251515
20241107_112107_156877891,0.05156538
20241107_112107_405912335,0.6426934
20241107_112107_646753951,0.5813999
20241107_112107_904548270,0.4004201
20241107_112108_145897721,0.5352525
20241107_112108_637929840,0.6281038
20241107_112108_892491456,0.85991544
20241107_112109_390738227,0.7836477
20241107_112109_639999163,0.55076784
20241107_112109_896768932,0.6428652
20241107_112110_141799083,0.83622295
20241107_112110_386698833,0.4911339
20241107_112110_639412513,0.6780446
20241107_112110_892260191,0.49350926
20241107_112111_134953418,0.24218883
20241107_112111_391975419,0.42153478
20241107_112111_630899868,0.34078586
20241107_112111_883205008,0.42421415
20241107_112112_148808438,0.5083936
20241107_112112_396264975,0.77881706
20241107_112112_641398174,0.33265638
20241107_112113_142706736,0.4399632
20241107_112113_391843614,1.0567899
20241107_112113_639020335,0.23421909
20241107_112113_886996113,0.07764123
20241107_112114_135353620,0.19267713
20241107_112114_387876392,0.1302297
20241107_112114_637650928,0.21215428
20241107_112115_135625601,0.25285494
20241107_112115_390510656,0.29511377
20241107_112115_634679231,-0.090726756
20241107_112115_888966022,-0.431747
20241107_112116_133624178,-0.44097662
20241107_112116_383641001,-0.08464985
20241107_112116_640784827,-0.02969258
20241107_112116_889795377,-0.057015263
20241107_112117_141456923,-0.011604032
20241107_112117_641273564,0.013610641
20241107_112117_896633998,0.034549154
20241107_112118_140406354,-0.19212215
20241107_112118_397201653,-0.06469133
20241107_112118_653486370,-0.013722679
20241107_112119_142390118,-0.11763161
20241107_112119_641717740,-0.037240706
20241107_112119_893646091,-0.0075339284
20241107_112120_384485732,-0.26520693
20241107_112120_635291079,0.053766847
20241107_112120_883859086,0.083473064
20241107_112121_135400020,0.2318943
20241107_112121_641757499,0.18446799
20241107_112121_891136897,0.20780496
20241107_112122_388002604,0.21969767
20241107_112122_886739538,0.18870284
20241107_112123_136876646,-0.357187
20241107_112123_385376008,-0.15051179
20241107_112123_634610812,-0.091754965
20241107_112123_891370669,-0.20351727
20241107_112124_138059340,-0.37091354
20241107_112124_401841680,-0.26092225
20241107_112124_890114675,-0.3691656
20241107_112125_140884892,-0.2932092
20241107_112125_392486411,-0.28547534
20241107_112125_889654675,-0.24364497
20241107_112126_136887253,-0.11701053
20241107_112126_385143620,-0.054627232
20241107_112126_632722893,0.05225502
20241107_112126_884904080,-0.2346179
20241107_112127_132705887,-0.13956286
20241107_112127_391817362,-0.15971799
20241107_112127_883883552,-0.12780388
20241107_112128_135678644,-0.071418785
20241107_112128_385100267,-0.17082532
20241107_112128_638478551,-0.17999609
20241107_112128_884460537,-0.18287052
20241107_112129_403935963,-0.2629868
20241107_112129_633396917,-0.25511792
20241107_112129_889147908,-0.83624226
20241107_112130_136096779,-0.9175654
20241107_112130_386040195,-0.48443067
20241107_112131_631248089,-0.4712018
20241107_112131_888096332,-0.14639059
20241107_112132_134339335,-0.45260254
20241107_112132_389902949,-0.114826985
20241107_112132_635631705,-0.11807159
20241107_112132_889443490,-0.27661517
20241107_112133_641674820,-0.47378802
20241107_112133_898597012,-0.9944286
20241107_112134_141367737,-0.14233646
20241107_112135_385704719,-0.2949486
20241107_112135_637694181,-0.26856405
20241107_112135_893279018,-0.47738174
20241107_112136_145016908,-0.8764478
20241107_112136_397154537,-0.6144517
20241107_112136_643714628,-0.46421614
20241107_112136_894982102,-0.095162086
20241107_112137_143577565,-0.0436837
20241107_112137_399238939,-0.12248584
20241107_112138_385783853,-0.18110107
20241107_112138_633649950,-0.49914342
20241107_112138_884653837,-0.53270036
20241107_112139_141101131,-0.36093187
20241107_112139_395300760,-0.21848829
20241107_112139_645330611,-0.12157335
20241107_112141_390226302,-0.20805909
20241107_112141_645384167,-0.21370192
20241107_112141_898535418,-0.28467196
20241107_112142_137020112,-0.24617453
20241107_112142_382567036,-0.139354
20241107_112142_631734457,0.34660164
20241107_112142_892765721,0.1794986
20241107_112143_143396290,0.16622525
20241107_112143_641763569,0.141567
20241107_112143_888987049,0.1462854
20241107_112144_136762532,-0.16440298
20241107_112144_387754113,-0.4668326
20241107_112144_645810331,0.3539703
20241107_112144_893598070,0.5846433
20241107_112145_145166036,0.5023364
20241107_112145_396023930,0.44740584
20241107_112145_633702129,0.54209435
20241107_112145_886527501,0.53349704
20241107_112146_131643170,0.5834694
20241107_112146_383493096,0.40121973
20241107_112146_635409989,0.13750158
20241107_112146_885382336,0.055244304
20241107_112147_633391300,0.12712757
20241107_112148_632334198,-0.6090114
20241107_112148_886998615,-1.2132899
20241107_112149_139051979,0.072631456
20241107_112149_390830284,0.2541217
20241107_112149_636781483,0.22752993
20241107_112149_895482103,0.15027569
20241107_112150_137932156,0.038954355
20241107_112150_390420006,0.057579137
20241107_112150_888929325,0.8560719
20241107_112151_152271742,0.5288815
20241107_112151_408269445,0.30157402
20241107_112151_652786494,0.1978771
20241107_112151_892992712,0.55454135
20241107_112152_143641003,0.49223402
20241107_112152_399714880,0.214465
20241107_112152_640463988,-0.029903283
20241107_112152_895277767,-0.015575847
20241107_112153_147745510,-0.27982154
20241107_112153_400222872,-0.17934354
20241107_112155_386579050,-0.28380018
20241107_112155_637822945,-0.15957
20241107_112155_891523922,-1.2167543
20241107_112156_145654093,0.6927913
20241107_112156_399283574,1.586313
20241107_112156_644367473,-0.7670798
20241107_112156_896519618,-0.15764762
20241107_112157_136818204,0.7074398
20241107_112157_391152150,1.0829778
20241107_112157_644371116,0.2927634
20241107_112157_901840450,0.14540885
20241107_112158_146417039,0.30456808
20241107_112158_392440976,0.7235486
20241107_112158_644358986,-0.62358457
20241107_112158_895259510,-0.35675487
20241107_112159_156498942,-0.6487039
20241107_112159_403759984,-0.2133116
20241107_112159_900547989,-0.26042572
20241107_112200_142021323,-0.11848128
20241107_112200_393476164,0.2780217
20241107_112200_658073255,-0.057988524
20241107_112200_901625410,0.21192294
20241107_112201_146709830,0.6959869
20241107_112201_393368849,-0.642999
20241107_112201_654720137,-1.1915615
20241107_112201_905816131,0.4738414
20241107_112202_151381018,-0.10590651
20241107_112202_397489167,0.7411385
20241107_112202_639485441,-0.0107795205
20241107_112202_889196377,-0.20779546
20241107_112203_139882430,-0.3605455
20241107_112203_387339475,0.2711905
20241107_112204_392105126,-0.013795575
20241107_112204_642916514,-0.029788693
20241107_112205_137897854,-0.032000326
20241107_112205_387654389,-0.31297293
20241107_112205_629060113,-0.18161853
20241107_112205_882723983,-0.059623264
20241107_112206_646299100,0.12688996
20241107_112206_908631645,0.3706842
20241107_112207_147780870,0.20308593
20241107_112209_142598294,0.17839877
20241107_112209_396502650,0.07130162
20241107_112209_894651671,0.102550484
20241107_112210_389288822,0.3397684
20241107_112210_634807627,0.38790873
20241107_112210_893500624,0.5583753
20241107_112211_143544914,0.48131993
20241107_112211_407511664,0.36680013
20241107_112212_401018280,0.4129796
20241107_112212_638790298,0.30561274
20241107_112213_136863777,0.28756744
20241107_112213_639133563,0.24845909
20241107_112213_888252994,0.27305034
20241107_112214_133697945,0.24693339
20241107_112214_384763106,0.23012678
20241107_112214_634534374,0.23925303
20241107_112215_136172544,0.18371014
20241107_112215_629027910,0.19716628
20241107_112215_881081472,0.017332831
20241107_112216_128136766,-0.070500456
20241107_112216_384202557,0.5644682
20241107_112216_630194887,0.4796432
20241107_112216_881035500,0.43048492
20241107_112217_139099029,0.41576904
20241107_112217_387342142,0.5341789
20241107_112217_894977622,0.45132768
20241107_112218_387754415,0.46500704
20241107_112218_638006347,0.4729731
20241107_112218_890929641,0.4513073
20241107_112219_135847101,1.457665
20241107_112219_395004331,-0.67194206
20241107_112219_632321432,-0.2707861
20241107_112219_885390295,0.65752345
20241107_112220_141354010,0.66012704
20241107_112220_390422942,0.63878727
20241107_112220_636987035,0.65373147
20241107_112220_886053625,0.2456467
20241107_112221_132227879,0.23222743
20241107_112221_381811518,0.28990582
20241107_112222_389494276,0.3988487
20241107_112222_634041572,0.44376713
20241107_112222_887636551,0.30193785
20241107_112223_136193938,0.30783877
20241107_112223_391137296,0.037472643
20241107_112223_635910227,-0.08994498
20241107_112223_897811369,0.05936069
20241107_112224_138193147,0.08271051
20241107_112225_141600360,0.3017874
20241107_112225_392720646,0.23264115
20241107_112225_884382572,0.14727102
20241107_112226_130174399,0.1098002
20241107_112226_631590449,0.10008637
20241107_112227_379369484,0.11744759
20241107_112228_628109172,-0.119751595
20241107_112228_880652617,-0.24543919
20241107_112229_403723796,0.59842277
20241107_112229_633814771,-0.28482202
20241107_112229_883557960,0.15373103
20241107_112230_138639011,0.06292035
20241107_112230_391474827,0.13851252
20241107_112230_637877770,0.14040701
20241107_112230_887576641,0.059480645
20241107_112231_388382571,0.07211641
20241107_112231_633219324,0.067852
20241107_112231_886491331,0.10439847
20241107_112232_138166312,0.15933065
20241107_112232_392996001,0.16154157
20241107_112232_639034318,0.15943144
20241107_112233_381124646,0.14816044
20241107_112233_627656613,0.13037531
20241107_112233_887356346,0.07054738
20241107_112234_131063803,0.12358955
20241107_112234_381865050,1.3295648
20241107_112234_631514732,0.6460767
20241107_112234_882570990,0.70352536
20241107_112235_385530026,-0.70423704
20241107_112235_635027416,-0.62670535
20241107_112235_893071740,-1.1486789
20241107_112236_131063196,-0.75567955
20241107_112236_389621603,-0.36321285
20241107_112236_635522891,-0.3685673
20241107_112236_890096950,-0.19681546
20241107_112237_137456579,0.18215522
20241107_112237_389385427,0.12959085
20241107_112237_634944518,0.07314316
20241107_112237_888517005,0.04660365
20241107_112238_385947270,-0.3227828
20241107_112238_627483402,-0.1801839
20241107_112238_880767173,-0.2745467
20241107_112239_382195227,-0.18775822
20241107_112239_640809167,-0.20468412
20241107_112239_883014499,-0.019250104
20241107_112240_131797161,-0.047477327
20241107_112240_881992301,-0.14996012
20241107_112241_128448102,-0.13952477
20241107_112241_385380078,0.22102024
20241107_112241_637776554,0.12544517
20241107_112241_885563721,0.09713773
20241107_112242_131655192,0.101974346
20241107_112242_633138980,0.049888648
20241107_112242_891485660,0.042650856
20241107_112243_133405948,0.027148465
20241107_112243_388181610,0.0010623727
20241107_112243_631332188,-0.19052877
20241107_112244_387676457,-0.31970593
20241107_112244_636047081,-0.25091723
20241107_112244_888933243,-0.22230758
20241107_112245_141582870,-0.16712792
20241107_112245_388675041,0.11019648
20241107_112245_890363013,-0.46675634
20241107_112246_134825965,-0.15984048
20241107_112246_389897110,-0.4519595
20241107_112246_634021045,-0.23961164
20241107_112246_886537314,-0.25733683
20241107_112247_135903708,-0.15777072
20241107_112247_386528095,0.15470862
20241107_112247_636457083,-0.17810126
20241107_112247_892350394,-0.13288052
20241107_112248_133723444,-0.22116084
20241107_112248_390584284,-0.1301334
20241107_112248_635615026,-0.19854511
20241107_112248_883391264,-0.15425219
20241107_112249_129116904,-0.1460876
20241107_112249_379727685,-0.1416216
20241107_112249_632779812,-0.089148186
20241107_112249_885953316,-0.14993371
20241107_112250_385694475,-0.1357915
20241107_112250_891629301,-1.0826012
20241107_112251_135337815,0.07495961
20241107_112251_385347818,0.17129569
20241107_112251_638444117,0.1896449
20241107_112252_383147747,0.16051985
20241107_112252_633327320,0.26623422
20241107_112252_884454179,0.23038034
20241107_112255_388338626,0.9115353
20241107_112255_634253969,-0.31099615
20241107_112255_882189596,-0.12167927
20241107_112256_134307947,-0.28658697
20241107_112256_383721329,-1.3158607
20241107_112256_629084786,-0.54059094
20241107_112256_878228696,-0.2729607
20241107_112257_130398235,-0.7175779
20241107_112257_382300696,-0.42779765
20241107_112258_383586061,-0.18999858
20241107_112258_637253249,-0.18533795
20241107_112258_884746682,-0.29086024
20241107_112259_385233338,-0.2831831
20241107_112259_635329160,-0.29644716
20241107_112300_136671833,-0.24144371
20241107_112300_381556215,-0.032404028
20241107_112300_632004156,-0.14442183
20241107_112301_885840635,-0.074120246
20241107_112302_139986939,0.04594726
20241107_112302_398814027,0.36513302
20241107_112302_648033320,1.5472791
20241107_112302_901312643,0.16697837
20241107_112303_141484181,-0.17714901
20241107_112303_392671698,0.103248425
20241107_112303_643425237,0.3463697
20241107_112303_888005399,0.48502126
20241107_112304_133166572,0.22528715
20241107_112304_381609766,0.2842057
20241107_112304_630736777,0.30955315
20241107_112304_883743595,0.33669946
20241107_112305_125494730,0.33039847
20241107_112305_380594150,0.26227644
20241107_112305_631445964,0.28676918
20241107_112305_882676875,-0.264285
20241107_112306_139436418,0.057877935
20241107_112306_399393959,-0.025741866
20241107_112306_639982849,0.009012321
20241107_112306_895724867,0.050739564
20241107_112307_142326831,0.0655979
20241107_112307_389223449,0.24456327
20241107_112307_636409056,0.38516238
20241107_112307_890969674,0.28546083
20241107_112308_141126502,0.259741
20241107_112308_392253232,0.2987365
20241107_112308_893632567,0.23620917
20241107_112309_138895001,0.18494813
20241107_112309_387308485,0.25885236
20241107_112309_635749845,0.25468537
20241107_112309_888484522,0.24241005
20241107_112310_131591732,0.27202064
20241107_112310_381473362,0.2872227
20241107_112310_882484213,0.25283733
20241107_112311_133199114,0.18770827
20241107_112311_380421136,0.20673631
20241107_112311_635358139,0.35214636
20241107_112311_891893900,0.15116774
20241107_112312_137337873,0.47613713
20241107_112312_391609795,0.34053785
20241107_112312_639343978,0.47375694
20241107_112312_897738153,0.2592345
20241107_112313_149115347,0.2653132
20241107_112313_401136417,-0.129413
20241107_112313_638946495,0.073798485
20241107_112313_887009617,0.015259633
20241107_112314_133575901,0.061969407
20241107_112314_397742354,0.02152882
20241107_112314_645763472,0.11357159
20241107_112314_891727384,0.1560574
20241107_112315_131371342,0.08977274
20241107_112315_382825604,0.116973914
20241107_112315_628458208,0.08064536
20241107_112315_890804556,0.020418921
20241107_112316_138751172,0.10220466
20241107_112316_385951789,0.16218476
20241107_112316_632136891,0.24452047
20241107_112316_885132259,0.24484797
20241107_112317_134158356,0.34832183
20241107_112317_384231429,0.41169155
20241107_112317_629819398,0.3051713
20241107_112317_882441493,0.3307169
20241107_112318_133900254,0.32894585
20241107_112318_642187227,0.3497985
20241107_112318_892613032,0.28011817
20241107_112319_137515420,0.14740984
20241107_112319_389650381,0.876393
20241107_112319_647822634,-0.6986338
20241107_112319_910096760,-0.4018307
20241107_112320_151984678,-0.51205176
20241107_112320_401567075,-0.23685597
20241107_112320_647936452,-0.5249935
20241107_112320_896243311,-0.23565792
20241107_112321_150828266,-0.31336653
20241107_112321_402484821,-0.47761747
20241107_112321_642718055,0.15287773
20241107_112321_893700779,-0.32583347
20241107_112322_150470334,-0.3683241
20241107_112322_395759728,-0.26853597
20241107_112323_139054067,-0.28494444
20241107_112323_397712294,-0.41011176
20241107_112323_654976812,-0.55305904
20241107_112323_898958772,-1.0253834
20241107_112324_139256281,-0.7028826
20241107_112324_385798629,-0.6729382
20241107_112324_631726258,-0.5877014
20241107_112324_880005532,-0.6615353
20241107_112325_129636409,-0.6633166
20241107_112325_880065319,-0.8987355
20241107_112326_128747463,-0.700597
20241107_112327_387809484,-0.60333973
20241107_112327_639124565,-0.6265128
20241107_112327_890196670,-0.6547942
20241107_112328_902078872,-0.6418628
20241107_112329_144779933,-0.629663
20241107_112329_409450525,-0.22398373
20241107_112329_633793369,-0.6748553
20241107_112329_888273138,-0.5938925
20241107_112330_141741856,0.09197334
20241107_112330_392708271,0.051283278
20241107_112330_641279757,0.15722226
20241107_112330_894525628,0.16636835
20241107_112332_131876632,0.12771033
20241107_112332_378307479,0.17441939
20241107_112332_626687362,-0.074534915
20241107_112333_136536994,0.0027630124
20241107_112333_391227036,-0.009984335
20241107_112333_885667144,-0.020995637
20241107_112334_143354802,-0.31442454
20241107_112334_414121855,-0.914818
20241107_112334_657763453,0.37976766
20241107_112334_914531982,-0.26861283
20241107_112335_150170186,-0.0027281847
20241107_112335_405712307,0.24818479
20241107_112335_638979870,0.93033564
20241107_112335_889507406,0.50984335
20241107_112336_133110193,0.20913357
20241107_112336_381363561,0.18235669
20241107_112336_625583847,0.11895058
20241107_112336_878419937,0.30356553
20241107_112338_629822640,0.41248506
20241107_112338_884847648,0.5714674
20241107_112339_381326799,0.4363879
20241107_112339_633195290,0.3003498
20241107_112339_891473836,0.33855143
20241107_112340_380450574,0.3707231
20241107_112340_631242559,0.6967524
20241107_112340_881301454,0.7548264
20241107_112341_141912219,0.44847527
20241107_112341_384385132,0.14849962
20241107_112341_627156817,0.28424063
20241107_112341_882704156,0.27437118
20241107_112342_143220811,-0.1374578
20241107_112342_635618724,-0.09366601
20241107_112342_886272049,-0.038611643
20241107_112343_134226341,-0.15571131
20241107_112343_383029037,-0.0697762
20241107_112343_886719560,-0.026472947
20241107_112344_879945575,-0.018665334
20241107_112345_383716325,-0.18411447
20241107_112346_380285125,-0.41946995
20241107_112346_627846878,-0.2881312
20241107_112346_880289209,-0.2200299
20241107_112347_128503601,-0.19545008
20241107_112347_379719618,-0.06553181
20241107_112347_632270161,-0.1254387
20241107_112347_879890074,-0.13570775
20241107_112348_124942757,-0.32942507
20241107_112348_376080739,-0.6738758
20241107_112348_626481948,-0.3131772
20241107_112348_879157931,-1.4763104
20241107_112349_137488390,-0.73031914
20241107_112349_383625505,-0.25188684
20241107_112349_631903829,-0.12528542
20241107_112349_882287883,-0.23973931
20241107_112350_879390147,1.1509295
20241107_112351_130505080,0.48763743
20241107_112351_388328825,0.41112575
20241107_112351_632725430,0.48587373
20241107_112351_890581017,0.43501008
20241107_112352_139098376,0.878012
20241107_112352_388385048,0.6252332
20241107_112352_629248710,0.24915422
20241107_112352_879680894,0.7666477
20241107_112353_129290302,0.5713369
20241107_112353_380863010,0.5736206
20241107_112353_880809183,0.5583574
20241107_112354_378134929,0.47996923
20241107_112354_629371930,0.4386054
20241107_112354_882119368,0.37016544
20241107_112355_135627355,0.5483522
20241107_112355_380764276,0.42092493
20241107_112355_628094752,0.46138373
20241107_112355_885675811,0.13133843
20241107_112356_135954802,0.124658294
20241107_112356_382763402,-0.36859146
20241107_112356_635942760,-0.10394878
20241107_112356_896099877,-0.02863424
20241107_112357_150193038,-0.13606991
20241107_112357_406284800,-0.494284
20241107_112357_659463363,-0.24324699
20241107_112357_899995345,-0.3453871
20241107_112358_140378289,-0.26648572
20241107_112358_633920158,-0.24664561
20241107_112358_887939128,-0.19655235
20241107_112359_132002583,-0.28534508
20241107_112359_639560825,-0.24341665
20241107_112400_136225473,-0.2603357
20241107_112400_380001486,-0.29468688
20241107_112401_629567693,-0.2005712
20241107_112401_879880087,-0.03781815
20241107_112402_129683423,0.002662992
20241107_112402_383250834,0.039228655
20241107_112403_129924303,-0.18151258
20241107_112403_631216519,-0.18805622
20241107_112403_882236148,-0.1358202
20241107_112404_133057480,-0.044711746
20241107_112404_382999654,-0.15340815
20241107_112404_626685922,0.23649804
20241107_112404_882561973,1.483543
20241107_112405_140220334,0.4577256
20241107_112405_391495396,0.49775752
20241107_112405_633347783,0.9960858
20241107_112405_884386187,1.1237115
20241107_112406_128248577,1.0921339
20241107_112406_379838609,-0.51445794
20241107_112406_631158446,-0.19865479
20241107_112406_881243537,-0.0055709034
20241107_112407_128463834,-0.11054951
20241107_112407_378351426,-0.19851391
20241107_112407_886878220,-0.30846345
20241107_112408_131224770,-0.4490332
20241107_112408_381553003,-0.43345347
20241107_112408_627999133,-0.1873203
20241107_112408_882592231,-0.32424068
20241107_112409_138194985,0.13532488
20241107_112409_387969347,0.9083136
20241107_112409_632547631,0.5739653
20241107_112409_884616156,0.8658766
20241107_112410_130753786,0.6669789
20241107_112410_383463094,0.64994526
20241107_112410_629345146,0.9091364
20241107_112410_881162787,0.8070819
20241107_112411_128797148,0.66036123
20241107_112411_384903929,0.6406812
20241107_112411_630645815,0.2924234
20241107_112411_879806752,0.1835515
20241107_112412_124833590,0.27646577
20241107_112412_376919022,0.0026370082
20241107_112412_624792111,-0.5468091
20241107_112412_877868853,-0.20591266
20241107_112413_132440558,-0.09580659
20241107_112413_382511024,-0.08979728
20241107_112413_631583735,-0.03182339
20241107_112413_881004725,-0.06112837
20241107_112414_381316127,-0.04032197
20241107_112414_629755439,0.15467568
20241107_112414_881169209,0.018540302
20241107_112415_130823766,0.08492199
20241107_112415_631859204,0.116096385
20241107_112415_886576995,0.014220217
20241107_112416_141860735,-0.14838482
20241107_112416_399866346,-0.95891875
20241107_112416_638044376,-0.20376702
20241107_112416_882912390,-0.30746543
20241107_112417_385811641,-0.20361184
20241107_112417_637573477,-0.21086158
20241107_112417_890655447,-0.14323835
20241107_112418_140191303,-0.2101409
20241107_112419_379718556,-0.16377361
20241107_112419_636870984,-0.36683157
20241107_112420_134508301,-0.91289455
20241107_112420_382264796,-0.50147754
20241107_112420_633230665,-0.9343324
20241107_112420_889635455,-0.42894122
20241107_112421_142572518,-0.498243
20241107_112422_136760072,-0.8057792
20241107_112422_387066819,0.11217753
20241107_112422_637410801,-0.0049582925
20241107_112422_889457625,0.24030249
20241107_112423_138287179,0.15435086
20241107_112423_387095050,0.095071234
20241107_112423_639840117,0.14017563
20241107_112423_890907570,0.12338618
20241107_112424_136228092,0.046199955
20241107_112424_634304332,0.07802621
20241107_112425_137716843,0.11765886
20241107_112425_886097732,-0.06563016
20241107_112426_137185865,-0.21496834
20241107_112427_633668927,-0.06831273
20241107_112427_888062245,-0.034926973
20241107_112428_647720331,-0.1321186
20241107_112428_893007287,-0.026204607
20241107_112429_401493203,-0.013762971
20241107_112429_887175358,-0.5295545
20241107_112430_395781761,-0.116826296
20241107_112431_887823959,-1.5977017
20241107_112432_133591114,-0.60680944
20241107_112433_632297044,-0.38440606
20241107_112434_382600190,0.2326066
20241107_112434_630961469,0.008157233
20241107_112434_879961917,0.008739302
20241107_112435_131433833,0.04460547
20241107_112435_389220195,0.050817437
20241107_112435_890740711,0.015744725
20241107_112436_132442191,-0.05658748
20241107_112436_381864043,0.37924054
20241107_112439_630306703,0.23002033
20241107_112439_879689307,0.35302007
20241107_112440_128224812,0.5533405
20241107_112440_387214220,0.26304558
20241107_112440_632242492,0.44767177
20241107_112440_881500210,0.60269266
20241107_112441_130724315,0.38626084
20241107_112441_379503908,0.335
20241107_112441_627884638,1.4597453
20241107_112441_879418440,0.8818068
20241107_112442_129206702,0.9952478
20241107_112442_376397765,0.5325509
20241107_112442_626505849,0.5159122
20241107_112442_877786440,0.6977127
20241107_112443_128736214,1.0907562
20241107_112443_381768696,0.2760581
20241107_112443_629466739,-0.38220546
20241107_112443_880822264,-0.18681432
20241107_112444_126789633,-0.4053713
20241107_112444_382332851,-0.9553562
20241107_112444_636604594,-1.0378553
20241107_112444_884928816,0.52901816
20241107_112445_132008752,0.5272538
20241107_112445_387460290,0.2321045
20241107_112445_630881376,0.15410922
20241107_112445_881687170,0.4310078
20241107_112446_129145114,0.46509948
20241107_112446_883126373,0.42522076
20241107_112447_142650229,0.15033694
20241107_112447_390529557,-0.05248203
20241107_112447_635075683,0.089696236
20241107_112447_888854569,0.006345907
20241107_112448_136324478,0.04303626
20241107_112448_380904000,0.29412198
20241107_112449_385729721,0.23589788
20241107_112449_631073385,-0.15451394
20241107_112450_134236737,0.05930344
20241107_112450_384097524,0.045272358
20241107_112451_140151399,0.011927405
20241107_112451_385882577,-0.67585665
20241107_112451_636011804,-0.21565063
20241107_112451_880600399,-0.20085295
20241107_112452_631476943,-0.16922908
20241107_112452_880619751,-0.039500885
20241107_112453_130612638,-0.12402146
20241107_112453_383495832,-0.057069264
20241107_112453_629778822,0.42762795
20241107_112453_882384104,0.4372752
20241107_112454_380812609,0.5306388
20241107_112454_627715781,0.65435
20241107_112454_877853066,1.4167863
20241107_112455_124829144,0.92987055
20241107_112455_628192865,-0.66814375
20241107_112455_890547782,0.69879067
20241107_112456_137024153,0.21316527
20241107_112456_385662303,0.1942152
20241107_112456_637254805,0.20156448
20241107_112456_885885660,0.33707732
20241107_112457_395218138,0.24371515
20241107_112457_886544405,0.22783376
20241107_112458_893900804,-0.11886858
20241107_112459_135244868,0.10028616
20241107_112459_386461953,0.14276086
20241107_112500_137305280,0.8686012
20241107_112500_394364322,0.5855969
20241107_112500_644987196,2.2202225
20241107_112500_895236860,-0.24075471
20241107_112501_139814964,-1.3304619
20241107_112501_390826026,-0.064938866
20241107_112501_642402665,-0.25438818
20241107_112501_890621777,-0.15789498
20241107_112502_134218207,-0.21551795
20241107_112502_388741522,-0.25268978
20241107_112503_131239602,-2.5760093
20241107_112503_387956684,0.040631868
20241107_112503_636370064,0.06756572
20241107_112503_890949139,-0.11155572
20241107_112504_142318396,-0.3494986
20241107_112504_391312784,-0.27302766
20241107_112504_644374353,-1.5602509
20241107_112504_895816682,-0.25868642
20241107_112505_138830628,0.15408447
20241107_112505_395551738,1.8662004
20241107_112505_648416803,-0.9503446
20241107_112505_895421505,-0.5483064
20241107_112506_141011001,-0.66787404
20241107_112506_391488394,-0.80061215
20241107_112506_886622317,-0.8436973
20241107_112507_137939800,-0.3227763
20241107_112507_393105429,0.63075644
20241107_112507_642165559,-0.251605
20241107_112507_897689789,-0.14945053
20241107_112508_150565050,-0.11091604
20241107_112508_396864184,-0.09181886
20241107_112508_643485626,-0.4288707
20241107_112508_885721846,-0.5428897
20241107_112509_143118380,-0.3006344
20241107_112509_398540184,-0.20523246
20241107_112509_640031464,-0.23650901
20241107_112509_884873376,-0.39868867
20241107_112510_134210442,-0.27493754
20241107_112510_389801152,-0.0937542
20241107_112510_634273555,-0.13016014
20241107_112510_887390426,-0.6244115
20241107_112511_138219733,-0.6082082
20241107_112511_387530635,-0.1094627
20241107_112511_640058513,-0.9468417
20241107_112511_889738515,0.5883572
20241107_112512_135226333,-0.02181234
20241107_112512_383391771,0.16534452
20241107_112512_641618589,0.2283312
20241107_112512_894806979,0.12591378
20241107_112513_140534056,0.08556483
20241107_112513_385789988,0.121951796
20241107_112513_629534938,0.19740336
20241107_112514_126349801,0.45429316
20241107_112514_380579547,0.2365836
20241107_112514_879507133,0.7227591
20241107_112515_132489204,0.28899634
20241107_112515_392150856,-0.29875734
20241107_112515_633912978,-1.5523974
20241107_112515_894925682,-0.29557836
20241107_112516_138107972,0.08024028
20241107_112516_386065870,0.25253576
20241107_112516_644504839,0.49281904
20241107_112516_904867570,1.2542195
20241107_112517_143027873,0.21483713
20241107_112517_389159781,-0.07914854
20241107_112517_637432735,-0.19386037
20241107_112517_886088030,-0.12119057
20241107_112518_132538303,0.51665574
20241107_112518_384400368,0.362269
20241107_112518_629073267,0.4546849
20241107_112518_880318615,0.106506206
20241107_112519_126115568,0.23254488
20241107_112519_375046299,0.21424183
20241107_112519_625411683,0.42553627
20241107_112519_881538715,-0.07892545
20241107_112520_135916702,-0.21611623
20241107_112520_393883675,-1.2993058
20241107_112520_639467959,-0.830786
20241107_112520_886869380,-0.25613287
20241107_112521_135627163,-0.3952342
20241107_112521_391262928,-0.17156108
20241107_112521_641753092,0.084104784
20241107_112521_890326211,0.0006187465
20241107_112522_138554583,-0.025348922
20241107_112522_387082837,-0.10240378
20241107_112522_891148853,-0.15258344
20241107_112523_385552616,0.024961324
20241107_112523_633908962,-0.07092073
20241107_112524_138051846,0.21620299
20241107_112524_392641653,0.7722731
20241107_112524_648178374,2.0626264
20241107_112524_895705027,2.576787
20241107_112525_129606079,1.5958056
20241107_112525_382032388,0.45430186
20241107_112525_634404553,0.4082848
20241107_112525_890536044,0.63520056
20241107_112526_135767401,0.8704315
20241107_112526_397637094,0.95125407
20241107_112526_645424695,0.89996296
20241107_112526_889489685,0.8381579
20241107_112527_135471728,1.8761841
20241107_112527_393884594,-0.6295176
20241107_112527_633707807,-2.1930318
20241107_112527_887241970,-0.55209565
20241107_112528_144850165,-0.25952274
20241107_112528_399308627,-0.4662562
20241107_112528_642047475,-0.9632037
20241107_112529_137909258,-0.6584172
20241107_112529_408228981,-0.71901
20241107_112529_631913669,-0.53528655
20241107_112530_127588343,-0.7047058
20241107_112530_383271980,-1.023391
20241107_112530_634441276,-1.2332026
20241107_112530_881389898,-1.886465
20241107_112531_136951114,-0.70594823
20241107_112531_384430003,0.38996735
20241107_112531_628576915,0.059168674
20241107_112531_882059708,1.3006685
20241107_112532_132785332,1.8534719
20241107_112532_381501523,-0.6006733
20241107_112532_634008927,-0.7817443
20241107_112532_882304655,-0.29026255
20241107_112533_133131238,-0.016726563
20241107_112533_386655288,0.24133931
20241107_112533_635336454,-0.17493106
20241107_112533_881045556,-0.07822158
20241107_112534_127815321,-0.03794279
20241107_112534_886705544,-0.085552774
20241107_112535_133303374,-0.07532742
20241107_112535_378661877,-0.084367536
20241107_112535_632660115,-0.06595173
20241107_112535_887402508,0.12298902
20241107_112536_131674354,-0.06962266
20241107_112536_381550478,-0.07183685
20241107_112536_629521617,-0.06389966
20241107_112536_883797156,0.46049967
20241107_112537_136477852,2.080767
20241107_112537_390761196,-0.19976269
20241107_112537_636964834,-0.7114669
20241107_112537_902408504,-0.38114336
20241107_112538_158654006,-0.8500487
20241107_112538_404914990,-0.250328
20241107_112538_639472220,-0.9494746
20241107_112538_887271729,-0.22563979
20241107_112539_137446856,-1.4519202
20241107_112539_396773636,-0.88143486
20241107_112539_645125720,-0.86347586
20241107_112539_896338052,-0.7965038
20241107_112540_147656279,-0.94521827
20241107_112540_396158148,-0.067390434
20241107_112540_640554736,-0.21344423
20241107_112540_893601288,-0.4150404
20241107_112541_142152618,-0.32306787
20241107_112541_388221227,-0.24085887
20241107_112541_652947844,-1.493414
20241107_112541_902770809,0.7776198
20241107_112542_153678556,0.94549114
20241107_112542_396608012,1.5142261
20241107_112542_643632383,-0.002386706
20241107_112542_884471000,0.31093675
20241107_112543_132928606,0.1653354
20241107_112543_387103083,0.038109586
20241107_112543_631212728,0.03879521
20241107_112544_139177370,0.025241772
20241107_112544_399831067,0.012394587
20241107_112544_891110447,-0.5830187
20241107_112545_399218725,-0.56882507
20241107_112545_647904581,-0.5840969
20241107_112545_894926547,-0.59916425
20241107_112546_152454840,-0.524965
20241107_112546_394554565,-0.50545436
20241107_112546_640924672,-0.506871
20241107_112546_887272311,-0.7945952
20241107_112547_387633272,-0.45058006
20241107_112547_633381802,-0.3096975
20241107_112547_882062842,-0.27452412
20241107_112548_131996194,-0.27801406
20241107_112548_381709131,-0.116418056
20241107_112548_632987785,-0.3938086
20241107_112548_890099146,-0.40038338
20241107_112549_643077471,-0.31201717
20241107_112549_900952990,-0.31939116
20241107_112550_640017913,-0.24298435
20241107_112550_887872833,-0.23559673
20241107_112551_136651990,-0.22553183
20241107_112551_627340283,-0.27433878
20241107_112551_888855918,-0.3381377
20241107_112552_140284367,-0.5321172
20241107_112552_385776765,-0.42433384
20241107_112552_637275187,-0.4527842
20241107_112552_885544614,-0.4117853
20241107_112553_387360924,-0.56629306
20241107_112553_638051384,-0.594552
20241107_112553_889331017,-0.43694255
20241107_112554_137546051,-0.6666268
20241107_112554_390379384,-0.77569795
20241107_112554_635365313,-0.40431815
20241107_112554_887194439,-1.0311016
20241107_112555_136634100,-0.536369
20241107_112555_391437364,-0.40876663
20241107_112555_633988226,-0.47919112
20241107_112555_885024308,-0.48118255
20241107_112556_143233979,-1.181481
20241107_112556_389434671,-1.2109907
20241107_112556_632333925,-0.6172284
20241107_112556_885141454,-0.49302542
20241107_112557_129650613,-0.5977702
20241107_112557_381308798,-0.5923011
20241107_112557_882006293,-0.47673264
20241107_112558_133115267,-0.53071415
20241107_112558_392838864,-0.5195537
20241107_112558_634723605,-0.5983188
20241107_112558_889782082,-0.66095847
20241107_112559_144952794,-0.047010742
20241107_112559_399782630,0.07950155
20241107_112559_644501375,-0.19758905
20241107_112559_892625265,-0.176618
20241107_112600_134224669,-0.1829501
20241107_112600_380667312,-0.4093596
20241107_112600_631368858,-0.22156431
20241107_112600_891792995,-0.08940258
20241107_112601_139269722,-0.10923966
20241107_112601_392233830,0.058208697
20241107_112601_634460742,-0.054731093
20241107_112601_893480475,0.14903915
20241107_112602_151279222,0.32594538
20241107_112602_398805207,0.07907612
20241107_112602_640901795,0.0770416
20241107_112602_891092086,-0.007242283
20241107_112603_140674850,-0.24482356
20241107_112603_388436122,-1.0455824
20241107_112603_644598582,-0.5424883
20241107_112603_901147260,0.114279695
20241107_112604_168793630,0.23406394
20241107_112604_426721488,0.30224
20241107_112604_660834450,0.69646555
20241107_112604_912969359,0.46039832
20241107_112605_163983202,0.07593135
20241107_112605_421003438,-0.15994938
20241107_112605_657893675,-0.20560719
20241107_112605_907593148,-0.11877897
20241107_112606_151298334,-0.100324325
20241107_112606_404148313,-0.02964898
20241107_112606_663973553,-1.6267313
20241107_112606_905866956,-0.2241378
20241107_112607_145383062,-0.026053747
20241107_112607_399359254,0.18647297
20241107_112607_647250943,0.08411143
20241107_112607_893499194,0.1903855
20241107_112608_133108795,0.10922644
20241107_112608_389845508,0.020221332
20241107_112608_637260667,0.091145076
20241107_112608_890395084,0.41294932
20241107_112609_139971719,0.22999822
20241107_112609_387468372,-0.22237252
20241107_112609_631629658,0.7003314
20241107_112609_884123008,0.9326442
20241107_112610_134775821,1.0713874
20241107_112610_396784942,1.6767396
20241107_112610_647819467,0.0029322095
20241107_112610_892306337,0.17948623
20241107_112611_137953521,-0.30850363
20241107_112611_395402943,-1.6226969
20241107_112611_660551099,-0.49207956
20241107_112611_899133036,-0.085362874
20241107_112612_138463545,-0.54357404
20241107_112612_402472898,-0.5299322
20241107_112612_640995590,-0.056608498
20241107_112612_897248552,-0.15034384
20241107_112613_138478063,-0.55368006
20241107_112613_385277977,-1.4959394
20241107_112613_645548737,-0.46468875
20241107_112613_900358935,-0.7673574
20241107_112614_145032866,-0.74564683
20241107_112614_638767662,-0.7116802
20241107_112614_898974772,0.30046746
20241107_112615_147679159,0.62241507
20241107_112615_392512633,0.60290027
20241107_112615_639812940,0.5794933
20241107_112615_889108136,0.5340147
20241107_112616_131928669,1.1204355
20241107_112616_387092616,0.84305966
20241107_112616_631894290,0.6718536
20241107_112616_883491151,1.0729069
20241107_112617_135622516,0.3706859
20241107_112617_386106408,-0.70513725
20241107_112617_644016920,-0.8375972
20241107_112617_897968950,-0.17540108
20241107_112618_138848991,-0.15400514
20241107_112618_394122422,-0.22420658
20241107_112618_638727741,-0.25199184
20241107_112618_883528217,-0.29006958
20241107_112619_390803743,-0.2483318
20241107_112619_633812978,-0.42028365
20241107_112619_881759743,0.4476042
20241107_112620_136952245,0.4600372
20241107_112620_392220780,0.3518127
20241107_112620_638778651,0.1993951
20241107_112620_883556920,0.4030071
20241107_112621_131161448,0.34220132
20241107_112621_382338501,0.29685315
20241107_112621_631693818,0.30831546
20241107_112621_879048261,0.29556754
20241107_112622_127606197,-0.077975444
20241107_112622_387511119,-0.00884082
20241107_112622_638829249,0.05650861
20241107_112622_889462936,0.26851362
20241107_112623_133313662,0.16360421
20241107_112623_384625198,0.15456064
20241107_112623_626656395,0.15222903
20241107_112623_883295434,0.14821492
20241107_112624_134800203,0.13557242
20241107_112624_637000242,0.33808795
20241107_112624_898381517,0.2537262
20241107_112625_140217935,0.41604266
20241107_112625_399211925,0.2387922
20241107_112626_141096190,0.7007677
20241107_112626_396073675,-0.12980768
20241107_112626_642226510,0.67138124
20241107_112626_904486515,0.64630526
20241107_112627_138569993,2.1180184
20241107_112627_399077024,0.6533608
20241107_112627_646771869,0.89353937
20241107_112627_904900447,0.37526524
20241107_112628_142335136,0.29153517
20241107_112628_393221139,-0.688212
20241107_112628_642123151,-0.6534578
20241107_112628_890644423,-0.2507952
20241107_112629_140144452,-0.32926503
20241107_112629_407695504,-0.27250406
20241107_112629_883638648,-1.1403717
20241107_112630_135253890,-0.28628215
20241107_112630_393063335,0.7627548
20241107_112630_648369730,0.8417064
20241107_112630_896292045,0.42503828
20241107_112631_141874931,0.5028506
20241107_112631_392468025,0.22542082
20241107_112631_632931047,0.37604868
20241107_112631_892258809,0.38042867
20241107_112632_634047645,-0.88835764
20241107_112632_882825659,-0.44167337
20241107_112633_130662536,-0.24093471
20241107_112633_384200659,-0.119958125
20241107_112633_629954698,-0.13768096
20241107_112633_882264085,-0.71454763
20241107_112634_128810365,-0.3087361
20241107_112634_382459807,-0.3023291
20241107_112634_629761889,-0.27261654
20241107_112634_880650613,-1.3281293
20241107_112635_129436144,0.395649
20241107_112635_385858566,-0.106128536
20241107_112635_635872412,-0.11064655
20241107_112635_895190859,-0.2793963
20241107_112636_150111190,-2.2532783
20241107_112636_390194149,-2.539422
20241107_112636_637872954,-0.063349955
20241107_112636_885769793,0.23778783
20241107_112637_135721481,0.15998219
20241107_112637_388015706,0.124418475
20241107_112637_633735884,-0.49502355
20241107_112637_879839080,-0.45475984
20241107_112638_132062161,-0.21980579
20241107_112638_637961400,0.0865035
20241107_112638_883166803,0.09610371
20241107_112639_131049488,0.20153634
20241107_112639_386066995,0.111781634
20241107_112639_642254102,0.46203145
20241107_112639_899862183,-0.04280796
20241107_112640_145919334,-0.04580673
20241107_112640_397464433,-0.013968667
20241107_112640_642681739,-0.054382883
20241107_112640_890509406,0.13785766
20241107_112641_129780565,1.9002937
20241107_112641_389663433,0.26515293
20241107_112641_638932110,0.18076596
20241107_112641_886594133,0.25334394
20241107_112642_132746297,0.4712624
20241107_112642_381728119,0.4053397
20241107_112642_633074064,0.05697731
20241107_112642_884583864,0.17065476
20241107_112643_133070503,0.16745178
20241107_112643_383767558,0.2950637
20241107_112643_891067724,0.19645588
20241107_112644_384900935,0.22747801
20241107_112644_883690124,0.18035306
20241107_112645_143101173,0.18421535
20241107_112645_395886509,0.17650859
20241107_112645_641995400,0.6993531
20241107_112645_892181063,0.9808305
20241107_112646_136516718,1.310088
20241107_112646_384772639,-0.6348292
20241107_112646_634259071,0.13041422
20241107_112646_881789751,0.03705988
20241107_112647_128169482,0.08761092
20241107_112647_381162041,0.33313102
20241107_112647_627861356,0.35918117
20241107_112647_879863976,0.20974831
20241107_112648_135248889,0.12559454
20241107_112648_386619335,0.16424273
20241107_112648_640749746,0.33865345
20241107_112649_137835803,0.19948952
20241107_112649_398477581,-0.10323366
20241107_112649_638650394,-0.15676291
20241107_112649_890349004,-0.016632458
20241107_112650_133967939,-0.24585976
20241107_112650_391123939,-0.09025546
20241107_112650_630581286,0.26616213
20241107_112650_879460763,0.10807005
20241107_112651_135625541,0.052048303
20241107_112651_386410208,0.11802993
20241107_112651_886364319,0.035384484
20241107_112652_137337316,-0.11206385
20241107_112652_389831797,1.1574806
20241107_112652_639402222,0.8617819
20241107_112652_886842844,0.5317107
20241107_112653_131226815,0.61190456
20241107_112653_390066783,0.6330184
20241107_112653_641466340,0.96760565
20241107_112653_884522782,0.44784543
20241107_112654_129165476,0.53190845
20241107_112654_382545978,0.5099121
20241107_112654_632731366,0.4988155
20241107_112654_893697036,-0.1212896
20241107_112655_140758608,-0.09957617
20241107_112655_393294651,-0.046075992
20241107_112656_132409932,-0.21956028
20241107_112656_381991345,-0.073788576
20241107_112656_881195840,-0.09688639
20241107_112657_625960789,-0.028179755
20241107_112657_879202417,0.08948674
20241107_112658_126315646,0.047659017
20241107_112658_382043720,-0.009974411
20241107_112658_878150950,0.0076309536
20241107_112659_383400805,0.007920453
20241107_112659_877896106,0.562884
20241107_112700_129959865,0.19237663
20241107_112700_384474019,0.34285215
20241107_112700_638479483,-0.53613806
20241107_112700_885887086,-0.22991775
20241107_112701_145341509,-0.06559342
20241107_112701_400150351,0.4915702
20241107_112701_645082164,-0.87256145
20241107_112701_891435533,-0.78521967
20241107_112702_151662463,-0.41639763
20241107_112702_396445566,-0.12213883
20241107_112702_641794763,-0.47848314
20241107_112702_885937647,-0.9237824
20241107_112703_131975167,-0.70281804
20241107_112703_387350416,-0.90929466
20241107_112704_129594833,-0.791534
20241107_112704_383327469,0.22376458
20241107_112704_633539649,0.020709852
20241107_112704_882539278,-0.24837579
20241107_112705_141906046,-0.05367037
20241107_112705_389298425,-0.06160029
20241107_112705_635142315,0.18402848
20241107_112705_894066496,0.083112635
20241107_112706_140320155,0.19477133
20241107_112706_389414893,0.6103693
20241107_112706_633507097,0.3496652
20241107_112706_882739506,0.7792244
20241107_112707_135924035,-0.46598455
20241107_112707_408927097,1.5053625
20241107_112707_644949282,0.42037842
20241107_112707_890174419,0.36936513
20241107_112708_138934129,0.32015523
20241107_112708_383153281,0.35523334
20241107_112708_630304176,0.19103482
20241107_112708_880569039,0.3049389
20241107_112709_382200904,-0.09993788
20241107_112709_629789437,-0.17553629
20241107_112709_891431944,-0.1532367
20241107_112710_142863201,0.040931024
20241107_112710_384632526,0.022022346
20241107_112710_633534822,0.16552179
20241107_112710_886126631,0.12016813
20241107_112711_131662346,-0.3479992
20241107_112711_392822631,-0.21913512
20241107_112711_889323245,-0.1414413
20241107_112712_643044168,-0.02099236
20241107_112712_895092396,0.089148544
20241107_112713_139761024,0.13239565
20241107_112713_398031060,-0.02475538
20241107_112713_639530195,-0.0155356135
20241107_112714_133220682,-0.020977398
20241107_112714_394904800,-0.10558405
20241107_112714_638942399,-0.038120292
20241107_112714_892706720,-0.097506545
20241107_112715_138255574,-0.28792563
20241107_112715_388579734,-0.50828236
20241107_112715_637383112,-1.3876961
20241107_112715_896647323,-0.7533527
20241107_112716_142462917,0.03817445
20241107_112716_388182625,-0.89361984
20241107_112716_633316112,0.17282721
20241107_112716_885327983,0.27322763
20241107_112717_137487590,-0.7567491
20241107_112717_388546580,-0.58535206
20241107_112717_637509791,-0.47045696
20241107_112717_885296442,-0.5977227
20241107_112718_134896432,-0.91283625
20241107_112718_382865723,-0.4827591
20241107_112718_641148428,-0.56171817
20241107_112718_889562885,-0.5800902
20241107_112719_395129598,-0.23952219
20241107_112719_642108287,-0.30037147
20241107_112719_891979268,-0.7887002
20241107_112720_142941997,-0.59651023
20241107_112720_400763960,-0.6470147
20241107_112720_645282240,-0.69856566
20241107_112720_887372143,-0.79057527
20241107_112721_130713737,-0.8398028
20241107_112722_382412255,-0.494889
20241107_112722_634885654,0.83839035
20241107_112722_880149639,-0.17935587
20241107_112723_131374886,0.22425352
20241107_112723_381943037,0.22489022
20241107_112723_627546644,0.19132917
20241107_112724_627919380,0.19490282
20241107_112724_878310562,0.23221295
20241107_112725_384113313,0.22138707
20241107_112725_631190711,-0.3797249
20241107_112725_882476329,-0.12830321
20241107_112726_132594055,-0.18200417
20241107_112727_626031903,0.08578212
20241107_112727_878350419,0.2833829
20241107_112728_125761659,0.10395426
20241107_112728_381530576,0.09738491
20241107_112728_887466905,0.10156796
20241107_112729_136749715,-0.043038033
20241107_112729_411304998,1.3957336
20241107_112729_636887368,1.6755345
20241107_112729_888107470,0.94802064
20241107_112730_130921783,1.0659935
20241107_112730_383716969,1.0458713
20241107_112730_642356131,1.0564356
20241107_112730_883735210,1.0771738
20241107_112731_137865567,0.48729888
20241107_112731_401843743,0.19218612
20241107_112731_642756025,0.44365424
20241107_112731_896897264,0.320846
20241107_112732_136295092,-0.74445707
20241107_112732_396967845,-0.73825306
20241107_112732_634816465,-0.8388546
20241107_112732_885890690,-1.3630772
20241107_112733_137852991,-0.8851153
20241107_112733_386128453,-1.0935161
20241107_112733_631986914,-0.88856477
20241107_112733_885060774,-0.8369151
20241107_112734_883272708,-1.0448377
20241107_112735_142522939,-0.35117784
20241107_112735_392831202,-0.112379454
20241107_112735_637775145,-0.14357127
20241107_112735_893685978,-0.5154193
20241107_112736_135042737,0.27033487
20241107_112736_387277689,0.1867613
20241107_112736_629759984,0.0060666595
20241107_112736_882050577,-0.0882714
20241107_112737_129493006,-0.5693668
20241107_112737_390520994,-0.29940632
20241107_112737_629355127,-0.2121693
20241107_112738_126381056,-0.44767097
20241107_112738_376149201,-0.66436
20241107_112738_628547626,-0.4820892
20241107_112739_129731718,-0.46174452
20241107_112739_379692476,-0.3044704
20241107_112739_627438595,-0.3431647
20241107_112739_880222800,-0.28443107
20241107_112740_125060786,-0.3831612
20241107_112740_387105372,-0.26371822
20241107_112740_637338171,0.16664568
20241107_112740_888898275,0.26192912
20241107_112741_131365180,0.5191376
20241107_112741_381111090,1.0935707
20241107_112741_635801002,0.46367484
20241107_112741_885485227,0.42824486
20241107_112742_136436447,0.49394998
20241107_112742_387133978,0.5884968
20241107_112742_633292884,0.49853596
20241107_112743_395973941,0.5017494
20241107_112744_143514496,-0.2974482
20241107_112744_385143755,-0.1723016
20241107_112744_628902781,-0.08937677
20241107_112744_883518287,-0.031006059
20241107_112745_125682187,-0.06672122
20241107_112745_388076981,-0.033150516
20241107_112745_886050735,-0.4509643
20241107_112746_131622241,-0.17473309
20241107_112746_380810452,-0.11506262
20241107_112746_631763691,-0.12479892
20241107_112746_878152711,-0.11793437
20241107_112747_128456193,-0.09659364
20241107_112747_380256929,-0.11338117
20241107_112747_628677970,-0.3336774
20241107_112747_880330173,-0.16854621
20241107_112748_128328740,0.17479405
20241107_112748_387420089,-0.45474303
20241107_112748_642424625,-0.33012128
20241107_112748_892089962,-0.3719282
20241107_112749_634105534,-0.9581608
20241107_112749_884451344,-1.0123535
20241107_112750_137801221,-0.68683493
20241107_112750_880134341,-0.4615765
20241107_112751_128905951,-0.63427943
20241107_112751_381707824,-0.631778
20241107_112751_884344817,-0.52802247
20241107_112752_634060587,-0.5888127
20241107_112752_888072427,-0.4241172
20241107_112755_641790269,-0.4761133
20241107_112756_140355267,-0.71091956
20241107_112756_391633476,-0.49438763
20241107_112756_884013827,-0.44088122
20241107_112757_135791669,-0.47049397
20241107_112757_390742984,-2.0441988
20241107_112757_640385946,-0.7255511
20241107_112759_627957500,-0.4937568
20241107_112759_878807278,-0.45766017
20241107_112800_129839167,-1.1070427
20241107_112800_389706102,-0.4598303
20241107_112800_639536767,-0.53047705
20241107_112800_884061819,-0.276214
20241107_112801_132857142,-0.3413556
20241107_112801_389590054,-0.31844082
20241107_112801_634850976,-0.2702697
20241107_112801_883534841,-0.10976937
20241107_112803_136136057,-0.21428947
20241107_112803_390641787,-0.07458961
20241107_112803_631291930,-0.061268233
20241107_112803_880241392,-0.118280105
20241107_112804_126694970,0.08175364
20241107_112805_127073948,-0.028015574
20241107_112805_393692691,0.0025169645
20241107_112805_646273461,-0.039989613
20241107_112806_145364259,-0.02373012
20241107_112806_393414051,-0.036791228
20241107_112808_878495854,-0.022518298
20241107_112809_131414902,-0.008111259
20241107_112809_387494064,0.033137
20241107_112810_889356302,-0.03560575
20241107_112811_143904073,-0.43791375
20241107_112811_388239724,-0.13622376
20241107_112811_636297343,-0.17182563
20241107_112811_884636154,-0.11779746
20241107_112812_385764764,-0.15815882
20241107_112812_627912292,-0.14543684
20241107_112813_140159573,-0.6624664
20241107_112813_400139004,0.7204392
20241107_112813_643206099,0.091489114
20241107_112813_904030999,-0.024839064
20241107_112814_143469664,-0.08999773
20241107_112814_386899359,-0.051273726
20241107_112814_632977404,-0.1569915
20241107_112815_130988322,-0.050321065
20241107_112815_380851634,-0.7901363
20241107_112815_632465467,-0.7568099
20241107_112815_880402952,-0.3475007
20241107_112816_133948486,0.13716637
20241107_112816_383124505,0.0985873
20241107_112816_886274606,0.0018887129
20241107_112817_432053411,0.5829814
20241107_112817_638083452,0.14586213
20241107_112817_881428917,0.24729793
20241107_112818_136220601,0.2969201
20241107_112818_403902841,0.3642191
20241107_112818_635530009,0.23209278
20241107_112818_885277292,0.19906853
20241107_112819_132653864,0.2254328
20241107_112819_424467778,0.23187236
20241107_112819_659212576,0.21139388
20241107_112819_900587686,0.23105015
20241107_112820_142247894,0.1869062
20241107_112821_124995301,0.15134566
20241107_112821_373790329,0.1835954
20241107_112821_627051634,0.13131748
20241107_112821_878551983,0.3230962
20241107_112822_131540308,0.24449782
20241107_112822_413444242,0.19972025
20241107_112822_674995831,0.23232253
20241107_112822_897362522,0.15888076
20241107_112823_640548981,0.16856228
20241107_112824_134626470,0.32850122
20241107_112824_390274502,0.1810702
20241107_112824_650348396,0.23528059
20241107_112824_893214032,1.6493788
20241107_112825_135558620,-0.455906
20241107_112825_396805949,0.6258615
20241107_112825_634218152,0.50829506
20241107_112825_886365322,0.49279866
20241107_112826_133280527,0.2686239
20241107_112826_385197869,1.1198006
20241107_112826_633183838,0.40751326
20241107_112826_879873108,0.46919385
20241107_112827_132340202,0.38483095
20241107_112827_389030171,0.9517868
20241107_112827_633839659,0.813655
20241107_112828_128566653,0.5419457
20241107_112828_647391446,-3.399017
20241107_112828_900364211,-3.2014685
20241107_112829_146740840,0.25975767
20241107_112829_418323427,0.16600601
20241107_112829_648805227,-0.74614936
20241107_112829_903388247,0.66933364
20241107_112830_145378984,1.3545798
20241107_112830_423602429,0.80650985
20241107_112830_645493028,0.39126033
20241107_112830_896786636,1.5694408
20241107_112831_143438494,-0.901054
20241107_112831_421145676,-0.4685065
20241107_112831_645833163,0.80666167
20241107_112831_877494800,0.86448884
20241107_112832_129648711,0.7651861
20241107_112832_880804628,0.90387297
20241107_112833_375994101,0.7503306
20241107_112833_630769392,0.0137266535
20241107_112833_878563129,0.09699614
20241107_112834_127484291,0.10792721
20241107_112834_402267683,-0.67037153
20241107_112834_644632130,-0.68938285
20241107_112834_887627708,-0.4865958
20241107_112835_131597587,-0.83965486
20241107_112835_379755702,-1.0171676
20241107_112835_627679753,-0.778493
20241107_112835_886048437,-0.9220476
20241107_112836_143272880,0.6814194
20241107_112836_394884547,-0.19531061
20241107_112836_633190979,0.01319609
20241107_112836_882471820,0.030941406
20241107_112837_621509855,0.50440496
20241107_112837_876637862,0.74971545
20241107_112838_129877750,1.083849
20241107_112838_623361109,0.8544759
20241107_112838_875998136,0.6645415
20241107_112839_125786531,0.5454892
20241107_112839_375135539,0.2397268
20241107_112839_630553849,0.17814551
20241107_112839_881667796,-0.13268276
20241107_112840_135879536,-0.36062747
20241107_112840_384924333,-0.12589385
20241107_112840_883993858,-0.13865612
20241107_112841_128584287,0.26944473
20241107_112841_392839085,0.17256664
20241107_112841_630205491,0.08287323
20241107_112842_123376417,0.107274
20241107_112843_124872859,-0.0040157046
20241107_112843_375578206,-0.24205984
20241107_112843_621735760,-0.03371235
20241107_112844_131368993,-0.050601445
20241107_112844_629471564,0.04034982
20241107_112844_879295820,0.050124206
20241107_112845_879603825,-0.0032034721
20241107_112846_625014311,0.052657463
20241107_112846_878879434,0.060758688
20241107_112847_877592554,0.06201104
20241107_112849_377407438,0.3260438
20241107_112849_627791495,0.24918382
20241107_112850_129691816,0.036061563
20241107_112850_379778474,-0.016028246
20241107_112850_628969405,0.03618423
20241107_112850_877569433,0.083031155
20241107_112852_129584773,0.092892565
20241107_112852_382038860,1.0405596
20241107_112852_631342376,0.40231034
20241107_112852_875726146,0.75692815
20241107_112853_123761304,0.65272766
20241107_112854_123716354,0.5969513
20241107_112854_374976457,0.26977822
20241107_112854_625147788,-0.00981017
20241107_112854_886971809,0.09983549
20241107_112855_129007094,0.15462159
20241107_112855_383818369,0.37258324
20241107_112855_624072865,0.49547413
20241107_112856_125882473,0.13165013
20241107_112856_378245201,0.39181206
20241107_112856_875787591,0.56404793
20241107_112857_122684322,0.43888173
20241107_112857_379768929,0.32273325
20241107_112857_626632420,0.2725513
20241107_112857_875433651,0.1898221
20241107_112858_124422672,0.046223886
20241107_112858_373291887,0.06881989
20241107_112859_127075046,-0.029306969
20241107_112859_380845447,-0.039212517
20241107_112859_632164103,-0.49210197
20241107_112859_892114667,-0.18562989
20241107_112900_150993441,-0.21651794
20241107_112900_399036119,-0.11520388
20241107_112900_922672904,-0.08935209
20241107_112901_196653899,0.0017289314
20241107_112901_421056006,0.26462927
20241107_112901_642824923,0.09893689
20241107_112901_885493791,0.09301514
20241107_112902_135002571,0.49420413
20241107_112902_391417148,0.28153795
20241107_112902_634803904,1.1926256
20241107_112902_881446776,-0.002990147
20241107_112903_132633229,0.021866227
20241107_112903_387211255,0.10205544
20241107_112903_639307384,0.040338613
20241107_112903_883318625,0.1650614
20241107_112904_148634019,0.117234744
20241107_112904_382103387,0.07937936
20241107_112904_625975088,0.053125896
20241107_112905_894980794,0.054089643
20241107_112906_888476556,0.017805973
20241107_112907_129967702,-0.58181626
20241107_112907_385383123,-0.62376696
20241107_112907_641475836,-0.3601873
20241107_112907_880266945,-0.116181605
20241107_112908_125544494,0.013142744
20241107_112908_627953029,-0.03286024
20241107_112908_874914461,-0.10783907
20241107_112909_124567988,-0.11937501
20241107_112909_387841934,-0.13717557
20241107_112909_629883259,-0.18552352
20241107_112909_889628867,-0.7022969
20241107_112910_127192993,-1.6738948
20241107_112910_383583082,-1.5718318
20241107_112910_631504024,-0.5629879
20241107_112910_884313755,-2.2784753
20241107_112911_134454383,-1.0286299
20241107_112911_387401558,0.13942312
20241107_112911_630735879,0.15778314
20241107_112911_883111774,0.4473327
20241107_112912_139656396,0.28771085
20241107_112912_381817243,0.33061054
20241107_112912_626649475,-0.0062630977
20241107_112912_878873183,-0.09294879
20241107_112913_127360518,-0.05776166
20241107_112913_378160845,-0.117357336
20241107_112913_639493902,-0.19945617
20241107_112913_890561324,-0.24194212
20241107_112914_128582912,-0.24895467
20241107_112914_378354110,-0.2003292
20241107_112914_631765901,-0.20341687
20241107_112914_886477400,-0.3164436
20241107_112915_131338662,-0.6331063
20241107_112915_381198344,-0.9977593
20241107_112915_629770436,0.14646333
20241107_112915_878131195,-0.035180174
20241107_112916_135160809,-0.05410441
20241107_112916_387683803,-0.04341974
20241107_112916_629772173,-0.18875326
20241107_112916_882056564,-0.23719354
20241107_112917_131152325,-0.4604921
20241107_112917_383556329,-2.0323355
20241107_112917_635518730,-0.7806843
20241107_112917_887854769,-0.7615935
20241107_112918_132043152,-0.7271117
20241107_112918_384406480,-0.8434433
20241107_112918_628499798,-0.6230531
20241107_112918_880485889,-0.8799821
20241107_112919_383366193,-0.70388067
20241107_112919_630801561,-0.75729996
20241107_112919_882823346,-0.85346544
20241107_112920_128619611,-0.75219184
20241107_112920_384350578,-1.0159848
20241107_112920_623747471,0.6224374
20241107_112920_881119284,0.11975191
20241107_112921_129575058,-0.121720515
20241107_112921_376558490,-0.052294068
20241107_112921_626913038,0.0020830128
20241107_112921_879473927,0.024851153
20241107_112922_126582660,-1.0035983
20241107_112922_377273825,-0.44072077
20241107_112922_624196300,-0.30133712
20241107_112922_876353923,-0.94149387
20241107_112923_129285709,-1.1076185
20241107_112923_389609721,-0.79093444
20241107_112923_624275774,0.006196717
20241107_112923_877679844,0.055426516
20241107_112924_130572521,-0.27903584
20241107_112924_387527970,-1.2484999
20241107_112924_628526438,-0.02199187
20241107_112924_882850040,0.0063998494
20241107_112925_131142845,-0.015948376
20241107_112925_383256871,-0.07620027
20241107_112925_629297070,-0.10096606
20241107_112925_879876416,-1.0883259
20241107_112926_128852082,-0.001885971
20241107_112926_376594680,0.029376546
20241107_112926_626442254,0.0043040905
20241107_112926_876618240,-0.052944683
20241107_112927_125699824,-0.07554402
20241107_112927_378081673,-0.08489033
20241107_112927_628380019,-0.09131964
20241107_112927_880505407,-0.09959074
20241107_112928_628952281,-0.091329716
20241107_112928_886583254,0.18039106
20241107_112929_157123366,-0.38460565
20241107_112929_425374009,-0.14390422
20241107_112929_635813125,0.053366102
20241107_112929_887166844,0.24389766
20241107_112930_133487002,0.08511428
20241107_112930_391142722,0.10209385
20241107_112930_632867291,0.011971394
20241107_112930_890004912,-0.1381485
20241107_112931_161422901,-0.021852573
20241107_112931_452209336,-0.008150598
20241107_112931_687327264,0.0065674577
20241107_112931_895252253,-0.1885875
20241107_112932_135148126,-0.0003030505
20241107_112932_388877263,0.12210218
20241107_112932_637219563,0.051090397
20241107_112932_883992254,0.08322392
20241107_112933_139946831,0.089642026
20241107_112933_438768884,0.06118939
20241107_112933_654831404,0.072021045
20241107_112933_883595320,0.06149397
20241107_112934_132622553,0.053751327
20241107_112934_383780420,-0.04485955
20241107_112934_628725267,0.46351835
20241107_112934_880524703,0.014090518
20241107_112935_125548930,0.07808486
20241107_112935_378984812,-0.08079832
20241107_112935_627534343,-0.11796763
20241107_112935_879835833,-0.20437093
20241107_112936_133822471,-1.2999312
20241107_112936_380166978,1.2717452
20241107_112936_631922727,1.5506247
20241107_112936_880523943,1.0832963
20241107_112937_126013741,0.98075575
20241107_112937_375416598,0.79462236
20241107_112937_624315441,0.8858423
20241107_112937_878807307,0.7595516
20241107_112938_125807727,0.6128736
20241107_112938_379475621,0.7784062
20241107_112938_625147788,0.7147493
20241107_112939_130063227,0.7154372
20241107_112939_388386807,1.0530928
20241107_112939_630666669,0.9257359
20241107_112939_880063164,0.74713475
20241107_112940_131308864,0.16231413
20241107_112940_386598512,2.4078727
20241107_112940_633243510,-0.11363711
20241107_112940_884314536,1.0475858
20241107_112941_180222349,1.9846236
20241107_112941_392711287,2.0576982
20241107_112941_627522761,0.26792404
20241107_112941_882194677,-1.3479016
20241107_112942_154475890,-0.0018254127
20241107_112942_388427505,-0.78546554
20241107_112942_627438019,-0.09758447
20241107_112942_883283177,-0.17751975
20241107_112943_123723967,-0.017196616
20241107_112943_375777850,-0.088804066
20241107_112943_626262360,-0.052472316
20241107_112944_124333738,0.13487072
20241107_112944_379198068,0.81316155
20241107_112944_627125760,0.48772505
20241107_112944_879115126,-0.21338376
20241107_112945_139717877,-0.7492859
20241107_112945_385875134,0.049975015
20241107_112945_628975952,0.17924449
20241107_112945_883198317,0.36427358
20241107_112946_143993290,0.09198413
20241107_112946_383001673,0.11019663
20241107_112946_623789186,0.059572496
20241107_112946_877216008,0.15407799
20241107_112947_128073130,0.2584225
20241107_112947_382040680,0.11083124
20241107_112947_626848087,0.1770321
20241107_112947_878707773,-0.12889637
20241107_112948_137309604,0.114327826
20241107_112948_377896105,-0.2676471
20241107_112948_625448500,-0.37682545
20241107_112948_876687041,-0.15531798
20241107_112949_138635197,-0.02255268
20241107_112949_377887629,-0.011623391
20241107_112949_626488991,-1.2354442
20241107_112949_874989178,0.75803196
20241107_112950_132677310,-0.59101427
20241107_112950_386953934,-0.2237153
20241107_112950_879643216,0.48149773
20241107_112951_147160674,0.5498634
20241107_112951_383210089,0.61619335
20241107_112951_881639859,0.57883745
20241107_112952_144187713,1.076887
20241107_112952_383353432,1.0777074
20241107_112952_628840552,0.063549615
20241107_112952_880692025,0.8313921
20241107_112953_145990590,-1.5305442
20241107_112953_378609349,0.6975187
20241107_112953_623055992,0.9868497
20241107_112953_876484949,0.7802043
20241107_112954_153564697,0.87495583
20241107_112954_387338838,-0.0984817
20241107_112954_629269610,-0.33848023
20241107_112954_880900848,0.07842312
20241107_112955_152995177,-0.37907028
20241107_112955_387200461,-0.5684033
20241107_112955_629458361,1.1674755
20241107_112955_878923965,0.43205565
20241107_112956_139354492,0.26873302
20241107_112956_383985163,-0.84415
20241107_112956_627071065,0.1032935
20241107_112956_878120876,-1.773453
20241107_112957_136561593,-0.09015233
20241107_112957_378315666,-0.12555397
20241107_112957_624433203,0.13536504
20241107_112957_872766184,0.17923473
20241107_112958_121465676,-0.06735974
20241107_112958_376822324,-0.109994315
20241107_112958_624430091,-0.04311528
20241107_112958_879187915,0.18418878
